<?xml version="1.0" encoding="UTF-8"?>
<gpx xmlns="http://www.topografix.com/GPX/1/1" xmlns:gpxtpx="http://www.garmin.com/xmlschemas/TrackPointExtension/v1" xmlns:xsi="http://www.w3.org/2001/XMLSchema-instance" xsi:schemaLocation="http://www.topografix.com/GPX/1/1 http://www.topografix.com/GPX/1/1/gpx.xsd" version="1.1" creator="gpx.py -- https://github.com/tkrajina/gpxpy">
  <trk>
    <name>gpx from codoon</name>
    <type>Run</type>
    <trkseg>
      <trkpt lat="39.79165478267119" lon="116.48062428012139">
        <ele>30.7</ele>
        <time>2022-04-07T11:27:38Z</time>
      </trkpt>
      <trkpt lat="39.7916523278391" lon="116.48062459773958">
        <ele>30.7</ele>
        <time>2022-04-07T11:27:39Z</time>
      </trkpt>
      <trkpt lat="39.791657822977285" lon="116.48062675882929">
        <ele>30.7</ele>
        <time>2022-04-07T11:27:40Z</time>
      </trkpt>
      <trkpt lat="39.791648876709345" lon="116.48063304726335">
        <ele>30.8</ele>
        <time>2022-04-07T11:27:41Z</time>
      </trkpt>
      <trkpt lat="39.79164339581" lon="116.48064381274166">
        <ele>30.8</ele>
        <time>2022-04-07T11:27:42Z</time>
      </trkpt>
      <trkpt lat="39.79162256402811" lon="116.48064331890497">
        <ele>30.8</ele>
        <time>2022-04-07T11:27:43Z</time>
      </trkpt>
      <trkpt lat="39.79161336201672" lon="116.48064567043497">
        <ele>30.8</ele>
        <time>2022-04-07T11:27:44Z</time>
      </trkpt>
      <trkpt lat="39.79160346763651" lon="116.48064764361607">
        <ele>30.8</ele>
        <time>2022-04-07T11:27:45Z</time>
      </trkpt>
      <trkpt lat="39.79159240378905" lon="116.48064865903243">
        <ele>30.8</ele>
        <time>2022-04-07T11:27:46Z</time>
      </trkpt>
      <trkpt lat="39.79158133277796" lon="116.48064949619052">
        <ele>30.8</ele>
        <time>2022-04-07T11:27:47Z</time>
      </trkpt>
      <trkpt lat="39.79156401394875" lon="116.48065261869327">
        <ele>30.8</ele>
        <time>2022-04-07T11:27:48Z</time>
      </trkpt>
      <trkpt lat="39.79155356054461" lon="116.48065014694895">
        <ele>30.8</ele>
        <time>2022-04-07T11:27:49Z</time>
      </trkpt>
      <trkpt lat="39.79154348965472" lon="116.48064630272873">
        <ele>30.8</ele>
        <time>2022-04-07T11:27:50Z</time>
      </trkpt>
      <trkpt lat="39.79153612065342" lon="116.4806379284071">
        <ele>30.9</ele>
        <time>2022-04-07T11:27:51Z</time>
      </trkpt>
      <trkpt lat="39.79152709558604" lon="116.48064225600137">
        <ele>30.9</ele>
        <time>2022-04-07T11:27:52Z</time>
      </trkpt>
      <trkpt lat="39.79140506995688" lon="116.48067944174916">
        <ele>30.9</ele>
        <time>2022-04-07T11:28:02Z</time>
      </trkpt>
      <trkpt lat="39.791395339024724" lon="116.48067880848494">
        <ele>30.9</ele>
        <time>2022-04-07T11:28:03Z</time>
      </trkpt>
      <trkpt lat="39.791380956187616" lon="116.48068011192936">
        <ele>30.9</ele>
        <time>2022-04-07T11:28:04Z</time>
      </trkpt>
      <trkpt lat="39.791366450799124" lon="116.48068811913357">
        <ele>30.9</ele>
        <time>2022-04-07T11:28:05Z</time>
      </trkpt>
      <trkpt lat="39.79134611737248" lon="116.48069392027416">
        <ele>30.9</ele>
        <time>2022-04-07T11:28:06Z</time>
      </trkpt>
      <trkpt lat="39.79131315060894" lon="116.48070115881904">
        <ele>30.9</ele>
        <time>2022-04-07T11:28:07Z</time>
      </trkpt>
      <trkpt lat="39.791291188714474" lon="116.4807065892049">
        <ele>30.9</ele>
        <time>2022-04-07T11:28:08Z</time>
      </trkpt>
      <trkpt lat="39.79126781677317" lon="116.4807126750794">
        <ele>30.9</ele>
        <time>2022-04-07T11:28:09Z</time>
      </trkpt>
      <trkpt lat="39.79124364635965" lon="116.48071923254923">
        <ele>30.9</ele>
        <time>2022-04-07T11:28:10Z</time>
      </trkpt>
      <trkpt lat="39.79121852677636" lon="116.48072580921283">
        <ele>31</ele>
        <time>2022-04-07T11:28:11Z</time>
      </trkpt>
      <trkpt lat="39.79119321122225" lon="116.48073273352551">
        <ele>31</ele>
        <time>2022-04-07T11:28:12Z</time>
      </trkpt>
      <trkpt lat="39.79116776100729" lon="116.48074036626424">
        <ele>31</ele>
        <time>2022-04-07T11:28:13Z</time>
      </trkpt>
      <trkpt lat="39.7911427868409" lon="116.48074872799825">
        <ele>31</ele>
        <time>2022-04-07T11:28:14Z</time>
      </trkpt>
      <trkpt lat="39.79111814805639" lon="116.48075819045211">
        <ele>31</ele>
        <time>2022-04-07T11:28:15Z</time>
      </trkpt>
      <trkpt lat="39.79109412602713" lon="116.48076885374259">
        <ele>31</ele>
        <time>2022-04-07T11:28:16Z</time>
      </trkpt>
      <trkpt lat="39.79107089794847" lon="116.48078092817039">
        <ele>31</ele>
        <time>2022-04-07T11:28:17Z</time>
      </trkpt>
      <trkpt lat="39.7910484960597" lon="116.48079443371101">
        <ele>31</ele>
        <time>2022-04-07T11:28:18Z</time>
      </trkpt>
      <trkpt lat="39.791027261264205" lon="116.48080933568929">
        <ele>31</ele>
        <time>2022-04-07T11:28:19Z</time>
      </trkpt>
      <trkpt lat="39.79100685123247" lon="116.48082602120708">
        <ele>31</ele>
        <time>2022-04-07T11:28:20Z</time>
      </trkpt>
      <trkpt lat="39.790987267169335" lon="116.48084443186738">
        <ele>31.1</ele>
        <time>2022-04-07T11:28:21Z</time>
      </trkpt>
      <trkpt lat="39.79096864728784" lon="116.4808647253884">
        <ele>31.1</ele>
        <time>2022-04-07T11:28:22Z</time>
      </trkpt>
      <trkpt lat="39.79095086284965" lon="116.48088657863798">
        <ele>31.1</ele>
        <time>2022-04-07T11:28:23Z</time>
      </trkpt>
      <trkpt lat="39.790934185466305" lon="116.48091008520173">
        <ele>31.1</ele>
        <time>2022-04-07T11:28:24Z</time>
      </trkpt>
      <trkpt lat="39.79091859136014" lon="116.48093496695274">
        <ele>31.1</ele>
        <time>2022-04-07T11:28:25Z</time>
      </trkpt>
      <trkpt lat="39.79090421548049" lon="116.48096111012597">
        <ele>31.1</ele>
        <time>2022-04-07T11:28:26Z</time>
      </trkpt>
      <trkpt lat="39.79089103919569" lon="116.48098827992315">
        <ele>31.1</ele>
        <time>2022-04-07T11:28:27Z</time>
      </trkpt>
      <trkpt lat="39.790879254176524" lon="116.48101646865717">
        <ele>31.1</ele>
        <time>2022-04-07T11:28:28Z</time>
      </trkpt>
      <trkpt lat="39.790868801937904" lon="116.48104548392799">
        <ele>31.1</ele>
        <time>2022-04-07T11:28:29Z</time>
      </trkpt>
      <trkpt lat="39.79085962817016" lon="116.48107516182478">
        <ele>31.1</ele>
        <time>2022-04-07T11:28:30Z</time>
      </trkpt>
      <trkpt lat="39.79085190517608" lon="116.48110545828457">
        <ele>31.1</ele>
        <time>2022-04-07T11:28:31Z</time>
      </trkpt>
      <trkpt lat="39.79084555728328" lon="116.48113621045401">
        <ele>31.1</ele>
        <time>2022-04-07T11:28:32Z</time>
      </trkpt>
      <trkpt lat="39.79084078725105" lon="116.48116724419037">
        <ele>31.1</ele>
        <time>2022-04-07T11:28:33Z</time>
      </trkpt>
      <trkpt lat="39.790837660528" lon="116.48119851290639">
        <ele>31.1</ele>
        <time>2022-04-07T11:28:34Z</time>
      </trkpt>
      <trkpt lat="39.79083615491711" lon="116.48122942320433">
        <ele>31.1</ele>
        <time>2022-04-07T11:28:35Z</time>
      </trkpt>
      <trkpt lat="39.79083629376611" lon="116.48126030791337">
        <ele>31.1</ele>
        <time>2022-04-07T11:28:36Z</time>
      </trkpt>
      <trkpt lat="39.7908380977467" lon="116.48129067649022">
        <ele>31.1</ele>
        <time>2022-04-07T11:28:37Z</time>
      </trkpt>
      <trkpt lat="39.79084154588274" lon="116.48132084170621">
        <ele>31.1</ele>
        <time>2022-04-07T11:28:38Z</time>
      </trkpt>
      <trkpt lat="39.79084653258288" lon="116.48135023661354">
        <ele>31.1</ele>
        <time>2022-04-07T11:28:39Z</time>
      </trkpt>
      <trkpt lat="39.7908531154132" lon="116.4813792012157">
        <ele>31.1</ele>
        <time>2022-04-07T11:28:40Z</time>
      </trkpt>
      <trkpt lat="39.79086113688371" lon="116.4814076275725">
        <ele>31.3</ele>
        <time>2022-04-07T11:28:41Z</time>
      </trkpt>
      <trkpt lat="39.79087069967983" lon="116.48143535275992">
        <ele>31.3</ele>
        <time>2022-04-07T11:28:42Z</time>
      </trkpt>
      <trkpt lat="39.79088168665169" lon="116.48146260976314">
        <ele>31.3</ele>
        <time>2022-04-07T11:28:43Z</time>
      </trkpt>
      <trkpt lat="39.79089376930289" lon="116.48148883623105">
        <ele>31.3</ele>
        <time>2022-04-07T11:28:44Z</time>
      </trkpt>
      <trkpt lat="39.79090678833214" lon="116.48151428250343">
        <ele>31.3</ele>
        <time>2022-04-07T11:28:45Z</time>
      </trkpt>
      <trkpt lat="39.79092058878723" lon="116.48153873250506">
        <ele>31.3</ele>
        <time>2022-04-07T11:28:46Z</time>
      </trkpt>
      <trkpt lat="39.790934930432606" lon="116.48156192915782">
        <ele>31.3</ele>
        <time>2022-04-07T11:28:47Z</time>
      </trkpt>
      <trkpt lat="39.79095000772481" lon="116.48158429913103">
        <ele>31.3</ele>
        <time>2022-04-07T11:28:48Z</time>
      </trkpt>
      <trkpt lat="39.79096555167265" lon="116.48160550699905">
        <ele>31.3</ele>
        <time>2022-04-07T11:28:49Z</time>
      </trkpt>
      <trkpt lat="39.79098181600864" lon="116.48162587391647">
        <ele>31.3</ele>
        <time>2022-04-07T11:28:50Z</time>
      </trkpt>
      <trkpt lat="39.79099850487732" lon="116.4816449848004">
        <ele>31.5</ele>
        <time>2022-04-07T11:28:51Z</time>
      </trkpt>
      <trkpt lat="39.79101594681304" lon="116.48166298255238">
        <ele>31.5</ele>
        <time>2022-04-07T11:28:52Z</time>
      </trkpt>
      <trkpt lat="39.79103384263103" lon="116.48167934060083">
        <ele>31.5</ele>
        <time>2022-04-07T11:28:53Z</time>
      </trkpt>
      <trkpt lat="39.79105245133076" lon="116.4816938723497">
        <ele>31.5</ele>
        <time>2022-04-07T11:28:54Z</time>
      </trkpt>
      <trkpt lat="39.79107178952339" lon="116.4817068138174">
        <ele>31.5</ele>
        <time>2022-04-07T11:28:55Z</time>
      </trkpt>
      <trkpt lat="39.79109208166374" lon="116.48171806984793">
        <ele>31.5</ele>
        <time>2022-04-07T11:28:56Z</time>
      </trkpt>
      <trkpt lat="39.791113186689415" lon="116.48172792816631">
        <ele>31.5</ele>
        <time>2022-04-07T11:28:57Z</time>
      </trkpt>
      <trkpt lat="39.79113528951269" lon="116.48173639899534">
        <ele>31.5</ele>
        <time>2022-04-07T11:28:58Z</time>
      </trkpt>
      <trkpt lat="39.79115793706299" lon="116.48174331061983">
        <ele>31.5</ele>
        <time>2022-04-07T11:28:59Z</time>
      </trkpt>
      <trkpt lat="39.79118138326393" lon="116.48174865793351">
        <ele>31.5</ele>
        <time>2022-04-07T11:29:00Z</time>
      </trkpt>
      <trkpt lat="39.791205181730284" lon="116.48175230335839">
        <ele>31.2</ele>
        <time>2022-04-07T11:29:01Z</time>
      </trkpt>
      <trkpt lat="39.79122928595958" lon="116.4817544648199">
        <ele>31.2</ele>
        <time>2022-04-07T11:29:02Z</time>
      </trkpt>
      <trkpt lat="39.79125364176041" lon="116.48175512494667">
        <ele>31.2</ele>
        <time>2022-04-07T11:29:03Z</time>
      </trkpt>
      <trkpt lat="39.79127817233185" lon="116.48175463799205">
        <ele>31.2</ele>
        <time>2022-04-07T11:29:04Z</time>
      </trkpt>
      <trkpt lat="39.79130281250441" lon="116.48175311637196">
        <ele>31.2</ele>
        <time>2022-04-07T11:29:05Z</time>
      </trkpt>
      <trkpt lat="39.79132751115803" lon="116.48175081650935">
        <ele>31.2</ele>
        <time>2022-04-07T11:29:06Z</time>
      </trkpt>
      <trkpt lat="39.79135222103122" lon="116.48174782477952">
        <ele>31.2</ele>
        <time>2022-04-07T11:29:07Z</time>
      </trkpt>
      <trkpt lat="39.7913769092467" lon="116.48174438978018">
        <ele>31.2</ele>
        <time>2022-04-07T11:29:08Z</time>
      </trkpt>
      <trkpt lat="39.79140155352464" lon="116.48174056817751">
        <ele>31.2</ele>
        <time>2022-04-07T11:29:09Z</time>
      </trkpt>
      <trkpt lat="39.79142614312169" lon="116.48173641457079">
        <ele>31.2</ele>
        <time>2022-04-07T11:29:10Z</time>
      </trkpt>
      <trkpt lat="39.79145066756814" lon="116.48173208146781">
        <ele>31.1</ele>
        <time>2022-04-07T11:29:11Z</time>
      </trkpt>
      <trkpt lat="39.79147499913427" lon="116.48172694714052">
        <ele>31.1</ele>
        <time>2022-04-07T11:29:12Z</time>
      </trkpt>
      <trkpt lat="39.79149953529701" lon="116.4817217555148">
        <ele>31.1</ele>
        <time>2022-04-07T11:29:13Z</time>
      </trkpt>
      <trkpt lat="39.7915238018906" lon="116.48171668449517">
        <ele>31.1</ele>
        <time>2022-04-07T11:29:14Z</time>
      </trkpt>
      <trkpt lat="39.79154808809506" lon="116.48171175773403">
        <ele>31.1</ele>
        <time>2022-04-07T11:29:15Z</time>
      </trkpt>
      <trkpt lat="39.79157203922326" lon="116.48170707442004">
        <ele>31.1</ele>
        <time>2022-04-07T11:29:16Z</time>
      </trkpt>
      <trkpt lat="39.79159558161713" lon="116.48170362456918">
        <ele>31.1</ele>
        <time>2022-04-07T11:29:17Z</time>
      </trkpt>
      <trkpt lat="39.79161881927678" lon="116.48170029751608">
        <ele>31.1</ele>
        <time>2022-04-07T11:29:18Z</time>
      </trkpt>
      <trkpt lat="39.79164180739081" lon="116.48169702342487">
        <ele>31.1</ele>
        <time>2022-04-07T11:29:19Z</time>
      </trkpt>
      <trkpt lat="39.79166462194277" lon="116.48169371858408">
        <ele>31.1</ele>
        <time>2022-04-07T11:29:20Z</time>
      </trkpt>
      <trkpt lat="39.79168728534174" lon="116.48169032072467">
        <ele>31</ele>
        <time>2022-04-07T11:29:21Z</time>
      </trkpt>
      <trkpt lat="39.79170979457729" lon="116.48168672330232">
        <ele>31</ele>
        <time>2022-04-07T11:29:22Z</time>
      </trkpt>
      <trkpt lat="39.791732266794256" lon="116.48168358481884">
        <ele>31</ele>
        <time>2022-04-07T11:29:23Z</time>
      </trkpt>
      <trkpt lat="39.79175462305047" lon="116.48168006166036">
        <ele>31</ele>
        <time>2022-04-07T11:29:24Z</time>
      </trkpt>
      <trkpt lat="39.79177693993154" lon="116.48167612914513">
        <ele>31</ele>
        <time>2022-04-07T11:29:25Z</time>
      </trkpt>
      <trkpt lat="39.791799304471525" lon="116.48167166375448">
        <ele>31</ele>
        <time>2022-04-07T11:29:26Z</time>
      </trkpt>
      <trkpt lat="39.791821741936594" lon="116.48166669721621">
        <ele>31</ele>
        <time>2022-04-07T11:29:27Z</time>
      </trkpt>
      <trkpt lat="39.791844513203195" lon="116.48166031726542">
        <ele>31</ele>
        <time>2022-04-07T11:29:28Z</time>
      </trkpt>
      <trkpt lat="39.791867522280306" lon="116.48165357303984">
        <ele>31</ele>
        <time>2022-04-07T11:29:29Z</time>
      </trkpt>
      <trkpt lat="39.79189072958807" lon="116.481646456567">
        <ele>31</ele>
        <time>2022-04-07T11:29:30Z</time>
      </trkpt>
      <trkpt lat="39.79191405892419" lon="116.4816389820061">
        <ele>31.1</ele>
        <time>2022-04-07T11:29:31Z</time>
      </trkpt>
      <trkpt lat="39.79193748957035" lon="116.4816312014936">
        <ele>31.1</ele>
        <time>2022-04-07T11:29:32Z</time>
      </trkpt>
      <trkpt lat="39.79196088977236" lon="116.48162298701676">
        <ele>31.1</ele>
        <time>2022-04-07T11:29:33Z</time>
      </trkpt>
      <trkpt lat="39.79198430663832" lon="116.4816145424212">
        <ele>31.1</ele>
        <time>2022-04-07T11:29:34Z</time>
      </trkpt>
      <trkpt lat="39.79200773476986" lon="116.48160595872015">
        <ele>31.1</ele>
        <time>2022-04-07T11:29:35Z</time>
      </trkpt>
      <trkpt lat="39.79203113916027" lon="116.4815971559324">
        <ele>31.1</ele>
        <time>2022-04-07T11:29:36Z</time>
      </trkpt>
      <trkpt lat="39.79205456366814" lon="116.48158829200717">
        <ele>31.1</ele>
        <time>2022-04-07T11:29:37Z</time>
      </trkpt>
      <trkpt lat="39.79207798372646" lon="116.48157927993589">
        <ele>31.1</ele>
        <time>2022-04-07T11:29:38Z</time>
      </trkpt>
      <trkpt lat="39.79210156886136" lon="116.48156968995758">
        <ele>31.1</ele>
        <time>2022-04-07T11:29:39Z</time>
      </trkpt>
      <trkpt lat="39.79212491125697" lon="116.48155951783765">
        <ele>31.1</ele>
        <time>2022-04-07T11:29:40Z</time>
      </trkpt>
      <trkpt lat="39.79214799625089" lon="116.48154864181876">
        <ele>31</ele>
        <time>2022-04-07T11:29:41Z</time>
      </trkpt>
      <trkpt lat="39.7921705486247" lon="116.48153656433468">
        <ele>31</ele>
        <time>2022-04-07T11:29:42Z</time>
      </trkpt>
      <trkpt lat="39.79219245252429" lon="116.48152322209329">
        <ele>31</ele>
        <time>2022-04-07T11:29:43Z</time>
      </trkpt>
      <trkpt lat="39.792213656725764" lon="116.48150857567391">
        <ele>31</ele>
        <time>2022-04-07T11:29:44Z</time>
      </trkpt>
      <trkpt lat="39.792234039516806" lon="116.48149260617339">
        <ele>31</ele>
        <time>2022-04-07T11:29:45Z</time>
      </trkpt>
      <trkpt lat="39.79225339303114" lon="116.48147511744389">
        <ele>31</ele>
        <time>2022-04-07T11:29:46Z</time>
      </trkpt>
      <trkpt lat="39.79227173746431" lon="116.48145633846234">
        <ele>31</ele>
        <time>2022-04-07T11:29:47Z</time>
      </trkpt>
      <trkpt lat="39.79228879171133" lon="116.481435946769">
        <ele>31</ele>
        <time>2022-04-07T11:29:48Z</time>
      </trkpt>
      <trkpt lat="39.792304529457894" lon="116.48141412851187">
        <ele>31</ele>
        <time>2022-04-07T11:29:49Z</time>
      </trkpt>
      <trkpt lat="39.79231879523278" lon="116.48139093808135">
        <ele>31</ele>
        <time>2022-04-07T11:29:50Z</time>
      </trkpt>
      <trkpt lat="39.792331667628105" lon="116.4813666870917">
        <ele>31.6</ele>
        <time>2022-04-07T11:29:51Z</time>
      </trkpt>
      <trkpt lat="39.79234342098767" lon="116.4813411553912">
        <ele>31.6</ele>
        <time>2022-04-07T11:29:52Z</time>
      </trkpt>
      <trkpt lat="39.792353790350056" lon="116.48131502824893">
        <ele>31.6</ele>
        <time>2022-04-07T11:29:53Z</time>
      </trkpt>
      <trkpt lat="39.79236302293793" lon="116.48128803829032">
        <ele>31.6</ele>
        <time>2022-04-07T11:29:54Z</time>
      </trkpt>
      <trkpt lat="39.79237100979396" lon="116.48126069383446">
        <ele>31.6</ele>
        <time>2022-04-07T11:29:55Z</time>
      </trkpt>
      <trkpt lat="39.79237793506933" lon="116.4812325401882">
        <ele>31.6</ele>
        <time>2022-04-07T11:29:56Z</time>
      </trkpt>
      <trkpt lat="39.792383645887575" lon="116.48120412234657">
        <ele>31.6</ele>
        <time>2022-04-07T11:29:57Z</time>
      </trkpt>
      <trkpt lat="39.79238818570593" lon="116.48117507456449">
        <ele>31.6</ele>
        <time>2022-04-07T11:29:58Z</time>
      </trkpt>
      <trkpt lat="39.79239145152428" lon="116.48114599305704">
        <ele>31.6</ele>
        <time>2022-04-07T11:29:59Z</time>
      </trkpt>
      <trkpt lat="39.792393586443794" lon="116.48111690986444">
        <ele>31.6</ele>
        <time>2022-04-07T11:30:00Z</time>
      </trkpt>
      <trkpt lat="39.79239443422612" lon="116.4810877725026">
        <ele>30.8</ele>
        <time>2022-04-07T11:30:01Z</time>
      </trkpt>
      <trkpt lat="39.79239409461262" lon="116.4810585703167">
        <ele>30.8</ele>
        <time>2022-04-07T11:30:02Z</time>
      </trkpt>
      <trkpt lat="39.792392302694886" lon="116.48102936082391">
        <ele>30.8</ele>
        <time>2022-04-07T11:30:03Z</time>
      </trkpt>
      <trkpt lat="39.7923894042241" lon="116.48100026979567">
        <ele>30.8</ele>
        <time>2022-04-07T11:30:04Z</time>
      </trkpt>
      <trkpt lat="39.792385270179" lon="116.48097140402751">
        <ele>30.8</ele>
        <time>2022-04-07T11:30:05Z</time>
      </trkpt>
      <trkpt lat="39.792379952266494" lon="116.48094284478066">
        <ele>30.8</ele>
        <time>2022-04-07T11:30:06Z</time>
      </trkpt>
      <trkpt lat="39.79237327101065" lon="116.48091482104303">
        <ele>30.8</ele>
        <time>2022-04-07T11:30:07Z</time>
      </trkpt>
      <trkpt lat="39.79236538306244" lon="116.48088739038192">
        <ele>30.8</ele>
        <time>2022-04-07T11:30:08Z</time>
      </trkpt>
      <trkpt lat="39.79235616388688" lon="116.48086072760866">
        <ele>30.8</ele>
        <time>2022-04-07T11:30:09Z</time>
      </trkpt>
      <trkpt lat="39.79234575440888" lon="116.48083492138312">
        <ele>30.8</ele>
        <time>2022-04-07T11:30:10Z</time>
      </trkpt>
      <trkpt lat="39.79233406339534" lon="116.48080961054612">
        <ele>31.3</ele>
        <time>2022-04-07T11:30:11Z</time>
      </trkpt>
      <trkpt lat="39.79232123742763" lon="116.48078553921788">
        <ele>31.3</ele>
        <time>2022-04-07T11:30:12Z</time>
      </trkpt>
      <trkpt lat="39.79230709837184" lon="116.48076251059801">
        <ele>31.3</ele>
        <time>2022-04-07T11:30:13Z</time>
      </trkpt>
      <trkpt lat="39.792291939111756" lon="116.48074107736832">
        <ele>31.3</ele>
        <time>2022-04-07T11:30:14Z</time>
      </trkpt>
      <trkpt lat="39.79227553018653" lon="116.48072105778174">
        <ele>31.3</ele>
        <time>2022-04-07T11:30:15Z</time>
      </trkpt>
      <trkpt lat="39.79225818226044" lon="116.48070287539984">
        <ele>31.3</ele>
        <time>2022-04-07T11:30:16Z</time>
      </trkpt>
      <trkpt lat="39.79223970193791" lon="116.48068635077694">
        <ele>31.3</ele>
        <time>2022-04-07T11:30:17Z</time>
      </trkpt>
      <trkpt lat="39.79222049961977" lon="116.48067179474381">
        <ele>31.3</ele>
        <time>2022-04-07T11:30:18Z</time>
      </trkpt>
      <trkpt lat="39.792200371160426" lon="116.48065896779279">
        <ele>31.3</ele>
        <time>2022-04-07T11:30:19Z</time>
      </trkpt>
      <trkpt lat="39.79217974057608" lon="116.48064809817528">
        <ele>31.3</ele>
        <time>2022-04-07T11:30:20Z</time>
      </trkpt>
      <trkpt lat="39.792158406011644" lon="116.48063892059227">
        <ele>30.6</ele>
        <time>2022-04-07T11:30:21Z</time>
      </trkpt>
      <trkpt lat="39.792136694600416" lon="116.48063181549776">
        <ele>30.6</ele>
        <time>2022-04-07T11:30:22Z</time>
      </trkpt>
      <trkpt lat="39.79211441201766" lon="116.48062625618822">
        <ele>30.6</ele>
        <time>2022-04-07T11:30:23Z</time>
      </trkpt>
      <trkpt lat="39.79209198135231" lon="116.48062229016075">
        <ele>30.6</ele>
        <time>2022-04-07T11:30:24Z</time>
      </trkpt>
      <trkpt lat="39.79206910126017" lon="116.4806196979175">
        <ele>30.6</ele>
        <time>2022-04-07T11:30:25Z</time>
      </trkpt>
      <trkpt lat="39.79204623719525" lon="116.48061848240992">
        <ele>30.6</ele>
        <time>2022-04-07T11:30:26Z</time>
      </trkpt>
      <trkpt lat="39.79202312830021" lon="116.48061836623069">
        <ele>30.6</ele>
        <time>2022-04-07T11:30:27Z</time>
      </trkpt>
      <trkpt lat="39.79200016942121" lon="116.48061920355711">
        <ele>30.6</ele>
        <time>2022-04-07T11:30:28Z</time>
      </trkpt>
      <trkpt lat="39.79197706751945" lon="116.48062110692813">
        <ele>30.6</ele>
        <time>2022-04-07T11:30:29Z</time>
      </trkpt>
      <trkpt lat="39.791954211673385" lon="116.48062389817387">
        <ele>30.6</ele>
        <time>2022-04-07T11:30:30Z</time>
      </trkpt>
      <trkpt lat="39.791931532252285" lon="116.48062731836663">
        <ele>31.2</ele>
        <time>2022-04-07T11:30:31Z</time>
      </trkpt>
      <trkpt lat="39.79190890687273" lon="116.48063131274395">
        <ele>31.2</ele>
        <time>2022-04-07T11:30:32Z</time>
      </trkpt>
      <trkpt lat="39.79188630785689" lon="116.48063565225942">
        <ele>31.2</ele>
        <time>2022-04-07T11:30:33Z</time>
      </trkpt>
      <trkpt lat="39.791863725552105" lon="116.48064051596533">
        <ele>31.2</ele>
        <time>2022-04-07T11:30:34Z</time>
      </trkpt>
      <trkpt lat="39.791840947949865" lon="116.48064581533451">
        <ele>31.2</ele>
        <time>2022-04-07T11:30:35Z</time>
      </trkpt>
      <trkpt lat="39.79181855398523" lon="116.48065158082237">
        <ele>31.2</ele>
        <time>2022-04-07T11:30:36Z</time>
      </trkpt>
      <trkpt lat="39.79179609328309" lon="116.48065789020418">
        <ele>31.2</ele>
        <time>2022-04-07T11:30:37Z</time>
      </trkpt>
      <trkpt lat="39.79177383399833" lon="116.48066465286122">
        <ele>31.2</ele>
        <time>2022-04-07T11:30:38Z</time>
      </trkpt>
      <trkpt lat="39.79175139371617" lon="116.48067185615496">
        <ele>31.2</ele>
        <time>2022-04-07T11:30:39Z</time>
      </trkpt>
      <trkpt lat="39.791729036072034" lon="116.48067892345937">
        <ele>31.2</ele>
        <time>2022-04-07T11:30:40Z</time>
      </trkpt>
      <trkpt lat="39.791706357267095" lon="116.48068574123147">
        <ele>30.8</ele>
        <time>2022-04-07T11:30:41Z</time>
      </trkpt>
      <trkpt lat="39.791683416767285" lon="116.48069214978945">
        <ele>30.8</ele>
        <time>2022-04-07T11:30:42Z</time>
      </trkpt>
      <trkpt lat="39.79166031607708" lon="116.48069796002105">
        <ele>30.8</ele>
        <time>2022-04-07T11:30:43Z</time>
      </trkpt>
      <trkpt lat="39.7916370814939" lon="116.48070315932564">
        <ele>30.8</ele>
        <time>2022-04-07T11:30:44Z</time>
      </trkpt>
      <trkpt lat="39.79161374606736" lon="116.48070764321781">
        <ele>30.8</ele>
        <time>2022-04-07T11:30:45Z</time>
      </trkpt>
      <trkpt lat="39.79159046177647" lon="116.48071141640081">
        <ele>30.8</ele>
        <time>2022-04-07T11:30:46Z</time>
      </trkpt>
      <trkpt lat="39.79156663933758" lon="116.48071460512774">
        <ele>30.8</ele>
        <time>2022-04-07T11:30:47Z</time>
      </trkpt>
      <trkpt lat="39.79154269734557" lon="116.48071716291177">
        <ele>30.8</ele>
        <time>2022-04-07T11:30:48Z</time>
      </trkpt>
      <trkpt lat="39.79151861789117" lon="116.48071925283043">
        <ele>30.8</ele>
        <time>2022-04-07T11:30:49Z</time>
      </trkpt>
      <trkpt lat="39.79149436364619" lon="116.48072097604036">
        <ele>30.8</ele>
        <time>2022-04-07T11:30:50Z</time>
      </trkpt>
      <trkpt lat="39.79147000619044" lon="116.48072260834454">
        <ele>30.5</ele>
        <time>2022-04-07T11:30:51Z</time>
      </trkpt>
      <trkpt lat="39.79144558155961" lon="116.4807243941622">
        <ele>30.5</ele>
        <time>2022-04-07T11:30:52Z</time>
      </trkpt>
      <trkpt lat="39.79142112959755" lon="116.48072648943892">
        <ele>30.5</ele>
        <time>2022-04-07T11:30:53Z</time>
      </trkpt>
      <trkpt lat="39.79139666210998" lon="116.48072899870483">
        <ele>30.5</ele>
        <time>2022-04-07T11:30:54Z</time>
      </trkpt>
      <trkpt lat="39.791372194009746" lon="116.48073193870161">
        <ele>30.5</ele>
        <time>2022-04-07T11:30:55Z</time>
      </trkpt>
      <trkpt lat="39.79134771195082" lon="116.48073540160645">
        <ele>30.5</ele>
        <time>2022-04-07T11:30:56Z</time>
      </trkpt>
      <trkpt lat="39.79132329852374" lon="116.48073946975">
        <ele>30.5</ele>
        <time>2022-04-07T11:30:57Z</time>
      </trkpt>
      <trkpt lat="39.79129900264749" lon="116.48074408804871">
        <ele>30.5</ele>
        <time>2022-04-07T11:30:58Z</time>
      </trkpt>
      <trkpt lat="39.79127488091485" lon="116.4807492755">
        <ele>30.5</ele>
        <time>2022-04-07T11:30:59Z</time>
      </trkpt>
      <trkpt lat="39.79125071101298" lon="116.48075524344286">
        <ele>30.5</ele>
        <time>2022-04-07T11:31:00Z</time>
      </trkpt>
      <trkpt lat="39.79122697605015" lon="116.48076194713641">
        <ele>31</ele>
        <time>2022-04-07T11:31:01Z</time>
      </trkpt>
      <trkpt lat="39.7912033428044" lon="116.48076952629798">
        <ele>31</ele>
        <time>2022-04-07T11:31:02Z</time>
      </trkpt>
      <trkpt lat="39.79118024019521" lon="116.4807778759355">
        <ele>31</ele>
        <time>2022-04-07T11:31:03Z</time>
      </trkpt>
      <trkpt lat="39.79115728163757" lon="116.48078718256215">
        <ele>31</ele>
        <time>2022-04-07T11:31:04Z</time>
      </trkpt>
      <trkpt lat="39.791134984822925" lon="116.48079765368458">
        <ele>31</ele>
        <time>2022-04-07T11:31:05Z</time>
      </trkpt>
      <trkpt lat="39.79111305616555" lon="116.48080958618847">
        <ele>31</ele>
        <time>2022-04-07T11:31:06Z</time>
      </trkpt>
      <trkpt lat="39.79109187340338" lon="116.48082283896682">
        <ele>31</ele>
        <time>2022-04-07T11:31:07Z</time>
      </trkpt>
      <trkpt lat="39.79107108859778" lon="116.48083761669702">
        <ele>31</ele>
        <time>2022-04-07T11:31:08Z</time>
      </trkpt>
      <trkpt lat="39.79105112253482" lon="116.48085371132541">
        <ele>31</ele>
        <time>2022-04-07T11:31:09Z</time>
      </trkpt>
      <trkpt lat="39.79103193425354" lon="116.48087099366798">
        <ele>31</ele>
        <time>2022-04-07T11:31:10Z</time>
      </trkpt>
      <trkpt lat="39.79101363491598" lon="116.48088959398711">
        <ele>30.6</ele>
        <time>2022-04-07T11:31:11Z</time>
      </trkpt>
      <trkpt lat="39.790996210404515" lon="116.48090940077932">
        <ele>30.6</ele>
        <time>2022-04-07T11:31:12Z</time>
      </trkpt>
      <trkpt lat="39.79097981074565" lon="116.48093058388326">
        <ele>30.6</ele>
        <time>2022-04-07T11:31:13Z</time>
      </trkpt>
      <trkpt lat="39.7909643472729" lon="116.48095303131782">
        <ele>30.6</ele>
        <time>2022-04-07T11:31:14Z</time>
      </trkpt>
      <trkpt lat="39.79095002116454" lon="116.48097691675893">
        <ele>30.6</ele>
        <time>2022-04-07T11:31:15Z</time>
      </trkpt>
      <trkpt lat="39.790936694134466" lon="116.48100188756491">
        <ele>30.6</ele>
        <time>2022-04-07T11:31:16Z</time>
      </trkpt>
      <trkpt lat="39.79092451529707" lon="116.48102796394929">
        <ele>30.6</ele>
        <time>2022-04-07T11:31:17Z</time>
      </trkpt>
      <trkpt lat="39.79091348335026" lon="116.48105499469084">
        <ele>30.6</ele>
        <time>2022-04-07T11:31:18Z</time>
      </trkpt>
      <trkpt lat="39.79090383914569" lon="116.48108301416245">
        <ele>30.6</ele>
        <time>2022-04-07T11:31:19Z</time>
      </trkpt>
      <trkpt lat="39.79089549147504" lon="116.48111180830257">
        <ele>30.6</ele>
        <time>2022-04-07T11:31:20Z</time>
      </trkpt>
      <trkpt lat="39.79088841282504" lon="116.48114164331068">
        <ele>31.1</ele>
        <time>2022-04-07T11:31:21Z</time>
      </trkpt>
      <trkpt lat="39.79088274531656" lon="116.48117186274168">
        <ele>31.1</ele>
        <time>2022-04-07T11:31:22Z</time>
      </trkpt>
      <trkpt lat="39.79087830492242" lon="116.48120282487955">
        <ele>31.1</ele>
        <time>2022-04-07T11:31:23Z</time>
      </trkpt>
      <trkpt lat="39.79087545916327" lon="116.48123381225709">
        <ele>31.1</ele>
        <time>2022-04-07T11:31:24Z</time>
      </trkpt>
      <trkpt lat="39.79087429039323" lon="116.48126514098152">
        <ele>31.1</ele>
        <time>2022-04-07T11:31:25Z</time>
      </trkpt>
      <trkpt lat="39.79087484847942" lon="116.48129620181707">
        <ele>31.1</ele>
        <time>2022-04-07T11:31:26Z</time>
      </trkpt>
      <trkpt lat="39.79087717437926" lon="116.48132729144275">
        <ele>31.1</ele>
        <time>2022-04-07T11:31:27Z</time>
      </trkpt>
      <trkpt lat="39.79088118736892" lon="116.48135785161722">
        <ele>31.1</ele>
        <time>2022-04-07T11:31:28Z</time>
      </trkpt>
      <trkpt lat="39.79088687976902" lon="116.48138817948485">
        <ele>31.1</ele>
        <time>2022-04-07T11:31:29Z</time>
      </trkpt>
      <trkpt lat="39.79089413108441" lon="116.481417648777">
        <ele>31.1</ele>
        <time>2022-04-07T11:31:30Z</time>
      </trkpt>
      <trkpt lat="39.790902974203625" lon="116.48144658860357">
        <ele>30.6</ele>
        <time>2022-04-07T11:31:31Z</time>
      </trkpt>
      <trkpt lat="39.79091319650645" lon="116.48147445299304">
        <ele>30.6</ele>
        <time>2022-04-07T11:31:32Z</time>
      </trkpt>
      <trkpt lat="39.790924903681116" lon="116.4815015245521">
        <ele>30.6</ele>
        <time>2022-04-07T11:31:33Z</time>
      </trkpt>
      <trkpt lat="39.7909380324977" lon="116.48152722853966">
        <ele>30.6</ele>
        <time>2022-04-07T11:31:34Z</time>
      </trkpt>
      <trkpt lat="39.790952418175564" lon="116.48155199588581">
        <ele>30.6</ele>
        <time>2022-04-07T11:31:35Z</time>
      </trkpt>
      <trkpt lat="39.790967755896894" lon="116.4815753670272">
        <ele>30.6</ele>
        <time>2022-04-07T11:31:36Z</time>
      </trkpt>
      <trkpt lat="39.79098419257678" lon="116.48159759751071">
        <ele>30.6</ele>
        <time>2022-04-07T11:31:37Z</time>
      </trkpt>
      <trkpt lat="39.79100137457849" lon="116.48161830127519">
        <ele>30.6</ele>
        <time>2022-04-07T11:31:38Z</time>
      </trkpt>
      <trkpt lat="39.791019198732045" lon="116.48163754925912">
        <ele>30.6</ele>
        <time>2022-04-07T11:31:39Z</time>
      </trkpt>
      <trkpt lat="39.791037734516756" lon="116.48165538969154">
        <ele>30.6</ele>
        <time>2022-04-07T11:31:40Z</time>
      </trkpt>
      <trkpt lat="39.791056945264444" lon="116.48167151509128">
        <ele>30.6</ele>
        <time>2022-04-07T11:31:41Z</time>
      </trkpt>
      <trkpt lat="39.791076848319264" lon="116.48168563589316">
        <ele>30.6</ele>
        <time>2022-04-07T11:31:42Z</time>
      </trkpt>
      <trkpt lat="39.79109733490899" lon="116.48169791663513">
        <ele>30.6</ele>
        <time>2022-04-07T11:31:43Z</time>
      </trkpt>
      <trkpt lat="39.79111843721587" lon="116.48170826970701">
        <ele>30.6</ele>
        <time>2022-04-07T11:31:44Z</time>
      </trkpt>
      <trkpt lat="39.79114002625177" lon="116.48171678222536">
        <ele>30.6</ele>
        <time>2022-04-07T11:31:45Z</time>
      </trkpt>
      <trkpt lat="39.79116190962865" lon="116.48172343302981">
        <ele>30.6</ele>
        <time>2022-04-07T11:31:46Z</time>
      </trkpt>
      <trkpt lat="39.791184056369204" lon="116.48172830624877">
        <ele>30.6</ele>
        <time>2022-04-07T11:31:47Z</time>
      </trkpt>
      <trkpt lat="39.79120627055338" lon="116.48173147262975">
        <ele>30.6</ele>
        <time>2022-04-07T11:31:48Z</time>
      </trkpt>
      <trkpt lat="39.79122862229129" lon="116.48173299473918">
        <ele>31.4</ele>
        <time>2022-04-07T11:31:49Z</time>
      </trkpt>
      <trkpt lat="39.791251203075085" lon="116.48173306893574">
        <ele>31.4</ele>
        <time>2022-04-07T11:31:50Z</time>
      </trkpt>
      <trkpt lat="39.791274051088685" lon="116.48173146619479">
        <ele>31.4</ele>
        <time>2022-04-07T11:31:51Z</time>
      </trkpt>
      <trkpt lat="39.79129710005671" lon="116.48172885056285">
        <ele>31.4</ele>
        <time>2022-04-07T11:31:52Z</time>
      </trkpt>
      <trkpt lat="39.79132035548733" lon="116.48172539067143">
        <ele>31.4</ele>
        <time>2022-04-07T11:31:53Z</time>
      </trkpt>
      <trkpt lat="39.791343814134976" lon="116.48172134312445">
        <ele>31.4</ele>
        <time>2022-04-07T11:31:54Z</time>
      </trkpt>
      <trkpt lat="39.79136738995583" lon="116.48171687553202">
        <ele>31.4</ele>
        <time>2022-04-07T11:31:55Z</time>
      </trkpt>
      <trkpt lat="39.79139108105891" lon="116.48171234627723">
        <ele>31.4</ele>
        <time>2022-04-07T11:31:56Z</time>
      </trkpt>
      <trkpt lat="39.79141506932915" lon="116.48170777345547">
        <ele>31.4</ele>
        <time>2022-04-07T11:31:57Z</time>
      </trkpt>
      <trkpt lat="39.79143927157129" lon="116.4817034618297">
        <ele>31.4</ele>
        <time>2022-04-07T11:31:58Z</time>
      </trkpt>
      <trkpt lat="39.79146387484589" lon="116.48169939033927">
        <ele>30.6</ele>
        <time>2022-04-07T11:31:59Z</time>
      </trkpt>
      <trkpt lat="39.79148874902268" lon="116.48169569786953">
        <ele>30.6</ele>
        <time>2022-04-07T11:32:00Z</time>
      </trkpt>
      <trkpt lat="39.79151411569824" lon="116.48169230578952">
        <ele>30.6</ele>
        <time>2022-04-07T11:32:01Z</time>
      </trkpt>
      <trkpt lat="39.7915394954636" lon="116.48168929116825">
        <ele>30.6</ele>
        <time>2022-04-07T11:32:02Z</time>
      </trkpt>
      <trkpt lat="39.79156487869068" lon="116.48168657972974">
        <ele>30.6</ele>
        <time>2022-04-07T11:32:03Z</time>
      </trkpt>
      <trkpt lat="39.79159025102163" lon="116.48168411090904">
        <ele>30.6</ele>
        <time>2022-04-07T11:32:04Z</time>
      </trkpt>
      <trkpt lat="39.791615600191626" lon="116.48168176153321">
        <ele>30.6</ele>
        <time>2022-04-07T11:32:05Z</time>
      </trkpt>
      <trkpt lat="39.791640929507594" lon="116.48167937532222">
        <ele>30.6</ele>
        <time>2022-04-07T11:32:06Z</time>
      </trkpt>
      <trkpt lat="39.79166624331178" lon="116.48167681283716">
        <ele>30.6</ele>
        <time>2022-04-07T11:32:07Z</time>
      </trkpt>
      <trkpt lat="39.79169153826236" lon="116.4816739915068">
        <ele>30.6</ele>
        <time>2022-04-07T11:32:08Z</time>
      </trkpt>
      <trkpt lat="39.791716840817685" lon="116.48167086591098">
        <ele>30.7</ele>
        <time>2022-04-07T11:32:09Z</time>
      </trkpt>
      <trkpt lat="39.79174216210701" lon="116.48166744958803">
        <ele>30.7</ele>
        <time>2022-04-07T11:32:10Z</time>
      </trkpt>
      <trkpt lat="39.79176752623362" lon="116.48166383136827">
        <ele>30.7</ele>
        <time>2022-04-07T11:32:11Z</time>
      </trkpt>
      <trkpt lat="39.79179295861851" lon="116.48166003527842">
        <ele>30.7</ele>
        <time>2022-04-07T11:32:12Z</time>
      </trkpt>
      <trkpt lat="39.7918184562386" lon="116.48165606360399">
        <ele>30.7</ele>
        <time>2022-04-07T11:32:13Z</time>
      </trkpt>
      <trkpt lat="39.791844322600994" lon="116.48165190443466">
        <ele>30.7</ele>
        <time>2022-04-07T11:32:14Z</time>
      </trkpt>
      <trkpt lat="39.79187016154364" lon="116.48164760949813">
        <ele>30.7</ele>
        <time>2022-04-07T11:32:15Z</time>
      </trkpt>
      <trkpt lat="39.79189632750104" lon="116.4816430955769">
        <ele>30.7</ele>
        <time>2022-04-07T11:32:16Z</time>
      </trkpt>
      <trkpt lat="39.791922421642035" lon="116.48163847659211">
        <ele>30.7</ele>
        <time>2022-04-07T11:32:17Z</time>
      </trkpt>
      <trkpt lat="39.79194879935709" lon="116.48163357042554">
        <ele>30.7</ele>
        <time>2022-04-07T11:32:18Z</time>
      </trkpt>
      <trkpt lat="39.7919750630167" lon="116.48162833771123">
        <ele>30.8</ele>
        <time>2022-04-07T11:32:19Z</time>
      </trkpt>
      <trkpt lat="39.7920015380399" lon="116.4816225471203">
        <ele>30.8</ele>
        <time>2022-04-07T11:32:20Z</time>
      </trkpt>
      <trkpt lat="39.79202779181093" lon="116.48161609269872">
        <ele>30.8</ele>
        <time>2022-04-07T11:32:21Z</time>
      </trkpt>
      <trkpt lat="39.792053807009786" lon="116.48160885602348">
        <ele>30.8</ele>
        <time>2022-04-07T11:32:22Z</time>
      </trkpt>
      <trkpt lat="39.79207916099462" lon="116.48160081287345">
        <ele>30.8</ele>
        <time>2022-04-07T11:32:23Z</time>
      </trkpt>
      <trkpt lat="39.792104216538746" lon="116.48159159585195">
        <ele>30.8</ele>
        <time>2022-04-07T11:32:24Z</time>
      </trkpt>
      <trkpt lat="39.7921285885149" lon="116.48158118374218">
        <ele>30.8</ele>
        <time>2022-04-07T11:32:25Z</time>
      </trkpt>
      <trkpt lat="39.79215255417837" lon="116.48156927413248">
        <ele>30.8</ele>
        <time>2022-04-07T11:32:26Z</time>
      </trkpt>
      <trkpt lat="39.79217569518485" lon="116.48155595333897">
        <ele>30.8</ele>
        <time>2022-04-07T11:32:27Z</time>
      </trkpt>
      <trkpt lat="39.79219824748416" lon="116.481540836888">
        <ele>30.8</ele>
        <time>2022-04-07T11:32:28Z</time>
      </trkpt>
      <trkpt lat="39.79221980896396" lon="116.48152416609656">
        <ele>30.3</ele>
        <time>2022-04-07T11:32:29Z</time>
      </trkpt>
      <trkpt lat="39.792240573308845" lon="116.48150572443309">
        <ele>30.3</ele>
        <time>2022-04-07T11:32:30Z</time>
      </trkpt>
      <trkpt lat="39.79226015515499" lon="116.48148582938833">
        <ele>30.3</ele>
        <time>2022-04-07T11:32:31Z</time>
      </trkpt>
      <trkpt lat="39.79227876357502" lon="116.48146431590816">
        <ele>30.3</ele>
        <time>2022-04-07T11:32:32Z</time>
      </trkpt>
      <trkpt lat="39.79229637843211" lon="116.48144148831298">
        <ele>30.3</ele>
        <time>2022-04-07T11:32:33Z</time>
      </trkpt>
      <trkpt lat="39.79231330594109" lon="116.48141719738987">
        <ele>30.3</ele>
        <time>2022-04-07T11:32:34Z</time>
      </trkpt>
      <trkpt lat="39.79232893779011" lon="116.48139184199654">
        <ele>30.3</ele>
        <time>2022-04-07T11:32:35Z</time>
      </trkpt>
      <trkpt lat="39.79234333972455" lon="116.48136517526534">
        <ele>30.3</ele>
        <time>2022-04-07T11:32:36Z</time>
      </trkpt>
      <trkpt lat="39.79235620895453" lon="116.48133769393617">
        <ele>30.3</ele>
        <time>2022-04-07T11:32:37Z</time>
      </trkpt>
      <trkpt lat="39.79236766399664" lon="116.48130904234621">
        <ele>30.3</ele>
        <time>2022-04-07T11:32:38Z</time>
      </trkpt>
      <trkpt lat="39.792377410409436" lon="116.48127980741667">
        <ele>30.9</ele>
        <time>2022-04-07T11:32:39Z</time>
      </trkpt>
      <trkpt lat="39.79238549962308" lon="116.48124969573071">
        <ele>30.9</ele>
        <time>2022-04-07T11:32:40Z</time>
      </trkpt>
      <trkpt lat="39.792391758668884" lon="116.48121931424294">
        <ele>30.9</ele>
        <time>2022-04-07T11:32:41Z</time>
      </trkpt>
      <trkpt lat="39.7923962495087" lon="116.48118832041236">
        <ele>30.9</ele>
        <time>2022-04-07T11:32:42Z</time>
      </trkpt>
      <trkpt lat="39.79239894550365" lon="116.48115724185425">
        <ele>30.9</ele>
        <time>2022-04-07T11:32:43Z</time>
      </trkpt>
      <trkpt lat="39.792399863267356" lon="116.48112565179713">
        <ele>30.9</ele>
        <time>2022-04-07T11:32:44Z</time>
      </trkpt>
      <trkpt lat="39.79239883075167" lon="116.48109406128071">
        <ele>30.9</ele>
        <time>2022-04-07T11:32:45Z</time>
      </trkpt>
      <trkpt lat="39.79239608119029" lon="116.48106225749729">
        <ele>30.9</ele>
        <time>2022-04-07T11:32:46Z</time>
      </trkpt>
      <trkpt lat="39.792391716566684" lon="116.48103085150844">
        <ele>30.9</ele>
        <time>2022-04-07T11:32:47Z</time>
      </trkpt>
      <trkpt lat="39.792385880743716" lon="116.48099995958573">
        <ele>30.9</ele>
        <time>2022-04-07T11:32:48Z</time>
      </trkpt>
      <trkpt lat="39.792378447865296" lon="116.480969745262">
        <ele>30.2</ele>
        <time>2022-04-07T11:32:49Z</time>
      </trkpt>
      <trkpt lat="39.79236972253024" lon="116.48094020990544">
        <ele>30.2</ele>
        <time>2022-04-07T11:32:50Z</time>
      </trkpt>
      <trkpt lat="39.7923597103785" lon="116.48091145004604">
        <ele>30.2</ele>
        <time>2022-04-07T11:32:51Z</time>
      </trkpt>
      <trkpt lat="39.79234866309654" lon="116.48088339513424">
        <ele>30.2</ele>
        <time>2022-04-07T11:32:52Z</time>
      </trkpt>
      <trkpt lat="39.79233660000147" lon="116.48085605051159">
        <ele>30.2</ele>
        <time>2022-04-07T11:32:53Z</time>
      </trkpt>
      <trkpt lat="39.79232361227118" lon="116.4808294724711">
        <ele>30.2</ele>
        <time>2022-04-07T11:32:54Z</time>
      </trkpt>
      <trkpt lat="39.7923096736147" lon="116.48080380056156">
        <ele>30.2</ele>
        <time>2022-04-07T11:32:55Z</time>
      </trkpt>
      <trkpt lat="39.79229489386105" lon="116.4807790877356">
        <ele>30.2</ele>
        <time>2022-04-07T11:32:56Z</time>
      </trkpt>
      <trkpt lat="39.79227920185729" lon="116.48075555197757">
        <ele>30.2</ele>
        <time>2022-04-07T11:32:57Z</time>
      </trkpt>
      <trkpt lat="39.79226270645537" lon="116.48073320788689">
        <ele>30.2</ele>
        <time>2022-04-07T11:32:58Z</time>
      </trkpt>
      <trkpt lat="39.79224522085864" lon="116.4807118976619">
        <ele>30.8</ele>
        <time>2022-04-07T11:32:59Z</time>
      </trkpt>
      <trkpt lat="39.79222708622695" lon="116.4806922848707">
        <ele>30.8</ele>
        <time>2022-04-07T11:33:00Z</time>
      </trkpt>
      <trkpt lat="39.7922084140482" lon="116.48067453913755">
        <ele>30.8</ele>
        <time>2022-04-07T11:33:01Z</time>
      </trkpt>
      <trkpt lat="39.792189562523525" lon="116.48065925963824">
        <ele>30.8</ele>
        <time>2022-04-07T11:33:02Z</time>
      </trkpt>
      <trkpt lat="39.79217028999625" lon="116.48064641785818">
        <ele>30.8</ele>
        <time>2022-04-07T11:33:03Z</time>
      </trkpt>
      <trkpt lat="39.7921508515085" lon="116.48063628352293">
        <ele>30.8</ele>
        <time>2022-04-07T11:33:04Z</time>
      </trkpt>
      <trkpt lat="39.79213090253522" lon="116.48062830967912">
        <ele>30.8</ele>
        <time>2022-04-07T11:33:05Z</time>
      </trkpt>
      <trkpt lat="39.79211071367875" lon="116.48062236569052">
        <ele>30.8</ele>
        <time>2022-04-07T11:33:06Z</time>
      </trkpt>
      <trkpt lat="39.79209026806548" lon="116.48061796446055">
        <ele>30.8</ele>
        <time>2022-04-07T11:33:07Z</time>
      </trkpt>
      <trkpt lat="39.792069513016926" lon="116.48061507591162">
        <ele>30.8</ele>
        <time>2022-04-07T11:33:08Z</time>
      </trkpt>
      <trkpt lat="39.792048446241594" lon="116.48061349129046">
        <ele>30.4</ele>
        <time>2022-04-07T11:33:09Z</time>
      </trkpt>
      <trkpt lat="39.79202705391592" lon="116.4806131756837">
        <ele>30.4</ele>
        <time>2022-04-07T11:33:10Z</time>
      </trkpt>
      <trkpt lat="39.792005389267395" lon="116.48061363789031">
        <ele>30.4</ele>
        <time>2022-04-07T11:33:11Z</time>
      </trkpt>
      <trkpt lat="39.79198309294981" lon="116.48061474525261">
        <ele>30.4</ele>
        <time>2022-04-07T11:33:12Z</time>
      </trkpt>
      <trkpt lat="39.79196016601256" lon="116.48061613119897">
        <ele>30.4</ele>
        <time>2022-04-07T11:33:13Z</time>
      </trkpt>
      <trkpt lat="39.79193659901671" lon="116.48061768683417">
        <ele>30.4</ele>
        <time>2022-04-07T11:33:14Z</time>
      </trkpt>
      <trkpt lat="39.79191246443686" lon="116.48061935646844">
        <ele>30.4</ele>
        <time>2022-04-07T11:33:15Z</time>
      </trkpt>
      <trkpt lat="39.791887849070875" lon="116.48062138082567">
        <ele>30.4</ele>
        <time>2022-04-07T11:33:16Z</time>
      </trkpt>
      <trkpt lat="39.791862866908836" lon="116.48062389174969">
        <ele>30.4</ele>
        <time>2022-04-07T11:33:17Z</time>
      </trkpt>
      <trkpt lat="39.79183726810082" lon="116.48062702536699">
        <ele>30.4</ele>
        <time>2022-04-07T11:33:18Z</time>
      </trkpt>
      <trkpt lat="39.79181155207737" lon="116.48063069643234">
        <ele>30</ele>
        <time>2022-04-07T11:33:19Z</time>
      </trkpt>
      <trkpt lat="39.79178544586405" lon="116.4806348323947">
        <ele>30</ele>
        <time>2022-04-07T11:33:20Z</time>
      </trkpt>
      <trkpt lat="39.791759402489056" lon="116.48063930566758">
        <ele>30</ele>
        <time>2022-04-07T11:33:21Z</time>
      </trkpt>
      <trkpt lat="39.791733084469136" lon="116.48064419720271">
        <ele>30</ele>
        <time>2022-04-07T11:33:22Z</time>
      </trkpt>
      <trkpt lat="39.791706920237125" lon="116.48064925511684">
        <ele>30</ele>
        <time>2022-04-07T11:33:23Z</time>
      </trkpt>
      <trkpt lat="39.79168057543226" lon="116.4806545050875">
        <ele>30</ele>
        <time>2022-04-07T11:33:24Z</time>
      </trkpt>
      <trkpt lat="39.79165441780378" lon="116.48065977988013">
        <ele>30</ele>
        <time>2022-04-07T11:33:25Z</time>
      </trkpt>
      <trkpt lat="39.791628116596875" lon="116.48066512349504">
        <ele>30</ele>
        <time>2022-04-07T11:33:26Z</time>
      </trkpt>
      <trkpt lat="39.791602115805695" lon="116.48067040091586">
        <ele>30</ele>
        <time>2022-04-07T11:33:27Z</time>
      </trkpt>
      <trkpt lat="39.79157604185284" lon="116.48067573148525">
        <ele>30</ele>
        <time>2022-04-07T11:33:28Z</time>
      </trkpt>
      <trkpt lat="39.79155030468816" lon="116.48068096939554">
        <ele>30.2</ele>
        <time>2022-04-07T11:33:29Z</time>
      </trkpt>
      <trkpt lat="39.79152451709238" lon="116.48068620032461">
        <ele>30.2</ele>
        <time>2022-04-07T11:33:30Z</time>
      </trkpt>
      <trkpt lat="39.791499039886915" lon="116.4806913579564">
        <ele>30.2</ele>
        <time>2022-04-07T11:33:31Z</time>
      </trkpt>
      <trkpt lat="39.79147344437175" lon="116.4806965352428">
        <ele>30.2</ele>
        <time>2022-04-07T11:33:32Z</time>
      </trkpt>
      <trkpt lat="39.79144789901947" lon="116.48070166305159">
        <ele>30.2</ele>
        <time>2022-04-07T11:33:33Z</time>
      </trkpt>
      <trkpt lat="39.7914225380189" lon="116.48070661464958">
        <ele>30.2</ele>
        <time>2022-04-07T11:33:34Z</time>
      </trkpt>
      <trkpt lat="39.79139759854775" lon="116.48071129192827">
        <ele>30.2</ele>
        <time>2022-04-07T11:33:35Z</time>
      </trkpt>
      <trkpt lat="39.79137264127717" lon="116.48071585180027">
        <ele>30.2</ele>
        <time>2022-04-07T11:33:36Z</time>
      </trkpt>
      <trkpt lat="39.79134797800423" lon="116.48072030284494">
        <ele>30.2</ele>
        <time>2022-04-07T11:33:37Z</time>
      </trkpt>
      <trkpt lat="39.79132317731687" lon="116.48072492086163">
        <ele>30.2</ele>
        <time>2022-04-07T11:33:38Z</time>
      </trkpt>
      <trkpt lat="39.79129865902757" lon="116.48072980229992">
        <ele>29.8</ele>
        <time>2022-04-07T11:33:39Z</time>
      </trkpt>
      <trkpt lat="39.79127411797542" lon="116.48073542571342">
        <ele>29.8</ele>
        <time>2022-04-07T11:33:40Z</time>
      </trkpt>
      <trkpt lat="39.79125000449533" lon="116.48074191519753">
        <ele>29.8</ele>
        <time>2022-04-07T11:33:41Z</time>
      </trkpt>
      <trkpt lat="39.79122604290557" lon="116.48074956180729">
        <ele>29.8</ele>
        <time>2022-04-07T11:33:42Z</time>
      </trkpt>
      <trkpt lat="39.791202687872115" lon="116.48075836088209">
        <ele>29.8</ele>
        <time>2022-04-07T11:33:43Z</time>
      </trkpt>
      <trkpt lat="39.79117983134083" lon="116.48076857286004">
        <ele>29.8</ele>
        <time>2022-04-07T11:33:44Z</time>
      </trkpt>
      <trkpt lat="39.791157302496416" lon="116.48078027459191">
        <ele>29.8</ele>
        <time>2022-04-07T11:33:45Z</time>
      </trkpt>
      <trkpt lat="39.79113490249185" lon="116.48079371472066">
        <ele>29.8</ele>
        <time>2022-04-07T11:33:46Z</time>
      </trkpt>
      <trkpt lat="39.79111300828318" lon="116.48080865112215">
        <ele>29.8</ele>
        <time>2022-04-07T11:33:47Z</time>
      </trkpt>
      <trkpt lat="39.79109150072827" lon="116.48082550208011">
        <ele>29.8</ele>
        <time>2022-04-07T11:33:48Z</time>
      </trkpt>
      <trkpt lat="39.791070783551866" lon="116.48084405088392">
        <ele>30.4</ele>
        <time>2022-04-07T11:33:49Z</time>
      </trkpt>
      <trkpt lat="39.791050593611445" lon="116.4808644608912">
        <ele>30.4</ele>
        <time>2022-04-07T11:33:50Z</time>
      </trkpt>
      <trkpt lat="39.79103136216057" lon="116.48088586253671">
        <ele>30.4</ele>
        <time>2022-04-07T11:33:51Z</time>
      </trkpt>
      <trkpt lat="39.791013062845046" lon="116.48090818414667">
        <ele>30.4</ele>
        <time>2022-04-07T11:33:52Z</time>
      </trkpt>
      <trkpt lat="39.7909958152335" lon="116.48093142634632">
        <ele>30.4</ele>
        <time>2022-04-07T11:33:53Z</time>
      </trkpt>
      <trkpt lat="39.790979544787504" lon="116.48095551729863">
        <ele>30.4</ele>
        <time>2022-04-07T11:33:54Z</time>
      </trkpt>
      <trkpt lat="39.79096437349002" lon="116.48098052144638">
        <ele>30.4</ele>
        <time>2022-04-07T11:33:55Z</time>
      </trkpt>
      <trkpt lat="39.79095029494638" lon="116.48100636843023">
        <ele>30.4</ele>
        <time>2022-04-07T11:33:56Z</time>
      </trkpt>
      <trkpt lat="39.79093744793978" lon="116.48103315161403">
        <ele>30.4</ele>
        <time>2022-04-07T11:33:57Z</time>
      </trkpt>
      <trkpt lat="39.79092589267994" lon="116.48106069575941">
        <ele>30.4</ele>
        <time>2022-04-07T11:33:58Z</time>
      </trkpt>
      <trkpt lat="39.79091573114932" lon="116.48108849169489">
        <ele>30.5</ele>
        <time>2022-04-07T11:33:59Z</time>
      </trkpt>
      <trkpt lat="39.790906910767085" lon="116.4811169557594">
        <ele>30.5</ele>
        <time>2022-04-07T11:34:00Z</time>
      </trkpt>
      <trkpt lat="39.79089968594639" lon="116.48114558505628">
        <ele>30.5</ele>
        <time>2022-04-07T11:34:01Z</time>
      </trkpt>
      <trkpt lat="39.79089394564528" lon="116.48117513491383">
        <ele>30.5</ele>
        <time>2022-04-07T11:34:02Z</time>
      </trkpt>
      <trkpt lat="39.790889621832946" lon="116.4812052304693">
        <ele>30.5</ele>
        <time>2022-04-07T11:34:03Z</time>
      </trkpt>
      <trkpt lat="39.790886745268246" lon="116.48123589521859">
        <ele>30.5</ele>
        <time>2022-04-07T11:34:04Z</time>
      </trkpt>
      <trkpt lat="39.79088560244144" lon="116.48126670623132">
        <ele>30.5</ele>
        <time>2022-04-07T11:34:05Z</time>
      </trkpt>
      <trkpt lat="39.79088637266577" lon="116.48129752527966">
        <ele>30.5</ele>
        <time>2022-04-07T11:34:06Z</time>
      </trkpt>
      <trkpt lat="39.79088888473061" lon="116.48132820949911">
        <ele>30.5</ele>
        <time>2022-04-07T11:34:07Z</time>
      </trkpt>
      <trkpt lat="39.790893099727285" lon="116.48135828034783">
        <ele>30.5</ele>
        <time>2022-04-07T11:34:08Z</time>
      </trkpt>
      <trkpt lat="39.79089898440841" lon="116.48138827778003">
        <ele>30.1</ele>
        <time>2022-04-07T11:34:09Z</time>
      </trkpt>
      <trkpt lat="39.790906332759334" lon="116.48141801853596">
        <ele>30.1</ele>
        <time>2022-04-07T11:34:10Z</time>
      </trkpt>
      <trkpt lat="39.79091519627498" lon="116.4814472958103">
        <ele>30.1</ele>
        <time>2022-04-07T11:34:11Z</time>
      </trkpt>
      <trkpt lat="39.79092532733651" lon="116.4814760310586">
        <ele>30.1</ele>
        <time>2022-04-07T11:34:12Z</time>
      </trkpt>
      <trkpt lat="39.79093681546707" lon="116.48150398978521">
        <ele>30.1</ele>
        <time>2022-04-07T11:34:13Z</time>
      </trkpt>
      <trkpt lat="39.79094958559284" lon="116.48153101865904">
        <ele>30.1</ele>
        <time>2022-04-07T11:34:14Z</time>
      </trkpt>
      <trkpt lat="39.790963917927016" lon="116.48155664350428">
        <ele>30.1</ele>
        <time>2022-04-07T11:34:15Z</time>
      </trkpt>
      <trkpt lat="39.790979288068016" lon="116.48158092505304">
        <ele>30.1</ele>
        <time>2022-04-07T11:34:16Z</time>
      </trkpt>
      <trkpt lat="39.79099576224586" lon="116.48160358926614">
        <ele>30.1</ele>
        <time>2022-04-07T11:34:17Z</time>
      </trkpt>
      <trkpt lat="39.79101316218702" lon="116.48162469152665">
        <ele>30.1</ele>
        <time>2022-04-07T11:34:18Z</time>
      </trkpt>
      <trkpt lat="39.791031676177155" lon="116.48164437425717">
        <ele>30.1</ele>
        <time>2022-04-07T11:34:19Z</time>
      </trkpt>
      <trkpt lat="39.791050931833574" lon="116.48166228472326">
        <ele>30.1</ele>
        <time>2022-04-07T11:34:20Z</time>
      </trkpt>
      <trkpt lat="39.791071138649905" lon="116.48167860724885">
        <ele>30.1</ele>
        <time>2022-04-07T11:34:21Z</time>
      </trkpt>
      <trkpt lat="39.791091929813746" lon="116.48169314174345">
        <ele>30.1</ele>
        <time>2022-04-07T11:34:22Z</time>
      </trkpt>
      <trkpt lat="39.7911135459499" lon="116.48170581450904">
        <ele>30.1</ele>
        <time>2022-04-07T11:34:23Z</time>
      </trkpt>
      <trkpt lat="39.791135508093035" lon="116.48171637748247">
        <ele>30.1</ele>
        <time>2022-04-07T11:34:24Z</time>
      </trkpt>
      <trkpt lat="39.7911576350787" lon="116.48172517087713">
        <ele>30.1</ele>
        <time>2022-04-07T11:34:25Z</time>
      </trkpt>
      <trkpt lat="39.79117992779006" lon="116.48173223694602">
        <ele>30.1</ele>
        <time>2022-04-07T11:34:26Z</time>
      </trkpt>
      <trkpt lat="39.79120234317906" lon="116.48173777246267">
        <ele>30.1</ele>
        <time>2022-04-07T11:34:27Z</time>
      </trkpt>
      <trkpt lat="39.7912248698517" lon="116.48174175404888">
        <ele>30.1</ele>
        <time>2022-04-07T11:34:28Z</time>
      </trkpt>
      <trkpt lat="39.79124756251007" lon="116.48174438628108">
        <ele>30.6</ele>
        <time>2022-04-07T11:34:29Z</time>
      </trkpt>
      <trkpt lat="39.791270466651554" lon="116.4817455812309">
        <ele>30.6</ele>
        <time>2022-04-07T11:34:30Z</time>
      </trkpt>
      <trkpt lat="39.791293614862816" lon="116.48174554328254">
        <ele>30.6</ele>
        <time>2022-04-07T11:34:31Z</time>
      </trkpt>
      <trkpt lat="39.79131706181198" lon="116.48174428082142">
        <ele>30.6</ele>
        <time>2022-04-07T11:34:32Z</time>
      </trkpt>
      <trkpt lat="39.791340772619854" lon="116.48174189456596">
        <ele>30.6</ele>
        <time>2022-04-07T11:34:33Z</time>
      </trkpt>
      <trkpt lat="39.791364735423564" lon="116.48173873498831">
        <ele>30.6</ele>
        <time>2022-04-07T11:34:34Z</time>
      </trkpt>
      <trkpt lat="39.7913889492468" lon="116.48173513450624">
        <ele>30.6</ele>
        <time>2022-04-07T11:34:35Z</time>
      </trkpt>
      <trkpt lat="39.79141372804375" lon="116.48173120571636">
        <ele>30.6</ele>
        <time>2022-04-07T11:34:36Z</time>
      </trkpt>
      <trkpt lat="39.7914385539465" lon="116.48172714485806">
        <ele>30.6</ele>
        <time>2022-04-07T11:34:37Z</time>
      </trkpt>
      <trkpt lat="39.79146373108667" lon="116.4817231263237">
        <ele>30.6</ele>
        <time>2022-04-07T11:34:38Z</time>
      </trkpt>
      <trkpt lat="39.79148878026105" lon="116.48171925657115">
        <ele>29.9</ele>
        <time>2022-04-07T11:34:39Z</time>
      </trkpt>
      <trkpt lat="39.79151405923351" lon="116.48171547335475">
        <ele>29.9</ele>
        <time>2022-04-07T11:34:40Z</time>
      </trkpt>
      <trkpt lat="39.79153913482841" lon="116.48171175813053">
        <ele>29.9</ele>
        <time>2022-04-07T11:34:41Z</time>
      </trkpt>
      <trkpt lat="39.791564366501646" lon="116.48170797979945">
        <ele>29.9</ele>
        <time>2022-04-07T11:34:42Z</time>
      </trkpt>
      <trkpt lat="39.791589379800776" lon="116.48170417906776">
        <ele>29.9</ele>
        <time>2022-04-07T11:34:43Z</time>
      </trkpt>
      <trkpt lat="39.79161460889622" lon="116.48170026251871">
        <ele>29.9</ele>
        <time>2022-04-07T11:34:44Z</time>
      </trkpt>
      <trkpt lat="39.79163968068684" lon="116.48169625835146">
        <ele>29.9</ele>
        <time>2022-04-07T11:34:45Z</time>
      </trkpt>
      <trkpt lat="39.79166498349175" lon="116.48169212559783">
        <ele>29.9</ele>
        <time>2022-04-07T11:34:46Z</time>
      </trkpt>
      <trkpt lat="39.791690131150794" lon="116.48168794324255">
        <ele>29.9</ele>
        <time>2022-04-07T11:34:47Z</time>
      </trkpt>
      <trkpt lat="39.79171552726992" lon="116.48168367213715">
        <ele>29.9</ele>
        <time>2022-04-07T11:34:48Z</time>
      </trkpt>
      <trkpt lat="39.79174079532556" lon="116.48167938617453">
        <ele>30.5</ele>
        <time>2022-04-07T11:34:49Z</time>
      </trkpt>
      <trkpt lat="39.791766356871086" lon="116.48167508265945">
        <ele>30.5</ele>
        <time>2022-04-07T11:34:50Z</time>
      </trkpt>
      <trkpt lat="39.79179176291538" lon="116.48167077060907">
        <ele>30.5</ele>
        <time>2022-04-07T11:34:51Z</time>
      </trkpt>
      <trkpt lat="39.7918174152749" lon="116.48166645829247">
        <ele>30.5</ele>
        <time>2022-04-07T11:34:52Z</time>
      </trkpt>
      <trkpt lat="39.79184294454983" lon="116.48166221716207">
        <ele>30.5</ele>
        <time>2022-04-07T11:34:53Z</time>
      </trkpt>
      <trkpt lat="39.791868728353826" lon="116.48165796213529">
        <ele>30.5</ele>
        <time>2022-04-07T11:34:54Z</time>
      </trkpt>
      <trkpt lat="39.791894339378594" lon="116.48165373786075">
        <ele>30.5</ele>
        <time>2022-04-07T11:34:55Z</time>
      </trkpt>
      <trkpt lat="39.791920138376284" lon="116.48164943656177">
        <ele>30.5</ele>
        <time>2022-04-07T11:34:56Z</time>
      </trkpt>
      <trkpt lat="39.79194576157642" lon="116.48164502452785">
        <ele>30.5</ele>
        <time>2022-04-07T11:34:57Z</time>
      </trkpt>
      <trkpt lat="39.791971566015974" lon="116.48164032607299">
        <ele>30.5</ele>
        <time>2022-04-07T11:34:58Z</time>
      </trkpt>
      <trkpt lat="39.79199718515723" lon="116.48163536591507">
        <ele>29.5</ele>
        <time>2022-04-07T11:34:59Z</time>
      </trkpt>
      <trkpt lat="39.79202287361557" lon="116.48162964744593">
        <ele>29.5</ele>
        <time>2022-04-07T11:35:00Z</time>
      </trkpt>
      <trkpt lat="39.792048213658326" lon="116.48162306588071">
        <ele>29.5</ele>
        <time>2022-04-07T11:35:01Z</time>
      </trkpt>
      <trkpt lat="39.792073189938336" lon="116.48161553251028">
        <ele>29.5</ele>
        <time>2022-04-07T11:35:02Z</time>
      </trkpt>
      <trkpt lat="39.792097727446766" lon="116.48160675086206">
        <ele>29.5</ele>
        <time>2022-04-07T11:35:03Z</time>
      </trkpt>
      <trkpt lat="39.792121848049035" lon="116.48159672148668">
        <ele>29.5</ele>
        <time>2022-04-07T11:35:04Z</time>
      </trkpt>
      <trkpt lat="39.79214548917524" lon="116.4815852541377">
        <ele>29.5</ele>
        <time>2022-04-07T11:35:05Z</time>
      </trkpt>
      <trkpt lat="39.79216864708519" lon="116.48157234251393">
        <ele>29.5</ele>
        <time>2022-04-07T11:35:06Z</time>
      </trkpt>
      <trkpt lat="39.79219121272242" lon="116.48155771673086">
        <ele>29.5</ele>
        <time>2022-04-07T11:35:07Z</time>
      </trkpt>
      <trkpt lat="39.79221313358144" lon="116.48154136734655">
        <ele>29.5</ele>
        <time>2022-04-07T11:35:08Z</time>
      </trkpt>
      <trkpt lat="39.792234253723755" lon="116.48152299905838">
        <ele>29.3</ele>
        <time>2022-04-07T11:35:09Z</time>
      </trkpt>
      <trkpt lat="39.79225474184064" lon="116.4815025799817">
        <ele>29.3</ele>
        <time>2022-04-07T11:35:10Z</time>
      </trkpt>
      <trkpt lat="39.79227408887865" lon="116.48148057152947">
        <ele>29.3</ele>
        <time>2022-04-07T11:35:11Z</time>
      </trkpt>
      <trkpt lat="39.79229223837897" lon="116.48145743291528">
        <ele>29.3</ele>
        <time>2022-04-07T11:35:12Z</time>
      </trkpt>
      <trkpt lat="39.79230928385634" lon="116.48143324633803">
        <ele>29.3</ele>
        <time>2022-04-07T11:35:13Z</time>
      </trkpt>
      <trkpt lat="39.79232512120214" lon="116.48140783318188">
        <ele>29.3</ele>
        <time>2022-04-07T11:35:14Z</time>
      </trkpt>
      <trkpt lat="39.79233969051249" lon="116.48138111443356">
        <ele>29.3</ele>
        <time>2022-04-07T11:35:15Z</time>
      </trkpt>
      <trkpt lat="39.79235277054985" lon="116.48135289335399">
        <ele>29.3</ele>
        <time>2022-04-07T11:35:16Z</time>
      </trkpt>
      <trkpt lat="39.79236433744307" lon="116.48132355975056">
        <ele>29.3</ele>
        <time>2022-04-07T11:35:17Z</time>
      </trkpt>
      <trkpt lat="39.79237419297646" lon="116.48129311864618">
        <ele>29.3</ele>
        <time>2022-04-07T11:35:18Z</time>
      </trkpt>
      <trkpt lat="39.79238238267811" lon="116.48126182430049">
        <ele>29</ele>
        <time>2022-04-07T11:35:19Z</time>
      </trkpt>
      <trkpt lat="39.792388686068094" lon="116.48122993808892">
        <ele>29</ele>
        <time>2022-04-07T11:35:20Z</time>
      </trkpt>
      <trkpt lat="39.792392962672274" lon="116.48119779916611">
        <ele>29</ele>
        <time>2022-04-07T11:35:21Z</time>
      </trkpt>
      <trkpt lat="39.79239552266149" lon="116.48116523396139">
        <ele>29</ele>
        <time>2022-04-07T11:35:23Z</time>
      </trkpt>
      <trkpt lat="39.79239655447934" lon="116.4811322328136">
        <ele>29</ele>
        <time>2022-04-07T11:35:24Z</time>
      </trkpt>
      <trkpt lat="39.79239599329457" lon="116.48109870480664">
        <ele>29</ele>
        <time>2022-04-07T11:35:25Z</time>
      </trkpt>
      <trkpt lat="39.792393766120775" lon="116.4810655299967">
        <ele>29</ele>
        <time>2022-04-07T11:35:26Z</time>
      </trkpt>
      <trkpt lat="39.79238994272393" lon="116.48103264508835">
        <ele>29</ele>
        <time>2022-04-07T11:35:27Z</time>
      </trkpt>
      <trkpt lat="39.79238459484531" lon="116.48100082884262">
        <ele>29</ele>
        <time>2022-04-07T11:35:28Z</time>
      </trkpt>
      <trkpt lat="39.792377727197795" lon="116.48096958006313">
        <ele>29.2</ele>
        <time>2022-04-07T11:35:29Z</time>
      </trkpt>
      <trkpt lat="39.79236947203419" lon="116.48093954432383">
        <ele>29.2</ele>
        <time>2022-04-07T11:35:30Z</time>
      </trkpt>
      <trkpt lat="39.792359782553724" lon="116.48091037209632">
        <ele>29.2</ele>
        <time>2022-04-07T11:35:31Z</time>
      </trkpt>
      <trkpt lat="39.79234886186757" lon="116.48088250365714">
        <ele>29.2</ele>
        <time>2022-04-07T11:35:32Z</time>
      </trkpt>
      <trkpt lat="39.79233656370139" lon="116.4808555509602">
        <ele>29.2</ele>
        <time>2022-04-07T11:35:33Z</time>
      </trkpt>
      <trkpt lat="39.79232310451686" lon="116.4808299176878">
        <ele>29.2</ele>
        <time>2022-04-07T11:35:34Z</time>
      </trkpt>
      <trkpt lat="39.7923084079258" lon="116.48080506740894">
        <ele>29.2</ele>
        <time>2022-04-07T11:35:35Z</time>
      </trkpt>
      <trkpt lat="39.79229267349076" lon="116.48078150226307">
        <ele>29.2</ele>
        <time>2022-04-07T11:35:36Z</time>
      </trkpt>
      <trkpt lat="39.79227570095049" lon="116.48075892096202">
        <ele>29.2</ele>
        <time>2022-04-07T11:35:37Z</time>
      </trkpt>
      <trkpt lat="39.79225774995411" lon="116.48073777927512">
        <ele>29.2</ele>
        <time>2022-04-07T11:35:38Z</time>
      </trkpt>
      <trkpt lat="39.7922385713148" lon="116.48071785459119">
        <ele>30</ele>
        <time>2022-04-07T11:35:39Z</time>
      </trkpt>
      <trkpt lat="39.792218498069126" lon="116.48069957522073">
        <ele>30</ele>
        <time>2022-04-07T11:35:40Z</time>
      </trkpt>
      <trkpt lat="39.7921976189057" lon="116.48068289088738">
        <ele>30</ele>
        <time>2022-04-07T11:35:41Z</time>
      </trkpt>
      <trkpt lat="39.79217589951625" lon="116.48066806738264">
        <ele>30</ele>
        <time>2022-04-07T11:35:42Z</time>
      </trkpt>
      <trkpt lat="39.79215349353781" lon="116.48065495248682">
        <ele>30</ele>
        <time>2022-04-07T11:35:43Z</time>
      </trkpt>
      <trkpt lat="39.79213044071982" lon="116.48064355067375">
        <ele>30</ele>
        <time>2022-04-07T11:35:44Z</time>
      </trkpt>
      <trkpt lat="39.79210684348746" lon="116.48063392136147">
        <ele>30</ele>
        <time>2022-04-07T11:35:45Z</time>
      </trkpt>
      <trkpt lat="39.792082686239205" lon="116.48062640479259">
        <ele>30</ele>
        <time>2022-04-07T11:35:46Z</time>
      </trkpt>
      <trkpt lat="39.79205816863418" lon="116.48062069616736">
        <ele>30</ele>
        <time>2022-04-07T11:35:47Z</time>
      </trkpt>
      <trkpt lat="39.792033342286906" lon="116.48061686225506">
        <ele>30</ele>
        <time>2022-04-07T11:35:48Z</time>
      </trkpt>
      <trkpt lat="39.792008303258264" lon="116.48061461600528">
        <ele>28.9</ele>
        <time>2022-04-07T11:35:49Z</time>
      </trkpt>
      <trkpt lat="39.79198310181914" lon="116.4806139196197">
        <ele>28.9</ele>
        <time>2022-04-07T11:35:50Z</time>
      </trkpt>
      <trkpt lat="39.7919578120555" lon="116.48061439318926">
        <ele>28.9</ele>
        <time>2022-04-07T11:35:51Z</time>
      </trkpt>
      <trkpt lat="39.7919321464234" lon="116.48061577989729">
        <ele>28.9</ele>
        <time>2022-04-07T11:35:52Z</time>
      </trkpt>
      <trkpt lat="39.79190655227741" lon="116.48061789922173">
        <ele>28.9</ele>
        <time>2022-04-07T11:35:53Z</time>
      </trkpt>
      <trkpt lat="39.791880683973254" lon="116.48062064476748">
        <ele>28.9</ele>
        <time>2022-04-07T11:35:54Z</time>
      </trkpt>
      <trkpt lat="39.791854976104624" lon="116.48062400043497">
        <ele>28.9</ele>
        <time>2022-04-07T11:35:55Z</time>
      </trkpt>
      <trkpt lat="39.79182906674248" lon="116.4806276770226">
        <ele>28.9</ele>
        <time>2022-04-07T11:35:56Z</time>
      </trkpt>
      <trkpt lat="39.79180334206216" lon="116.48063148162804">
        <ele>28.9</ele>
        <time>2022-04-07T11:35:57Z</time>
      </trkpt>
      <trkpt lat="39.79177737967002" lon="116.48063534213438">
        <ele>28.9</ele>
        <time>2022-04-07T11:35:58Z</time>
      </trkpt>
      <trkpt lat="39.791751574130714" lon="116.48063912133998">
        <ele>29</ele>
        <time>2022-04-07T11:35:59Z</time>
      </trkpt>
      <trkpt lat="39.79172555520751" lon="116.48064285951969">
        <ele>29</ele>
        <time>2022-04-07T11:36:00Z</time>
      </trkpt>
      <trkpt lat="39.791699700513895" lon="116.48064653216277">
        <ele>29</ele>
        <time>2022-04-07T11:36:01Z</time>
      </trkpt>
      <trkpt lat="39.79167362218965" lon="116.4806503258588">
        <ele>29</ele>
        <time>2022-04-07T11:36:02Z</time>
      </trkpt>
      <trkpt lat="39.79164771258595" lon="116.48065427958653">
        <ele>29</ele>
        <time>2022-04-07T11:36:03Z</time>
      </trkpt>
      <trkpt lat="39.791621583738745" lon="116.48065850149433">
        <ele>29</ele>
        <time>2022-04-07T11:36:04Z</time>
      </trkpt>
      <trkpt lat="39.791595602037106" lon="116.48066286426167">
        <ele>29</ele>
        <time>2022-04-07T11:36:05Z</time>
      </trkpt>
      <trkpt lat="39.79156936354918" lon="116.48066740104909">
        <ele>29</ele>
        <time>2022-04-07T11:36:06Z</time>
      </trkpt>
      <trkpt lat="39.791543231140565" lon="116.48067195281271">
        <ele>29</ele>
        <time>2022-04-07T11:36:07Z</time>
      </trkpt>
      <trkpt lat="39.791516820843825" lon="116.4806765056553">
        <ele>29</ele>
        <time>2022-04-07T11:36:08Z</time>
      </trkpt>
      <trkpt lat="39.791490563724594" lon="116.48068101622614">
        <ele>29.5</ele>
        <time>2022-04-07T11:36:09Z</time>
      </trkpt>
      <trkpt lat="39.79146409199487" lon="116.48068558448618">
        <ele>29.5</ele>
        <time>2022-04-07T11:36:10Z</time>
      </trkpt>
      <trkpt lat="39.79143779678728" lon="116.48069011150393">
        <ele>29.5</ele>
        <time>2022-04-07T11:36:11Z</time>
      </trkpt>
      <trkpt lat="39.79141134235639" lon="116.48069472912937">
        <ele>29.5</ele>
        <time>2022-04-07T11:36:12Z</time>
      </trkpt>
      <trkpt lat="39.791385120691096" lon="116.48069934632021">
        <ele>29.5</ele>
        <time>2022-04-07T11:36:13Z</time>
      </trkpt>
      <trkpt lat="39.79135875514612" lon="116.48070398765776">
        <ele>29.5</ele>
        <time>2022-04-07T11:36:14Z</time>
      </trkpt>
      <trkpt lat="39.791332646842534" lon="116.48070857817727">
        <ele>29.5</ele>
        <time>2022-04-07T11:36:15Z</time>
      </trkpt>
      <trkpt lat="39.79130641421348" lon="116.48071332176772">
        <ele>29.5</ele>
        <time>2022-04-07T11:36:16Z</time>
      </trkpt>
      <trkpt lat="39.79128047833425" lon="116.48071829792752">
        <ele>29.5</ele>
        <time>2022-04-07T11:36:17Z</time>
      </trkpt>
      <trkpt lat="39.79125450344434" lon="116.48072387477451">
        <ele>29.5</ele>
        <time>2022-04-07T11:36:18Z</time>
      </trkpt>
      <trkpt lat="39.79122892145312" lon="116.48073019689087">
        <ele>28.9</ele>
        <time>2022-04-07T11:36:19Z</time>
      </trkpt>
      <trkpt lat="39.79120339972245" lon="116.48073757088565">
        <ele>28.9</ele>
        <time>2022-04-07T11:36:20Z</time>
      </trkpt>
      <trkpt lat="39.79117835964327" lon="116.48074602793693">
        <ele>28.9</ele>
        <time>2022-04-07T11:36:21Z</time>
      </trkpt>
      <trkpt lat="39.79115352875359" lon="116.48075592144585">
        <ele>28.9</ele>
        <time>2022-04-07T11:36:22Z</time>
      </trkpt>
      <trkpt lat="39.79112934043093" lon="116.48076716096186">
        <ele>28.9</ele>
        <time>2022-04-07T11:36:23Z</time>
      </trkpt>
      <trkpt lat="39.791105599982686" lon="116.48078009814037">
        <ele>28.9</ele>
        <time>2022-04-07T11:36:24Z</time>
      </trkpt>
      <trkpt lat="39.79108276824296" lon="116.48079467010334">
        <ele>28.9</ele>
        <time>2022-04-07T11:36:25Z</time>
      </trkpt>
      <trkpt lat="39.79106064870168" lon="116.48081121479069">
        <ele>28.9</ele>
        <time>2022-04-07T11:36:26Z</time>
      </trkpt>
      <trkpt lat="39.79103967461904" lon="116.48082954600194">
        <ele>28.9</ele>
        <time>2022-04-07T11:36:27Z</time>
      </trkpt>
      <trkpt lat="39.791019613816516" lon="116.48084988167909">
        <ele>28.9</ele>
        <time>2022-04-07T11:36:28Z</time>
      </trkpt>
      <trkpt lat="39.79100073191059" lon="116.48087176385098">
        <ele>28.7</ele>
        <time>2022-04-07T11:36:29Z</time>
      </trkpt>
      <trkpt lat="39.79098293732664" lon="116.48089548375461">
        <ele>28.7</ele>
        <time>2022-04-07T11:36:30Z</time>
      </trkpt>
      <trkpt lat="39.79096656339628" lon="116.48092062797691">
        <ele>28.7</ele>
        <time>2022-04-07T11:36:31Z</time>
      </trkpt>
      <trkpt lat="39.790951450469905" lon="116.48094741475059">
        <ele>28.7</ele>
        <time>2022-04-07T11:36:32Z</time>
      </trkpt>
      <trkpt lat="39.790937913129945" lon="116.48097534710155">
        <ele>28.7</ele>
        <time>2022-04-07T11:36:33Z</time>
      </trkpt>
      <trkpt lat="39.79092584895566" lon="116.48100465213538">
        <ele>28.7</ele>
        <time>2022-04-07T11:36:34Z</time>
      </trkpt>
      <trkpt lat="39.79091544011185" lon="116.4810347355208">
        <ele>28.7</ele>
        <time>2022-04-07T11:36:35Z</time>
      </trkpt>
      <trkpt lat="39.79090659511521" lon="116.48106584503108">
        <ele>28.7</ele>
        <time>2022-04-07T11:36:36Z</time>
      </trkpt>
      <trkpt lat="39.79089947865986" lon="116.48109735397964">
        <ele>28.7</ele>
        <time>2022-04-07T11:36:37Z</time>
      </trkpt>
      <trkpt lat="39.79089401916216" lon="116.48112954754676">
        <ele>28.7</ele>
        <time>2022-04-07T11:36:38Z</time>
      </trkpt>
      <trkpt lat="39.790890295670046" lon="116.48116186532647">
        <ele>29.2</ele>
        <time>2022-04-07T11:36:39Z</time>
      </trkpt>
      <trkpt lat="39.79088830447355" lon="116.4811947660089">
        <ele>29.2</ele>
        <time>2022-04-07T11:36:40Z</time>
      </trkpt>
      <trkpt lat="39.790887914308364" lon="116.4812276394383">
        <ele>29.2</ele>
        <time>2022-04-07T11:36:41Z</time>
      </trkpt>
      <trkpt lat="39.790889022673106" lon="116.48126085696235">
        <ele>29.2</ele>
        <time>2022-04-07T11:36:42Z</time>
      </trkpt>
      <trkpt lat="39.79089155716824" lon="116.48129386723936">
        <ele>29.2</ele>
        <time>2022-04-07T11:36:43Z</time>
      </trkpt>
      <trkpt lat="39.79089543603487" lon="116.48132703499105">
        <ele>29.2</ele>
        <time>2022-04-07T11:36:44Z</time>
      </trkpt>
      <trkpt lat="39.79090063061948" lon="116.4813597025409">
        <ele>29.2</ele>
        <time>2022-04-07T11:36:45Z</time>
      </trkpt>
      <trkpt lat="39.79090720696095" lon="116.48139216868717">
        <ele>29.2</ele>
        <time>2022-04-07T11:36:46Z</time>
      </trkpt>
      <trkpt lat="39.79091488200184" lon="116.48142398183042">
        <ele>29.2</ele>
        <time>2022-04-07T11:36:47Z</time>
      </trkpt>
      <trkpt lat="39.790923965797454" lon="116.48145529612064">
        <ele>29.2</ele>
        <time>2022-04-07T11:36:48Z</time>
      </trkpt>
      <trkpt lat="39.79093427925868" lon="116.4814855420971">
        <ele>29.6</ele>
        <time>2022-04-07T11:36:49Z</time>
      </trkpt>
      <trkpt lat="39.790945993403746" lon="116.48151503040533">
        <ele>29.6</ele>
        <time>2022-04-07T11:36:50Z</time>
      </trkpt>
      <trkpt lat="39.79095899154148" lon="116.4815431663916">
        <ele>29.6</ele>
        <time>2022-04-07T11:36:51Z</time>
      </trkpt>
      <trkpt lat="39.79097349936818" lon="116.48157018790984">
        <ele>29.6</ele>
        <time>2022-04-07T11:36:52Z</time>
      </trkpt>
      <trkpt lat="39.79098933183732" lon="116.48159554059167">
        <ele>29.6</ele>
        <time>2022-04-07T11:36:53Z</time>
      </trkpt>
      <trkpt lat="39.79100645694014" lon="116.48161918780524">
        <ele>29.6</ele>
        <time>2022-04-07T11:36:54Z</time>
      </trkpt>
      <trkpt lat="39.79102499925021" lon="116.48164084866477">
        <ele>29.6</ele>
        <time>2022-04-07T11:36:55Z</time>
      </trkpt>
      <trkpt lat="39.79104471593463" lon="116.48166063806254">
        <ele>29.6</ele>
        <time>2022-04-07T11:36:56Z</time>
      </trkpt>
      <trkpt lat="39.791065636306236" lon="116.48167836737329">
        <ele>29.6</ele>
        <time>2022-04-07T11:36:57Z</time>
      </trkpt>
      <trkpt lat="39.79108773657651" lon="116.48169403000378">
        <ele>29.6</ele>
        <time>2022-04-07T11:36:58Z</time>
      </trkpt>
      <trkpt lat="39.79111077912902" lon="116.48170761197916">
        <ele>28.8</ele>
        <time>2022-04-07T11:36:59Z</time>
      </trkpt>
      <trkpt lat="39.791134614536006" lon="116.48171923563767">
        <ele>28.8</ele>
        <time>2022-04-07T11:37:00Z</time>
      </trkpt>
      <trkpt lat="39.791159236807395" lon="116.48172867923746">
        <ele>28.8</ele>
        <time>2022-04-07T11:37:01Z</time>
      </trkpt>
      <trkpt lat="39.791184658464665" lon="116.48173629712576">
        <ele>28.8</ele>
        <time>2022-04-07T11:37:02Z</time>
      </trkpt>
      <trkpt lat="39.791210268238984" lon="116.48174185456809">
        <ele>28.8</ele>
        <time>2022-04-07T11:37:03Z</time>
      </trkpt>
      <trkpt lat="39.791236387858575" lon="116.48174556375967">
        <ele>28.8</ele>
        <time>2022-04-07T11:37:04Z</time>
      </trkpt>
      <trkpt lat="39.79126285488531" lon="116.48174773928854">
        <ele>28.8</ele>
        <time>2022-04-07T11:37:05Z</time>
      </trkpt>
      <trkpt lat="39.79128960836646" lon="116.48174847304495">
        <ele>28.8</ele>
        <time>2022-04-07T11:37:06Z</time>
      </trkpt>
      <trkpt lat="39.7913165595294" lon="116.48174809106582">
        <ele>28.8</ele>
        <time>2022-04-07T11:37:07Z</time>
      </trkpt>
      <trkpt lat="39.79134362278718" lon="116.48174671221017">
        <ele>28.8</ele>
        <time>2022-04-07T11:37:08Z</time>
      </trkpt>
      <trkpt lat="39.79137071766887" lon="116.48174461294163">
        <ele>29</ele>
        <time>2022-04-07T11:37:09Z</time>
      </trkpt>
      <trkpt lat="39.791397771358575" lon="116.48174193957924">
        <ele>29</ele>
        <time>2022-04-07T11:37:10Z</time>
      </trkpt>
      <trkpt lat="39.791424748771576" lon="116.48173890655048">
        <ele>29</ele>
        <time>2022-04-07T11:37:11Z</time>
      </trkpt>
      <trkpt lat="39.7914516093679" lon="116.48173562969185">
        <ele>29</ele>
        <time>2022-04-07T11:37:12Z</time>
      </trkpt>
      <trkpt lat="39.79147814429822" lon="116.4817320957336">
        <ele>29</ele>
        <time>2022-04-07T11:37:13Z</time>
      </trkpt>
      <trkpt lat="39.79150490486207" lon="116.48172849389452">
        <ele>29</ele>
        <time>2022-04-07T11:37:14Z</time>
      </trkpt>
      <trkpt lat="39.791531445055874" lon="116.48172497087337">
        <ele>29</ele>
        <time>2022-04-07T11:37:15Z</time>
      </trkpt>
      <trkpt lat="39.791558133712506" lon="116.48172151032786">
        <ele>29</ele>
        <time>2022-04-07T11:37:16Z</time>
      </trkpt>
      <trkpt lat="39.791584556775604" lon="116.48171813176918">
        <ele>29</ele>
        <time>2022-04-07T11:37:17Z</time>
      </trkpt>
      <trkpt lat="39.791611120295485" lon="116.48171473064329">
        <ele>29</ele>
        <time>2022-04-07T11:37:18Z</time>
      </trkpt>
      <trkpt lat="39.791637449913765" lon="116.48171127459092">
        <ele>29.4</ele>
        <time>2022-04-07T11:37:19Z</time>
      </trkpt>
      <trkpt lat="39.79166397134938" lon="116.48170760443337">
        <ele>29.4</ele>
        <time>2022-04-07T11:37:20Z</time>
      </trkpt>
      <trkpt lat="39.79169032489135" lon="116.48170371718211">
        <ele>29.4</ele>
        <time>2022-04-07T11:37:21Z</time>
      </trkpt>
      <trkpt lat="39.79171691364926" lon="116.48169958595983">
        <ele>29.4</ele>
        <time>2022-04-07T11:37:22Z</time>
      </trkpt>
      <trkpt lat="39.79174334923017" lon="116.48169532562969">
        <ele>29.4</ele>
        <time>2022-04-07T11:37:23Z</time>
      </trkpt>
      <trkpt lat="39.79177004768751" lon="116.48169095458323">
        <ele>29.4</ele>
        <time>2022-04-07T11:37:24Z</time>
      </trkpt>
      <trkpt lat="39.79179662302206" lon="116.48168658784594">
        <ele>29.4</ele>
        <time>2022-04-07T11:37:25Z</time>
      </trkpt>
      <trkpt lat="39.79182346186841" lon="116.4816821478236">
        <ele>29.4</ele>
        <time>2022-04-07T11:37:26Z</time>
      </trkpt>
      <trkpt lat="39.79185018843718" lon="116.48167765425849">
        <ele>29.4</ele>
        <time>2022-04-07T11:37:27Z</time>
      </trkpt>
      <trkpt lat="39.791877162541525" lon="116.48167298424043">
        <ele>29.4</ele>
        <time>2022-04-07T11:37:28Z</time>
      </trkpt>
      <trkpt lat="39.791903972294" lon="116.48166812106071">
        <ele>29.9</ele>
        <time>2022-04-07T11:37:29Z</time>
      </trkpt>
      <trkpt lat="39.79193097463176" lon="116.4816628910988">
        <ele>29.9</ele>
        <time>2022-04-07T11:37:30Z</time>
      </trkpt>
      <trkpt lat="39.79195770309717" lon="116.48165727493674">
        <ele>29.9</ele>
        <time>2022-04-07T11:37:31Z</time>
      </trkpt>
      <trkpt lat="39.79198447267654" lon="116.48165097186524">
        <ele>29.9</ele>
        <time>2022-04-07T11:37:32Z</time>
      </trkpt>
      <trkpt lat="39.7920108226256" lon="116.48164390361491">
        <ele>29.9</ele>
        <time>2022-04-07T11:37:33Z</time>
      </trkpt>
      <trkpt lat="39.79203705505202" lon="116.48163573101418">
        <ele>29.9</ele>
        <time>2022-04-07T11:37:34Z</time>
      </trkpt>
      <trkpt lat="39.792062724808105" lon="116.48162643365058">
        <ele>29.9</ele>
        <time>2022-04-07T11:37:35Z</time>
      </trkpt>
      <trkpt lat="39.79208814271588" lon="116.4816157202488">
        <ele>29.9</ele>
        <time>2022-04-07T11:37:36Z</time>
      </trkpt>
      <trkpt lat="39.79211287730932" lon="116.48160367909439">
        <ele>29.9</ele>
        <time>2022-04-07T11:37:37Z</time>
      </trkpt>
      <trkpt lat="39.79213719231712" lon="116.4815900298719">
        <ele>29.9</ele>
        <time>2022-04-07T11:37:38Z</time>
      </trkpt>
      <trkpt lat="39.79216065881478" lon="116.48157492647523">
        <ele>29.6</ele>
        <time>2022-04-07T11:37:39Z</time>
      </trkpt>
      <trkpt lat="39.792183532553246" lon="116.48155812115857">
        <ele>29.6</ele>
        <time>2022-04-07T11:37:40Z</time>
      </trkpt>
      <trkpt lat="39.792205493286716" lon="116.48153999444737">
        <ele>29.6</ele>
        <time>2022-04-07T11:37:41Z</time>
      </trkpt>
      <trkpt lat="39.792226633786264" lon="116.48152020550168">
        <ele>29.6</ele>
        <time>2022-04-07T11:37:42Z</time>
      </trkpt>
      <trkpt lat="39.79224659450701" lon="116.48149917403549">
        <ele>29.6</ele>
        <time>2022-04-07T11:37:43Z</time>
      </trkpt>
      <trkpt lat="39.792265597126146" lon="116.4814766987734">
        <ele>29.6</ele>
        <time>2022-04-07T11:37:44Z</time>
      </trkpt>
      <trkpt lat="39.79228331021388" lon="116.48145319705525">
        <ele>29.6</ele>
        <time>2022-04-07T11:37:45Z</time>
      </trkpt>
      <trkpt lat="39.792299932207115" lon="116.48142835738855">
        <ele>29.6</ele>
        <time>2022-04-07T11:37:46Z</time>
      </trkpt>
      <trkpt lat="39.79231513484559" lon="116.48140254216524">
        <ele>29.6</ele>
        <time>2022-04-07T11:37:47Z</time>
      </trkpt>
      <trkpt lat="39.79232906724889" lon="116.4813754076074">
        <ele>29.6</ele>
        <time>2022-04-07T11:37:48Z</time>
      </trkpt>
      <trkpt lat="39.792341469930555" lon="116.48134738205212">
        <ele>29.7</ele>
        <time>2022-04-07T11:37:49Z</time>
      </trkpt>
      <trkpt lat="39.79235250004959" lon="116.48131811008803">
        <ele>29.7</ele>
        <time>2022-04-07T11:37:50Z</time>
      </trkpt>
      <trkpt lat="39.79236194063734" lon="116.4812881070214">
        <ele>29.7</ele>
        <time>2022-04-07T11:37:51Z</time>
      </trkpt>
      <trkpt lat="39.79236978080731" lon="116.48125692464848">
        <ele>29.7</ele>
        <time>2022-04-07T11:37:52Z</time>
      </trkpt>
      <trkpt lat="39.79237597648479" lon="116.48122526912557">
        <ele>29.7</ele>
        <time>2022-04-07T11:37:53Z</time>
      </trkpt>
      <trkpt lat="39.792380552216166" lon="116.48119281277556">
        <ele>29.7</ele>
        <time>2022-04-07T11:37:54Z</time>
      </trkpt>
      <trkpt lat="39.792383366110094" lon="116.48116019843278">
        <ele>29.7</ele>
        <time>2022-04-07T11:37:55Z</time>
      </trkpt>
      <trkpt lat="39.79238437898055" lon="116.4811271347734">
        <ele>29.7</ele>
        <time>2022-04-07T11:37:56Z</time>
      </trkpt>
      <trkpt lat="39.79238353488128" lon="116.48109427466306">
        <ele>29.7</ele>
        <time>2022-04-07T11:37:57Z</time>
      </trkpt>
      <trkpt lat="39.79238085511874" lon="116.48106130433642">
        <ele>29.7</ele>
        <time>2022-04-07T11:37:58Z</time>
      </trkpt>
      <trkpt lat="39.79237651905044" lon="116.48102873150545">
        <ele>30.5</ele>
        <time>2022-04-07T11:37:59Z</time>
      </trkpt>
      <trkpt lat="39.79237032320109" lon="116.4809963737869">
        <ele>30.5</ele>
        <time>2022-04-07T11:38:00Z</time>
      </trkpt>
      <trkpt lat="39.792362411615414" lon="116.48096476005443">
        <ele>30.5</ele>
        <time>2022-04-07T11:38:01Z</time>
      </trkpt>
      <trkpt lat="39.79235274311819" lon="116.48093351455196">
        <ele>30.5</ele>
        <time>2022-04-07T11:38:02Z</time>
      </trkpt>
      <trkpt lat="39.79234151573107" lon="116.48090318918503">
        <ele>30.5</ele>
        <time>2022-04-07T11:38:03Z</time>
      </trkpt>
      <trkpt lat="39.79232875435985" lon="116.48087338742316">
        <ele>30.5</ele>
        <time>2022-04-07T11:38:04Z</time>
      </trkpt>
      <trkpt lat="39.79231476228242" lon="116.4808445566824">
        <ele>30.5</ele>
        <time>2022-04-07T11:38:05Z</time>
      </trkpt>
      <trkpt lat="39.79229946461308" lon="116.48081636215407">
        <ele>30.5</ele>
        <time>2022-04-07T11:38:06Z</time>
      </trkpt>
      <trkpt lat="39.79228314570214" lon="116.48078934150783">
        <ele>30.5</ele>
        <time>2022-04-07T11:38:07Z</time>
      </trkpt>
      <trkpt lat="39.79226563849818" lon="116.48076326689072">
        <ele>30.5</ele>
        <time>2022-04-07T11:38:08Z</time>
      </trkpt>
      <trkpt lat="39.792247174496374" lon="116.48073878840373">
        <ele>29.4</ele>
        <time>2022-04-07T11:38:09Z</time>
      </trkpt>
      <trkpt lat="39.79222738546305" lon="116.48071592602098">
        <ele>29.4</ele>
        <time>2022-04-07T11:38:10Z</time>
      </trkpt>
      <trkpt lat="39.792206757203374" lon="116.48069502943113">
        <ele>29.4</ele>
        <time>2022-04-07T11:38:11Z</time>
      </trkpt>
      <trkpt lat="39.792185006776656" lon="116.48067602415016">
        <ele>29.4</ele>
        <time>2022-04-07T11:38:12Z</time>
      </trkpt>
      <trkpt lat="39.79216248607363" lon="116.48065921474156">
        <ele>29.4</ele>
        <time>2022-04-07T11:38:13Z</time>
      </trkpt>
      <trkpt lat="39.79213893003374" lon="116.48064438885665">
        <ele>29.4</ele>
        <time>2022-04-07T11:38:14Z</time>
      </trkpt>
      <trkpt lat="39.79211470318479" lon="116.48063184186442">
        <ele>29.4</ele>
        <time>2022-04-07T11:38:15Z</time>
      </trkpt>
      <trkpt lat="39.79208952486145" lon="116.48062139552724">
        <ele>29.4</ele>
        <time>2022-04-07T11:38:16Z</time>
      </trkpt>
      <trkpt lat="39.79206383189536" lon="116.48061306828127">
        <ele>29.4</ele>
        <time>2022-04-07T11:38:17Z</time>
      </trkpt>
      <trkpt lat="39.792037436346" lon="116.48060669303085">
        <ele>29.4</ele>
        <time>2022-04-07T11:38:18Z</time>
      </trkpt>
      <trkpt lat="39.79201080564405" lon="116.48060227509484">
        <ele>29.2</ele>
        <time>2022-04-07T11:38:19Z</time>
      </trkpt>
      <trkpt lat="39.79198405407841" lon="116.48059943961981">
        <ele>29.2</ele>
        <time>2022-04-07T11:38:20Z</time>
      </trkpt>
      <trkpt lat="39.79195725131371" lon="116.48059810114837">
        <ele>29.2</ele>
        <time>2022-04-07T11:38:21Z</time>
      </trkpt>
      <trkpt lat="39.791930477770634" lon="116.48059797109886">
        <ele>29.2</ele>
        <time>2022-04-07T11:38:22Z</time>
      </trkpt>
      <trkpt lat="39.79190374483132" lon="116.48059895774583">
        <ele>29.2</ele>
        <time>2022-04-07T11:38:23Z</time>
      </trkpt>
      <trkpt lat="39.79187704456534" lon="116.48060086952003">
        <ele>29.2</ele>
        <time>2022-04-07T11:38:24Z</time>
      </trkpt>
      <trkpt lat="39.7918503572689" lon="116.48060363363896">
        <ele>29.2</ele>
        <time>2022-04-07T11:38:25Z</time>
      </trkpt>
      <trkpt lat="39.79182331317958" lon="116.4806071015229">
        <ele>29.2</ele>
        <time>2022-04-07T11:38:26Z</time>
      </trkpt>
      <trkpt lat="39.79179630592889" lon="116.48061114520235">
        <ele>29.2</ele>
        <time>2022-04-07T11:38:27Z</time>
      </trkpt>
      <trkpt lat="39.79176899292964" lon="116.48061581520321">
        <ele>29.2</ele>
        <time>2022-04-07T11:38:28Z</time>
      </trkpt>
      <trkpt lat="39.791741762707034" lon="116.48062085235331">
        <ele>29.4</ele>
        <time>2022-04-07T11:38:29Z</time>
      </trkpt>
      <trkpt lat="39.79171456492384" lon="116.48062611663887">
        <ele>29.4</ele>
        <time>2022-04-07T11:38:30Z</time>
      </trkpt>
      <trkpt lat="39.79168704231112" lon="116.48063155043096">
        <ele>29.4</ele>
        <time>2022-04-07T11:38:31Z</time>
      </trkpt>
      <trkpt lat="39.79165956088407" lon="116.48063702827456">
        <ele>29.4</ele>
        <time>2022-04-07T11:38:32Z</time>
      </trkpt>
      <trkpt lat="39.791631722613936" lon="116.48064250953769">
        <ele>29.4</ele>
        <time>2022-04-07T11:38:33Z</time>
      </trkpt>
      <trkpt lat="39.791603755184745" lon="116.4806479311642">
        <ele>29.4</ele>
        <time>2022-04-07T11:38:34Z</time>
      </trkpt>
      <trkpt lat="39.79157583588719" lon="116.48065326440408">
        <ele>29.4</ele>
        <time>2022-04-07T11:38:35Z</time>
      </trkpt>
      <trkpt lat="39.79154822263203" lon="116.4806585019313">
        <ele>29.4</ele>
        <time>2022-04-07T11:38:36Z</time>
      </trkpt>
      <trkpt lat="39.791521306537895" lon="116.48066355339604">
        <ele>29.4</ele>
        <time>2022-04-07T11:38:37Z</time>
      </trkpt>
      <trkpt lat="39.79149455781188" lon="116.48066853447928">
        <ele>29.4</ele>
        <time>2022-04-07T11:38:38Z</time>
      </trkpt>
      <trkpt lat="39.7914682442304" lon="116.48067337996531">
        <ele>30</ele>
        <time>2022-04-07T11:38:39Z</time>
      </trkpt>
      <trkpt lat="39.791441914160224" lon="116.480678209723">
        <ele>30</ele>
        <time>2022-04-07T11:38:40Z</time>
      </trkpt>
      <trkpt lat="39.79141526707886" lon="116.48068307895647">
        <ele>30</ele>
        <time>2022-04-07T11:38:41Z</time>
      </trkpt>
      <trkpt lat="39.79138852574171" lon="116.48068793543077">
        <ele>30</ele>
        <time>2022-04-07T11:38:42Z</time>
      </trkpt>
      <trkpt lat="39.79136188340128" lon="116.48069266319696">
        <ele>30</ele>
        <time>2022-04-07T11:38:43Z</time>
      </trkpt>
      <trkpt lat="39.791335643288235" lon="116.48069725241709">
        <ele>30</ele>
        <time>2022-04-07T11:38:44Z</time>
      </trkpt>
      <trkpt lat="39.79130954772622" lon="116.48070182879414">
        <ele>30</ele>
        <time>2022-04-07T11:38:45Z</time>
      </trkpt>
      <trkpt lat="39.79128343996368" lon="116.48070657279276">
        <ele>30</ele>
        <time>2022-04-07T11:38:46Z</time>
      </trkpt>
      <trkpt lat="39.791257322401385" lon="116.4807114838467">
        <ele>30</ele>
        <time>2022-04-07T11:38:47Z</time>
      </trkpt>
      <trkpt lat="39.7912311940613" lon="116.480717115818">
        <ele>30</ele>
        <time>2022-04-07T11:38:48Z</time>
      </trkpt>
      <trkpt lat="39.79120556218462" lon="116.48072359019002">
        <ele>29.7</ele>
        <time>2022-04-07T11:38:49Z</time>
      </trkpt>
      <trkpt lat="39.791180172624244" lon="116.48073126682404">
        <ele>29.7</ele>
        <time>2022-04-07T11:38:50Z</time>
      </trkpt>
      <trkpt lat="39.79115552643126" lon="116.48074017279643">
        <ele>29.7</ele>
        <time>2022-04-07T11:38:51Z</time>
      </trkpt>
      <trkpt lat="39.791131696794984" lon="116.48075059716349">
        <ele>29.7</ele>
        <time>2022-04-07T11:38:52Z</time>
      </trkpt>
      <trkpt lat="39.79110880492963" lon="116.48076240247306">
        <ele>29.7</ele>
        <time>2022-04-07T11:38:53Z</time>
      </trkpt>
      <trkpt lat="39.791086499061564" lon="116.48077608121733">
        <ele>29.7</ele>
        <time>2022-04-07T11:38:54Z</time>
      </trkpt>
      <trkpt lat="39.79106494582158" lon="116.48079156784168">
        <ele>29.7</ele>
        <time>2022-04-07T11:38:55Z</time>
      </trkpt>
      <trkpt lat="39.79104432128189" lon="116.4808089962">
        <ele>29.7</ele>
        <time>2022-04-07T11:38:56Z</time>
      </trkpt>
      <trkpt lat="39.79102464997335" lon="116.48082816780226">
        <ele>29.7</ele>
        <time>2022-04-07T11:38:57Z</time>
      </trkpt>
      <trkpt lat="39.79100590985088" lon="116.48084941148852">
        <ele>29.7</ele>
        <time>2022-04-07T11:38:58Z</time>
      </trkpt>
      <trkpt lat="39.79098812282413" lon="116.48087219677981">
        <ele>29.4</ele>
        <time>2022-04-07T11:38:59Z</time>
      </trkpt>
      <trkpt lat="39.79097112607675" lon="116.48089667945636">
        <ele>29.4</ele>
        <time>2022-04-07T11:39:00Z</time>
      </trkpt>
      <trkpt lat="39.79095535707784" lon="116.48092240296677">
        <ele>29.4</ele>
        <time>2022-04-07T11:39:01Z</time>
      </trkpt>
      <trkpt lat="39.79094068011446" lon="116.48094959961841">
        <ele>29.4</ele>
        <time>2022-04-07T11:39:02Z</time>
      </trkpt>
      <trkpt lat="39.79092740735521" lon="116.48097776436542">
        <ele>29.4</ele>
        <time>2022-04-07T11:39:03Z</time>
      </trkpt>
      <trkpt lat="39.79091553542872" lon="116.4810072874202">
        <ele>29.4</ele>
        <time>2022-04-07T11:39:04Z</time>
      </trkpt>
      <trkpt lat="39.79090523777689" lon="116.48103752132599">
        <ele>29.4</ele>
        <time>2022-04-07T11:39:05Z</time>
      </trkpt>
      <trkpt lat="39.79089634737697" lon="116.48106875475247">
        <ele>29.4</ele>
        <time>2022-04-07T11:39:06Z</time>
      </trkpt>
      <trkpt lat="39.79088908043428" lon="116.48110048178945">
        <ele>29.4</ele>
        <time>2022-04-07T11:39:07Z</time>
      </trkpt>
      <trkpt lat="39.79088348853876" lon="116.48113298450383">
        <ele>29.4</ele>
        <time>2022-04-07T11:39:08Z</time>
      </trkpt>
      <trkpt lat="39.79087978409078" lon="116.48116566051459">
        <ele>29.4</ele>
        <time>2022-04-07T11:39:09Z</time>
      </trkpt>
      <trkpt lat="39.79087802857082" lon="116.4811987406645">
        <ele>29.4</ele>
        <time>2022-04-07T11:39:10Z</time>
      </trkpt>
      <trkpt lat="39.79087835052115" lon="116.48123156139562">
        <ele>29.4</ele>
        <time>2022-04-07T11:39:11Z</time>
      </trkpt>
      <trkpt lat="39.790880524730504" lon="116.48126389133837">
        <ele>29.4</ele>
        <time>2022-04-07T11:39:12Z</time>
      </trkpt>
      <trkpt lat="39.79088456620319" lon="116.48129562939651">
        <ele>29.4</ele>
        <time>2022-04-07T11:39:13Z</time>
      </trkpt>
      <trkpt lat="39.79089017222709" lon="116.48132685048961">
        <ele>29.4</ele>
        <time>2022-04-07T11:39:14Z</time>
      </trkpt>
      <trkpt lat="39.79089740268597" lon="116.48135755730944">
        <ele>29.4</ele>
        <time>2022-04-07T11:39:15Z</time>
      </trkpt>
      <trkpt lat="39.79090601653342" lon="116.48138783528262">
        <ele>29.4</ele>
        <time>2022-04-07T11:39:16Z</time>
      </trkpt>
      <trkpt lat="39.7909160887623" lon="116.48141767291303">
        <ele>29.4</ele>
        <time>2022-04-07T11:39:17Z</time>
      </trkpt>
      <trkpt lat="39.79092750357281" lon="116.48144704386713">
        <ele>29.4</ele>
        <time>2022-04-07T11:39:18Z</time>
      </trkpt>
      <trkpt lat="39.790940325739946" lon="116.48147580542125">
        <ele>29.4</ele>
        <time>2022-04-07T11:39:19Z</time>
      </trkpt>
      <trkpt lat="39.79095434642831" lon="116.48150387648472">
        <ele>29.4</ele>
        <time>2022-04-07T11:39:20Z</time>
      </trkpt>
      <trkpt lat="39.790969560990675" lon="116.4815310470993">
        <ele>29.4</ele>
        <time>2022-04-07T11:39:21Z</time>
      </trkpt>
      <trkpt lat="39.79098579046209" lon="116.48155728178233">
        <ele>29.4</ele>
        <time>2022-04-07T11:39:22Z</time>
      </trkpt>
      <trkpt lat="39.79100294124236" lon="116.48158261079944">
        <ele>29.4</ele>
        <time>2022-04-07T11:39:23Z</time>
      </trkpt>
      <trkpt lat="39.79102076212672" lon="116.4816065549256">
        <ele>29.4</ele>
        <time>2022-04-07T11:39:24Z</time>
      </trkpt>
      <trkpt lat="39.79103962338534" lon="116.48162924566805">
        <ele>29.4</ele>
        <time>2022-04-07T11:39:25Z</time>
      </trkpt>
      <trkpt lat="39.791059254784834" lon="116.48165019742014">
        <ele>29.4</ele>
        <time>2022-04-07T11:39:26Z</time>
      </trkpt>
      <trkpt lat="39.79108000714024" lon="116.48166941210496">
        <ele>29.4</ele>
        <time>2022-04-07T11:39:27Z</time>
      </trkpt>
      <trkpt lat="39.79110159225208" lon="116.48168635126831">
        <ele>29.4</ele>
        <time>2022-04-07T11:39:28Z</time>
      </trkpt>
      <trkpt lat="39.79112420989958" lon="116.48170133523367">
        <ele>29.6</ele>
        <time>2022-04-07T11:39:29Z</time>
      </trkpt>
      <trkpt lat="39.791147412725614" lon="116.48171381841857">
        <ele>29.6</ele>
        <time>2022-04-07T11:39:30Z</time>
      </trkpt>
      <trkpt lat="39.791171395276585" lon="116.48172394200084">
        <ele>29.6</ele>
        <time>2022-04-07T11:39:31Z</time>
      </trkpt>
      <trkpt lat="39.79119565669619" lon="116.48173165354204">
        <ele>29.6</ele>
        <time>2022-04-07T11:39:32Z</time>
      </trkpt>
      <trkpt lat="39.79122039916458" lon="116.48173717828753">
        <ele>29.6</ele>
        <time>2022-04-07T11:39:33Z</time>
      </trkpt>
      <trkpt lat="39.791245457009424" lon="116.48174081099978">
        <ele>29.6</ele>
        <time>2022-04-07T11:39:34Z</time>
      </trkpt>
      <trkpt lat="39.79127109634945" lon="116.48174276569453">
        <ele>29.6</ele>
        <time>2022-04-07T11:39:35Z</time>
      </trkpt>
      <trkpt lat="39.791296813428" lon="116.48174307889785">
        <ele>29.6</ele>
        <time>2022-04-07T11:39:36Z</time>
      </trkpt>
      <trkpt lat="39.791322890418975" lon="116.48174196716091">
        <ele>29.6</ele>
        <time>2022-04-07T11:39:37Z</time>
      </trkpt>
      <trkpt lat="39.79134884974624" lon="116.48173966408436">
        <ele>29.6</ele>
        <time>2022-04-07T11:39:38Z</time>
      </trkpt>
      <trkpt lat="39.7913750318782" lon="116.48173642889681">
        <ele>30.2</ele>
        <time>2022-04-07T11:39:39Z</time>
      </trkpt>
      <trkpt lat="39.79140102429442" lon="116.48173221660667">
        <ele>30.2</ele>
        <time>2022-04-07T11:39:40Z</time>
      </trkpt>
      <trkpt lat="39.79142719904679" lon="116.48172748891595">
        <ele>30.2</ele>
        <time>2022-04-07T11:39:41Z</time>
      </trkpt>
      <trkpt lat="39.79145318329325" lon="116.48172254056446">
        <ele>30.2</ele>
        <time>2022-04-07T11:39:42Z</time>
      </trkpt>
      <trkpt lat="39.791479392584506" lon="116.4817174644731">
        <ele>30.2</ele>
        <time>2022-04-07T11:39:43Z</time>
      </trkpt>
      <trkpt lat="39.79150547071184" lon="116.48171247205164">
        <ele>30.2</ele>
        <time>2022-04-07T11:39:44Z</time>
      </trkpt>
      <trkpt lat="39.79153180882564" lon="116.48170754841874">
        <ele>30.2</ele>
        <time>2022-04-07T11:39:45Z</time>
      </trkpt>
      <trkpt lat="39.791558051613535" lon="116.481702777345">
        <ele>30.2</ele>
        <time>2022-04-07T11:39:46Z</time>
      </trkpt>
      <trkpt lat="39.79158459416878" lon="116.48169808309741">
        <ele>30.2</ele>
        <time>2022-04-07T11:39:47Z</time>
      </trkpt>
      <trkpt lat="39.79161105395889" lon="116.48169342445381">
        <ele>30.2</ele>
        <time>2022-04-07T11:39:48Z</time>
      </trkpt>
      <trkpt lat="39.79163780143983" lon="116.48168866417427">
        <ele>29.3</ele>
        <time>2022-04-07T11:39:49Z</time>
      </trkpt>
      <trkpt lat="39.79166441201928" lon="116.48168390511549">
        <ele>29.3</ele>
        <time>2022-04-07T11:39:50Z</time>
      </trkpt>
      <trkpt lat="39.79169126808389" lon="116.48167912158185">
        <ele>29.3</ele>
        <time>2022-04-07T11:39:51Z</time>
      </trkpt>
      <trkpt lat="39.7917179526547" lon="116.48167441938914">
        <ele>29.3</ele>
        <time>2022-04-07T11:39:52Z</time>
      </trkpt>
      <trkpt lat="39.791744843833854" lon="116.48166973152388">
        <ele>29.3</ele>
        <time>2022-04-07T11:39:53Z</time>
      </trkpt>
      <trkpt lat="39.79177153966753" lon="116.48166512519765">
        <ele>29.3</ele>
        <time>2022-04-07T11:39:54Z</time>
      </trkpt>
      <trkpt lat="39.791798426316845" lon="116.481660559963">
        <ele>29.3</ele>
        <time>2022-04-07T11:39:55Z</time>
      </trkpt>
      <trkpt lat="39.791825114866576" lon="116.48165610830756">
        <ele>29.3</ele>
        <time>2022-04-07T11:39:56Z</time>
      </trkpt>
      <trkpt lat="39.79185198400918" lon="116.4816517263043">
        <ele>29.3</ele>
        <time>2022-04-07T11:39:57Z</time>
      </trkpt>
      <trkpt lat="39.791878644615956" lon="116.48164740912246">
        <ele>29.3</ele>
        <time>2022-04-07T11:39:58Z</time>
      </trkpt>
      <trkpt lat="39.791905453406024" lon="116.48164311411442">
        <ele>30</ele>
        <time>2022-04-07T11:39:59Z</time>
      </trkpt>
      <trkpt lat="39.79193203771251" lon="116.481638814483">
        <ele>30</ele>
        <time>2022-04-07T11:40:00Z</time>
      </trkpt>
      <trkpt lat="39.79195877638057" lon="116.481634284707">
        <ele>30</ele>
        <time>2022-04-07T11:40:01Z</time>
      </trkpt>
      <trkpt lat="39.79198525932679" lon="116.48162942515611">
        <ele>30</ele>
        <time>2022-04-07T11:40:02Z</time>
      </trkpt>
      <trkpt lat="39.79201180498675" lon="116.48162387892908">
        <ele>30</ele>
        <time>2022-04-07T11:40:03Z</time>
      </trkpt>
      <trkpt lat="39.792037964188744" lon="116.48161753942337">
        <ele>30</ele>
        <time>2022-04-07T11:40:04Z</time>
      </trkpt>
      <trkpt lat="39.7920641234484" lon="116.48161023922786">
        <ele>30</ele>
        <time>2022-04-07T11:40:05Z</time>
      </trkpt>
      <trkpt lat="39.79208975434325" lon="116.48160168825297">
        <ele>30</ele>
        <time>2022-04-07T11:40:06Z</time>
      </trkpt>
      <trkpt lat="39.792115157154534" lon="116.48159160917103">
        <ele>30</ele>
        <time>2022-04-07T11:40:07Z</time>
      </trkpt>
      <trkpt lat="39.79213995299441" lon="116.48158010942805">
        <ele>30</ele>
        <time>2022-04-07T11:40:08Z</time>
      </trkpt>
      <trkpt lat="39.79216443449783" lon="116.4815669735816">
        <ele>30</ele>
        <time>2022-04-07T11:40:09Z</time>
      </trkpt>
      <trkpt lat="39.792188185036665" lon="116.4815523096924">
        <ele>30</ele>
        <time>2022-04-07T11:40:10Z</time>
      </trkpt>
      <trkpt lat="39.792211410947715" lon="116.48153588134863">
        <ele>30</ele>
        <time>2022-04-07T11:40:11Z</time>
      </trkpt>
      <trkpt lat="39.79223363190891" lon="116.48151784280043">
        <ele>30</ele>
        <time>2022-04-07T11:40:12Z</time>
      </trkpt>
      <trkpt lat="39.79225496884482" lon="116.48149794058206">
        <ele>30</ele>
        <time>2022-04-07T11:40:13Z</time>
      </trkpt>
      <trkpt lat="39.79227499998401" lon="116.48147654524159">
        <ele>30</ele>
        <time>2022-04-07T11:40:14Z</time>
      </trkpt>
      <trkpt lat="39.79229394363278" lon="116.48145343720341">
        <ele>30</ele>
        <time>2022-04-07T11:40:15Z</time>
      </trkpt>
      <trkpt lat="39.79231142814099" lon="116.48142890448653">
        <ele>30</ele>
        <time>2022-04-07T11:40:16Z</time>
      </trkpt>
      <trkpt lat="39.79232775518451" lon="116.48140289333531">
        <ele>30</ele>
        <time>2022-04-07T11:40:17Z</time>
      </trkpt>
      <trkpt lat="39.79234263223294" lon="116.48137579426964">
        <ele>30</ele>
        <time>2022-04-07T11:40:18Z</time>
      </trkpt>
      <trkpt lat="39.79235614567755" lon="116.48134719804563">
        <ele>30.1</ele>
        <time>2022-04-07T11:40:19Z</time>
      </trkpt>
      <trkpt lat="39.79236798975543" lon="116.48131752747643">
        <ele>30.1</ele>
        <time>2022-04-07T11:40:20Z</time>
      </trkpt>
      <trkpt lat="39.792378199482535" lon="116.48128647187143">
        <ele>30.1</ele>
        <time>2022-04-07T11:40:21Z</time>
      </trkpt>
      <trkpt lat="39.792386568879145" lon="116.4812546135953">
        <ele>30.1</ele>
        <time>2022-04-07T11:40:22Z</time>
      </trkpt>
      <trkpt lat="39.79239341070047" lon="116.48122172814942">
        <ele>30.1</ele>
        <time>2022-04-07T11:40:23Z</time>
      </trkpt>
      <trkpt lat="39.79239844095579" lon="116.48118852634654">
        <ele>30.1</ele>
        <time>2022-04-07T11:40:24Z</time>
      </trkpt>
      <trkpt lat="39.792401709156515" lon="116.48115472270487">
        <ele>30.1</ele>
        <time>2022-04-07T11:40:25Z</time>
      </trkpt>
      <trkpt lat="39.79240317941947" lon="116.48112092780819">
        <ele>30.1</ele>
        <time>2022-04-07T11:40:26Z</time>
      </trkpt>
      <trkpt lat="39.79240283236523" lon="116.48108679492977">
        <ele>30.1</ele>
        <time>2022-04-07T11:40:27Z</time>
      </trkpt>
      <trkpt lat="39.79240066248336" lon="116.4810529275456">
        <ele>30.1</ele>
        <time>2022-04-07T11:40:28Z</time>
      </trkpt>
      <trkpt lat="39.7923966716395" lon="116.48101898350751">
        <ele>30</ele>
        <time>2022-04-07T11:40:29Z</time>
      </trkpt>
      <trkpt lat="39.792390976263036" lon="116.48098526184371">
        <ele>30</ele>
        <time>2022-04-07T11:40:30Z</time>
      </trkpt>
      <trkpt lat="39.7923837214694" lon="116.48095215694175">
        <ele>30</ele>
        <time>2022-04-07T11:40:31Z</time>
      </trkpt>
      <trkpt lat="39.79237511569071" lon="116.48091996978525">
        <ele>30</ele>
        <time>2022-04-07T11:40:32Z</time>
      </trkpt>
      <trkpt lat="39.79236524066169" lon="116.48088896376161">
        <ele>30</ele>
        <time>2022-04-07T11:40:33Z</time>
      </trkpt>
      <trkpt lat="39.7923537778195" lon="116.48085920562193">
        <ele>30</ele>
        <time>2022-04-07T11:40:34Z</time>
      </trkpt>
      <trkpt lat="39.792341050495935" lon="116.48083065109624">
        <ele>30</ele>
        <time>2022-04-07T11:40:35Z</time>
      </trkpt>
      <trkpt lat="39.79232700229302" lon="116.48080348933769">
        <ele>30</ele>
        <time>2022-04-07T11:40:36Z</time>
      </trkpt>
      <trkpt lat="39.79231175368279" lon="116.48077774323575">
        <ele>30</ele>
        <time>2022-04-07T11:40:37Z</time>
      </trkpt>
      <trkpt lat="39.792295209837945" lon="116.4807536214674">
        <ele>30</ele>
        <time>2022-04-07T11:40:38Z</time>
      </trkpt>
      <trkpt lat="39.7922775103738" lon="116.48073122918635">
        <ele>30.1</ele>
        <time>2022-04-07T11:40:39Z</time>
      </trkpt>
      <trkpt lat="39.79225860723915" lon="116.48071080258985">
        <ele>30.1</ele>
        <time>2022-04-07T11:40:40Z</time>
      </trkpt>
      <trkpt lat="39.79223866354911" lon="116.48069242416105">
        <ele>30.1</ele>
        <time>2022-04-07T11:40:41Z</time>
      </trkpt>
      <trkpt lat="39.79221748927031" lon="116.48067580792784">
        <ele>30.1</ele>
        <time>2022-04-07T11:40:42Z</time>
      </trkpt>
      <trkpt lat="39.79219523370128" lon="116.48066121219017">
        <ele>30.1</ele>
        <time>2022-04-07T11:40:43Z</time>
      </trkpt>
      <trkpt lat="39.7921717939218" lon="116.48064823801936">
        <ele>30.1</ele>
        <time>2022-04-07T11:40:44Z</time>
      </trkpt>
      <trkpt lat="39.79214768889242" lon="116.48063726407825">
        <ele>30.1</ele>
        <time>2022-04-07T11:40:45Z</time>
      </trkpt>
      <trkpt lat="39.79212276717767" lon="116.4806281677072">
        <ele>30.1</ele>
        <time>2022-04-07T11:40:46Z</time>
      </trkpt>
      <trkpt lat="39.792097522443854" lon="116.48062107380471">
        <ele>30.1</ele>
        <time>2022-04-07T11:40:47Z</time>
      </trkpt>
      <trkpt lat="39.792071722028275" lon="116.4806157706091">
        <ele>30.1</ele>
        <time>2022-04-07T11:40:48Z</time>
      </trkpt>
      <trkpt lat="39.792045856598" lon="116.4806123095166">
        <ele>30.5</ele>
        <time>2022-04-07T11:40:49Z</time>
      </trkpt>
      <trkpt lat="39.79201963738191" lon="116.48061038747893">
        <ele>30.5</ele>
        <time>2022-04-07T11:40:50Z</time>
      </trkpt>
      <trkpt lat="39.79199354996475" lon="116.48060993499514">
        <ele>30.5</ele>
        <time>2022-04-07T11:40:51Z</time>
      </trkpt>
      <trkpt lat="39.7919676039325" lon="116.48061083988658">
        <ele>30.5</ele>
        <time>2022-04-07T11:40:52Z</time>
      </trkpt>
      <trkpt lat="39.79194180167902" lon="116.48061282754782">
        <ele>30.5</ele>
        <time>2022-04-07T11:40:53Z</time>
      </trkpt>
      <trkpt lat="39.791916125443365" lon="116.48061555066889">
        <ele>30.5</ele>
        <time>2022-04-07T11:40:54Z</time>
      </trkpt>
      <trkpt lat="39.791890576089365" lon="116.48061887190052">
        <ele>30.5</ele>
        <time>2022-04-07T11:40:55Z</time>
      </trkpt>
      <trkpt lat="39.79186511140079" lon="116.48062255433817">
        <ele>30.5</ele>
        <time>2022-04-07T11:40:56Z</time>
      </trkpt>
      <trkpt lat="39.79183970822134" lon="116.48062647886604">
        <ele>30.5</ele>
        <time>2022-04-07T11:40:57Z</time>
      </trkpt>
      <trkpt lat="39.79181436063407" lon="116.48063054157812">
        <ele>30.5</ele>
        <time>2022-04-07T11:40:58Z</time>
      </trkpt>
      <trkpt lat="39.791789020379724" lon="116.48063466895539">
        <ele>30.5</ele>
        <time>2022-04-07T11:40:59Z</time>
      </trkpt>
      <trkpt lat="39.791763351498304" lon="116.48063891998332">
        <ele>30.5</ele>
        <time>2022-04-07T11:41:00Z</time>
      </trkpt>
      <trkpt lat="39.79173776121914" lon="116.48064320911483">
        <ele>30.5</ele>
        <time>2022-04-07T11:41:01Z</time>
      </trkpt>
      <trkpt lat="39.791712178442324" lon="116.48064751579145">
        <ele>30.5</ele>
        <time>2022-04-07T11:41:02Z</time>
      </trkpt>
      <trkpt lat="39.791686183845286" lon="116.48065191999625">
        <ele>30.5</ele>
        <time>2022-04-07T11:41:03Z</time>
      </trkpt>
      <trkpt lat="39.7916602006082" lon="116.48065632409461">
        <ele>30.5</ele>
        <time>2022-04-07T11:41:04Z</time>
      </trkpt>
      <trkpt lat="39.79163386919653" lon="116.48066086026684">
        <ele>30.5</ele>
        <time>2022-04-07T11:41:05Z</time>
      </trkpt>
      <trkpt lat="39.79160759440145" lon="116.48066550106617">
        <ele>30.5</ele>
        <time>2022-04-07T11:41:06Z</time>
      </trkpt>
      <trkpt lat="39.79158101022618" lon="116.48067033534964">
        <ele>30.5</ele>
        <time>2022-04-07T11:41:07Z</time>
      </trkpt>
      <trkpt lat="39.7915541935475" lon="116.48067534908249">
        <ele>30.5</ele>
        <time>2022-04-07T11:41:08Z</time>
      </trkpt>
      <trkpt lat="39.79152719224723" lon="116.48068048955274">
        <ele>30.8</ele>
        <time>2022-04-07T11:41:09Z</time>
      </trkpt>
      <trkpt lat="39.79150006061322" lon="116.48068571778308">
        <ele>30.8</ele>
        <time>2022-04-07T11:41:10Z</time>
      </trkpt>
      <trkpt lat="39.79147313482068" lon="116.48069084008907">
        <ele>30.8</ele>
        <time>2022-04-07T11:41:11Z</time>
      </trkpt>
      <trkpt lat="39.79144599798305" lon="116.48069591701955">
        <ele>30.8</ele>
        <time>2022-04-07T11:41:12Z</time>
      </trkpt>
      <trkpt lat="39.7914186840888" lon="116.48070095379528">
        <ele>30.8</ele>
        <time>2022-04-07T11:41:13Z</time>
      </trkpt>
      <trkpt lat="39.79139126970169" lon="116.48070598951861">
        <ele>30.8</ele>
        <time>2022-04-07T11:41:14Z</time>
      </trkpt>
      <trkpt lat="39.791363831582245" lon="116.48071112443365">
        <ele>30.8</ele>
        <time>2022-04-07T11:41:15Z</time>
      </trkpt>
      <trkpt lat="39.79133638629095" lon="116.48071636263242">
        <ele>30.8</ele>
        <time>2022-04-07T11:41:16Z</time>
      </trkpt>
      <trkpt lat="39.79130894092089" lon="116.48072186745571">
        <ele>30.8</ele>
        <time>2022-04-07T11:41:17Z</time>
      </trkpt>
      <trkpt lat="39.79128154491227" lon="116.48072786396541">
        <ele>30.8</ele>
        <time>2022-04-07T11:41:18Z</time>
      </trkpt>
      <trkpt lat="39.79125455029989" lon="116.48073442040095">
        <ele>30.9</ele>
        <time>2022-04-07T11:41:19Z</time>
      </trkpt>
      <trkpt lat="39.79122754254203" lon="116.48074185864272">
        <ele>30.9</ele>
        <time>2022-04-07T11:41:20Z</time>
      </trkpt>
      <trkpt lat="39.791201041422696" lon="116.4807504617212">
        <ele>30.9</ele>
        <time>2022-04-07T11:41:21Z</time>
      </trkpt>
      <trkpt lat="39.79117481580242" lon="116.48076063495841">
        <ele>30.9</ele>
        <time>2022-04-07T11:41:22Z</time>
      </trkpt>
      <trkpt lat="39.79114935923068" lon="116.4807723499442">
        <ele>30.9</ele>
        <time>2022-04-07T11:41:23Z</time>
      </trkpt>
      <trkpt lat="39.79112444634344" lon="116.48078597504151">
        <ele>30.9</ele>
        <time>2022-04-07T11:41:24Z</time>
      </trkpt>
      <trkpt lat="39.79110047578365" lon="116.48080139016312">
        <ele>30.9</ele>
        <time>2022-04-07T11:41:25Z</time>
      </trkpt>
      <trkpt lat="39.79107718014515" lon="116.48081892358616">
        <ele>30.9</ele>
        <time>2022-04-07T11:41:26Z</time>
      </trkpt>
      <trkpt lat="39.79105492277929" lon="116.48083839332666">
        <ele>30.9</ele>
        <time>2022-04-07T11:41:27Z</time>
      </trkpt>
      <trkpt lat="39.79103345226418" lon="116.48085994556357">
        <ele>30.9</ele>
        <time>2022-04-07T11:41:28Z</time>
      </trkpt>
      <trkpt lat="39.791013134927454" lon="116.4808831977744">
        <ele>30.5</ele>
        <time>2022-04-07T11:41:29Z</time>
      </trkpt>
      <trkpt lat="39.79099382677489" lon="116.48090837221167">
        <ele>30.5</ele>
        <time>2022-04-07T11:41:30Z</time>
      </trkpt>
      <trkpt lat="39.79097594933501" lon="116.48093505936697">
        <ele>30.5</ele>
        <time>2022-04-07T11:41:31Z</time>
      </trkpt>
      <trkpt lat="39.79095933366288" lon="116.48096334106428">
        <ele>30.5</ele>
        <time>2022-04-07T11:41:32Z</time>
      </trkpt>
      <trkpt lat="39.79094433146079" lon="116.48099269263069">
        <ele>30.5</ele>
        <time>2022-04-07T11:41:33Z</time>
      </trkpt>
      <trkpt lat="39.790930781799155" lon="116.48102337257828">
        <ele>30.5</ele>
        <time>2022-04-07T11:41:34Z</time>
      </trkpt>
      <trkpt lat="39.79091874669693" lon="116.4810545920537">
        <ele>30.5</ele>
        <time>2022-04-07T11:41:35Z</time>
      </trkpt>
      <trkpt lat="39.79090823383735" lon="116.48108626305537">
        <ele>30.5</ele>
        <time>2022-04-07T11:41:36Z</time>
      </trkpt>
      <trkpt lat="39.7908994283548" lon="116.48111839168817">
        <ele>30.5</ele>
        <time>2022-04-07T11:41:37Z</time>
      </trkpt>
      <trkpt lat="39.79089236123528" lon="116.48115086593808">
        <ele>30.5</ele>
        <time>2022-04-07T11:41:38Z</time>
      </trkpt>
      <trkpt lat="39.79088734023364" lon="116.48118363579474">
        <ele>30.8</ele>
        <time>2022-04-07T11:41:39Z</time>
      </trkpt>
      <trkpt lat="39.79088430999168" lon="116.4812165238233">
        <ele>30.8</ele>
        <time>2022-04-07T11:41:40Z</time>
      </trkpt>
      <trkpt lat="39.790883495423046" lon="116.48124934691852">
        <ele>30.8</ele>
        <time>2022-04-07T11:41:41Z</time>
      </trkpt>
      <trkpt lat="39.790884689302594" lon="116.4812819623383">
        <ele>30.8</ele>
        <time>2022-04-07T11:41:42Z</time>
      </trkpt>
      <trkpt lat="39.79088788354295" lon="116.48131420958192">
        <ele>30.8</ele>
        <time>2022-04-07T11:41:43Z</time>
      </trkpt>
      <trkpt lat="39.79089278680008" lon="116.48134598720712">
        <ele>30.8</ele>
        <time>2022-04-07T11:41:44Z</time>
      </trkpt>
      <trkpt lat="39.79089945863674" lon="116.48137714740034">
        <ele>30.8</ele>
        <time>2022-04-07T11:41:45Z</time>
      </trkpt>
      <trkpt lat="39.79090780206825" lon="116.4814079139184">
        <ele>30.8</ele>
        <time>2022-04-07T11:41:46Z</time>
      </trkpt>
      <trkpt lat="39.79091777829432" lon="116.4814385278323">
        <ele>30.8</ele>
        <time>2022-04-07T11:41:47Z</time>
      </trkpt>
      <trkpt lat="39.79092921187406" lon="116.48146837179648">
        <ele>30.8</ele>
        <time>2022-04-07T11:41:48Z</time>
      </trkpt>
      <trkpt lat="39.7909421660722" lon="116.48149774095847">
        <ele>30.3</ele>
        <time>2022-04-07T11:41:49Z</time>
      </trkpt>
      <trkpt lat="39.79095638775334" lon="116.48152608730229">
        <ele>30.3</ele>
        <time>2022-04-07T11:41:50Z</time>
      </trkpt>
      <trkpt lat="39.79097205405964" lon="116.4815536208851">
        <ele>30.3</ele>
        <time>2022-04-07T11:41:51Z</time>
      </trkpt>
      <trkpt lat="39.790988776340555" lon="116.4815797847294">
        <ele>30.3</ele>
        <time>2022-04-07T11:41:52Z</time>
      </trkpt>
      <trkpt lat="39.79100636297695" lon="116.48160473424267">
        <ele>30.3</ele>
        <time>2022-04-07T11:41:53Z</time>
      </trkpt>
      <trkpt lat="39.79102500831812" lon="116.48162808696712">
        <ele>30.3</ele>
        <time>2022-04-07T11:41:54Z</time>
      </trkpt>
      <trkpt lat="39.791044588520194" lon="116.48164987099636">
        <ele>30.3</ele>
        <time>2022-04-07T11:41:55Z</time>
      </trkpt>
      <trkpt lat="39.791065199954595" lon="116.48166986060721">
        <ele>30.3</ele>
        <time>2022-04-07T11:41:56Z</time>
      </trkpt>
      <trkpt lat="39.79108674352316" lon="116.4816880259177">
        <ele>30.3</ele>
        <time>2022-04-07T11:41:57Z</time>
      </trkpt>
      <trkpt lat="39.791109256070435" lon="116.48170408297916">
        <ele>30.3</ele>
        <time>2022-04-07T11:41:58Z</time>
      </trkpt>
      <trkpt lat="39.7911325784735" lon="116.4817180203604">
        <ele>30.5</ele>
        <time>2022-04-07T11:41:59Z</time>
      </trkpt>
      <trkpt lat="39.79115665607978" lon="116.48172951140702">
        <ele>30.5</ele>
        <time>2022-04-07T11:42:00Z</time>
      </trkpt>
      <trkpt lat="39.79118126765798" lon="116.48173870422016">
        <ele>30.5</ele>
        <time>2022-04-07T11:42:01Z</time>
      </trkpt>
      <trkpt lat="39.7912062437329" lon="116.4817454319688">
        <ele>30.5</ele>
        <time>2022-04-07T11:42:02Z</time>
      </trkpt>
      <trkpt lat="39.79123148985538" lon="116.48175010122075">
        <ele>30.5</ele>
        <time>2022-04-07T11:42:03Z</time>
      </trkpt>
      <trkpt lat="39.79125737608976" lon="116.48175277194349">
        <ele>30.5</ele>
        <time>2022-04-07T11:42:04Z</time>
      </trkpt>
      <trkpt lat="39.79128336162043" lon="116.4817536691905">
        <ele>30.5</ele>
        <time>2022-04-07T11:42:05Z</time>
      </trkpt>
      <trkpt lat="39.79130955187647" lon="116.48175302381458">
        <ele>30.5</ele>
        <time>2022-04-07T11:42:06Z</time>
      </trkpt>
      <trkpt lat="39.791335552458094" lon="116.48175102464782">
        <ele>30.5</ele>
        <time>2022-04-07T11:42:07Z</time>
      </trkpt>
      <trkpt lat="39.79136143998131" lon="116.48174795928333">
        <ele>30.5</ele>
        <time>2022-04-07T11:42:08Z</time>
      </trkpt>
      <trkpt lat="39.79138711809188" lon="116.48174401791493">
        <ele>30.2</ele>
        <time>2022-04-07T11:42:09Z</time>
      </trkpt>
      <trkpt lat="39.791412664578495" lon="116.48173956089207">
        <ele>30.2</ele>
        <time>2022-04-07T11:42:10Z</time>
      </trkpt>
      <trkpt lat="39.79143812479103" lon="116.48173483546091">
        <ele>30.2</ele>
        <time>2022-04-07T11:42:11Z</time>
      </trkpt>
      <trkpt lat="39.791463593758166" lon="116.48173011032168">
        <ele>30.2</ele>
        <time>2022-04-07T11:42:12Z</time>
      </trkpt>
      <trkpt lat="39.79148913055695" lon="116.48172558210553">
        <ele>30.2</ele>
        <time>2022-04-07T11:42:13Z</time>
      </trkpt>
      <trkpt lat="39.79151476919542" lon="116.48172125767155">
        <ele>30.2</ele>
        <time>2022-04-07T11:42:14Z</time>
      </trkpt>
      <trkpt lat="39.79154049400161" lon="116.4817171521064">
        <ele>30.2</ele>
        <time>2022-04-07T11:42:15Z</time>
      </trkpt>
      <trkpt lat="39.79156627230747" lon="116.48171324064427">
        <ele>30.2</ele>
        <time>2022-04-07T11:42:16Z</time>
      </trkpt>
      <trkpt lat="39.791592087863705" lon="116.48170952513304">
        <ele>30.2</ele>
        <time>2022-04-07T11:42:17Z</time>
      </trkpt>
      <trkpt lat="39.79161772357116" lon="116.48170593629928">
        <ele>30.2</ele>
        <time>2022-04-07T11:42:18Z</time>
      </trkpt>
      <trkpt lat="39.79164343606216" lon="116.4817024288487">
        <ele>30</ele>
        <time>2022-04-07T11:42:19Z</time>
      </trkpt>
      <trkpt lat="39.791668950306445" lon="116.48169899396792">
        <ele>30</ele>
        <time>2022-04-07T11:42:20Z</time>
      </trkpt>
      <trkpt lat="39.7916945876289" lon="116.48169547764688">
        <ele>30</ele>
        <time>2022-04-07T11:42:21Z</time>
      </trkpt>
      <trkpt lat="39.79171995199968" lon="116.4816919531466">
        <ele>30</ele>
        <time>2022-04-07T11:42:22Z</time>
      </trkpt>
      <trkpt lat="39.79174539166279" lon="116.4816882642418">
        <ele>30</ele>
        <time>2022-04-07T11:42:23Z</time>
      </trkpt>
      <trkpt lat="39.79177051230059" lon="116.48168448355091">
        <ele>30</ele>
        <time>2022-04-07T11:42:24Z</time>
      </trkpt>
      <trkpt lat="39.79179568983623" lon="116.48168057800343">
        <ele>30</ele>
        <time>2022-04-07T11:42:25Z</time>
      </trkpt>
      <trkpt lat="39.79182052291421" lon="116.481676639036">
        <ele>30</ele>
        <time>2022-04-07T11:42:26Z</time>
      </trkpt>
      <trkpt lat="39.79184540578928" lon="116.48167263746286">
        <ele>30</ele>
        <time>2022-04-07T11:42:27Z</time>
      </trkpt>
      <trkpt lat="39.79187020772137" lon="116.48166859267059">
        <ele>30</ele>
        <time>2022-04-07T11:42:28Z</time>
      </trkpt>
      <trkpt lat="39.79189545309146" lon="116.48166434824125">
        <ele>30.3</ele>
        <time>2022-04-07T11:42:29Z</time>
      </trkpt>
      <trkpt lat="39.79192075863811" lon="116.4816598654738">
        <ele>30.3</ele>
        <time>2022-04-07T11:42:30Z</time>
      </trkpt>
      <trkpt lat="39.791946485026656" lon="116.48165499194728">
        <ele>30.3</ele>
        <time>2022-04-07T11:42:31Z</time>
      </trkpt>
      <trkpt lat="39.79197225307394" lon="116.48164972453738">
        <ele>30.3</ele>
        <time>2022-04-07T11:42:32Z</time>
      </trkpt>
      <trkpt lat="39.791998325185176" lon="116.48164370721982">
        <ele>30.3</ele>
        <time>2022-04-07T11:42:33Z</time>
      </trkpt>
      <trkpt lat="39.792024229156404" lon="116.48163699154482">
        <ele>30.3</ele>
        <time>2022-04-07T11:42:34Z</time>
      </trkpt>
      <trkpt lat="39.79205024150225" lon="116.48162929124227">
        <ele>30.3</ele>
        <time>2022-04-07T11:42:35Z</time>
      </trkpt>
      <trkpt lat="39.79207588128001" lon="116.481620577024">
        <ele>30.3</ele>
        <time>2022-04-07T11:42:36Z</time>
      </trkpt>
      <trkpt lat="39.79210144260295" lon="116.48161049079664">
        <ele>30.3</ele>
        <time>2022-04-07T11:42:37Z</time>
      </trkpt>
      <trkpt lat="39.79212631435694" lon="116.48159941066571">
        <ele>30.3</ele>
        <time>2022-04-07T11:42:38Z</time>
      </trkpt>
      <trkpt lat="39.792150614184074" lon="116.48158687171447">
        <ele>30</ele>
        <time>2022-04-07T11:42:39Z</time>
      </trkpt>
      <trkpt lat="39.792173932928335" lon="116.48157296270563">
        <ele>30</ele>
        <time>2022-04-07T11:42:40Z</time>
      </trkpt>
      <trkpt lat="39.79219629314539" lon="116.48155777018513">
        <ele>30</ele>
        <time>2022-04-07T11:42:41Z</time>
      </trkpt>
      <trkpt lat="39.79221740167735" lon="116.4815413738992">
        <ele>30</ele>
        <time>2022-04-07T11:42:42Z</time>
      </trkpt>
      <trkpt lat="39.792237337393566" lon="116.48152377112268">
        <ele>30</ele>
        <time>2022-04-07T11:42:43Z</time>
      </trkpt>
      <trkpt lat="39.792255866385624" lon="116.48150530114515">
        <ele>30</ele>
        <time>2022-04-07T11:42:44Z</time>
      </trkpt>
      <trkpt lat="39.79227331936181" lon="116.48148559541177">
        <ele>30</ele>
        <time>2022-04-07T11:42:45Z</time>
      </trkpt>
      <trkpt lat="39.79228947842726" lon="116.48146486460787">
        <ele>30</ele>
        <time>2022-04-07T11:42:46Z</time>
      </trkpt>
      <trkpt lat="39.79230474949551" lon="116.48144284272533">
        <ele>30</ele>
        <time>2022-04-07T11:42:47Z</time>
      </trkpt>
      <trkpt lat="39.79231874544549" lon="116.48141978061372">
        <ele>30</ele>
        <time>2022-04-07T11:42:48Z</time>
      </trkpt>
      <trkpt lat="39.79233183748383" lon="116.48139493482051">
        <ele>30</ele>
        <time>2022-04-07T11:42:49Z</time>
      </trkpt>
      <trkpt lat="39.79234388523634" lon="116.48136889578616">
        <ele>30</ele>
        <time>2022-04-07T11:42:50Z</time>
      </trkpt>
      <trkpt lat="39.79235496266509" lon="116.48134143589046">
        <ele>30</ele>
        <time>2022-04-07T11:42:51Z</time>
      </trkpt>
      <trkpt lat="39.79236503899653" lon="116.48131274041187">
        <ele>30</ele>
        <time>2022-04-07T11:42:52Z</time>
      </trkpt>
      <trkpt lat="39.7923739907055" lon="116.48128261905615">
        <ele>30</ele>
        <time>2022-04-07T11:42:53Z</time>
      </trkpt>
      <trkpt lat="39.792381704415774" lon="116.48125145211091">
        <ele>30</ele>
        <time>2022-04-07T11:42:54Z</time>
      </trkpt>
      <trkpt lat="39.79238814799984" lon="116.48121900138182">
        <ele>30</ele>
        <time>2022-04-07T11:42:55Z</time>
      </trkpt>
      <trkpt lat="39.792393139162115" lon="116.48118590484611">
        <ele>30</ele>
        <time>2022-04-07T11:42:56Z</time>
      </trkpt>
      <trkpt lat="39.79239664645066" lon="116.48115200874464">
        <ele>30</ele>
        <time>2022-04-07T11:42:57Z</time>
      </trkpt>
      <trkpt lat="39.792398460503414" lon="116.48111794840806">
        <ele>30</ele>
        <time>2022-04-07T11:42:58Z</time>
      </trkpt>
      <trkpt lat="39.792398686175574" lon="116.48108358198928">
        <ele>29.2</ele>
        <time>2022-04-07T11:42:59Z</time>
      </trkpt>
      <trkpt lat="39.7923972829424" lon="116.4810496298685">
        <ele>29.2</ele>
        <time>2022-04-07T11:43:00Z</time>
      </trkpt>
      <trkpt lat="39.79239413747633" lon="116.4810158450871">
        <ele>29.2</ele>
        <time>2022-04-07T11:43:01Z</time>
      </trkpt>
      <trkpt lat="39.79238929292696" lon="116.48098284963227">
        <ele>29.2</ele>
        <time>2022-04-07T11:43:02Z</time>
      </trkpt>
      <trkpt lat="39.79238269526861" lon="116.48095031584941">
        <ele>29.2</ele>
        <time>2022-04-07T11:43:03Z</time>
      </trkpt>
      <trkpt lat="39.7923745664626" lon="116.48091882351753">
        <ele>29.2</ele>
        <time>2022-04-07T11:43:04Z</time>
      </trkpt>
      <trkpt lat="39.79236495047344" lon="116.48088783496242">
        <ele>29.2</ele>
        <time>2022-04-07T11:43:05Z</time>
      </trkpt>
      <trkpt lat="39.79235390594467" lon="116.4808580349137">
        <ele>29.2</ele>
        <time>2022-04-07T11:43:06Z</time>
      </trkpt>
      <trkpt lat="39.79234128745118" lon="116.48082913876145">
        <ele>29.2</ele>
        <time>2022-04-07T11:43:07Z</time>
      </trkpt>
      <trkpt lat="39.79232727250351" lon="116.48080169615419">
        <ele>29.2</ele>
        <time>2022-04-07T11:43:08Z</time>
      </trkpt>
      <trkpt lat="39.79231163554708" lon="116.48077546465613">
        <ele>28.9</ele>
        <time>2022-04-07T11:43:09Z</time>
      </trkpt>
      <trkpt lat="39.792294658466446" lon="116.48075091775308">
        <ele>28.9</ele>
        <time>2022-04-07T11:43:10Z</time>
      </trkpt>
      <trkpt lat="39.792276164459" lon="116.48072783068662">
        <ele>28.9</ele>
        <time>2022-04-07T11:43:11Z</time>
      </trkpt>
      <trkpt lat="39.79225652688343" lon="116.480706604026">
        <ele>28.9</ele>
        <time>2022-04-07T11:43:12Z</time>
      </trkpt>
      <trkpt lat="39.79223558510791" lon="116.48068704274186">
        <ele>28.9</ele>
        <time>2022-04-07T11:43:13Z</time>
      </trkpt>
      <trkpt lat="39.79221373245496" lon="116.48066958444029">
        <ele>28.9</ele>
        <time>2022-04-07T11:43:14Z</time>
      </trkpt>
      <trkpt lat="39.79219070722269" lon="116.48065416342737">
        <ele>28.9</ele>
        <time>2022-04-07T11:43:15Z</time>
      </trkpt>
      <trkpt lat="39.79216683351721" lon="116.48064126436901">
        <ele>28.9</ele>
        <time>2022-04-07T11:43:16Z</time>
      </trkpt>
      <trkpt lat="39.79214204014944" lon="116.48063061191382">
        <ele>28.9</ele>
        <time>2022-04-07T11:43:17Z</time>
      </trkpt>
      <trkpt lat="39.792116764947394" lon="116.48062237756234">
        <ele>28.9</ele>
        <time>2022-04-07T11:43:18Z</time>
      </trkpt>
      <trkpt lat="39.7920907883846" lon="116.48061632697313">
        <ele>29.2</ele>
        <time>2022-04-07T11:43:19Z</time>
      </trkpt>
      <trkpt lat="39.79206459511335" lon="116.48061241254624">
        <ele>29.2</ele>
        <time>2022-04-07T11:43:20Z</time>
      </trkpt>
      <trkpt lat="39.792037905671435" lon="116.48061033453209">
        <ele>29.2</ele>
        <time>2022-04-07T11:43:21Z</time>
      </trkpt>
      <trkpt lat="39.792011165531605" lon="116.48060991282252">
        <ele>29.2</ele>
        <time>2022-04-07T11:43:22Z</time>
      </trkpt>
      <trkpt lat="39.791984053153634" lon="116.48061088270394">
        <ele>29.2</ele>
        <time>2022-04-07T11:43:23Z</time>
      </trkpt>
      <trkpt lat="39.791957002297686" lon="116.48061301013912">
        <ele>29.2</ele>
        <time>2022-04-07T11:43:24Z</time>
      </trkpt>
      <trkpt lat="39.79192964282208" lon="116.48061593928414">
        <ele>29.2</ele>
        <time>2022-04-07T11:43:25Z</time>
      </trkpt>
      <trkpt lat="39.791902411473856" lon="116.48061942296611">
        <ele>29.2</ele>
        <time>2022-04-07T11:43:26Z</time>
      </trkpt>
      <trkpt lat="39.79187523757403" lon="116.48062323559877">
        <ele>29.2</ele>
        <time>2022-04-07T11:43:27Z</time>
      </trkpt>
      <trkpt lat="39.79184804024551" lon="116.4806272512796">
        <ele>29.2</ele>
        <time>2022-04-07T11:43:28Z</time>
      </trkpt>
      <trkpt lat="39.79182078766256" lon="116.48063129094395">
        <ele>29.6</ele>
        <time>2022-04-07T11:43:29Z</time>
      </trkpt>
      <trkpt lat="39.79179345781107" lon="116.48063532744314">
        <ele>29.6</ele>
        <time>2022-04-07T11:43:30Z</time>
      </trkpt>
      <trkpt lat="39.79176605204126" lon="116.4806393231926">
        <ele>29.6</ele>
        <time>2022-04-07T11:43:31Z</time>
      </trkpt>
      <trkpt lat="39.7917385692878" lon="116.48064335590476">
        <ele>29.6</ele>
        <time>2022-04-07T11:43:32Z</time>
      </trkpt>
      <trkpt lat="39.79171105537044" lon="116.48064749231361">
        <ele>29.6</ele>
        <time>2022-04-07T11:43:33Z</time>
      </trkpt>
      <trkpt lat="39.79168356723598" lon="116.4806517844354">
        <ele>29.6</ele>
        <time>2022-04-07T11:43:34Z</time>
      </trkpt>
      <trkpt lat="39.791656146192544" lon="116.48065626570403">
        <ele>29.6</ele>
        <time>2022-04-07T11:43:35Z</time>
      </trkpt>
      <trkpt lat="39.79162887072711" lon="116.4806610759081">
        <ele>29.6</ele>
        <time>2022-04-07T11:43:36Z</time>
      </trkpt>
      <trkpt lat="39.79160171206415" lon="116.48066620217026">
        <ele>29.6</ele>
        <time>2022-04-07T11:43:37Z</time>
      </trkpt>
      <trkpt lat="39.79157433670573" lon="116.48067167534761">
        <ele>29.6</ele>
        <time>2022-04-07T11:43:38Z</time>
      </trkpt>
      <trkpt lat="39.79154716961247" lon="116.4806773503002">
        <ele>28.9</ele>
        <time>2022-04-07T11:43:39Z</time>
      </trkpt>
      <trkpt lat="39.791519844451706" lon="116.4806833034263">
        <ele>28.9</ele>
        <time>2022-04-07T11:43:40Z</time>
      </trkpt>
      <trkpt lat="39.79149272773936" lon="116.48068941583733">
        <ele>28.9</ele>
        <time>2022-04-07T11:43:41Z</time>
      </trkpt>
      <trkpt lat="39.791465418670235" lon="116.4806956141958">
        <ele>28.9</ele>
        <time>2022-04-07T11:43:42Z</time>
      </trkpt>
      <trkpt lat="39.79143829121602" lon="116.48070175105558">
        <ele>28.9</ele>
        <time>2022-04-07T11:43:43Z</time>
      </trkpt>
      <trkpt lat="39.791410925357134" lon="116.48070782063462">
        <ele>28.9</ele>
        <time>2022-04-07T11:43:44Z</time>
      </trkpt>
      <trkpt lat="39.791383674848646" lon="116.48071371724137">
        <ele>28.9</ele>
        <time>2022-04-07T11:43:45Z</time>
      </trkpt>
      <trkpt lat="39.791356098100515" lon="116.48071957661372">
        <ele>28.9</ele>
        <time>2022-04-07T11:43:46Z</time>
      </trkpt>
      <trkpt lat="39.791328560294446" lon="116.48072541972805">
        <ele>28.9</ele>
        <time>2022-04-07T11:43:47Z</time>
      </trkpt>
      <trkpt lat="39.79130071154796" lon="116.48073157609869">
        <ele>28.9</ele>
        <time>2022-04-07T11:43:48Z</time>
      </trkpt>
      <trkpt lat="39.79127299744498" lon="116.48073819550751">
        <ele>29.4</ele>
        <time>2022-04-07T11:43:49Z</time>
      </trkpt>
      <trkpt lat="39.791245143839966" lon="116.48074564487443">
        <ele>29.4</ele>
        <time>2022-04-07T11:43:50Z</time>
      </trkpt>
      <trkpt lat="39.79121757450164" lon="116.48075405388225">
        <ele>29.4</ele>
        <time>2022-04-07T11:43:51Z</time>
      </trkpt>
      <trkpt lat="39.79119003111913" lon="116.48076378121054">
        <ele>29.4</ele>
        <time>2022-04-07T11:43:52Z</time>
      </trkpt>
      <trkpt lat="39.791162968010205" lon="116.48077496866952">
        <ele>29.4</ele>
        <time>2022-04-07T11:43:53Z</time>
      </trkpt>
      <trkpt lat="39.79113646763733" lon="116.4807877630366">
        <ele>29.4</ele>
        <time>2022-04-07T11:43:54Z</time>
      </trkpt>
      <trkpt lat="39.791111008846165" lon="116.48080218647229">
        <ele>29.4</ele>
        <time>2022-04-07T11:43:55Z</time>
      </trkpt>
      <trkpt lat="39.79108632580322" lon="116.48081865765009">
        <ele>29.4</ele>
        <time>2022-04-07T11:43:56Z</time>
      </trkpt>
      <trkpt lat="39.79106285455318" lon="116.48083713320429">
        <ele>29.4</ele>
        <time>2022-04-07T11:43:57Z</time>
      </trkpt>
      <trkpt lat="39.791040356263316" lon="116.48085788916525">
        <ele>29.4</ele>
        <time>2022-04-07T11:43:58Z</time>
      </trkpt>
      <trkpt lat="39.79101909804335" lon="116.48088041867715">
        <ele>29.1</ele>
        <time>2022-04-07T11:43:59Z</time>
      </trkpt>
      <trkpt lat="39.79099902266749" lon="116.4809050291269">
        <ele>29.1</ele>
        <time>2022-04-07T11:44:00Z</time>
      </trkpt>
      <trkpt lat="39.79098025195469" lon="116.48093140689122">
        <ele>29.1</ele>
        <time>2022-04-07T11:44:01Z</time>
      </trkpt>
      <trkpt lat="39.79096303690133" lon="116.48095918581339">
        <ele>29.1</ele>
        <time>2022-04-07T11:44:02Z</time>
      </trkpt>
      <trkpt lat="39.790947596854075" lon="116.48098841208396">
        <ele>29.1</ele>
        <time>2022-04-07T11:44:03Z</time>
      </trkpt>
      <trkpt lat="39.79093391195402" lon="116.48101884302946">
        <ele>29.1</ele>
        <time>2022-04-07T11:44:04Z</time>
      </trkpt>
      <trkpt lat="39.79092179829076" lon="116.48105070184529">
        <ele>29.1</ele>
        <time>2022-04-07T11:44:05Z</time>
      </trkpt>
      <trkpt lat="39.7909111299274" lon="116.48108374362356">
        <ele>29.1</ele>
        <time>2022-04-07T11:44:06Z</time>
      </trkpt>
      <trkpt lat="39.790902136983746" lon="116.48111781981429">
        <ele>29.1</ele>
        <time>2022-04-07T11:44:07Z</time>
      </trkpt>
      <trkpt lat="39.79089476877729" lon="116.48115261324884">
        <ele>29.1</ele>
        <time>2022-04-07T11:44:08Z</time>
      </trkpt>
      <trkpt lat="39.79088926262634" lon="116.48118794991065">
        <ele>29.1</ele>
        <time>2022-04-07T11:44:09Z</time>
      </trkpt>
      <trkpt lat="39.79088574362436" lon="116.4812237005202">
        <ele>29.1</ele>
        <time>2022-04-07T11:44:10Z</time>
      </trkpt>
      <trkpt lat="39.790884325631325" lon="116.48125949216754">
        <ele>29.1</ele>
        <time>2022-04-07T11:44:11Z</time>
      </trkpt>
      <trkpt lat="39.790885109327604" lon="116.48129502597442">
        <ele>29.1</ele>
        <time>2022-04-07T11:44:12Z</time>
      </trkpt>
      <trkpt lat="39.790887926925045" lon="116.48133063979327">
        <ele>29.1</ele>
        <time>2022-04-07T11:44:13Z</time>
      </trkpt>
      <trkpt lat="39.79089272195466" lon="116.48136565314485">
        <ele>29.1</ele>
        <time>2022-04-07T11:44:14Z</time>
      </trkpt>
      <trkpt lat="39.79089958020166" lon="116.48140035924233">
        <ele>29.1</ele>
        <time>2022-04-07T11:44:15Z</time>
      </trkpt>
      <trkpt lat="39.7909084326792" lon="116.48143417263657">
        <ele>29.1</ele>
        <time>2022-04-07T11:44:16Z</time>
      </trkpt>
      <trkpt lat="39.79091925323635" lon="116.48146750978566">
        <ele>29.1</ele>
        <time>2022-04-07T11:44:17Z</time>
      </trkpt>
      <trkpt lat="39.79093205731311" lon="116.48149955343708">
        <ele>29.1</ele>
        <time>2022-04-07T11:44:18Z</time>
      </trkpt>
      <trkpt lat="39.79094699527071" lon="116.48153045836185">
        <ele>29.4</ele>
        <time>2022-04-07T11:44:19Z</time>
      </trkpt>
      <trkpt lat="39.790963746605456" lon="116.48155974264768">
        <ele>29.4</ele>
        <time>2022-04-07T11:44:20Z</time>
      </trkpt>
      <trkpt lat="39.79098234737679" lon="116.48158757546918">
        <ele>29.4</ele>
        <time>2022-04-07T11:44:21Z</time>
      </trkpt>
      <trkpt lat="39.79100241144492" lon="116.48161349142546">
        <ele>29.4</ele>
        <time>2022-04-07T11:44:22Z</time>
      </trkpt>
      <trkpt lat="39.791024039787395" lon="116.4816377064905">
        <ele>29.4</ele>
        <time>2022-04-07T11:44:23Z</time>
      </trkpt>
      <trkpt lat="39.791046784039295" lon="116.4816598425266">
        <ele>29.4</ele>
        <time>2022-04-07T11:44:24Z</time>
      </trkpt>
      <trkpt lat="39.7910708413514" lon="116.48167998024157">
        <ele>29.4</ele>
        <time>2022-04-07T11:44:25Z</time>
      </trkpt>
      <trkpt lat="39.79109575607687" lon="116.48169777587215">
        <ele>29.4</ele>
        <time>2022-04-07T11:44:26Z</time>
      </trkpt>
      <trkpt lat="39.79112172530831" lon="116.48171336525282">
        <ele>29.4</ele>
        <time>2022-04-07T11:44:27Z</time>
      </trkpt>
      <trkpt lat="39.7911484449349" lon="116.48172634526279">
        <ele>29.4</ele>
        <time>2022-04-07T11:44:28Z</time>
      </trkpt>
      <trkpt lat="39.79117592862599" lon="116.48173703132103">
        <ele>29.4</ele>
        <time>2022-04-07T11:44:29Z</time>
      </trkpt>
      <trkpt lat="39.79120363770032" lon="116.4817453695626">
        <ele>29.4</ele>
        <time>2022-04-07T11:44:30Z</time>
      </trkpt>
      <trkpt lat="39.79123183955567" lon="116.48175144698978">
        <ele>29.4</ele>
        <time>2022-04-07T11:44:31Z</time>
      </trkpt>
      <trkpt lat="39.7912600578364" lon="116.48175535267353">
        <ele>29.4</ele>
        <time>2022-04-07T11:44:32Z</time>
      </trkpt>
      <trkpt lat="39.79128857496709" lon="116.48175736131631">
        <ele>29.4</ele>
        <time>2022-04-07T11:44:33Z</time>
      </trkpt>
      <trkpt lat="39.79131695211075" lon="116.48175766717144">
        <ele>29.4</ele>
        <time>2022-04-07T11:44:34Z</time>
      </trkpt>
      <trkpt lat="39.79134553468158" lon="116.48175648302528">
        <ele>29.4</ele>
        <time>2022-04-07T11:44:35Z</time>
      </trkpt>
      <trkpt lat="39.79137387198059" lon="116.48175412570569">
        <ele>29.4</ele>
        <time>2022-04-07T11:44:36Z</time>
      </trkpt>
      <trkpt lat="39.791402314266314" lon="116.48175085423672">
        <ele>29.4</ele>
        <time>2022-04-07T11:44:37Z</time>
      </trkpt>
      <trkpt lat="39.79143043048865" lon="116.48174685717868">
        <ele>29.4</ele>
        <time>2022-04-07T11:44:38Z</time>
      </trkpt>
      <trkpt lat="39.79145858430308" lon="116.48174224043757">
        <ele>29.7</ele>
        <time>2022-04-07T11:44:39Z</time>
      </trkpt>
      <trkpt lat="39.79148639900865" lon="116.48173728870267">
        <ele>29.7</ele>
        <time>2022-04-07T11:44:40Z</time>
      </trkpt>
      <trkpt lat="39.79151427685785" lon="116.48173210328885">
        <ele>29.7</ele>
        <time>2022-04-07T11:44:41Z</time>
      </trkpt>
      <trkpt lat="39.791541862676816" lon="116.48172684500867">
        <ele>29.7</ele>
        <time>2022-04-07T11:44:42Z</time>
      </trkpt>
      <trkpt lat="39.79156956930608" lon="116.48172150994824">
        <ele>29.7</ele>
        <time>2022-04-07T11:44:43Z</time>
      </trkpt>
      <trkpt lat="39.7915970105346" lon="116.48171622411935">
        <ele>29.7</ele>
        <time>2022-04-07T11:44:44Z</time>
      </trkpt>
      <trkpt lat="39.791624593191855" lon="116.48171085727904">
        <ele>29.7</ele>
        <time>2022-04-07T11:44:45Z</time>
      </trkpt>
      <trkpt lat="39.79165190842123" lon="116.48170546579182">
        <ele>29.7</ele>
        <time>2022-04-07T11:44:46Z</time>
      </trkpt>
      <trkpt lat="39.79167933879554" lon="116.48169989329801">
        <ele>29.7</ele>
        <time>2022-04-07T11:44:47Z</time>
      </trkpt>
      <trkpt lat="39.79170649400089" lon="116.48169418346585">
        <ele>29.7</ele>
        <time>2022-04-07T11:44:48Z</time>
      </trkpt>
      <trkpt lat="39.791733795869206" lon="116.48168832027996">
        <ele>29.3</ele>
        <time>2022-04-07T11:44:49Z</time>
      </trkpt>
      <trkpt lat="39.79176083953565" lon="116.48168248267707">
        <ele>29.3</ele>
        <time>2022-04-07T11:44:50Z</time>
      </trkpt>
      <trkpt lat="39.79178800791725" lon="116.48167664100934">
        <ele>29.3</ele>
        <time>2022-04-07T11:44:51Z</time>
      </trkpt>
      <trkpt lat="39.7918149593104" lon="116.48167087749248">
        <ele>29.3</ele>
        <time>2022-04-07T11:44:52Z</time>
      </trkpt>
      <trkpt lat="39.79184209951201" lon="116.48166524670638">
        <ele>29.3</ele>
        <time>2022-04-07T11:44:53Z</time>
      </trkpt>
      <trkpt lat="39.7918690503542" lon="116.48165980010002">
        <ele>29.3</ele>
        <time>2022-04-07T11:44:54Z</time>
      </trkpt>
      <trkpt lat="39.79189624672115" lon="116.48165438247821">
        <ele>29.3</ele>
        <time>2022-04-07T11:44:55Z</time>
      </trkpt>
      <trkpt lat="39.79192335113563" lon="116.48164900255968">
        <ele>29.3</ele>
        <time>2022-04-07T11:44:56Z</time>
      </trkpt>
      <trkpt lat="39.79195076082348" lon="116.48164352210907">
        <ele>29.3</ele>
        <time>2022-04-07T11:44:57Z</time>
      </trkpt>
      <trkpt lat="39.791978083550504" lon="116.48163792900974">
        <ele>29.3</ele>
        <time>2022-04-07T11:44:58Z</time>
      </trkpt>
      <trkpt lat="39.79200565854784" lon="116.48163192696511">
        <ele>29.7</ele>
        <time>2022-04-07T11:44:59Z</time>
      </trkpt>
      <trkpt lat="39.792033019523274" lon="116.48162540082802">
        <ele>29.7</ele>
        <time>2022-04-07T11:45:00Z</time>
      </trkpt>
      <trkpt lat="39.7920602391885" lon="116.48161809925595">
        <ele>29.7</ele>
        <time>2022-04-07T11:45:01Z</time>
      </trkpt>
      <trkpt lat="39.79208721318577" lon="116.48160968408749">
        <ele>29.7</ele>
        <time>2022-04-07T11:45:02Z</time>
      </trkpt>
      <trkpt lat="39.79211378389701" lon="116.48160005562066">
        <ele>29.7</ele>
        <time>2022-04-07T11:45:03Z</time>
      </trkpt>
      <trkpt lat="39.792139615838806" lon="116.4815890382885">
        <ele>29.7</ele>
        <time>2022-04-07T11:45:04Z</time>
      </trkpt>
      <trkpt lat="39.79216467615582" lon="116.48157661403458">
        <ele>29.7</ele>
        <time>2022-04-07T11:45:05Z</time>
      </trkpt>
      <trkpt lat="39.79218883850489" lon="116.48156246994236">
        <ele>29.7</ele>
        <time>2022-04-07T11:45:06Z</time>
      </trkpt>
      <trkpt lat="39.79221204775099" lon="116.48154660201862">
        <ele>29.7</ele>
        <time>2022-04-07T11:45:07Z</time>
      </trkpt>
      <trkpt lat="39.79223418221372" lon="116.48152876561417">
        <ele>29.7</ele>
        <time>2022-04-07T11:45:08Z</time>
      </trkpt>
      <trkpt lat="39.7922552265192" lon="116.48150907356263">
        <ele>30</ele>
        <time>2022-04-07T11:45:09Z</time>
      </trkpt>
      <trkpt lat="39.792275040185274" lon="116.48148742047672">
        <ele>30</ele>
        <time>2022-04-07T11:45:10Z</time>
      </trkpt>
      <trkpt lat="39.79229378477016" lon="116.48146412410479">
        <ele>30</ele>
        <time>2022-04-07T11:45:11Z</time>
      </trkpt>
      <trkpt lat="39.792311282409344" lon="116.48143930781927">
        <ele>30</ele>
        <time>2022-04-07T11:45:12Z</time>
      </trkpt>
      <trkpt lat="39.79232732267522" lon="116.48141307912307">
        <ele>30</ele>
        <time>2022-04-07T11:45:13Z</time>
      </trkpt>
      <trkpt lat="39.7923420598092" lon="116.48138563119223">
        <ele>30</ele>
        <time>2022-04-07T11:45:14Z</time>
      </trkpt>
      <trkpt lat="39.792355512351335" lon="116.48135673028204">
        <ele>30</ele>
        <time>2022-04-07T11:45:15Z</time>
      </trkpt>
      <trkpt lat="39.79236771178002" lon="116.48132660456736">
        <ele>30</ele>
        <time>2022-04-07T11:45:16Z</time>
      </trkpt>
      <trkpt lat="39.79237841533655" lon="116.48129536549483">
        <ele>30</ele>
        <time>2022-04-07T11:45:17Z</time>
      </trkpt>
      <trkpt lat="39.79238767136946" lon="116.48126327609417">
        <ele>30</ele>
        <time>2022-04-07T11:45:18Z</time>
      </trkpt>
      <trkpt lat="39.79239520698009" lon="116.48123043053512">
        <ele>30.2</ele>
        <time>2022-04-07T11:45:19Z</time>
      </trkpt>
      <trkpt lat="39.792401087817815" lon="116.48119706529403">
        <ele>30.2</ele>
        <time>2022-04-07T11:45:20Z</time>
      </trkpt>
      <trkpt lat="39.792405084161544" lon="116.4811633359632">
        <ele>30.2</ele>
        <time>2022-04-07T11:45:21Z</time>
      </trkpt>
      <trkpt lat="39.79240715053683" lon="116.48112935183521">
        <ele>30.2</ele>
        <time>2022-04-07T11:45:22Z</time>
      </trkpt>
      <trkpt lat="39.792407347168215" lon="116.48109502831099">
        <ele>30.2</ele>
        <time>2022-04-07T11:45:23Z</time>
      </trkpt>
      <trkpt lat="39.79240567741043" lon="116.48106095013378">
        <ele>30.2</ele>
        <time>2022-04-07T11:45:24Z</time>
      </trkpt>
      <trkpt lat="39.79240200348886" lon="116.48102689899588">
        <ele>30.2</ele>
        <time>2022-04-07T11:45:25Z</time>
      </trkpt>
      <trkpt lat="39.79239640318752" lon="116.48099351648322">
        <ele>30.2</ele>
        <time>2022-04-07T11:45:26Z</time>
      </trkpt>
      <trkpt lat="39.79238882916556" lon="116.48096050899879">
        <ele>30.2</ele>
        <time>2022-04-07T11:45:27Z</time>
      </trkpt>
      <trkpt lat="39.79237945654571" lon="116.48092842659953">
        <ele>30.2</ele>
        <time>2022-04-07T11:45:28Z</time>
      </trkpt>
      <trkpt lat="39.792368304757176" lon="116.480896830418">
        <ele>30.2</ele>
        <time>2022-04-07T11:45:29Z</time>
      </trkpt>
      <trkpt lat="39.79235559047296" lon="116.48086636956272">
        <ele>30.2</ele>
        <time>2022-04-07T11:45:30Z</time>
      </trkpt>
      <trkpt lat="39.79234121212605" lon="116.48083678089839">
        <ele>30.2</ele>
        <time>2022-04-07T11:45:31Z</time>
      </trkpt>
      <trkpt lat="39.79232542155995" lon="116.48080861836861">
        <ele>30.2</ele>
        <time>2022-04-07T11:45:32Z</time>
      </trkpt>
      <trkpt lat="39.79230875544129" lon="116.48078193275272">
        <ele>30.2</ele>
        <time>2022-04-07T11:45:33Z</time>
      </trkpt>
      <trkpt lat="39.79229097098833" lon="116.4807571107426">
        <ele>30.2</ele>
        <time>2022-04-07T11:45:34Z</time>
      </trkpt>
      <trkpt lat="39.79227221763839" lon="116.48073402663817">
        <ele>30.2</ele>
        <time>2022-04-07T11:45:35Z</time>
      </trkpt>
      <trkpt lat="39.792252480022235" lon="116.48071283445312">
        <ele>30.2</ele>
        <time>2022-04-07T11:45:36Z</time>
      </trkpt>
      <trkpt lat="39.79223190076446" lon="116.48069344795297">
        <ele>30.2</ele>
        <time>2022-04-07T11:45:37Z</time>
      </trkpt>
      <trkpt lat="39.79221046491561" lon="116.48067601349975">
        <ele>30.2</ele>
        <time>2022-04-07T11:45:38Z</time>
      </trkpt>
      <trkpt lat="39.79218828917465" lon="116.48066045098865">
        <ele>29.3</ele>
        <time>2022-04-07T11:45:39Z</time>
      </trkpt>
      <trkpt lat="39.79216529373103" lon="116.48064711347948">
        <ele>29.3</ele>
        <time>2022-04-07T11:45:40Z</time>
      </trkpt>
      <trkpt lat="39.79214164691818" lon="116.48063584890662">
        <ele>29.3</ele>
        <time>2022-04-07T11:45:41Z</time>
      </trkpt>
      <trkpt lat="39.792117409578566" lon="116.48062683755185">
        <ele>29.3</ele>
        <time>2022-04-07T11:45:42Z</time>
      </trkpt>
      <trkpt lat="39.792092762626986" lon="116.48061990001399">
        <ele>29.3</ele>
        <time>2022-04-07T11:45:43Z</time>
      </trkpt>
      <trkpt lat="39.79206713453188" lon="116.48061487749538">
        <ele>29.3</ele>
        <time>2022-04-07T11:45:44Z</time>
      </trkpt>
      <trkpt lat="39.79204122381414" lon="116.48061156351241">
        <ele>29.3</ele>
        <time>2022-04-07T11:45:45Z</time>
      </trkpt>
      <trkpt lat="39.79201500548715" lon="116.4806097255779">
        <ele>29.3</ele>
        <time>2022-04-07T11:45:46Z</time>
      </trkpt>
      <trkpt lat="39.79198893094093" lon="116.4806092801052">
        <ele>29.3</ele>
        <time>2022-04-07T11:45:47Z</time>
      </trkpt>
      <trkpt lat="39.791963001378015" lon="116.48060999014972">
        <ele>29.3</ele>
        <time>2022-04-07T11:45:48Z</time>
      </trkpt>
      <trkpt lat="39.79193718413331" lon="116.48061176624148">
        <ele>29.4</ele>
        <time>2022-04-07T11:45:49Z</time>
      </trkpt>
      <trkpt lat="39.79191148996149" lon="116.48061439408835">
        <ele>29.4</ele>
        <time>2022-04-07T11:45:50Z</time>
      </trkpt>
      <trkpt lat="39.79188588113037" lon="116.48061778194204">
        <ele>29.4</ele>
        <time>2022-04-07T11:45:51Z</time>
      </trkpt>
      <trkpt lat="39.79186033012741" lon="116.48062166237591">
        <ele>29.4</ele>
        <time>2022-04-07T11:45:52Z</time>
      </trkpt>
      <trkpt lat="39.79183480200978" lon="116.48062587976527">
        <ele>29.4</ele>
        <time>2022-04-07T11:45:53Z</time>
      </trkpt>
      <trkpt lat="39.79180923939921" lon="116.48063024186236">
        <ele>29.4</ele>
        <time>2022-04-07T11:45:54Z</time>
      </trkpt>
      <trkpt lat="39.79178358641027" lon="116.48063458440367">
        <ele>29.4</ele>
        <time>2022-04-07T11:45:55Z</time>
      </trkpt>
      <trkpt lat="39.79175782702512" lon="116.48063884140439">
        <ele>29.4</ele>
        <time>2022-04-07T11:45:56Z</time>
      </trkpt>
      <trkpt lat="39.791731768123974" lon="116.48064304855693">
        <ele>29.4</ele>
        <time>2022-04-07T11:45:57Z</time>
      </trkpt>
      <trkpt lat="39.791705482225495" lon="116.48064718777269">
        <ele>29.4</ele>
        <time>2022-04-07T11:45:58Z</time>
      </trkpt>
      <trkpt lat="39.79167868390867" lon="116.48065130655546">
        <ele>29.4</ele>
        <time>2022-04-07T11:45:59Z</time>
      </trkpt>
      <trkpt lat="39.79165188346259" lon="116.48065540840159">
        <ele>29.4</ele>
        <time>2022-04-07T11:46:00Z</time>
      </trkpt>
      <trkpt lat="39.791624756491984" lon="116.48065957020862">
        <ele>29.4</ele>
        <time>2022-04-07T11:46:01Z</time>
      </trkpt>
      <trkpt lat="39.79159778450782" lon="116.4806637368285">
        <ele>29.4</ele>
        <time>2022-04-07T11:46:02Z</time>
      </trkpt>
      <trkpt lat="39.79157065826252" lon="116.48066801641112">
        <ele>29.4</ele>
        <time>2022-04-07T11:46:03Z</time>
      </trkpt>
      <trkpt lat="39.79154383031636" lon="116.48067237928751">
        <ele>29.4</ele>
        <time>2022-04-07T11:46:04Z</time>
      </trkpt>
      <trkpt lat="39.79151695162675" lon="116.48067687467868">
        <ele>29.4</ele>
        <time>2022-04-07T11:46:05Z</time>
      </trkpt>
      <trkpt lat="39.79149046480792" lon="116.48068138482436">
        <ele>29.4</ele>
        <time>2022-04-07T11:46:06Z</time>
      </trkpt>
      <trkpt lat="39.791464015471604" lon="116.4806859664539">
        <ele>29.4</ele>
        <time>2022-04-07T11:46:07Z</time>
      </trkpt>
      <trkpt lat="39.79143798879662" lon="116.48069054519299">
        <ele>29.4</ele>
        <time>2022-04-07T11:46:08Z</time>
      </trkpt>
      <trkpt lat="39.79141198031765" lon="116.48069520158566">
        <ele>29.6</ele>
        <time>2022-04-07T11:46:09Z</time>
      </trkpt>
      <trkpt lat="39.791386347950265" lon="116.4806998949402">
        <ele>29.6</ele>
        <time>2022-04-07T11:46:10Z</time>
      </trkpt>
      <trkpt lat="39.79136069201269" lon="116.48070473625631">
        <ele>29.6</ele>
        <time>2022-04-07T11:46:11Z</time>
      </trkpt>
      <trkpt lat="39.79133535389489" lon="116.48070967977296">
        <ele>29.6</ele>
        <time>2022-04-07T11:46:12Z</time>
      </trkpt>
      <trkpt lat="39.79130991228218" lon="116.48071484607328">
        <ele>29.6</ele>
        <time>2022-04-07T11:46:13Z</time>
      </trkpt>
      <trkpt lat="39.79128471503462" lon="116.48072022657249">
        <ele>29.6</ele>
        <time>2022-04-07T11:46:14Z</time>
      </trkpt>
      <trkpt lat="39.791259377632485" lon="116.48072607129808">
        <ele>29.6</ele>
        <time>2022-04-07T11:46:15Z</time>
      </trkpt>
      <trkpt lat="39.79123430945565" lon="116.4807324711161">
        <ele>29.6</ele>
        <time>2022-04-07T11:46:16Z</time>
      </trkpt>
      <trkpt lat="39.79120916338018" lon="116.4807398201027">
        <ele>29.6</ele>
        <time>2022-04-07T11:46:17Z</time>
      </trkpt>
      <trkpt lat="39.79118435771516" lon="116.4807481817253">
        <ele>29.6</ele>
        <time>2022-04-07T11:46:18Z</time>
      </trkpt>
      <trkpt lat="39.79115962899498" lon="116.48075792931378">
        <ele>29.2</ele>
        <time>2022-04-07T11:46:19Z</time>
      </trkpt>
      <trkpt lat="39.79113545591777" lon="116.48076909000285">
        <ele>29.2</ele>
        <time>2022-04-07T11:46:20Z</time>
      </trkpt>
      <trkpt lat="39.791111679900894" lon="116.48078210232696">
        <ele>29.2</ele>
        <time>2022-04-07T11:46:21Z</time>
      </trkpt>
      <trkpt lat="39.79108878377725" lon="116.48079687956862">
        <ele>29.2</ele>
        <time>2022-04-07T11:46:22Z</time>
      </trkpt>
      <trkpt lat="39.79106645094059" lon="116.48081362683168">
        <ele>29.2</ele>
        <time>2022-04-07T11:46:23Z</time>
      </trkpt>
      <trkpt lat="39.79104528198463" lon="116.48083230878146">
        <ele>29.2</ele>
        <time>2022-04-07T11:46:24Z</time>
      </trkpt>
      <trkpt lat="39.791025057773155" lon="116.48085313600016">
        <ele>29.2</ele>
        <time>2022-04-07T11:46:25Z</time>
      </trkpt>
      <trkpt lat="39.79100609087896" lon="116.48087567142251">
        <ele>29.2</ele>
        <time>2022-04-07T11:46:26Z</time>
      </trkpt>
      <trkpt lat="39.79098815051088" lon="116.48090011181425">
        <ele>29.2</ele>
        <time>2022-04-07T11:46:27Z</time>
      </trkpt>
      <trkpt lat="39.790971553718286" lon="116.48092597306348">
        <ele>29.2</ele>
        <time>2022-04-07T11:46:28Z</time>
      </trkpt>
      <trkpt lat="39.79095613150162" lon="116.48095350516006">
        <ele>29.5</ele>
        <time>2022-04-07T11:46:29Z</time>
      </trkpt>
      <trkpt lat="39.79094217989483" lon="116.48098221661716">
        <ele>29.5</ele>
        <time>2022-04-07T11:46:30Z</time>
      </trkpt>
      <trkpt lat="39.79092955349525" lon="116.48101234456837">
        <ele>29.5</ele>
        <time>2022-04-07T11:46:31Z</time>
      </trkpt>
      <trkpt lat="39.79091843419973" lon="116.48104326466664">
        <ele>29.5</ele>
        <time>2022-04-07T11:46:32Z</time>
      </trkpt>
      <trkpt lat="39.790908682253836" lon="116.48107523313733">
        <ele>29.5</ele>
        <time>2022-04-07T11:46:33Z</time>
      </trkpt>
      <trkpt lat="39.790900607497385" lon="116.48110776417693">
        <ele>29.5</ele>
        <time>2022-04-07T11:46:34Z</time>
      </trkpt>
      <trkpt lat="39.79089395686264" lon="116.48114055707384">
        <ele>29.5</ele>
        <time>2022-04-07T11:46:35Z</time>
      </trkpt>
      <trkpt lat="39.79088891789124" lon="116.48117360675518">
        <ele>29.5</ele>
        <time>2022-04-07T11:46:36Z</time>
      </trkpt>
      <trkpt lat="39.790885438408125" lon="116.48120683050395">
        <ele>29.5</ele>
        <time>2022-04-07T11:46:37Z</time>
      </trkpt>
      <trkpt lat="39.79088374738377" lon="116.48124011081242">
        <ele>29.5</ele>
        <time>2022-04-07T11:46:38Z</time>
      </trkpt>
      <trkpt lat="39.79088377355412" lon="116.48127334316611">
        <ele>30.1</ele>
        <time>2022-04-07T11:46:39Z</time>
      </trkpt>
      <trkpt lat="39.7908856585615" lon="116.48130638503572">
        <ele>30.1</ele>
        <time>2022-04-07T11:46:40Z</time>
      </trkpt>
      <trkpt lat="39.79088909754937" lon="116.48133916720758">
        <ele>30.1</ele>
        <time>2022-04-07T11:46:41Z</time>
      </trkpt>
      <trkpt lat="39.79089424552566" lon="116.48137148916983">
        <ele>30.1</ele>
        <time>2022-04-07T11:46:42Z</time>
      </trkpt>
      <trkpt lat="39.79090086810531" lon="116.4814033162685">
        <ele>30.1</ele>
        <time>2022-04-07T11:46:43Z</time>
      </trkpt>
      <trkpt lat="39.79090899468151" lon="116.48143455631994">
        <ele>30.1</ele>
        <time>2022-04-07T11:46:44Z</time>
      </trkpt>
      <trkpt lat="39.79091848248489" lon="116.48146516958843">
        <ele>30.1</ele>
        <time>2022-04-07T11:46:45Z</time>
      </trkpt>
      <trkpt lat="39.79092946240579" lon="116.48149537966447">
        <ele>30.1</ele>
        <time>2022-04-07T11:46:46Z</time>
      </trkpt>
      <trkpt lat="39.790941821544955" lon="116.48152447919809">
        <ele>30.1</ele>
        <time>2022-04-07T11:46:47Z</time>
      </trkpt>
      <trkpt lat="39.79095577894712" lon="116.48155264503444">
        <ele>30.1</ele>
        <time>2022-04-07T11:46:48Z</time>
      </trkpt>
      <trkpt lat="39.79097108955474" lon="116.48157927024799">
        <ele>30</ele>
        <time>2022-04-07T11:46:49Z</time>
      </trkpt>
      <trkpt lat="39.79098792580118" lon="116.48160452771299">
        <ele>30</ele>
        <time>2022-04-07T11:46:50Z</time>
      </trkpt>
      <trkpt lat="39.79100629872746" lon="116.4816280540717">
        <ele>30</ele>
        <time>2022-04-07T11:46:51Z</time>
      </trkpt>
      <trkpt lat="39.79102610759203" lon="116.48164981359541">
        <ele>30</ele>
        <time>2022-04-07T11:46:52Z</time>
      </trkpt>
      <trkpt lat="39.79104694583384" lon="116.48166949743344">
        <ele>30</ele>
        <time>2022-04-07T11:46:53Z</time>
      </trkpt>
      <trkpt lat="39.79106907553244" lon="116.48168730274328">
        <ele>30</ele>
        <time>2022-04-07T11:46:54Z</time>
      </trkpt>
      <trkpt lat="39.791092130151334" lon="116.48170285127955">
        <ele>30</ele>
        <time>2022-04-07T11:46:55Z</time>
      </trkpt>
      <trkpt lat="39.79111629179323" lon="116.4817163667525">
        <ele>30</ele>
        <time>2022-04-07T11:46:56Z</time>
      </trkpt>
      <trkpt lat="39.79114110134087" lon="116.48172758135203">
        <ele>30</ele>
        <time>2022-04-07T11:46:57Z</time>
      </trkpt>
      <trkpt lat="39.791166714324106" lon="116.4817367195565">
        <ele>30</ele>
        <time>2022-04-07T11:46:58Z</time>
      </trkpt>
      <trkpt lat="39.791192617321016" lon="116.48174388651003">
        <ele>29.3</ele>
        <time>2022-04-07T11:46:59Z</time>
      </trkpt>
      <trkpt lat="39.791219022482245" lon="116.48174907633079">
        <ele>29.3</ele>
        <time>2022-04-07T11:47:00Z</time>
      </trkpt>
      <trkpt lat="39.79124544998249" lon="116.48175231884903">
        <ele>29.3</ele>
        <time>2022-04-07T11:47:01Z</time>
      </trkpt>
      <trkpt lat="39.791271866539866" lon="116.48175380067248">
        <ele>29.3</ele>
        <time>2022-04-07T11:47:02Z</time>
      </trkpt>
      <trkpt lat="39.791298257914676" lon="116.48175383991631">
        <ele>29.3</ele>
        <time>2022-04-07T11:47:03Z</time>
      </trkpt>
      <trkpt lat="39.7913249010832" lon="116.48175261086256">
        <ele>29.3</ele>
        <time>2022-04-07T11:47:04Z</time>
      </trkpt>
      <trkpt lat="39.791351366026056" lon="116.4817502484004">
        <ele>29.3</ele>
        <time>2022-04-07T11:47:05Z</time>
      </trkpt>
      <trkpt lat="39.79137798064446" lon="116.48174700418106">
        <ele>29.3</ele>
        <time>2022-04-07T11:47:06Z</time>
      </trkpt>
      <trkpt lat="39.79140434784397" lon="116.48174297196647">
        <ele>29.3</ele>
        <time>2022-04-07T11:47:07Z</time>
      </trkpt>
      <trkpt lat="39.79143083042421" lon="116.48173837746258">
        <ele>29.3</ele>
        <time>2022-04-07T11:47:08Z</time>
      </trkpt>
      <trkpt lat="39.79145706170023" lon="116.48173348275063">
        <ele>29</ele>
        <time>2022-04-07T11:47:09Z</time>
      </trkpt>
      <trkpt lat="39.791483457842645" lon="116.48172820176742">
        <ele>29</ele>
        <time>2022-04-07T11:47:10Z</time>
      </trkpt>
      <trkpt lat="39.791509654862736" lon="116.48172293686983">
        <ele>29</ele>
        <time>2022-04-07T11:47:11Z</time>
      </trkpt>
      <trkpt lat="39.79153605629417" lon="116.4817176722643">
        <ele>29</ele>
        <time>2022-04-07T11:47:12Z</time>
      </trkpt>
      <trkpt lat="39.791562286338724" lon="116.48171244272086">
        <ele>29</ele>
        <time>2022-04-07T11:47:13Z</time>
      </trkpt>
      <trkpt lat="39.79158871872699" lon="116.48170716928891">
        <ele>29</ele>
        <time>2022-04-07T11:47:14Z</time>
      </trkpt>
      <trkpt lat="39.791614950833875" lon="116.48170197277778">
        <ele>29</ele>
        <time>2022-04-07T11:47:15Z</time>
      </trkpt>
      <trkpt lat="39.79164137480399" lon="116.48169673198095">
        <ele>29</ele>
        <time>2022-04-07T11:47:16Z</time>
      </trkpt>
      <trkpt lat="39.79166766786589" lon="116.48169147770166">
        <ele>29</ele>
        <time>2022-04-07T11:47:17Z</time>
      </trkpt>
      <trkpt lat="39.791694243756545" lon="116.48168616877341">
        <ele>29</ele>
        <time>2022-04-07T11:47:18Z</time>
      </trkpt>
      <trkpt lat="39.79172076036793" lon="116.4816808749376">
        <ele>29.9</ele>
        <time>2022-04-07T11:47:19Z</time>
      </trkpt>
      <trkpt lat="39.79174765044757" lon="116.48167550409502">
        <ele>29.9</ele>
        <time>2022-04-07T11:47:20Z</time>
      </trkpt>
      <trkpt lat="39.7917744723069" lon="116.48167015914518">
        <ele>29.9</ele>
        <time>2022-04-07T11:47:21Z</time>
      </trkpt>
      <trkpt lat="39.79180159816371" lon="116.48166473716469">
        <ele>29.9</ele>
        <time>2022-04-07T11:47:22Z</time>
      </trkpt>
      <trkpt lat="39.791828618710646" lon="116.48165933116061">
        <ele>29.9</ele>
        <time>2022-04-07T11:47:23Z</time>
      </trkpt>
      <trkpt lat="39.79185589163958" lon="116.48165383516998">
        <ele>29.9</ele>
        <time>2022-04-07T11:47:24Z</time>
      </trkpt>
      <trkpt lat="39.791883017523695" lon="116.48164831742878">
        <ele>29.9</ele>
        <time>2022-04-07T11:47:25Z</time>
      </trkpt>
      <trkpt lat="39.791910408850036" lon="116.48164265525615">
        <ele>29.9</ele>
        <time>2022-04-07T11:47:26Z</time>
      </trkpt>
      <trkpt lat="39.79193765117537" lon="116.48163696221728">
        <ele>29.9</ele>
        <time>2022-04-07T11:47:27Z</time>
      </trkpt>
      <trkpt lat="39.7919650683876" lon="116.48163107416137">
        <ele>29.9</ele>
        <time>2022-04-07T11:47:28Z</time>
      </trkpt>
      <trkpt lat="39.79199219978441" lon="116.48162493679186">
        <ele>29.4</ele>
        <time>2022-04-07T11:47:29Z</time>
      </trkpt>
      <trkpt lat="39.792019305145054" lon="116.48161821883036">
        <ele>29.4</ele>
        <time>2022-04-07T11:47:30Z</time>
      </trkpt>
      <trkpt lat="39.79204612620297" lon="116.48161097242664">
        <ele>29.4</ele>
        <time>2022-04-07T11:47:31Z</time>
      </trkpt>
      <trkpt lat="39.792072394786366" lon="116.4816029112888">
        <ele>29.4</ele>
        <time>2022-04-07T11:47:32Z</time>
      </trkpt>
      <trkpt lat="39.79209805668232" lon="116.48159380283435">
        <ele>29.4</ele>
        <time>2022-04-07T11:47:33Z</time>
      </trkpt>
      <trkpt lat="39.79212313645093" lon="116.48158366556069">
        <ele>29.4</ele>
        <time>2022-04-07T11:47:34Z</time>
      </trkpt>
      <trkpt lat="39.79214765109562" lon="116.48157238896941">
        <ele>29.4</ele>
        <time>2022-04-07T11:47:35Z</time>
      </trkpt>
      <trkpt lat="39.79217157437598" lon="116.4815598798642">
        <ele>29.4</ele>
        <time>2022-04-07T11:47:36Z</time>
      </trkpt>
      <trkpt lat="39.792194780933514" lon="116.48154582572681">
        <ele>29.4</ele>
        <time>2022-04-07T11:47:37Z</time>
      </trkpt>
      <trkpt lat="39.79221723964408" lon="116.48153014903208">
        <ele>29.4</ele>
        <time>2022-04-07T11:47:38Z</time>
      </trkpt>
      <trkpt lat="39.79223875085479" lon="116.48151255882519">
        <ele>29.2</ele>
        <time>2022-04-07T11:47:39Z</time>
      </trkpt>
      <trkpt lat="39.79225927748396" lon="116.48149322234484">
        <ele>29.2</ele>
        <time>2022-04-07T11:47:40Z</time>
      </trkpt>
      <trkpt lat="39.792278648884356" lon="116.481472095636">
        <ele>29.2</ele>
        <time>2022-04-07T11:47:41Z</time>
      </trkpt>
      <trkpt lat="39.792296629375954" lon="116.4814493268196">
        <ele>29.2</ele>
        <time>2022-04-07T11:47:42Z</time>
      </trkpt>
      <trkpt lat="39.792313680898395" lon="116.48142489258235">
        <ele>29.2</ele>
        <time>2022-04-07T11:47:43Z</time>
      </trkpt>
      <trkpt lat="39.792329486231694" lon="116.48139933794958">
        <ele>29.2</ele>
        <time>2022-04-07T11:47:44Z</time>
      </trkpt>
      <trkpt lat="39.79234409374021" lon="116.48137278633838">
        <ele>29.2</ele>
        <time>2022-04-07T11:47:45Z</time>
      </trkpt>
      <trkpt lat="39.792357230870444" lon="116.48134505772279">
        <ele>29.2</ele>
        <time>2022-04-07T11:47:46Z</time>
      </trkpt>
      <trkpt lat="39.79236895008564" lon="116.48131636830452">
        <ele>29.2</ele>
        <time>2022-04-07T11:47:47Z</time>
      </trkpt>
      <trkpt lat="39.792379012134425" lon="116.48128676237619">
        <ele>29.2</ele>
        <time>2022-04-07T11:47:48Z</time>
      </trkpt>
      <trkpt lat="39.79238745173737" lon="116.48125645738556">
        <ele>30.2</ele>
        <time>2022-04-07T11:47:49Z</time>
      </trkpt>
      <trkpt lat="39.792394109072255" lon="116.48122556756982">
        <ele>30.2</ele>
        <time>2022-04-07T11:47:50Z</time>
      </trkpt>
      <trkpt lat="39.79239909615355" lon="116.48119386817665">
        <ele>30.2</ele>
        <time>2022-04-07T11:47:51Z</time>
      </trkpt>
      <trkpt lat="39.79240239610788" lon="116.48116204653675">
        <ele>30.2</ele>
        <time>2022-04-07T11:47:52Z</time>
      </trkpt>
      <trkpt lat="39.79240427963319" lon="116.4811301584685">
        <ele>30.2</ele>
        <time>2022-04-07T11:47:53Z</time>
      </trkpt>
      <trkpt lat="39.79240452516659" lon="116.4810983078071">
        <ele>30.2</ele>
        <time>2022-04-07T11:47:54Z</time>
      </trkpt>
      <trkpt lat="39.79240325432695" lon="116.4810665815872">
        <ele>30.2</ele>
        <time>2022-04-07T11:47:55Z</time>
      </trkpt>
      <trkpt lat="39.79240042455489" lon="116.48103461386124">
        <ele>30.2</ele>
        <time>2022-04-07T11:47:56Z</time>
      </trkpt>
      <trkpt lat="39.792395910673385" lon="116.48100263215555">
        <ele>30.2</ele>
        <time>2022-04-07T11:47:57Z</time>
      </trkpt>
      <trkpt lat="39.7923899032013" lon="116.48097081786557">
        <ele>30.2</ele>
        <time>2022-04-07T11:47:58Z</time>
      </trkpt>
      <trkpt lat="39.79238253705358" lon="116.48093974315088">
        <ele>29.5</ele>
        <time>2022-04-07T11:47:59Z</time>
      </trkpt>
      <trkpt lat="39.79237384790331" lon="116.48090909228203">
        <ele>29.5</ele>
        <time>2022-04-07T11:48:00Z</time>
      </trkpt>
      <trkpt lat="39.79236402803809" lon="116.48087946378041">
        <ele>29.5</ele>
        <time>2022-04-07T11:48:01Z</time>
      </trkpt>
      <trkpt lat="39.79235309127755" lon="116.48085115539274">
        <ele>29.5</ele>
        <time>2022-04-07T11:48:02Z</time>
      </trkpt>
      <trkpt lat="39.79234109336244" lon="116.48082407791574">
        <ele>29.5</ele>
        <time>2022-04-07T11:48:03Z</time>
      </trkpt>
      <trkpt lat="39.79232768881949" lon="116.48079798753689">
        <ele>29.5</ele>
        <time>2022-04-07T11:48:04Z</time>
      </trkpt>
      <trkpt lat="39.79231315942186" lon="116.48077339418363">
        <ele>29.5</ele>
        <time>2022-04-07T11:48:05Z</time>
      </trkpt>
      <trkpt lat="39.79229731468474" lon="116.48074998518338">
        <ele>29.5</ele>
        <time>2022-04-07T11:48:06Z</time>
      </trkpt>
      <trkpt lat="39.79228043402442" lon="116.48072817727653">
        <ele>29.5</ele>
        <time>2022-04-07T11:48:07Z</time>
      </trkpt>
      <trkpt lat="39.79226249007687" lon="116.48070808160088">
        <ele>29.5</ele>
        <time>2022-04-07T11:48:08Z</time>
      </trkpt>
      <trkpt lat="39.7922436009631" lon="116.48068962330231">
        <ele>28.9</ele>
        <time>2022-04-07T11:48:09Z</time>
      </trkpt>
      <trkpt lat="39.79222357686556" lon="116.48067262039493">
        <ele>28.9</ele>
        <time>2022-04-07T11:48:10Z</time>
      </trkpt>
      <trkpt lat="39.79220277237334" lon="116.48065723300249">
        <ele>28.9</ele>
        <time>2022-04-07T11:48:11Z</time>
      </trkpt>
      <trkpt lat="39.792180921776364" lon="116.48064363705896">
        <ele>28.9</ele>
        <time>2022-04-07T11:48:12Z</time>
      </trkpt>
      <trkpt lat="39.79215834121767" lon="116.48063193159125">
        <ele>28.9</ele>
        <time>2022-04-07T11:48:13Z</time>
      </trkpt>
      <trkpt lat="39.79213484158288" lon="116.48062200497974">
        <ele>28.9</ele>
        <time>2022-04-07T11:48:14Z</time>
      </trkpt>
      <trkpt lat="39.79211092035802" lon="116.48061405091755">
        <ele>28.9</ele>
        <time>2022-04-07T11:48:15Z</time>
      </trkpt>
      <trkpt lat="39.79208635817894" lon="116.4806078608306">
        <ele>28.9</ele>
        <time>2022-04-07T11:48:16Z</time>
      </trkpt>
      <trkpt lat="39.79206159333084" lon="116.48060347447083">
        <ele>28.9</ele>
        <time>2022-04-07T11:48:17Z</time>
      </trkpt>
      <trkpt lat="39.79203634904533" lon="116.48060081507711">
        <ele>28.9</ele>
        <time>2022-04-07T11:48:18Z</time>
      </trkpt>
      <trkpt lat="39.79201107883122" lon="116.48059990472444">
        <ele>29</ele>
        <time>2022-04-07T11:48:19Z</time>
      </trkpt>
      <trkpt lat="39.7919854887645" lon="116.48060054008565">
        <ele>29</ele>
        <time>2022-04-07T11:48:20Z</time>
      </trkpt>
      <trkpt lat="39.79196001875408" lon="116.48060256053685">
        <ele>29</ele>
        <time>2022-04-07T11:48:21Z</time>
      </trkpt>
      <trkpt lat="39.79193429227807" lon="116.48060587642803">
        <ele>29</ele>
        <time>2022-04-07T11:48:22Z</time>
      </trkpt>
      <trkpt lat="39.79190876518478" lon="116.48060989033154">
        <ele>29</ele>
        <time>2022-04-07T11:48:23Z</time>
      </trkpt>
      <trkpt lat="39.79188304832449" lon="116.48061438272838">
        <ele>29</ele>
        <time>2022-04-07T11:48:24Z</time>
      </trkpt>
      <trkpt lat="39.791857543249314" lon="116.4806191636027">
        <ele>29</ele>
        <time>2022-04-07T11:48:25Z</time>
      </trkpt>
      <trkpt lat="39.79183185113778" lon="116.4806241164792">
        <ele>29</ele>
        <time>2022-04-07T11:48:26Z</time>
      </trkpt>
      <trkpt lat="39.79180634276185" lon="116.48062913315232">
        <ele>29</ele>
        <time>2022-04-07T11:48:27Z</time>
      </trkpt>
      <trkpt lat="39.791780625067794" lon="116.48063425082591">
        <ele>29</ele>
        <time>2022-04-07T11:48:28Z</time>
      </trkpt>
      <trkpt lat="39.79175505634233" lon="116.48063931090157">
        <ele>29.8</ele>
        <time>2022-04-07T11:48:29Z</time>
      </trkpt>
      <trkpt lat="39.79172918805488" lon="116.48064429942188">
        <ele>29.8</ele>
        <time>2022-04-07T11:48:30Z</time>
      </trkpt>
      <trkpt lat="39.79170338055884" lon="116.4806491465877">
        <ele>29.8</ele>
        <time>2022-04-07T11:48:31Z</time>
      </trkpt>
      <trkpt lat="39.79167724752391" lon="116.48065393804966">
        <ele>29.8</ele>
        <time>2022-04-07T11:48:32Z</time>
      </trkpt>
      <trkpt lat="39.7916511684086" lon="116.48065866301853">
        <ele>29.8</ele>
        <time>2022-04-07T11:48:33Z</time>
      </trkpt>
      <trkpt lat="39.79162472443216" lon="116.4806634250864">
        <ele>29.8</ele>
        <time>2022-04-07T11:48:34Z</time>
      </trkpt>
      <trkpt lat="39.791598306928876" lon="116.48066817117959">
        <ele>29.8</ele>
        <time>2022-04-07T11:48:35Z</time>
      </trkpt>
      <trkpt lat="39.79157151402398" lon="116.48067292810568">
        <ele>29.8</ele>
        <time>2022-04-07T11:48:36Z</time>
      </trkpt>
      <trkpt lat="39.79154473227239" lon="116.48067764062175">
        <ele>29.8</ele>
        <time>2022-04-07T11:48:37Z</time>
      </trkpt>
      <trkpt lat="39.791517557144765" lon="116.48068232689928">
        <ele>29.8</ele>
        <time>2022-04-07T11:48:38Z</time>
      </trkpt>
      <trkpt lat="39.79149040239275" lon="116.48068692909702">
        <ele>28.7</ele>
        <time>2022-04-07T11:48:39Z</time>
      </trkpt>
      <trkpt lat="39.7914628836253" lon="116.48069153855798">
        <ele>28.7</ele>
        <time>2022-04-07T11:48:40Z</time>
      </trkpt>
      <trkpt lat="39.791435457839434" lon="116.48069609762946">
        <ele>28.7</ele>
        <time>2022-04-07T11:48:41Z</time>
      </trkpt>
      <trkpt lat="39.79140777228811" lon="116.48070061917161">
        <ele>28.7</ele>
        <time>2022-04-07T11:48:42Z</time>
      </trkpt>
      <trkpt lat="39.791380242662115" lon="116.48070502946354">
        <ele>28.7</ele>
        <time>2022-04-07T11:48:43Z</time>
      </trkpt>
      <trkpt lat="39.79135251982016" lon="116.4807093694956">
        <ele>28.7</ele>
        <time>2022-04-07T11:48:44Z</time>
      </trkpt>
      <trkpt lat="39.79132506954689" lon="116.48071367991349">
        <ele>28.7</ele>
        <time>2022-04-07T11:48:45Z</time>
      </trkpt>
      <trkpt lat="39.79129753774795" lon="116.48071815602782">
        <ele>28.7</ele>
        <time>2022-04-07T11:48:46Z</time>
      </trkpt>
      <trkpt lat="39.7912703387672" lon="116.48072277476219">
        <ele>28.7</ele>
        <time>2022-04-07T11:48:47Z</time>
      </trkpt>
      <trkpt lat="39.79124321509802" lon="116.48072804845062">
        <ele>28.7</ele>
        <time>2022-04-07T11:48:48Z</time>
      </trkpt>
      <trkpt lat="39.79121665038291" lon="116.4807340978217">
        <ele>28.7</ele>
        <time>2022-04-07T11:48:49Z</time>
      </trkpt>
      <trkpt lat="39.79119034676369" lon="116.48074121193245">
        <ele>28.7</ele>
        <time>2022-04-07T11:48:50Z</time>
      </trkpt>
      <trkpt lat="39.79116478772443" lon="116.480749449818">
        <ele>28.7</ele>
        <time>2022-04-07T11:48:51Z</time>
      </trkpt>
      <trkpt lat="39.79113967646954" lon="116.48075913784007">
        <ele>28.7</ele>
        <time>2022-04-07T11:48:52Z</time>
      </trkpt>
      <trkpt lat="39.791115439441704" lon="116.48077027185738">
        <ele>28.7</ele>
        <time>2022-04-07T11:48:53Z</time>
      </trkpt>
      <trkpt lat="39.791091799555595" lon="116.48078320005344">
        <ele>28.7</ele>
        <time>2022-04-07T11:48:54Z</time>
      </trkpt>
      <trkpt lat="39.79106918130089" lon="116.48079785644532">
        <ele>28.7</ele>
        <time>2022-04-07T11:48:55Z</time>
      </trkpt>
      <trkpt lat="39.791047323305975" lon="116.48081448036811">
        <ele>28.7</ele>
        <time>2022-04-07T11:48:56Z</time>
      </trkpt>
      <trkpt lat="39.79102666373398" lon="116.48083284436522">
        <ele>28.7</ele>
        <time>2022-04-07T11:48:57Z</time>
      </trkpt>
      <trkpt lat="39.79100701172485" lon="116.48085328400141">
        <ele>28.7</ele>
        <time>2022-04-07T11:48:58Z</time>
      </trkpt>
      <trkpt lat="39.790988647338985" lon="116.48087516183355">
        <ele>29</ele>
        <time>2022-04-07T11:48:59Z</time>
      </trkpt>
      <trkpt lat="39.790971284562325" lon="116.48089860661202">
        <ele>29</ele>
        <time>2022-04-07T11:49:00Z</time>
      </trkpt>
      <trkpt lat="39.790955263611565" lon="116.48092319885423">
        <ele>29</ele>
        <time>2022-04-07T11:49:01Z</time>
      </trkpt>
      <trkpt lat="39.790940364615004" lon="116.48094910342247">
        <ele>29</ele>
        <time>2022-04-07T11:49:02Z</time>
      </trkpt>
      <trkpt lat="39.790926940628786" lon="116.48097587048714">
        <ele>29</ele>
        <time>2022-04-07T11:49:03Z</time>
      </trkpt>
      <trkpt lat="39.790914959227145" lon="116.48100378938925">
        <ele>29</ele>
        <time>2022-04-07T11:49:04Z</time>
      </trkpt>
      <trkpt lat="39.79090447902378" lon="116.48103234017653">
        <ele>29</ele>
        <time>2022-04-07T11:49:05Z</time>
      </trkpt>
      <trkpt lat="39.79089563117204" lon="116.48106186222341">
        <ele>29</ele>
        <time>2022-04-07T11:49:06Z</time>
      </trkpt>
      <trkpt lat="39.79088855500781" lon="116.48109179515171">
        <ele>29</ele>
        <time>2022-04-07T11:49:07Z</time>
      </trkpt>
      <trkpt lat="39.79088311725262" lon="116.48112245480863">
        <ele>29</ele>
        <time>2022-04-07T11:49:08Z</time>
      </trkpt>
      <trkpt lat="39.79087934138782" lon="116.48115334885497">
        <ele>29.7</ele>
        <time>2022-04-07T11:49:09Z</time>
      </trkpt>
      <trkpt lat="39.79087715512137" lon="116.48118489518768">
        <ele>29.7</ele>
        <time>2022-04-07T11:49:10Z</time>
      </trkpt>
      <trkpt lat="39.79087665566792" lon="116.48121656784274">
        <ele>29.7</ele>
        <time>2022-04-07T11:49:11Z</time>
      </trkpt>
      <trkpt lat="39.79087778117349" lon="116.48124874931993">
        <ele>29.7</ele>
        <time>2022-04-07T11:49:12Z</time>
      </trkpt>
      <trkpt lat="39.790880513467656" lon="116.48128090361186">
        <ele>29.7</ele>
        <time>2022-04-07T11:49:13Z</time>
      </trkpt>
      <trkpt lat="39.790884811911155" lon="116.48131332202462">
        <ele>29.7</ele>
        <time>2022-04-07T11:49:14Z</time>
      </trkpt>
      <trkpt lat="39.79089054695171" lon="116.4813453596777">
        <ele>29.7</ele>
        <time>2022-04-07T11:49:15Z</time>
      </trkpt>
      <trkpt lat="39.79089781644722" lon="116.48137697713098">
        <ele>29.7</ele>
        <time>2022-04-07T11:49:16Z</time>
      </trkpt>
      <trkpt lat="39.79090623070216" lon="116.48140789655267">
        <ele>29.7</ele>
        <time>2022-04-07T11:49:17Z</time>
      </trkpt>
      <trkpt lat="39.79091583171606" lon="116.48143805734585">
        <ele>29.7</ele>
        <time>2022-04-07T11:49:18Z</time>
      </trkpt>
      <trkpt lat="39.79092650108257" lon="116.48146705859651">
        <ele>29.3</ele>
        <time>2022-04-07T11:49:19Z</time>
      </trkpt>
      <trkpt lat="39.79093844192288" lon="116.4814952675279">
        <ele>29.3</ele>
        <time>2022-04-07T11:49:20Z</time>
      </trkpt>
      <trkpt lat="39.79095150271213" lon="116.48152212944295">
        <ele>29.3</ele>
        <time>2022-04-07T11:49:21Z</time>
      </trkpt>
      <trkpt lat="39.79096588160152" lon="116.4815479082456">
        <ele>29.3</ele>
        <time>2022-04-07T11:49:22Z</time>
      </trkpt>
      <trkpt lat="39.79098124628431" lon="116.48157221738423">
        <ele>29.3</ele>
        <time>2022-04-07T11:49:23Z</time>
      </trkpt>
      <trkpt lat="39.79099787466128" lon="116.4815951145232">
        <ele>29.3</ele>
        <time>2022-04-07T11:49:24Z</time>
      </trkpt>
      <trkpt lat="39.791015412366676" lon="116.48161624110342">
        <ele>29.3</ele>
        <time>2022-04-07T11:49:25Z</time>
      </trkpt>
      <trkpt lat="39.79103399216232" lon="116.481635971355">
        <ele>29.3</ele>
        <time>2022-04-07T11:49:26Z</time>
      </trkpt>
      <trkpt lat="39.79105339320363" lon="116.48165436313872">
        <ele>29.3</ele>
        <time>2022-04-07T11:49:27Z</time>
      </trkpt>
      <trkpt lat="39.79107384024346" lon="116.48167133065019">
        <ele>29.3</ele>
        <time>2022-04-07T11:49:28Z</time>
      </trkpt>
      <trkpt lat="39.79109506328535" lon="116.48168689328416">
        <ele>29.3</ele>
        <time>2022-04-07T11:49:29Z</time>
      </trkpt>
      <trkpt lat="39.79111728833489" lon="116.48170097269319">
        <ele>29.3</ele>
        <time>2022-04-07T11:49:30Z</time>
      </trkpt>
      <trkpt lat="39.79114009490877" lon="116.48171316524287">
        <ele>29.3</ele>
        <time>2022-04-07T11:49:31Z</time>
      </trkpt>
      <trkpt lat="39.79116370183773" lon="116.48172353198429">
        <ele>29.3</ele>
        <time>2022-04-07T11:49:32Z</time>
      </trkpt>
      <trkpt lat="39.79118764269798" lon="116.48173191214113">
        <ele>29.3</ele>
        <time>2022-04-07T11:49:33Z</time>
      </trkpt>
      <trkpt lat="39.79121223769541" lon="116.48173830096465">
        <ele>29.3</ele>
        <time>2022-04-07T11:49:34Z</time>
      </trkpt>
      <trkpt lat="39.791236969443496" lon="116.48174285026076">
        <ele>29.3</ele>
        <time>2022-04-07T11:49:35Z</time>
      </trkpt>
      <trkpt lat="39.791262127992304" lon="116.48174569231615">
        <ele>29.3</ele>
        <time>2022-04-07T11:49:36Z</time>
      </trkpt>
      <trkpt lat="39.791287303861736" lon="116.48174682491269">
        <ele>29.3</ele>
        <time>2022-04-07T11:49:37Z</time>
      </trkpt>
      <trkpt lat="39.79131280379587" lon="116.48174645539306">
        <ele>29.3</ele>
        <time>2022-04-07T11:49:38Z</time>
      </trkpt>
      <trkpt lat="39.79133823471883" lon="116.48174475772399">
        <ele>29.6</ele>
        <time>2022-04-07T11:49:39Z</time>
      </trkpt>
      <trkpt lat="39.79136390506879" lon="116.48174204738672">
        <ele>29.6</ele>
        <time>2022-04-07T11:49:40Z</time>
      </trkpt>
      <trkpt lat="39.791389399395726" lon="116.48173858374432">
        <ele>29.6</ele>
        <time>2022-04-07T11:49:41Z</time>
      </trkpt>
      <trkpt lat="39.7914150747518" lon="116.48173458694934">
        <ele>29.6</ele>
        <time>2022-04-07T11:49:42Z</time>
      </trkpt>
      <trkpt lat="39.791440530535795" lon="116.48173027070216">
        <ele>29.6</ele>
        <time>2022-04-07T11:49:43Z</time>
      </trkpt>
      <trkpt lat="39.791466145748885" lon="116.48172567516">
        <ele>29.6</ele>
        <time>2022-04-07T11:49:44Z</time>
      </trkpt>
      <trkpt lat="39.79149155577729" lon="116.48172091624846">
        <ele>29.6</ele>
        <time>2022-04-07T11:49:45Z</time>
      </trkpt>
      <trkpt lat="39.79151714592131" lon="116.48171597021509">
        <ele>29.6</ele>
        <time>2022-04-07T11:49:46Z</time>
      </trkpt>
      <trkpt lat="39.79154255484404" lon="116.48171098304056">
        <ele>29.6</ele>
        <time>2022-04-07T11:49:47Z</time>
      </trkpt>
      <trkpt lat="39.79156820389051" lon="116.48170592910579">
        <ele>29.6</ele>
        <time>2022-04-07T11:49:48Z</time>
      </trkpt>
      <trkpt lat="39.79159376548465" lon="116.48170094927227">
        <ele>28.9</ele>
        <time>2022-04-07T11:49:49Z</time>
      </trkpt>
      <trkpt lat="39.79161964547906" lon="116.4816959694401">
        <ele>28.9</ele>
        <time>2022-04-07T11:49:50Z</time>
      </trkpt>
      <trkpt lat="39.79164550224854" lon="116.48169105816334">
        <ele>28.9</ele>
        <time>2022-04-07T11:49:51Z</time>
      </trkpt>
      <trkpt lat="39.79167139483231" lon="116.4816862095715">
        <ele>28.9</ele>
        <time>2022-04-07T11:49:52Z</time>
      </trkpt>
      <trkpt lat="39.79169738263604" lon="116.48168135334035">
        <ele>28.9</ele>
        <time>2022-04-07T11:49:53Z</time>
      </trkpt>
      <trkpt lat="39.791723491752" lon="116.48167644154508">
        <ele>28.9</ele>
        <time>2022-04-07T11:49:54Z</time>
      </trkpt>
      <trkpt lat="39.791749723666115" lon="116.48167151778088">
        <ele>28.9</ele>
        <time>2022-04-07T11:49:55Z</time>
      </trkpt>
      <trkpt lat="39.791776055979234" lon="116.48166664691901">
        <ele>28.9</ele>
        <time>2022-04-07T11:49:56Z</time>
      </trkpt>
      <trkpt lat="39.791802480752935" lon="116.48166185590149">
        <ele>28.9</ele>
        <time>2022-04-07T11:49:57Z</time>
      </trkpt>
      <trkpt lat="39.79182899770067" lon="116.4816571664895">
        <ele>28.9</ele>
        <time>2022-04-07T11:49:58Z</time>
      </trkpt>
      <trkpt lat="39.791855562823095" lon="116.4816525403463">
        <ele>30.3</ele>
        <time>2022-04-07T11:49:59Z</time>
      </trkpt>
      <trkpt lat="39.791882095322514" lon="116.48164783607577">
        <ele>30.3</ele>
        <time>2022-04-07T11:50:00Z</time>
      </trkpt>
      <trkpt lat="39.791908548491854" lon="116.48164297003045">
        <ele>30.3</ele>
        <time>2022-04-07T11:50:01Z</time>
      </trkpt>
      <trkpt lat="39.791934879828965" lon="116.48163788847987">
        <ele>30.3</ele>
        <time>2022-04-07T11:50:02Z</time>
      </trkpt>
      <trkpt lat="39.791961391631894" lon="116.48163248365461">
        <ele>30.3</ele>
        <time>2022-04-07T11:50:03Z</time>
      </trkpt>
      <trkpt lat="39.79198762970496" lon="116.48162679782403">
        <ele>30.3</ele>
        <time>2022-04-07T11:50:04Z</time>
      </trkpt>
      <trkpt lat="39.7920139332706" lon="116.48162067125114">
        <ele>30.3</ele>
        <time>2022-04-07T11:50:05Z</time>
      </trkpt>
      <trkpt lat="39.79203987440269" lon="116.48161404148715">
        <ele>30.3</ele>
        <time>2022-04-07T11:50:06Z</time>
      </trkpt>
      <trkpt lat="39.79206575199549" lon="116.48160652513135">
        <ele>30.3</ele>
        <time>2022-04-07T11:50:07Z</time>
      </trkpt>
      <trkpt lat="39.79209111402364" lon="116.48159804014017">
        <ele>30.3</ele>
        <time>2022-04-07T11:50:08Z</time>
      </trkpt>
      <trkpt lat="39.79211623184325" lon="116.48158821120784">
        <ele>29.6</ele>
        <time>2022-04-07T11:50:09Z</time>
      </trkpt>
      <trkpt lat="39.79214064722108" lon="116.48157704608452">
        <ele>29.6</ele>
        <time>2022-04-07T11:50:10Z</time>
      </trkpt>
      <trkpt lat="39.792164631685345" lon="116.48156425067026">
        <ele>29.6</ele>
        <time>2022-04-07T11:50:11Z</time>
      </trkpt>
      <trkpt lat="39.792187761994306" lon="116.48154994151629">
        <ele>29.6</ele>
        <time>2022-04-07T11:50:12Z</time>
      </trkpt>
      <trkpt lat="39.79221030514786" lon="116.481533813765">
        <ele>29.6</ele>
        <time>2022-04-07T11:50:13Z</time>
      </trkpt>
      <trkpt lat="39.79223186380331" lon="116.48151597926032">
        <ele>29.6</ele>
        <time>2022-04-07T11:50:14Z</time>
      </trkpt>
      <trkpt lat="39.792252657844685" lon="116.48149613635091">
        <ele>29.6</ele>
        <time>2022-04-07T11:50:15Z</time>
      </trkpt>
      <trkpt lat="39.792272318426555" lon="116.4814745785364">
        <ele>29.6</ele>
        <time>2022-04-07T11:50:16Z</time>
      </trkpt>
      <trkpt lat="39.792291196655086" lon="116.48145120142986">
        <ele>29.6</ele>
        <time>2022-04-07T11:50:17Z</time>
      </trkpt>
      <trkpt lat="39.79230876795729" lon="116.48142635499796">
        <ele>29.6</ele>
        <time>2022-04-07T11:50:18Z</time>
      </trkpt>
      <trkpt lat="39.79232515543186" lon="116.48139983738452">
        <ele>29.6</ele>
        <time>2022-04-07T11:50:19Z</time>
      </trkpt>
      <trkpt lat="39.79234005387394" lon="116.48137217080334">
        <ele>29.6</ele>
        <time>2022-04-07T11:50:20Z</time>
      </trkpt>
      <trkpt lat="39.79235356639785" lon="116.48134309025643">
        <ele>29.6</ele>
        <time>2022-04-07T11:50:21Z</time>
      </trkpt>
      <trkpt lat="39.792365432305445" lon="116.48131312932004">
        <ele>29.6</ele>
        <time>2022-04-07T11:50:22Z</time>
      </trkpt>
      <trkpt lat="39.7923757403147" lon="116.48128196996579">
        <ele>29.6</ele>
        <time>2022-04-07T11:50:23Z</time>
      </trkpt>
      <trkpt lat="39.79238425010109" lon="116.48125015048338">
        <ele>29.6</ele>
        <time>2022-04-07T11:50:24Z</time>
      </trkpt>
      <trkpt lat="39.79239103231279" lon="116.48121736133032">
        <ele>29.6</ele>
        <time>2022-04-07T11:50:25Z</time>
      </trkpt>
      <trkpt lat="39.79239590646466" lon="116.48118421468278">
        <ele>29.6</ele>
        <time>2022-04-07T11:50:26Z</time>
      </trkpt>
      <trkpt lat="39.79239885212829" lon="116.48115042240862">
        <ele>29.6</ele>
        <time>2022-04-07T11:50:27Z</time>
      </trkpt>
      <trkpt lat="39.79239963567536" lon="116.48111649073941">
        <ele>29.6</ele>
        <time>2022-04-07T11:50:28Z</time>
      </trkpt>
      <trkpt lat="39.79239849734195" lon="116.48108220036319">
        <ele>30.4</ele>
        <time>2022-04-07T11:50:29Z</time>
      </trkpt>
      <trkpt lat="39.79239547754426" lon="116.48104820039457">
        <ele>30.4</ele>
        <time>2022-04-07T11:50:30Z</time>
      </trkpt>
      <trkpt lat="39.792390622330295" lon="116.48101411484006">
        <ele>30.4</ele>
        <time>2022-04-07T11:50:31Z</time>
      </trkpt>
      <trkpt lat="39.79238412473456" lon="116.48098051619526">
        <ele>30.4</ele>
        <time>2022-04-07T11:50:32Z</time>
      </trkpt>
      <trkpt lat="39.79237604929005" lon="116.48094721366981">
        <ele>30.4</ele>
        <time>2022-04-07T11:50:33Z</time>
      </trkpt>
      <trkpt lat="39.792366545877904" lon="116.48091473552175">
        <ele>30.4</ele>
        <time>2022-04-07T11:50:34Z</time>
      </trkpt>
      <trkpt lat="39.79235567152154" lon="116.48088263583541">
        <ele>30.4</ele>
        <time>2022-04-07T11:50:35Z</time>
      </trkpt>
      <trkpt lat="39.79234339781523" lon="116.4808517040945">
        <ele>30.4</ele>
        <time>2022-04-07T11:50:36Z</time>
      </trkpt>
      <trkpt lat="39.792329524005524" lon="116.48082185693613">
        <ele>30.4</ele>
        <time>2022-04-07T11:50:37Z</time>
      </trkpt>
      <trkpt lat="39.792314255156185" lon="116.48079379920762">
        <ele>30.4</ele>
        <time>2022-04-07T11:50:38Z</time>
      </trkpt>
      <trkpt lat="39.792297394836616" lon="116.48076753209077">
        <ele>29.9</ele>
        <time>2022-04-07T11:50:39Z</time>
      </trkpt>
      <trkpt lat="39.792279256471716" lon="116.48074357441472">
        <ele>29.9</ele>
        <time>2022-04-07T11:50:40Z</time>
      </trkpt>
      <trkpt lat="39.79225973072129" lon="116.4807215567089">
        <ele>29.9</ele>
        <time>2022-04-07T11:50:41Z</time>
      </trkpt>
      <trkpt lat="39.79223917239943" lon="116.4807016844707">
        <ele>29.9</ele>
        <time>2022-04-07T11:50:42Z</time>
      </trkpt>
      <trkpt lat="39.79221734962982" lon="116.48068362837574">
        <ele>29.9</ele>
        <time>2022-04-07T11:50:43Z</time>
      </trkpt>
      <trkpt lat="39.79219456788743" lon="116.48066751770095">
        <ele>29.9</ele>
        <time>2022-04-07T11:50:44Z</time>
      </trkpt>
      <trkpt lat="39.79217062558345" lon="116.48065322793057">
        <ele>29.9</ele>
        <time>2022-04-07T11:50:45Z</time>
      </trkpt>
      <trkpt lat="39.792145816446116" lon="116.48064131340507">
        <ele>29.9</ele>
        <time>2022-04-07T11:50:46Z</time>
      </trkpt>
      <trkpt lat="39.79212011524557" lon="116.48063157594851">
        <ele>29.9</ele>
        <time>2022-04-07T11:50:47Z</time>
      </trkpt>
      <trkpt lat="39.792094126978874" lon="116.48062404947187">
        <ele>29.9</ele>
        <time>2022-04-07T11:50:48Z</time>
      </trkpt>
      <trkpt lat="39.7920676772356" lon="116.480618394075">
        <ele>29.4</ele>
        <time>2022-04-07T11:50:49Z</time>
      </trkpt>
      <trkpt lat="39.79204127580822" lon="116.48061439514281">
        <ele>29.4</ele>
        <time>2022-04-07T11:50:50Z</time>
      </trkpt>
      <trkpt lat="39.79201460145678" lon="116.4806118291841">
        <ele>29.4</ele>
        <time>2022-04-07T11:50:51Z</time>
      </trkpt>
      <trkpt lat="39.79198805814382" lon="116.48061071314916">
        <ele>29.4</ele>
        <time>2022-04-07T11:50:52Z</time>
      </trkpt>
      <trkpt lat="39.79196126850879" lon="116.48061105315597">
        <ele>29.4</ele>
        <time>2022-04-07T11:50:53Z</time>
      </trkpt>
      <trkpt lat="39.791934619339315" lon="116.48061281425416">
        <ele>29.4</ele>
        <time>2022-04-07T11:50:54Z</time>
      </trkpt>
      <trkpt lat="39.79190773818071" lon="116.48061583177925">
        <ele>29.4</ele>
        <time>2022-04-07T11:50:55Z</time>
      </trkpt>
      <trkpt lat="39.79188101022864" lon="116.48061990660753">
        <ele>29.4</ele>
        <time>2022-04-07T11:50:56Z</time>
      </trkpt>
      <trkpt lat="39.79185403835531" lon="116.4806246850709">
        <ele>29.4</ele>
        <time>2022-04-07T11:50:57Z</time>
      </trkpt>
      <trkpt lat="39.791827212973935" lon="116.48062982581925">
        <ele>29.4</ele>
        <time>2022-04-07T11:50:58Z</time>
      </trkpt>
      <trkpt lat="39.791800103235" lon="116.48063513647163">
        <ele>29.4</ele>
        <time>2022-04-07T11:50:59Z</time>
      </trkpt>
      <trkpt lat="39.791773098446896" lon="116.48064044679491">
        <ele>29.4</ele>
        <time>2022-04-07T11:51:00Z</time>
      </trkpt>
      <trkpt lat="39.79174580767661" lon="116.48064575219784">
        <ele>29.4</ele>
        <time>2022-04-07T11:51:01Z</time>
      </trkpt>
      <trkpt lat="39.7917184359255" lon="116.48065096640715">
        <ele>29.4</ele>
        <time>2022-04-07T11:51:02Z</time>
      </trkpt>
      <trkpt lat="39.791691148506764" lon="116.48065604590884">
        <ele>29.4</ele>
        <time>2022-04-07T11:51:03Z</time>
      </trkpt>
      <trkpt lat="39.79166389470492" lon="116.48066092739712">
        <ele>29.4</ele>
        <time>2022-04-07T11:51:04Z</time>
      </trkpt>
      <trkpt lat="39.79163665574749" lon="116.4806656295249">
        <ele>29.4</ele>
        <time>2022-04-07T11:51:05Z</time>
      </trkpt>
      <trkpt lat="39.79160950329447" lon="116.48067015170285">
        <ele>29.4</ele>
        <time>2022-04-07T11:51:06Z</time>
      </trkpt>
      <trkpt lat="39.79158240118038" lon="116.48067453307937">
        <ele>29.4</ele>
        <time>2022-04-07T11:51:07Z</time>
      </trkpt>
      <trkpt lat="39.79155534024262" lon="116.48067884342527">
        <ele>29.4</ele>
        <time>2022-04-07T11:51:08Z</time>
      </trkpt>
      <trkpt lat="39.79152832887286" lon="116.48068315505606">
        <ele>29.4</ele>
        <time>2022-04-07T11:51:09Z</time>
      </trkpt>
      <trkpt lat="39.79150138845584" lon="116.48068750363147">
        <ele>29.4</ele>
        <time>2022-04-07T11:51:10Z</time>
      </trkpt>
      <trkpt lat="39.79147453620163" lon="116.48069186187331">
        <ele>29.4</ele>
        <time>2022-04-07T11:51:11Z</time>
      </trkpt>
      <trkpt lat="39.79144775778349" lon="116.48069610514544">
        <ele>29.4</ele>
        <time>2022-04-07T11:51:12Z</time>
      </trkpt>
      <trkpt lat="39.79142124304891" lon="116.48070014415589">
        <ele>29.4</ele>
        <time>2022-04-07T11:51:13Z</time>
      </trkpt>
      <trkpt lat="39.79139443627276" lon="116.48070407224724">
        <ele>29.4</ele>
        <time>2022-04-07T11:51:14Z</time>
      </trkpt>
      <trkpt lat="39.79136778182542" lon="116.4807079264156">
        <ele>29.4</ele>
        <time>2022-04-07T11:51:15Z</time>
      </trkpt>
      <trkpt lat="39.79134092460296" lon="116.48071195220753">
        <ele>29.4</ele>
        <time>2022-04-07T11:51:16Z</time>
      </trkpt>
      <trkpt lat="39.79131422397226" lon="116.48071627574244">
        <ele>29.4</ele>
        <time>2022-04-07T11:51:17Z</time>
      </trkpt>
      <trkpt lat="39.79128738333945" lon="116.48072122506869">
        <ele>29.4</ele>
        <time>2022-04-07T11:51:18Z</time>
      </trkpt>
      <trkpt lat="39.79126086562345" lon="116.48072684868252">
        <ele>29.4</ele>
        <time>2022-04-07T11:51:19Z</time>
      </trkpt>
      <trkpt lat="39.79123434673776" lon="116.48073336664095">
        <ele>29.4</ele>
        <time>2022-04-07T11:51:20Z</time>
      </trkpt>
      <trkpt lat="39.791208248148266" lon="116.48074078177">
        <ele>29.4</ele>
        <time>2022-04-07T11:51:21Z</time>
      </trkpt>
      <trkpt lat="39.79118230882793" lon="116.48074948169875">
        <ele>29.4</ele>
        <time>2022-04-07T11:51:22Z</time>
      </trkpt>
      <trkpt lat="39.79115701539138" lon="116.48075954881013">
        <ele>29.4</ele>
        <time>2022-04-07T11:51:23Z</time>
      </trkpt>
      <trkpt lat="39.791132152475186" lon="116.48077143922104">
        <ele>29.4</ele>
        <time>2022-04-07T11:51:24Z</time>
      </trkpt>
      <trkpt lat="39.79110821800103" lon="116.48078520669257">
        <ele>29.4</ele>
        <time>2022-04-07T11:51:25Z</time>
      </trkpt>
      <trkpt lat="39.79108502718006" lon="116.48080124276255">
        <ele>29.4</ele>
        <time>2022-04-07T11:51:26Z</time>
      </trkpt>
      <trkpt lat="39.79106296558783" lon="116.48081925740553">
        <ele>29.4</ele>
        <time>2022-04-07T11:51:27Z</time>
      </trkpt>
      <trkpt lat="39.79104176573486" lon="116.48083944790386">
        <ele>29.4</ele>
        <time>2022-04-07T11:51:28Z</time>
      </trkpt>
      <trkpt lat="39.7910216903296" lon="116.48086128957928">
        <ele>29.8</ele>
        <time>2022-04-07T11:51:29Z</time>
      </trkpt>
      <trkpt lat="39.7910025547895" lon="116.48088503624635">
        <ele>29.8</ele>
        <time>2022-04-07T11:51:30Z</time>
      </trkpt>
      <trkpt lat="39.7909847204987" lon="116.48091028202994">
        <ele>29.8</ele>
        <time>2022-04-07T11:51:31Z</time>
      </trkpt>
      <trkpt lat="39.790968040146495" lon="116.48093726612777">
        <ele>29.8</ele>
        <time>2022-04-07T11:51:32Z</time>
      </trkpt>
      <trkpt lat="39.79095282964414" lon="116.48096543487945">
        <ele>29.8</ele>
        <time>2022-04-07T11:51:33Z</time>
      </trkpt>
      <trkpt lat="39.790938972220076" lon="116.48099505266384">
        <ele>29.8</ele>
        <time>2022-04-07T11:51:34Z</time>
      </trkpt>
      <trkpt lat="39.79092666954536" lon="116.48102551077432">
        <ele>29.8</ele>
        <time>2022-04-07T11:51:35Z</time>
      </trkpt>
      <trkpt lat="39.79091566958539" lon="116.48105701107632">
        <ele>29.8</ele>
        <time>2022-04-07T11:51:36Z</time>
      </trkpt>
      <trkpt lat="39.7909060800651" lon="116.48108889389528">
        <ele>29.8</ele>
        <time>2022-04-07T11:51:37Z</time>
      </trkpt>
      <trkpt lat="39.79089781000475" lon="116.48112153066678">
        <ele>29.8</ele>
        <time>2022-04-07T11:51:38Z</time>
      </trkpt>
      <trkpt lat="39.79089107797162" lon="116.48115430565856">
        <ele>30.3</ele>
        <time>2022-04-07T11:51:39Z</time>
      </trkpt>
      <trkpt lat="39.790885941880056" lon="116.48118766223058">
        <ele>30.3</ele>
        <time>2022-04-07T11:51:40Z</time>
      </trkpt>
      <trkpt lat="39.79088252034987" lon="116.48122089492483">
        <ele>30.3</ele>
        <time>2022-04-07T11:51:41Z</time>
      </trkpt>
      <trkpt lat="39.79088079736193" lon="116.48125431728268">
        <ele>30.3</ele>
        <time>2022-04-07T11:51:42Z</time>
      </trkpt>
      <trkpt lat="39.79088080020961" lon="116.48128728573214">
        <ele>30.3</ele>
        <time>2022-04-07T11:51:43Z</time>
      </trkpt>
      <trkpt lat="39.79088245834859" lon="116.48132012710259">
        <ele>30.3</ele>
        <time>2022-04-07T11:51:44Z</time>
      </trkpt>
      <trkpt lat="39.79088574925729" lon="116.4813521638299">
        <ele>30.3</ele>
        <time>2022-04-07T11:51:45Z</time>
      </trkpt>
      <trkpt lat="39.79089074737442" lon="116.48138372142017">
        <ele>30.3</ele>
        <time>2022-04-07T11:51:46Z</time>
      </trkpt>
      <trkpt lat="39.790897289331504" lon="116.48141431794312">
        <ele>30.3</ele>
        <time>2022-04-07T11:51:47Z</time>
      </trkpt>
      <trkpt lat="39.79090537262439" lon="116.48144382619445">
        <ele>30.3</ele>
        <time>2022-04-07T11:51:48Z</time>
      </trkpt>
      <trkpt lat="39.7909151374277" lon="116.48147212367269">
        <ele>29.3</ele>
        <time>2022-04-07T11:51:49Z</time>
      </trkpt>
      <trkpt lat="39.7909263614368" lon="116.48149928844624">
        <ele>29.3</ele>
        <time>2022-04-07T11:51:50Z</time>
      </trkpt>
      <trkpt lat="39.790939120482264" lon="116.48152523690847">
        <ele>29.3</ele>
        <time>2022-04-07T11:51:51Z</time>
      </trkpt>
      <trkpt lat="39.790953175355675" lon="116.4815500466909">
        <ele>29.3</ele>
        <time>2022-04-07T11:51:52Z</time>
      </trkpt>
      <trkpt lat="39.79096858558327" lon="116.48157356408363">
        <ele>29.3</ele>
        <time>2022-04-07T11:51:53Z</time>
      </trkpt>
      <trkpt lat="39.790985473041324" lon="116.48159604219302">
        <ele>29.3</ele>
        <time>2022-04-07T11:51:54Z</time>
      </trkpt>
      <trkpt lat="39.79100352344634" lon="116.48161706793886">
        <ele>29.3</ele>
        <time>2022-04-07T11:51:55Z</time>
      </trkpt>
      <trkpt lat="39.79102284109896" lon="116.48163690263496">
        <ele>29.3</ele>
        <time>2022-04-07T11:51:56Z</time>
      </trkpt>
      <trkpt lat="39.791043047710296" lon="116.48165520816907">
        <ele>29.3</ele>
        <time>2022-04-07T11:51:57Z</time>
      </trkpt>
      <trkpt lat="39.79106449034193" lon="116.48167217008421">
        <ele>29.3</ele>
        <time>2022-04-07T11:51:58Z</time>
      </trkpt>
      <trkpt lat="39.79108689000708" lon="116.48168793111351">
        <ele>29.4</ele>
        <time>2022-04-07T11:51:59Z</time>
      </trkpt>
      <trkpt lat="39.79111022133669" lon="116.48170222797161">
        <ele>29.4</ele>
        <time>2022-04-07T11:52:00Z</time>
      </trkpt>
      <trkpt lat="39.79113435379836" lon="116.48171506397559">
        <ele>29.4</ele>
        <time>2022-04-07T11:52:01Z</time>
      </trkpt>
      <trkpt lat="39.79115926390615" lon="116.48172610005007">
        <ele>29.4</ele>
        <time>2022-04-07T11:52:02Z</time>
      </trkpt>
      <trkpt lat="39.7911848129907" lon="116.48173533896835">
        <ele>29.4</ele>
        <time>2022-04-07T11:52:03Z</time>
      </trkpt>
      <trkpt lat="39.791210590152325" lon="116.4817426205165">
        <ele>29.4</ele>
        <time>2022-04-07T11:52:04Z</time>
      </trkpt>
      <trkpt lat="39.791236590952586" lon="116.48174801312493">
        <ele>29.4</ele>
        <time>2022-04-07T11:52:05Z</time>
      </trkpt>
      <trkpt lat="39.79126275247738" lon="116.48175158214937">
        <ele>29.4</ele>
        <time>2022-04-07T11:52:06Z</time>
      </trkpt>
      <trkpt lat="39.7912890203677" lon="116.48175335611515">
        <ele>29.4</ele>
        <time>2022-04-07T11:52:07Z</time>
      </trkpt>
      <trkpt lat="39.79131534367056" lon="116.48175365307692">
        <ele>29.4</ele>
        <time>2022-04-07T11:52:08Z</time>
      </trkpt>
      <trkpt lat="39.791341719170966" lon="116.4817524428412">
        <ele>29.7</ele>
        <time>2022-04-07T11:52:09Z</time>
      </trkpt>
      <trkpt lat="39.79136814174231" lon="116.4817500487917">
        <ele>29.7</ele>
        <time>2022-04-07T11:52:10Z</time>
      </trkpt>
      <trkpt lat="39.791394594704634" lon="116.48174658035404">
        <ele>29.7</ele>
        <time>2022-04-07T11:52:11Z</time>
      </trkpt>
      <trkpt lat="39.791421064198865" lon="116.48174229963894">
        <ele>29.7</ele>
        <time>2022-04-07T11:52:12Z</time>
      </trkpt>
      <trkpt lat="39.79144750142785" lon="116.48173737717127">
        <ele>29.7</ele>
        <time>2022-04-07T11:52:13Z</time>
      </trkpt>
      <trkpt lat="39.791473911581356" lon="116.4817320988859">
        <ele>29.7</ele>
        <time>2022-04-07T11:52:14Z</time>
      </trkpt>
      <trkpt lat="39.79150061368905" lon="116.48172652832693">
        <ele>29.7</ele>
        <time>2022-04-07T11:52:15Z</time>
      </trkpt>
      <trkpt lat="39.791527183220474" lon="116.48172070774378">
        <ele>29.7</ele>
        <time>2022-04-07T11:52:16Z</time>
      </trkpt>
      <trkpt lat="39.79155399199542" lon="116.48171483489169">
        <ele>29.7</ele>
        <time>2022-04-07T11:52:17Z</time>
      </trkpt>
      <trkpt lat="39.79158065358905" lon="116.48170902885401">
        <ele>29.7</ele>
        <time>2022-04-07T11:52:18Z</time>
      </trkpt>
      <trkpt lat="39.79160745605863" lon="116.48170326588223">
        <ele>30.3</ele>
        <time>2022-04-07T11:52:19Z</time>
      </trkpt>
      <trkpt lat="39.79163401334367" lon="116.48169765849715">
        <ele>30.3</ele>
        <time>2022-04-07T11:52:20Z</time>
      </trkpt>
      <trkpt lat="39.791660696159184" lon="116.48169211253364">
        <ele>30.3</ele>
        <time>2022-04-07T11:52:21Z</time>
      </trkpt>
      <trkpt lat="39.791687120690405" lon="116.48168668937853">
        <ele>30.3</ele>
        <time>2022-04-07T11:52:22Z</time>
      </trkpt>
      <trkpt lat="39.791713637661175" lon="116.48168130795354">
        <ele>30.3</ele>
        <time>2022-04-07T11:52:23Z</time>
      </trkpt>
      <trkpt lat="39.7917398927988" lon="116.4816760471824">
        <ele>30.3</ele>
        <time>2022-04-07T11:52:24Z</time>
      </trkpt>
      <trkpt lat="39.79176629433555" lon="116.4816708412921">
        <ele>30.3</ele>
        <time>2022-04-07T11:52:25Z</time>
      </trkpt>
      <trkpt lat="39.79179247527935" lon="116.48166582791245">
        <ele>30.3</ele>
        <time>2022-04-07T11:52:26Z</time>
      </trkpt>
      <trkpt lat="39.79181882313173" lon="116.4816609561544">
        <ele>30.3</ele>
        <time>2022-04-07T11:52:27Z</time>
      </trkpt>
      <trkpt lat="39.79184498046751" lon="116.4816563167497">
        <ele>30.3</ele>
        <time>2022-04-07T11:52:28Z</time>
      </trkpt>
      <trkpt lat="39.791871388302305" lon="116.48165187444852">
        <ele>29.9</ele>
        <time>2022-04-07T11:52:29Z</time>
      </trkpt>
      <trkpt lat="39.79189776648593" lon="116.48164762555308">
        <ele>29.9</ele>
        <time>2022-04-07T11:52:30Z</time>
      </trkpt>
      <trkpt lat="39.791924466617544" lon="116.48164338881571">
        <ele>29.9</ele>
        <time>2022-04-07T11:52:31Z</time>
      </trkpt>
      <trkpt lat="39.79195109038367" lon="116.48163911022482">
        <ele>29.9</ele>
        <time>2022-04-07T11:52:32Z</time>
      </trkpt>
      <trkpt lat="39.79197799016815" lon="116.48163449999579">
        <ele>29.9</ele>
        <time>2022-04-07T11:52:33Z</time>
      </trkpt>
      <trkpt lat="39.79200476913909" lon="116.4816294263756">
        <ele>29.9</ele>
        <time>2022-04-07T11:52:34Z</time>
      </trkpt>
      <trkpt lat="39.792031729592075" lon="116.48162352078754">
        <ele>29.9</ele>
        <time>2022-04-07T11:52:35Z</time>
      </trkpt>
      <trkpt lat="39.79205839969799" lon="116.48161673084753">
        <ele>29.9</ele>
        <time>2022-04-07T11:52:36Z</time>
      </trkpt>
      <trkpt lat="39.79208504720862" lon="116.48160869929487">
        <ele>29.9</ele>
        <time>2022-04-07T11:52:37Z</time>
      </trkpt>
      <trkpt lat="39.79211118815703" lon="116.48159937900043">
        <ele>29.9</ele>
        <time>2022-04-07T11:52:38Z</time>
      </trkpt>
      <trkpt lat="39.79213703458987" lon="116.48158834475213">
        <ele>30.1</ele>
        <time>2022-04-07T11:52:39Z</time>
      </trkpt>
      <trkpt lat="39.79216208794547" lon="116.48157561064828">
        <ele>30.1</ele>
        <time>2022-04-07T11:52:40Z</time>
      </trkpt>
      <trkpt lat="39.792186675067526" lon="116.48156096828463">
        <ele>30.1</ele>
        <time>2022-04-07T11:52:41Z</time>
      </trkpt>
      <trkpt lat="39.79221024280882" lon="116.48154445303969">
        <ele>30.1</ele>
        <time>2022-04-07T11:52:42Z</time>
      </trkpt>
      <trkpt lat="39.79223301005682" lon="116.48152582699193">
        <ele>30.1</ele>
        <time>2022-04-07T11:52:43Z</time>
      </trkpt>
      <trkpt lat="39.79225457229036" lon="116.48150546566828">
        <ele>30.1</ele>
        <time>2022-04-07T11:52:44Z</time>
      </trkpt>
      <trkpt lat="39.792275104324716" lon="116.48148332196843">
        <ele>30.1</ele>
        <time>2022-04-07T11:52:45Z</time>
      </trkpt>
      <trkpt lat="39.79229449344503" lon="116.48145971678925">
        <ele>30.1</ele>
        <time>2022-04-07T11:52:46Z</time>
      </trkpt>
      <trkpt lat="39.792312526322824" lon="116.48143486845161">
        <ele>30.1</ele>
        <time>2022-04-07T11:52:47Z</time>
      </trkpt>
      <trkpt lat="39.792329035309514" lon="116.48140862373558">
        <ele>30.1</ele>
        <time>2022-04-07T11:52:48Z</time>
      </trkpt>
      <trkpt lat="39.79234410923085" lon="116.48138116644517">
        <ele>30.3</ele>
        <time>2022-04-07T11:52:49Z</time>
      </trkpt>
      <trkpt lat="39.79235777008832" lon="116.4813525786948">
        <ele>30.3</ele>
        <time>2022-04-07T11:52:50Z</time>
      </trkpt>
      <trkpt lat="39.792369902334904" lon="116.48132298536136">
        <ele>30.3</ele>
        <time>2022-04-07T11:52:51Z</time>
      </trkpt>
      <trkpt lat="39.79238020042946" lon="116.48129227963477">
        <ele>30.3</ele>
        <time>2022-04-07T11:52:52Z</time>
      </trkpt>
      <trkpt lat="39.792388924915976" lon="116.48126076170144">
        <ele>30.3</ele>
        <time>2022-04-07T11:52:53Z</time>
      </trkpt>
      <trkpt lat="39.792395911915506" lon="116.48122890477363">
        <ele>30.3</ele>
        <time>2022-04-07T11:52:54Z</time>
      </trkpt>
      <trkpt lat="39.79240123032014" lon="116.48119629241916">
        <ele>30.3</ele>
        <time>2022-04-07T11:52:55Z</time>
      </trkpt>
      <trkpt lat="39.79240484995425" lon="116.48116339840453">
        <ele>30.3</ele>
        <time>2022-04-07T11:52:56Z</time>
      </trkpt>
      <trkpt lat="39.79240658949809" lon="116.4811300432088">
        <ele>30.3</ele>
        <time>2022-04-07T11:52:57Z</time>
      </trkpt>
      <trkpt lat="39.79240697468364" lon="116.48109631385353">
        <ele>30.3</ele>
        <time>2022-04-07T11:52:58Z</time>
      </trkpt>
      <trkpt lat="39.79240555888093" lon="116.48106252903436">
        <ele>30</ele>
        <time>2022-04-07T11:52:59Z</time>
      </trkpt>
      <trkpt lat="39.79240243648745" lon="116.48102887553702">
        <ele>30</ele>
        <time>2022-04-07T11:53:00Z</time>
      </trkpt>
      <trkpt lat="39.79239755975506" lon="116.48099596196796">
        <ele>30</ele>
        <time>2022-04-07T11:53:01Z</time>
      </trkpt>
      <trkpt lat="39.79239105938217" lon="116.48096334958956">
        <ele>30</ele>
        <time>2022-04-07T11:53:02Z</time>
      </trkpt>
      <trkpt lat="39.79238298145101" lon="116.48093163735048">
        <ele>30</ele>
        <time>2022-04-07T11:53:03Z</time>
      </trkpt>
      <trkpt lat="39.792373217185634" lon="116.48090049127846">
        <ele>30</ele>
        <time>2022-04-07T11:53:04Z</time>
      </trkpt>
      <trkpt lat="39.792361940779266" lon="116.48087002080457">
        <ele>30</ele>
        <time>2022-04-07T11:53:05Z</time>
      </trkpt>
      <trkpt lat="39.792349100604824" lon="116.48084040522365">
        <ele>30</ele>
        <time>2022-04-07T11:53:06Z</time>
      </trkpt>
      <trkpt lat="39.79233482976608" lon="116.48081170864945">
        <ele>30</ele>
        <time>2022-04-07T11:53:07Z</time>
      </trkpt>
      <trkpt lat="39.79231904442696" lon="116.48078413064832">
        <ele>30</ele>
        <time>2022-04-07T11:53:08Z</time>
      </trkpt>
      <trkpt lat="39.792301460685636" lon="116.48075760004254">
        <ele>29.8</ele>
        <time>2022-04-07T11:53:09Z</time>
      </trkpt>
      <trkpt lat="39.79228271705314" lon="116.48073274438322">
        <ele>29.8</ele>
        <time>2022-04-07T11:53:10Z</time>
      </trkpt>
      <trkpt lat="39.79226264894799" lon="116.48070954495661">
        <ele>29.8</ele>
        <time>2022-04-07T11:53:11Z</time>
      </trkpt>
      <trkpt lat="39.79224141669254" lon="116.48068805072455">
        <ele>29.8</ele>
        <time>2022-04-07T11:53:12Z</time>
      </trkpt>
      <trkpt lat="39.79221904356439" lon="116.4806687274746">
        <ele>29.8</ele>
        <time>2022-04-07T11:53:13Z</time>
      </trkpt>
      <trkpt lat="39.792195825872966" lon="116.48065147476355">
        <ele>29.8</ele>
        <time>2022-04-07T11:53:14Z</time>
      </trkpt>
      <trkpt lat="39.79217178152023" lon="116.48063650905075">
        <ele>29.8</ele>
        <time>2022-04-07T11:53:15Z</time>
      </trkpt>
      <trkpt lat="39.79214709540614" lon="116.48062367726111">
        <ele>29.8</ele>
        <time>2022-04-07T11:53:16Z</time>
      </trkpt>
      <trkpt lat="39.79212177291404" lon="116.48061307135336">
        <ele>29.8</ele>
        <time>2022-04-07T11:53:17Z</time>
      </trkpt>
      <trkpt lat="39.79209599701881" lon="116.48060468723861">
        <ele>29.8</ele>
        <time>2022-04-07T11:53:18Z</time>
      </trkpt>
      <trkpt lat="39.79206984334256" lon="116.48059868470834">
        <ele>29.7</ele>
        <time>2022-04-07T11:53:19Z</time>
      </trkpt>
      <trkpt lat="39.79204376293678" lon="116.48059499230612">
        <ele>29.7</ele>
        <time>2022-04-07T11:53:20Z</time>
      </trkpt>
      <trkpt lat="39.792017482379485" lon="116.48059325338177">
        <ele>29.7</ele>
        <time>2022-04-07T11:53:21Z</time>
      </trkpt>
      <trkpt lat="39.791991473304314" lon="116.48059322449944">
        <ele>29.7</ele>
        <time>2022-04-07T11:53:22Z</time>
      </trkpt>
      <trkpt lat="39.791965376015696" lon="116.4805945577894">
        <ele>29.7</ele>
        <time>2022-04-07T11:53:23Z</time>
      </trkpt>
      <trkpt lat="39.7919396064047" lon="116.48059700578902">
        <ele>29.7</ele>
        <time>2022-04-07T11:53:24Z</time>
      </trkpt>
      <trkpt lat="39.79191375927627" lon="116.480600343023">
        <ele>29.7</ele>
        <time>2022-04-07T11:53:25Z</time>
      </trkpt>
      <trkpt lat="39.79188822823272" lon="116.48060438443545">
        <ele>29.7</ele>
        <time>2022-04-07T11:53:26Z</time>
      </trkpt>
      <trkpt lat="39.79186257831436" lon="116.48060897327838">
        <ele>29.7</ele>
        <time>2022-04-07T11:53:27Z</time>
      </trkpt>
      <trkpt lat="39.791837187262324" lon="116.48061408556411">
        <ele>29.7</ele>
        <time>2022-04-07T11:53:28Z</time>
      </trkpt>
      <trkpt lat="39.791811647280994" lon="116.48061941500036">
        <ele>30</ele>
        <time>2022-04-07T11:53:29Z</time>
      </trkpt>
      <trkpt lat="39.79178632050615" lon="116.48062473320122">
        <ele>30</ele>
        <time>2022-04-07T11:53:30Z</time>
      </trkpt>
      <trkpt lat="39.791760784075684" lon="116.48062996642764">
        <ele>30</ele>
        <time>2022-04-07T11:53:31Z</time>
      </trkpt>
      <trkpt lat="39.79173541176046" lon="116.48063495365533">
        <ele>30</ele>
        <time>2022-04-07T11:53:32Z</time>
      </trkpt>
      <trkpt lat="39.79170979094426" lon="116.48063970574995">
        <ele>30</ele>
        <time>2022-04-07T11:53:33Z</time>
      </trkpt>
      <trkpt lat="39.791684324972515" lon="116.48064417386144">
        <ele>30</ele>
        <time>2022-04-07T11:53:34Z</time>
      </trkpt>
      <trkpt lat="39.791658588988795" lon="116.48064849133338">
        <ele>30</ele>
        <time>2022-04-07T11:53:35Z</time>
      </trkpt>
      <trkpt lat="39.79163303505822" lon="116.480652672344">
        <ele>30</ele>
        <time>2022-04-07T11:53:36Z</time>
      </trkpt>
      <trkpt lat="39.79160727983316" lon="116.48065685985227">
        <ele>30</ele>
        <time>2022-04-07T11:53:37Z</time>
      </trkpt>
      <trkpt lat="39.79158175202281" lon="116.48066105463633">
        <ele>30</ele>
        <time>2022-04-07T11:53:38Z</time>
      </trkpt>
      <trkpt lat="39.791556088179355" lon="116.48066535772764">
        <ele>30.7</ele>
        <time>2022-04-07T11:53:39Z</time>
      </trkpt>
      <trkpt lat="39.791530640241255" lon="116.48066973340039">
        <ele>30.7</ele>
        <time>2022-04-07T11:53:40Z</time>
      </trkpt>
      <trkpt lat="39.79150503982488" lon="116.48067426739017">
        <ele>30.7</ele>
        <time>2022-04-07T11:53:41Z</time>
      </trkpt>
      <trkpt lat="39.79147965753554" lon="116.48067890005686">
        <ele>30.7</ele>
        <time>2022-04-07T11:53:42Z</time>
      </trkpt>
      <trkpt lat="39.791454067196206" lon="116.4806837095687">
        <ele>30.7</ele>
        <time>2022-04-07T11:53:43Z</time>
      </trkpt>
      <trkpt lat="39.79142863469326" lon="116.48068857356192">
        <ele>30.7</ele>
        <time>2022-04-07T11:53:44Z</time>
      </trkpt>
      <trkpt lat="39.7914029329377" lon="116.48069352580858">
        <ele>30.7</ele>
        <time>2022-04-07T11:53:45Z</time>
      </trkpt>
      <trkpt lat="39.79137734843381" lon="116.48069849128267">
        <ele>30.7</ele>
        <time>2022-04-07T11:53:46Z</time>
      </trkpt>
      <trkpt lat="39.79135144253378" lon="116.48070354733173">
        <ele>30.7</ele>
        <time>2022-04-07T11:53:47Z</time>
      </trkpt>
      <trkpt lat="39.79132556841953" lon="116.48070863751283">
        <ele>30.7</ele>
        <time>2022-04-07T11:53:48Z</time>
      </trkpt>
      <trkpt lat="39.791299327298724" lon="116.48071402036462">
        <ele>29.7</ele>
        <time>2022-04-07T11:53:49Z</time>
      </trkpt>
      <trkpt lat="39.7912731029597" lon="116.48071978847766">
        <ele>29.7</ele>
        <time>2022-04-07T11:53:50Z</time>
      </trkpt>
      <trkpt lat="39.79124659243482" lon="116.48072631086113">
        <ele>29.7</ele>
        <time>2022-04-07T11:53:51Z</time>
      </trkpt>
      <trkpt lat="39.791220190968176" lon="116.4807336605668">
        <ele>29.7</ele>
        <time>2022-04-07T11:53:52Z</time>
      </trkpt>
      <trkpt lat="39.79119368165469" lon="116.48074231409596">
        <ele>29.7</ele>
        <time>2022-04-07T11:53:53Z</time>
      </trkpt>
      <trkpt lat="39.79116752925781" lon="116.48075234363685">
        <ele>29.7</ele>
        <time>2022-04-07T11:53:54Z</time>
      </trkpt>
      <trkpt lat="39.79114181982088" lon="116.48076392774304">
        <ele>29.7</ele>
        <time>2022-04-07T11:53:55Z</time>
      </trkpt>
      <trkpt lat="39.791116962328566" lon="116.48077710205864">
        <ele>29.7</ele>
        <time>2022-04-07T11:53:56Z</time>
      </trkpt>
      <trkpt lat="39.79109277643207" lon="116.4807923187007">
        <ele>29.7</ele>
        <time>2022-04-07T11:53:57Z</time>
      </trkpt>
      <trkpt lat="39.79106959502635" lon="116.48080953302274">
        <ele>29.7</ele>
        <time>2022-04-07T11:53:58Z</time>
      </trkpt>
      <trkpt lat="39.79104721316079" lon="116.48082915649653">
        <ele>30</ele>
        <time>2022-04-07T11:53:59Z</time>
      </trkpt>
      <trkpt lat="39.79102608182505" lon="116.48085044213718">
        <ele>30</ele>
        <time>2022-04-07T11:54:00Z</time>
      </trkpt>
      <trkpt lat="39.79100611613959" lon="116.48087368301866">
        <ele>30</ele>
        <time>2022-04-07T11:54:01Z</time>
      </trkpt>
      <trkpt lat="39.790987543972065" lon="116.48089858015753">
        <ele>30</ele>
        <time>2022-04-07T11:54:02Z</time>
      </trkpt>
      <trkpt lat="39.790970304911" lon="116.48092500185805">
        <ele>30</ele>
        <time>2022-04-07T11:54:03Z</time>
      </trkpt>
      <trkpt lat="39.79095447457116" lon="116.48095293798407">
        <ele>30</ele>
        <time>2022-04-07T11:54:04Z</time>
      </trkpt>
      <trkpt lat="39.79093999630931" lon="116.48098224166118">
        <ele>30</ele>
        <time>2022-04-07T11:54:05Z</time>
      </trkpt>
      <trkpt lat="39.790926777189824" lon="116.4810132271058">
        <ele>30</ele>
        <time>2022-04-07T11:54:06Z</time>
      </trkpt>
      <trkpt lat="39.79091488745028" lon="116.48104567294817">
        <ele>30</ele>
        <time>2022-04-07T11:54:07Z</time>
      </trkpt>
      <trkpt lat="39.79090456892558" lon="116.48107947130578">
        <ele>30</ele>
        <time>2022-04-07T11:54:08Z</time>
      </trkpt>
      <trkpt lat="39.79089594073367" lon="116.48111429188889">
        <ele>30</ele>
        <time>2022-04-07T11:54:09Z</time>
      </trkpt>
      <trkpt lat="39.7908892590472" lon="116.48114993828186">
        <ele>30</ele>
        <time>2022-04-07T11:54:10Z</time>
      </trkpt>
      <trkpt lat="39.7908842194394" lon="116.48118645725957">
        <ele>30</ele>
        <time>2022-04-07T11:54:11Z</time>
      </trkpt>
      <trkpt lat="39.790881074975445" lon="116.48122317189673">
        <ele>30</ele>
        <time>2022-04-07T11:54:12Z</time>
      </trkpt>
      <trkpt lat="39.79088002302347" lon="116.48126023221685">
        <ele>30</ele>
        <time>2022-04-07T11:54:13Z</time>
      </trkpt>
      <trkpt lat="39.790880952135865" lon="116.4812974349976">
        <ele>30</ele>
        <time>2022-04-07T11:54:14Z</time>
      </trkpt>
      <trkpt lat="39.790884079664814" lon="116.48133448671538">
        <ele>30</ele>
        <time>2022-04-07T11:54:15Z</time>
      </trkpt>
      <trkpt lat="39.79088925340556" lon="116.48137102899528">
        <ele>30</ele>
        <time>2022-04-07T11:54:16Z</time>
      </trkpt>
      <trkpt lat="39.79089636016271" lon="116.48140640954523">
        <ele>30</ele>
        <time>2022-04-07T11:54:17Z</time>
      </trkpt>
      <trkpt lat="39.79090544738315" lon="116.48144097551746">
        <ele>30</ele>
        <time>2022-04-07T11:54:18Z</time>
      </trkpt>
      <trkpt lat="39.7909164011747" lon="116.48147406327918">
        <ele>30</ele>
        <time>2022-04-07T11:54:19Z</time>
      </trkpt>
      <trkpt lat="39.79092902632387" lon="116.48150569319085">
        <ele>30</ele>
        <time>2022-04-07T11:54:20Z</time>
      </trkpt>
      <trkpt lat="39.79094331622379" lon="116.48153555256287">
        <ele>30</ele>
        <time>2022-04-07T11:54:21Z</time>
      </trkpt>
      <trkpt lat="39.79095931890452" lon="116.48156385465941">
        <ele>30</ele>
        <time>2022-04-07T11:54:22Z</time>
      </trkpt>
      <trkpt lat="39.79097696297618" lon="116.48159081365439">
        <ele>30</ele>
        <time>2022-04-07T11:54:23Z</time>
      </trkpt>
      <trkpt lat="39.79099587859666" lon="116.48161592004152">
        <ele>30</ele>
        <time>2022-04-07T11:54:24Z</time>
      </trkpt>
      <trkpt lat="39.791016316609955" lon="116.48163923405782">
        <ele>30</ele>
        <time>2022-04-07T11:54:25Z</time>
      </trkpt>
      <trkpt lat="39.79103791678368" lon="116.48166031633744">
        <ele>30</ele>
        <time>2022-04-07T11:54:26Z</time>
      </trkpt>
      <trkpt lat="39.79106058435224" lon="116.4816792224235">
        <ele>30</ele>
        <time>2022-04-07T11:54:27Z</time>
      </trkpt>
      <trkpt lat="39.791084262798485" lon="116.48169619384834">
        <ele>30</ele>
        <time>2022-04-07T11:54:28Z</time>
      </trkpt>
      <trkpt lat="39.79110848001968" lon="116.48171101781587">
        <ele>30.5</ele>
        <time>2022-04-07T11:54:29Z</time>
      </trkpt>
      <trkpt lat="39.791133139011926" lon="116.48172404876784">
        <ele>30.5</ele>
        <time>2022-04-07T11:54:30Z</time>
      </trkpt>
      <trkpt lat="39.791158064484" lon="116.48173485684626">
        <ele>30.5</ele>
        <time>2022-04-07T11:54:31Z</time>
      </trkpt>
      <trkpt lat="39.791183424611475" lon="116.48174338189368">
        <ele>30.5</ele>
        <time>2022-04-07T11:54:32Z</time>
      </trkpt>
      <trkpt lat="39.791209069860614" lon="116.4817498105236">
        <ele>30.5</ele>
        <time>2022-04-07T11:54:33Z</time>
      </trkpt>
      <trkpt lat="39.7912349500088" lon="116.48175401470428">
        <ele>30.5</ele>
        <time>2022-04-07T11:54:34Z</time>
      </trkpt>
      <trkpt lat="39.791260957408184" lon="116.48175630552825">
        <ele>30.5</ele>
        <time>2022-04-07T11:54:35Z</time>
      </trkpt>
      <trkpt lat="39.7912869703918" lon="116.48175683497212">
        <ele>30.5</ele>
        <time>2022-04-07T11:54:36Z</time>
      </trkpt>
      <trkpt lat="39.79131282858386" lon="116.48175597828815">
        <ele>30.5</ele>
        <time>2022-04-07T11:54:37Z</time>
      </trkpt>
      <trkpt lat="39.79133839208646" lon="116.48175412840494">
        <ele>30.5</ele>
        <time>2022-04-07T11:54:38Z</time>
      </trkpt>
      <trkpt lat="39.79136394791067" lon="116.48175130812145">
        <ele>30</ele>
        <time>2022-04-07T11:54:39Z</time>
      </trkpt>
      <trkpt lat="39.79138949196585" lon="116.4817476127202">
        <ele>30</ele>
        <time>2022-04-07T11:54:40Z</time>
      </trkpt>
      <trkpt lat="39.79141492234261" lon="116.48174305197237">
        <ele>30</ele>
        <time>2022-04-07T11:54:41Z</time>
      </trkpt>
      <trkpt lat="39.79144059925283" lon="116.48173827944645">
        <ele>30</ele>
        <time>2022-04-07T11:54:42Z</time>
      </trkpt>
      <trkpt lat="39.791466005034955" lon="116.48173347865526">
        <ele>30</ele>
        <time>2022-04-07T11:54:43Z</time>
      </trkpt>
      <trkpt lat="39.79149149815555" lon="116.48172865862142">
        <ele>30</ele>
        <time>2022-04-07T11:54:44Z</time>
      </trkpt>
      <trkpt lat="39.79151666658811" lon="116.48172395550858">
        <ele>30</ele>
        <time>2022-04-07T11:54:45Z</time>
      </trkpt>
      <trkpt lat="39.79154189684678" lon="116.48171931650869">
        <ele>30</ele>
        <time>2022-04-07T11:54:46Z</time>
      </trkpt>
      <trkpt lat="39.791566842992395" lon="116.48171479226974">
        <ele>30</ele>
        <time>2022-04-07T11:54:47Z</time>
      </trkpt>
      <trkpt lat="39.79159197053967" lon="116.48171028936294">
        <ele>30</ele>
        <time>2022-04-07T11:54:48Z</time>
      </trkpt>
      <trkpt lat="39.7916172941003" lon="116.48170576475226">
        <ele>30.7</ele>
        <time>2022-04-07T11:54:49Z</time>
      </trkpt>
      <trkpt lat="39.79164272237109" lon="116.4817011617613">
        <ele>30.7</ele>
        <time>2022-04-07T11:54:50Z</time>
      </trkpt>
      <trkpt lat="39.79166822078264" lon="116.48169642668286">
        <ele>30.7</ele>
        <time>2022-04-07T11:54:51Z</time>
      </trkpt>
      <trkpt lat="39.79169409083187" lon="116.48169149408247">
        <ele>30.7</ele>
        <time>2022-04-07T11:54:52Z</time>
      </trkpt>
      <trkpt lat="39.79171991115506" lon="116.4816864483163">
        <ele>30.7</ele>
        <time>2022-04-07T11:54:53Z</time>
      </trkpt>
      <trkpt lat="39.791745893420725" lon="116.48168126705218">
        <ele>30.7</ele>
        <time>2022-04-07T11:54:54Z</time>
      </trkpt>
      <trkpt lat="39.79177168904333" lon="116.48167604875431">
        <ele>30.7</ele>
        <time>2022-04-07T11:54:55Z</time>
      </trkpt>
      <trkpt lat="39.79179771592221" lon="116.48167077251235">
        <ele>30.7</ele>
        <time>2022-04-07T11:54:56Z</time>
      </trkpt>
      <trkpt lat="39.79182360287672" lon="116.48166550317579">
        <ele>30.7</ele>
        <time>2022-04-07T11:54:57Z</time>
      </trkpt>
      <trkpt lat="39.79184970444292" lon="116.48166017898737">
        <ele>30.7</ele>
        <time>2022-04-07T11:54:58Z</time>
      </trkpt>
      <trkpt lat="39.79187562949202" lon="116.48165483488982">
        <ele>29.8</ele>
        <time>2022-04-07T11:54:59Z</time>
      </trkpt>
      <trkpt lat="39.791901745650335" lon="116.48164937722261">
        <ele>29.8</ele>
        <time>2022-04-07T11:55:00Z</time>
      </trkpt>
      <trkpt lat="39.791927695608145" lon="116.48164386165259">
        <ele>29.8</ele>
        <time>2022-04-07T11:55:01Z</time>
      </trkpt>
      <trkpt lat="39.79195387397282" lon="116.48163818793716">
        <ele>29.8</ele>
        <time>2022-04-07T11:55:02Z</time>
      </trkpt>
      <trkpt lat="39.791979869050515" lon="116.48163231240211">
        <ele>29.8</ele>
        <time>2022-04-07T11:55:03Z</time>
      </trkpt>
      <trkpt lat="39.79200602888031" lon="116.48162599743793">
        <ele>29.8</ele>
        <time>2022-04-07T11:55:04Z</time>
      </trkpt>
      <trkpt lat="39.79203209659146" lon="116.48161931915895">
        <ele>29.8</ele>
        <time>2022-04-07T11:55:05Z</time>
      </trkpt>
      <trkpt lat="39.792058261422" lon="116.4816117420215">
        <ele>29.8</ele>
        <time>2022-04-07T11:55:06Z</time>
      </trkpt>
      <trkpt lat="39.79208400376125" lon="116.48160319896938">
        <ele>29.8</ele>
        <time>2022-04-07T11:55:07Z</time>
      </trkpt>
      <trkpt lat="39.79210932733006" lon="116.48159361378994">
        <ele>29.8</ele>
        <time>2022-04-07T11:55:08Z</time>
      </trkpt>
      <trkpt lat="39.79213394949845" lon="116.48158294562316">
        <ele>30</ele>
        <time>2022-04-07T11:55:09Z</time>
      </trkpt>
      <trkpt lat="39.79215789282941" lon="116.48157117917047">
        <ele>30</ele>
        <time>2022-04-07T11:55:10Z</time>
      </trkpt>
      <trkpt lat="39.79218107793323" lon="116.48155805982341">
        <ele>30</ele>
        <time>2022-04-07T11:55:11Z</time>
      </trkpt>
      <trkpt lat="39.792203541930924" lon="116.48154355692874">
        <ele>30</ele>
        <time>2022-04-07T11:55:12Z</time>
      </trkpt>
      <trkpt lat="39.792225166230224" lon="116.48152740913369">
        <ele>30</ele>
        <time>2022-04-07T11:55:13Z</time>
      </trkpt>
      <trkpt lat="39.79224593963888" lon="116.48150971401148">
        <ele>30</ele>
        <time>2022-04-07T11:55:14Z</time>
      </trkpt>
      <trkpt lat="39.79226571128689" lon="116.48149032391419">
        <ele>30</ele>
        <time>2022-04-07T11:55:15Z</time>
      </trkpt>
      <trkpt lat="39.79228441788055" lon="116.48146930993605">
        <ele>30</ele>
        <time>2022-04-07T11:55:16Z</time>
      </trkpt>
      <trkpt lat="39.79230176245079" lon="116.48144728407848">
        <ele>30</ele>
        <time>2022-04-07T11:55:17Z</time>
      </trkpt>
      <trkpt lat="39.79231801411314" lon="116.48142392191868">
        <ele>30</ele>
        <time>2022-04-07T11:55:18Z</time>
      </trkpt>
      <trkpt lat="39.792333156738636" lon="116.48139938474803">
        <ele>29.4</ele>
        <time>2022-04-07T11:55:19Z</time>
      </trkpt>
      <trkpt lat="39.792347257916724" lon="116.4813734539572">
        <ele>29.4</ele>
        <time>2022-04-07T11:55:20Z</time>
      </trkpt>
      <trkpt lat="39.79236033205936" lon="116.4813463645497">
        <ele>29.4</ele>
        <time>2022-04-07T11:55:21Z</time>
      </trkpt>
      <trkpt lat="39.79237233526269" lon="116.48131814945816">
        <ele>29.4</ele>
        <time>2022-04-07T11:55:22Z</time>
      </trkpt>
      <trkpt lat="39.79238301804333" lon="116.48128894501355">
        <ele>29.4</ele>
        <time>2022-04-07T11:55:23Z</time>
      </trkpt>
      <trkpt lat="39.792392136424695" lon="116.48125924749641">
        <ele>29.4</ele>
        <time>2022-04-07T11:55:24Z</time>
      </trkpt>
      <trkpt lat="39.792399758620626" lon="116.48122871737989">
        <ele>29.4</ele>
        <time>2022-04-07T11:55:25Z</time>
      </trkpt>
      <trkpt lat="39.79240574924978" lon="116.4811978691176">
        <ele>29.4</ele>
        <time>2022-04-07T11:55:26Z</time>
      </trkpt>
      <trkpt lat="39.7924100513103" lon="116.48116637464194">
        <ele>29.4</ele>
        <time>2022-04-07T11:55:27Z</time>
      </trkpt>
      <trkpt lat="39.79241278110555" lon="116.48113439551172">
        <ele>29.4</ele>
        <time>2022-04-07T11:55:28Z</time>
      </trkpt>
      <trkpt lat="39.79241371202895" lon="116.48110215218463">
        <ele>29.4</ele>
        <time>2022-04-07T11:55:29Z</time>
      </trkpt>
      <trkpt lat="39.79241298228147" lon="116.48106984689184">
        <ele>29.4</ele>
        <time>2022-04-07T11:55:30Z</time>
      </trkpt>
      <trkpt lat="39.792410437595024" lon="116.48103761828088">
        <ele>29.4</ele>
        <time>2022-04-07T11:55:31Z</time>
      </trkpt>
      <trkpt lat="39.79240625393455" lon="116.4810055128614">
        <ele>29.4</ele>
        <time>2022-04-07T11:55:32Z</time>
      </trkpt>
      <trkpt lat="39.79240015909562" lon="116.48097367332863">
        <ele>29.4</ele>
        <time>2022-04-07T11:55:33Z</time>
      </trkpt>
      <trkpt lat="39.7923925633261" lon="116.48094226350166">
        <ele>29.4</ele>
        <time>2022-04-07T11:55:34Z</time>
      </trkpt>
      <trkpt lat="39.79238363986098" lon="116.48091152316776">
        <ele>29.4</ele>
        <time>2022-04-07T11:55:35Z</time>
      </trkpt>
      <trkpt lat="39.79237377375386" lon="116.48088218330027">
        <ele>29.4</ele>
        <time>2022-04-07T11:55:36Z</time>
      </trkpt>
      <trkpt lat="39.79236271470548" lon="116.48085408407727">
        <ele>29.4</ele>
        <time>2022-04-07T11:55:37Z</time>
      </trkpt>
      <trkpt lat="39.79235070553448" lon="116.48082746989877">
        <ele>29.4</ele>
        <time>2022-04-07T11:55:38Z</time>
      </trkpt>
      <trkpt lat="39.792337534187794" lon="116.48080191478074">
        <ele>29.3</ele>
        <time>2022-04-07T11:55:39Z</time>
      </trkpt>
      <trkpt lat="39.792323469801985" lon="116.48077776165876">
        <ele>29.3</ele>
        <time>2022-04-07T11:55:40Z</time>
      </trkpt>
      <trkpt lat="39.79230862916793" lon="116.48075477605595">
        <ele>29.3</ele>
        <time>2022-04-07T11:55:41Z</time>
      </trkpt>
      <trkpt lat="39.79229285638672" lon="116.48073318472234">
        <ele>29.3</ele>
        <time>2022-04-07T11:55:42Z</time>
      </trkpt>
      <trkpt lat="39.79227620084917" lon="116.48071308399958">
        <ele>29.3</ele>
        <time>2022-04-07T11:55:43Z</time>
      </trkpt>
      <trkpt lat="39.7922585840219" lon="116.48069472468111">
        <ele>29.3</ele>
        <time>2022-04-07T11:55:44Z</time>
      </trkpt>
      <trkpt lat="39.79224009015265" lon="116.48067813037726">
        <ele>29.3</ele>
        <time>2022-04-07T11:55:45Z</time>
      </trkpt>
      <trkpt lat="39.792220464372065" lon="116.4806630614682">
        <ele>29.3</ele>
        <time>2022-04-07T11:55:46Z</time>
      </trkpt>
      <trkpt lat="39.79219964102228" lon="116.48064928660838">
        <ele>29.3</ele>
        <time>2022-04-07T11:55:47Z</time>
      </trkpt>
      <trkpt lat="39.79217776360521" lon="116.48063689665561">
        <ele>29.3</ele>
        <time>2022-04-07T11:55:48Z</time>
      </trkpt>
      <trkpt lat="39.79215505381564" lon="116.48062594640047">
        <ele>29.2</ele>
        <time>2022-04-07T11:55:49Z</time>
      </trkpt>
      <trkpt lat="39.79213163162883" lon="116.48061671125816">
        <ele>29.2</ele>
        <time>2022-04-07T11:55:50Z</time>
      </trkpt>
      <trkpt lat="39.79210763256007" lon="116.48060917922399">
        <ele>29.2</ele>
        <time>2022-04-07T11:55:51Z</time>
      </trkpt>
      <trkpt lat="39.792083105359985" lon="116.48060344574746">
        <ele>29.2</ele>
        <time>2022-04-07T11:55:52Z</time>
      </trkpt>
      <trkpt lat="39.792058160423274" lon="116.48059957197808">
        <ele>29.2</ele>
        <time>2022-04-07T11:55:53Z</time>
      </trkpt>
      <trkpt lat="39.79203290990291" lon="116.48059725969641">
        <ele>29.2</ele>
        <time>2022-04-07T11:55:54Z</time>
      </trkpt>
      <trkpt lat="39.79200743299014" lon="116.48059646196133">
        <ele>29.2</ele>
        <time>2022-04-07T11:55:55Z</time>
      </trkpt>
      <trkpt lat="39.791981831904124" lon="116.48059681328046">
        <ele>29.2</ele>
        <time>2022-04-07T11:55:56Z</time>
      </trkpt>
      <trkpt lat="39.7919561783771" lon="116.48059820500761">
        <ele>29.2</ele>
        <time>2022-04-07T11:55:57Z</time>
      </trkpt>
      <trkpt lat="39.79193050435624" lon="116.48060044891997">
        <ele>29.2</ele>
        <time>2022-04-07T11:55:58Z</time>
      </trkpt>
      <trkpt lat="39.79190482426929" lon="116.48060348598224">
        <ele>29.4</ele>
        <time>2022-04-07T11:55:59Z</time>
      </trkpt>
      <trkpt lat="39.79187916542842" lon="116.48060716830051">
        <ele>29.4</ele>
        <time>2022-04-07T11:56:00Z</time>
      </trkpt>
      <trkpt lat="39.79185356031938" lon="116.48061142532565">
        <ele>29.4</ele>
        <time>2022-04-07T11:56:01Z</time>
      </trkpt>
      <trkpt lat="39.791828023043465" lon="116.48061604309744">
        <ele>29.4</ele>
        <time>2022-04-07T11:56:02Z</time>
      </trkpt>
      <trkpt lat="39.79180223162862" lon="116.48062083519328">
        <ele>29.4</ele>
        <time>2022-04-07T11:56:03Z</time>
      </trkpt>
      <trkpt lat="39.791776603692576" lon="116.48062564378661">
        <ele>29.4</ele>
        <time>2022-04-07T11:56:04Z</time>
      </trkpt>
      <trkpt lat="39.791750778581836" lon="116.48063051203545">
        <ele>29.4</ele>
        <time>2022-04-07T11:56:05Z</time>
      </trkpt>
      <trkpt lat="39.7917251484615" lon="116.48063539950309">
        <ele>29.4</ele>
        <time>2022-04-07T11:56:06Z</time>
      </trkpt>
      <trkpt lat="39.79169930934205" lon="116.48064046708484">
        <ele>29.4</ele>
        <time>2022-04-07T11:56:07Z</time>
      </trkpt>
      <trkpt lat="39.7916736249039" lon="116.48064569362684">
        <ele>29.4</ele>
        <time>2022-04-07T11:56:08Z</time>
      </trkpt>
      <trkpt lat="39.79164801290263" lon="116.48065103332688">
        <ele>29.4</ele>
        <time>2022-04-07T11:56:09Z</time>
      </trkpt>
      <trkpt lat="39.791622437811675" lon="116.48065640697125">
        <ele>29.4</ele>
        <time>2022-04-07T11:56:10Z</time>
      </trkpt>
      <trkpt lat="39.79159685235644" lon="116.48066171166134">
        <ele>29.4</ele>
        <time>2022-04-07T11:56:11Z</time>
      </trkpt>
      <trkpt lat="39.7915712126733" lon="116.48066686907488">
        <ele>29.4</ele>
        <time>2022-04-07T11:56:12Z</time>
      </trkpt>
      <trkpt lat="39.791545489895185" lon="116.48067185645654">
        <ele>29.4</ele>
        <time>2022-04-07T11:56:13Z</time>
      </trkpt>
      <trkpt lat="39.791519657991486" lon="116.48067675981326">
        <ele>29.4</ele>
        <time>2022-04-07T11:56:14Z</time>
      </trkpt>
      <trkpt lat="39.791493683698754" lon="116.4806816635623">
        <ele>29.4</ele>
        <time>2022-04-07T11:56:15Z</time>
      </trkpt>
      <trkpt lat="39.79146754441791" lon="116.48068652330709">
        <ele>29.4</ele>
        <time>2022-04-07T11:56:16Z</time>
      </trkpt>
      <trkpt lat="39.79144140122094" lon="116.4806912355415">
        <ele>29.4</ele>
        <time>2022-04-07T11:56:17Z</time>
      </trkpt>
      <trkpt lat="39.79141522690341" lon="116.48069577932591">
        <ele>29.4</ele>
        <time>2022-04-07T11:56:18Z</time>
      </trkpt>
      <trkpt lat="39.791389017319865" lon="116.4807001228874">
        <ele>29</ele>
        <time>2022-04-07T11:56:19Z</time>
      </trkpt>
      <trkpt lat="39.7913624808422" lon="116.48070439183358">
        <ele>29</ele>
        <time>2022-04-07T11:56:20Z</time>
      </trkpt>
      <trkpt lat="39.79133608000177" lon="116.4807086301928">
        <ele>29</ele>
        <time>2022-04-07T11:56:21Z</time>
      </trkpt>
      <trkpt lat="39.79130984552475" lon="116.48071311431652">
        <ele>29</ele>
        <time>2022-04-07T11:56:23Z</time>
      </trkpt>
      <trkpt lat="39.79128380239149" lon="116.4807180855907">
        <ele>29</ele>
        <time>2022-04-07T11:56:24Z</time>
      </trkpt>
      <trkpt lat="39.79125800375296" lon="116.48072375294">
        <ele>29</ele>
        <time>2022-04-07T11:56:25Z</time>
      </trkpt>
      <trkpt lat="39.79123254693919" lon="116.48073035025169">
        <ele>29</ele>
        <time>2022-04-07T11:56:26Z</time>
      </trkpt>
      <trkpt lat="39.79120752396106" lon="116.48073793439252">
        <ele>29</ele>
        <time>2022-04-07T11:56:27Z</time>
      </trkpt>
      <trkpt lat="39.79118301720235" lon="116.48074667580647">
        <ele>29</ele>
        <time>2022-04-07T11:56:28Z</time>
      </trkpt>
      <trkpt lat="39.79115889609996" lon="116.48075665098209">
        <ele>29</ele>
        <time>2022-04-07T11:56:29Z</time>
      </trkpt>
      <trkpt lat="39.791135314702636" lon="116.48076805872489">
        <ele>29</ele>
        <time>2022-04-07T11:56:30Z</time>
      </trkpt>
      <trkpt lat="39.7911123080879" lon="116.48078088610278">
        <ele>29</ele>
        <time>2022-04-07T11:56:31Z</time>
      </trkpt>
      <trkpt lat="39.79108998097006" lon="116.48079531102302">
        <ele>29</ele>
        <time>2022-04-07T11:56:32Z</time>
      </trkpt>
      <trkpt lat="39.79106836121392" lon="116.48081123257451">
        <ele>29</ele>
        <time>2022-04-07T11:56:33Z</time>
      </trkpt>
      <trkpt lat="39.79104711084849" lon="116.48082870123037">
        <ele>29</ele>
        <time>2022-04-07T11:56:34Z</time>
      </trkpt>
      <trkpt lat="39.791026830628994" lon="116.48084764796282">
        <ele>29</ele>
        <time>2022-04-07T11:56:35Z</time>
      </trkpt>
      <trkpt lat="39.7910074829726" lon="116.4808679375651">
        <ele>29</ele>
        <time>2022-04-07T11:56:36Z</time>
      </trkpt>
      <trkpt lat="39.79098914347168" lon="116.48088963779611">
        <ele>29</ele>
        <time>2022-04-07T11:56:37Z</time>
      </trkpt>
      <trkpt lat="39.790971745333984" lon="116.48091260080264">
        <ele>29</ele>
        <time>2022-04-07T11:56:38Z</time>
      </trkpt>
      <trkpt lat="39.79095559184572" lon="116.48093697729452">
        <ele>29</ele>
        <time>2022-04-07T11:56:39Z</time>
      </trkpt>
      <trkpt lat="39.79094070207495" lon="116.48096262038163">
        <ele>29</ele>
        <time>2022-04-07T11:56:40Z</time>
      </trkpt>
      <trkpt lat="39.79092725449011" lon="116.48098953186044">
        <ele>29</ele>
        <time>2022-04-07T11:56:41Z</time>
      </trkpt>
      <trkpt lat="39.79091524321287" lon="116.48101754720066">
        <ele>29</ele>
        <time>2022-04-07T11:56:42Z</time>
      </trkpt>
      <trkpt lat="39.79090485936654" lon="116.48104670680017">
        <ele>29</ele>
        <time>2022-04-07T11:56:43Z</time>
      </trkpt>
      <trkpt lat="39.79089598057102" lon="116.48107688633485">
        <ele>29</ele>
        <time>2022-04-07T11:56:44Z</time>
      </trkpt>
      <trkpt lat="39.79088889458423" lon="116.48110813455929">
        <ele>29</ele>
        <time>2022-04-07T11:56:45Z</time>
      </trkpt>
      <trkpt lat="39.79088339848502" lon="116.48114003820895">
        <ele>29</ele>
        <time>2022-04-07T11:56:46Z</time>
      </trkpt>
      <trkpt lat="39.79087948844493" lon="116.48117283274185">
        <ele>29</ele>
        <time>2022-04-07T11:56:47Z</time>
      </trkpt>
      <trkpt lat="39.790877311609194" lon="116.481205885701">
        <ele>29</ele>
        <time>2022-04-07T11:56:48Z</time>
      </trkpt>
      <trkpt lat="39.790876900938116" lon="116.48123943652833">
        <ele>29.4</ele>
        <time>2022-04-07T11:56:49Z</time>
      </trkpt>
      <trkpt lat="39.79087816007944" lon="116.4812728086867">
        <ele>29.4</ele>
        <time>2022-04-07T11:56:50Z</time>
      </trkpt>
      <trkpt lat="39.790880939399074" lon="116.48130593060115">
        <ele>29.4</ele>
        <time>2022-04-07T11:56:51Z</time>
      </trkpt>
      <trkpt lat="39.790885372902935" lon="116.48133869749138">
        <ele>29.4</ele>
        <time>2022-04-07T11:56:52Z</time>
      </trkpt>
      <trkpt lat="39.790891158863865" lon="116.48137111006942">
        <ele>29.4</ele>
        <time>2022-04-07T11:56:53Z</time>
      </trkpt>
      <trkpt lat="39.79089860047069" lon="116.48140292762503">
        <ele>29.4</ele>
        <time>2022-04-07T11:56:54Z</time>
      </trkpt>
      <trkpt lat="39.79090763599896" lon="116.48143402053432">
        <ele>29.4</ele>
        <time>2022-04-07T11:56:55Z</time>
      </trkpt>
      <trkpt lat="39.7909183917626" lon="116.48146421010227">
        <ele>29.4</ele>
        <time>2022-04-07T11:56:56Z</time>
      </trkpt>
      <trkpt lat="39.79093064086189" lon="116.48149345661128">
        <ele>29.4</ele>
        <time>2022-04-07T11:56:57Z</time>
      </trkpt>
      <trkpt lat="39.790944440971465" lon="116.481521630902">
        <ele>29.4</ele>
        <time>2022-04-07T11:56:58Z</time>
      </trkpt>
      <trkpt lat="39.790959628846544" lon="116.48154870295838">
        <ele>29.7</ele>
        <time>2022-04-07T11:56:59Z</time>
      </trkpt>
      <trkpt lat="39.7909762201235" lon="116.48157447292714">
        <ele>29.7</ele>
        <time>2022-04-07T11:57:00Z</time>
      </trkpt>
      <trkpt lat="39.79099406111298" lon="116.48159891005497">
        <ele>29.7</ele>
        <time>2022-04-07T11:57:01Z</time>
      </trkpt>
      <trkpt lat="39.791013344443996" lon="116.48162206682471">
        <ele>29.7</ele>
        <time>2022-04-07T11:57:02Z</time>
      </trkpt>
      <trkpt lat="39.79103373727051" lon="116.4816434110903">
        <ele>29.7</ele>
        <time>2022-04-07T11:57:03Z</time>
      </trkpt>
      <trkpt lat="39.79105557606165" lon="116.48166293094408">
        <ele>29.7</ele>
        <time>2022-04-07T11:57:04Z</time>
      </trkpt>
      <trkpt lat="39.7910783002563" lon="116.4816802775618">
        <ele>29.7</ele>
        <time>2022-04-07T11:57:05Z</time>
      </trkpt>
      <trkpt lat="39.79110209082853" lon="116.48169558081115">
        <ele>29.7</ele>
        <time>2022-04-07T11:57:06Z</time>
      </trkpt>
      <trkpt lat="39.791126539303484" lon="116.48170858887929">
        <ele>29.7</ele>
        <time>2022-04-07T11:57:07Z</time>
      </trkpt>
      <trkpt lat="39.79115188500584" lon="116.48171935909818">
        <ele>29.7</ele>
        <time>2022-04-07T11:57:08Z</time>
      </trkpt>
      <trkpt lat="39.79117770487545" lon="116.48172768042244">
        <ele>29.4</ele>
        <time>2022-04-07T11:57:09Z</time>
      </trkpt>
      <trkpt lat="39.791204269066434" lon="116.48173371668459">
        <ele>29.4</ele>
        <time>2022-04-07T11:57:10Z</time>
      </trkpt>
      <trkpt lat="39.79123115089585" lon="116.48173749151167">
        <ele>29.4</ele>
        <time>2022-04-07T11:57:11Z</time>
      </trkpt>
      <trkpt lat="39.791258303446774" lon="116.48173933249643">
        <ele>29.4</ele>
        <time>2022-04-07T11:57:12Z</time>
      </trkpt>
      <trkpt lat="39.79128570786141" lon="116.48173943685701">
        <ele>29.4</ele>
        <time>2022-04-07T11:57:13Z</time>
      </trkpt>
      <trkpt lat="39.791313641205534" lon="116.48173816564982">
        <ele>29.4</ele>
        <time>2022-04-07T11:57:14Z</time>
      </trkpt>
      <trkpt lat="39.79134164991781" lon="116.48173578334139">
        <ele>29.4</ele>
        <time>2022-04-07T11:57:15Z</time>
      </trkpt>
      <trkpt lat="39.791369721606536" lon="116.48173259557244">
        <ele>29.4</ele>
        <time>2022-04-07T11:57:16Z</time>
      </trkpt>
      <trkpt lat="39.791397834278406" lon="116.48172880044805">
        <ele>29.4</ele>
        <time>2022-04-07T11:57:17Z</time>
      </trkpt>
      <trkpt lat="39.79142629576985" lon="116.48172457623917">
        <ele>29.4</ele>
        <time>2022-04-07T11:57:18Z</time>
      </trkpt>
      <trkpt lat="39.79145466978618" lon="116.48172016755197">
        <ele>29.7</ele>
        <time>2022-04-07T11:57:19Z</time>
      </trkpt>
      <trkpt lat="39.79148332018709" lon="116.4817157049484">
        <ele>29.7</ele>
        <time>2022-04-07T11:57:20Z</time>
      </trkpt>
      <trkpt lat="39.79151184129329" lon="116.48171139400554">
        <ele>29.7</ele>
        <time>2022-04-07T11:57:21Z</time>
      </trkpt>
      <trkpt lat="39.791540270890565" lon="116.4817071854879">
        <ele>29.7</ele>
        <time>2022-04-07T11:57:22Z</time>
      </trkpt>
      <trkpt lat="39.791568949884116" lon="116.4817030078246">
        <ele>29.7</ele>
        <time>2022-04-07T11:57:23Z</time>
      </trkpt>
      <trkpt lat="39.791597442482285" lon="116.48169890595805">
        <ele>29.7</ele>
        <time>2022-04-07T11:57:24Z</time>
      </trkpt>
      <trkpt lat="39.79162579927072" lon="116.48169483905961">
        <ele>29.7</ele>
        <time>2022-04-07T11:57:25Z</time>
      </trkpt>
      <trkpt lat="39.7916540398106" lon="116.4816907521143">
        <ele>29.7</ele>
        <time>2022-04-07T11:57:26Z</time>
      </trkpt>
      <trkpt lat="39.79168250877662" lon="116.48168665507343">
        <ele>29.7</ele>
        <time>2022-04-07T11:57:27Z</time>
      </trkpt>
      <trkpt lat="39.79171111301375" lon="116.48168253554921">
        <ele>29.7</ele>
        <time>2022-04-07T11:57:28Z</time>
      </trkpt>
      <trkpt lat="39.7917396006655" lon="116.48167841745416">
        <ele>29</ele>
        <time>2022-04-07T11:57:29Z</time>
      </trkpt>
      <trkpt lat="39.791768149447925" lon="116.48167427275331">
        <ele>29</ele>
        <time>2022-04-07T11:57:30Z</time>
      </trkpt>
      <trkpt lat="39.79179654220893" lon="116.48167007557284">
        <ele>29</ele>
        <time>2022-04-07T11:57:31Z</time>
      </trkpt>
      <trkpt lat="39.79182499098897" lon="116.48166569857035">
        <ele>29</ele>
        <time>2022-04-07T11:57:32Z</time>
      </trkpt>
      <trkpt lat="39.791853775215465" lon="116.48166192781166">
        <ele>29</ele>
        <time>2022-04-07T11:57:33Z</time>
      </trkpt>
      <trkpt lat="39.791883329377185" lon="116.481657597376">
        <ele>29</ele>
        <time>2022-04-07T11:57:34Z</time>
      </trkpt>
      <trkpt lat="39.791912375709956" lon="116.48165298211875">
        <ele>29</ele>
        <time>2022-04-07T11:57:35Z</time>
      </trkpt>
      <trkpt lat="39.791940871606485" lon="116.48164802522022">
        <ele>29</ele>
        <time>2022-04-07T11:57:36Z</time>
      </trkpt>
      <trkpt lat="39.791969437572575" lon="116.48164247808637">
        <ele>29</ele>
        <time>2022-04-07T11:57:37Z</time>
      </trkpt>
      <trkpt lat="39.79199776701592" lon="116.48163617595537">
        <ele>29</ele>
        <time>2022-04-07T11:57:38Z</time>
      </trkpt>
      <trkpt lat="39.792026245227106" lon="116.48162877180486">
        <ele>30.1</ele>
        <time>2022-04-07T11:57:39Z</time>
      </trkpt>
      <trkpt lat="39.7920544291457" lon="116.48162016921533">
        <ele>30.1</ele>
        <time>2022-04-07T11:57:40Z</time>
      </trkpt>
      <trkpt lat="39.792082601762814" lon="116.48161012070534">
        <ele>30.1</ele>
        <time>2022-04-07T11:57:41Z</time>
      </trkpt>
      <trkpt lat="39.79211028410434" lon="116.48159861080158">
        <ele>30.1</ele>
        <time>2022-04-07T11:57:42Z</time>
      </trkpt>
      <trkpt lat="39.792134652918456" lon="116.48158195520081">
        <ele>30.1</ele>
        <time>2022-04-07T11:57:43Z</time>
      </trkpt>
      <trkpt lat="39.79216086731539" lon="116.48156725221033">
        <ele>30.1</ele>
        <time>2022-04-07T11:57:44Z</time>
      </trkpt>
      <trkpt lat="39.792186411858" lon="116.48155070312417">
        <ele>30.1</ele>
        <time>2022-04-07T11:57:45Z</time>
      </trkpt>
      <trkpt lat="39.79221106190089" lon="116.48153248961854">
        <ele>30.1</ele>
        <time>2022-04-07T11:57:46Z</time>
      </trkpt>
      <trkpt lat="39.79223494182489" lon="116.48151256683909">
        <ele>30.1</ele>
        <time>2022-04-07T11:57:47Z</time>
      </trkpt>
      <trkpt lat="39.79225765456927" lon="116.48149095095087">
        <ele>30.1</ele>
        <time>2022-04-07T11:57:48Z</time>
      </trkpt>
      <trkpt lat="39.79227941616859" lon="116.48146636973904">
        <ele>30.8</ele>
        <time>2022-04-07T11:57:49Z</time>
      </trkpt>
      <trkpt lat="39.792299544829774" lon="116.48144025154446">
        <ele>30.8</ele>
        <time>2022-04-07T11:57:50Z</time>
      </trkpt>
      <trkpt lat="39.79231813705406" lon="116.4814123965441">
        <ele>30.8</ele>
        <time>2022-04-07T11:57:51Z</time>
      </trkpt>
      <trkpt lat="39.79233488226087" lon="116.48138326315151">
        <ele>30.8</ele>
        <time>2022-04-07T11:57:52Z</time>
      </trkpt>
      <trkpt lat="39.79235005413613" lon="116.48135289248691">
        <ele>30.8</ele>
        <time>2022-04-07T11:57:53Z</time>
      </trkpt>
      <trkpt lat="39.79236332040311" lon="116.48132197649475">
        <ele>30.8</ele>
        <time>2022-04-07T11:57:54Z</time>
      </trkpt>
      <trkpt lat="39.79237497566155" lon="116.48129053715432">
        <ele>30.8</ele>
        <time>2022-04-07T11:57:55Z</time>
      </trkpt>
      <trkpt lat="39.79238479253507" lon="116.48125921257744">
        <ele>30.8</ele>
        <time>2022-04-07T11:57:56Z</time>
      </trkpt>
      <trkpt lat="39.792392939488465" lon="116.48122760132189">
        <ele>30.8</ele>
        <time>2022-04-07T11:57:57Z</time>
      </trkpt>
      <trkpt lat="39.79239929560831" lon="116.48119588694344">
        <ele>30.8</ele>
        <time>2022-04-07T11:57:58Z</time>
      </trkpt>
      <trkpt lat="39.7924109598574" lon="116.48115873282912">
        <ele>30.7</ele>
        <time>2022-04-07T11:57:59Z</time>
      </trkpt>
      <trkpt lat="39.792414333272966" lon="116.48112861037241">
        <ele>30.7</ele>
        <time>2022-04-07T11:58:00Z</time>
      </trkpt>
      <trkpt lat="39.79241522084484" lon="116.48110216156">
        <ele>30.7</ele>
        <time>2022-04-07T11:58:01Z</time>
      </trkpt>
      <trkpt lat="39.792415196139416" lon="116.48107209688429">
        <ele>30.7</ele>
        <time>2022-04-07T11:58:02Z</time>
      </trkpt>
    </trkseg>
  </trk>
</gpx>