<?xml version="1.0" encoding="UTF-8"?>
<gpx xmlns="http://www.topografix.com/GPX/1/1" xmlns:gpxtpx="http://www.garmin.com/xmlschemas/TrackPointExtension/v1" xmlns:xsi="http://www.w3.org/2001/XMLSchema-instance" xsi:schemaLocation="http://www.topografix.com/GPX/1/1 http://www.topografix.com/GPX/1/1/gpx.xsd" version="1.1" creator="gpx.py -- https://github.com/tkrajina/gpxpy">
  <trk>
    <name>gpx from codoon</name>
    <type>Run</type>
    <trkseg>
      <trkpt lat="39.81394671754366" lon="116.42346492363605">
        <ele>28.8</ele>
        <time>2022-06-06T10:49:40Z</time>
      </trkpt>
      <trkpt lat="39.81393614657008" lon="116.42347308514682">
        <ele>28.8</ele>
        <time>2022-06-06T10:49:41Z</time>
      </trkpt>
      <trkpt lat="39.8139226487539" lon="116.42348438710196">
        <ele>28.8</ele>
        <time>2022-06-06T10:49:42Z</time>
      </trkpt>
      <trkpt lat="39.81390681218793" lon="116.42349592302782">
        <ele>28.8</ele>
        <time>2022-06-06T10:49:43Z</time>
      </trkpt>
      <trkpt lat="39.81388781280246" lon="116.42351116394863">
        <ele>28.1</ele>
        <time>2022-06-06T10:49:44Z</time>
      </trkpt>
      <trkpt lat="39.81386465530679" lon="116.42351213410684">
        <ele>28.1</ele>
        <time>2022-06-06T10:49:45Z</time>
      </trkpt>
      <trkpt lat="39.81384809594728" lon="116.42352379205992">
        <ele>28.1</ele>
        <time>2022-06-06T10:49:46Z</time>
      </trkpt>
      <trkpt lat="39.813831069111515" lon="116.42353636503562">
        <ele>28.1</ele>
        <time>2022-06-06T10:49:47Z</time>
      </trkpt>
      <trkpt lat="39.81381341970193" lon="116.42354962814075">
        <ele>28.1</ele>
        <time>2022-06-06T10:49:48Z</time>
      </trkpt>
      <trkpt lat="39.81379523368453" lon="116.42356326223923">
        <ele>28.1</ele>
        <time>2022-06-06T10:49:49Z</time>
      </trkpt>
      <trkpt lat="39.81377688578273" lon="116.42357707353118">
        <ele>28.1</ele>
        <time>2022-06-06T10:49:50Z</time>
      </trkpt>
      <trkpt lat="39.813758362102455" lon="116.4235923047747">
        <ele>28.1</ele>
        <time>2022-06-06T10:49:51Z</time>
      </trkpt>
      <trkpt lat="39.813739556883604" lon="116.42360860681691">
        <ele>28.1</ele>
        <time>2022-06-06T10:49:52Z</time>
      </trkpt>
      <trkpt lat="39.813720659448826" lon="116.42362538522713">
        <ele>28.1</ele>
        <time>2022-06-06T10:49:53Z</time>
      </trkpt>
      <trkpt lat="39.81370146571696" lon="116.42364209230446">
        <ele>28.5</ele>
        <time>2022-06-06T10:49:54Z</time>
      </trkpt>
      <trkpt lat="39.81368180103754" lon="116.42365867862229">
        <ele>28.5</ele>
        <time>2022-06-06T10:49:55Z</time>
      </trkpt>
      <trkpt lat="39.81366186635682" lon="116.42367473140582">
        <ele>28.5</ele>
        <time>2022-06-06T10:49:56Z</time>
      </trkpt>
      <trkpt lat="39.813641342294154" lon="116.42369063382205">
        <ele>28.5</ele>
        <time>2022-06-06T10:49:57Z</time>
      </trkpt>
      <trkpt lat="39.813620497725545" lon="116.42370652293849">
        <ele>28.5</ele>
        <time>2022-06-06T10:49:58Z</time>
      </trkpt>
      <trkpt lat="39.81359983686479" lon="116.42372226191281">
        <ele>28</ele>
        <time>2022-06-06T10:49:59Z</time>
      </trkpt>
      <trkpt lat="39.81357928311335" lon="116.42373832543866">
        <ele>28.5</ele>
        <time>2022-06-06T10:50:00Z</time>
      </trkpt>
      <trkpt lat="39.81355883572343" lon="116.42375429752224">
        <ele>28.5</ele>
        <time>2022-06-06T10:50:01Z</time>
      </trkpt>
      <trkpt lat="39.81353859676355" lon="116.42377024574223">
        <ele>28.5</ele>
        <time>2022-06-06T10:50:02Z</time>
      </trkpt>
      <trkpt lat="39.81351852684451" lon="116.42378641728565">
        <ele>28.5</ele>
        <time>2022-06-06T10:50:03Z</time>
      </trkpt>
      <trkpt lat="39.81349823875026" lon="116.423802947725">
        <ele>28.2</ele>
        <time>2022-06-06T10:50:04Z</time>
      </trkpt>
      <trkpt lat="39.81347761268684" lon="116.423819539111">
        <ele>28.2</ele>
        <time>2022-06-06T10:50:05Z</time>
      </trkpt>
      <trkpt lat="39.813456727589596" lon="116.42383622330908">
        <ele>28.2</ele>
        <time>2022-06-06T10:50:06Z</time>
      </trkpt>
      <trkpt lat="39.81343518824838" lon="116.42385323614752">
        <ele>28.2</ele>
        <time>2022-06-06T10:50:07Z</time>
      </trkpt>
      <trkpt lat="39.813413409180285" lon="116.42387010091042">
        <ele>28.2</ele>
        <time>2022-06-06T10:50:08Z</time>
      </trkpt>
      <trkpt lat="39.8133914432094" lon="116.42388689863363">
        <ele>28.2</ele>
        <time>2022-06-06T10:50:09Z</time>
      </trkpt>
      <trkpt lat="39.81336904507575" lon="116.42390388078728">
        <ele>28.2</ele>
        <time>2022-06-06T10:50:10Z</time>
      </trkpt>
      <trkpt lat="39.81334659490831" lon="116.42392069051908">
        <ele>28.2</ele>
        <time>2022-06-06T10:50:11Z</time>
      </trkpt>
      <trkpt lat="39.813323817348234" lon="116.42393764762014">
        <ele>28.2</ele>
        <time>2022-06-06T10:50:12Z</time>
      </trkpt>
      <trkpt lat="39.81330120040314" lon="116.42395464990665">
        <ele>28.2</ele>
        <time>2022-06-06T10:50:13Z</time>
      </trkpt>
      <trkpt lat="39.81327879001778" lon="116.42397161986274">
        <ele>28</ele>
        <time>2022-06-06T10:50:14Z</time>
      </trkpt>
      <trkpt lat="39.813256925208904" lon="116.42398836471094">
        <ele>28</ele>
        <time>2022-06-06T10:50:15Z</time>
      </trkpt>
      <trkpt lat="39.813235519970725" lon="116.42400482325527">
        <ele>28</ele>
        <time>2022-06-06T10:50:16Z</time>
      </trkpt>
      <trkpt lat="39.8132142118791" lon="116.42402116588752">
        <ele>28</ele>
        <time>2022-06-06T10:50:17Z</time>
      </trkpt>
      <trkpt lat="39.81319315501597" lon="116.42403672006918">
        <ele>28</ele>
        <time>2022-06-06T10:50:18Z</time>
      </trkpt>
      <trkpt lat="39.813171945941185" lon="116.42405175331469">
        <ele>28</ele>
        <time>2022-06-06T10:50:19Z</time>
      </trkpt>
      <trkpt lat="39.813150569466806" lon="116.42406619069553">
        <ele>28</ele>
        <time>2022-06-06T10:50:20Z</time>
      </trkpt>
      <trkpt lat="39.8131292786812" lon="116.42407979428478">
        <ele>28</ele>
        <time>2022-06-06T10:50:21Z</time>
      </trkpt>
      <trkpt lat="39.81310770282606" lon="116.42409296462837">
        <ele>28</ele>
        <time>2022-06-06T10:50:22Z</time>
      </trkpt>
      <trkpt lat="39.81308620638356" lon="116.42410557898202">
        <ele>28</ele>
        <time>2022-06-06T10:50:23Z</time>
      </trkpt>
      <trkpt lat="39.813064696621105" lon="116.42411768917488">
        <ele>28.2</ele>
        <time>2022-06-06T10:50:24Z</time>
      </trkpt>
      <trkpt lat="39.8130428141778" lon="116.42412958405107">
        <ele>28.2</ele>
        <time>2022-06-06T10:50:25Z</time>
      </trkpt>
      <trkpt lat="39.81302065952371" lon="116.42414144477398">
        <ele>28.2</ele>
        <time>2022-06-06T10:50:26Z</time>
      </trkpt>
      <trkpt lat="39.81299802509852" lon="116.42415361160295">
        <ele>28.2</ele>
        <time>2022-06-06T10:50:27Z</time>
      </trkpt>
      <trkpt lat="39.81297538108597" lon="116.42416586238939">
        <ele>28.2</ele>
        <time>2022-06-06T10:50:28Z</time>
      </trkpt>
      <trkpt lat="39.81295284762914" lon="116.42417848609301">
        <ele>28.2</ele>
        <time>2022-06-06T10:50:29Z</time>
      </trkpt>
      <trkpt lat="39.812930700356816" lon="116.4241913408893">
        <ele>28.2</ele>
        <time>2022-06-06T10:50:30Z</time>
      </trkpt>
      <trkpt lat="39.81290883304527" lon="116.42420452558768">
        <ele>28.2</ele>
        <time>2022-06-06T10:50:31Z</time>
      </trkpt>
      <trkpt lat="39.81288688328199" lon="116.42421829565603">
        <ele>28.2</ele>
        <time>2022-06-06T10:50:32Z</time>
      </trkpt>
      <trkpt lat="39.812865117891526" lon="116.4242323563551">
        <ele>28.2</ele>
        <time>2022-06-06T10:50:33Z</time>
      </trkpt>
      <trkpt lat="39.812843432988586" lon="116.42424673436521">
        <ele>27.8</ele>
        <time>2022-06-06T10:50:34Z</time>
      </trkpt>
      <trkpt lat="39.812821477346446" lon="116.42426165487052">
        <ele>27.8</ele>
        <time>2022-06-06T10:50:35Z</time>
      </trkpt>
      <trkpt lat="39.81279960547497" lon="116.42427681355738">
        <ele>27.8</ele>
        <time>2022-06-06T10:50:36Z</time>
      </trkpt>
      <trkpt lat="39.81277749826707" lon="116.42429230095442">
        <ele>27.8</ele>
        <time>2022-06-06T10:50:37Z</time>
      </trkpt>
      <trkpt lat="39.81275550862476" lon="116.4243078218836">
        <ele>27.8</ele>
        <time>2022-06-06T10:50:38Z</time>
      </trkpt>
      <trkpt lat="39.812733586176364" lon="116.42432331416194">
        <ele>27.8</ele>
        <time>2022-06-06T10:50:39Z</time>
      </trkpt>
      <trkpt lat="39.81271142753663" lon="116.4243389774903">
        <ele>27.8</ele>
        <time>2022-06-06T10:50:40Z</time>
      </trkpt>
      <trkpt lat="39.81268916476575" lon="116.42435477665406">
        <ele>27.8</ele>
        <time>2022-06-06T10:50:41Z</time>
      </trkpt>
      <trkpt lat="39.81266689194148" lon="116.4243706663449">
        <ele>27.8</ele>
        <time>2022-06-06T10:50:42Z</time>
      </trkpt>
      <trkpt lat="39.81264466047031" lon="116.42438664472196">
        <ele>27.8</ele>
        <time>2022-06-06T10:50:43Z</time>
      </trkpt>
      <trkpt lat="39.8126225357658" lon="116.4244027263972">
        <ele>27.7</ele>
        <time>2022-06-06T10:50:44Z</time>
      </trkpt>
      <trkpt lat="39.812600547746264" lon="116.42441895359546">
        <ele>27.7</ele>
        <time>2022-06-06T10:50:45Z</time>
      </trkpt>
      <trkpt lat="39.8125789708472" lon="116.4244351325934">
        <ele>27.7</ele>
        <time>2022-06-06T10:50:46Z</time>
      </trkpt>
      <trkpt lat="39.812557652943504" lon="116.42445133562555">
        <ele>27.7</ele>
        <time>2022-06-06T10:50:47Z</time>
      </trkpt>
      <trkpt lat="39.81253647324504" lon="116.42446763520675">
        <ele>27.7</ele>
        <time>2022-06-06T10:50:48Z</time>
      </trkpt>
      <trkpt lat="39.81251535051158" lon="116.42448398351786">
        <ele>27.7</ele>
        <time>2022-06-06T10:50:49Z</time>
      </trkpt>
      <trkpt lat="39.812493898625625" lon="116.42450064229176">
        <ele>27.7</ele>
        <time>2022-06-06T10:50:50Z</time>
      </trkpt>
      <trkpt lat="39.81247243590017" lon="116.42451731418411">
        <ele>27.7</ele>
        <time>2022-06-06T10:50:51Z</time>
      </trkpt>
      <trkpt lat="39.812450903255005" lon="116.4245339918315">
        <ele>27.7</ele>
        <time>2022-06-06T10:50:52Z</time>
      </trkpt>
      <trkpt lat="39.81242900046979" lon="116.42455082601091">
        <ele>27.7</ele>
        <time>2022-06-06T10:50:53Z</time>
      </trkpt>
      <trkpt lat="39.81240699779094" lon="116.42456747005926">
        <ele>28.2</ele>
        <time>2022-06-06T10:50:54Z</time>
      </trkpt>
      <trkpt lat="39.81238481720525" lon="116.42458383930918">
        <ele>28.2</ele>
        <time>2022-06-06T10:50:55Z</time>
      </trkpt>
      <trkpt lat="39.81236209977961" lon="116.42460007259542">
        <ele>28.2</ele>
        <time>2022-06-06T10:50:56Z</time>
      </trkpt>
      <trkpt lat="39.81233893029484" lon="116.42461614233879">
        <ele>28.2</ele>
        <time>2022-06-06T10:50:57Z</time>
      </trkpt>
      <trkpt lat="39.81231544550379" lon="116.42463210774913">
        <ele>28.2</ele>
        <time>2022-06-06T10:50:58Z</time>
      </trkpt>
      <trkpt lat="39.81229172366243" lon="116.42464797958856">
        <ele>28</ele>
        <time>2022-06-06T10:50:59Z</time>
      </trkpt>
      <trkpt lat="39.812267831513026" lon="116.42466386889214">
        <ele>28.2</ele>
        <time>2022-06-06T10:51:00Z</time>
      </trkpt>
      <trkpt lat="39.81224416578701" lon="116.42467957069123">
        <ele>28.2</ele>
        <time>2022-06-06T10:51:01Z</time>
      </trkpt>
      <trkpt lat="39.81222070523029" lon="116.42469518133866">
        <ele>28.2</ele>
        <time>2022-06-06T10:51:02Z</time>
      </trkpt>
      <trkpt lat="39.81219741702311" lon="116.42471075712749">
        <ele>28.2</ele>
        <time>2022-06-06T10:51:03Z</time>
      </trkpt>
      <trkpt lat="39.81217426700544" lon="116.42472636746963">
        <ele>28</ele>
        <time>2022-06-06T10:51:04Z</time>
      </trkpt>
      <trkpt lat="39.81215135241978" lon="116.42474205380263">
        <ele>28</ele>
        <time>2022-06-06T10:51:05Z</time>
      </trkpt>
      <trkpt lat="39.812128704690565" lon="116.42475786758186">
        <ele>28</ele>
        <time>2022-06-06T10:51:06Z</time>
      </trkpt>
      <trkpt lat="39.81210663620791" lon="116.42477356600305">
        <ele>28</ele>
        <time>2022-06-06T10:51:07Z</time>
      </trkpt>
      <trkpt lat="39.81208479206498" lon="116.42478929087345">
        <ele>28</ele>
        <time>2022-06-06T10:51:08Z</time>
      </trkpt>
      <trkpt lat="39.812063148525404" lon="116.42480491738355">
        <ele>28</ele>
        <time>2022-06-06T10:51:09Z</time>
      </trkpt>
      <trkpt lat="39.81204166367785" lon="116.42482040030556">
        <ele>28</ele>
        <time>2022-06-06T10:51:10Z</time>
      </trkpt>
      <trkpt lat="39.81202032441751" lon="116.4248356644284">
        <ele>28</ele>
        <time>2022-06-06T10:51:11Z</time>
      </trkpt>
      <trkpt lat="39.811999033878045" lon="116.42485070037138">
        <ele>28</ele>
        <time>2022-06-06T10:51:12Z</time>
      </trkpt>
      <trkpt lat="39.81197746869721" lon="116.42486575662363">
        <ele>28</ele>
        <time>2022-06-06T10:51:13Z</time>
      </trkpt>
      <trkpt lat="39.81195570329359" lon="116.42488082164026">
        <ele>28.3</ele>
        <time>2022-06-06T10:51:14Z</time>
      </trkpt>
      <trkpt lat="39.8119341113311" lon="116.42489567288588">
        <ele>28.3</ele>
        <time>2022-06-06T10:51:15Z</time>
      </trkpt>
      <trkpt lat="39.811912462818256" lon="116.42491065851048">
        <ele>28.3</ele>
        <time>2022-06-06T10:51:16Z</time>
      </trkpt>
      <trkpt lat="39.81189085439743" lon="116.42492570965389">
        <ele>28.3</ele>
        <time>2022-06-06T10:51:17Z</time>
      </trkpt>
      <trkpt lat="39.81186910054808" lon="116.42494106804352">
        <ele>28.3</ele>
        <time>2022-06-06T10:51:18Z</time>
      </trkpt>
      <trkpt lat="39.81184761762679" lon="116.42495650505018">
        <ele>28.3</ele>
        <time>2022-06-06T10:51:19Z</time>
      </trkpt>
      <trkpt lat="39.81182642570829" lon="116.42497198675468">
        <ele>28.3</ele>
        <time>2022-06-06T10:51:20Z</time>
      </trkpt>
      <trkpt lat="39.81180558369459" lon="116.42498752703952">
        <ele>28.3</ele>
        <time>2022-06-06T10:51:21Z</time>
      </trkpt>
      <trkpt lat="39.81178512098901" lon="116.42500318333575">
        <ele>28.3</ele>
        <time>2022-06-06T10:51:22Z</time>
      </trkpt>
      <trkpt lat="39.81176507178861" lon="116.42501892567591">
        <ele>28.3</ele>
        <time>2022-06-06T10:51:23Z</time>
      </trkpt>
      <trkpt lat="39.81174542555975" lon="116.42503468422251">
        <ele>28.1</ele>
        <time>2022-06-06T10:51:24Z</time>
      </trkpt>
      <trkpt lat="39.81172615370424" lon="116.42505034951614">
        <ele>28.1</ele>
        <time>2022-06-06T10:51:25Z</time>
      </trkpt>
      <trkpt lat="39.81170717524532" lon="116.42506588632656">
        <ele>28.1</ele>
        <time>2022-06-06T10:51:26Z</time>
      </trkpt>
      <trkpt lat="39.81168831622381" lon="116.42508116189737">
        <ele>28.1</ele>
        <time>2022-06-06T10:51:27Z</time>
      </trkpt>
      <trkpt lat="39.81166947258406" lon="116.42509624012986">
        <ele>28.1</ele>
        <time>2022-06-06T10:51:28Z</time>
      </trkpt>
      <trkpt lat="39.81165084100916" lon="116.42511094574678">
        <ele>28.1</ele>
        <time>2022-06-06T10:51:29Z</time>
      </trkpt>
      <trkpt lat="39.811632096296705" lon="116.42512573153087">
        <ele>28.1</ele>
        <time>2022-06-06T10:51:30Z</time>
      </trkpt>
      <trkpt lat="39.81161323736773" lon="116.42514069793498">
        <ele>28.1</ele>
        <time>2022-06-06T10:51:31Z</time>
      </trkpt>
      <trkpt lat="39.81159426289502" lon="116.42515587762674">
        <ele>28.1</ele>
        <time>2022-06-06T10:51:32Z</time>
      </trkpt>
      <trkpt lat="39.81157513058558" lon="116.42517119956287">
        <ele>28.1</ele>
        <time>2022-06-06T10:51:33Z</time>
      </trkpt>
      <trkpt lat="39.8115558213738" lon="116.42518658107184">
        <ele>28.3</ele>
        <time>2022-06-06T10:51:34Z</time>
      </trkpt>
      <trkpt lat="39.811536311445145" lon="116.42520195453339">
        <ele>28.3</ele>
        <time>2022-06-06T10:51:35Z</time>
      </trkpt>
      <trkpt lat="39.8115165681075" lon="116.42521730962544">
        <ele>28.3</ele>
        <time>2022-06-06T10:51:36Z</time>
      </trkpt>
      <trkpt lat="39.81149659841638" lon="116.42523267305553">
        <ele>28.3</ele>
        <time>2022-06-06T10:51:37Z</time>
      </trkpt>
      <trkpt lat="39.811476385242315" lon="116.42524810338969">
        <ele>28.3</ele>
        <time>2022-06-06T10:51:38Z</time>
      </trkpt>
      <trkpt lat="39.811455931443675" lon="116.42526361606832">
        <ele>28.3</ele>
        <time>2022-06-06T10:51:39Z</time>
      </trkpt>
      <trkpt lat="39.81143518529451" lon="116.42527920130776">
        <ele>28.3</ele>
        <time>2022-06-06T10:51:40Z</time>
      </trkpt>
      <trkpt lat="39.81141398255782" lon="116.42529467811154">
        <ele>28.3</ele>
        <time>2022-06-06T10:51:41Z</time>
      </trkpt>
      <trkpt lat="39.81139229486203" lon="116.42530997881042">
        <ele>28.3</ele>
        <time>2022-06-06T10:51:42Z</time>
      </trkpt>
      <trkpt lat="39.81137037700786" lon="116.42532484636843">
        <ele>28.3</ele>
        <time>2022-06-06T10:51:43Z</time>
      </trkpt>
      <trkpt lat="39.81134784988223" lon="116.4253395613136">
        <ele>28.4</ele>
        <time>2022-06-06T10:51:44Z</time>
      </trkpt>
      <trkpt lat="39.81132480380234" lon="116.42535428736056">
        <ele>28.4</ele>
        <time>2022-06-06T10:51:45Z</time>
      </trkpt>
      <trkpt lat="39.811301634871036" lon="116.42536898383605">
        <ele>28.4</ele>
        <time>2022-06-06T10:51:46Z</time>
      </trkpt>
      <trkpt lat="39.81127838117483" lon="116.42538374131735">
        <ele>28.4</ele>
        <time>2022-06-06T10:51:47Z</time>
      </trkpt>
      <trkpt lat="39.811255021143296" lon="116.42539876537505">
        <ele>28.4</ele>
        <time>2022-06-06T10:51:48Z</time>
      </trkpt>
      <trkpt lat="39.811231901661934" lon="116.42541394279884">
        <ele>28.4</ele>
        <time>2022-06-06T10:51:49Z</time>
      </trkpt>
      <trkpt lat="39.81120929812548" lon="116.42542905801706">
        <ele>28.4</ele>
        <time>2022-06-06T10:51:50Z</time>
      </trkpt>
      <trkpt lat="39.81118691772034" lon="116.42544435329644">
        <ele>28.4</ele>
        <time>2022-06-06T10:51:51Z</time>
      </trkpt>
      <trkpt lat="39.81116508044174" lon="116.42545965780685">
        <ele>28.4</ele>
        <time>2022-06-06T10:51:52Z</time>
      </trkpt>
      <trkpt lat="39.81114337262242" lon="116.42547523440238">
        <ele>28.4</ele>
        <time>2022-06-06T10:51:53Z</time>
      </trkpt>
      <trkpt lat="39.81112183731853" lon="116.42549103048867">
        <ele>28.3</ele>
        <time>2022-06-06T10:51:54Z</time>
      </trkpt>
      <trkpt lat="39.811100835211114" lon="116.42550685787332">
        <ele>28.3</ele>
        <time>2022-06-06T10:51:55Z</time>
      </trkpt>
      <trkpt lat="39.81108037760101" lon="116.42552279111253">
        <ele>28.3</ele>
        <time>2022-06-06T10:51:56Z</time>
      </trkpt>
      <trkpt lat="39.811060166218645" lon="116.42553904974447">
        <ele>28.3</ele>
        <time>2022-06-06T10:51:57Z</time>
      </trkpt>
      <trkpt lat="39.81104022468113" lon="116.42555560533702">
        <ele>28.3</ele>
        <time>2022-06-06T10:51:58Z</time>
      </trkpt>
      <trkpt lat="39.81102051770662" lon="116.4255720535917">
        <ele>28</ele>
        <time>2022-06-06T10:51:59Z</time>
      </trkpt>
      <trkpt lat="39.81100069867017" lon="116.42558840062453">
        <ele>28.3</ele>
        <time>2022-06-06T10:52:00Z</time>
      </trkpt>
      <trkpt lat="39.81098018350064" lon="116.42560490783526">
        <ele>28.3</ele>
        <time>2022-06-06T10:52:01Z</time>
      </trkpt>
      <trkpt lat="39.81095937618532" lon="116.42562114513352">
        <ele>28.3</ele>
        <time>2022-06-06T10:52:02Z</time>
      </trkpt>
      <trkpt lat="39.8109383730997" lon="116.42563703215195">
        <ele>28.3</ele>
        <time>2022-06-06T10:52:03Z</time>
      </trkpt>
      <trkpt lat="39.8109172967442" lon="116.42565260873478">
        <ele>28.4</ele>
        <time>2022-06-06T10:52:04Z</time>
      </trkpt>
      <trkpt lat="39.81089621920798" lon="116.42566790132139">
        <ele>28.4</ele>
        <time>2022-06-06T10:52:05Z</time>
      </trkpt>
      <trkpt lat="39.810875103787524" lon="116.42568279285027">
        <ele>28.4</ele>
        <time>2022-06-06T10:52:06Z</time>
      </trkpt>
      <trkpt lat="39.81085356599118" lon="116.42569733069872">
        <ele>28.4</ele>
        <time>2022-06-06T10:52:07Z</time>
      </trkpt>
      <trkpt lat="39.810831927568266" lon="116.42571120202766">
        <ele>28.4</ele>
        <time>2022-06-06T10:52:08Z</time>
      </trkpt>
      <trkpt lat="39.8108101844192" lon="116.42572449073054">
        <ele>28.4</ele>
        <time>2022-06-06T10:52:09Z</time>
      </trkpt>
      <trkpt lat="39.810788118392814" lon="116.42573760357656">
        <ele>28.4</ele>
        <time>2022-06-06T10:52:10Z</time>
      </trkpt>
      <trkpt lat="39.81076614901119" lon="116.42575039769505">
        <ele>28.4</ele>
        <time>2022-06-06T10:52:11Z</time>
      </trkpt>
      <trkpt lat="39.81074458385871" lon="116.42576271488561">
        <ele>28.4</ele>
        <time>2022-06-06T10:52:12Z</time>
      </trkpt>
      <trkpt lat="39.81072302309898" lon="116.42577463480605">
        <ele>28.4</ele>
        <time>2022-06-06T10:52:13Z</time>
      </trkpt>
      <trkpt lat="39.81070143740281" lon="116.42578583462637">
        <ele>28.5</ele>
        <time>2022-06-06T10:52:14Z</time>
      </trkpt>
      <trkpt lat="39.81068011511556" lon="116.42579572413928">
        <ele>28.5</ele>
        <time>2022-06-06T10:52:15Z</time>
      </trkpt>
      <trkpt lat="39.81065899799409" lon="116.42580409032526">
        <ele>28.5</ele>
        <time>2022-06-06T10:52:16Z</time>
      </trkpt>
      <trkpt lat="39.810638068802625" lon="116.42581091064797">
        <ele>28.5</ele>
        <time>2022-06-06T10:52:17Z</time>
      </trkpt>
      <trkpt lat="39.81061780943898" lon="116.42581593353883">
        <ele>28.5</ele>
        <time>2022-06-06T10:52:18Z</time>
      </trkpt>
      <trkpt lat="39.81059841869799" lon="116.425819394208">
        <ele>28.5</ele>
        <time>2022-06-06T10:52:19Z</time>
      </trkpt>
      <trkpt lat="39.81057981917726" lon="116.42582162142433">
        <ele>28.5</ele>
        <time>2022-06-06T10:52:20Z</time>
      </trkpt>
      <trkpt lat="39.810562293226255" lon="116.42582278980947">
        <ele>28.5</ele>
        <time>2022-06-06T10:52:21Z</time>
      </trkpt>
      <trkpt lat="39.81054584644561" lon="116.42582327907316">
        <ele>28.5</ele>
        <time>2022-06-06T10:52:22Z</time>
      </trkpt>
      <trkpt lat="39.810530383870386" lon="116.42582325807246">
        <ele>28.5</ele>
        <time>2022-06-06T10:52:23Z</time>
      </trkpt>
      <trkpt lat="39.81051632597448" lon="116.42582312136997">
        <ele>28.1</ele>
        <time>2022-06-06T10:52:24Z</time>
      </trkpt>
      <trkpt lat="39.810503749730124" lon="116.4258231065147">
        <ele>28.1</ele>
        <time>2022-06-06T10:52:25Z</time>
      </trkpt>
      <trkpt lat="39.81049236413492" lon="116.42582295289623">
        <ele>28.1</ele>
        <time>2022-06-06T10:52:26Z</time>
      </trkpt>
      <trkpt lat="39.8104819244508" lon="116.42582295452664">
        <ele>28.1</ele>
        <time>2022-06-06T10:52:27Z</time>
      </trkpt>
      <trkpt lat="39.810472212758505" lon="116.42582346518172">
        <ele>28.1</ele>
        <time>2022-06-06T10:52:28Z</time>
      </trkpt>
      <trkpt lat="39.81046292719028" lon="116.42582490192233">
        <ele>28.1</ele>
        <time>2022-06-06T10:52:29Z</time>
      </trkpt>
      <trkpt lat="39.81045339440529" lon="116.42582770674731">
        <ele>28.1</ele>
        <time>2022-06-06T10:52:30Z</time>
      </trkpt>
      <trkpt lat="39.810443649078785" lon="116.42583194932448">
        <ele>28.1</ele>
        <time>2022-06-06T10:52:31Z</time>
      </trkpt>
      <trkpt lat="39.81043367141727" lon="116.42583761046555">
        <ele>28.1</ele>
        <time>2022-06-06T10:52:32Z</time>
      </trkpt>
      <trkpt lat="39.81042320179427" lon="116.42584500274462">
        <ele>28.1</ele>
        <time>2022-06-06T10:52:33Z</time>
      </trkpt>
      <trkpt lat="39.81041240851502" lon="116.42585427202913">
        <ele>28.3</ele>
        <time>2022-06-06T10:52:34Z</time>
      </trkpt>
      <trkpt lat="39.81040124821706" lon="116.42586525333">
        <ele>28.3</ele>
        <time>2022-06-06T10:52:35Z</time>
      </trkpt>
      <trkpt lat="39.81038950534724" lon="116.42587858349768">
        <ele>28.3</ele>
        <time>2022-06-06T10:52:36Z</time>
      </trkpt>
      <trkpt lat="39.810377467889424" lon="116.42589483784917">
        <ele>28.3</ele>
        <time>2022-06-06T10:52:37Z</time>
      </trkpt>
      <trkpt lat="39.81036533354426" lon="116.42591394273346">
        <ele>28.3</ele>
        <time>2022-06-06T10:52:38Z</time>
      </trkpt>
      <trkpt lat="39.81035314467837" lon="116.42593599893556">
        <ele>28.3</ele>
        <time>2022-06-06T10:52:39Z</time>
      </trkpt>
      <trkpt lat="39.81034098856424" lon="116.42596052972661">
        <ele>28.3</ele>
        <time>2022-06-06T10:52:40Z</time>
      </trkpt>
      <trkpt lat="39.81032924188243" lon="116.42598676880503">
        <ele>28.3</ele>
        <time>2022-06-06T10:52:41Z</time>
      </trkpt>
      <trkpt lat="39.81031781395735" lon="116.42601469564994">
        <ele>28.3</ele>
        <time>2022-06-06T10:52:42Z</time>
      </trkpt>
      <trkpt lat="39.81030679052933" lon="116.42604382643214">
        <ele>28.3</ele>
        <time>2022-06-06T10:52:43Z</time>
      </trkpt>
      <trkpt lat="39.81029648243571" lon="116.42607350334556">
        <ele>28.4</ele>
        <time>2022-06-06T10:52:44Z</time>
      </trkpt>
      <trkpt lat="39.810286882020236" lon="116.42610396054621">
        <ele>28.4</ele>
        <time>2022-06-06T10:52:45Z</time>
      </trkpt>
      <trkpt lat="39.810278022385006" lon="116.4261349601951">
        <ele>28.4</ele>
        <time>2022-06-06T10:52:46Z</time>
      </trkpt>
      <trkpt lat="39.81027003228119" lon="116.42616637093779">
        <ele>28.4</ele>
        <time>2022-06-06T10:52:47Z</time>
      </trkpt>
      <trkpt lat="39.810262887337785" lon="116.4261980631758">
        <ele>28.4</ele>
        <time>2022-06-06T10:52:48Z</time>
      </trkpt>
      <trkpt lat="39.81025648245634" lon="116.42622999607151">
        <ele>28.4</ele>
        <time>2022-06-06T10:52:49Z</time>
      </trkpt>
      <trkpt lat="39.81025087866985" lon="116.42626161163226">
        <ele>28.4</ele>
        <time>2022-06-06T10:52:50Z</time>
      </trkpt>
      <trkpt lat="39.810245966303604" lon="116.42629341833432">
        <ele>28.4</ele>
        <time>2022-06-06T10:52:51Z</time>
      </trkpt>
      <trkpt lat="39.81024161148833" lon="116.42632544055128">
        <ele>28.4</ele>
        <time>2022-06-06T10:52:52Z</time>
      </trkpt>
      <trkpt lat="39.810237721405095" lon="116.42635713625185">
        <ele>28.4</ele>
        <time>2022-06-06T10:52:53Z</time>
      </trkpt>
      <trkpt lat="39.810233979580616" lon="116.42638894194548">
        <ele>28.4</ele>
        <time>2022-06-06T10:52:54Z</time>
      </trkpt>
      <trkpt lat="39.810230099167484" lon="116.42642071140446">
        <ele>28.4</ele>
        <time>2022-06-06T10:52:55Z</time>
      </trkpt>
      <trkpt lat="39.810225876514416" lon="116.42645189708685">
        <ele>28.4</ele>
        <time>2022-06-06T10:52:56Z</time>
      </trkpt>
      <trkpt lat="39.81022100521026" lon="116.42648293740149">
        <ele>28.4</ele>
        <time>2022-06-06T10:52:57Z</time>
      </trkpt>
      <trkpt lat="39.810215404587034" lon="116.4265133317792">
        <ele>28.4</ele>
        <time>2022-06-06T10:52:58Z</time>
      </trkpt>
      <trkpt lat="39.8102090480323" lon="116.42654317785498">
        <ele>28</ele>
        <time>2022-06-06T10:52:59Z</time>
      </trkpt>
      <trkpt lat="39.81020183501881" lon="116.42657287605121">
        <ele>28.4</ele>
        <time>2022-06-06T10:53:00Z</time>
      </trkpt>
      <trkpt lat="39.81019376226527" lon="116.4266029133255">
        <ele>28.4</ele>
        <time>2022-06-06T10:53:01Z</time>
      </trkpt>
      <trkpt lat="39.8101850006575" lon="116.42663272096021">
        <ele>28.4</ele>
        <time>2022-06-06T10:53:02Z</time>
      </trkpt>
      <trkpt lat="39.81017572871348" lon="116.42666226104978">
        <ele>28.4</ele>
        <time>2022-06-06T10:53:03Z</time>
      </trkpt>
      <trkpt lat="39.81016600383261" lon="116.42669196683252">
        <ele>28.5</ele>
        <time>2022-06-06T10:53:04Z</time>
      </trkpt>
      <trkpt lat="39.81015605201973" lon="116.42672134151216">
        <ele>28.5</ele>
        <time>2022-06-06T10:53:05Z</time>
      </trkpt>
      <trkpt lat="39.81014600344174" lon="116.42675044083013">
        <ele>28.5</ele>
        <time>2022-06-06T10:53:06Z</time>
      </trkpt>
      <trkpt lat="39.81013582672548" lon="116.42677976289056">
        <ele>28.5</ele>
        <time>2022-06-06T10:53:07Z</time>
      </trkpt>
      <trkpt lat="39.810125743820585" lon="116.42680885135952">
        <ele>28.5</ele>
        <time>2022-06-06T10:53:08Z</time>
      </trkpt>
      <trkpt lat="39.81011577575973" lon="116.42683781278406">
        <ele>28.5</ele>
        <time>2022-06-06T10:53:09Z</time>
      </trkpt>
      <trkpt lat="39.81010573824237" lon="116.4268671046318">
        <ele>28.5</ele>
        <time>2022-06-06T10:53:10Z</time>
      </trkpt>
      <trkpt lat="39.81009573962554" lon="116.42689628470828">
        <ele>28.5</ele>
        <time>2022-06-06T10:53:11Z</time>
      </trkpt>
      <trkpt lat="39.81008582054615" lon="116.42692502484545">
        <ele>28.5</ele>
        <time>2022-06-06T10:53:12Z</time>
      </trkpt>
      <trkpt lat="39.810075738807534" lon="116.42695386812386">
        <ele>28.5</ele>
        <time>2022-06-06T10:53:13Z</time>
      </trkpt>
      <trkpt lat="39.81006541087355" lon="116.42698283059735">
        <ele>28.3</ele>
        <time>2022-06-06T10:53:14Z</time>
      </trkpt>
      <trkpt lat="39.81005489507941" lon="116.42701156285631">
        <ele>28.3</ele>
        <time>2022-06-06T10:53:15Z</time>
      </trkpt>
      <trkpt lat="39.810044167371856" lon="116.42704024741471">
        <ele>28.3</ele>
        <time>2022-06-06T10:53:16Z</time>
      </trkpt>
      <trkpt lat="39.81003321320639" lon="116.427068954681">
        <ele>28.3</ele>
        <time>2022-06-06T10:53:17Z</time>
      </trkpt>
      <trkpt lat="39.810021904975045" lon="116.42709775420163">
        <ele>28.3</ele>
        <time>2022-06-06T10:53:18Z</time>
      </trkpt>
      <trkpt lat="39.810010243027605" lon="116.42712668312903">
        <ele>28.3</ele>
        <time>2022-06-06T10:53:19Z</time>
      </trkpt>
      <trkpt lat="39.809998079429306" lon="116.42715613174235">
        <ele>28.3</ele>
        <time>2022-06-06T10:53:20Z</time>
      </trkpt>
      <trkpt lat="39.80998565323893" lon="116.42718556010529">
        <ele>28.3</ele>
        <time>2022-06-06T10:53:21Z</time>
      </trkpt>
      <trkpt lat="39.80997306401434" lon="116.42721499740082">
        <ele>28.3</ele>
        <time>2022-06-06T10:53:22Z</time>
      </trkpt>
      <trkpt lat="39.80996026212955" lon="116.42724484100914">
        <ele>28.3</ele>
        <time>2022-06-06T10:53:23Z</time>
      </trkpt>
      <trkpt lat="39.809947470338585" lon="116.42727460990417">
        <ele>28.3</ele>
        <time>2022-06-06T10:53:24Z</time>
      </trkpt>
      <trkpt lat="39.8099347087472" lon="116.42730433188235">
        <ele>28.3</ele>
        <time>2022-06-06T10:53:25Z</time>
      </trkpt>
      <trkpt lat="39.8099218180949" lon="116.42733437956022">
        <ele>28.3</ele>
        <time>2022-06-06T10:53:26Z</time>
      </trkpt>
      <trkpt lat="39.809908876068576" lon="116.42736464660307">
        <ele>28.3</ele>
        <time>2022-06-06T10:53:27Z</time>
      </trkpt>
      <trkpt lat="39.80989592401253" lon="116.42739510585673">
        <ele>28.3</ele>
        <time>2022-06-06T10:53:28Z</time>
      </trkpt>
      <trkpt lat="39.80988308833161" lon="116.4274257001806">
        <ele>28.3</ele>
        <time>2022-06-06T10:53:29Z</time>
      </trkpt>
      <trkpt lat="39.80987042842462" lon="116.42745642320253">
        <ele>28.3</ele>
        <time>2022-06-06T10:53:30Z</time>
      </trkpt>
      <trkpt lat="39.80985815913494" lon="116.42748689313798">
        <ele>28.3</ele>
        <time>2022-06-06T10:53:31Z</time>
      </trkpt>
      <trkpt lat="39.80984617574298" lon="116.42751718443462">
        <ele>28.3</ele>
        <time>2022-06-06T10:53:32Z</time>
      </trkpt>
      <trkpt lat="39.80983423987868" lon="116.42754775195263">
        <ele>28.3</ele>
        <time>2022-06-06T10:53:33Z</time>
      </trkpt>
      <trkpt lat="39.80982245326863" lon="116.42757812136297">
        <ele>28.7</ele>
        <time>2022-06-06T10:53:34Z</time>
      </trkpt>
      <trkpt lat="39.809810783046686" lon="116.42760834680708">
        <ele>28.7</ele>
        <time>2022-06-06T10:53:35Z</time>
      </trkpt>
      <trkpt lat="39.80979899684203" lon="116.4276388809058">
        <ele>28.7</ele>
        <time>2022-06-06T10:53:36Z</time>
      </trkpt>
      <trkpt lat="39.809787250632944" lon="116.42766926747561">
        <ele>28.7</ele>
        <time>2022-06-06T10:53:37Z</time>
      </trkpt>
      <trkpt lat="39.80977524279228" lon="116.42769987607248">
        <ele>28.7</ele>
        <time>2022-06-06T10:53:38Z</time>
      </trkpt>
      <trkpt lat="39.80976292445913" lon="116.42773051915111">
        <ele>28.7</ele>
        <time>2022-06-06T10:53:39Z</time>
      </trkpt>
      <trkpt lat="39.80975037297604" lon="116.42776062985371">
        <ele>28.7</ele>
        <time>2022-06-06T10:53:40Z</time>
      </trkpt>
      <trkpt lat="39.80973725829964" lon="116.42779051879457">
        <ele>28.7</ele>
        <time>2022-06-06T10:53:41Z</time>
      </trkpt>
      <trkpt lat="39.80972355703792" lon="116.4278200166091">
        <ele>28.7</ele>
        <time>2022-06-06T10:53:42Z</time>
      </trkpt>
      <trkpt lat="39.809709305394485" lon="116.42784905408276">
        <ele>28.7</ele>
        <time>2022-06-06T10:53:43Z</time>
      </trkpt>
      <trkpt lat="39.80969448622981" lon="116.42787755418037">
        <ele>27.8</ele>
        <time>2022-06-06T10:53:44Z</time>
      </trkpt>
      <trkpt lat="39.809679158291964" lon="116.42790552777183">
        <ele>27.8</ele>
        <time>2022-06-06T10:53:45Z</time>
      </trkpt>
      <trkpt lat="39.80966310927653" lon="116.42793328074993">
        <ele>27.8</ele>
        <time>2022-06-06T10:53:46Z</time>
      </trkpt>
      <trkpt lat="39.809646602353936" lon="116.42796029503921">
        <ele>27.8</ele>
        <time>2022-06-06T10:53:47Z</time>
      </trkpt>
      <trkpt lat="39.80962944157101" lon="116.42798688939133">
        <ele>27.8</ele>
        <time>2022-06-06T10:53:48Z</time>
      </trkpt>
      <trkpt lat="39.809611838061436" lon="116.42801256509156">
        <ele>27.8</ele>
        <time>2022-06-06T10:53:49Z</time>
      </trkpt>
      <trkpt lat="39.8095935448328" lon="116.42803767769496">
        <ele>27.8</ele>
        <time>2022-06-06T10:53:50Z</time>
      </trkpt>
      <trkpt lat="39.80957464459123" lon="116.42806225995832">
        <ele>27.8</ele>
        <time>2022-06-06T10:53:51Z</time>
      </trkpt>
      <trkpt lat="39.80955542407551" lon="116.42808600191286">
        <ele>27.8</ele>
        <time>2022-06-06T10:53:52Z</time>
      </trkpt>
      <trkpt lat="39.80953561483532" lon="116.42810934969744">
        <ele>27.8</ele>
        <time>2022-06-06T10:53:53Z</time>
      </trkpt>
      <trkpt lat="39.80951522843837" lon="116.42813224394054">
        <ele>28.5</ele>
        <time>2022-06-06T10:53:54Z</time>
      </trkpt>
      <trkpt lat="39.809494518057306" lon="116.42815428416255">
        <ele>28.5</ele>
        <time>2022-06-06T10:53:55Z</time>
      </trkpt>
      <trkpt lat="39.809473086821214" lon="116.4281757239618">
        <ele>28.5</ele>
        <time>2022-06-06T10:53:56Z</time>
      </trkpt>
      <trkpt lat="39.809451248990115" lon="116.42819620753862">
        <ele>28.5</ele>
        <time>2022-06-06T10:53:57Z</time>
      </trkpt>
      <trkpt lat="39.809428750023315" lon="116.42821594394711">
        <ele>28.5</ele>
        <time>2022-06-06T10:53:58Z</time>
      </trkpt>
      <trkpt lat="39.8094059494299" lon="116.42823467270235">
        <ele>28</ele>
        <time>2022-06-06T10:53:59Z</time>
      </trkpt>
      <trkpt lat="39.80938295485244" lon="116.42825254214507">
        <ele>28.5</ele>
        <time>2022-06-06T10:54:00Z</time>
      </trkpt>
      <trkpt lat="39.80935980965587" lon="116.4282696011136">
        <ele>28.5</ele>
        <time>2022-06-06T10:54:01Z</time>
      </trkpt>
      <trkpt lat="39.80933658707124" lon="116.42828590763396">
        <ele>28.5</ele>
        <time>2022-06-06T10:54:02Z</time>
      </trkpt>
      <trkpt lat="39.80931300100293" lon="116.42830168083442">
        <ele>28.5</ele>
        <time>2022-06-06T10:54:03Z</time>
      </trkpt>
      <trkpt lat="39.809289368039956" lon="116.42831657537126">
        <ele>27.7</ele>
        <time>2022-06-06T10:54:04Z</time>
      </trkpt>
      <trkpt lat="39.80926541780646" lon="116.42833088705073">
        <ele>27.7</ele>
        <time>2022-06-06T10:54:05Z</time>
      </trkpt>
      <trkpt lat="39.80924119659642" lon="116.42834471044071">
        <ele>27.7</ele>
        <time>2022-06-06T10:54:06Z</time>
      </trkpt>
      <trkpt lat="39.809217087437915" lon="116.42835793675626">
        <ele>27.7</ele>
        <time>2022-06-06T10:54:07Z</time>
      </trkpt>
      <trkpt lat="39.80919269066767" lon="116.4283709199566">
        <ele>27.7</ele>
        <time>2022-06-06T10:54:08Z</time>
      </trkpt>
      <trkpt lat="39.80916830101365" lon="116.42838361343085">
        <ele>27.7</ele>
        <time>2022-06-06T10:54:09Z</time>
      </trkpt>
      <trkpt lat="39.80914380370789" lon="116.42839613183949">
        <ele>27.7</ele>
        <time>2022-06-06T10:54:10Z</time>
      </trkpt>
      <trkpt lat="39.80911883118873" lon="116.42840871082267">
        <ele>27.7</ele>
        <time>2022-06-06T10:54:11Z</time>
      </trkpt>
      <trkpt lat="39.809093605372475" lon="116.42842119150338">
        <ele>27.7</ele>
        <time>2022-06-06T10:54:12Z</time>
      </trkpt>
      <trkpt lat="39.80906801204659" lon="116.4284336584682">
        <ele>27.7</ele>
        <time>2022-06-06T10:54:13Z</time>
      </trkpt>
      <trkpt lat="39.8090419731465" lon="116.42844615817029">
        <ele>28.6</ele>
        <time>2022-06-06T10:54:14Z</time>
      </trkpt>
      <trkpt lat="39.809015495851376" lon="116.42845876670452">
        <ele>28.6</ele>
        <time>2022-06-06T10:54:15Z</time>
      </trkpt>
      <trkpt lat="39.8089885727791" lon="116.42847147530303">
        <ele>28.6</ele>
        <time>2022-06-06T10:54:16Z</time>
      </trkpt>
      <trkpt lat="39.80896125874343" lon="116.42848427538489">
        <ele>28.6</ele>
        <time>2022-06-06T10:54:17Z</time>
      </trkpt>
      <trkpt lat="39.80893359173041" lon="116.42849716080713">
        <ele>28.6</ele>
        <time>2022-06-06T10:54:18Z</time>
      </trkpt>
      <trkpt lat="39.80890603017677" lon="116.42850989445519">
        <ele>28.6</ele>
        <time>2022-06-06T10:54:19Z</time>
      </trkpt>
      <trkpt lat="39.80887865938495" lon="116.42852244241092">
        <ele>28.6</ele>
        <time>2022-06-06T10:54:20Z</time>
      </trkpt>
      <trkpt lat="39.80885113592892" lon="116.42853495846835">
        <ele>28.6</ele>
        <time>2022-06-06T10:54:21Z</time>
      </trkpt>
      <trkpt lat="39.8088238237041" lon="116.42854722134098">
        <ele>28.6</ele>
        <time>2022-06-06T10:54:22Z</time>
      </trkpt>
      <trkpt lat="39.808796434886794" lon="116.42855937059046">
        <ele>28.6</ele>
        <time>2022-06-06T10:54:23Z</time>
      </trkpt>
      <trkpt lat="39.80876910830475" lon="116.42857143818993">
        <ele>27.9</ele>
        <time>2022-06-06T10:54:24Z</time>
      </trkpt>
      <trkpt lat="39.80874224995856" lon="116.42858329219433">
        <ele>27.9</ele>
        <time>2022-06-06T10:54:25Z</time>
      </trkpt>
      <trkpt lat="39.80871552984617" lon="116.42859521111237">
        <ele>27.9</ele>
        <time>2022-06-06T10:54:26Z</time>
      </trkpt>
      <trkpt lat="39.80868939504799" lon="116.42860723606988">
        <ele>27.9</ele>
        <time>2022-06-06T10:54:27Z</time>
      </trkpt>
      <trkpt lat="39.80866381052993" lon="116.42861948750054">
        <ele>27.9</ele>
        <time>2022-06-06T10:54:28Z</time>
      </trkpt>
      <trkpt lat="39.80863843901589" lon="116.42863213579554">
        <ele>27.9</ele>
        <time>2022-06-06T10:54:29Z</time>
      </trkpt>
      <trkpt lat="39.80861321274873" lon="116.42864529616442">
        <ele>27.9</ele>
        <time>2022-06-06T10:54:30Z</time>
      </trkpt>
      <trkpt lat="39.80858805524464" lon="116.42865904010254">
        <ele>27.9</ele>
        <time>2022-06-06T10:54:31Z</time>
      </trkpt>
      <trkpt lat="39.80856332744317" lon="116.42867320364773">
        <ele>27.9</ele>
        <time>2022-06-06T10:54:32Z</time>
      </trkpt>
      <trkpt lat="39.80853872568125" lon="116.42868806150815">
        <ele>27.9</ele>
        <time>2022-06-06T10:54:33Z</time>
      </trkpt>
      <trkpt lat="39.80851471718167" lon="116.42870349696426">
        <ele>28.8</ele>
        <time>2022-06-06T10:54:34Z</time>
      </trkpt>
      <trkpt lat="39.80849128938714" lon="116.42871953804783">
        <ele>28.8</ele>
        <time>2022-06-06T10:54:35Z</time>
      </trkpt>
      <trkpt lat="39.80846821231321" lon="116.4287364795956">
        <ele>28.8</ele>
        <time>2022-06-06T10:54:36Z</time>
      </trkpt>
      <trkpt lat="39.80844594983824" lon="116.42875412947406">
        <ele>28.8</ele>
        <time>2022-06-06T10:54:37Z</time>
      </trkpt>
      <trkpt lat="39.808424225545245" lon="116.4287726968487">
        <ele>28.8</ele>
        <time>2022-06-06T10:54:38Z</time>
      </trkpt>
      <trkpt lat="39.80840306722419" lon="116.4287920438152">
        <ele>28.8</ele>
        <time>2022-06-06T10:54:39Z</time>
      </trkpt>
      <trkpt lat="39.808382763249554" lon="116.42881189407741">
        <ele>28.8</ele>
        <time>2022-06-06T10:54:40Z</time>
      </trkpt>
      <trkpt lat="39.80836299259323" lon="116.42883239171978">
        <ele>28.8</ele>
        <time>2022-06-06T10:54:41Z</time>
      </trkpt>
      <trkpt lat="39.8083436825013" lon="116.42885329183275">
        <ele>28.8</ele>
        <time>2022-06-06T10:54:42Z</time>
      </trkpt>
      <trkpt lat="39.80832480221851" lon="116.4288745028644">
        <ele>28.8</ele>
        <time>2022-06-06T10:54:43Z</time>
      </trkpt>
      <trkpt lat="39.8083063290667" lon="116.42889604440325">
        <ele>27.9</ele>
        <time>2022-06-06T10:54:44Z</time>
      </trkpt>
      <trkpt lat="39.80828817781177" lon="116.42891782396191">
        <ele>27.9</ele>
        <time>2022-06-06T10:54:45Z</time>
      </trkpt>
      <trkpt lat="39.80827002890884" lon="116.4289400473343">
        <ele>27.9</ele>
        <time>2022-06-06T10:54:46Z</time>
      </trkpt>
      <trkpt lat="39.808252124417145" lon="116.42896229840605">
        <ele>27.9</ele>
        <time>2022-06-06T10:54:47Z</time>
      </trkpt>
      <trkpt lat="39.80823409952405" lon="116.42898481561774">
        <ele>27.9</ele>
        <time>2022-06-06T10:54:48Z</time>
      </trkpt>
      <trkpt lat="39.80821615251873" lon="116.42900718435303">
        <ele>27.9</ele>
        <time>2022-06-06T10:54:49Z</time>
      </trkpt>
      <trkpt lat="39.808198187978746" lon="116.42902939611399">
        <ele>27.9</ele>
        <time>2022-06-06T10:54:50Z</time>
      </trkpt>
      <trkpt lat="39.8081799471027" lon="116.42905182359571">
        <ele>27.9</ele>
        <time>2022-06-06T10:54:51Z</time>
      </trkpt>
      <trkpt lat="39.80816167415861" lon="116.42907413363154">
        <ele>27.9</ele>
        <time>2022-06-06T10:54:52Z</time>
      </trkpt>
      <trkpt lat="39.808143332833154" lon="116.4290964560117">
        <ele>27.9</ele>
        <time>2022-06-06T10:54:53Z</time>
      </trkpt>
      <trkpt lat="39.80812460092643" lon="116.4291190881873">
        <ele>28.1</ele>
        <time>2022-06-06T10:54:54Z</time>
      </trkpt>
      <trkpt lat="39.80810568565942" lon="116.42914169842464">
        <ele>28.1</ele>
        <time>2022-06-06T10:54:55Z</time>
      </trkpt>
      <trkpt lat="39.80808645711455" lon="116.42916432184998">
        <ele>28.1</ele>
        <time>2022-06-06T10:54:56Z</time>
      </trkpt>
      <trkpt lat="39.80806682271743" lon="116.42918699069438">
        <ele>28.1</ele>
        <time>2022-06-06T10:54:57Z</time>
      </trkpt>
      <trkpt lat="39.80804684050477" lon="116.42920982434406">
        <ele>28.1</ele>
        <time>2022-06-06T10:54:58Z</time>
      </trkpt>
      <trkpt lat="39.808026753318636" lon="116.4292325723542">
        <ele>28</ele>
        <time>2022-06-06T10:54:59Z</time>
      </trkpt>
      <trkpt lat="39.80800633720138" lon="116.4292556642259">
        <ele>28.1</ele>
        <time>2022-06-06T10:55:00Z</time>
      </trkpt>
      <trkpt lat="39.80798567954879" lon="116.42927903300956">
        <ele>28.1</ele>
        <time>2022-06-06T10:55:01Z</time>
      </trkpt>
      <trkpt lat="39.8079650503921" lon="116.42930229184323">
        <ele>28.1</ele>
        <time>2022-06-06T10:55:02Z</time>
      </trkpt>
      <trkpt lat="39.80794438841649" lon="116.42932532767357">
        <ele>28.1</ele>
        <time>2022-06-06T10:55:03Z</time>
      </trkpt>
      <trkpt lat="39.80792342129649" lon="116.4293483533068">
        <ele>28</ele>
        <time>2022-06-06T10:55:04Z</time>
      </trkpt>
      <trkpt lat="39.807902533155314" lon="116.42937105747626">
        <ele>28</ele>
        <time>2022-06-06T10:55:05Z</time>
      </trkpt>
      <trkpt lat="39.80788180819628" lon="116.42939360997289">
        <ele>28</ele>
        <time>2022-06-06T10:55:06Z</time>
      </trkpt>
      <trkpt lat="39.807861406677596" lon="116.42941608869421">
        <ele>28</ele>
        <time>2022-06-06T10:55:07Z</time>
      </trkpt>
      <trkpt lat="39.80784142845441" lon="116.42943850304641">
        <ele>28</ele>
        <time>2022-06-06T10:55:08Z</time>
      </trkpt>
      <trkpt lat="39.80782182130528" lon="116.42946082929329">
        <ele>28</ele>
        <time>2022-06-06T10:55:09Z</time>
      </trkpt>
      <trkpt lat="39.80780251734619" lon="116.42948299153821">
        <ele>28</ele>
        <time>2022-06-06T10:55:10Z</time>
      </trkpt>
      <trkpt lat="39.80778341207174" lon="116.42950493370141">
        <ele>28</ele>
        <time>2022-06-06T10:55:11Z</time>
      </trkpt>
      <trkpt lat="39.807764453258976" lon="116.42952669934404">
        <ele>28</ele>
        <time>2022-06-06T10:55:12Z</time>
      </trkpt>
      <trkpt lat="39.807745435684204" lon="116.4295487217388">
        <ele>28</ele>
        <time>2022-06-06T10:55:13Z</time>
      </trkpt>
      <trkpt lat="39.80772648504308" lon="116.42957107498951">
        <ele>28.6</ele>
        <time>2022-06-06T10:55:14Z</time>
      </trkpt>
      <trkpt lat="39.80770794219815" lon="116.42959352549181">
        <ele>28.6</ele>
        <time>2022-06-06T10:55:15Z</time>
      </trkpt>
      <trkpt lat="39.80768948317259" lon="116.42961637700623">
        <ele>28.6</ele>
        <time>2022-06-06T10:55:16Z</time>
      </trkpt>
      <trkpt lat="39.80767106128039" lon="116.42963940705278">
        <ele>28.6</ele>
        <time>2022-06-06T10:55:17Z</time>
      </trkpt>
      <trkpt lat="39.80765229144561" lon="116.42966275008278">
        <ele>28.6</ele>
        <time>2022-06-06T10:55:18Z</time>
      </trkpt>
      <trkpt lat="39.80763347264018" lon="116.42968602955163">
        <ele>28.6</ele>
        <time>2022-06-06T10:55:19Z</time>
      </trkpt>
      <trkpt lat="39.807614334162686" lon="116.42970947655621">
        <ele>28.6</ele>
        <time>2022-06-06T10:55:20Z</time>
      </trkpt>
      <trkpt lat="39.807594988465496" lon="116.42973306529373">
        <ele>28.6</ele>
        <time>2022-06-06T10:55:21Z</time>
      </trkpt>
      <trkpt lat="39.807575754945326" lon="116.42975649352945">
        <ele>28.6</ele>
        <time>2022-06-06T10:55:22Z</time>
      </trkpt>
      <trkpt lat="39.807556362065704" lon="116.42978010116931">
        <ele>28.6</ele>
        <time>2022-06-06T10:55:23Z</time>
      </trkpt>
      <trkpt lat="39.80753699819627" lon="116.4298034762765">
        <ele>28.3</ele>
        <time>2022-06-06T10:55:24Z</time>
      </trkpt>
      <trkpt lat="39.80751762191587" lon="116.42982669310518">
        <ele>28.3</ele>
        <time>2022-06-06T10:55:25Z</time>
      </trkpt>
      <trkpt lat="39.8074979805046" lon="116.42985012020776">
        <ele>28.3</ele>
        <time>2022-06-06T10:55:26Z</time>
      </trkpt>
      <trkpt lat="39.80747837873336" lon="116.42987343222376">
        <ele>28.3</ele>
        <time>2022-06-06T10:55:27Z</time>
      </trkpt>
      <trkpt lat="39.807458677587874" lon="116.42989711208801">
        <ele>28.3</ele>
        <time>2022-06-06T10:55:28Z</time>
      </trkpt>
      <trkpt lat="39.80743927577054" lon="116.42992094603056">
        <ele>28.3</ele>
        <time>2022-06-06T10:55:29Z</time>
      </trkpt>
      <trkpt lat="39.80742012411219" lon="116.42994498732605">
        <ele>28.3</ele>
        <time>2022-06-06T10:55:30Z</time>
      </trkpt>
      <trkpt lat="39.80740141655878" lon="116.42996895967197">
        <ele>28.3</ele>
        <time>2022-06-06T10:55:31Z</time>
      </trkpt>
      <trkpt lat="39.80738302918681" lon="116.42999290992056">
        <ele>28.3</ele>
        <time>2022-06-06T10:55:32Z</time>
      </trkpt>
      <trkpt lat="39.80736461017476" lon="116.43001709932481">
        <ele>28.3</ele>
        <time>2022-06-06T10:55:33Z</time>
      </trkpt>
      <trkpt lat="39.80734639110866" lon="116.4300411139887">
        <ele>28.5</ele>
        <time>2022-06-06T10:55:34Z</time>
      </trkpt>
      <trkpt lat="39.807328438904925" lon="116.4300648136518">
        <ele>28.5</ele>
        <time>2022-06-06T10:55:35Z</time>
      </trkpt>
      <trkpt lat="39.80731068915663" lon="116.43008821878391">
        <ele>28.5</ele>
        <time>2022-06-06T10:55:36Z</time>
      </trkpt>
      <trkpt lat="39.80729336013035" lon="116.43011103514613">
        <ele>28.5</ele>
        <time>2022-06-06T10:55:37Z</time>
      </trkpt>
      <trkpt lat="39.807276139705365" lon="116.43013370022646">
        <ele>28.5</ele>
        <time>2022-06-06T10:55:38Z</time>
      </trkpt>
      <trkpt lat="39.80725919762206" lon="116.43015580312102">
        <ele>28.5</ele>
        <time>2022-06-06T10:55:39Z</time>
      </trkpt>
      <trkpt lat="39.80724241543316" lon="116.43017735703008">
        <ele>28.5</ele>
        <time>2022-06-06T10:55:40Z</time>
      </trkpt>
      <trkpt lat="39.807225492712305" lon="116.43019869316454">
        <ele>28.5</ele>
        <time>2022-06-06T10:55:41Z</time>
      </trkpt>
      <trkpt lat="39.80720840894895" lon="116.43021974890307">
        <ele>28.5</ele>
        <time>2022-06-06T10:55:42Z</time>
      </trkpt>
      <trkpt lat="39.807190895132024" lon="116.43024075041097">
        <ele>28.5</ele>
        <time>2022-06-06T10:55:43Z</time>
      </trkpt>
      <trkpt lat="39.80717329260658" lon="116.43026135886852">
        <ele>28.5</ele>
        <time>2022-06-06T10:55:44Z</time>
      </trkpt>
      <trkpt lat="39.80715561809376" lon="116.43028166788251">
        <ele>28.5</ele>
        <time>2022-06-06T10:55:45Z</time>
      </trkpt>
      <trkpt lat="39.8071378111049" lon="116.43030188689734">
        <ele>28.5</ele>
        <time>2022-06-06T10:55:46Z</time>
      </trkpt>
      <trkpt lat="39.80711990589547" lon="116.43032207963613">
        <ele>28.5</ele>
        <time>2022-06-06T10:55:47Z</time>
      </trkpt>
      <trkpt lat="39.807101676926365" lon="116.43034257080838">
        <ele>28.5</ele>
        <time>2022-06-06T10:55:48Z</time>
      </trkpt>
      <trkpt lat="39.807083495360764" lon="116.43036301535355">
        <ele>28.5</ele>
        <time>2022-06-06T10:55:49Z</time>
      </trkpt>
      <trkpt lat="39.80706516046064" lon="116.43038383893001">
        <ele>28.5</ele>
        <time>2022-06-06T10:55:50Z</time>
      </trkpt>
      <trkpt lat="39.807046740618794" lon="116.43040498949546">
        <ele>28.5</ele>
        <time>2022-06-06T10:55:51Z</time>
      </trkpt>
      <trkpt lat="39.80702855593182" lon="116.43042613882008">
        <ele>28.5</ele>
        <time>2022-06-06T10:55:52Z</time>
      </trkpt>
      <trkpt lat="39.80701040728927" lon="116.43044766812926">
        <ele>28.5</ele>
        <time>2022-06-06T10:55:53Z</time>
      </trkpt>
      <trkpt lat="39.80699260696823" lon="116.43046924847906">
        <ele>28.8</ele>
        <time>2022-06-06T10:55:54Z</time>
      </trkpt>
      <trkpt lat="39.80697507274101" lon="116.43049090359139">
        <ele>28.8</ele>
        <time>2022-06-06T10:55:55Z</time>
      </trkpt>
      <trkpt lat="39.80695754364334" lon="116.43051297624305">
        <ele>28.8</ele>
        <time>2022-06-06T10:55:56Z</time>
      </trkpt>
      <trkpt lat="39.80694001704812" lon="116.43053537451341">
        <ele>28.8</ele>
        <time>2022-06-06T10:55:57Z</time>
      </trkpt>
      <trkpt lat="39.80692227222613" lon="116.4305583078719">
        <ele>28.8</ele>
        <time>2022-06-06T10:55:58Z</time>
      </trkpt>
      <trkpt lat="39.80690460976032" lon="116.43058135428285">
        <ele>28</ele>
        <time>2022-06-06T10:55:59Z</time>
      </trkpt>
      <trkpt lat="39.80688693997057" lon="116.43060444950953">
        <ele>28.8</ele>
        <time>2022-06-06T10:56:00Z</time>
      </trkpt>
      <trkpt lat="39.806869174555175" lon="116.4306274859843">
        <ele>28.8</ele>
        <time>2022-06-06T10:56:01Z</time>
      </trkpt>
      <trkpt lat="39.80685129740504" lon="116.43065044733827">
        <ele>28.8</ele>
        <time>2022-06-06T10:56:02Z</time>
      </trkpt>
      <trkpt lat="39.80683301731425" lon="116.43067359911299">
        <ele>28.8</ele>
        <time>2022-06-06T10:56:03Z</time>
      </trkpt>
      <trkpt lat="39.80681464305012" lon="116.4306965659117">
        <ele>28.8</ele>
        <time>2022-06-06T10:56:04Z</time>
      </trkpt>
      <trkpt lat="39.80679616809327" lon="116.43071938359438">
        <ele>28.8</ele>
        <time>2022-06-06T10:56:05Z</time>
      </trkpt>
      <trkpt lat="39.806777427903164" lon="116.4307423722566">
        <ele>28.8</ele>
        <time>2022-06-06T10:56:06Z</time>
      </trkpt>
      <trkpt lat="39.80675871862998" lon="116.43076517780989">
        <ele>28.8</ele>
        <time>2022-06-06T10:56:07Z</time>
      </trkpt>
      <trkpt lat="39.80673984914827" lon="116.43078818986496">
        <ele>28.8</ele>
        <time>2022-06-06T10:56:08Z</time>
      </trkpt>
      <trkpt lat="39.806721112528834" lon="116.4308110927915">
        <ele>28.8</ele>
        <time>2022-06-06T10:56:09Z</time>
      </trkpt>
      <trkpt lat="39.8067024922967" lon="116.4308339574018">
        <ele>28.8</ele>
        <time>2022-06-06T10:56:10Z</time>
      </trkpt>
      <trkpt lat="39.80668376454945" lon="116.43085716506222">
        <ele>28.8</ele>
        <time>2022-06-06T10:56:11Z</time>
      </trkpt>
      <trkpt lat="39.80666523926717" lon="116.43088038636735">
        <ele>28.8</ele>
        <time>2022-06-06T10:56:12Z</time>
      </trkpt>
      <trkpt lat="39.80664685662333" lon="116.43090364009939">
        <ele>28.8</ele>
        <time>2022-06-06T10:56:13Z</time>
      </trkpt>
      <trkpt lat="39.806628577541275" lon="116.43092693503358">
        <ele>28.4</ele>
        <time>2022-06-06T10:56:14Z</time>
      </trkpt>
      <trkpt lat="39.80661032342296" lon="116.43095022557509">
        <ele>28.4</ele>
        <time>2022-06-06T10:56:15Z</time>
      </trkpt>
      <trkpt lat="39.80659205552406" lon="116.43097347723277">
        <ele>28.4</ele>
        <time>2022-06-06T10:56:16Z</time>
      </trkpt>
      <trkpt lat="39.80657373335742" lon="116.43099668825755">
        <ele>28.4</ele>
        <time>2022-06-06T10:56:17Z</time>
      </trkpt>
      <trkpt lat="39.806555321299214" lon="116.43101981330858">
        <ele>28.4</ele>
        <time>2022-06-06T10:56:18Z</time>
      </trkpt>
      <trkpt lat="39.80653677059" lon="116.4310427815154">
        <ele>28.4</ele>
        <time>2022-06-06T10:56:19Z</time>
      </trkpt>
      <trkpt lat="39.80651812031547" lon="116.43106562288617">
        <ele>28.4</ele>
        <time>2022-06-06T10:56:20Z</time>
      </trkpt>
      <trkpt lat="39.80649917501935" lon="116.43108862699279">
        <ele>28.4</ele>
        <time>2022-06-06T10:56:21Z</time>
      </trkpt>
      <trkpt lat="39.80648023083841" lon="116.43111133664131">
        <ele>28.4</ele>
        <time>2022-06-06T10:56:22Z</time>
      </trkpt>
      <trkpt lat="39.806461317870344" lon="116.43113376592419">
        <ele>28.4</ele>
        <time>2022-06-06T10:56:23Z</time>
      </trkpt>
      <trkpt lat="39.80644223091234" lon="116.43115627802035">
        <ele>28.6</ele>
        <time>2022-06-06T10:56:24Z</time>
      </trkpt>
      <trkpt lat="39.80642327023325" lon="116.43117854605322">
        <ele>28.6</ele>
        <time>2022-06-06T10:56:25Z</time>
      </trkpt>
      <trkpt lat="39.80640447145359" lon="116.4312006459616">
        <ele>28.6</ele>
        <time>2022-06-06T10:56:26Z</time>
      </trkpt>
      <trkpt lat="39.80638561855298" lon="116.43122299731711">
        <ele>28.6</ele>
        <time>2022-06-06T10:56:27Z</time>
      </trkpt>
      <trkpt lat="39.80636699854686" lon="116.43124526856683">
        <ele>28.6</ele>
        <time>2022-06-06T10:56:28Z</time>
      </trkpt>
      <trkpt lat="39.80634859832777" lon="116.4312675499489">
        <ele>28.6</ele>
        <time>2022-06-06T10:56:29Z</time>
      </trkpt>
      <trkpt lat="39.80633040096979" lon="116.43128981216611">
        <ele>28.6</ele>
        <time>2022-06-06T10:56:30Z</time>
      </trkpt>
      <trkpt lat="39.80631231122696" lon="116.4313119350444">
        <ele>28.6</ele>
        <time>2022-06-06T10:56:31Z</time>
      </trkpt>
      <trkpt lat="39.80629419834017" lon="116.43133372851071">
        <ele>28.6</ele>
        <time>2022-06-06T10:56:32Z</time>
      </trkpt>
      <trkpt lat="39.8062760036663" lon="116.43135513942947">
        <ele>28.6</ele>
        <time>2022-06-06T10:56:33Z</time>
      </trkpt>
      <trkpt lat="39.80625736179523" lon="116.43137632681658">
        <ele>28.8</ele>
        <time>2022-06-06T10:56:34Z</time>
      </trkpt>
      <trkpt lat="39.806238549754696" lon="116.43139694280981">
        <ele>28.8</ele>
        <time>2022-06-06T10:56:35Z</time>
      </trkpt>
      <trkpt lat="39.80621953131999" lon="116.43141694128616">
        <ele>28.8</ele>
        <time>2022-06-06T10:56:36Z</time>
      </trkpt>
      <trkpt lat="39.80619996530651" lon="116.43143656175104">
        <ele>28.8</ele>
        <time>2022-06-06T10:56:37Z</time>
      </trkpt>
      <trkpt lat="39.8061801051637" lon="116.4314553766305">
        <ele>28.8</ele>
        <time>2022-06-06T10:56:38Z</time>
      </trkpt>
      <trkpt lat="39.80615987337689" lon="116.4314733666371">
        <ele>28.8</ele>
        <time>2022-06-06T10:56:39Z</time>
      </trkpt>
      <trkpt lat="39.806138914203174" lon="116.43149063069183">
        <ele>28.8</ele>
        <time>2022-06-06T10:56:40Z</time>
      </trkpt>
      <trkpt lat="39.80611752049009" lon="116.43150687705797">
        <ele>28.8</ele>
        <time>2022-06-06T10:56:41Z</time>
      </trkpt>
      <trkpt lat="39.80609537658857" lon="116.43152230638836">
        <ele>28.8</ele>
        <time>2022-06-06T10:56:42Z</time>
      </trkpt>
      <trkpt lat="39.80607282487146" lon="116.43153677389303">
        <ele>28.8</ele>
        <time>2022-06-06T10:56:43Z</time>
      </trkpt>
      <trkpt lat="39.80604987892314" lon="116.43155043509731">
        <ele>29.4</ele>
        <time>2022-06-06T10:56:44Z</time>
      </trkpt>
      <trkpt lat="39.80602651675679" lon="116.43156330578907">
        <ele>29.4</ele>
        <time>2022-06-06T10:56:45Z</time>
      </trkpt>
      <trkpt lat="39.80600272067144" lon="116.43157543605804">
        <ele>29.4</ele>
        <time>2022-06-06T10:56:46Z</time>
      </trkpt>
      <trkpt lat="39.805978506930664" lon="116.43158697454378">
        <ele>29.4</ele>
        <time>2022-06-06T10:56:47Z</time>
      </trkpt>
      <trkpt lat="39.805954149459886" lon="116.43159775859972">
        <ele>29.4</ele>
        <time>2022-06-06T10:56:48Z</time>
      </trkpt>
      <trkpt lat="39.80592962143035" lon="116.43160795688087">
        <ele>29.4</ele>
        <time>2022-06-06T10:56:49Z</time>
      </trkpt>
      <trkpt lat="39.80590463044367" lon="116.43161786235706">
        <ele>29.4</ele>
        <time>2022-06-06T10:56:50Z</time>
      </trkpt>
      <trkpt lat="39.805879597507946" lon="116.43162743066746">
        <ele>29.4</ele>
        <time>2022-06-06T10:56:51Z</time>
      </trkpt>
      <trkpt lat="39.80585420486609" lon="116.43163694640515">
        <ele>29.4</ele>
        <time>2022-06-06T10:56:52Z</time>
      </trkpt>
      <trkpt lat="39.805828891255736" lon="116.43164633428326">
        <ele>29.4</ele>
        <time>2022-06-06T10:56:53Z</time>
      </trkpt>
      <trkpt lat="39.80580363582858" lon="116.43165573326785">
        <ele>28.6</ele>
        <time>2022-06-06T10:56:54Z</time>
      </trkpt>
      <trkpt lat="39.80577810018902" lon="116.4316652844442">
        <ele>28.6</ele>
        <time>2022-06-06T10:56:55Z</time>
      </trkpt>
      <trkpt lat="39.8057526720515" lon="116.43167479572212">
        <ele>28.6</ele>
        <time>2022-06-06T10:56:56Z</time>
      </trkpt>
      <trkpt lat="39.80572736261925" lon="116.43168423448684">
        <ele>28.6</ele>
        <time>2022-06-06T10:56:57Z</time>
      </trkpt>
      <trkpt lat="39.805701886426945" lon="116.43169367561599">
        <ele>28.6</ele>
        <time>2022-06-06T10:56:58Z</time>
      </trkpt>
      <trkpt lat="39.80567635175641" lon="116.43170310298417">
        <ele>29</ele>
        <time>2022-06-06T10:56:59Z</time>
      </trkpt>
      <trkpt lat="39.805650819840274" lon="116.43171247377049">
        <ele>28.6</ele>
        <time>2022-06-06T10:57:00Z</time>
      </trkpt>
      <trkpt lat="39.805625319321734" lon="116.43172173060552">
        <ele>28.6</ele>
        <time>2022-06-06T10:57:01Z</time>
      </trkpt>
      <trkpt lat="39.80559987479968" lon="116.43173080923381">
        <ele>28.6</ele>
        <time>2022-06-06T10:57:02Z</time>
      </trkpt>
      <trkpt lat="39.805574818246626" lon="116.43173953738597">
        <ele>28.6</ele>
        <time>2022-06-06T10:57:03Z</time>
      </trkpt>
      <trkpt lat="39.80555003745889" lon="116.4317480031708">
        <ele>28.3</ele>
        <time>2022-06-06T10:57:04Z</time>
      </trkpt>
      <trkpt lat="39.805525195372724" lon="116.43175633935803">
        <ele>28.3</ele>
        <time>2022-06-06T10:57:05Z</time>
      </trkpt>
      <trkpt lat="39.80550069093015" lon="116.43176452959034">
        <ele>28.3</ele>
        <time>2022-06-06T10:57:06Z</time>
      </trkpt>
      <trkpt lat="39.80547650344152" lon="116.43177271835673">
        <ele>28.3</ele>
        <time>2022-06-06T10:57:07Z</time>
      </trkpt>
      <trkpt lat="39.805452254895094" lon="116.43178112418903">
        <ele>28.3</ele>
        <time>2022-06-06T10:57:08Z</time>
      </trkpt>
      <trkpt lat="39.80542828131626" lon="116.43178961918994">
        <ele>28.3</ele>
        <time>2022-06-06T10:57:09Z</time>
      </trkpt>
      <trkpt lat="39.80540451913532" lon="116.43179818426728">
        <ele>28.3</ele>
        <time>2022-06-06T10:57:10Z</time>
      </trkpt>
      <trkpt lat="39.80538061133314" lon="116.43180696005507">
        <ele>28.3</ele>
        <time>2022-06-06T10:57:11Z</time>
      </trkpt>
      <trkpt lat="39.80535687539099" lon="116.43181564623539">
        <ele>28.3</ele>
        <time>2022-06-06T10:57:12Z</time>
      </trkpt>
      <trkpt lat="39.80533324356223" lon="116.43182425957825">
        <ele>28.3</ele>
        <time>2022-06-06T10:57:13Z</time>
      </trkpt>
      <trkpt lat="39.805309337699214" lon="116.43183293117013">
        <ele>28.2</ele>
        <time>2022-06-06T10:57:14Z</time>
      </trkpt>
      <trkpt lat="39.805285231307245" lon="116.4318416648349">
        <ele>28.2</ele>
        <time>2022-06-06T10:57:15Z</time>
      </trkpt>
      <trkpt lat="39.805261338874324" lon="116.43185035449369">
        <ele>28.2</ele>
        <time>2022-06-06T10:57:16Z</time>
      </trkpt>
      <trkpt lat="39.80523727808112" lon="116.43185907445239">
        <ele>28.2</ele>
        <time>2022-06-06T10:57:17Z</time>
      </trkpt>
      <trkpt lat="39.80521279305475" lon="116.43186790777158">
        <ele>28.2</ele>
        <time>2022-06-06T10:57:18Z</time>
      </trkpt>
      <trkpt lat="39.805188359822914" lon="116.43187667917435">
        <ele>28.2</ele>
        <time>2022-06-06T10:57:19Z</time>
      </trkpt>
      <trkpt lat="39.80516395727376" lon="116.43188538983269">
        <ele>28.2</ele>
        <time>2022-06-06T10:57:20Z</time>
      </trkpt>
      <trkpt lat="39.805139275786836" lon="116.43189417543756">
        <ele>28.2</ele>
        <time>2022-06-06T10:57:21Z</time>
      </trkpt>
      <trkpt lat="39.80511470190833" lon="116.43190289424629">
        <ele>28.2</ele>
        <time>2022-06-06T10:57:22Z</time>
      </trkpt>
      <trkpt lat="39.805090244578054" lon="116.4319117225143">
        <ele>28.2</ele>
        <time>2022-06-06T10:57:23Z</time>
      </trkpt>
      <trkpt lat="39.8050655720364" lon="116.43192080860445">
        <ele>28</ele>
        <time>2022-06-06T10:57:24Z</time>
      </trkpt>
      <trkpt lat="39.80504104915415" lon="116.43193003364537">
        <ele>28</ele>
        <time>2022-06-06T10:57:25Z</time>
      </trkpt>
      <trkpt lat="39.80501661736286" lon="116.43193936054824">
        <ele>28</ele>
        <time>2022-06-06T10:57:26Z</time>
      </trkpt>
      <trkpt lat="39.804991875704566" lon="116.4319488538117">
        <ele>28</ele>
        <time>2022-06-06T10:57:27Z</time>
      </trkpt>
      <trkpt lat="39.804967198530996" lon="116.43195837546246">
        <ele>28</ele>
        <time>2022-06-06T10:57:28Z</time>
      </trkpt>
      <trkpt lat="39.80494284392178" lon="116.43196778903588">
        <ele>28</ele>
        <time>2022-06-06T10:57:29Z</time>
      </trkpt>
      <trkpt lat="39.804918348898056" lon="116.4319772707177">
        <ele>28</ele>
        <time>2022-06-06T10:57:30Z</time>
      </trkpt>
      <trkpt lat="39.80489375112146" lon="116.43198686227745">
        <ele>28</ele>
        <time>2022-06-06T10:57:31Z</time>
      </trkpt>
      <trkpt lat="39.804869351610165" lon="116.43199643634054">
        <ele>28</ele>
        <time>2022-06-06T10:57:32Z</time>
      </trkpt>
      <trkpt lat="39.80484508129289" lon="116.43200599044685">
        <ele>28</ele>
        <time>2022-06-06T10:57:33Z</time>
      </trkpt>
      <trkpt lat="39.80482059394858" lon="116.43201569134752">
        <ele>28.1</ele>
        <time>2022-06-06T10:57:34Z</time>
      </trkpt>
      <trkpt lat="39.804796246791014" lon="116.4320253961983">
        <ele>28.1</ele>
        <time>2022-06-06T10:57:35Z</time>
      </trkpt>
      <trkpt lat="39.804772026653914" lon="116.43203509220221">
        <ele>28.1</ele>
        <time>2022-06-06T10:57:36Z</time>
      </trkpt>
      <trkpt lat="39.80474761308679" lon="116.43204496247925">
        <ele>28.1</ele>
        <time>2022-06-06T10:57:37Z</time>
      </trkpt>
      <trkpt lat="39.804723354612726" lon="116.43205484761933">
        <ele>28.1</ele>
        <time>2022-06-06T10:57:38Z</time>
      </trkpt>
      <trkpt lat="39.804699158738494" lon="116.4320647020916">
        <ele>28.1</ele>
        <time>2022-06-06T10:57:39Z</time>
      </trkpt>
      <trkpt lat="39.80467464541863" lon="116.43207465250168">
        <ele>28.1</ele>
        <time>2022-06-06T10:57:40Z</time>
      </trkpt>
      <trkpt lat="39.80465019118402" lon="116.43208449038475">
        <ele>28.1</ele>
        <time>2022-06-06T10:57:41Z</time>
      </trkpt>
      <trkpt lat="39.80462571395687" lon="116.43209420717523">
        <ele>28.1</ele>
        <time>2022-06-06T10:57:42Z</time>
      </trkpt>
      <trkpt lat="39.80460125560087" lon="116.43210382515169">
        <ele>28.1</ele>
        <time>2022-06-06T10:57:43Z</time>
      </trkpt>
      <trkpt lat="39.80457655183417" lon="116.4321134944887">
        <ele>27.8</ele>
        <time>2022-06-06T10:57:44Z</time>
      </trkpt>
      <trkpt lat="39.80455193417677" lon="116.43212307351388">
        <ele>27.8</ele>
        <time>2022-06-06T10:57:45Z</time>
      </trkpt>
      <trkpt lat="39.804527045366505" lon="116.43213273716658">
        <ele>27.8</ele>
        <time>2022-06-06T10:57:46Z</time>
      </trkpt>
      <trkpt lat="39.80450195120274" lon="116.43214246549337">
        <ele>27.8</ele>
        <time>2022-06-06T10:57:47Z</time>
      </trkpt>
      <trkpt lat="39.80447661727468" lon="116.43215222575472">
        <ele>27.8</ele>
        <time>2022-06-06T10:57:48Z</time>
      </trkpt>
      <trkpt lat="39.804451064219656" lon="116.43216196837723">
        <ele>27.8</ele>
        <time>2022-06-06T10:57:49Z</time>
      </trkpt>
      <trkpt lat="39.8044253756414" lon="116.4321717223912">
        <ele>27.8</ele>
        <time>2022-06-06T10:57:50Z</time>
      </trkpt>
      <trkpt lat="39.804399622573044" lon="116.43218150286027">
        <ele>27.8</ele>
        <time>2022-06-06T10:57:51Z</time>
      </trkpt>
      <trkpt lat="39.804373852371945" lon="116.43219134213277">
        <ele>27.8</ele>
        <time>2022-06-06T10:57:52Z</time>
      </trkpt>
      <trkpt lat="39.80434813954275" lon="116.43220124617648">
        <ele>27.8</ele>
        <time>2022-06-06T10:57:53Z</time>
      </trkpt>
      <trkpt lat="39.80432217460693" lon="116.43221137628221">
        <ele>27.9</ele>
        <time>2022-06-06T10:57:54Z</time>
      </trkpt>
      <trkpt lat="39.804296310628146" lon="116.4322215478953">
        <ele>27.9</ele>
        <time>2022-06-06T10:57:55Z</time>
      </trkpt>
      <trkpt lat="39.80427026007674" lon="116.43223182023843">
        <ele>27.9</ele>
        <time>2022-06-06T10:57:56Z</time>
      </trkpt>
      <trkpt lat="39.80424443791186" lon="116.4322419765892">
        <ele>27.9</ele>
        <time>2022-06-06T10:57:57Z</time>
      </trkpt>
      <trkpt lat="39.80421880284589" lon="116.43225198128495">
        <ele>27.9</ele>
        <time>2022-06-06T10:57:58Z</time>
      </trkpt>
      <trkpt lat="39.80419338331218" lon="116.43226173953259">
        <ele>28</ele>
        <time>2022-06-06T10:57:59Z</time>
      </trkpt>
      <trkpt lat="39.80416820636199" lon="116.43227129063442">
        <ele>27.9</ele>
        <time>2022-06-06T10:58:00Z</time>
      </trkpt>
      <trkpt lat="39.80414326242149" lon="116.43228062653519">
        <ele>27.9</ele>
        <time>2022-06-06T10:58:01Z</time>
      </trkpt>
      <trkpt lat="39.80411851210292" lon="116.43228971650937">
        <ele>27.9</ele>
        <time>2022-06-06T10:58:02Z</time>
      </trkpt>
      <trkpt lat="39.80409394052254" lon="116.432298532557">
        <ele>27.9</ele>
        <time>2022-06-06T10:58:03Z</time>
      </trkpt>
      <trkpt lat="39.80406922575424" lon="116.43230717360088">
        <ele>27.7</ele>
        <time>2022-06-06T10:58:04Z</time>
      </trkpt>
      <trkpt lat="39.80404475524691" lon="116.43231547223213">
        <ele>27.7</ele>
        <time>2022-06-06T10:58:05Z</time>
      </trkpt>
      <trkpt lat="39.80402046229688" lon="116.43232350648636">
        <ele>27.7</ele>
        <time>2022-06-06T10:58:06Z</time>
      </trkpt>
      <trkpt lat="39.80399634557529" lon="116.43233131794345">
        <ele>27.7</ele>
        <time>2022-06-06T10:58:07Z</time>
      </trkpt>
      <trkpt lat="39.80397241029297" lon="116.43233905310724">
        <ele>27.7</ele>
        <time>2022-06-06T10:58:08Z</time>
      </trkpt>
      <trkpt lat="39.80394835399866" lon="116.43234697111181">
        <ele>27.7</ele>
        <time>2022-06-06T10:58:09Z</time>
      </trkpt>
      <trkpt lat="39.80392459030963" lon="116.43235501505735">
        <ele>27.7</ele>
        <time>2022-06-06T10:58:10Z</time>
      </trkpt>
      <trkpt lat="39.80390107219281" lon="116.43236323179251">
        <ele>27.7</ele>
        <time>2022-06-06T10:58:11Z</time>
      </trkpt>
      <trkpt lat="39.80387743560217" lon="116.43237178761915">
        <ele>27.7</ele>
        <time>2022-06-06T10:58:12Z</time>
      </trkpt>
      <trkpt lat="39.80385403168424" lon="116.43238054599345">
        <ele>27.7</ele>
        <time>2022-06-06T10:58:13Z</time>
      </trkpt>
      <trkpt lat="39.80383078881482" lon="116.43238949588">
        <ele>27.3</ele>
        <time>2022-06-06T10:58:14Z</time>
      </trkpt>
      <trkpt lat="39.80380765905378" lon="116.4323986772411">
        <ele>27.3</ele>
        <time>2022-06-06T10:58:15Z</time>
      </trkpt>
      <trkpt lat="39.80378460300429" lon="116.43240805337453">
        <ele>27.3</ele>
        <time>2022-06-06T10:58:16Z</time>
      </trkpt>
      <trkpt lat="39.80376163438368" lon="116.43241760745181">
        <ele>27.3</ele>
        <time>2022-06-06T10:58:17Z</time>
      </trkpt>
      <trkpt lat="39.803739033558195" lon="116.43242722210344">
        <ele>27.3</ele>
        <time>2022-06-06T10:58:18Z</time>
      </trkpt>
      <trkpt lat="39.803716677296485" lon="116.4324368119756">
        <ele>27.3</ele>
        <time>2022-06-06T10:58:19Z</time>
      </trkpt>
      <trkpt lat="39.803694458237885" lon="116.4324461884762">
        <ele>27.3</ele>
        <time>2022-06-06T10:58:20Z</time>
      </trkpt>
      <trkpt lat="39.80367231933409" lon="116.43245492320487">
        <ele>27.3</ele>
        <time>2022-06-06T10:58:21Z</time>
      </trkpt>
      <trkpt lat="39.80365025719361" lon="116.43246257333064">
        <ele>27.3</ele>
        <time>2022-06-06T10:58:22Z</time>
      </trkpt>
      <trkpt lat="39.8036284766031" lon="116.43246814966881">
        <ele>27.3</ele>
        <time>2022-06-06T10:58:23Z</time>
      </trkpt>
      <trkpt lat="39.80360737919667" lon="116.43247107368023">
        <ele>27.2</ele>
        <time>2022-06-06T10:58:24Z</time>
      </trkpt>
      <trkpt lat="39.803587391783985" lon="116.4324710672411">
        <ele>27.2</ele>
        <time>2022-06-06T10:58:25Z</time>
      </trkpt>
      <trkpt lat="39.80356901674501" lon="116.4324675245792">
        <ele>27.2</ele>
        <time>2022-06-06T10:58:26Z</time>
      </trkpt>
      <trkpt lat="39.80355248825724" lon="116.43246059301717">
        <ele>27.2</ele>
        <time>2022-06-06T10:58:27Z</time>
      </trkpt>
      <trkpt lat="39.80353786483768" lon="116.43244999194913">
        <ele>27.2</ele>
        <time>2022-06-06T10:58:28Z</time>
      </trkpt>
      <trkpt lat="39.803525137913965" lon="116.43243596527643">
        <ele>27.2</ele>
        <time>2022-06-06T10:58:29Z</time>
      </trkpt>
      <trkpt lat="39.803514198431344" lon="116.43241869740262">
        <ele>27.2</ele>
        <time>2022-06-06T10:58:30Z</time>
      </trkpt>
      <trkpt lat="39.80350527651275" lon="116.43239791004467">
        <ele>27.2</ele>
        <time>2022-06-06T10:58:31Z</time>
      </trkpt>
      <trkpt lat="39.80349820680147" lon="116.4323742693617">
        <ele>27.2</ele>
        <time>2022-06-06T10:58:32Z</time>
      </trkpt>
      <trkpt lat="39.803492824524696" lon="116.43234792955604">
        <ele>27.2</ele>
        <time>2022-06-06T10:58:33Z</time>
      </trkpt>
      <trkpt lat="39.80348915234684" lon="116.4323199934811">
        <ele>27.1</ele>
        <time>2022-06-06T10:58:34Z</time>
      </trkpt>
      <trkpt lat="39.8034865732311" lon="116.43229086038943">
        <ele>27.1</ele>
        <time>2022-06-06T10:58:35Z</time>
      </trkpt>
      <trkpt lat="39.803484553900276" lon="116.43226112163306">
        <ele>27.1</ele>
        <time>2022-06-06T10:58:36Z</time>
      </trkpt>
      <trkpt lat="39.80348275376014" lon="116.43223147872283">
        <ele>27.1</ele>
        <time>2022-06-06T10:58:37Z</time>
      </trkpt>
      <trkpt lat="39.803480781546995" lon="116.43220157444642">
        <ele>27.1</ele>
        <time>2022-06-06T10:58:38Z</time>
      </trkpt>
      <trkpt lat="39.80347855533652" lon="116.43217194032117">
        <ele>27.1</ele>
        <time>2022-06-06T10:58:39Z</time>
      </trkpt>
      <trkpt lat="39.803476217010775" lon="116.43214255332917">
        <ele>27.1</ele>
        <time>2022-06-06T10:58:40Z</time>
      </trkpt>
      <trkpt lat="39.80347379244082" lon="116.43211295550581">
        <ele>27.1</ele>
        <time>2022-06-06T10:58:41Z</time>
      </trkpt>
      <trkpt lat="39.80347182540328" lon="116.4320837188267">
        <ele>27.1</ele>
        <time>2022-06-06T10:58:42Z</time>
      </trkpt>
      <trkpt lat="39.80347031725034" lon="116.43205469022561">
        <ele>27.1</ele>
        <time>2022-06-06T10:58:43Z</time>
      </trkpt>
      <trkpt lat="39.80346932302975" lon="116.43202572592091">
        <ele>27.1</ele>
        <time>2022-06-06T10:58:44Z</time>
      </trkpt>
      <trkpt lat="39.803468888438026" lon="116.43199656116303">
        <ele>27.1</ele>
        <time>2022-06-06T10:58:45Z</time>
      </trkpt>
      <trkpt lat="39.80346920861123" lon="116.4319674085023">
        <ele>27.1</ele>
        <time>2022-06-06T10:58:46Z</time>
      </trkpt>
      <trkpt lat="39.80347035243579" lon="116.43193761078342">
        <ele>27.1</ele>
        <time>2022-06-06T10:58:47Z</time>
      </trkpt>
      <trkpt lat="39.80347234570722" lon="116.43190710342844">
        <ele>27.1</ele>
        <time>2022-06-06T10:58:48Z</time>
      </trkpt>
      <trkpt lat="39.80347506059224" lon="116.43187629536126">
        <ele>27.1</ele>
        <time>2022-06-06T10:58:49Z</time>
      </trkpt>
      <trkpt lat="39.803478122508515" lon="116.43184466520373">
        <ele>27.1</ele>
        <time>2022-06-06T10:58:50Z</time>
      </trkpt>
      <trkpt lat="39.80348109501775" lon="116.43181225920667">
        <ele>27.1</ele>
        <time>2022-06-06T10:58:51Z</time>
      </trkpt>
      <trkpt lat="39.80348362236398" lon="116.4317796434764">
        <ele>27.1</ele>
        <time>2022-06-06T10:58:52Z</time>
      </trkpt>
      <trkpt lat="39.80348495801817" lon="116.43174631539462">
        <ele>27.1</ele>
        <time>2022-06-06T10:58:53Z</time>
      </trkpt>
      <trkpt lat="39.80348528995007" lon="116.4317128107222">
        <ele>27.5</ele>
        <time>2022-06-06T10:58:54Z</time>
      </trkpt>
      <trkpt lat="39.803484342570286" lon="116.43167975928182">
        <ele>27.5</ele>
        <time>2022-06-06T10:58:55Z</time>
      </trkpt>
      <trkpt lat="39.80348197203181" lon="116.43164746026038">
        <ele>27.5</ele>
        <time>2022-06-06T10:58:56Z</time>
      </trkpt>
      <trkpt lat="39.803478037535406" lon="116.431615481645">
        <ele>27.5</ele>
        <time>2022-06-06T10:58:57Z</time>
      </trkpt>
      <trkpt lat="39.80347254587912" lon="116.43158429093111">
        <ele>27.5</ele>
        <time>2022-06-06T10:58:58Z</time>
      </trkpt>
      <trkpt lat="39.80346558388228" lon="116.43155387374644">
        <ele>27</ele>
        <time>2022-06-06T10:58:59Z</time>
      </trkpt>
      <trkpt lat="39.80345771970655" lon="116.43152338630019">
        <ele>27.5</ele>
        <time>2022-06-06T10:59:00Z</time>
      </trkpt>
      <trkpt lat="39.80344958272673" lon="116.43149318322769">
        <ele>27.5</ele>
        <time>2022-06-06T10:59:01Z</time>
      </trkpt>
      <trkpt lat="39.80344154093352" lon="116.43146306958332">
        <ele>27.5</ele>
        <time>2022-06-06T10:59:02Z</time>
      </trkpt>
      <trkpt lat="39.80343407829534" lon="116.43143288360548">
        <ele>27.5</ele>
        <time>2022-06-06T10:59:03Z</time>
      </trkpt>
      <trkpt lat="39.803427435850445" lon="116.43140244725792">
        <ele>27.4</ele>
        <time>2022-06-06T10:59:04Z</time>
      </trkpt>
      <trkpt lat="39.803421376163804" lon="116.4313713029539">
        <ele>27.4</ele>
        <time>2022-06-06T10:59:05Z</time>
      </trkpt>
      <trkpt lat="39.80341611411735" lon="116.43133935919822">
        <ele>27.4</ele>
        <time>2022-06-06T10:59:06Z</time>
      </trkpt>
      <trkpt lat="39.803411740323945" lon="116.43130595567486">
        <ele>27.4</ele>
        <time>2022-06-06T10:59:07Z</time>
      </trkpt>
      <trkpt lat="39.803408356058654" lon="116.43127173001304">
        <ele>27.4</ele>
        <time>2022-06-06T10:59:08Z</time>
      </trkpt>
      <trkpt lat="39.8034058842892" lon="116.43123677889503">
        <ele>27.4</ele>
        <time>2022-06-06T10:59:09Z</time>
      </trkpt>
      <trkpt lat="39.80340430995705" lon="116.43120063249937">
        <ele>27.4</ele>
        <time>2022-06-06T10:59:10Z</time>
      </trkpt>
      <trkpt lat="39.80340319462845" lon="116.43116424437856">
        <ele>27.4</ele>
        <time>2022-06-06T10:59:11Z</time>
      </trkpt>
      <trkpt lat="39.80340212110182" lon="116.43112728255163">
        <ele>27.4</ele>
        <time>2022-06-06T10:59:12Z</time>
      </trkpt>
      <trkpt lat="39.80340088058227" lon="116.43108997371003">
        <ele>27.4</ele>
        <time>2022-06-06T10:59:13Z</time>
      </trkpt>
      <trkpt lat="39.803399332917174" lon="116.43105243013231">
        <ele>28.1</ele>
        <time>2022-06-06T10:59:14Z</time>
      </trkpt>
      <trkpt lat="39.80339739430726" lon="116.43101481937377">
        <ele>28.1</ele>
        <time>2022-06-06T10:59:15Z</time>
      </trkpt>
      <trkpt lat="39.80339516218453" lon="116.43097722665567">
        <ele>28.1</ele>
        <time>2022-06-06T10:59:16Z</time>
      </trkpt>
      <trkpt lat="39.80339271193435" lon="116.43093977884342">
        <ele>28.1</ele>
        <time>2022-06-06T10:59:17Z</time>
      </trkpt>
      <trkpt lat="39.803390063441384" lon="116.43090271604089">
        <ele>28.1</ele>
        <time>2022-06-06T10:59:18Z</time>
      </trkpt>
      <trkpt lat="39.803387192371055" lon="116.43086601700574">
        <ele>28.1</ele>
        <time>2022-06-06T10:59:19Z</time>
      </trkpt>
      <trkpt lat="39.803384113743036" lon="116.43082967043036">
        <ele>28.1</ele>
        <time>2022-06-06T10:59:20Z</time>
      </trkpt>
      <trkpt lat="39.803380742654284" lon="116.43079377552301">
        <ele>28.1</ele>
        <time>2022-06-06T10:59:21Z</time>
      </trkpt>
      <trkpt lat="39.80337711681211" lon="116.43075830836989">
        <ele>28.1</ele>
        <time>2022-06-06T10:59:22Z</time>
      </trkpt>
      <trkpt lat="39.803373315635916" lon="116.43072369420938">
        <ele>28.1</ele>
        <time>2022-06-06T10:59:23Z</time>
      </trkpt>
      <trkpt lat="39.80336939810549" lon="116.43068935667466">
        <ele>27.8</ele>
        <time>2022-06-06T10:59:24Z</time>
      </trkpt>
      <trkpt lat="39.80336548169956" lon="116.43065533576676">
        <ele>27.8</ele>
        <time>2022-06-06T10:59:25Z</time>
      </trkpt>
      <trkpt lat="39.80336169445782" lon="116.43062160840594">
        <ele>27.8</ele>
        <time>2022-06-06T10:59:26Z</time>
      </trkpt>
      <trkpt lat="39.80335800782308" lon="116.43058819252407">
        <ele>27.8</ele>
        <time>2022-06-06T10:59:27Z</time>
      </trkpt>
      <trkpt lat="39.803354392881566" lon="116.4305550016576">
        <ele>27.8</ele>
        <time>2022-06-06T10:59:28Z</time>
      </trkpt>
      <trkpt lat="39.80335078883564" lon="116.43052187334114">
        <ele>27.8</ele>
        <time>2022-06-06T10:59:29Z</time>
      </trkpt>
      <trkpt lat="39.80334714935246" lon="116.43048885909563">
        <ele>27.8</ele>
        <time>2022-06-06T10:59:30Z</time>
      </trkpt>
      <trkpt lat="39.80334350699956" lon="116.43045595976092">
        <ele>27.8</ele>
        <time>2022-06-06T10:59:31Z</time>
      </trkpt>
      <trkpt lat="39.80333994120568" lon="116.43042307866227">
        <ele>27.8</ele>
        <time>2022-06-06T10:59:32Z</time>
      </trkpt>
      <trkpt lat="39.803336454129145" lon="116.43039026042842">
        <ele>27.8</ele>
        <time>2022-06-06T10:59:33Z</time>
      </trkpt>
      <trkpt lat="39.80333303026545" lon="116.43035706130411">
        <ele>27.7</ele>
        <time>2022-06-06T10:59:34Z</time>
      </trkpt>
      <trkpt lat="39.80332970220818" lon="116.43032403034694">
        <ele>27.7</ele>
        <time>2022-06-06T10:59:35Z</time>
      </trkpt>
      <trkpt lat="39.80332636305045" lon="116.43029067236426">
        <ele>27.7</ele>
        <time>2022-06-06T10:59:36Z</time>
      </trkpt>
      <trkpt lat="39.803323012094715" lon="116.43025751933078">
        <ele>27.7</ele>
        <time>2022-06-06T10:59:37Z</time>
      </trkpt>
      <trkpt lat="39.803319705086544" lon="116.4302244875676">
        <ele>27.7</ele>
        <time>2022-06-06T10:59:38Z</time>
      </trkpt>
      <trkpt lat="39.80331645289814" lon="116.43019118795242">
        <ele>27.7</ele>
        <time>2022-06-06T10:59:39Z</time>
      </trkpt>
      <trkpt lat="39.80331337032894" lon="116.43015820064369">
        <ele>27.7</ele>
        <time>2022-06-06T10:59:40Z</time>
      </trkpt>
      <trkpt lat="39.803310527084115" lon="116.43012552010931">
        <ele>27.7</ele>
        <time>2022-06-06T10:59:41Z</time>
      </trkpt>
      <trkpt lat="39.80330792285425" lon="116.43009273832563">
        <ele>27.7</ele>
        <time>2022-06-06T10:59:42Z</time>
      </trkpt>
      <trkpt lat="39.8033055675911" lon="116.43006045306505">
        <ele>27.7</ele>
        <time>2022-06-06T10:59:43Z</time>
      </trkpt>
      <trkpt lat="39.80330342542567" lon="116.43002858800033">
        <ele>28.4</ele>
        <time>2022-06-06T10:59:44Z</time>
      </trkpt>
      <trkpt lat="39.80330149641657" lon="116.42999711662529">
        <ele>28.4</ele>
        <time>2022-06-06T10:59:45Z</time>
      </trkpt>
      <trkpt lat="39.803299711482936" lon="116.42996599724184">
        <ele>28.4</ele>
        <time>2022-06-06T10:59:46Z</time>
      </trkpt>
      <trkpt lat="39.80329801345679" lon="116.42993522946573">
        <ele>28.4</ele>
        <time>2022-06-06T10:59:47Z</time>
      </trkpt>
      <trkpt lat="39.803296321463556" lon="116.42990474314797">
        <ele>28.4</ele>
        <time>2022-06-06T10:59:48Z</time>
      </trkpt>
      <trkpt lat="39.80329456891994" lon="116.4298740972782">
        <ele>28.4</ele>
        <time>2022-06-06T10:59:49Z</time>
      </trkpt>
      <trkpt lat="39.803292761218316" lon="116.42984377308382">
        <ele>28.4</ele>
        <time>2022-06-06T10:59:50Z</time>
      </trkpt>
      <trkpt lat="39.80329086246435" lon="116.42981360862156">
        <ele>28.4</ele>
        <time>2022-06-06T10:59:51Z</time>
      </trkpt>
      <trkpt lat="39.80328880035143" lon="116.42978306232604">
        <ele>28.4</ele>
        <time>2022-06-06T10:59:52Z</time>
      </trkpt>
      <trkpt lat="39.803286558912326" lon="116.4297525843101">
        <ele>28.4</ele>
        <time>2022-06-06T10:59:53Z</time>
      </trkpt>
      <trkpt lat="39.80328408997961" lon="116.4297220634329">
        <ele>28.5</ele>
        <time>2022-06-06T10:59:54Z</time>
      </trkpt>
      <trkpt lat="39.80328129967856" lon="116.42969098574324">
        <ele>28.5</ele>
        <time>2022-06-06T10:59:55Z</time>
      </trkpt>
      <trkpt lat="39.80327819014352" lon="116.42965985331831">
        <ele>28.5</ele>
        <time>2022-06-06T10:59:56Z</time>
      </trkpt>
      <trkpt lat="39.80327472878545" lon="116.42962824385918">
        <ele>28.5</ele>
        <time>2022-06-06T10:59:57Z</time>
      </trkpt>
      <trkpt lat="39.80327104299931" lon="116.4295966423733">
        <ele>28.5</ele>
        <time>2022-06-06T10:59:58Z</time>
      </trkpt>
      <trkpt lat="39.80326724074151" lon="116.42956497973003">
        <ele>28</ele>
        <time>2022-06-06T10:59:59Z</time>
      </trkpt>
      <trkpt lat="39.80326328205102" lon="116.42953323904531">
        <ele>28.5</ele>
        <time>2022-06-06T11:00:00Z</time>
      </trkpt>
      <trkpt lat="39.80325914040061" lon="116.42950139573578">
        <ele>28.5</ele>
        <time>2022-06-06T11:00:01Z</time>
      </trkpt>
      <trkpt lat="39.803254811217" lon="116.42946945496682">
        <ele>28.5</ele>
        <time>2022-06-06T11:00:02Z</time>
      </trkpt>
      <trkpt lat="39.80325024433355" lon="116.42943743558338">
        <ele>28.5</ele>
        <time>2022-06-06T11:00:03Z</time>
      </trkpt>
      <trkpt lat="39.80324536697855" lon="116.42940494862066">
        <ele>27.8</ele>
        <time>2022-06-06T11:00:04Z</time>
      </trkpt>
      <trkpt lat="39.8032403162645" lon="116.42937204307518">
        <ele>27.8</ele>
        <time>2022-06-06T11:00:05Z</time>
      </trkpt>
      <trkpt lat="39.80323528540047" lon="116.42933919633914">
        <ele>27.8</ele>
        <time>2022-06-06T11:00:06Z</time>
      </trkpt>
      <trkpt lat="39.80323032598041" lon="116.42930579600801">
        <ele>27.8</ele>
        <time>2022-06-06T11:00:07Z</time>
      </trkpt>
      <trkpt lat="39.803225576357455" lon="116.42927267597247">
        <ele>27.8</ele>
        <time>2022-06-06T11:00:08Z</time>
      </trkpt>
      <trkpt lat="39.803221031524195" lon="116.42923961212514">
        <ele>27.8</ele>
        <time>2022-06-06T11:00:09Z</time>
      </trkpt>
      <trkpt lat="39.80321661065534" lon="116.42920615424984">
        <ele>27.8</ele>
        <time>2022-06-06T11:00:10Z</time>
      </trkpt>
      <trkpt lat="39.80321239688608" lon="116.42917276532775">
        <ele>27.8</ele>
        <time>2022-06-06T11:00:11Z</time>
      </trkpt>
      <trkpt lat="39.80320836486812" lon="116.42913927218346">
        <ele>27.8</ele>
        <time>2022-06-06T11:00:12Z</time>
      </trkpt>
      <trkpt lat="39.803204476296614" lon="116.42910521901226">
        <ele>27.8</ele>
        <time>2022-06-06T11:00:13Z</time>
      </trkpt>
      <trkpt lat="39.8032008175711" lon="116.42907112319558">
        <ele>27.7</ele>
        <time>2022-06-06T11:00:14Z</time>
      </trkpt>
      <trkpt lat="39.80319745539113" lon="116.42903737953837">
        <ele>27.7</ele>
        <time>2022-06-06T11:00:15Z</time>
      </trkpt>
      <trkpt lat="39.80319423072368" lon="116.42900351685627">
        <ele>27.7</ele>
        <time>2022-06-06T11:00:16Z</time>
      </trkpt>
      <trkpt lat="39.80319104181387" lon="116.42896962369989">
        <ele>27.7</ele>
        <time>2022-06-06T11:00:17Z</time>
      </trkpt>
      <trkpt lat="39.80318780257872" lon="116.42893588313021">
        <ele>27.7</ele>
        <time>2022-06-06T11:00:18Z</time>
      </trkpt>
      <trkpt lat="39.80318447333023" lon="116.42890198364886">
        <ele>27.7</ele>
        <time>2022-06-06T11:00:19Z</time>
      </trkpt>
      <trkpt lat="39.8031809770969" lon="116.42886765683095">
        <ele>27.7</ele>
        <time>2022-06-06T11:00:20Z</time>
      </trkpt>
      <trkpt lat="39.80317739274205" lon="116.42883351625308">
        <ele>27.7</ele>
        <time>2022-06-06T11:00:21Z</time>
      </trkpt>
      <trkpt lat="39.8031737468831" lon="116.42879958078089">
        <ele>27.7</ele>
        <time>2022-06-06T11:00:22Z</time>
      </trkpt>
      <trkpt lat="39.80317001270732" lon="116.42876555726657">
        <ele>27.7</ele>
        <time>2022-06-06T11:00:23Z</time>
      </trkpt>
      <trkpt lat="39.80316620318862" lon="116.42873202103044">
        <ele>28.2</ele>
        <time>2022-06-06T11:00:24Z</time>
      </trkpt>
      <trkpt lat="39.803162196386744" lon="116.42869852810713">
        <ele>28.2</ele>
        <time>2022-06-06T11:00:25Z</time>
      </trkpt>
      <trkpt lat="39.80315800405903" lon="116.42866515215555">
        <ele>28.2</ele>
        <time>2022-06-06T11:00:26Z</time>
      </trkpt>
      <trkpt lat="39.8031537032306" lon="116.4286323404873">
        <ele>28.2</ele>
        <time>2022-06-06T11:00:27Z</time>
      </trkpt>
      <trkpt lat="39.80314929535747" lon="116.42859957910052">
        <ele>28.2</ele>
        <time>2022-06-06T11:00:28Z</time>
      </trkpt>
      <trkpt lat="39.80314484699249" lon="116.42856730536866">
        <ele>28.2</ele>
        <time>2022-06-06T11:00:29Z</time>
      </trkpt>
      <trkpt lat="39.80314049453885" lon="116.42853535369908">
        <ele>28.2</ele>
        <time>2022-06-06T11:00:30Z</time>
      </trkpt>
      <trkpt lat="39.80313628811616" lon="116.42850367224901">
        <ele>28.2</ele>
        <time>2022-06-06T11:00:31Z</time>
      </trkpt>
      <trkpt lat="39.80313216353674" lon="116.42847215631645">
        <ele>28.2</ele>
        <time>2022-06-06T11:00:32Z</time>
      </trkpt>
      <trkpt lat="39.80312800630494" lon="116.42844034008527">
        <ele>28.2</ele>
        <time>2022-06-06T11:00:33Z</time>
      </trkpt>
      <trkpt lat="39.80312389813426" lon="116.4284086779435">
        <ele>28.2</ele>
        <time>2022-06-06T11:00:34Z</time>
      </trkpt>
      <trkpt lat="39.803119811317345" lon="116.428376663436">
        <ele>28.2</ele>
        <time>2022-06-06T11:00:35Z</time>
      </trkpt>
      <trkpt lat="39.80311586692792" lon="116.42834476666373">
        <ele>28.2</ele>
        <time>2022-06-06T11:00:36Z</time>
      </trkpt>
      <trkpt lat="39.80311211989973" lon="116.42831302922299">
        <ele>28.2</ele>
        <time>2022-06-06T11:00:37Z</time>
      </trkpt>
      <trkpt lat="39.803108591200925" lon="116.42828134857866">
        <ele>28.2</ele>
        <time>2022-06-06T11:00:38Z</time>
      </trkpt>
      <trkpt lat="39.80310526220142" lon="116.42824964980719">
        <ele>28.2</ele>
        <time>2022-06-06T11:00:39Z</time>
      </trkpt>
      <trkpt lat="39.80310209503699" lon="116.42821784863439">
        <ele>28.2</ele>
        <time>2022-06-06T11:00:40Z</time>
      </trkpt>
      <trkpt lat="39.803098907825884" lon="116.42818592627941">
        <ele>28.2</ele>
        <time>2022-06-06T11:00:41Z</time>
      </trkpt>
      <trkpt lat="39.8030955960053" lon="116.42815388892681">
        <ele>28.2</ele>
        <time>2022-06-06T11:00:42Z</time>
      </trkpt>
      <trkpt lat="39.80309215350869" lon="116.42812174235893">
        <ele>28.2</ele>
        <time>2022-06-06T11:00:43Z</time>
      </trkpt>
      <trkpt lat="39.80308858792455" lon="116.42808950011833">
        <ele>27.8</ele>
        <time>2022-06-06T11:00:44Z</time>
      </trkpt>
      <trkpt lat="39.8030849210907" lon="116.42805718123445">
        <ele>27.8</ele>
        <time>2022-06-06T11:00:45Z</time>
      </trkpt>
      <trkpt lat="39.80308124623902" lon="116.42802522144162">
        <ele>27.8</ele>
        <time>2022-06-06T11:00:46Z</time>
      </trkpt>
      <trkpt lat="39.803077502899995" lon="116.42799311173235">
        <ele>27.8</ele>
        <time>2022-06-06T11:00:47Z</time>
      </trkpt>
      <trkpt lat="39.80307370823394" lon="116.42796073099845">
        <ele>27.8</ele>
        <time>2022-06-06T11:00:48Z</time>
      </trkpt>
      <trkpt lat="39.80306982751906" lon="116.42792774778574">
        <ele>27.8</ele>
        <time>2022-06-06T11:00:49Z</time>
      </trkpt>
      <trkpt lat="39.803065889899145" lon="116.42789477606973">
        <ele>27.8</ele>
        <time>2022-06-06T11:00:50Z</time>
      </trkpt>
      <trkpt lat="39.80306187188515" lon="116.4278618978899">
        <ele>27.8</ele>
        <time>2022-06-06T11:00:51Z</time>
      </trkpt>
      <trkpt lat="39.803057760828636" lon="116.4278286844237">
        <ele>27.8</ele>
        <time>2022-06-06T11:00:52Z</time>
      </trkpt>
      <trkpt lat="39.80305360272272" lon="116.4277956938124">
        <ele>27.8</ele>
        <time>2022-06-06T11:00:53Z</time>
      </trkpt>
      <trkpt lat="39.8030493237549" lon="116.42776248645974">
        <ele>28.6</ele>
        <time>2022-06-06T11:00:54Z</time>
      </trkpt>
      <trkpt lat="39.803044970037256" lon="116.42772956422239">
        <ele>28.6</ele>
        <time>2022-06-06T11:00:55Z</time>
      </trkpt>
      <trkpt lat="39.803040533357425" lon="116.4276968949481">
        <ele>28.6</ele>
        <time>2022-06-06T11:00:56Z</time>
      </trkpt>
      <trkpt lat="39.80303579000338" lon="116.42766402844194">
        <ele>28.6</ele>
        <time>2022-06-06T11:00:57Z</time>
      </trkpt>
      <trkpt lat="39.803030813170466" lon="116.42763146389136">
        <ele>28.6</ele>
        <time>2022-06-06T11:00:58Z</time>
      </trkpt>
      <trkpt lat="39.80302553277517" lon="116.4275991515498">
        <ele>28</ele>
        <time>2022-06-06T11:00:59Z</time>
      </trkpt>
      <trkpt lat="39.80301989668" lon="116.42756705547126">
        <ele>28.6</ele>
        <time>2022-06-06T11:01:00Z</time>
      </trkpt>
      <trkpt lat="39.80301395781605" lon="116.4275351385925">
        <ele>28.6</ele>
        <time>2022-06-06T11:01:01Z</time>
      </trkpt>
      <trkpt lat="39.80300769463293" lon="116.42750301256451">
        <ele>28.6</ele>
        <time>2022-06-06T11:01:02Z</time>
      </trkpt>
      <trkpt lat="39.80300125283278" lon="116.42747125382218">
        <ele>28.6</ele>
        <time>2022-06-06T11:01:03Z</time>
      </trkpt>
      <trkpt lat="39.80299464341618" lon="116.42743939002943">
        <ele>27.7</ele>
        <time>2022-06-06T11:01:04Z</time>
      </trkpt>
      <trkpt lat="39.80298801049636" lon="116.42740792997121">
        <ele>27.7</ele>
        <time>2022-06-06T11:01:05Z</time>
      </trkpt>
      <trkpt lat="39.80298097462593" lon="116.42737636716507">
        <ele>27.7</ele>
        <time>2022-06-06T11:01:06Z</time>
      </trkpt>
      <trkpt lat="39.802974027204094" lon="116.42734427351616">
        <ele>27.7</ele>
        <time>2022-06-06T11:01:07Z</time>
      </trkpt>
      <trkpt lat="39.802967387361676" lon="116.42731188542405">
        <ele>27.7</ele>
        <time>2022-06-06T11:01:08Z</time>
      </trkpt>
      <trkpt lat="39.80296098901231" lon="116.42727850638911">
        <ele>27.7</ele>
        <time>2022-06-06T11:01:09Z</time>
      </trkpt>
      <trkpt lat="39.80295517809309" lon="116.42724417186885">
        <ele>27.7</ele>
        <time>2022-06-06T11:01:10Z</time>
      </trkpt>
      <trkpt lat="39.80295004154929" lon="116.42720989961447">
        <ele>27.7</ele>
        <time>2022-06-06T11:01:11Z</time>
      </trkpt>
      <trkpt lat="39.80294511835669" lon="116.42717538999845">
        <ele>27.7</ele>
        <time>2022-06-06T11:01:12Z</time>
      </trkpt>
      <trkpt lat="39.80294045842074" lon="116.42714108741212">
        <ele>27.7</ele>
        <time>2022-06-06T11:01:13Z</time>
      </trkpt>
      <trkpt lat="39.8029359593047" lon="116.42710695156511">
        <ele>28.3</ele>
        <time>2022-06-06T11:01:14Z</time>
      </trkpt>
      <trkpt lat="39.80293164196748" lon="116.4270730157088">
        <ele>28.3</ele>
        <time>2022-06-06T11:01:15Z</time>
      </trkpt>
      <trkpt lat="39.80292748750091" lon="116.42703936424816">
        <ele>28.3</ele>
        <time>2022-06-06T11:01:16Z</time>
      </trkpt>
      <trkpt lat="39.802923850301795" lon="116.42700610609175">
        <ele>28.3</ele>
        <time>2022-06-06T11:01:17Z</time>
      </trkpt>
      <trkpt lat="39.80292026688328" lon="116.42697384144005">
        <ele>28.3</ele>
        <time>2022-06-06T11:01:18Z</time>
      </trkpt>
      <trkpt lat="39.80291664612355" lon="116.42694250369273">
        <ele>28.3</ele>
        <time>2022-06-06T11:01:19Z</time>
      </trkpt>
      <trkpt lat="39.8029130883891" lon="116.42691281417196">
        <ele>28.3</ele>
        <time>2022-06-06T11:01:20Z</time>
      </trkpt>
      <trkpt lat="39.80290929705108" lon="116.42688474588813">
        <ele>28.3</ele>
        <time>2022-06-06T11:01:21Z</time>
      </trkpt>
      <trkpt lat="39.80290520303313" lon="116.4268573020513">
        <ele>28.3</ele>
        <time>2022-06-06T11:01:22Z</time>
      </trkpt>
      <trkpt lat="39.80290122503896" lon="116.4268307182449">
        <ele>28.3</ele>
        <time>2022-06-06T11:01:23Z</time>
      </trkpt>
      <trkpt lat="39.80289738740108" lon="116.42680494652902">
        <ele>28</ele>
        <time>2022-06-06T11:01:24Z</time>
      </trkpt>
      <trkpt lat="39.80289363354544" lon="116.42677946785983">
        <ele>28</ele>
        <time>2022-06-06T11:01:25Z</time>
      </trkpt>
      <trkpt lat="39.802890038173814" lon="116.4267546579942">
        <ele>28</ele>
        <time>2022-06-06T11:01:26Z</time>
      </trkpt>
      <trkpt lat="39.80288662923064" lon="116.4267301922094">
        <ele>28</ele>
        <time>2022-06-06T11:01:27Z</time>
      </trkpt>
      <trkpt lat="39.80288353626563" lon="116.42670583442796">
        <ele>28</ele>
        <time>2022-06-06T11:01:28Z</time>
      </trkpt>
      <trkpt lat="39.80288072584692" lon="116.42668131180031">
        <ele>28</ele>
        <time>2022-06-06T11:01:29Z</time>
      </trkpt>
      <trkpt lat="39.80287825245796" lon="116.42665677698409">
        <ele>28</ele>
        <time>2022-06-06T11:01:30Z</time>
      </trkpt>
      <trkpt lat="39.80287597908141" lon="116.42663157852112">
        <ele>28</ele>
        <time>2022-06-06T11:01:31Z</time>
      </trkpt>
      <trkpt lat="39.802873785594244" lon="116.42660577816372">
        <ele>28</ele>
        <time>2022-06-06T11:01:32Z</time>
      </trkpt>
      <trkpt lat="39.80287148738782" lon="116.42657940104061">
        <ele>28</ele>
        <time>2022-06-06T11:01:33Z</time>
      </trkpt>
      <trkpt lat="39.80286893066566" lon="116.42655257513985">
        <ele>28.2</ele>
        <time>2022-06-06T11:01:34Z</time>
      </trkpt>
      <trkpt lat="39.802865831593735" lon="116.42652493032193">
        <ele>28.2</ele>
        <time>2022-06-06T11:01:35Z</time>
      </trkpt>
      <trkpt lat="39.80286219464507" lon="116.42649705398864">
        <ele>28.2</ele>
        <time>2022-06-06T11:01:36Z</time>
      </trkpt>
      <trkpt lat="39.80285796775644" lon="116.42646896316418">
        <ele>28.2</ele>
        <time>2022-06-06T11:01:37Z</time>
      </trkpt>
      <trkpt lat="39.80285313112817" lon="116.42644029850665">
        <ele>28.2</ele>
        <time>2022-06-06T11:01:38Z</time>
      </trkpt>
      <trkpt lat="39.80284787864645" lon="116.42641156622045">
        <ele>28.2</ele>
        <time>2022-06-06T11:01:39Z</time>
      </trkpt>
      <trkpt lat="39.8028424439333" lon="116.4263827498119">
        <ele>28.2</ele>
        <time>2022-06-06T11:01:40Z</time>
      </trkpt>
      <trkpt lat="39.80283677532851" lon="116.4263534960493">
        <ele>28.2</ele>
        <time>2022-06-06T11:01:41Z</time>
      </trkpt>
      <trkpt lat="39.80283119798312" lon="116.42632438939663">
        <ele>28.2</ele>
        <time>2022-06-06T11:01:42Z</time>
      </trkpt>
      <trkpt lat="39.80282569677955" lon="116.42629492080663">
        <ele>28.2</ele>
        <time>2022-06-06T11:01:43Z</time>
      </trkpt>
      <trkpt lat="39.80282030207716" lon="116.42626560231245">
        <ele>28</ele>
        <time>2022-06-06T11:01:44Z</time>
      </trkpt>
      <trkpt lat="39.80281507006723" lon="116.42623630006453">
        <ele>28</ele>
        <time>2022-06-06T11:01:45Z</time>
      </trkpt>
      <trkpt lat="39.80281018306392" lon="116.42620683389026">
        <ele>28</ele>
        <time>2022-06-06T11:01:46Z</time>
      </trkpt>
      <trkpt lat="39.802805725132814" lon="116.42617706006634">
        <ele>28</ele>
        <time>2022-06-06T11:01:47Z</time>
      </trkpt>
      <trkpt lat="39.8028017368227" lon="116.42614683813959">
        <ele>28</ele>
        <time>2022-06-06T11:01:48Z</time>
      </trkpt>
      <trkpt lat="39.80279827528566" lon="116.42611615623575">
        <ele>28</ele>
        <time>2022-06-06T11:01:49Z</time>
      </trkpt>
      <trkpt lat="39.80279511357873" lon="116.42608465681705">
        <ele>28</ele>
        <time>2022-06-06T11:01:50Z</time>
      </trkpt>
      <trkpt lat="39.802792012558605" lon="116.42605254737632">
        <ele>28</ele>
        <time>2022-06-06T11:01:51Z</time>
      </trkpt>
      <trkpt lat="39.80278899642238" lon="116.42602035263936">
        <ele>28</ele>
        <time>2022-06-06T11:01:52Z</time>
      </trkpt>
      <trkpt lat="39.80278572112645" lon="116.42598765451996">
        <ele>28</ele>
        <time>2022-06-06T11:01:53Z</time>
      </trkpt>
      <trkpt lat="39.80278220748051" lon="116.42595505397372">
        <ele>27.8</ele>
        <time>2022-06-06T11:01:54Z</time>
      </trkpt>
      <trkpt lat="39.802778625178284" lon="116.42592254240566">
        <ele>27.8</ele>
        <time>2022-06-06T11:01:55Z</time>
      </trkpt>
      <trkpt lat="39.80277498592332" lon="116.42588970335821">
        <ele>27.8</ele>
        <time>2022-06-06T11:01:56Z</time>
      </trkpt>
      <trkpt lat="39.80277140938427" lon="116.42585711257104">
        <ele>27.8</ele>
        <time>2022-06-06T11:01:57Z</time>
      </trkpt>
      <trkpt lat="39.8027678498679" lon="116.42582432907712">
        <ele>27.8</ele>
        <time>2022-06-06T11:01:58Z</time>
      </trkpt>
      <trkpt lat="39.80276429021317" lon="116.42579148085679">
        <ele>27</ele>
        <time>2022-06-06T11:01:59Z</time>
      </trkpt>
      <trkpt lat="39.802760614131685" lon="116.42575912893228">
        <ele>27.8</ele>
        <time>2022-06-06T11:02:00Z</time>
      </trkpt>
      <trkpt lat="39.80275666230752" lon="116.42572722295536">
        <ele>27.8</ele>
        <time>2022-06-06T11:02:01Z</time>
      </trkpt>
      <trkpt lat="39.80275242060239" lon="116.42569569078654">
        <ele>27.8</ele>
        <time>2022-06-06T11:02:02Z</time>
      </trkpt>
      <trkpt lat="39.802747962511276" lon="116.42566445384607">
        <ele>27.8</ele>
        <time>2022-06-06T11:02:03Z</time>
      </trkpt>
      <trkpt lat="39.80274334757112" lon="116.42563342159026">
        <ele>27.8</ele>
        <time>2022-06-06T11:02:04Z</time>
      </trkpt>
      <trkpt lat="39.80273859993207" lon="116.42560201869202">
        <ele>27.8</ele>
        <time>2022-06-06T11:02:05Z</time>
      </trkpt>
      <trkpt lat="39.80273380755072" lon="116.42557017998526">
        <ele>27.8</ele>
        <time>2022-06-06T11:02:06Z</time>
      </trkpt>
      <trkpt lat="39.80272911555118" lon="116.42553830222303">
        <ele>27.8</ele>
        <time>2022-06-06T11:02:07Z</time>
      </trkpt>
      <trkpt lat="39.802724412860265" lon="116.4255058253943">
        <ele>27.8</ele>
        <time>2022-06-06T11:02:08Z</time>
      </trkpt>
      <trkpt lat="39.80271968744631" lon="116.42547322435215">
        <ele>27.8</ele>
        <time>2022-06-06T11:02:09Z</time>
      </trkpt>
      <trkpt lat="39.80271497631222" lon="116.42544038637999">
        <ele>27.8</ele>
        <time>2022-06-06T11:02:10Z</time>
      </trkpt>
      <trkpt lat="39.80271027321688" lon="116.42540671900116">
        <ele>27.8</ele>
        <time>2022-06-06T11:02:11Z</time>
      </trkpt>
      <trkpt lat="39.802705784187815" lon="116.42537258319122">
        <ele>27.8</ele>
        <time>2022-06-06T11:02:12Z</time>
      </trkpt>
      <trkpt lat="39.80270161006682" lon="116.42533732330456">
        <ele>27.8</ele>
        <time>2022-06-06T11:02:13Z</time>
      </trkpt>
      <trkpt lat="39.802697807092436" lon="116.42530091115442">
        <ele>27.7</ele>
        <time>2022-06-06T11:02:14Z</time>
      </trkpt>
      <trkpt lat="39.802694450281365" lon="116.42526398134513">
        <ele>27.7</ele>
        <time>2022-06-06T11:02:15Z</time>
      </trkpt>
      <trkpt lat="39.80269161681021" lon="116.4252269920052">
        <ele>27.7</ele>
        <time>2022-06-06T11:02:16Z</time>
      </trkpt>
      <trkpt lat="39.80268921144388" lon="116.42519000128851">
        <ele>27.7</ele>
        <time>2022-06-06T11:02:17Z</time>
      </trkpt>
      <trkpt lat="39.80268716341156" lon="116.42515257294079">
        <ele>27.7</ele>
        <time>2022-06-06T11:02:18Z</time>
      </trkpt>
      <trkpt lat="39.8026855324347" lon="116.42511530219471">
        <ele>27.7</ele>
        <time>2022-06-06T11:02:19Z</time>
      </trkpt>
      <trkpt lat="39.802684327328656" lon="116.42507822976819">
        <ele>27.7</ele>
        <time>2022-06-06T11:02:20Z</time>
      </trkpt>
      <trkpt lat="39.80268341684568" lon="116.4250415244253">
        <ele>27.7</ele>
        <time>2022-06-06T11:02:21Z</time>
      </trkpt>
      <trkpt lat="39.802682714690334" lon="116.4250059317051">
        <ele>27.7</ele>
        <time>2022-06-06T11:02:22Z</time>
      </trkpt>
      <trkpt lat="39.802681690469186" lon="116.42497187511725">
        <ele>27.7</ele>
        <time>2022-06-06T11:02:23Z</time>
      </trkpt>
      <trkpt lat="39.802679631383306" lon="116.4249410718187">
        <ele>28.2</ele>
        <time>2022-06-06T11:02:24Z</time>
      </trkpt>
      <trkpt lat="39.80267648872221" lon="116.42491454426116">
        <ele>28.2</ele>
        <time>2022-06-06T11:02:25Z</time>
      </trkpt>
      <trkpt lat="39.80267210449482" lon="116.4248925098848">
        <ele>28.2</ele>
        <time>2022-06-06T11:02:26Z</time>
      </trkpt>
      <trkpt lat="39.80266667422669" lon="116.42487460617585">
        <ele>28.2</ele>
        <time>2022-06-06T11:02:27Z</time>
      </trkpt>
      <trkpt lat="39.80266000113335" lon="116.4248602197092">
        <ele>28.2</ele>
        <time>2022-06-06T11:02:28Z</time>
      </trkpt>
      <trkpt lat="39.80265173019527" lon="116.42484929853461">
        <ele>28.2</ele>
        <time>2022-06-06T11:02:29Z</time>
      </trkpt>
      <trkpt lat="39.80264178108493" lon="116.42484125156733">
        <ele>28.2</ele>
        <time>2022-06-06T11:02:30Z</time>
      </trkpt>
      <trkpt lat="39.80263010495809" lon="116.42483549570927">
        <ele>28.2</ele>
        <time>2022-06-06T11:02:31Z</time>
      </trkpt>
      <trkpt lat="39.80261643884727" lon="116.42483121096221">
        <ele>28.2</ele>
        <time>2022-06-06T11:02:32Z</time>
      </trkpt>
      <trkpt lat="39.80260106718155" lon="116.4248276056807">
        <ele>28.2</ele>
        <time>2022-06-06T11:02:33Z</time>
      </trkpt>
      <trkpt lat="39.80258462755572" lon="116.42482381785003">
        <ele>28</ele>
        <time>2022-06-06T11:02:34Z</time>
      </trkpt>
      <trkpt lat="39.80256776508616" lon="116.42481863265172">
        <ele>28</ele>
        <time>2022-06-06T11:02:35Z</time>
      </trkpt>
      <trkpt lat="39.80255095049873" lon="116.42481027971898">
        <ele>28</ele>
        <time>2022-06-06T11:02:36Z</time>
      </trkpt>
      <trkpt lat="39.802534400616615" lon="116.42479766192122">
        <ele>28</ele>
        <time>2022-06-06T11:02:37Z</time>
      </trkpt>
      <trkpt lat="39.80251807143265" lon="116.42478102025184">
        <ele>28</ele>
        <time>2022-06-06T11:02:38Z</time>
      </trkpt>
      <trkpt lat="39.80250233203507" lon="116.42476042591738">
        <ele>28</ele>
        <time>2022-06-06T11:02:39Z</time>
      </trkpt>
      <trkpt lat="39.80248770304946" lon="116.42473646782364">
        <ele>28</ele>
        <time>2022-06-06T11:02:40Z</time>
      </trkpt>
      <trkpt lat="39.80247440376625" lon="116.42470968135204">
        <ele>28</ele>
        <time>2022-06-06T11:02:41Z</time>
      </trkpt>
      <trkpt lat="39.80246260231536" lon="116.42468015217726">
        <ele>28</ele>
        <time>2022-06-06T11:02:42Z</time>
      </trkpt>
      <trkpt lat="39.802452710125245" lon="116.42464867363894">
        <ele>28</ele>
        <time>2022-06-06T11:02:43Z</time>
      </trkpt>
      <trkpt lat="39.80244458743509" lon="116.42461584752925">
        <ele>28.4</ele>
        <time>2022-06-06T11:02:44Z</time>
      </trkpt>
      <trkpt lat="39.80243797726092" lon="116.42458172025674">
        <ele>28.4</ele>
        <time>2022-06-06T11:02:45Z</time>
      </trkpt>
      <trkpt lat="39.80243279982897" lon="116.42454644593026">
        <ele>28.4</ele>
        <time>2022-06-06T11:02:46Z</time>
      </trkpt>
      <trkpt lat="39.8024285244047" lon="116.42451041267665">
        <ele>28.4</ele>
        <time>2022-06-06T11:02:47Z</time>
      </trkpt>
      <trkpt lat="39.80242480091537" lon="116.42447448936203">
        <ele>28.4</ele>
        <time>2022-06-06T11:02:48Z</time>
      </trkpt>
      <trkpt lat="39.802421426172316" lon="116.42443881966273">
        <ele>28.4</ele>
        <time>2022-06-06T11:02:49Z</time>
      </trkpt>
      <trkpt lat="39.80241832134494" lon="116.4244038410425">
        <ele>28.4</ele>
        <time>2022-06-06T11:02:50Z</time>
      </trkpt>
      <trkpt lat="39.80241544846408" lon="116.42436945642272">
        <ele>28.4</ele>
        <time>2022-06-06T11:02:51Z</time>
      </trkpt>
      <trkpt lat="39.80241276425162" lon="116.42433514349788">
        <ele>28.4</ele>
        <time>2022-06-06T11:02:52Z</time>
      </trkpt>
      <trkpt lat="39.80241016698331" lon="116.42430143085404">
        <ele>28.4</ele>
        <time>2022-06-06T11:02:53Z</time>
      </trkpt>
      <trkpt lat="39.802407519612395" lon="116.42426759245055">
        <ele>27.7</ele>
        <time>2022-06-06T11:02:54Z</time>
      </trkpt>
      <trkpt lat="39.802404742427235" lon="116.42423359737407">
        <ele>27.7</ele>
        <time>2022-06-06T11:02:55Z</time>
      </trkpt>
      <trkpt lat="39.8024018140482" lon="116.42419987356472">
        <ele>27.7</ele>
        <time>2022-06-06T11:02:56Z</time>
      </trkpt>
      <trkpt lat="39.80239849773955" lon="116.42416641814485">
        <ele>27.7</ele>
        <time>2022-06-06T11:02:57Z</time>
      </trkpt>
      <trkpt lat="39.80239466639585" lon="116.4241337754907">
        <ele>27.7</ele>
        <time>2022-06-06T11:02:58Z</time>
      </trkpt>
      <trkpt lat="39.80239046780845" lon="116.42410210675772">
        <ele>27</ele>
        <time>2022-06-06T11:02:59Z</time>
      </trkpt>
      <trkpt lat="39.802385871128735" lon="116.4240715969725">
        <ele>27.7</ele>
        <time>2022-06-06T11:03:00Z</time>
      </trkpt>
      <trkpt lat="39.8023809959807" lon="116.42404258427096">
        <ele>27.7</ele>
        <time>2022-06-06T11:03:01Z</time>
      </trkpt>
      <trkpt lat="39.80237606685084" lon="116.42401491567105">
        <ele>27.7</ele>
        <time>2022-06-06T11:03:02Z</time>
      </trkpt>
      <trkpt lat="39.802371169127746" lon="116.42398894995459">
        <ele>27.7</ele>
        <time>2022-06-06T11:03:03Z</time>
      </trkpt>
      <trkpt lat="39.802366322837486" lon="116.42396477933899">
        <ele>28.2</ele>
        <time>2022-06-06T11:03:04Z</time>
      </trkpt>
      <trkpt lat="39.80236171990236" lon="116.4239429015908">
        <ele>28.2</ele>
        <time>2022-06-06T11:03:05Z</time>
      </trkpt>
      <trkpt lat="39.802357335611305" lon="116.42392298732538">
        <ele>28.2</ele>
        <time>2022-06-06T11:03:06Z</time>
      </trkpt>
      <trkpt lat="39.802353026349294" lon="116.42390487584858">
        <ele>28.2</ele>
        <time>2022-06-06T11:03:07Z</time>
      </trkpt>
      <trkpt lat="39.802349165606024" lon="116.42388826044753">
        <ele>28.2</ele>
        <time>2022-06-06T11:03:08Z</time>
      </trkpt>
      <trkpt lat="39.80234591352696" lon="116.42387224984584">
        <ele>28.2</ele>
        <time>2022-06-06T11:03:09Z</time>
      </trkpt>
      <trkpt lat="39.802343375075345" lon="116.4238564323655">
        <ele>28.2</ele>
        <time>2022-06-06T11:03:10Z</time>
      </trkpt>
      <trkpt lat="39.802341585479134" lon="116.42384037851478">
        <ele>28.2</ele>
        <time>2022-06-06T11:03:11Z</time>
      </trkpt>
      <trkpt lat="39.802340629822595" lon="116.4238232996608">
        <ele>28.2</ele>
        <time>2022-06-06T11:03:12Z</time>
      </trkpt>
      <trkpt lat="39.80233986797062" lon="116.423805230415">
        <ele>28.2</ele>
        <time>2022-06-06T11:03:13Z</time>
      </trkpt>
      <trkpt lat="39.802339054178596" lon="116.42378620929011">
        <ele>28.4</ele>
        <time>2022-06-06T11:03:14Z</time>
      </trkpt>
      <trkpt lat="39.80233816791791" lon="116.42376557091427">
        <ele>28.4</ele>
        <time>2022-06-06T11:03:15Z</time>
      </trkpt>
      <trkpt lat="39.8023371296612" lon="116.42374351364903">
        <ele>28.4</ele>
        <time>2022-06-06T11:03:16Z</time>
      </trkpt>
      <trkpt lat="39.80233593133992" lon="116.42372035998382">
        <ele>28.4</ele>
        <time>2022-06-06T11:03:17Z</time>
      </trkpt>
      <trkpt lat="39.80233489791202" lon="116.42369585189859">
        <ele>28.4</ele>
        <time>2022-06-06T11:03:18Z</time>
      </trkpt>
      <trkpt lat="39.802334015241826" lon="116.42367023690268">
        <ele>28.4</ele>
        <time>2022-06-06T11:03:19Z</time>
      </trkpt>
      <trkpt lat="39.80233312392385" lon="116.42364379243723">
        <ele>28.4</ele>
        <time>2022-06-06T11:03:20Z</time>
      </trkpt>
      <trkpt lat="39.80233198433998" lon="116.42361651706312">
        <ele>28.4</ele>
        <time>2022-06-06T11:03:21Z</time>
      </trkpt>
      <trkpt lat="39.80233072359554" lon="116.4235883472137">
        <ele>28.4</ele>
        <time>2022-06-06T11:03:22Z</time>
      </trkpt>
      <trkpt lat="39.802329067875704" lon="116.42355900419287">
        <ele>28.4</ele>
        <time>2022-06-06T11:03:23Z</time>
      </trkpt>
      <trkpt lat="39.80232721946374" lon="116.42352841122424">
        <ele>28.9</ele>
        <time>2022-06-06T11:03:24Z</time>
      </trkpt>
      <trkpt lat="39.802324948576484" lon="116.42349646224692">
        <ele>28.9</ele>
        <time>2022-06-06T11:03:25Z</time>
      </trkpt>
      <trkpt lat="39.8023218336882" lon="116.4234632754909">
        <ele>28.9</ele>
        <time>2022-06-06T11:03:26Z</time>
      </trkpt>
      <trkpt lat="39.80231722870307" lon="116.42342939153374">
        <ele>28.9</ele>
        <time>2022-06-06T11:03:27Z</time>
      </trkpt>
      <trkpt lat="39.80231073585277" lon="116.42339563804462">
        <ele>28.9</ele>
        <time>2022-06-06T11:03:28Z</time>
      </trkpt>
      <trkpt lat="39.802302097135204" lon="116.4233622986296">
        <ele>28.9</ele>
        <time>2022-06-06T11:03:29Z</time>
      </trkpt>
      <trkpt lat="39.80229091545778" lon="116.42333126701969">
        <ele>28.9</ele>
        <time>2022-06-06T11:03:30Z</time>
      </trkpt>
      <trkpt lat="39.802277411579674" lon="116.42330326703578">
        <ele>28.9</ele>
        <time>2022-06-06T11:03:31Z</time>
      </trkpt>
      <trkpt lat="39.80226156017126" lon="116.42327836324333">
        <ele>28.9</ele>
        <time>2022-06-06T11:03:32Z</time>
      </trkpt>
      <trkpt lat="39.802243459505014" lon="116.42325679233278">
        <ele>28.9</ele>
        <time>2022-06-06T11:03:33Z</time>
      </trkpt>
      <trkpt lat="39.80222331373827" lon="116.42323922177356">
        <ele>28.1</ele>
        <time>2022-06-06T11:03:34Z</time>
      </trkpt>
      <trkpt lat="39.80220131145209" lon="116.42322553675429">
        <ele>28.1</ele>
        <time>2022-06-06T11:03:35Z</time>
      </trkpt>
      <trkpt lat="39.8021779015412" lon="116.42321560322006">
        <ele>28.1</ele>
        <time>2022-06-06T11:03:36Z</time>
      </trkpt>
      <trkpt lat="39.80215358281502" lon="116.4232095510678">
        <ele>28.1</ele>
        <time>2022-06-06T11:03:37Z</time>
      </trkpt>
      <trkpt lat="39.80212877946719" lon="116.42320557534534">
        <ele>28.1</ele>
        <time>2022-06-06T11:03:38Z</time>
      </trkpt>
      <trkpt lat="39.80210429110231" lon="116.42320224212753">
        <ele>28.1</ele>
        <time>2022-06-06T11:03:39Z</time>
      </trkpt>
      <trkpt lat="39.80208033349194" lon="116.42319968058983">
        <ele>28.1</ele>
        <time>2022-06-06T11:03:40Z</time>
      </trkpt>
      <trkpt lat="39.80205683232271" lon="116.42319604327406">
        <ele>28.1</ele>
        <time>2022-06-06T11:03:41Z</time>
      </trkpt>
      <trkpt lat="39.80203375599653" lon="116.42319122359619">
        <ele>28.1</ele>
        <time>2022-06-06T11:03:42Z</time>
      </trkpt>
      <trkpt lat="39.802010979759196" lon="116.42318600039732">
        <ele>28.1</ele>
        <time>2022-06-06T11:03:43Z</time>
      </trkpt>
      <trkpt lat="39.801988442000216" lon="116.4231807380815">
        <ele>28.6</ele>
        <time>2022-06-06T11:03:44Z</time>
      </trkpt>
      <trkpt lat="39.80196602525612" lon="116.42317548308166">
        <ele>28.6</ele>
        <time>2022-06-06T11:03:45Z</time>
      </trkpt>
      <trkpt lat="39.80194336492409" lon="116.42317023936663">
        <ele>28.6</ele>
        <time>2022-06-06T11:03:46Z</time>
      </trkpt>
      <trkpt lat="39.80192048517986" lon="116.42316515265662">
        <ele>28.6</ele>
        <time>2022-06-06T11:03:47Z</time>
      </trkpt>
      <trkpt lat="39.80189740425299" lon="116.42316014307842">
        <ele>28.6</ele>
        <time>2022-06-06T11:03:48Z</time>
      </trkpt>
      <trkpt lat="39.80187404899881" lon="116.423156258684">
        <ele>28.6</ele>
        <time>2022-06-06T11:03:49Z</time>
      </trkpt>
      <trkpt lat="39.80184994174122" lon="116.42315397443956">
        <ele>28.6</ele>
        <time>2022-06-06T11:03:50Z</time>
      </trkpt>
      <trkpt lat="39.80182525209249" lon="116.42315321274737">
        <ele>28.6</ele>
        <time>2022-06-06T11:03:51Z</time>
      </trkpt>
      <trkpt lat="39.80180057352774" lon="116.42315389396161">
        <ele>28.6</ele>
        <time>2022-06-06T11:03:52Z</time>
      </trkpt>
      <trkpt lat="39.80177567668796" lon="116.42315585287255">
        <ele>28.6</ele>
        <time>2022-06-06T11:03:53Z</time>
      </trkpt>
      <trkpt lat="39.801751141840754" lon="116.42315820718554">
        <ele>27.6</ele>
        <time>2022-06-06T11:03:54Z</time>
      </trkpt>
      <trkpt lat="39.80172694213315" lon="116.4231604037521">
        <ele>27.6</ele>
        <time>2022-06-06T11:03:55Z</time>
      </trkpt>
      <trkpt lat="39.80170274861404" lon="116.42316227772393">
        <ele>27.6</ele>
        <time>2022-06-06T11:03:56Z</time>
      </trkpt>
      <trkpt lat="39.8016789770537" lon="116.42316388942166">
        <ele>27.6</ele>
        <time>2022-06-06T11:03:57Z</time>
      </trkpt>
      <trkpt lat="39.80165523513574" lon="116.42316513685815">
        <ele>27.6</ele>
        <time>2022-06-06T11:03:58Z</time>
      </trkpt>
      <trkpt lat="39.80163148933137" lon="116.423166215237">
        <ele>27</ele>
        <time>2022-06-06T11:03:59Z</time>
      </trkpt>
      <trkpt lat="39.80160799601892" lon="116.4231672311833">
        <ele>27.6</ele>
        <time>2022-06-06T11:04:00Z</time>
      </trkpt>
      <trkpt lat="39.80158460534072" lon="116.42316820881578">
        <ele>27.6</ele>
        <time>2022-06-06T11:04:01Z</time>
      </trkpt>
      <trkpt lat="39.80156119890336" lon="116.42316916643948">
        <ele>27.6</ele>
        <time>2022-06-06T11:04:02Z</time>
      </trkpt>
      <trkpt lat="39.80153766896558" lon="116.42317003541912">
        <ele>27.6</ele>
        <time>2022-06-06T11:04:03Z</time>
      </trkpt>
      <trkpt lat="39.80151398436366" lon="116.42317073960544">
        <ele>27.9</ele>
        <time>2022-06-06T11:04:04Z</time>
      </trkpt>
      <trkpt lat="39.801489860585576" lon="116.423171298469">
        <ele>27.9</ele>
        <time>2022-06-06T11:04:05Z</time>
      </trkpt>
      <trkpt lat="39.80146541234434" lon="116.42317161409615">
        <ele>27.9</ele>
        <time>2022-06-06T11:04:06Z</time>
      </trkpt>
      <trkpt lat="39.80144102089372" lon="116.4231715317234">
        <ele>27.9</ele>
        <time>2022-06-06T11:04:07Z</time>
      </trkpt>
      <trkpt lat="39.80141631772693" lon="116.42317112201063">
        <ele>27.9</ele>
        <time>2022-06-06T11:04:08Z</time>
      </trkpt>
      <trkpt lat="39.8013917250575" lon="116.42317050327095">
        <ele>27.9</ele>
        <time>2022-06-06T11:04:09Z</time>
      </trkpt>
      <trkpt lat="39.801367302470084" lon="116.42316961592904">
        <ele>27.9</ele>
        <time>2022-06-06T11:04:10Z</time>
      </trkpt>
      <trkpt lat="39.801342825350496" lon="116.42316843187118">
        <ele>27.9</ele>
        <time>2022-06-06T11:04:11Z</time>
      </trkpt>
      <trkpt lat="39.801318798556046" lon="116.42316713791895">
        <ele>27.9</ele>
        <time>2022-06-06T11:04:12Z</time>
      </trkpt>
      <trkpt lat="39.801294969172055" lon="116.42316577574348">
        <ele>27.9</ele>
        <time>2022-06-06T11:04:13Z</time>
      </trkpt>
      <trkpt lat="39.8012714687067" lon="116.42316438416262">
        <ele>27.4</ele>
        <time>2022-06-06T11:04:14Z</time>
      </trkpt>
      <trkpt lat="39.801248652124556" lon="116.4231629779351">
        <ele>27.4</ele>
        <time>2022-06-06T11:04:15Z</time>
      </trkpt>
      <trkpt lat="39.80122640682261" lon="116.42316158713506">
        <ele>27.4</ele>
        <time>2022-06-06T11:04:16Z</time>
      </trkpt>
      <trkpt lat="39.801204584484246" lon="116.42316044223554">
        <ele>27.4</ele>
        <time>2022-06-06T11:04:17Z</time>
      </trkpt>
      <trkpt lat="39.80118308233379" lon="116.42315971313357">
        <ele>27.4</ele>
        <time>2022-06-06T11:04:18Z</time>
      </trkpt>
      <trkpt lat="39.80116178794878" lon="116.42315916401552">
        <ele>27.4</ele>
        <time>2022-06-06T11:04:19Z</time>
      </trkpt>
      <trkpt lat="39.801140260813966" lon="116.42315861251615">
        <ele>27.4</ele>
        <time>2022-06-06T11:04:20Z</time>
      </trkpt>
      <trkpt lat="39.80111846480325" lon="116.42315799688268">
        <ele>27.4</ele>
        <time>2022-06-06T11:04:21Z</time>
      </trkpt>
      <trkpt lat="39.801096681503466" lon="116.4231571832478">
        <ele>27.4</ele>
        <time>2022-06-06T11:04:22Z</time>
      </trkpt>
      <trkpt lat="39.80107439348823" lon="116.42315588404762">
        <ele>27.4</ele>
        <time>2022-06-06T11:04:23Z</time>
      </trkpt>
      <trkpt lat="39.801051781337144" lon="116.42315428182233">
        <ele>28.2</ele>
        <time>2022-06-06T11:04:24Z</time>
      </trkpt>
      <trkpt lat="39.801028345249144" lon="116.4231524206384">
        <ele>28.2</ele>
        <time>2022-06-06T11:04:25Z</time>
      </trkpt>
      <trkpt lat="39.80100405605097" lon="116.42315038996489">
        <ele>28.2</ele>
        <time>2022-06-06T11:04:26Z</time>
      </trkpt>
      <trkpt lat="39.80097923494448" lon="116.42314828724413">
        <ele>28.2</ele>
        <time>2022-06-06T11:04:27Z</time>
      </trkpt>
      <trkpt lat="39.800953575019754" lon="116.42314614050095">
        <ele>28.2</ele>
        <time>2022-06-06T11:04:28Z</time>
      </trkpt>
      <trkpt lat="39.80092724495092" lon="116.42314400369709">
        <ele>28.2</ele>
        <time>2022-06-06T11:04:29Z</time>
      </trkpt>
      <trkpt lat="39.80090073157834" lon="116.42314223863758">
        <ele>28.2</ele>
        <time>2022-06-06T11:04:30Z</time>
      </trkpt>
      <trkpt lat="39.8008741047558" lon="116.42314104557781">
        <ele>28.2</ele>
        <time>2022-06-06T11:04:31Z</time>
      </trkpt>
      <trkpt lat="39.800847463838814" lon="116.42314047656035">
        <ele>28.2</ele>
        <time>2022-06-06T11:04:32Z</time>
      </trkpt>
      <trkpt lat="39.80082084602733" lon="116.42314057524665">
        <ele>28.2</ele>
        <time>2022-06-06T11:04:33Z</time>
      </trkpt>
      <trkpt lat="39.80079431961099" lon="116.42314139942017">
        <ele>27.3</ele>
        <time>2022-06-06T11:04:34Z</time>
      </trkpt>
      <trkpt lat="39.80076766061022" lon="116.42314261796814">
        <ele>27.3</ele>
        <time>2022-06-06T11:04:35Z</time>
      </trkpt>
      <trkpt lat="39.80074134068062" lon="116.42314405262084">
        <ele>27.3</ele>
        <time>2022-06-06T11:04:36Z</time>
      </trkpt>
      <trkpt lat="39.80071537381706" lon="116.42314549649872">
        <ele>27.3</ele>
        <time>2022-06-06T11:04:37Z</time>
      </trkpt>
      <trkpt lat="39.80068942288412" lon="116.42314676958368">
        <ele>27.3</ele>
        <time>2022-06-06T11:04:38Z</time>
      </trkpt>
      <trkpt lat="39.800663847395896" lon="116.42314777670931">
        <ele>27.3</ele>
        <time>2022-06-06T11:04:39Z</time>
      </trkpt>
      <trkpt lat="39.80063819935653" lon="116.42314849290709">
        <ele>27.3</ele>
        <time>2022-06-06T11:04:40Z</time>
      </trkpt>
      <trkpt lat="39.80061250927161" lon="116.42314886018623">
        <ele>27.3</ele>
        <time>2022-06-06T11:04:41Z</time>
      </trkpt>
      <trkpt lat="39.80058691688785" lon="116.42314881081364">
        <ele>27.3</ele>
        <time>2022-06-06T11:04:42Z</time>
      </trkpt>
      <trkpt lat="39.80056089790319" lon="116.42314838770417">
        <ele>27.3</ele>
        <time>2022-06-06T11:04:43Z</time>
      </trkpt>
      <trkpt lat="39.80053441208259" lon="116.42314767451427">
        <ele>28.1</ele>
        <time>2022-06-06T11:04:44Z</time>
      </trkpt>
      <trkpt lat="39.80050781790822" lon="116.42314671277461">
        <ele>28.1</ele>
        <time>2022-06-06T11:04:45Z</time>
      </trkpt>
      <trkpt lat="39.80048106886979" lon="116.42314558534905">
        <ele>28.1</ele>
        <time>2022-06-06T11:04:46Z</time>
      </trkpt>
      <trkpt lat="39.80045424539403" lon="116.42314450591549">
        <ele>28.1</ele>
        <time>2022-06-06T11:04:47Z</time>
      </trkpt>
      <trkpt lat="39.80042709469134" lon="116.42314353747678">
        <ele>28.1</ele>
        <time>2022-06-06T11:04:48Z</time>
      </trkpt>
      <trkpt lat="39.80040007883762" lon="116.42314265305994">
        <ele>28.1</ele>
        <time>2022-06-06T11:04:49Z</time>
      </trkpt>
      <trkpt lat="39.80037319245191" lon="116.42314185018179">
        <ele>28.1</ele>
        <time>2022-06-06T11:04:50Z</time>
      </trkpt>
      <trkpt lat="39.80034679373306" lon="116.42314118341119">
        <ele>28.1</ele>
        <time>2022-06-06T11:04:51Z</time>
      </trkpt>
      <trkpt lat="39.800320761207324" lon="116.42314067694245">
        <ele>28.1</ele>
        <time>2022-06-06T11:04:52Z</time>
      </trkpt>
      <trkpt lat="39.80029488143135" lon="116.42314039989175">
        <ele>28.1</ele>
        <time>2022-06-06T11:04:53Z</time>
      </trkpt>
      <trkpt lat="39.800269662450695" lon="116.42314045713323">
        <ele>27.5</ele>
        <time>2022-06-06T11:04:54Z</time>
      </trkpt>
      <trkpt lat="39.80024517020916" lon="116.42314102717708">
        <ele>27.5</ele>
        <time>2022-06-06T11:04:55Z</time>
      </trkpt>
      <trkpt lat="39.80022107728272" lon="116.42314213959494">
        <ele>27.5</ele>
        <time>2022-06-06T11:04:56Z</time>
      </trkpt>
      <trkpt lat="39.80019777631774" lon="116.42314383937116">
        <ele>27.5</ele>
        <time>2022-06-06T11:04:57Z</time>
      </trkpt>
      <trkpt lat="39.80017479767764" lon="116.42314616033073">
        <ele>27.5</ele>
        <time>2022-06-06T11:04:58Z</time>
      </trkpt>
      <trkpt lat="39.800152384414694" lon="116.42314905840344">
        <ele>27</ele>
        <time>2022-06-06T11:04:59Z</time>
      </trkpt>
      <trkpt lat="39.80013035317908" lon="116.42315236610311">
        <ele>27.5</ele>
        <time>2022-06-06T11:05:00Z</time>
      </trkpt>
      <trkpt lat="39.800108237678614" lon="116.42315599876417">
        <ele>27.5</ele>
        <time>2022-06-06T11:05:01Z</time>
      </trkpt>
      <trkpt lat="39.800086019926816" lon="116.42315982265075">
        <ele>27.5</ele>
        <time>2022-06-06T11:05:02Z</time>
      </trkpt>
      <trkpt lat="39.80006335415221" lon="116.42316376496335">
        <ele>27.5</ele>
        <time>2022-06-06T11:05:03Z</time>
      </trkpt>
      <trkpt lat="39.80004061174072" lon="116.42316783107118">
        <ele>28.2</ele>
        <time>2022-06-06T11:05:04Z</time>
      </trkpt>
      <trkpt lat="39.80001771406772" lon="116.42317173189555">
        <ele>28.2</ele>
        <time>2022-06-06T11:05:05Z</time>
      </trkpt>
      <trkpt lat="39.799994589659725" lon="116.42317541236837">
        <ele>28.2</ele>
        <time>2022-06-06T11:05:06Z</time>
      </trkpt>
      <trkpt lat="39.79997150973412" lon="116.42317881241657">
        <ele>28.2</ele>
        <time>2022-06-06T11:05:07Z</time>
      </trkpt>
      <trkpt lat="39.7999480154696" lon="116.42318193224013">
        <ele>28.2</ele>
        <time>2022-06-06T11:05:08Z</time>
      </trkpt>
      <trkpt lat="39.79992440536405" lon="116.42318462191348">
        <ele>28.2</ele>
        <time>2022-06-06T11:05:09Z</time>
      </trkpt>
      <trkpt lat="39.79990060046226" lon="116.42318706619326">
        <ele>28.2</ele>
        <time>2022-06-06T11:05:10Z</time>
      </trkpt>
      <trkpt lat="39.79987611962631" lon="116.42318934192068">
        <ele>28.2</ele>
        <time>2022-06-06T11:05:11Z</time>
      </trkpt>
      <trkpt lat="39.79985129256084" lon="116.42319157793834">
        <ele>28.2</ele>
        <time>2022-06-06T11:05:12Z</time>
      </trkpt>
      <trkpt lat="39.79982567329781" lon="116.42319386255873">
        <ele>28.2</ele>
        <time>2022-06-06T11:05:13Z</time>
      </trkpt>
      <trkpt lat="39.79979962345891" lon="116.4231960310325">
        <ele>27.7</ele>
        <time>2022-06-06T11:05:14Z</time>
      </trkpt>
      <trkpt lat="39.79977312597044" lon="116.42319796373286">
        <ele>27.7</ele>
        <time>2022-06-06T11:05:15Z</time>
      </trkpt>
      <trkpt lat="39.79974589784952" lon="116.42319987600163">
        <ele>27.7</ele>
        <time>2022-06-06T11:05:16Z</time>
      </trkpt>
      <trkpt lat="39.79971815929077" lon="116.42320159805641">
        <ele>27.7</ele>
        <time>2022-06-06T11:05:17Z</time>
      </trkpt>
      <trkpt lat="39.79968998597036" lon="116.42320320157647">
        <ele>27.7</ele>
        <time>2022-06-06T11:05:18Z</time>
      </trkpt>
      <trkpt lat="39.799661511757925" lon="116.42320495123585">
        <ele>27.7</ele>
        <time>2022-06-06T11:05:19Z</time>
      </trkpt>
      <trkpt lat="39.79963284702539" lon="116.42320686688336">
        <ele>27.7</ele>
        <time>2022-06-06T11:05:20Z</time>
      </trkpt>
      <trkpt lat="39.79960411655522" lon="116.42320885965465">
        <ele>27.7</ele>
        <time>2022-06-06T11:05:21Z</time>
      </trkpt>
      <trkpt lat="39.79957585507848" lon="116.42321102992405">
        <ele>27.7</ele>
        <time>2022-06-06T11:05:22Z</time>
      </trkpt>
      <trkpt lat="39.79954818342803" lon="116.42321323413204">
        <ele>27.7</ele>
        <time>2022-06-06T11:05:23Z</time>
      </trkpt>
      <trkpt lat="39.79952125178441" lon="116.42321538524946">
        <ele>27.7</ele>
        <time>2022-06-06T11:05:24Z</time>
      </trkpt>
      <trkpt lat="39.79949507040081" lon="116.4232175625292">
        <ele>27.7</ele>
        <time>2022-06-06T11:05:25Z</time>
      </trkpt>
      <trkpt lat="39.79946960657635" lon="116.42321973705384">
        <ele>27.7</ele>
        <time>2022-06-06T11:05:26Z</time>
      </trkpt>
      <trkpt lat="39.79944479382666" lon="116.42322177849013">
        <ele>27.7</ele>
        <time>2022-06-06T11:05:27Z</time>
      </trkpt>
      <trkpt lat="39.79942044350938" lon="116.42322367458868">
        <ele>27.7</ele>
        <time>2022-06-06T11:05:28Z</time>
      </trkpt>
      <trkpt lat="39.799396509059285" lon="116.42322546209783">
        <ele>27.7</ele>
        <time>2022-06-06T11:05:29Z</time>
      </trkpt>
      <trkpt lat="39.79937285810267" lon="116.42322729442277">
        <ele>27.7</ele>
        <time>2022-06-06T11:05:30Z</time>
      </trkpt>
      <trkpt lat="39.799349433337056" lon="116.42322947357286">
        <ele>27.7</ele>
        <time>2022-06-06T11:05:31Z</time>
      </trkpt>
      <trkpt lat="39.79932611428691" lon="116.42323194219115">
        <ele>27.7</ele>
        <time>2022-06-06T11:05:32Z</time>
      </trkpt>
      <trkpt lat="39.79930245996996" lon="116.42323462702119">
        <ele>27.7</ele>
        <time>2022-06-06T11:05:33Z</time>
      </trkpt>
      <trkpt lat="39.79927842812973" lon="116.42323733704444">
        <ele>27.8</ele>
        <time>2022-06-06T11:05:34Z</time>
      </trkpt>
      <trkpt lat="39.799254342246435" lon="116.42324015939457">
        <ele>27.8</ele>
        <time>2022-06-06T11:05:35Z</time>
      </trkpt>
      <trkpt lat="39.7992301967555" lon="116.42324202316667">
        <ele>27.8</ele>
        <time>2022-06-06T11:05:36Z</time>
      </trkpt>
      <trkpt lat="39.79920566844393" lon="116.42324273185565">
        <ele>27.8</ele>
        <time>2022-06-06T11:05:37Z</time>
      </trkpt>
      <trkpt lat="39.799181102067635" lon="116.4232424249381">
        <ele>27.8</ele>
        <time>2022-06-06T11:05:38Z</time>
      </trkpt>
      <trkpt lat="39.79915652612311" lon="116.42324127973869">
        <ele>27.8</ele>
        <time>2022-06-06T11:05:39Z</time>
      </trkpt>
      <trkpt lat="39.799131630711" lon="116.4232394888854">
        <ele>27.8</ele>
        <time>2022-06-06T11:05:40Z</time>
      </trkpt>
      <trkpt lat="39.799106894784636" lon="116.42323714753043">
        <ele>27.8</ele>
        <time>2022-06-06T11:05:41Z</time>
      </trkpt>
      <trkpt lat="39.799082343112595" lon="116.4232340641741">
        <ele>27.8</ele>
        <time>2022-06-06T11:05:42Z</time>
      </trkpt>
      <trkpt lat="39.79905777034812" lon="116.42323049853199">
        <ele>27.8</ele>
        <time>2022-06-06T11:05:43Z</time>
      </trkpt>
      <trkpt lat="39.79903374699056" lon="116.4232268128449">
        <ele>27.7</ele>
        <time>2022-06-06T11:05:44Z</time>
      </trkpt>
      <trkpt lat="39.79901034354528" lon="116.42322333511343">
        <ele>27.7</ele>
        <time>2022-06-06T11:05:45Z</time>
      </trkpt>
      <trkpt lat="39.798987225456635" lon="116.42322004412902">
        <ele>27.7</ele>
        <time>2022-06-06T11:05:46Z</time>
      </trkpt>
      <trkpt lat="39.79896456482806" lon="116.42321861194284">
        <ele>27.7</ele>
        <time>2022-06-06T11:05:47Z</time>
      </trkpt>
      <trkpt lat="39.798942517045845" lon="116.42321972368816">
        <ele>27.7</ele>
        <time>2022-06-06T11:05:48Z</time>
      </trkpt>
      <trkpt lat="39.79892102811336" lon="116.4232231978141">
        <ele>27.7</ele>
        <time>2022-06-06T11:05:49Z</time>
      </trkpt>
      <trkpt lat="39.79889975737609" lon="116.42322824326487">
        <ele>27.7</ele>
        <time>2022-06-06T11:05:50Z</time>
      </trkpt>
      <trkpt lat="39.79887884635503" lon="116.42323444356016">
        <ele>27.7</ele>
        <time>2022-06-06T11:05:51Z</time>
      </trkpt>
      <trkpt lat="39.798858050054314" lon="116.42324105000208">
        <ele>27.7</ele>
        <time>2022-06-06T11:05:52Z</time>
      </trkpt>
      <trkpt lat="39.798836858029546" lon="116.42324795034007">
        <ele>27.7</ele>
        <time>2022-06-06T11:05:53Z</time>
      </trkpt>
      <trkpt lat="39.79881544114395" lon="116.42325444830901">
        <ele>27.2</ele>
        <time>2022-06-06T11:05:54Z</time>
      </trkpt>
      <trkpt lat="39.79879364335097" lon="116.42326055619235">
        <ele>27.2</ele>
        <time>2022-06-06T11:05:55Z</time>
      </trkpt>
      <trkpt lat="39.79877102651137" lon="116.42326624649431">
        <ele>27.2</ele>
        <time>2022-06-06T11:05:56Z</time>
      </trkpt>
      <trkpt lat="39.79874792128561" lon="116.42327153149462">
        <ele>27.2</ele>
        <time>2022-06-06T11:05:57Z</time>
      </trkpt>
      <trkpt lat="39.79872382074023" lon="116.42327582206326">
        <ele>27.2</ele>
        <time>2022-06-06T11:05:58Z</time>
      </trkpt>
      <trkpt lat="39.79869893117618" lon="116.42327874126795">
        <ele>27</ele>
        <time>2022-06-06T11:05:59Z</time>
      </trkpt>
      <trkpt lat="39.79867321515901" lon="116.42328013355454">
        <ele>27.2</ele>
        <time>2022-06-06T11:06:00Z</time>
      </trkpt>
      <trkpt lat="39.798646559159366" lon="116.42328050230871">
        <ele>27.2</ele>
        <time>2022-06-06T11:06:01Z</time>
      </trkpt>
      <trkpt lat="39.79861917511002" lon="116.4232799311626">
        <ele>27.2</ele>
        <time>2022-06-06T11:06:02Z</time>
      </trkpt>
      <trkpt lat="39.79859123957484" lon="116.42327857529908">
        <ele>27.2</ele>
        <time>2022-06-06T11:06:03Z</time>
      </trkpt>
      <trkpt lat="39.79856321638258" lon="116.4232762918028">
        <ele>26.9</ele>
        <time>2022-06-06T11:06:04Z</time>
      </trkpt>
      <trkpt lat="39.79853497628812" lon="116.42327360028418">
        <ele>26.9</ele>
        <time>2022-06-06T11:06:05Z</time>
      </trkpt>
      <trkpt lat="39.79850640505039" lon="116.4232702439162">
        <ele>26.9</ele>
        <time>2022-06-06T11:06:06Z</time>
      </trkpt>
      <trkpt lat="39.798478344377884" lon="116.42326635158221">
        <ele>26.9</ele>
        <time>2022-06-06T11:06:07Z</time>
      </trkpt>
      <trkpt lat="39.79845074544261" lon="116.42326239859564">
        <ele>26.9</ele>
        <time>2022-06-06T11:06:08Z</time>
      </trkpt>
      <trkpt lat="39.798423617004694" lon="116.42325879730323">
        <ele>26.9</ele>
        <time>2022-06-06T11:06:09Z</time>
      </trkpt>
      <trkpt lat="39.79839704823799" lon="116.42325582973682">
        <ele>26.9</ele>
        <time>2022-06-06T11:06:10Z</time>
      </trkpt>
      <trkpt lat="39.798371098853394" lon="116.4232537916641">
        <ele>26.9</ele>
        <time>2022-06-06T11:06:11Z</time>
      </trkpt>
      <trkpt lat="39.798345670206544" lon="116.42325222734894">
        <ele>26.9</ele>
        <time>2022-06-06T11:06:12Z</time>
      </trkpt>
      <trkpt lat="39.798320728118824" lon="116.42325062248169">
        <ele>26.9</ele>
        <time>2022-06-06T11:06:13Z</time>
      </trkpt>
      <trkpt lat="39.79829616631406" lon="116.4232488844261">
        <ele>27.2</ele>
        <time>2022-06-06T11:06:14Z</time>
      </trkpt>
      <trkpt lat="39.79827148654858" lon="116.42324694324464">
        <ele>27.2</ele>
        <time>2022-06-06T11:06:15Z</time>
      </trkpt>
      <trkpt lat="39.79824686039187" lon="116.42324510838576">
        <ele>27.2</ele>
        <time>2022-06-06T11:06:16Z</time>
      </trkpt>
      <trkpt lat="39.79822236594912" lon="116.4232434007109">
        <ele>27.2</ele>
        <time>2022-06-06T11:06:17Z</time>
      </trkpt>
      <trkpt lat="39.79819715151211" lon="116.42324182342867">
        <ele>27.2</ele>
        <time>2022-06-06T11:06:18Z</time>
      </trkpt>
      <trkpt lat="39.798171254171855" lon="116.42323999628229">
        <ele>27.2</ele>
        <time>2022-06-06T11:06:19Z</time>
      </trkpt>
      <trkpt lat="39.79814502016888" lon="116.42323763505723">
        <ele>27.2</ele>
        <time>2022-06-06T11:06:20Z</time>
      </trkpt>
      <trkpt lat="39.798118353237356" lon="116.42323443999192">
        <ele>27.2</ele>
        <time>2022-06-06T11:06:21Z</time>
      </trkpt>
      <trkpt lat="39.79809099642749" lon="116.42323032584419">
        <ele>27.2</ele>
        <time>2022-06-06T11:06:22Z</time>
      </trkpt>
      <trkpt lat="39.798063571514625" lon="116.42322580965357">
        <ele>27.2</ele>
        <time>2022-06-06T11:06:23Z</time>
      </trkpt>
      <trkpt lat="39.79803617290164" lon="116.42322146520618">
        <ele>27.5</ele>
        <time>2022-06-06T11:06:24Z</time>
      </trkpt>
      <trkpt lat="39.79800896142004" lon="116.4232173676609">
        <ele>27.5</ele>
        <time>2022-06-06T11:06:25Z</time>
      </trkpt>
      <trkpt lat="39.79798213152124" lon="116.42321355691521">
        <ele>27.5</ele>
        <time>2022-06-06T11:06:26Z</time>
      </trkpt>
      <trkpt lat="39.79795579236952" lon="116.42320970941044">
        <ele>27.5</ele>
        <time>2022-06-06T11:06:27Z</time>
      </trkpt>
      <trkpt lat="39.79793000132066" lon="116.42320590067777">
        <ele>27.5</ele>
        <time>2022-06-06T11:06:28Z</time>
      </trkpt>
      <trkpt lat="39.79790481702027" lon="116.42320195229216">
        <ele>27.5</ele>
        <time>2022-06-06T11:06:29Z</time>
      </trkpt>
      <trkpt lat="39.797880229928" lon="116.42319804800344">
        <ele>27.5</ele>
        <time>2022-06-06T11:06:30Z</time>
      </trkpt>
      <trkpt lat="39.7978562264387" lon="116.42319447044517">
        <ele>27.5</ele>
        <time>2022-06-06T11:06:31Z</time>
      </trkpt>
      <trkpt lat="39.79783246934253" lon="116.42319156073333">
        <ele>27.5</ele>
        <time>2022-06-06T11:06:32Z</time>
      </trkpt>
      <trkpt lat="39.79780934944166" lon="116.42318965469246">
        <ele>27.5</ele>
        <time>2022-06-06T11:06:33Z</time>
      </trkpt>
      <trkpt lat="39.797786825673164" lon="116.42318897667795">
        <ele>27.5</ele>
        <time>2022-06-06T11:06:34Z</time>
      </trkpt>
      <trkpt lat="39.79776455453573" lon="116.42318968671856">
        <ele>27.5</ele>
        <time>2022-06-06T11:06:35Z</time>
      </trkpt>
      <trkpt lat="39.79774252260426" lon="116.4231917179712">
        <ele>27.5</ele>
        <time>2022-06-06T11:06:36Z</time>
      </trkpt>
      <trkpt lat="39.79772071317723" lon="116.4231950952324">
        <ele>27.5</ele>
        <time>2022-06-06T11:06:37Z</time>
      </trkpt>
      <trkpt lat="39.797699117700034" lon="116.42319949337246">
        <ele>27.5</ele>
        <time>2022-06-06T11:06:38Z</time>
      </trkpt>
      <trkpt lat="39.79767773390199" lon="116.4232045953963">
        <ele>27.5</ele>
        <time>2022-06-06T11:06:39Z</time>
      </trkpt>
      <trkpt lat="39.797656569515816" lon="116.42321028798975">
        <ele>27.5</ele>
        <time>2022-06-06T11:06:40Z</time>
      </trkpt>
      <trkpt lat="39.79763566735284" lon="116.42321614336414">
        <ele>27.5</ele>
        <time>2022-06-06T11:06:41Z</time>
      </trkpt>
      <trkpt lat="39.7976150416442" lon="116.42322173638838">
        <ele>27.5</ele>
        <time>2022-06-06T11:06:42Z</time>
      </trkpt>
      <trkpt lat="39.797594692413185" lon="116.42322658729987">
        <ele>27.5</ele>
        <time>2022-06-06T11:06:43Z</time>
      </trkpt>
      <trkpt lat="39.79757454428932" lon="116.42323046417913">
        <ele>27.7</ele>
        <time>2022-06-06T11:06:44Z</time>
      </trkpt>
      <trkpt lat="39.79755416350394" lon="116.42323324661733">
        <ele>27.7</ele>
        <time>2022-06-06T11:06:45Z</time>
      </trkpt>
      <trkpt lat="39.79753382577802" lon="116.42323481030887">
        <ele>27.7</ele>
        <time>2022-06-06T11:06:46Z</time>
      </trkpt>
      <trkpt lat="39.79751341771392" lon="116.42323527023362">
        <ele>27.7</ele>
        <time>2022-06-06T11:06:47Z</time>
      </trkpt>
      <trkpt lat="39.79749285461238" lon="116.4232349208493">
        <ele>27.7</ele>
        <time>2022-06-06T11:06:48Z</time>
      </trkpt>
      <trkpt lat="39.797472061636064" lon="116.42323405850385">
        <ele>27.7</ele>
        <time>2022-06-06T11:06:49Z</time>
      </trkpt>
      <trkpt lat="39.79745097872095" lon="116.42323292444172">
        <ele>27.7</ele>
        <time>2022-06-06T11:06:50Z</time>
      </trkpt>
      <trkpt lat="39.79742979616874" lon="116.42323166931828">
        <ele>27.7</ele>
        <time>2022-06-06T11:06:51Z</time>
      </trkpt>
      <trkpt lat="39.797408348416525" lon="116.42323042545662">
        <ele>27.7</ele>
        <time>2022-06-06T11:06:52Z</time>
      </trkpt>
      <trkpt lat="39.79738620741998" lon="116.42322927818807">
        <ele>27.7</ele>
        <time>2022-06-06T11:06:53Z</time>
      </trkpt>
      <trkpt lat="39.79736363977929" lon="116.42322863705806">
        <ele>27.8</ele>
        <time>2022-06-06T11:06:54Z</time>
      </trkpt>
      <trkpt lat="39.797340215037195" lon="116.42322873490164">
        <ele>27.8</ele>
        <time>2022-06-06T11:06:55Z</time>
      </trkpt>
      <trkpt lat="39.7973163120419" lon="116.42322965477673">
        <ele>27.8</ele>
        <time>2022-06-06T11:06:56Z</time>
      </trkpt>
      <trkpt lat="39.79729189315466" lon="116.423231402492">
        <ele>27.8</ele>
        <time>2022-06-06T11:06:57Z</time>
      </trkpt>
      <trkpt lat="39.79726665218252" lon="116.42323410516717">
        <ele>27.8</ele>
        <time>2022-06-06T11:06:58Z</time>
      </trkpt>
      <trkpt lat="39.79724105153675" lon="116.42323743398966">
        <ele>27</ele>
        <time>2022-06-06T11:06:59Z</time>
      </trkpt>
      <trkpt lat="39.797215146236475" lon="116.4232410929766">
        <ele>27.8</ele>
        <time>2022-06-06T11:07:00Z</time>
      </trkpt>
      <trkpt lat="39.79718867694057" lon="116.42324491286979">
        <ele>27.8</ele>
        <time>2022-06-06T11:07:01Z</time>
      </trkpt>
      <trkpt lat="39.79716182021333" lon="116.42324871682298">
        <ele>27.8</ele>
        <time>2022-06-06T11:07:02Z</time>
      </trkpt>
      <trkpt lat="39.797134664499175" lon="116.42325234405871">
        <ele>27.8</ele>
        <time>2022-06-06T11:07:03Z</time>
      </trkpt>
      <trkpt lat="39.79710722519676" lon="116.42325567968611">
        <ele>27.5</ele>
        <time>2022-06-06T11:07:04Z</time>
      </trkpt>
      <trkpt lat="39.79707959404783" lon="116.42325848891956">
        <ele>27.5</ele>
        <time>2022-06-06T11:07:05Z</time>
      </trkpt>
      <trkpt lat="39.79705206233578" lon="116.42326033669057">
        <ele>27.5</ele>
        <time>2022-06-06T11:07:06Z</time>
      </trkpt>
      <trkpt lat="39.79702452544995" lon="116.42326127378928">
        <ele>27.5</ele>
        <time>2022-06-06T11:07:07Z</time>
      </trkpt>
      <trkpt lat="39.79699658626952" lon="116.42326142719659">
        <ele>27.5</ele>
        <time>2022-06-06T11:07:08Z</time>
      </trkpt>
      <trkpt lat="39.7969687086467" lon="116.4232609233238">
        <ele>27.5</ele>
        <time>2022-06-06T11:07:09Z</time>
      </trkpt>
      <trkpt lat="39.7969409297696" lon="116.42326029455332">
        <ele>27.5</ele>
        <time>2022-06-06T11:07:10Z</time>
      </trkpt>
      <trkpt lat="39.79691297603948" lon="116.4232601898374">
        <ele>27.5</ele>
        <time>2022-06-06T11:07:11Z</time>
      </trkpt>
      <trkpt lat="39.79688516170326" lon="116.42326038808453">
        <ele>27.5</ele>
        <time>2022-06-06T11:07:12Z</time>
      </trkpt>
      <trkpt lat="39.79685708930655" lon="116.4232609039722">
        <ele>27.5</ele>
        <time>2022-06-06T11:07:13Z</time>
      </trkpt>
      <trkpt lat="39.79682886215932" lon="116.42326201438959">
        <ele>28.2</ele>
        <time>2022-06-06T11:07:14Z</time>
      </trkpt>
      <trkpt lat="39.7968008979136" lon="116.42326377138212">
        <ele>28.2</ele>
        <time>2022-06-06T11:07:15Z</time>
      </trkpt>
      <trkpt lat="39.79677290089092" lon="116.42326593418748">
        <ele>28.2</ele>
        <time>2022-06-06T11:07:16Z</time>
      </trkpt>
      <trkpt lat="39.796745090046656" lon="116.42326879541052">
        <ele>28.2</ele>
        <time>2022-06-06T11:07:17Z</time>
      </trkpt>
      <trkpt lat="39.79671763928265" lon="116.42327228351081">
        <ele>28.2</ele>
        <time>2022-06-06T11:07:18Z</time>
      </trkpt>
      <trkpt lat="39.79669066508146" lon="116.42327611550297">
        <ele>28.2</ele>
        <time>2022-06-06T11:07:19Z</time>
      </trkpt>
      <trkpt lat="39.79666416391325" lon="116.42328017140005">
        <ele>28.2</ele>
        <time>2022-06-06T11:07:20Z</time>
      </trkpt>
      <trkpt lat="39.79663808621275" lon="116.42328431133063">
        <ele>28.2</ele>
        <time>2022-06-06T11:07:21Z</time>
      </trkpt>
      <trkpt lat="39.79661270821692" lon="116.42328834297308">
        <ele>28.2</ele>
        <time>2022-06-06T11:07:22Z</time>
      </trkpt>
      <trkpt lat="39.79658799150775" lon="116.42329261899488">
        <ele>28.2</ele>
        <time>2022-06-06T11:07:23Z</time>
      </trkpt>
      <trkpt lat="39.796563954242735" lon="116.42329733179224">
        <ele>28</ele>
        <time>2022-06-06T11:07:24Z</time>
      </trkpt>
      <trkpt lat="39.79654050521792" lon="116.42330208479297">
        <ele>28</ele>
        <time>2022-06-06T11:07:25Z</time>
      </trkpt>
      <trkpt lat="39.79651727294858" lon="116.42330670671898">
        <ele>28</ele>
        <time>2022-06-06T11:07:26Z</time>
      </trkpt>
      <trkpt lat="39.796494548729314" lon="116.42331110452915">
        <ele>28</ele>
        <time>2022-06-06T11:07:27Z</time>
      </trkpt>
      <trkpt lat="39.79647220727785" lon="116.42331503321459">
        <ele>28</ele>
        <time>2022-06-06T11:07:28Z</time>
      </trkpt>
      <trkpt lat="39.79644981332842" lon="116.42331828667481">
        <ele>28</ele>
        <time>2022-06-06T11:07:29Z</time>
      </trkpt>
      <trkpt lat="39.796427655502015" lon="116.42332095079077">
        <ele>28</ele>
        <time>2022-06-06T11:07:30Z</time>
      </trkpt>
      <trkpt lat="39.796405581829006" lon="116.42332294932311">
        <ele>28</ele>
        <time>2022-06-06T11:07:31Z</time>
      </trkpt>
      <trkpt lat="39.796383134540086" lon="116.42332407969404">
        <ele>28</ele>
        <time>2022-06-06T11:07:32Z</time>
      </trkpt>
      <trkpt lat="39.796360310825996" lon="116.42332424184164">
        <ele>28</ele>
        <time>2022-06-06T11:07:33Z</time>
      </trkpt>
      <trkpt lat="39.79633716618609" lon="116.42332354085366">
        <ele>27.7</ele>
        <time>2022-06-06T11:07:34Z</time>
      </trkpt>
      <trkpt lat="39.79631371836866" lon="116.42332199404915">
        <ele>27.7</ele>
        <time>2022-06-06T11:07:35Z</time>
      </trkpt>
      <trkpt lat="39.79629003323513" lon="116.42331995900517">
        <ele>27.7</ele>
        <time>2022-06-06T11:07:36Z</time>
      </trkpt>
      <trkpt lat="39.79626614282822" lon="116.42331766288763">
        <ele>27.7</ele>
        <time>2022-06-06T11:07:37Z</time>
      </trkpt>
      <trkpt lat="39.796242030495705" lon="116.42331558645368">
        <ele>27.7</ele>
        <time>2022-06-06T11:07:38Z</time>
      </trkpt>
      <trkpt lat="39.79621732161552" lon="116.42331409763457">
        <ele>27.7</ele>
        <time>2022-06-06T11:07:39Z</time>
      </trkpt>
      <trkpt lat="39.79619234903051" lon="116.42331345062155">
        <ele>27.7</ele>
        <time>2022-06-06T11:07:40Z</time>
      </trkpt>
      <trkpt lat="39.796166986610565" lon="116.42331368962778">
        <ele>27.7</ele>
        <time>2022-06-06T11:07:41Z</time>
      </trkpt>
      <trkpt lat="39.79614060939442" lon="116.423314299114">
        <ele>27.7</ele>
        <time>2022-06-06T11:07:42Z</time>
      </trkpt>
      <trkpt lat="39.79611344461001" lon="116.42331491292597">
        <ele>27.7</ele>
        <time>2022-06-06T11:07:43Z</time>
      </trkpt>
      <trkpt lat="39.796085006798045" lon="116.42331524240149">
        <ele>27</ele>
        <time>2022-06-06T11:07:44Z</time>
      </trkpt>
      <trkpt lat="39.7960553258928" lon="116.42331508580129">
        <ele>27</ele>
        <time>2022-06-06T11:07:45Z</time>
      </trkpt>
      <trkpt lat="39.79602486992564" lon="116.42331464931983">
        <ele>27</ele>
        <time>2022-06-06T11:07:46Z</time>
      </trkpt>
      <trkpt lat="39.79599340440083" lon="116.4233138861981">
        <ele>27</ele>
        <time>2022-06-06T11:07:47Z</time>
      </trkpt>
      <trkpt lat="39.795961524011034" lon="116.42331340103738">
        <ele>27</ele>
        <time>2022-06-06T11:07:48Z</time>
      </trkpt>
      <trkpt lat="39.79592944192787" lon="116.42331281619833">
        <ele>27</ele>
        <time>2022-06-06T11:07:49Z</time>
      </trkpt>
      <trkpt lat="39.79589737081517" lon="116.42331182879829">
        <ele>27</ele>
        <time>2022-06-06T11:07:50Z</time>
      </trkpt>
      <trkpt lat="39.79586555516103" lon="116.42331026423432">
        <ele>27</ele>
        <time>2022-06-06T11:07:51Z</time>
      </trkpt>
      <trkpt lat="39.795834265843716" lon="116.42330802938088">
        <ele>27</ele>
        <time>2022-06-06T11:07:52Z</time>
      </trkpt>
      <trkpt lat="39.795804262594395" lon="116.42330540913267">
        <ele>27</ele>
        <time>2022-06-06T11:07:53Z</time>
      </trkpt>
      <trkpt lat="39.795775384762" lon="116.4233029768204">
        <ele>27.5</ele>
        <time>2022-06-06T11:07:54Z</time>
      </trkpt>
      <trkpt lat="39.795748153832086" lon="116.4233009167099">
        <ele>27.5</ele>
        <time>2022-06-06T11:07:55Z</time>
      </trkpt>
      <trkpt lat="39.79572248974988" lon="116.4232994092905">
        <ele>27.5</ele>
        <time>2022-06-06T11:07:56Z</time>
      </trkpt>
      <trkpt lat="39.79569791659586" lon="116.42329823127803">
        <ele>27.5</ele>
        <time>2022-06-06T11:07:57Z</time>
      </trkpt>
      <trkpt lat="39.795674592513876" lon="116.42329737584404">
        <ele>27.5</ele>
        <time>2022-06-06T11:07:58Z</time>
      </trkpt>
      <trkpt lat="39.795651836019516" lon="116.4232962816981">
        <ele>27</ele>
        <time>2022-06-06T11:07:59Z</time>
      </trkpt>
      <trkpt lat="39.795629485312325" lon="116.42329506233841">
        <ele>27.5</ele>
        <time>2022-06-06T11:08:00Z</time>
      </trkpt>
      <trkpt lat="39.79560771917845" lon="116.4232937331661">
        <ele>27.5</ele>
        <time>2022-06-06T11:08:01Z</time>
      </trkpt>
      <trkpt lat="39.795586024158446" lon="116.42329224197032">
        <ele>27.5</ele>
        <time>2022-06-06T11:08:02Z</time>
      </trkpt>
      <trkpt lat="39.79556436695706" lon="116.42329064547839">
        <ele>27.5</ele>
        <time>2022-06-06T11:08:03Z</time>
      </trkpt>
      <trkpt lat="39.79554269593248" lon="116.42328923154558">
        <ele>26.6</ele>
        <time>2022-06-06T11:08:04Z</time>
      </trkpt>
      <trkpt lat="39.79552099709612" lon="116.42328779597081">
        <ele>26.6</ele>
        <time>2022-06-06T11:08:05Z</time>
      </trkpt>
      <trkpt lat="39.79549920383448" lon="116.42328659922164">
        <ele>26.6</ele>
        <time>2022-06-06T11:08:06Z</time>
      </trkpt>
      <trkpt lat="39.7954772069321" lon="116.42328558909277">
        <ele>26.6</ele>
        <time>2022-06-06T11:08:07Z</time>
      </trkpt>
      <trkpt lat="39.79545522365398" lon="116.42328472828952">
        <ele>26.6</ele>
        <time>2022-06-06T11:08:08Z</time>
      </trkpt>
      <trkpt lat="39.79543283684925" lon="116.42328396713967">
        <ele>26.6</ele>
        <time>2022-06-06T11:08:09Z</time>
      </trkpt>
      <trkpt lat="39.795410427663114" lon="116.42328331116032">
        <ele>26.6</ele>
        <time>2022-06-06T11:08:10Z</time>
      </trkpt>
      <trkpt lat="39.79538791504032" lon="116.42328277089277">
        <ele>26.6</ele>
        <time>2022-06-06T11:08:11Z</time>
      </trkpt>
      <trkpt lat="39.79536498558823" lon="116.42328244891841">
        <ele>26.6</ele>
        <time>2022-06-06T11:08:12Z</time>
      </trkpt>
      <trkpt lat="39.795342009687715" lon="116.42328242681293">
        <ele>26.6</ele>
        <time>2022-06-06T11:08:13Z</time>
      </trkpt>
      <trkpt lat="39.79531891834461" lon="116.42328280690154">
        <ele>26.9</ele>
        <time>2022-06-06T11:08:14Z</time>
      </trkpt>
      <trkpt lat="39.795295316525866" lon="116.4232833803317">
        <ele>26.9</ele>
        <time>2022-06-06T11:08:15Z</time>
      </trkpt>
      <trkpt lat="39.7952715468382" lon="116.42328398952829">
        <ele>26.9</ele>
        <time>2022-06-06T11:08:16Z</time>
      </trkpt>
      <trkpt lat="39.7952475751312" lon="116.42328439333829">
        <ele>26.9</ele>
        <time>2022-06-06T11:08:17Z</time>
      </trkpt>
      <trkpt lat="39.79522304989765" lon="116.42328446944835">
        <ele>26.9</ele>
        <time>2022-06-06T11:08:18Z</time>
      </trkpt>
      <trkpt lat="39.795198000924735" lon="116.42328414242346">
        <ele>26.9</ele>
        <time>2022-06-06T11:08:19Z</time>
      </trkpt>
      <trkpt lat="39.79517243727801" lon="116.4232834975409">
        <ele>26.9</ele>
        <time>2022-06-06T11:08:20Z</time>
      </trkpt>
      <trkpt lat="39.795146407100994" lon="116.42328265168548">
        <ele>26.9</ele>
        <time>2022-06-06T11:08:21Z</time>
      </trkpt>
      <trkpt lat="39.79511989678232" lon="116.4232817151841">
        <ele>26.9</ele>
        <time>2022-06-06T11:08:22Z</time>
      </trkpt>
      <trkpt lat="39.79509321840387" lon="116.42328048901804">
        <ele>26.9</ele>
        <time>2022-06-06T11:08:23Z</time>
      </trkpt>
      <trkpt lat="39.79506634952472" lon="116.42327902889755">
        <ele>27.2</ele>
        <time>2022-06-06T11:08:24Z</time>
      </trkpt>
      <trkpt lat="39.79503895750054" lon="116.42327716271704">
        <ele>27.2</ele>
        <time>2022-06-06T11:08:25Z</time>
      </trkpt>
      <trkpt lat="39.79501149767289" lon="116.42327489621167">
        <ele>27.2</ele>
        <time>2022-06-06T11:08:26Z</time>
      </trkpt>
      <trkpt lat="39.79498398424654" lon="116.42327244780977">
        <ele>27.2</ele>
        <time>2022-06-06T11:08:27Z</time>
      </trkpt>
      <trkpt lat="39.7949561226829" lon="116.42327002910848">
        <ele>27.2</ele>
        <time>2022-06-06T11:08:28Z</time>
      </trkpt>
      <trkpt lat="39.79492849542234" lon="116.42326782844151">
        <ele>27.2</ele>
        <time>2022-06-06T11:08:29Z</time>
      </trkpt>
      <trkpt lat="39.79490089171463" lon="116.4232660007412">
        <ele>27.2</ele>
        <time>2022-06-06T11:08:30Z</time>
      </trkpt>
      <trkpt lat="39.794873860339884" lon="116.42326456973345">
        <ele>27.2</ele>
        <time>2022-06-06T11:08:31Z</time>
      </trkpt>
      <trkpt lat="39.7948474507939" lon="116.42326345120006">
        <ele>27.2</ele>
        <time>2022-06-06T11:08:32Z</time>
      </trkpt>
      <trkpt lat="39.794821389840735" lon="116.42326251602778">
        <ele>27.2</ele>
        <time>2022-06-06T11:08:33Z</time>
      </trkpt>
      <trkpt lat="39.79479575414899" lon="116.42326191613043">
        <ele>27.2</ele>
        <time>2022-06-06T11:08:34Z</time>
      </trkpt>
      <trkpt lat="39.79477051830686" lon="116.42326155518846">
        <ele>27.2</ele>
        <time>2022-06-06T11:08:35Z</time>
      </trkpt>
      <trkpt lat="39.79474564773756" lon="116.42326150101229">
        <ele>27.2</ele>
        <time>2022-06-06T11:08:36Z</time>
      </trkpt>
      <trkpt lat="39.79472107325473" lon="116.42326186184033">
        <ele>27.2</ele>
        <time>2022-06-06T11:08:37Z</time>
      </trkpt>
      <trkpt lat="39.79469676101975" lon="116.42326249031012">
        <ele>27.2</ele>
        <time>2022-06-06T11:08:38Z</time>
      </trkpt>
      <trkpt lat="39.79467299061724" lon="116.42326316205822">
        <ele>27.2</ele>
        <time>2022-06-06T11:08:39Z</time>
      </trkpt>
      <trkpt lat="39.79464931285021" lon="116.42326384604347">
        <ele>27.2</ele>
        <time>2022-06-06T11:08:40Z</time>
      </trkpt>
      <trkpt lat="39.79462604230201" lon="116.42326443603983">
        <ele>27.2</ele>
        <time>2022-06-06T11:08:41Z</time>
      </trkpt>
      <trkpt lat="39.79460273386358" lon="116.42326482175224">
        <ele>27.2</ele>
        <time>2022-06-06T11:08:42Z</time>
      </trkpt>
      <trkpt lat="39.79457938535817" lon="116.42326501510315">
        <ele>27.2</ele>
        <time>2022-06-06T11:08:43Z</time>
      </trkpt>
      <trkpt lat="39.794556311655704" lon="116.42326514908557">
        <ele>26.8</ele>
        <time>2022-06-06T11:08:44Z</time>
      </trkpt>
      <trkpt lat="39.79453312185084" lon="116.42326530104098">
        <ele>26.8</ele>
        <time>2022-06-06T11:08:45Z</time>
      </trkpt>
      <trkpt lat="39.794509841192024" lon="116.42326559721612">
        <ele>26.8</ele>
        <time>2022-06-06T11:08:46Z</time>
      </trkpt>
      <trkpt lat="39.794486792508756" lon="116.42326616409706">
        <ele>26.8</ele>
        <time>2022-06-06T11:08:47Z</time>
      </trkpt>
      <trkpt lat="39.79446356899726" lon="116.42326710927715">
        <ele>26.8</ele>
        <time>2022-06-06T11:08:48Z</time>
      </trkpt>
      <trkpt lat="39.794440142492114" lon="116.42326836555968">
        <ele>26.8</ele>
        <time>2022-06-06T11:08:49Z</time>
      </trkpt>
      <trkpt lat="39.7944164934204" lon="116.42326988873579">
        <ele>26.8</ele>
        <time>2022-06-06T11:08:50Z</time>
      </trkpt>
      <trkpt lat="39.79439261226201" lon="116.42327171274484">
        <ele>26.8</ele>
        <time>2022-06-06T11:08:51Z</time>
      </trkpt>
      <trkpt lat="39.794368471928045" lon="116.42327383759434">
        <ele>26.8</ele>
        <time>2022-06-06T11:08:52Z</time>
      </trkpt>
      <trkpt lat="39.794344432995544" lon="116.42327630843342">
        <ele>26.8</ele>
        <time>2022-06-06T11:08:53Z</time>
      </trkpt>
      <trkpt lat="39.79432045719824" lon="116.42327910601502">
        <ele>27</ele>
        <time>2022-06-06T11:08:54Z</time>
      </trkpt>
      <trkpt lat="39.794296260744815" lon="116.42328226838407">
        <ele>27</ele>
        <time>2022-06-06T11:08:55Z</time>
      </trkpt>
      <trkpt lat="39.79427224258829" lon="116.42328561903624">
        <ele>27</ele>
        <time>2022-06-06T11:08:56Z</time>
      </trkpt>
      <trkpt lat="39.79424839100782" lon="116.42328901765892">
        <ele>27</ele>
        <time>2022-06-06T11:08:57Z</time>
      </trkpt>
      <trkpt lat="39.79422439336722" lon="116.42329236697238">
        <ele>27</ele>
        <time>2022-06-06T11:08:58Z</time>
      </trkpt>
      <trkpt lat="39.794200655005596" lon="116.42329550086528">
        <ele>27</ele>
        <time>2022-06-06T11:08:59Z</time>
      </trkpt>
      <trkpt lat="39.79417715290869" lon="116.42329849533382">
        <ele>27</ele>
        <time>2022-06-06T11:09:00Z</time>
      </trkpt>
      <trkpt lat="39.794153615611584" lon="116.42330219943096">
        <ele>27</ele>
        <time>2022-06-06T11:09:01Z</time>
      </trkpt>
      <trkpt lat="39.794130159427986" lon="116.4233061068398">
        <ele>27</ele>
        <time>2022-06-06T11:09:02Z</time>
      </trkpt>
      <trkpt lat="39.794106249925676" lon="116.42331019922128">
        <ele>27</ele>
        <time>2022-06-06T11:09:03Z</time>
      </trkpt>
      <trkpt lat="39.79408175591213" lon="116.42331436856097">
        <ele>26.9</ele>
        <time>2022-06-06T11:09:04Z</time>
      </trkpt>
      <trkpt lat="39.794056555200534" lon="116.42331854225262">
        <ele>26.9</ele>
        <time>2022-06-06T11:09:05Z</time>
      </trkpt>
      <trkpt lat="39.79403086821587" lon="116.42332216300323">
        <ele>26.9</ele>
        <time>2022-06-06T11:09:06Z</time>
      </trkpt>
      <trkpt lat="39.794004670804185" lon="116.42332535299305">
        <ele>26.9</ele>
        <time>2022-06-06T11:09:07Z</time>
      </trkpt>
      <trkpt lat="39.79397767543355" lon="116.42332818692158">
        <ele>26.9</ele>
        <time>2022-06-06T11:09:08Z</time>
      </trkpt>
      <trkpt lat="39.79395038159411" lon="116.42333077828656">
        <ele>26.9</ele>
        <time>2022-06-06T11:09:09Z</time>
      </trkpt>
      <trkpt lat="39.79392284458145" lon="116.42333322846204">
        <ele>26.9</ele>
        <time>2022-06-06T11:09:10Z</time>
      </trkpt>
      <trkpt lat="39.793894853083344" lon="116.42333555562287">
        <ele>26.9</ele>
        <time>2022-06-06T11:09:11Z</time>
      </trkpt>
      <trkpt lat="39.79386683087941" lon="116.42333702700083">
        <ele>26.9</ele>
        <time>2022-06-06T11:09:12Z</time>
      </trkpt>
      <trkpt lat="39.79383910153556" lon="116.42333805037082">
        <ele>26.9</ele>
        <time>2022-06-06T11:09:13Z</time>
      </trkpt>
      <trkpt lat="39.793811916838095" lon="116.42333864072992">
        <ele>26.9</ele>
        <time>2022-06-06T11:09:14Z</time>
      </trkpt>
      <trkpt lat="39.7937855259858" lon="116.42333881461083">
        <ele>26.9</ele>
        <time>2022-06-06T11:09:15Z</time>
      </trkpt>
      <trkpt lat="39.79376009833441" lon="116.42333861323371">
        <ele>26.9</ele>
        <time>2022-06-06T11:09:16Z</time>
      </trkpt>
      <trkpt lat="39.793735415703075" lon="116.42333847194654">
        <ele>26.9</ele>
        <time>2022-06-06T11:09:17Z</time>
      </trkpt>
      <trkpt lat="39.79371146683449" lon="116.42333830503875">
        <ele>26.9</ele>
        <time>2022-06-06T11:09:18Z</time>
      </trkpt>
      <trkpt lat="39.79368815701134" lon="116.42333802514034">
        <ele>26.9</ele>
        <time>2022-06-06T11:09:19Z</time>
      </trkpt>
      <trkpt lat="39.79366531445939" lon="116.4233375675076">
        <ele>26.9</ele>
        <time>2022-06-06T11:09:20Z</time>
      </trkpt>
      <trkpt lat="39.793642827164796" lon="116.4233368717646">
        <ele>26.9</ele>
        <time>2022-06-06T11:09:21Z</time>
      </trkpt>
      <trkpt lat="39.79362060756075" lon="116.4233359995606">
        <ele>26.9</ele>
        <time>2022-06-06T11:09:22Z</time>
      </trkpt>
      <trkpt lat="39.793598565161396" lon="116.42333506976172">
        <ele>26.9</ele>
        <time>2022-06-06T11:09:23Z</time>
      </trkpt>
      <trkpt lat="39.793576313843076" lon="116.42333432622102">
        <ele>26.6</ele>
        <time>2022-06-06T11:09:24Z</time>
      </trkpt>
      <trkpt lat="39.793554150360876" lon="116.4233339108186">
        <ele>26.6</ele>
        <time>2022-06-06T11:09:25Z</time>
      </trkpt>
      <trkpt lat="39.79353187426701" lon="116.4233339320443">
        <ele>26.6</ele>
        <time>2022-06-06T11:09:26Z</time>
      </trkpt>
      <trkpt lat="39.79350895002449" lon="116.42333428089769">
        <ele>26.6</ele>
        <time>2022-06-06T11:09:27Z</time>
      </trkpt>
      <trkpt lat="39.793485584091414" lon="116.42333487784232">
        <ele>26.6</ele>
        <time>2022-06-06T11:09:28Z</time>
      </trkpt>
      <trkpt lat="39.79346168310833" lon="116.42333577092376">
        <ele>26.6</ele>
        <time>2022-06-06T11:09:29Z</time>
      </trkpt>
      <trkpt lat="39.79343710563859" lon="116.42333694664578">
        <ele>26.6</ele>
        <time>2022-06-06T11:09:30Z</time>
      </trkpt>
      <trkpt lat="39.79341180595145" lon="116.42333830703105">
        <ele>26.6</ele>
        <time>2022-06-06T11:09:31Z</time>
      </trkpt>
      <trkpt lat="39.79338580346935" lon="116.42333993659382">
        <ele>26.6</ele>
        <time>2022-06-06T11:09:32Z</time>
      </trkpt>
      <trkpt lat="39.793359204268604" lon="116.42334192726065">
        <ele>26.6</ele>
        <time>2022-06-06T11:09:33Z</time>
      </trkpt>
      <trkpt lat="39.793332143869144" lon="116.42334417554909">
        <ele>26.6</ele>
        <time>2022-06-06T11:09:34Z</time>
      </trkpt>
      <trkpt lat="39.79330472843861" lon="116.42334651787532">
        <ele>26.6</ele>
        <time>2022-06-06T11:09:35Z</time>
      </trkpt>
      <trkpt lat="39.793277120369225" lon="116.42334900198624">
        <ele>26.6</ele>
        <time>2022-06-06T11:09:36Z</time>
      </trkpt>
      <trkpt lat="39.79324945571921" lon="116.42335164092484">
        <ele>26.6</ele>
        <time>2022-06-06T11:09:37Z</time>
      </trkpt>
      <trkpt lat="39.79322189036172" lon="116.42335452732924">
        <ele>26.6</ele>
        <time>2022-06-06T11:09:38Z</time>
      </trkpt>
      <trkpt lat="39.793194531002925" lon="116.42335761428109">
        <ele>26.6</ele>
        <time>2022-06-06T11:09:39Z</time>
      </trkpt>
      <trkpt lat="39.79316710719122" lon="116.42336076929">
        <ele>26.6</ele>
        <time>2022-06-06T11:09:40Z</time>
      </trkpt>
      <trkpt lat="39.79314013655145" lon="116.42336394761875">
        <ele>26.6</ele>
        <time>2022-06-06T11:09:41Z</time>
      </trkpt>
      <trkpt lat="39.793113619852186" lon="116.42336729147536">
        <ele>26.6</ele>
        <time>2022-06-06T11:09:42Z</time>
      </trkpt>
      <trkpt lat="39.793087150055825" lon="116.42337087897756">
        <ele>26.6</ele>
        <time>2022-06-06T11:09:43Z</time>
      </trkpt>
      <trkpt lat="39.79306094600791" lon="116.42337466231919">
        <ele>26.7</ele>
        <time>2022-06-06T11:09:44Z</time>
      </trkpt>
      <trkpt lat="39.793034514166806" lon="116.42337867108476">
        <ele>26.7</ele>
        <time>2022-06-06T11:09:45Z</time>
      </trkpt>
      <trkpt lat="39.79300809251495" lon="116.42338287016813">
        <ele>26.7</ele>
        <time>2022-06-06T11:09:46Z</time>
      </trkpt>
      <trkpt lat="39.79298154778542" lon="116.42338708316473">
        <ele>26.7</ele>
        <time>2022-06-06T11:09:47Z</time>
      </trkpt>
      <trkpt lat="39.792954447103895" lon="116.42339110466509">
        <ele>26.7</ele>
        <time>2022-06-06T11:09:48Z</time>
      </trkpt>
      <trkpt lat="39.79292718306187" lon="116.42339493502627">
        <ele>26.7</ele>
        <time>2022-06-06T11:09:49Z</time>
      </trkpt>
      <trkpt lat="39.79289975507494" lon="116.42339875067258">
        <ele>26.7</ele>
        <time>2022-06-06T11:09:50Z</time>
      </trkpt>
      <trkpt lat="39.79287221585022" lon="116.42340265341781">
        <ele>26.7</ele>
        <time>2022-06-06T11:09:51Z</time>
      </trkpt>
      <trkpt lat="39.792844608768945" lon="116.42340677473115">
        <ele>26.7</ele>
        <time>2022-06-06T11:09:52Z</time>
      </trkpt>
      <trkpt lat="39.79281700494145" lon="116.42341095059186">
        <ele>26.7</ele>
        <time>2022-06-06T11:09:53Z</time>
      </trkpt>
      <trkpt lat="39.79278978198922" lon="116.42341499001958">
        <ele>26.8</ele>
        <time>2022-06-06T11:09:54Z</time>
      </trkpt>
      <trkpt lat="39.79276257571206" lon="116.42341881643438">
        <ele>26.8</ele>
        <time>2022-06-06T11:09:55Z</time>
      </trkpt>
      <trkpt lat="39.79273566465953" lon="116.42342233991133">
        <ele>26.8</ele>
        <time>2022-06-06T11:09:56Z</time>
      </trkpt>
      <trkpt lat="39.79270893070837" lon="116.423425554516">
        <ele>26.8</ele>
        <time>2022-06-06T11:09:57Z</time>
      </trkpt>
      <trkpt lat="39.792681923393836" lon="116.42342853404202">
        <ele>26.8</ele>
        <time>2022-06-06T11:09:58Z</time>
      </trkpt>
      <trkpt lat="39.79265502334406" lon="116.42343143389398">
        <ele>26</ele>
        <time>2022-06-06T11:09:59Z</time>
      </trkpt>
      <trkpt lat="39.79262785237912" lon="116.42343431212682">
        <ele>26.8</ele>
        <time>2022-06-06T11:10:00Z</time>
      </trkpt>
      <trkpt lat="39.79260054282319" lon="116.42343722363377">
        <ele>26.8</ele>
        <time>2022-06-06T11:10:01Z</time>
      </trkpt>
      <trkpt lat="39.792573473412446" lon="116.42344024135011">
        <ele>26.8</ele>
        <time>2022-06-06T11:10:02Z</time>
      </trkpt>
      <trkpt lat="39.79254631184688" lon="116.42344347933845">
        <ele>26.8</ele>
        <time>2022-06-06T11:10:03Z</time>
      </trkpt>
      <trkpt lat="39.7925191217941" lon="116.42344704366145">
        <ele>26.2</ele>
        <time>2022-06-06T11:10:04Z</time>
      </trkpt>
      <trkpt lat="39.79249163883583" lon="116.42345101516287">
        <ele>26.2</ele>
        <time>2022-06-06T11:10:05Z</time>
      </trkpt>
      <trkpt lat="39.79246423285164" lon="116.42345522478668">
        <ele>26.2</ele>
        <time>2022-06-06T11:10:06Z</time>
      </trkpt>
      <trkpt lat="39.79243693835611" lon="116.42345955360187">
        <ele>26.2</ele>
        <time>2022-06-06T11:10:07Z</time>
      </trkpt>
      <trkpt lat="39.792409806827" lon="116.4234639097237">
        <ele>26.2</ele>
        <time>2022-06-06T11:10:08Z</time>
      </trkpt>
      <trkpt lat="39.792383228953625" lon="116.42346820277605">
        <ele>26.2</ele>
        <time>2022-06-06T11:10:09Z</time>
      </trkpt>
      <trkpt lat="39.792356882269736" lon="116.42347244286981">
        <ele>26.2</ele>
        <time>2022-06-06T11:10:10Z</time>
      </trkpt>
      <trkpt lat="39.79233117108919" lon="116.42347660599654">
        <ele>26.2</ele>
        <time>2022-06-06T11:10:11Z</time>
      </trkpt>
      <trkpt lat="39.79230565823481" lon="116.42348071788138">
        <ele>26.2</ele>
        <time>2022-06-06T11:10:12Z</time>
      </trkpt>
      <trkpt lat="39.79228032715075" lon="116.42348475900928">
        <ele>26.2</ele>
        <time>2022-06-06T11:10:13Z</time>
      </trkpt>
      <trkpt lat="39.79225544972299" lon="116.4234885647391">
        <ele>26.9</ele>
        <time>2022-06-06T11:10:14Z</time>
      </trkpt>
      <trkpt lat="39.79223059810521" lon="116.42349213534688">
        <ele>26.9</ele>
        <time>2022-06-06T11:10:15Z</time>
      </trkpt>
      <trkpt lat="39.79220611528622" lon="116.4234954663979">
        <ele>26.9</ele>
        <time>2022-06-06T11:10:16Z</time>
      </trkpt>
      <trkpt lat="39.79218201580692" lon="116.42349872324355">
        <ele>26.9</ele>
        <time>2022-06-06T11:10:17Z</time>
      </trkpt>
      <trkpt lat="39.79215800632221" lon="116.42350211413321">
        <ele>26.9</ele>
        <time>2022-06-06T11:10:18Z</time>
      </trkpt>
      <trkpt lat="39.792134172585435" lon="116.42350572540042">
        <ele>26.9</ele>
        <time>2022-06-06T11:10:19Z</time>
      </trkpt>
      <trkpt lat="39.79211051287854" lon="116.42350961865338">
        <ele>26.9</ele>
        <time>2022-06-06T11:10:20Z</time>
      </trkpt>
      <trkpt lat="39.792087292732276" lon="116.42351380947106">
        <ele>26.9</ele>
        <time>2022-06-06T11:10:21Z</time>
      </trkpt>
      <trkpt lat="39.792064069620515" lon="116.42351834729035">
        <ele>26.9</ele>
        <time>2022-06-06T11:10:22Z</time>
      </trkpt>
      <trkpt lat="39.792041147578" lon="116.42352313380353">
        <ele>26.9</ele>
        <time>2022-06-06T11:10:23Z</time>
      </trkpt>
      <trkpt lat="39.79201844673985" lon="116.4235280106436">
        <ele>26.2</ele>
        <time>2022-06-06T11:10:24Z</time>
      </trkpt>
      <trkpt lat="39.791995606014275" lon="116.42353300103656">
        <ele>26.2</ele>
        <time>2022-06-06T11:10:25Z</time>
      </trkpt>
      <trkpt lat="39.791972972809205" lon="116.42353796646465">
        <ele>26.2</ele>
        <time>2022-06-06T11:10:26Z</time>
      </trkpt>
      <trkpt lat="39.791950429906976" lon="116.4235428262321">
        <ele>26.2</ele>
        <time>2022-06-06T11:10:27Z</time>
      </trkpt>
      <trkpt lat="39.79192755474533" lon="116.42354766749223">
        <ele>26.2</ele>
        <time>2022-06-06T11:10:28Z</time>
      </trkpt>
      <trkpt lat="39.791904629923884" lon="116.42355245558834">
        <ele>26.2</ele>
        <time>2022-06-06T11:10:29Z</time>
      </trkpt>
      <trkpt lat="39.79188119309352" lon="116.42355748327067">
        <ele>26.2</ele>
        <time>2022-06-06T11:10:30Z</time>
      </trkpt>
      <trkpt lat="39.7918571005265" lon="116.42356265434185">
        <ele>26.2</ele>
        <time>2022-06-06T11:10:31Z</time>
      </trkpt>
      <trkpt lat="39.791832227538485" lon="116.42356797249946">
        <ele>26.2</ele>
        <time>2022-06-06T11:10:32Z</time>
      </trkpt>
      <trkpt lat="39.791806446434904" lon="116.42357342289138">
        <ele>26.2</ele>
        <time>2022-06-06T11:10:33Z</time>
      </trkpt>
      <trkpt lat="39.791779707413305" lon="116.42357900000674">
        <ele>26.2</ele>
        <time>2022-06-06T11:10:34Z</time>
      </trkpt>
      <trkpt lat="39.79175201758397" lon="116.42358465394898">
        <ele>26.2</ele>
        <time>2022-06-06T11:10:35Z</time>
      </trkpt>
      <trkpt lat="39.79172351827486" lon="116.42359047273091">
        <ele>26.2</ele>
        <time>2022-06-06T11:10:36Z</time>
      </trkpt>
      <trkpt lat="39.79169441268466" lon="116.42359648211676">
        <ele>26.2</ele>
        <time>2022-06-06T11:10:37Z</time>
      </trkpt>
      <trkpt lat="39.791664943377995" lon="116.42360264814248">
        <ele>26.2</ele>
        <time>2022-06-06T11:10:38Z</time>
      </trkpt>
      <trkpt lat="39.79163564232774" lon="116.4236087681489">
        <ele>26.2</ele>
        <time>2022-06-06T11:10:39Z</time>
      </trkpt>
      <trkpt lat="39.79160628515657" lon="116.42361476252805">
        <ele>26.2</ele>
        <time>2022-06-06T11:10:40Z</time>
      </trkpt>
      <trkpt lat="39.791577374017145" lon="116.4236203120365">
        <ele>26.2</ele>
        <time>2022-06-06T11:10:41Z</time>
      </trkpt>
      <trkpt lat="39.7915490366762" lon="116.42362532702678">
        <ele>26.2</ele>
        <time>2022-06-06T11:10:42Z</time>
      </trkpt>
      <trkpt lat="39.791521059632714" lon="116.42362982739886">
        <ele>26.2</ele>
        <time>2022-06-06T11:10:43Z</time>
      </trkpt>
      <trkpt lat="39.79149391263009" lon="116.42363370577108">
        <ele>26.5</ele>
        <time>2022-06-06T11:10:44Z</time>
      </trkpt>
      <trkpt lat="39.79146760345135" lon="116.42363697469872">
        <ele>26.5</ele>
        <time>2022-06-06T11:10:45Z</time>
      </trkpt>
      <trkpt lat="39.791441787065" lon="116.42363992494562">
        <ele>26.5</ele>
        <time>2022-06-06T11:10:46Z</time>
      </trkpt>
      <trkpt lat="39.79141673634155" lon="116.42364254758553">
        <ele>26.5</ele>
        <time>2022-06-06T11:10:47Z</time>
      </trkpt>
      <trkpt lat="39.79139227014626" lon="116.42364494343465">
        <ele>26.5</ele>
        <time>2022-06-06T11:10:48Z</time>
      </trkpt>
      <trkpt lat="39.79136793810479" lon="116.42364725986702">
        <ele>26.5</ele>
        <time>2022-06-06T11:10:49Z</time>
      </trkpt>
      <trkpt lat="39.79134369792876" lon="116.42364961026026">
        <ele>26.5</ele>
        <time>2022-06-06T11:10:50Z</time>
      </trkpt>
      <trkpt lat="39.79131980829474" lon="116.42365194285674">
        <ele>26.5</ele>
        <time>2022-06-06T11:10:51Z</time>
      </trkpt>
      <trkpt lat="39.79129582068743" lon="116.42365429560306">
        <ele>26.5</ele>
        <time>2022-06-06T11:10:52Z</time>
      </trkpt>
      <trkpt lat="39.79127177312632" lon="116.4236568121964">
        <ele>26.5</ele>
        <time>2022-06-06T11:10:53Z</time>
      </trkpt>
      <trkpt lat="39.791248022545346" lon="116.42365981792192">
        <ele>26.5</ele>
        <time>2022-06-06T11:10:54Z</time>
      </trkpt>
      <trkpt lat="39.791224425207034" lon="116.42366337273072">
        <ele>26.5</ele>
        <time>2022-06-06T11:10:55Z</time>
      </trkpt>
      <trkpt lat="39.79120052733446" lon="116.42366744617541">
        <ele>26.5</ele>
        <time>2022-06-06T11:10:56Z</time>
      </trkpt>
      <trkpt lat="39.79117664123633" lon="116.42367186505071">
        <ele>26.5</ele>
        <time>2022-06-06T11:10:57Z</time>
      </trkpt>
      <trkpt lat="39.79115264566322" lon="116.4236765092572">
        <ele>26.5</ele>
        <time>2022-06-06T11:10:58Z</time>
      </trkpt>
      <trkpt lat="39.79112818765125" lon="116.42368136996745">
        <ele>26</ele>
        <time>2022-06-06T11:10:59Z</time>
      </trkpt>
      <trkpt lat="39.79110354832261" lon="116.42368601678231">
        <ele>26.5</ele>
        <time>2022-06-06T11:11:00Z</time>
      </trkpt>
      <trkpt lat="39.79107839091494" lon="116.42369066040683">
        <ele>26.5</ele>
        <time>2022-06-06T11:11:01Z</time>
      </trkpt>
      <trkpt lat="39.79105283111222" lon="116.42369543027846">
        <ele>26.5</ele>
        <time>2022-06-06T11:11:02Z</time>
      </trkpt>
      <trkpt lat="39.79102728123001" lon="116.42370033095784">
        <ele>26.5</ele>
        <time>2022-06-06T11:11:03Z</time>
      </trkpt>
      <trkpt lat="39.791001407152116" lon="116.42370529220491">
        <ele>26.1</ele>
        <time>2022-06-06T11:11:04Z</time>
      </trkpt>
      <trkpt lat="39.790975281100614" lon="116.42370991976873">
        <ele>26.1</ele>
        <time>2022-06-06T11:11:05Z</time>
      </trkpt>
      <trkpt lat="39.79094906705948" lon="116.4237140961593">
        <ele>26.1</ele>
        <time>2022-06-06T11:11:06Z</time>
      </trkpt>
      <trkpt lat="39.790922911620356" lon="116.4237178154686">
        <ele>26.1</ele>
        <time>2022-06-06T11:11:07Z</time>
      </trkpt>
      <trkpt lat="39.79089693312225" lon="116.42372109757922">
        <ele>26.1</ele>
        <time>2022-06-06T11:11:08Z</time>
      </trkpt>
      <trkpt lat="39.79087095492612" lon="116.42372413634878">
        <ele>26.1</ele>
        <time>2022-06-06T11:11:09Z</time>
      </trkpt>
      <trkpt lat="39.790845401337755" lon="116.42372696869013">
        <ele>26.1</ele>
        <time>2022-06-06T11:11:10Z</time>
      </trkpt>
      <trkpt lat="39.790820058453384" lon="116.42373010106121">
        <ele>26.1</ele>
        <time>2022-06-06T11:11:11Z</time>
      </trkpt>
      <trkpt lat="39.79079530750743" lon="116.42373336756508">
        <ele>26.1</ele>
        <time>2022-06-06T11:11:12Z</time>
      </trkpt>
      <trkpt lat="39.79077108349578" lon="116.42373671047697">
        <ele>26.1</ele>
        <time>2022-06-06T11:11:13Z</time>
      </trkpt>
      <trkpt lat="39.79074701597694" lon="116.42374016249815">
        <ele>26.2</ele>
        <time>2022-06-06T11:11:14Z</time>
      </trkpt>
      <trkpt lat="39.7907234595176" lon="116.42374374002559">
        <ele>26.2</ele>
        <time>2022-06-06T11:11:15Z</time>
      </trkpt>
      <trkpt lat="39.79070034858024" lon="116.42374743798212">
        <ele>26.2</ele>
        <time>2022-06-06T11:11:16Z</time>
      </trkpt>
      <trkpt lat="39.790677271675165" lon="116.42375143893193">
        <ele>26.2</ele>
        <time>2022-06-06T11:11:17Z</time>
      </trkpt>
      <trkpt lat="39.790654494001764" lon="116.4237556500352">
        <ele>26.2</ele>
        <time>2022-06-06T11:11:18Z</time>
      </trkpt>
      <trkpt lat="39.790631827257315" lon="116.42376017359946">
        <ele>26.2</ele>
        <time>2022-06-06T11:11:19Z</time>
      </trkpt>
      <trkpt lat="39.790609088692214" lon="116.42376492885943">
        <ele>26.2</ele>
        <time>2022-06-06T11:11:20Z</time>
      </trkpt>
      <trkpt lat="39.79058617975745" lon="116.42376979080515">
        <ele>26.2</ele>
        <time>2022-06-06T11:11:21Z</time>
      </trkpt>
      <trkpt lat="39.79056336335036" lon="116.42377457574257">
        <ele>26.2</ele>
        <time>2022-06-06T11:11:22Z</time>
      </trkpt>
      <trkpt lat="39.79054027050978" lon="116.4237792236392">
        <ele>26.2</ele>
        <time>2022-06-06T11:11:23Z</time>
      </trkpt>
      <trkpt lat="39.7905166859653" lon="116.42378360980794">
        <ele>26.2</ele>
        <time>2022-06-06T11:11:24Z</time>
      </trkpt>
      <trkpt lat="39.790493086242385" lon="116.42378763555743">
        <ele>26.2</ele>
        <time>2022-06-06T11:11:25Z</time>
      </trkpt>
      <trkpt lat="39.790469507883756" lon="116.42379137650688">
        <ele>26.2</ele>
        <time>2022-06-06T11:11:26Z</time>
      </trkpt>
      <trkpt lat="39.79044564578634" lon="116.42379487047326">
        <ele>26.2</ele>
        <time>2022-06-06T11:11:27Z</time>
      </trkpt>
      <trkpt lat="39.790421927737185" lon="116.42379806916242">
        <ele>26.2</ele>
        <time>2022-06-06T11:11:28Z</time>
      </trkpt>
      <trkpt lat="39.790398396537526" lon="116.42380111676084">
        <ele>26.2</ele>
        <time>2022-06-06T11:11:29Z</time>
      </trkpt>
      <trkpt lat="39.79037478701039" lon="116.42380396111909">
        <ele>26.2</ele>
        <time>2022-06-06T11:11:30Z</time>
      </trkpt>
      <trkpt lat="39.790351536446174" lon="116.4238065069276">
        <ele>26.2</ele>
        <time>2022-06-06T11:11:31Z</time>
      </trkpt>
      <trkpt lat="39.7903286142282" lon="116.42380880141131">
        <ele>26.2</ele>
        <time>2022-06-06T11:11:32Z</time>
      </trkpt>
      <trkpt lat="39.79030555617659" lon="116.42381077717899">
        <ele>26.2</ele>
        <time>2022-06-06T11:11:33Z</time>
      </trkpt>
      <trkpt lat="39.79028259521084" lon="116.42381233187253">
        <ele>26.7</ele>
        <time>2022-06-06T11:11:34Z</time>
      </trkpt>
      <trkpt lat="39.79025987965056" lon="116.42381356958944">
        <ele>26.7</ele>
        <time>2022-06-06T11:11:35Z</time>
      </trkpt>
      <trkpt lat="39.790236705931214" lon="116.42381477664395">
        <ele>26.7</ele>
        <time>2022-06-06T11:11:36Z</time>
      </trkpt>
      <trkpt lat="39.79021293435325" lon="116.42381589414947">
        <ele>26.7</ele>
        <time>2022-06-06T11:11:37Z</time>
      </trkpt>
      <trkpt lat="39.790188510583576" lon="116.4238169580894">
        <ele>26.7</ele>
        <time>2022-06-06T11:11:38Z</time>
      </trkpt>
      <trkpt lat="39.79016345883641" lon="116.42381822392483">
        <ele>26.7</ele>
        <time>2022-06-06T11:11:39Z</time>
      </trkpt>
      <trkpt lat="39.79013750569179" lon="116.42381973980457">
        <ele>26.7</ele>
        <time>2022-06-06T11:11:40Z</time>
      </trkpt>
      <trkpt lat="39.790111181988614" lon="116.42382168091726">
        <ele>26.7</ele>
        <time>2022-06-06T11:11:41Z</time>
      </trkpt>
      <trkpt lat="39.79008459714966" lon="116.42382443121673">
        <ele>26.7</ele>
        <time>2022-06-06T11:11:42Z</time>
      </trkpt>
      <trkpt lat="39.7900576811803" lon="116.42382857571471">
        <ele>26.7</ele>
        <time>2022-06-06T11:11:43Z</time>
      </trkpt>
      <trkpt lat="39.79003091336277" lon="116.42383398924322">
        <ele>26.7</ele>
        <time>2022-06-06T11:11:44Z</time>
      </trkpt>
      <trkpt lat="39.79000403963729" lon="116.42384075144342">
        <ele>26.7</ele>
        <time>2022-06-06T11:11:45Z</time>
      </trkpt>
      <trkpt lat="39.78997716469558" lon="116.42384847134836">
        <ele>26.7</ele>
        <time>2022-06-06T11:11:46Z</time>
      </trkpt>
      <trkpt lat="39.78995087698686" lon="116.42385654725888">
        <ele>26.7</ele>
        <time>2022-06-06T11:11:47Z</time>
      </trkpt>
      <trkpt lat="39.789924942393405" lon="116.42386459038438">
        <ele>26.7</ele>
        <time>2022-06-06T11:11:48Z</time>
      </trkpt>
      <trkpt lat="39.78989983603876" lon="116.42387249616645">
        <ele>26.7</ele>
        <time>2022-06-06T11:11:49Z</time>
      </trkpt>
      <trkpt lat="39.78987553525505" lon="116.42387997133967">
        <ele>26.7</ele>
        <time>2022-06-06T11:11:50Z</time>
      </trkpt>
      <trkpt lat="39.78985204461609" lon="116.42388717283409">
        <ele>26.7</ele>
        <time>2022-06-06T11:11:51Z</time>
      </trkpt>
      <trkpt lat="39.7898292578609" lon="116.42389385978464">
        <ele>26.7</ele>
        <time>2022-06-06T11:11:52Z</time>
      </trkpt>
      <trkpt lat="39.789807033548875" lon="116.42389969091722">
        <ele>26.7</ele>
        <time>2022-06-06T11:11:53Z</time>
      </trkpt>
      <trkpt lat="39.789785503813405" lon="116.42390407781019">
        <ele>26.2</ele>
        <time>2022-06-06T11:11:54Z</time>
      </trkpt>
      <trkpt lat="39.78976426685198" lon="116.42390730566447">
        <ele>26.2</ele>
        <time>2022-06-06T11:11:55Z</time>
      </trkpt>
      <trkpt lat="39.789743611915284" lon="116.42390940455469">
        <ele>26.2</ele>
        <time>2022-06-06T11:11:56Z</time>
      </trkpt>
      <trkpt lat="39.78972339631538" lon="116.42391080289083">
        <ele>26.2</ele>
        <time>2022-06-06T11:11:57Z</time>
      </trkpt>
      <trkpt lat="39.7897031805386" lon="116.42391189427235">
        <ele>26.2</ele>
        <time>2022-06-06T11:11:58Z</time>
      </trkpt>
      <trkpt lat="39.78968324593783" lon="116.4239130900174">
        <ele>26</ele>
        <time>2022-06-06T11:11:59Z</time>
      </trkpt>
      <trkpt lat="39.78966307173485" lon="116.42391429810301">
        <ele>26.2</ele>
        <time>2022-06-06T11:12:00Z</time>
      </trkpt>
      <trkpt lat="39.78964257410485" lon="116.42391554413831">
        <ele>26.2</ele>
        <time>2022-06-06T11:12:01Z</time>
      </trkpt>
      <trkpt lat="39.78962197851222" lon="116.42391665652346">
        <ele>26.2</ele>
        <time>2022-06-06T11:12:02Z</time>
      </trkpt>
      <trkpt lat="39.789600841895435" lon="116.42391773437635">
        <ele>26.2</ele>
        <time>2022-06-06T11:12:03Z</time>
      </trkpt>
      <trkpt lat="39.78957919333602" lon="116.42391877828179">
        <ele>26.7</ele>
        <time>2022-06-06T11:12:04Z</time>
      </trkpt>
      <trkpt lat="39.78955702028356" lon="116.42391994912602">
        <ele>26.7</ele>
        <time>2022-06-06T11:12:05Z</time>
      </trkpt>
      <trkpt lat="39.78953436430906" lon="116.42392119933123">
        <ele>26.7</ele>
        <time>2022-06-06T11:12:06Z</time>
      </trkpt>
      <trkpt lat="39.78951127739983" lon="116.42392236682915">
        <ele>26.7</ele>
        <time>2022-06-06T11:12:07Z</time>
      </trkpt>
      <trkpt lat="39.78948755777345" lon="116.42392376852386">
        <ele>26.7</ele>
        <time>2022-06-06T11:12:08Z</time>
      </trkpt>
      <trkpt lat="39.789463618630904" lon="116.42392531915785">
        <ele>26.7</ele>
        <time>2022-06-06T11:12:09Z</time>
      </trkpt>
      <trkpt lat="39.78943942989761" lon="116.42392702042336">
        <ele>26.7</ele>
        <time>2022-06-06T11:12:10Z</time>
      </trkpt>
      <trkpt lat="39.78941504462763" lon="116.42392909272816">
        <ele>26.7</ele>
        <time>2022-06-06T11:12:11Z</time>
      </trkpt>
      <trkpt lat="39.789390380740514" lon="116.42393152221804">
        <ele>26.7</ele>
        <time>2022-06-06T11:12:12Z</time>
      </trkpt>
      <trkpt lat="39.78936505475949" lon="116.4239341066942">
        <ele>26.7</ele>
        <time>2022-06-06T11:12:13Z</time>
      </trkpt>
      <trkpt lat="39.78933947175029" lon="116.42393694874717">
        <ele>26.4</ele>
        <time>2022-06-06T11:12:14Z</time>
      </trkpt>
      <trkpt lat="39.78931365946797" lon="116.42394010414893">
        <ele>26.4</ele>
        <time>2022-06-06T11:12:15Z</time>
      </trkpt>
      <trkpt lat="39.78928727949909" lon="116.42394340976841">
        <ele>26.4</ele>
        <time>2022-06-06T11:12:16Z</time>
      </trkpt>
      <trkpt lat="39.78926081159999" lon="116.42394712783783">
        <ele>26.4</ele>
        <time>2022-06-06T11:12:17Z</time>
      </trkpt>
      <trkpt lat="39.789234246312226" lon="116.42395134156715">
        <ele>26.4</ele>
        <time>2022-06-06T11:12:18Z</time>
      </trkpt>
      <trkpt lat="39.78920752188537" lon="116.42395556120275">
        <ele>26.4</ele>
        <time>2022-06-06T11:12:19Z</time>
      </trkpt>
      <trkpt lat="39.78918068942848" lon="116.42395972073064">
        <ele>26.4</ele>
        <time>2022-06-06T11:12:20Z</time>
      </trkpt>
      <trkpt lat="39.78915386913768" lon="116.42396389228402">
        <ele>26.4</ele>
        <time>2022-06-06T11:12:21Z</time>
      </trkpt>
      <trkpt lat="39.78912714325631" lon="116.42396806008827">
        <ele>26.4</ele>
        <time>2022-06-06T11:12:22Z</time>
      </trkpt>
      <trkpt lat="39.789100436797646" lon="116.42397230992255">
        <ele>26.4</ele>
        <time>2022-06-06T11:12:23Z</time>
      </trkpt>
      <trkpt lat="39.789074342552425" lon="116.42397682103191">
        <ele>26.3</ele>
        <time>2022-06-06T11:12:24Z</time>
      </trkpt>
      <trkpt lat="39.78904891541712" lon="116.4239815297642">
        <ele>26.3</ele>
        <time>2022-06-06T11:12:25Z</time>
      </trkpt>
      <trkpt lat="39.78902377529542" lon="116.42398622964575">
        <ele>26.3</ele>
        <time>2022-06-06T11:12:26Z</time>
      </trkpt>
      <trkpt lat="39.78899926743204" lon="116.42399080751514">
        <ele>26.3</ele>
        <time>2022-06-06T11:12:27Z</time>
      </trkpt>
      <trkpt lat="39.78897520675919" lon="116.42399491795847">
        <ele>26.3</ele>
        <time>2022-06-06T11:12:28Z</time>
      </trkpt>
      <trkpt lat="39.78895118326384" lon="116.42399864690265">
        <ele>26.3</ele>
        <time>2022-06-06T11:12:29Z</time>
      </trkpt>
      <trkpt lat="39.78892754626936" lon="116.42400212053482">
        <ele>26.3</ele>
        <time>2022-06-06T11:12:30Z</time>
      </trkpt>
      <trkpt lat="39.78890389513417" lon="116.42400559455503">
        <ele>26.3</ele>
        <time>2022-06-06T11:12:31Z</time>
      </trkpt>
      <trkpt lat="39.78888020160913" lon="116.42400909733354">
        <ele>26.3</ele>
        <time>2022-06-06T11:12:32Z</time>
      </trkpt>
      <trkpt lat="39.78885667592461" lon="116.42401254172641">
        <ele>26.3</ele>
        <time>2022-06-06T11:12:33Z</time>
      </trkpt>
      <trkpt lat="39.788833122805435" lon="116.42401586636944">
        <ele>25.8</ele>
        <time>2022-06-06T11:12:34Z</time>
      </trkpt>
      <trkpt lat="39.788809409763594" lon="116.42401904602977">
        <ele>25.8</ele>
        <time>2022-06-06T11:12:35Z</time>
      </trkpt>
      <trkpt lat="39.78878544475968" lon="116.42402190535174">
        <ele>25.8</ele>
        <time>2022-06-06T11:12:36Z</time>
      </trkpt>
      <trkpt lat="39.788761239295916" lon="116.4240245652607">
        <ele>25.8</ele>
        <time>2022-06-06T11:12:37Z</time>
      </trkpt>
      <trkpt lat="39.78873687748059" lon="116.42402723061235">
        <ele>25.8</ele>
        <time>2022-06-06T11:12:38Z</time>
      </trkpt>
      <trkpt lat="39.78871213678543" lon="116.424030030248">
        <ele>25.8</ele>
        <time>2022-06-06T11:12:39Z</time>
      </trkpt>
      <trkpt lat="39.788687488832245" lon="116.42403292822452">
        <ele>25.8</ele>
        <time>2022-06-06T11:12:40Z</time>
      </trkpt>
      <trkpt lat="39.788662671888645" lon="116.42403591999673">
        <ele>25.8</ele>
        <time>2022-06-06T11:12:41Z</time>
      </trkpt>
      <trkpt lat="39.788638132157324" lon="116.42403886989243">
        <ele>25.8</ele>
        <time>2022-06-06T11:12:42Z</time>
      </trkpt>
      <trkpt lat="39.788613863751166" lon="116.42404168797809">
        <ele>25.8</ele>
        <time>2022-06-06T11:12:43Z</time>
      </trkpt>
      <trkpt lat="39.7885895724376" lon="116.42404434274609">
        <ele>26.1</ele>
        <time>2022-06-06T11:12:44Z</time>
      </trkpt>
      <trkpt lat="39.788565685427855" lon="116.42404680429404">
        <ele>26.1</ele>
        <time>2022-06-06T11:12:45Z</time>
      </trkpt>
      <trkpt lat="39.78854217972132" lon="116.4240491576196">
        <ele>26.1</ele>
        <time>2022-06-06T11:12:46Z</time>
      </trkpt>
      <trkpt lat="39.7885186971427" lon="116.42405152889856">
        <ele>26.1</ele>
        <time>2022-06-06T11:12:47Z</time>
      </trkpt>
      <trkpt lat="39.78849559191314" lon="116.42405397761615">
        <ele>26.1</ele>
        <time>2022-06-06T11:12:48Z</time>
      </trkpt>
      <trkpt lat="39.78847246455635" lon="116.42405657298855">
        <ele>26.1</ele>
        <time>2022-06-06T11:12:49Z</time>
      </trkpt>
      <trkpt lat="39.788449641005" lon="116.42405920925971">
        <ele>26.1</ele>
        <time>2022-06-06T11:12:50Z</time>
      </trkpt>
      <trkpt lat="39.78842705692937" lon="116.42406189164922">
        <ele>26.1</ele>
        <time>2022-06-06T11:12:51Z</time>
      </trkpt>
      <trkpt lat="39.78840467134724" lon="116.4240646603442">
        <ele>26.1</ele>
        <time>2022-06-06T11:12:52Z</time>
      </trkpt>
      <trkpt lat="39.78838239674696" lon="116.4240674583827">
        <ele>26.1</ele>
        <time>2022-06-06T11:12:53Z</time>
      </trkpt>
      <trkpt lat="39.78835985016381" lon="116.42407033822015">
        <ele>25.8</ele>
        <time>2022-06-06T11:12:54Z</time>
      </trkpt>
      <trkpt lat="39.78833739744969" lon="116.4240734226452">
        <ele>25.8</ele>
        <time>2022-06-06T11:12:55Z</time>
      </trkpt>
      <trkpt lat="39.7883149429924" lon="116.42407670815516">
        <ele>25.8</ele>
        <time>2022-06-06T11:12:56Z</time>
      </trkpt>
      <trkpt lat="39.78829209976191" lon="116.42408018089372">
        <ele>25.8</ele>
        <time>2022-06-06T11:12:57Z</time>
      </trkpt>
      <trkpt lat="39.78826923441216" lon="116.4240838064286">
        <ele>25.8</ele>
        <time>2022-06-06T11:12:58Z</time>
      </trkpt>
      <trkpt lat="39.78824629987463" lon="116.42408753500918">
        <ele>26</ele>
        <time>2022-06-06T11:12:59Z</time>
      </trkpt>
      <trkpt lat="39.78822323612535" lon="116.4240911485931">
        <ele>25.8</ele>
        <time>2022-06-06T11:13:00Z</time>
      </trkpt>
      <trkpt lat="39.78820000984822" lon="116.42409460466469">
        <ele>25.8</ele>
        <time>2022-06-06T11:13:01Z</time>
      </trkpt>
      <trkpt lat="39.78817636761089" lon="116.42409816831085">
        <ele>25.8</ele>
        <time>2022-06-06T11:13:02Z</time>
      </trkpt>
      <trkpt lat="39.78815270756149" lon="116.42410182396856">
        <ele>25.8</ele>
        <time>2022-06-06T11:13:03Z</time>
      </trkpt>
      <trkpt lat="39.78812905086692" lon="116.42410561492622">
        <ele>25.6</ele>
        <time>2022-06-06T11:13:04Z</time>
      </trkpt>
      <trkpt lat="39.78810544278084" lon="116.4241095727637">
        <ele>25.6</ele>
        <time>2022-06-06T11:13:05Z</time>
      </trkpt>
      <trkpt lat="39.788082026258856" lon="116.42411413441191">
        <ele>25.6</ele>
        <time>2022-06-06T11:13:06Z</time>
      </trkpt>
      <trkpt lat="39.788058664606815" lon="116.42411877166143">
        <ele>25.6</ele>
        <time>2022-06-06T11:13:07Z</time>
      </trkpt>
      <trkpt lat="39.78803559866736" lon="116.4241231863596">
        <ele>25.6</ele>
        <time>2022-06-06T11:13:08Z</time>
      </trkpt>
      <trkpt lat="39.78801264641191" lon="116.42412723752685">
        <ele>25.6</ele>
        <time>2022-06-06T11:13:09Z</time>
      </trkpt>
      <trkpt lat="39.78798932947083" lon="116.42413065829294">
        <ele>25.6</ele>
        <time>2022-06-06T11:13:10Z</time>
      </trkpt>
      <trkpt lat="39.78796591359804" lon="116.42413332289058">
        <ele>25.6</ele>
        <time>2022-06-06T11:13:11Z</time>
      </trkpt>
      <trkpt lat="39.78794191534972" lon="116.42413521033171">
        <ele>25.6</ele>
        <time>2022-06-06T11:13:12Z</time>
      </trkpt>
      <trkpt lat="39.78791752703275" lon="116.42413623653822">
        <ele>25.6</ele>
        <time>2022-06-06T11:13:13Z</time>
      </trkpt>
      <trkpt lat="39.78789255359529" lon="116.42413668228545">
        <ele>25.6</ele>
        <time>2022-06-06T11:13:14Z</time>
      </trkpt>
      <trkpt lat="39.78786657057066" lon="116.4241367028394">
        <ele>25.6</ele>
        <time>2022-06-06T11:13:15Z</time>
      </trkpt>
      <trkpt lat="39.787839954826566" lon="116.42413630879459">
        <ele>25.6</ele>
        <time>2022-06-06T11:13:16Z</time>
      </trkpt>
      <trkpt lat="39.78781261604358" lon="116.42413494416047">
        <ele>25.6</ele>
        <time>2022-06-06T11:13:17Z</time>
      </trkpt>
      <trkpt lat="39.787784518816295" lon="116.4241328097871">
        <ele>25.6</ele>
        <time>2022-06-06T11:13:18Z</time>
      </trkpt>
      <trkpt lat="39.78775613891091" lon="116.4241295163276">
        <ele>25.6</ele>
        <time>2022-06-06T11:13:19Z</time>
      </trkpt>
      <trkpt lat="39.78772768669501" lon="116.4241246040289">
        <ele>25.6</ele>
        <time>2022-06-06T11:13:20Z</time>
      </trkpt>
      <trkpt lat="39.78770004833096" lon="116.42411806915159">
        <ele>25.6</ele>
        <time>2022-06-06T11:13:21Z</time>
      </trkpt>
      <trkpt lat="39.78767356211082" lon="116.42410997461452">
        <ele>25.6</ele>
        <time>2022-06-06T11:13:22Z</time>
      </trkpt>
      <trkpt lat="39.78764843984973" lon="116.42410022534835">
        <ele>25.6</ele>
        <time>2022-06-06T11:13:23Z</time>
      </trkpt>
      <trkpt lat="39.787625106647276" lon="116.42408853141146">
        <ele>26.2</ele>
        <time>2022-06-06T11:13:24Z</time>
      </trkpt>
      <trkpt lat="39.78760357237792" lon="116.42407433722423">
        <ele>26.2</ele>
        <time>2022-06-06T11:13:25Z</time>
      </trkpt>
      <trkpt lat="39.787584231117535" lon="116.4240577134099">
        <ele>26.2</ele>
        <time>2022-06-06T11:13:26Z</time>
      </trkpt>
      <trkpt lat="39.7875670200222" lon="116.42403873531792">
        <ele>26.2</ele>
        <time>2022-06-06T11:13:27Z</time>
      </trkpt>
      <trkpt lat="39.78755180299657" lon="116.42401719319943">
        <ele>26.2</ele>
        <time>2022-06-06T11:13:28Z</time>
      </trkpt>
      <trkpt lat="39.78753871737452" lon="116.4239936458686">
        <ele>26.2</ele>
        <time>2022-06-06T11:13:29Z</time>
      </trkpt>
      <trkpt lat="39.78752721034101" lon="116.42396850822833">
        <ele>26.2</ele>
        <time>2022-06-06T11:13:30Z</time>
      </trkpt>
      <trkpt lat="39.78751714986225" lon="116.42394260754837">
        <ele>26.2</ele>
        <time>2022-06-06T11:13:31Z</time>
      </trkpt>
      <trkpt lat="39.78750805802407" lon="116.42391636889171">
        <ele>26.2</ele>
        <time>2022-06-06T11:13:32Z</time>
      </trkpt>
      <trkpt lat="39.787499469937465" lon="116.42388963242057">
        <ele>26.2</ele>
        <time>2022-06-06T11:13:33Z</time>
      </trkpt>
      <trkpt lat="39.78749159217783" lon="116.42386274055035">
        <ele>25.6</ele>
        <time>2022-06-06T11:13:34Z</time>
      </trkpt>
      <trkpt lat="39.7874840178655" lon="116.42383589785254">
        <ele>25.6</ele>
        <time>2022-06-06T11:13:35Z</time>
      </trkpt>
      <trkpt lat="39.78747676284694" lon="116.42380903228461">
        <ele>25.6</ele>
        <time>2022-06-06T11:13:36Z</time>
      </trkpt>
      <trkpt lat="39.78746982684067" lon="116.42378207635639">
        <ele>25.6</ele>
        <time>2022-06-06T11:13:37Z</time>
      </trkpt>
      <trkpt lat="39.78746316999635" lon="116.42375501856279">
        <ele>25.6</ele>
        <time>2022-06-06T11:13:38Z</time>
      </trkpt>
      <trkpt lat="39.78745681472136" lon="116.42372826679608">
        <ele>25.6</ele>
        <time>2022-06-06T11:13:39Z</time>
      </trkpt>
      <trkpt lat="39.787450730090924" lon="116.4237012886967">
        <ele>25.6</ele>
        <time>2022-06-06T11:13:40Z</time>
      </trkpt>
      <trkpt lat="39.78744506061481" lon="116.42367449514428">
        <ele>25.6</ele>
        <time>2022-06-06T11:13:41Z</time>
      </trkpt>
      <trkpt lat="39.78743976798444" lon="116.42364783281928">
        <ele>25.6</ele>
        <time>2022-06-06T11:13:42Z</time>
      </trkpt>
      <trkpt lat="39.78743481740712" lon="116.42362086273039">
        <ele>25.6</ele>
        <time>2022-06-06T11:13:43Z</time>
      </trkpt>
      <trkpt lat="39.787430382535334" lon="116.42359404780176">
        <ele>26.1</ele>
        <time>2022-06-06T11:13:44Z</time>
      </trkpt>
      <trkpt lat="39.78742643345271" lon="116.42356735636064">
        <ele>26.1</ele>
        <time>2022-06-06T11:13:45Z</time>
      </trkpt>
      <trkpt lat="39.78742285593343" lon="116.42354038198722">
        <ele>26.1</ele>
        <time>2022-06-06T11:13:46Z</time>
      </trkpt>
      <trkpt lat="39.787419658758886" lon="116.42351363248176">
        <ele>26.1</ele>
        <time>2022-06-06T11:13:47Z</time>
      </trkpt>
      <trkpt lat="39.78741665478583" lon="116.42348668735217">
        <ele>26.1</ele>
        <time>2022-06-06T11:13:48Z</time>
      </trkpt>
      <trkpt lat="39.78741376642695" lon="116.4234596240354">
        <ele>26.1</ele>
        <time>2022-06-06T11:13:49Z</time>
      </trkpt>
      <trkpt lat="39.78741088974923" lon="116.42343247584627">
        <ele>26.1</ele>
        <time>2022-06-06T11:13:50Z</time>
      </trkpt>
      <trkpt lat="39.78740798257473" lon="116.4234052831252">
        <ele>26.1</ele>
        <time>2022-06-06T11:13:51Z</time>
      </trkpt>
      <trkpt lat="39.787405001925116" lon="116.42337808334298">
        <ele>26.1</ele>
        <time>2022-06-06T11:13:52Z</time>
      </trkpt>
      <trkpt lat="39.78740193337515" lon="116.42335047508722">
        <ele>26.1</ele>
        <time>2022-06-06T11:13:53Z</time>
      </trkpt>
      <trkpt lat="39.787398789721735" lon="116.42332299575945">
        <ele>26.8</ele>
        <time>2022-06-06T11:13:54Z</time>
      </trkpt>
      <trkpt lat="39.78739552890227" lon="116.42329561662318">
        <ele>26.8</ele>
        <time>2022-06-06T11:13:55Z</time>
      </trkpt>
      <trkpt lat="39.78739209145641" lon="116.4232679189108">
        <ele>26.8</ele>
        <time>2022-06-06T11:13:56Z</time>
      </trkpt>
      <trkpt lat="39.78738857397048" lon="116.42324038622088">
        <ele>26.8</ele>
        <time>2022-06-06T11:13:57Z</time>
      </trkpt>
      <trkpt lat="39.78738500745429" lon="116.42321296655292">
        <ele>26.8</ele>
        <time>2022-06-06T11:13:58Z</time>
      </trkpt>
      <trkpt lat="39.78738142451557" lon="116.42318561145089">
        <ele>26</ele>
        <time>2022-06-06T11:13:59Z</time>
      </trkpt>
      <trkpt lat="39.78737802549053" lon="116.42315828587225">
        <ele>26.8</ele>
        <time>2022-06-06T11:14:00Z</time>
      </trkpt>
      <trkpt lat="39.78737487627666" lon="116.42313096295804">
        <ele>26.8</ele>
        <time>2022-06-06T11:14:01Z</time>
      </trkpt>
      <trkpt lat="39.787372008888084" lon="116.42310359708898">
        <ele>26.8</ele>
        <time>2022-06-06T11:14:02Z</time>
      </trkpt>
      <trkpt lat="39.787369454311474" lon="116.42307611593883">
        <ele>26.8</ele>
        <time>2022-06-06T11:14:03Z</time>
      </trkpt>
      <trkpt lat="39.787367236811946" lon="116.42304848952956">
        <ele>27.1</ele>
        <time>2022-06-06T11:14:04Z</time>
      </trkpt>
      <trkpt lat="39.78736529183512" lon="116.42302070138827">
        <ele>27.1</ele>
        <time>2022-06-06T11:14:05Z</time>
      </trkpt>
      <trkpt lat="39.78736355803159" lon="116.42299275016588">
        <ele>27.1</ele>
        <time>2022-06-06T11:14:06Z</time>
      </trkpt>
      <trkpt lat="39.78736202167474" lon="116.42296464973082">
        <ele>27.1</ele>
        <time>2022-06-06T11:14:07Z</time>
      </trkpt>
      <trkpt lat="39.78736054078681" lon="116.4229364332478">
        <ele>27.1</ele>
        <time>2022-06-06T11:14:08Z</time>
      </trkpt>
      <trkpt lat="39.78735890223273" lon="116.42290775584094">
        <ele>27.1</ele>
        <time>2022-06-06T11:14:09Z</time>
      </trkpt>
      <trkpt lat="39.78735711499732" lon="116.42287914007363">
        <ele>27.1</ele>
        <time>2022-06-06T11:14:10Z</time>
      </trkpt>
      <trkpt lat="39.787354982429534" lon="116.42285053760523">
        <ele>27.1</ele>
        <time>2022-06-06T11:14:11Z</time>
      </trkpt>
      <trkpt lat="39.787352410210744" lon="116.42282152152146">
        <ele>27.1</ele>
        <time>2022-06-06T11:14:12Z</time>
      </trkpt>
      <trkpt lat="39.78734950047353" lon="116.42279255680553">
        <ele>27.1</ele>
        <time>2022-06-06T11:14:13Z</time>
      </trkpt>
      <trkpt lat="39.78734632430384" lon="116.42276362453154">
        <ele>27.2</ele>
        <time>2022-06-06T11:14:14Z</time>
      </trkpt>
      <trkpt lat="39.78734289479593" lon="116.4227346807119">
        <ele>27.2</ele>
        <time>2022-06-06T11:14:15Z</time>
      </trkpt>
      <trkpt lat="39.78733929835686" lon="116.42270569256756">
        <ele>27.2</ele>
        <time>2022-06-06T11:14:16Z</time>
      </trkpt>
      <trkpt lat="39.78733553827189" lon="116.42267623423889">
        <ele>27.2</ele>
        <time>2022-06-06T11:14:17Z</time>
      </trkpt>
      <trkpt lat="39.787331554936486" lon="116.42264677267016">
        <ele>27.2</ele>
        <time>2022-06-06T11:14:18Z</time>
      </trkpt>
      <trkpt lat="39.78732738664686" lon="116.42261718294941">
        <ele>27.2</ele>
        <time>2022-06-06T11:14:19Z</time>
      </trkpt>
      <trkpt lat="39.787323221401884" lon="116.42258726856352">
        <ele>27.2</ele>
        <time>2022-06-06T11:14:20Z</time>
      </trkpt>
      <trkpt lat="39.787319191256216" lon="116.42255685459469">
        <ele>27.2</ele>
        <time>2022-06-06T11:14:21Z</time>
      </trkpt>
      <trkpt lat="39.787315349352816" lon="116.42252573513792">
        <ele>27.2</ele>
        <time>2022-06-06T11:14:22Z</time>
      </trkpt>
      <trkpt lat="39.78731178484265" lon="116.42249383640325">
        <ele>27.2</ele>
        <time>2022-06-06T11:14:23Z</time>
      </trkpt>
      <trkpt lat="39.78730844178824" lon="116.42246118396586">
        <ele>27.6</ele>
        <time>2022-06-06T11:14:24Z</time>
      </trkpt>
      <trkpt lat="39.787305056400236" lon="116.4224273711856">
        <ele>27.6</ele>
        <time>2022-06-06T11:14:25Z</time>
      </trkpt>
      <trkpt lat="39.787301586346004" lon="116.42239298909212">
        <ele>27.6</ele>
        <time>2022-06-06T11:14:26Z</time>
      </trkpt>
      <trkpt lat="39.787297968379214" lon="116.42235811650265">
        <ele>27.6</ele>
        <time>2022-06-06T11:14:27Z</time>
      </trkpt>
      <trkpt lat="39.787294123143724" lon="116.4223228533964">
        <ele>27.6</ele>
        <time>2022-06-06T11:14:28Z</time>
      </trkpt>
      <trkpt lat="39.78729026226368" lon="116.4222872774994">
        <ele>27.6</ele>
        <time>2022-06-06T11:14:29Z</time>
      </trkpt>
      <trkpt lat="39.787286552299584" lon="116.42225108000673">
        <ele>27.6</ele>
        <time>2022-06-06T11:14:30Z</time>
      </trkpt>
      <trkpt lat="39.78728303271134" lon="116.42221496839626">
        <ele>27.6</ele>
        <time>2022-06-06T11:14:31Z</time>
      </trkpt>
      <trkpt lat="39.78727966939209" lon="116.42217907560749">
        <ele>27.6</ele>
        <time>2022-06-06T11:14:32Z</time>
      </trkpt>
      <trkpt lat="39.787276480654626" lon="116.4221432187593">
        <ele>27.6</ele>
        <time>2022-06-06T11:14:33Z</time>
      </trkpt>
      <trkpt lat="39.787273408619555" lon="116.4221079907505">
        <ele>27.7</ele>
        <time>2022-06-06T11:14:34Z</time>
      </trkpt>
      <trkpt lat="39.78727043915333" lon="116.42207340146538">
        <ele>27.7</ele>
        <time>2022-06-06T11:14:35Z</time>
      </trkpt>
      <trkpt lat="39.78726767068981" lon="116.42203983397792">
        <ele>27.7</ele>
        <time>2022-06-06T11:14:36Z</time>
      </trkpt>
      <trkpt lat="39.78726511373427" lon="116.42200689889326">
        <ele>27.7</ele>
        <time>2022-06-06T11:14:37Z</time>
      </trkpt>
      <trkpt lat="39.7872628552172" lon="116.42197484881895">
        <ele>27.7</ele>
        <time>2022-06-06T11:14:38Z</time>
      </trkpt>
      <trkpt lat="39.78726092633024" lon="116.42194379138897">
        <ele>27.7</ele>
        <time>2022-06-06T11:14:39Z</time>
      </trkpt>
      <trkpt lat="39.787259079910235" lon="116.42191305119829">
        <ele>27.7</ele>
        <time>2022-06-06T11:14:40Z</time>
      </trkpt>
      <trkpt lat="39.78725713845809" lon="116.4218829557316">
        <ele>27.7</ele>
        <time>2022-06-06T11:14:41Z</time>
      </trkpt>
      <trkpt lat="39.787254979822116" lon="116.42185328588607">
        <ele>27.7</ele>
        <time>2022-06-06T11:14:42Z</time>
      </trkpt>
      <trkpt lat="39.7872524775412" lon="116.42182353468266">
        <ele>27.7</ele>
        <time>2022-06-06T11:14:43Z</time>
      </trkpt>
      <trkpt lat="39.78724958509245" lon="116.42179412880658">
        <ele>27.4</ele>
        <time>2022-06-06T11:14:44Z</time>
      </trkpt>
      <trkpt lat="39.78724638663498" lon="116.42176498528639">
        <ele>27.4</ele>
        <time>2022-06-06T11:14:45Z</time>
      </trkpt>
      <trkpt lat="39.78724283183931" lon="116.4217356334256">
        <ele>27.4</ele>
        <time>2022-06-06T11:14:46Z</time>
      </trkpt>
      <trkpt lat="39.78723903713649" lon="116.42170616814126">
        <ele>27.4</ele>
        <time>2022-06-06T11:14:47Z</time>
      </trkpt>
      <trkpt lat="39.78723504028307" lon="116.42167686368555">
        <ele>27.4</ele>
        <time>2022-06-06T11:14:48Z</time>
      </trkpt>
      <trkpt lat="39.787230797771365" lon="116.42164693816981">
        <ele>27.4</ele>
        <time>2022-06-06T11:14:49Z</time>
      </trkpt>
      <trkpt lat="39.787226428010776" lon="116.42161665023785">
        <ele>27.4</ele>
        <time>2022-06-06T11:14:50Z</time>
      </trkpt>
      <trkpt lat="39.787222076436514" lon="116.42158655766843">
        <ele>27.4</ele>
        <time>2022-06-06T11:14:51Z</time>
      </trkpt>
      <trkpt lat="39.78721772567539" lon="116.4215562673185">
        <ele>27.4</ele>
        <time>2022-06-06T11:14:52Z</time>
      </trkpt>
      <trkpt lat="39.78721336566103" lon="116.42152550555302">
        <ele>27.4</ele>
        <time>2022-06-06T11:14:53Z</time>
      </trkpt>
      <trkpt lat="39.787209109975336" lon="116.42149484599582">
        <ele>27.6</ele>
        <time>2022-06-06T11:14:54Z</time>
      </trkpt>
      <trkpt lat="39.787204957039464" lon="116.42146430205489">
        <ele>27.6</ele>
        <time>2022-06-06T11:14:55Z</time>
      </trkpt>
      <trkpt lat="39.78720083473154" lon="116.42143350230037">
        <ele>27.6</ele>
        <time>2022-06-06T11:14:56Z</time>
      </trkpt>
      <trkpt lat="39.787196812099985" lon="116.42140291964975">
        <ele>27.6</ele>
        <time>2022-06-06T11:14:57Z</time>
      </trkpt>
      <trkpt lat="39.78719285000778" lon="116.42137246786247">
        <ele>27.6</ele>
        <time>2022-06-06T11:14:58Z</time>
      </trkpt>
      <trkpt lat="39.78718896218975" lon="116.4213421395015">
        <ele>28</ele>
        <time>2022-06-06T11:14:59Z</time>
      </trkpt>
      <trkpt lat="39.78718518920406" lon="116.42131222527202">
        <ele>27.6</ele>
        <time>2022-06-06T11:15:00Z</time>
      </trkpt>
      <trkpt lat="39.78718145807834" lon="116.42128212510912">
        <ele>27.6</ele>
        <time>2022-06-06T11:15:01Z</time>
      </trkpt>
      <trkpt lat="39.787177748030146" lon="116.42125177765705">
        <ele>27.6</ele>
        <time>2022-06-06T11:15:02Z</time>
      </trkpt>
      <trkpt lat="39.7871741377185" lon="116.42122170418425">
        <ele>27.6</ele>
        <time>2022-06-06T11:15:03Z</time>
      </trkpt>
      <trkpt lat="39.787170626620686" lon="116.42119215296641">
        <ele>27.8</ele>
        <time>2022-06-06T11:15:04Z</time>
      </trkpt>
      <trkpt lat="39.787166976255115" lon="116.42116253224168">
        <ele>27.8</ele>
        <time>2022-06-06T11:15:05Z</time>
      </trkpt>
      <trkpt lat="39.787163103920854" lon="116.42113280564377">
        <ele>27.8</ele>
        <time>2022-06-06T11:15:06Z</time>
      </trkpt>
      <trkpt lat="39.78715896779363" lon="116.42110333735428">
        <ele>27.8</ele>
        <time>2022-06-06T11:15:07Z</time>
      </trkpt>
      <trkpt lat="39.787154383488975" lon="116.42107364006449">
        <ele>27.8</ele>
        <time>2022-06-06T11:15:08Z</time>
      </trkpt>
      <trkpt lat="39.7871491823653" lon="116.42104341167894">
        <ele>27.8</ele>
        <time>2022-06-06T11:15:09Z</time>
      </trkpt>
      <trkpt lat="39.78714335993823" lon="116.42101273829748">
        <ele>27.8</ele>
        <time>2022-06-06T11:15:10Z</time>
      </trkpt>
      <trkpt lat="39.78713707215257" lon="116.42098214790931">
        <ele>27.8</ele>
        <time>2022-06-06T11:15:11Z</time>
      </trkpt>
      <trkpt lat="39.78712999876856" lon="116.42095222779217">
        <ele>27.8</ele>
        <time>2022-06-06T11:15:12Z</time>
      </trkpt>
      <trkpt lat="39.787121864730175" lon="116.42092317646639">
        <ele>27.8</ele>
        <time>2022-06-06T11:15:13Z</time>
      </trkpt>
      <trkpt lat="39.78711215601614" lon="116.42089487931172">
        <ele>27.9</ele>
        <time>2022-06-06T11:15:14Z</time>
      </trkpt>
      <trkpt lat="39.78710075735293" lon="116.42086793402768">
        <ele>27.9</ele>
        <time>2022-06-06T11:15:15Z</time>
      </trkpt>
      <trkpt lat="39.78708749611593" lon="116.42084313552334">
        <ele>27.9</ele>
        <time>2022-06-06T11:15:16Z</time>
      </trkpt>
      <trkpt lat="39.78707250036648" lon="116.42082084273322">
        <ele>27.9</ele>
        <time>2022-06-06T11:15:17Z</time>
      </trkpt>
      <trkpt lat="39.78705592246226" lon="116.42080122898876">
        <ele>27.9</ele>
        <time>2022-06-06T11:15:18Z</time>
      </trkpt>
      <trkpt lat="39.78703768738777" lon="116.42078473617991">
        <ele>27.9</ele>
        <time>2022-06-06T11:15:19Z</time>
      </trkpt>
      <trkpt lat="39.78701811148029" lon="116.42077158491841">
        <ele>27.9</ele>
        <time>2022-06-06T11:15:20Z</time>
      </trkpt>
      <trkpt lat="39.78699730740908" lon="116.42076153483289">
        <ele>27.9</ele>
        <time>2022-06-06T11:15:21Z</time>
      </trkpt>
      <trkpt lat="39.78697485305974" lon="116.42075399916246">
        <ele>27.9</ele>
        <time>2022-06-06T11:15:22Z</time>
      </trkpt>
      <trkpt lat="39.78695126350034" lon="116.42074877933558">
        <ele>27.9</ele>
        <time>2022-06-06T11:15:23Z</time>
      </trkpt>
      <trkpt lat="39.78692661638922" lon="116.42074567260077">
        <ele>27.7</ele>
        <time>2022-06-06T11:15:24Z</time>
      </trkpt>
      <trkpt lat="39.78690159411786" lon="116.42074467070573">
        <ele>27.7</ele>
        <time>2022-06-06T11:15:25Z</time>
      </trkpt>
      <trkpt lat="39.786876500997764" lon="116.42074518797143">
        <ele>27.7</ele>
        <time>2022-06-06T11:15:26Z</time>
      </trkpt>
      <trkpt lat="39.786851534307125" lon="116.42074693818373">
        <ele>27.7</ele>
        <time>2022-06-06T11:15:27Z</time>
      </trkpt>
      <trkpt lat="39.78682681807625" lon="116.42074949938839">
        <ele>27.7</ele>
        <time>2022-06-06T11:15:28Z</time>
      </trkpt>
      <trkpt lat="39.78680240454284" lon="116.42075255297414">
        <ele>27.7</ele>
        <time>2022-06-06T11:15:29Z</time>
      </trkpt>
      <trkpt lat="39.786778329775764" lon="116.4207561141462">
        <ele>27.7</ele>
        <time>2022-06-06T11:15:30Z</time>
      </trkpt>
      <trkpt lat="39.786754594619076" lon="116.42076004325935">
        <ele>27.7</ele>
        <time>2022-06-06T11:15:31Z</time>
      </trkpt>
      <trkpt lat="39.7867311908026" lon="116.42076424498327">
        <ele>27.7</ele>
        <time>2022-06-06T11:15:32Z</time>
      </trkpt>
      <trkpt lat="39.78670813307094" lon="116.42076872382889">
        <ele>27.7</ele>
        <time>2022-06-06T11:15:33Z</time>
      </trkpt>
      <trkpt lat="39.78668541834947" lon="116.42077339995063">
        <ele>28.1</ele>
        <time>2022-06-06T11:15:34Z</time>
      </trkpt>
      <trkpt lat="39.78666332647278" lon="116.42077807432281">
        <ele>28.1</ele>
        <time>2022-06-06T11:15:35Z</time>
      </trkpt>
      <trkpt lat="39.786641424339365" lon="116.42078267585453">
        <ele>28.1</ele>
        <time>2022-06-06T11:15:36Z</time>
      </trkpt>
      <trkpt lat="39.786619680389926" lon="116.42078712353484">
        <ele>28.1</ele>
        <time>2022-06-06T11:15:37Z</time>
      </trkpt>
      <trkpt lat="39.78659832654602" lon="116.42079130127398">
        <ele>28.1</ele>
        <time>2022-06-06T11:15:38Z</time>
      </trkpt>
      <trkpt lat="39.78657721113053" lon="116.42079511859646">
        <ele>28.1</ele>
        <time>2022-06-06T11:15:39Z</time>
      </trkpt>
      <trkpt lat="39.78655592288339" lon="116.42079862423448">
        <ele>28.1</ele>
        <time>2022-06-06T11:15:40Z</time>
      </trkpt>
      <trkpt lat="39.78653477172919" lon="116.42080163183532">
        <ele>28.1</ele>
        <time>2022-06-06T11:15:41Z</time>
      </trkpt>
      <trkpt lat="39.7865137030223" lon="116.42080426048518">
        <ele>28.1</ele>
        <time>2022-06-06T11:15:42Z</time>
      </trkpt>
      <trkpt lat="39.78649239542628" lon="116.42080664316643">
        <ele>28.1</ele>
        <time>2022-06-06T11:15:43Z</time>
      </trkpt>
      <trkpt lat="39.786471218285" lon="116.42080883356084">
        <ele>27.9</ele>
        <time>2022-06-06T11:15:44Z</time>
      </trkpt>
      <trkpt lat="39.786450141107885" lon="116.42081099996787">
        <ele>27.9</ele>
        <time>2022-06-06T11:15:45Z</time>
      </trkpt>
      <trkpt lat="39.78642885405949" lon="116.42081341043693">
        <ele>27.9</ele>
        <time>2022-06-06T11:15:46Z</time>
      </trkpt>
      <trkpt lat="39.7864077170022" lon="116.4208160086617">
        <ele>27.9</ele>
        <time>2022-06-06T11:15:47Z</time>
      </trkpt>
      <trkpt lat="39.78638673414946" lon="116.42081882262609">
        <ele>27.9</ele>
        <time>2022-06-06T11:15:48Z</time>
      </trkpt>
      <trkpt lat="39.78636559945229" lon="116.4208219395847">
        <ele>27.9</ele>
        <time>2022-06-06T11:15:49Z</time>
      </trkpt>
      <trkpt lat="39.78634439274359" lon="116.42082532324854">
        <ele>27.9</ele>
        <time>2022-06-06T11:15:50Z</time>
      </trkpt>
      <trkpt lat="39.78632314929523" lon="116.42082898859566">
        <ele>27.9</ele>
        <time>2022-06-06T11:15:51Z</time>
      </trkpt>
      <trkpt lat="39.78630186585785" lon="116.42083287834305">
        <ele>27.9</ele>
        <time>2022-06-06T11:15:52Z</time>
      </trkpt>
      <trkpt lat="39.786280522884795" lon="116.42083696791775">
        <ele>27.9</ele>
        <time>2022-06-06T11:15:53Z</time>
      </trkpt>
      <trkpt lat="39.7862593718203" lon="116.4208411438246">
        <ele>27.7</ele>
        <time>2022-06-06T11:15:54Z</time>
      </trkpt>
      <trkpt lat="39.786238288748734" lon="116.42084538424699">
        <ele>27.7</ele>
        <time>2022-06-06T11:15:55Z</time>
      </trkpt>
      <trkpt lat="39.78621686353585" lon="116.4208496741409">
        <ele>27.7</ele>
        <time>2022-06-06T11:15:56Z</time>
      </trkpt>
      <trkpt lat="39.78619540446532" lon="116.42085396623146">
        <ele>27.7</ele>
        <time>2022-06-06T11:15:57Z</time>
      </trkpt>
      <trkpt lat="39.786173873921825" lon="116.4208582882157">
        <ele>27.7</ele>
        <time>2022-06-06T11:15:58Z</time>
      </trkpt>
      <trkpt lat="39.786151915712296" lon="116.42086277295107">
        <ele>27</ele>
        <time>2022-06-06T11:15:59Z</time>
      </trkpt>
      <trkpt lat="39.78612987720506" lon="116.42086723200204">
        <ele>27.7</ele>
        <time>2022-06-06T11:16:00Z</time>
      </trkpt>
      <trkpt lat="39.78610769937958" lon="116.42087160835207">
        <ele>27.7</ele>
        <time>2022-06-06T11:16:01Z</time>
      </trkpt>
      <trkpt lat="39.78608535411928" lon="116.42087587303004">
        <ele>27.7</ele>
        <time>2022-06-06T11:16:02Z</time>
      </trkpt>
      <trkpt lat="39.78606282615071" lon="116.4208800842143">
        <ele>27.7</ele>
        <time>2022-06-06T11:16:03Z</time>
      </trkpt>
      <trkpt lat="39.786039787636724" lon="116.42088425845455">
        <ele>27.2</ele>
        <time>2022-06-06T11:16:04Z</time>
      </trkpt>
      <trkpt lat="39.786016357748" lon="116.42088844983789">
        <ele>27.2</ele>
        <time>2022-06-06T11:16:05Z</time>
      </trkpt>
      <trkpt lat="39.785992558401205" lon="116.4208926643513">
        <ele>27.2</ele>
        <time>2022-06-06T11:16:06Z</time>
      </trkpt>
      <trkpt lat="39.785968409761516" lon="116.42089676361189">
        <ele>27.2</ele>
        <time>2022-06-06T11:16:07Z</time>
      </trkpt>
      <trkpt lat="39.78594390834866" lon="116.42090066171869">
        <ele>27.2</ele>
        <time>2022-06-06T11:16:08Z</time>
      </trkpt>
      <trkpt lat="39.78591904539536" lon="116.42090435578334">
        <ele>27.2</ele>
        <time>2022-06-06T11:16:09Z</time>
      </trkpt>
      <trkpt lat="39.78589411682844" lon="116.42090779195813">
        <ele>27.2</ele>
        <time>2022-06-06T11:16:10Z</time>
      </trkpt>
      <trkpt lat="39.785869080900184" lon="116.42091104402408">
        <ele>27.2</ele>
        <time>2022-06-06T11:16:11Z</time>
      </trkpt>
      <trkpt lat="39.785843656419225" lon="116.42091434396018">
        <ele>27.2</ele>
        <time>2022-06-06T11:16:12Z</time>
      </trkpt>
      <trkpt lat="39.78581829011657" lon="116.42091765854731">
        <ele>27.2</ele>
        <time>2022-06-06T11:16:13Z</time>
      </trkpt>
      <trkpt lat="39.785793024897785" lon="116.42092106184806">
        <ele>27.1</ele>
        <time>2022-06-06T11:16:14Z</time>
      </trkpt>
      <trkpt lat="39.78576790463965" lon="116.42092460542707">
        <ele>27.1</ele>
        <time>2022-06-06T11:16:15Z</time>
      </trkpt>
      <trkpt lat="39.785742914337135" lon="116.42092822873971">
        <ele>27.1</ele>
        <time>2022-06-06T11:16:16Z</time>
      </trkpt>
      <trkpt lat="39.785717790884235" lon="116.42093194514611">
        <ele>27.1</ele>
        <time>2022-06-06T11:16:17Z</time>
      </trkpt>
      <trkpt lat="39.785692946200655" lon="116.42093576313235">
        <ele>27.1</ele>
        <time>2022-06-06T11:16:18Z</time>
      </trkpt>
      <trkpt lat="39.785668376765166" lon="116.42093955947931">
        <ele>27.1</ele>
        <time>2022-06-06T11:16:19Z</time>
      </trkpt>
      <trkpt lat="39.78564376461561" lon="116.42094327390784">
        <ele>27.1</ele>
        <time>2022-06-06T11:16:20Z</time>
      </trkpt>
      <trkpt lat="39.785619183227" lon="116.42094688504686">
        <ele>27.1</ele>
        <time>2022-06-06T11:16:21Z</time>
      </trkpt>
      <trkpt lat="39.785594658353894" lon="116.42095044756356">
        <ele>27.1</ele>
        <time>2022-06-06T11:16:22Z</time>
      </trkpt>
      <trkpt lat="39.78557017833996" lon="116.42095386698712">
        <ele>27.1</ele>
        <time>2022-06-06T11:16:23Z</time>
      </trkpt>
      <trkpt lat="39.785545699714575" lon="116.42095709897619">
        <ele>27.2</ele>
        <time>2022-06-06T11:16:24Z</time>
      </trkpt>
      <trkpt lat="39.78552118849414" lon="116.42096003203491">
        <ele>27.2</ele>
        <time>2022-06-06T11:16:25Z</time>
      </trkpt>
      <trkpt lat="39.785496929036626" lon="116.42096241629498">
        <ele>27.2</ele>
        <time>2022-06-06T11:16:26Z</time>
      </trkpt>
      <trkpt lat="39.78547281373978" lon="116.42096421235766">
        <ele>27.2</ele>
        <time>2022-06-06T11:16:27Z</time>
      </trkpt>
      <trkpt lat="39.78544915523571" lon="116.42096534285221">
        <ele>27.2</ele>
        <time>2022-06-06T11:16:28Z</time>
      </trkpt>
      <trkpt lat="39.785425851434546" lon="116.42096589072258">
        <ele>27.2</ele>
        <time>2022-06-06T11:16:29Z</time>
      </trkpt>
      <trkpt lat="39.785402558435834" lon="116.42096593658967">
        <ele>27.2</ele>
        <time>2022-06-06T11:16:30Z</time>
      </trkpt>
      <trkpt lat="39.78537952648807" lon="116.42096554850028">
        <ele>27.2</ele>
        <time>2022-06-06T11:16:31Z</time>
      </trkpt>
      <trkpt lat="39.78535656468394" lon="116.42096464442406">
        <ele>27.2</ele>
        <time>2022-06-06T11:16:32Z</time>
      </trkpt>
      <trkpt lat="39.785333244121986" lon="116.42096280628616">
        <ele>27.2</ele>
        <time>2022-06-06T11:16:33Z</time>
      </trkpt>
      <trkpt lat="39.785309838447056" lon="116.42095982285304">
        <ele>27.4</ele>
        <time>2022-06-06T11:16:34Z</time>
      </trkpt>
      <trkpt lat="39.785286280705044" lon="116.42095566761007">
        <ele>27.4</ele>
        <time>2022-06-06T11:16:35Z</time>
      </trkpt>
      <trkpt lat="39.785262261797634" lon="116.42095018906831">
        <ele>27.4</ele>
        <time>2022-06-06T11:16:36Z</time>
      </trkpt>
      <trkpt lat="39.78523798997153" lon="116.42094347799002">
        <ele>27.4</ele>
        <time>2022-06-06T11:16:37Z</time>
      </trkpt>
      <trkpt lat="39.785213596140906" lon="116.42093594309011">
        <ele>27.4</ele>
        <time>2022-06-06T11:16:38Z</time>
      </trkpt>
      <trkpt lat="39.78518886953099" lon="116.4209277294646">
        <ele>27.4</ele>
        <time>2022-06-06T11:16:39Z</time>
      </trkpt>
      <trkpt lat="39.785163682911424" lon="116.420918879789">
        <ele>27.4</ele>
        <time>2022-06-06T11:16:40Z</time>
      </trkpt>
      <trkpt lat="39.785138520833954" lon="116.42090952017665">
        <ele>27.4</ele>
        <time>2022-06-06T11:16:41Z</time>
      </trkpt>
      <trkpt lat="39.78511353177918" lon="116.42089991349167">
        <ele>27.4</ele>
        <time>2022-06-06T11:16:42Z</time>
      </trkpt>
      <trkpt lat="39.7850886067751" lon="116.42089004213616">
        <ele>27.4</ele>
        <time>2022-06-06T11:16:43Z</time>
      </trkpt>
      <trkpt lat="39.785064251815456" lon="116.42088033305293">
        <ele>27.4</ele>
        <time>2022-06-06T11:16:44Z</time>
      </trkpt>
      <trkpt lat="39.78504056752199" lon="116.42087099994306">
        <ele>27.4</ele>
        <time>2022-06-06T11:16:45Z</time>
      </trkpt>
      <trkpt lat="39.78501729020009" lon="116.4208620647692">
        <ele>27.4</ele>
        <time>2022-06-06T11:16:46Z</time>
      </trkpt>
      <trkpt lat="39.784994775418625" lon="116.42085373525859">
        <ele>27.4</ele>
        <time>2022-06-06T11:16:47Z</time>
      </trkpt>
      <trkpt lat="39.78497252174282" lon="116.42084611060424">
        <ele>27.4</ele>
        <time>2022-06-06T11:16:48Z</time>
      </trkpt>
      <trkpt lat="39.78495046749753" lon="116.42083889231836">
        <ele>27.4</ele>
        <time>2022-06-06T11:16:49Z</time>
      </trkpt>
      <trkpt lat="39.78492876019798" lon="116.42083200819697">
        <ele>27.4</ele>
        <time>2022-06-06T11:16:50Z</time>
      </trkpt>
      <trkpt lat="39.78490723674852" lon="116.42082530827453">
        <ele>27.4</ele>
        <time>2022-06-06T11:16:51Z</time>
      </trkpt>
      <trkpt lat="39.784885755834296" lon="116.42081870642431">
        <ele>27.4</ele>
        <time>2022-06-06T11:16:52Z</time>
      </trkpt>
      <trkpt lat="39.78486422329911" lon="116.4208118902203">
        <ele>27.4</ele>
        <time>2022-06-06T11:16:53Z</time>
      </trkpt>
      <trkpt lat="39.78484254131782" lon="116.42080483532686">
        <ele>27.2</ele>
        <time>2022-06-06T11:16:54Z</time>
      </trkpt>
      <trkpt lat="39.78482062861521" lon="116.42079753363842">
        <ele>27.2</ele>
        <time>2022-06-06T11:16:55Z</time>
      </trkpt>
      <trkpt lat="39.7847981089704" lon="116.42078983487652">
        <ele>27.2</ele>
        <time>2022-06-06T11:16:56Z</time>
      </trkpt>
      <trkpt lat="39.78477527429981" lon="116.42078202551913">
        <ele>27.2</ele>
        <time>2022-06-06T11:16:57Z</time>
      </trkpt>
      <trkpt lat="39.78475172020418" lon="116.42077423493943">
        <ele>27.2</ele>
        <time>2022-06-06T11:16:58Z</time>
      </trkpt>
      <trkpt lat="39.78472786443659" lon="116.42076652431228">
        <ele>27</ele>
        <time>2022-06-06T11:16:59Z</time>
      </trkpt>
      <trkpt lat="39.78470367188984" lon="116.4207590297326">
        <ele>27.2</ele>
        <time>2022-06-06T11:17:00Z</time>
      </trkpt>
      <trkpt lat="39.78467879096194" lon="116.42075189368185">
        <ele>27.2</ele>
        <time>2022-06-06T11:17:01Z</time>
      </trkpt>
      <trkpt lat="39.784653559468744" lon="116.42074493504713">
        <ele>27.2</ele>
        <time>2022-06-06T11:17:02Z</time>
      </trkpt>
      <trkpt lat="39.78462791947935" lon="116.42073781664502">
        <ele>27.2</ele>
        <time>2022-06-06T11:17:03Z</time>
      </trkpt>
      <trkpt lat="39.78460151714273" lon="116.42073026117804">
        <ele>27.1</ele>
        <time>2022-06-06T11:17:04Z</time>
      </trkpt>
      <trkpt lat="39.784574564574484" lon="116.42072243839179">
        <ele>27.1</ele>
        <time>2022-06-06T11:17:05Z</time>
      </trkpt>
      <trkpt lat="39.78454704765704" lon="116.42071400402115">
        <ele>27.1</ele>
        <time>2022-06-06T11:17:06Z</time>
      </trkpt>
      <trkpt lat="39.78451899117184" lon="116.42070485029875">
        <ele>27.1</ele>
        <time>2022-06-06T11:17:07Z</time>
      </trkpt>
      <trkpt lat="39.78449043133617" lon="116.42069494509772">
        <ele>27.1</ele>
        <time>2022-06-06T11:17:08Z</time>
      </trkpt>
      <trkpt lat="39.78446179709363" lon="116.42068419892612">
        <ele>27.1</ele>
        <time>2022-06-06T11:17:09Z</time>
      </trkpt>
      <trkpt lat="39.784433186041625" lon="116.42067242513647">
        <ele>27.1</ele>
        <time>2022-06-06T11:17:10Z</time>
      </trkpt>
      <trkpt lat="39.78440438093222" lon="116.42065949443722">
        <ele>27.1</ele>
        <time>2022-06-06T11:17:11Z</time>
      </trkpt>
      <trkpt lat="39.78437588216348" lon="116.4206454518927">
        <ele>27.1</ele>
        <time>2022-06-06T11:17:12Z</time>
      </trkpt>
      <trkpt lat="39.784347776575174" lon="116.4206306596804">
        <ele>27.1</ele>
        <time>2022-06-06T11:17:13Z</time>
      </trkpt>
      <trkpt lat="39.784319828366186" lon="116.42061551329327">
        <ele>27.7</ele>
        <time>2022-06-06T11:17:14Z</time>
      </trkpt>
      <trkpt lat="39.784292518207124" lon="116.420600419511">
        <ele>27.7</ele>
        <time>2022-06-06T11:17:15Z</time>
      </trkpt>
      <trkpt lat="39.784266005222364" lon="116.42058535748762">
        <ele>27.7</ele>
        <time>2022-06-06T11:17:16Z</time>
      </trkpt>
      <trkpt lat="39.78424004065888" lon="116.42057053591698">
        <ele>27.7</ele>
        <time>2022-06-06T11:17:17Z</time>
      </trkpt>
      <trkpt lat="39.78421500038945" lon="116.42055615338174">
        <ele>27.7</ele>
        <time>2022-06-06T11:17:18Z</time>
      </trkpt>
      <trkpt lat="39.78419090907527" lon="116.42054199149273">
        <ele>27.7</ele>
        <time>2022-06-06T11:17:19Z</time>
      </trkpt>
      <trkpt lat="39.784167418538466" lon="116.4205278601522">
        <ele>27.7</ele>
        <time>2022-06-06T11:17:20Z</time>
      </trkpt>
      <trkpt lat="39.78414443833561" lon="116.4205139307648">
        <ele>27.7</ele>
        <time>2022-06-06T11:17:21Z</time>
      </trkpt>
      <trkpt lat="39.78412197505809" lon="116.42050003591297">
        <ele>27.7</ele>
        <time>2022-06-06T11:17:22Z</time>
      </trkpt>
      <trkpt lat="39.784100011635786" lon="116.42048604606795">
        <ele>27.7</ele>
        <time>2022-06-06T11:17:23Z</time>
      </trkpt>
      <trkpt lat="39.78407825235071" lon="116.42047165461412">
        <ele>27.9</ele>
        <time>2022-06-06T11:17:24Z</time>
      </trkpt>
      <trkpt lat="39.78405708878099" lon="116.42045684671558">
        <ele>27.9</ele>
        <time>2022-06-06T11:17:25Z</time>
      </trkpt>
      <trkpt lat="39.78403636885789" lon="116.42044172106625">
        <ele>27.9</ele>
        <time>2022-06-06T11:17:26Z</time>
      </trkpt>
      <trkpt lat="39.784015716997054" lon="116.42042616089367">
        <ele>27.9</ele>
        <time>2022-06-06T11:17:27Z</time>
      </trkpt>
      <trkpt lat="39.78399541088294" lon="116.42041037294148">
        <ele>27.9</ele>
        <time>2022-06-06T11:17:28Z</time>
      </trkpt>
      <trkpt lat="39.78397508336432" lon="116.42039430328587">
        <ele>27.9</ele>
        <time>2022-06-06T11:17:29Z</time>
      </trkpt>
      <trkpt lat="39.78395471252737" lon="116.42037813364573">
        <ele>27.9</ele>
        <time>2022-06-06T11:17:30Z</time>
      </trkpt>
      <trkpt lat="39.78393463134114" lon="116.42036198946734">
        <ele>27.9</ele>
        <time>2022-06-06T11:17:31Z</time>
      </trkpt>
      <trkpt lat="39.78391452433143" lon="116.42034552805603">
        <ele>27.9</ele>
        <time>2022-06-06T11:17:32Z</time>
      </trkpt>
      <trkpt lat="39.7838946421543" lon="116.42032901352086">
        <ele>27.9</ele>
        <time>2022-06-06T11:17:33Z</time>
      </trkpt>
      <trkpt lat="39.78387489220862" lon="116.42031246337156">
        <ele>27.5</ele>
        <time>2022-06-06T11:17:34Z</time>
      </trkpt>
      <trkpt lat="39.7838551916858" lon="116.42029592566466">
        <ele>27.5</ele>
        <time>2022-06-06T11:17:35Z</time>
      </trkpt>
      <trkpt lat="39.783835278541915" lon="116.42027921734048">
        <ele>27.5</ele>
        <time>2022-06-06T11:17:36Z</time>
      </trkpt>
      <trkpt lat="39.78381513129534" lon="116.42026221208606">
        <ele>27.5</ele>
        <time>2022-06-06T11:17:37Z</time>
      </trkpt>
      <trkpt lat="39.78379503689365" lon="116.42024501778099">
        <ele>27.5</ele>
        <time>2022-06-06T11:17:38Z</time>
      </trkpt>
      <trkpt lat="39.78377488245721" lon="116.42022755677618">
        <ele>27.5</ele>
        <time>2022-06-06T11:17:39Z</time>
      </trkpt>
      <trkpt lat="39.783754851264064" lon="116.42020992633395">
        <ele>27.5</ele>
        <time>2022-06-06T11:17:40Z</time>
      </trkpt>
      <trkpt lat="39.78373581936159" lon="116.42019230913942">
        <ele>27.5</ele>
        <time>2022-06-06T11:17:41Z</time>
      </trkpt>
      <trkpt lat="39.78371498910137" lon="116.42017302821615">
        <ele>27.5</ele>
        <time>2022-06-06T11:17:42Z</time>
      </trkpt>
      <trkpt lat="39.78369448619372" lon="116.42015448153414">
        <ele>27.5</ele>
        <time>2022-06-06T11:17:43Z</time>
      </trkpt>
      <trkpt lat="39.7836739896883" lon="116.42013637968539">
        <ele>27.2</ele>
        <time>2022-06-06T11:17:44Z</time>
      </trkpt>
      <trkpt lat="39.783653334792966" lon="116.42011843348133">
        <ele>27.2</ele>
        <time>2022-06-06T11:17:45Z</time>
      </trkpt>
      <trkpt lat="39.78363251785746" lon="116.42010040843759">
        <ele>27.2</ele>
        <time>2022-06-06T11:17:47Z</time>
      </trkpt>
      <trkpt lat="39.78361158343838" lon="116.42008204581843">
        <ele>27.2</ele>
        <time>2022-06-06T11:17:48Z</time>
      </trkpt>
      <trkpt lat="39.78359036686827" lon="116.42006288827422">
        <ele>27.2</ele>
        <time>2022-06-06T11:17:49Z</time>
      </trkpt>
      <trkpt lat="39.78356913646561" lon="116.42004323541262">
        <ele>27.2</ele>
        <time>2022-06-06T11:17:50Z</time>
      </trkpt>
      <trkpt lat="39.78354779434611" lon="116.4200230580515">
        <ele>27.2</ele>
        <time>2022-06-06T11:17:51Z</time>
      </trkpt>
      <trkpt lat="39.78352780141664" lon="116.42000395938582">
        <ele>27.2</ele>
        <time>2022-06-06T11:17:52Z</time>
      </trkpt>
      <trkpt lat="39.783506712766766" lon="116.4199831196452">
        <ele>27.2</ele>
        <time>2022-06-06T11:17:53Z</time>
      </trkpt>
      <trkpt lat="39.78348543902669" lon="116.41996208287205">
        <ele>26.7</ele>
        <time>2022-06-06T11:17:54Z</time>
      </trkpt>
      <trkpt lat="39.78346404460825" lon="116.4199410089708">
        <ele>26.7</ele>
        <time>2022-06-06T11:17:55Z</time>
      </trkpt>
      <trkpt lat="39.78344248151374" lon="116.41992012404909">
        <ele>26.7</ele>
        <time>2022-06-06T11:17:56Z</time>
      </trkpt>
      <trkpt lat="39.783420436984734" lon="116.41989943613996">
        <ele>26.7</ele>
        <time>2022-06-06T11:17:57Z</time>
      </trkpt>
      <trkpt lat="39.783397734474484" lon="116.41987829719524">
        <ele>26.7</ele>
        <time>2022-06-06T11:17:58Z</time>
      </trkpt>
      <trkpt lat="39.7833741376647" lon="116.41985775648115">
        <ele>26</ele>
        <time>2022-06-06T11:17:59Z</time>
      </trkpt>
      <trkpt lat="39.783349839817326" lon="116.41983826092068">
        <ele>26.7</ele>
        <time>2022-06-06T11:18:00Z</time>
      </trkpt>
      <trkpt lat="39.78332489724264" lon="116.41981969417803">
        <ele>26.7</ele>
        <time>2022-06-06T11:18:01Z</time>
      </trkpt>
      <trkpt lat="39.78329914279048" lon="116.41980180418464">
        <ele>26.7</ele>
        <time>2022-06-06T11:18:02Z</time>
      </trkpt>
      <trkpt lat="39.78327313233166" lon="116.41978459556599">
        <ele>26.7</ele>
        <time>2022-06-06T11:18:03Z</time>
      </trkpt>
      <trkpt lat="39.783246981895" lon="116.41976795690458">
        <ele>27</ele>
        <time>2022-06-06T11:18:04Z</time>
      </trkpt>
      <trkpt lat="39.783220704929704" lon="116.41975149298386">
        <ele>27</ele>
        <time>2022-06-06T11:18:05Z</time>
      </trkpt>
      <trkpt lat="39.78319446955352" lon="116.41973522479431">
        <ele>27</ele>
        <time>2022-06-06T11:18:06Z</time>
      </trkpt>
      <trkpt lat="39.783168231508334" lon="116.41971882850432">
        <ele>27</ele>
        <time>2022-06-06T11:18:07Z</time>
      </trkpt>
      <trkpt lat="39.78314439897285" lon="116.41970124972572">
        <ele>27</ele>
        <time>2022-06-06T11:18:08Z</time>
      </trkpt>
      <trkpt lat="39.78312290534128" lon="116.41968240131895">
        <ele>27</ele>
        <time>2022-06-06T11:18:09Z</time>
      </trkpt>
      <trkpt lat="39.78310386893839" lon="116.41966248752942">
        <ele>27</ele>
        <time>2022-06-06T11:18:10Z</time>
      </trkpt>
      <trkpt lat="39.783087223597555" lon="116.41964149017384">
        <ele>27</ele>
        <time>2022-06-06T11:18:11Z</time>
      </trkpt>
      <trkpt lat="39.7830723034319" lon="116.41961920521005">
        <ele>27</ele>
        <time>2022-06-06T11:18:12Z</time>
      </trkpt>
      <trkpt lat="39.783058397467684" lon="116.41959651895095">
        <ele>27</ele>
        <time>2022-06-06T11:18:13Z</time>
      </trkpt>
      <trkpt lat="39.78304542061757" lon="116.41957335022015">
        <ele>27.6</ele>
        <time>2022-06-06T11:18:14Z</time>
      </trkpt>
      <trkpt lat="39.7830333932123" lon="116.41954907133344">
        <ele>27.6</ele>
        <time>2022-06-06T11:18:15Z</time>
      </trkpt>
      <trkpt lat="39.783023058555116" lon="116.41952366407907">
        <ele>27.6</ele>
        <time>2022-06-06T11:18:16Z</time>
      </trkpt>
      <trkpt lat="39.783015140197065" lon="116.41949672267586">
        <ele>27.6</ele>
        <time>2022-06-06T11:18:17Z</time>
      </trkpt>
      <trkpt lat="39.783010102313874" lon="116.41946872944368">
        <ele>27.6</ele>
        <time>2022-06-06T11:18:18Z</time>
      </trkpt>
      <trkpt lat="39.78300604664382" lon="116.41944104066813">
        <ele>27.6</ele>
        <time>2022-06-06T11:18:19Z</time>
      </trkpt>
      <trkpt lat="39.78300335755134" lon="116.41941323841448">
        <ele>27.6</ele>
        <time>2022-06-06T11:18:20Z</time>
      </trkpt>
      <trkpt lat="39.78300200443185" lon="116.41938525074681">
        <ele>27.6</ele>
        <time>2022-06-06T11:18:21Z</time>
      </trkpt>
      <trkpt lat="39.78300189190382" lon="116.4193571335081">
        <ele>27.6</ele>
        <time>2022-06-06T11:18:22Z</time>
      </trkpt>
      <trkpt lat="39.783003624480564" lon="116.41932879238689">
        <ele>27.6</ele>
        <time>2022-06-06T11:18:23Z</time>
      </trkpt>
      <trkpt lat="39.78300795745198" lon="116.41929966348245">
        <ele>27.1</ele>
        <time>2022-06-06T11:18:24Z</time>
      </trkpt>
      <trkpt lat="39.7830145457992" lon="116.4192700627497">
        <ele>27.1</ele>
        <time>2022-06-06T11:18:25Z</time>
      </trkpt>
      <trkpt lat="39.78302321986802" lon="116.41924091646526">
        <ele>27.1</ele>
        <time>2022-06-06T11:18:26Z</time>
      </trkpt>
      <trkpt lat="39.783033227595546" lon="116.419212626561">
        <ele>27.1</ele>
        <time>2022-06-06T11:18:27Z</time>
      </trkpt>
      <trkpt lat="39.7830438104393" lon="116.41918517895762">
        <ele>27.1</ele>
        <time>2022-06-06T11:18:28Z</time>
      </trkpt>
      <trkpt lat="39.78305454787313" lon="116.41915833967944">
        <ele>27.1</ele>
        <time>2022-06-06T11:18:29Z</time>
      </trkpt>
      <trkpt lat="39.78306558261003" lon="116.41913169967748">
        <ele>27.1</ele>
        <time>2022-06-06T11:18:30Z</time>
      </trkpt>
      <trkpt lat="39.78307664305588" lon="116.41910546553511">
        <ele>27.1</ele>
        <time>2022-06-06T11:18:31Z</time>
      </trkpt>
      <trkpt lat="39.78308792040194" lon="116.41907955666856">
        <ele>27.1</ele>
        <time>2022-06-06T11:18:32Z</time>
      </trkpt>
      <trkpt lat="39.78309966650262" lon="116.41905355717178">
        <ele>27.1</ele>
        <time>2022-06-06T11:18:33Z</time>
      </trkpt>
      <trkpt lat="39.78311170256399" lon="116.41902782057697">
        <ele>26.7</ele>
        <time>2022-06-06T11:18:34Z</time>
      </trkpt>
      <trkpt lat="39.78312400863571" lon="116.41900226682286">
        <ele>26.7</ele>
        <time>2022-06-06T11:18:35Z</time>
      </trkpt>
      <trkpt lat="39.783136735138385" lon="116.4189764873598">
        <ele>26.7</ele>
        <time>2022-06-06T11:18:36Z</time>
      </trkpt>
      <trkpt lat="39.7831497733906" lon="116.4189503341722">
        <ele>26.7</ele>
        <time>2022-06-06T11:18:37Z</time>
      </trkpt>
      <trkpt lat="39.78316335773975" lon="116.41892331490159">
        <ele>26.7</ele>
        <time>2022-06-06T11:18:38Z</time>
      </trkpt>
      <trkpt lat="39.78317735850435" lon="116.41889607425946">
        <ele>26.7</ele>
        <time>2022-06-06T11:18:39Z</time>
      </trkpt>
      <trkpt lat="39.78319195605572" lon="116.41886836598653">
        <ele>26.7</ele>
        <time>2022-06-06T11:18:40Z</time>
      </trkpt>
      <trkpt lat="39.78320682099487" lon="116.41884068024844">
        <ele>26.7</ele>
        <time>2022-06-06T11:18:41Z</time>
      </trkpt>
      <trkpt lat="39.78322192885159" lon="116.41881318581072">
        <ele>26.7</ele>
        <time>2022-06-06T11:18:42Z</time>
      </trkpt>
      <trkpt lat="39.78323749383036" lon="116.41878582656157">
        <ele>26.7</ele>
        <time>2022-06-06T11:18:43Z</time>
      </trkpt>
      <trkpt lat="39.78325316759535" lon="116.41875905880627">
        <ele>26.7</ele>
        <time>2022-06-06T11:18:44Z</time>
      </trkpt>
      <trkpt lat="39.78326898576519" lon="116.41873294763317">
        <ele>26.7</ele>
        <time>2022-06-06T11:18:45Z</time>
      </trkpt>
      <trkpt lat="39.783285199829095" lon="116.41870719233553">
        <ele>26.7</ele>
        <time>2022-06-06T11:18:46Z</time>
      </trkpt>
      <trkpt lat="39.783301723081884" lon="116.41868221989162">
        <ele>26.7</ele>
        <time>2022-06-06T11:18:47Z</time>
      </trkpt>
      <trkpt lat="39.783318294415224" lon="116.41865703359875">
        <ele>26.7</ele>
        <time>2022-06-06T11:18:48Z</time>
      </trkpt>
      <trkpt lat="39.78333488361625" lon="116.4186320741784">
        <ele>26.7</ele>
        <time>2022-06-06T11:18:49Z</time>
      </trkpt>
      <trkpt lat="39.78335143922226" lon="116.41860707908187">
        <ele>26.7</ele>
        <time>2022-06-06T11:18:50Z</time>
      </trkpt>
      <trkpt lat="39.783368031451104" lon="116.41858195703755">
        <ele>26.7</ele>
        <time>2022-06-06T11:18:51Z</time>
      </trkpt>
      <trkpt lat="39.783385037958205" lon="116.41855716906491">
        <ele>26.7</ele>
        <time>2022-06-06T11:18:52Z</time>
      </trkpt>
      <trkpt lat="39.78340255521174" lon="116.41853297914743">
        <ele>26.7</ele>
        <time>2022-06-06T11:18:53Z</time>
      </trkpt>
      <trkpt lat="39.783420506315906" lon="116.41850922618191">
        <ele>27.2</ele>
        <time>2022-06-06T11:18:54Z</time>
      </trkpt>
      <trkpt lat="39.78343891829175" lon="116.41848584139402">
        <ele>27.2</ele>
        <time>2022-06-06T11:18:55Z</time>
      </trkpt>
      <trkpt lat="39.78345800101211" lon="116.41846252475291">
        <ele>27.2</ele>
        <time>2022-06-06T11:18:56Z</time>
      </trkpt>
      <trkpt lat="39.783477392445164" lon="116.4184394785067">
        <ele>27.2</ele>
        <time>2022-06-06T11:18:57Z</time>
      </trkpt>
      <trkpt lat="39.783496850006244" lon="116.41841642160699">
        <ele>27.2</ele>
        <time>2022-06-06T11:18:58Z</time>
      </trkpt>
      <trkpt lat="39.78351678318718" lon="116.4183939228088">
        <ele>27</ele>
        <time>2022-06-06T11:18:59Z</time>
      </trkpt>
      <trkpt lat="39.78353699054451" lon="116.41837190762391">
        <ele>27.2</ele>
        <time>2022-06-06T11:19:00Z</time>
      </trkpt>
      <trkpt lat="39.783557364576986" lon="116.41835038628457">
        <ele>27.2</ele>
        <time>2022-06-06T11:19:01Z</time>
      </trkpt>
      <trkpt lat="39.7835777457502" lon="116.41832926028795">
        <ele>27.2</ele>
        <time>2022-06-06T11:19:02Z</time>
      </trkpt>
      <trkpt lat="39.78359773580479" lon="116.41830796884439">
        <ele>27.2</ele>
        <time>2022-06-06T11:19:03Z</time>
      </trkpt>
      <trkpt lat="39.783617152530255" lon="116.41828601908054">
        <ele>27.4</ele>
        <time>2022-06-06T11:19:04Z</time>
      </trkpt>
      <trkpt lat="39.783635997915766" lon="116.41826342460948">
        <ele>27.4</ele>
        <time>2022-06-06T11:19:05Z</time>
      </trkpt>
      <trkpt lat="39.78365430915809" lon="116.418240217842">
        <ele>27.4</ele>
        <time>2022-06-06T11:19:06Z</time>
      </trkpt>
      <trkpt lat="39.78367188043844" lon="116.41821665405489">
        <ele>27.4</ele>
        <time>2022-06-06T11:19:07Z</time>
      </trkpt>
      <trkpt lat="39.78368899472116" lon="116.4181923742215">
        <ele>27.4</ele>
        <time>2022-06-06T11:19:08Z</time>
      </trkpt>
      <trkpt lat="39.78370579034259" lon="116.41816756013483">
        <ele>27.4</ele>
        <time>2022-06-06T11:19:09Z</time>
      </trkpt>
      <trkpt lat="39.78372210136987" lon="116.41814249652579">
        <ele>27.4</ele>
        <time>2022-06-06T11:19:10Z</time>
      </trkpt>
      <trkpt lat="39.783738029985166" lon="116.41811705178444">
        <ele>27.4</ele>
        <time>2022-06-06T11:19:11Z</time>
      </trkpt>
      <trkpt lat="39.78375392239677" lon="116.41809087349716">
        <ele>27.4</ele>
        <time>2022-06-06T11:19:12Z</time>
      </trkpt>
      <trkpt lat="39.78376974684224" lon="116.41806444127589">
        <ele>27.4</ele>
        <time>2022-06-06T11:19:13Z</time>
      </trkpt>
      <trkpt lat="39.783785547280836" lon="116.41803765925695">
        <ele>27.1</ele>
        <time>2022-06-06T11:19:14Z</time>
      </trkpt>
      <trkpt lat="39.78380163035961" lon="116.4180103330409">
        <ele>27.1</ele>
        <time>2022-06-06T11:19:15Z</time>
      </trkpt>
      <trkpt lat="39.78381777832051" lon="116.41798282594473">
        <ele>27.1</ele>
        <time>2022-06-06T11:19:16Z</time>
      </trkpt>
      <trkpt lat="39.783833979390096" lon="116.41795516321304">
        <ele>27.1</ele>
        <time>2022-06-06T11:19:17Z</time>
      </trkpt>
      <trkpt lat="39.78385042735213" lon="116.41792701745263">
        <ele>27.1</ele>
        <time>2022-06-06T11:19:18Z</time>
      </trkpt>
      <trkpt lat="39.783866902272216" lon="116.41789890695189">
        <ele>27.1</ele>
        <time>2022-06-06T11:19:19Z</time>
      </trkpt>
      <trkpt lat="39.78388343921098" lon="116.41787088905247">
        <ele>27.1</ele>
        <time>2022-06-06T11:19:20Z</time>
      </trkpt>
      <trkpt lat="39.78390022126452" lon="116.41784267138704">
        <ele>27.1</ele>
        <time>2022-06-06T11:19:21Z</time>
      </trkpt>
      <trkpt lat="39.78391714094021" lon="116.41781439666211">
        <ele>27.1</ele>
        <time>2022-06-06T11:19:22Z</time>
      </trkpt>
      <trkpt lat="39.783934064737544" lon="116.4177861573946">
        <ele>27.1</ele>
        <time>2022-06-06T11:19:23Z</time>
      </trkpt>
      <trkpt lat="39.78395097734804" lon="116.41775802587291">
        <ele>27.1</ele>
        <time>2022-06-06T11:19:24Z</time>
      </trkpt>
      <trkpt lat="39.783967843968576" lon="116.41773004911312">
        <ele>27.1</ele>
        <time>2022-06-06T11:19:25Z</time>
      </trkpt>
      <trkpt lat="39.783984454698356" lon="116.41770255429545">
        <ele>27.1</ele>
        <time>2022-06-06T11:19:26Z</time>
      </trkpt>
      <trkpt lat="39.78400085180434" lon="116.41767545650512">
        <ele>27.1</ele>
        <time>2022-06-06T11:19:27Z</time>
      </trkpt>
      <trkpt lat="39.78401732347302" lon="116.41764839780943">
        <ele>27.1</ele>
        <time>2022-06-06T11:19:28Z</time>
      </trkpt>
      <trkpt lat="39.784033583785586" lon="116.41762169941123">
        <ele>27.1</ele>
        <time>2022-06-06T11:19:29Z</time>
      </trkpt>
      <trkpt lat="39.78404963078141" lon="116.41759524476919">
        <ele>27.1</ele>
        <time>2022-06-06T11:19:30Z</time>
      </trkpt>
      <trkpt lat="39.7840656337381" lon="116.41756866428797">
        <ele>27.1</ele>
        <time>2022-06-06T11:19:31Z</time>
      </trkpt>
      <trkpt lat="39.784081337949864" lon="116.4175423508838">
        <ele>27.1</ele>
        <time>2022-06-06T11:19:32Z</time>
      </trkpt>
      <trkpt lat="39.78409690768583" lon="116.41751589369407">
        <ele>27.1</ele>
        <time>2022-06-06T11:19:33Z</time>
      </trkpt>
      <trkpt lat="39.78411216061507" lon="116.41748969305442">
        <ele>27.7</ele>
        <time>2022-06-06T11:19:34Z</time>
      </trkpt>
      <trkpt lat="39.784127072464884" lon="116.41746371649029">
        <ele>27.7</ele>
        <time>2022-06-06T11:19:35Z</time>
      </trkpt>
      <trkpt lat="39.78414188025585" lon="116.41743762407069">
        <ele>27.7</ele>
        <time>2022-06-06T11:19:36Z</time>
      </trkpt>
      <trkpt lat="39.784156556710094" lon="116.41741150547475">
        <ele>27.7</ele>
        <time>2022-06-06T11:19:37Z</time>
      </trkpt>
      <trkpt lat="39.784171122475605" lon="116.4173853753971">
        <ele>27.7</ele>
        <time>2022-06-06T11:19:38Z</time>
      </trkpt>
      <trkpt lat="39.78418557148392" lon="116.41735921099806">
        <ele>27.7</ele>
        <time>2022-06-06T11:19:39Z</time>
      </trkpt>
      <trkpt lat="39.78420000288498" lon="116.41733306576516">
        <ele>27.7</ele>
        <time>2022-06-06T11:19:40Z</time>
      </trkpt>
      <trkpt lat="39.78421471218698" lon="116.41730671584726">
        <ele>27.7</ele>
        <time>2022-06-06T11:19:41Z</time>
      </trkpt>
      <trkpt lat="39.784229491497236" lon="116.41728055093736">
        <ele>27.7</ele>
        <time>2022-06-06T11:19:42Z</time>
      </trkpt>
      <trkpt lat="39.78424460983625" lon="116.41725424789371">
        <ele>27.7</ele>
        <time>2022-06-06T11:19:43Z</time>
      </trkpt>
      <trkpt lat="39.784259929508806" lon="116.41722826547145">
        <ele>27.4</ele>
        <time>2022-06-06T11:19:44Z</time>
      </trkpt>
      <trkpt lat="39.784275471909865" lon="116.41720251965378">
        <ele>27.4</ele>
        <time>2022-06-06T11:19:45Z</time>
      </trkpt>
      <trkpt lat="39.78429142295697" lon="116.41717661591855">
        <ele>27.4</ele>
        <time>2022-06-06T11:19:46Z</time>
      </trkpt>
      <trkpt lat="39.784307471906835" lon="116.41715086548786">
        <ele>27.4</ele>
        <time>2022-06-06T11:19:47Z</time>
      </trkpt>
      <trkpt lat="39.784323617171566" lon="116.41712518108824">
        <ele>27.4</ele>
        <time>2022-06-06T11:19:48Z</time>
      </trkpt>
      <trkpt lat="39.78434005233495" lon="116.4170992642803">
        <ele>27.4</ele>
        <time>2022-06-06T11:19:49Z</time>
      </trkpt>
      <trkpt lat="39.78435650062407" lon="116.41707352834764">
        <ele>27.4</ele>
        <time>2022-06-06T11:19:50Z</time>
      </trkpt>
      <trkpt lat="39.78437317787375" lon="116.41704763933915">
        <ele>27.4</ele>
        <time>2022-06-06T11:19:51Z</time>
      </trkpt>
      <trkpt lat="39.784389859187264" lon="116.41702199328671">
        <ele>27.4</ele>
        <time>2022-06-06T11:19:52Z</time>
      </trkpt>
      <trkpt lat="39.78440662840647" lon="116.41699667021618">
        <ele>27.4</ele>
        <time>2022-06-06T11:19:53Z</time>
      </trkpt>
      <trkpt lat="39.784423508083314" lon="116.41697171257523">
        <ele>26.8</ele>
        <time>2022-06-06T11:19:54Z</time>
      </trkpt>
      <trkpt lat="39.784440478299864" lon="116.41694707473357">
        <ele>26.8</ele>
        <time>2022-06-06T11:19:55Z</time>
      </trkpt>
      <trkpt lat="39.78445749223861" lon="116.41692274071761">
        <ele>26.8</ele>
        <time>2022-06-06T11:19:56Z</time>
      </trkpt>
      <trkpt lat="39.78447423983296" lon="116.41689908963008">
        <ele>26.8</ele>
        <time>2022-06-06T11:19:57Z</time>
      </trkpt>
      <trkpt lat="39.78449095951189" lon="116.41687562298353">
        <ele>26.8</ele>
        <time>2022-06-06T11:19:58Z</time>
      </trkpt>
      <trkpt lat="39.7845076056538" lon="116.41685233864173">
        <ele>26</ele>
        <time>2022-06-06T11:19:59Z</time>
      </trkpt>
      <trkpt lat="39.78452408826757" lon="116.41682906288348">
        <ele>26.8</ele>
        <time>2022-06-06T11:20:00Z</time>
      </trkpt>
      <trkpt lat="39.78454038281479" lon="116.41680577361824">
        <ele>26.8</ele>
        <time>2022-06-06T11:20:01Z</time>
      </trkpt>
      <trkpt lat="39.78455625009062" lon="116.41678277194603">
        <ele>26.8</ele>
        <time>2022-06-06T11:20:02Z</time>
      </trkpt>
      <trkpt lat="39.784571873701374" lon="116.4167596259962">
        <ele>26.8</ele>
        <time>2022-06-06T11:20:03Z</time>
      </trkpt>
      <trkpt lat="39.78458724536109" lon="116.41673637492883">
        <ele>26.9</ele>
        <time>2022-06-06T11:20:04Z</time>
      </trkpt>
      <trkpt lat="39.7846021460844" lon="116.41671330274322">
        <ele>26.9</ele>
        <time>2022-06-06T11:20:05Z</time>
      </trkpt>
      <trkpt lat="39.78461680533374" lon="116.41669005153437">
        <ele>26.9</ele>
        <time>2022-06-06T11:20:06Z</time>
      </trkpt>
      <trkpt lat="39.78463127116621" lon="116.41666669387106">
        <ele>26.9</ele>
        <time>2022-06-06T11:20:07Z</time>
      </trkpt>
      <trkpt lat="39.784645642543225" lon="116.4166431867872">
        <ele>26.9</ele>
        <time>2022-06-06T11:20:08Z</time>
      </trkpt>
      <trkpt lat="39.784659905260625" lon="116.4166196602825">
        <ele>26.9</ele>
        <time>2022-06-06T11:20:09Z</time>
      </trkpt>
      <trkpt lat="39.78467410335221" lon="116.41659619896156">
        <ele>26.9</ele>
        <time>2022-06-06T11:20:10Z</time>
      </trkpt>
      <trkpt lat="39.78468830900039" lon="116.41657302030927">
        <ele>26.9</ele>
        <time>2022-06-06T11:20:11Z</time>
      </trkpt>
      <trkpt lat="39.78470254663126" lon="116.4165501611761">
        <ele>26.9</ele>
        <time>2022-06-06T11:20:12Z</time>
      </trkpt>
      <trkpt lat="39.78471686064164" lon="116.4165277028882">
        <ele>26.9</ele>
        <time>2022-06-06T11:20:13Z</time>
      </trkpt>
      <trkpt lat="39.78473132906839" lon="116.41650570976743">
        <ele>27.1</ele>
        <time>2022-06-06T11:20:14Z</time>
      </trkpt>
      <trkpt lat="39.78474588352543" lon="116.41648403355934">
        <ele>27.1</ele>
        <time>2022-06-06T11:20:15Z</time>
      </trkpt>
      <trkpt lat="39.784760680931676" lon="116.41646231562603">
        <ele>27.1</ele>
        <time>2022-06-06T11:20:16Z</time>
      </trkpt>
      <trkpt lat="39.78477548509883" lon="116.4164409080282">
        <ele>27.1</ele>
        <time>2022-06-06T11:20:17Z</time>
      </trkpt>
      <trkpt lat="39.78479017932535" lon="116.41641961168185">
        <ele>27.1</ele>
        <time>2022-06-06T11:20:18Z</time>
      </trkpt>
      <trkpt lat="39.78480492713064" lon="116.4163980481605">
        <ele>27.1</ele>
        <time>2022-06-06T11:20:19Z</time>
      </trkpt>
      <trkpt lat="39.784819523510045" lon="116.41637660364961">
        <ele>27.1</ele>
        <time>2022-06-06T11:20:20Z</time>
      </trkpt>
      <trkpt lat="39.78483395406526" lon="116.41635518682612">
        <ele>27.1</ele>
        <time>2022-06-06T11:20:21Z</time>
      </trkpt>
      <trkpt lat="39.78484823992447" lon="116.41633380041243">
        <ele>27.1</ele>
        <time>2022-06-06T11:20:22Z</time>
      </trkpt>
      <trkpt lat="39.784862396704014" lon="116.41631238779513">
        <ele>27.1</ele>
        <time>2022-06-06T11:20:23Z</time>
      </trkpt>
      <trkpt lat="39.7848764078614" lon="116.41629090242222">
        <ele>27</ele>
        <time>2022-06-06T11:20:24Z</time>
      </trkpt>
      <trkpt lat="39.78489024475388" lon="116.41626929070353">
        <ele>27</ele>
        <time>2022-06-06T11:20:25Z</time>
      </trkpt>
      <trkpt lat="39.78490395311828" lon="116.41624763552272">
        <ele>27</ele>
        <time>2022-06-06T11:20:26Z</time>
      </trkpt>
      <trkpt lat="39.78491755883954" lon="116.41622594083458">
        <ele>27</ele>
        <time>2022-06-06T11:20:27Z</time>
      </trkpt>
      <trkpt lat="39.78493106495585" lon="116.416204235285">
        <ele>27</ele>
        <time>2022-06-06T11:20:28Z</time>
      </trkpt>
      <trkpt lat="39.784944583090116" lon="116.41618266572374">
        <ele>27</ele>
        <time>2022-06-06T11:20:29Z</time>
      </trkpt>
      <trkpt lat="39.7849581538693" lon="116.41616130971329">
        <ele>27</ele>
        <time>2022-06-06T11:20:30Z</time>
      </trkpt>
      <trkpt lat="39.784971785595566" lon="116.41614015245847">
        <ele>27</ele>
        <time>2022-06-06T11:20:31Z</time>
      </trkpt>
      <trkpt lat="39.78498566004018" lon="116.41611888985994">
        <ele>27</ele>
        <time>2022-06-06T11:20:32Z</time>
      </trkpt>
      <trkpt lat="39.784999519356106" lon="116.4160978544124">
        <ele>27</ele>
        <time>2022-06-06T11:20:33Z</time>
      </trkpt>
      <trkpt lat="39.785013389732164" lon="116.41607700027176">
        <ele>27.5</ele>
        <time>2022-06-06T11:20:34Z</time>
      </trkpt>
      <trkpt lat="39.78502748579716" lon="116.41605598541153">
        <ele>27.5</ele>
        <time>2022-06-06T11:20:35Z</time>
      </trkpt>
      <trkpt lat="39.78504153283663" lon="116.41603520075469">
        <ele>27.5</ele>
        <time>2022-06-06T11:20:36Z</time>
      </trkpt>
      <trkpt lat="39.7850555698191" lon="116.41601463672527">
        <ele>27.5</ele>
        <time>2022-06-06T11:20:37Z</time>
      </trkpt>
      <trkpt lat="39.7850695931434" lon="116.41599424758056">
        <ele>27.5</ele>
        <time>2022-06-06T11:20:38Z</time>
      </trkpt>
      <trkpt lat="39.78508359097782" lon="116.41597394280996">
        <ele>27.5</ele>
        <time>2022-06-06T11:20:39Z</time>
      </trkpt>
      <trkpt lat="39.78509763815851" lon="116.41595371490979">
        <ele>27.5</ele>
        <time>2022-06-06T11:20:40Z</time>
      </trkpt>
      <trkpt lat="39.7851116295537" lon="116.41593386193142">
        <ele>27.5</ele>
        <time>2022-06-06T11:20:41Z</time>
      </trkpt>
      <trkpt lat="39.78512563405795" lon="116.41591427369428">
        <ele>27.5</ele>
        <time>2022-06-06T11:20:42Z</time>
      </trkpt>
      <trkpt lat="39.78513974745192" lon="116.41589490664929">
        <ele>27.5</ele>
        <time>2022-06-06T11:20:43Z</time>
      </trkpt>
      <trkpt lat="39.78515397466582" lon="116.41587570493125">
        <ele>27</ele>
        <time>2022-06-06T11:20:44Z</time>
      </trkpt>
      <trkpt lat="39.78516830735227" lon="116.41585657585632">
        <ele>27</ele>
        <time>2022-06-06T11:20:45Z</time>
      </trkpt>
      <trkpt lat="39.78518268770338" lon="116.41583742531985">
        <ele>27</ele>
        <time>2022-06-06T11:20:46Z</time>
      </trkpt>
      <trkpt lat="39.785197114047065" lon="116.41581816297364">
        <ele>27</ele>
        <time>2022-06-06T11:20:47Z</time>
      </trkpt>
      <trkpt lat="39.78521179150241" lon="116.41579847142116">
        <ele>27</ele>
        <time>2022-06-06T11:20:48Z</time>
      </trkpt>
      <trkpt lat="39.78522652316313" lon="116.41577873433634">
        <ele>27</ele>
        <time>2022-06-06T11:20:49Z</time>
      </trkpt>
      <trkpt lat="39.785241338750865" lon="116.41575894422174">
        <ele>27</ele>
        <time>2022-06-06T11:20:50Z</time>
      </trkpt>
      <trkpt lat="39.78525632059776" lon="116.41573869312205">
        <ele>27</ele>
        <time>2022-06-06T11:20:51Z</time>
      </trkpt>
      <trkpt lat="39.78527132751194" lon="116.41571801284887">
        <ele>27</ele>
        <time>2022-06-06T11:20:52Z</time>
      </trkpt>
      <trkpt lat="39.78528627060574" lon="116.41569697128125">
        <ele>27</ele>
        <time>2022-06-06T11:20:53Z</time>
      </trkpt>
      <trkpt lat="39.785301074679" lon="116.41567557170653">
        <ele>27.2</ele>
        <time>2022-06-06T11:20:54Z</time>
      </trkpt>
      <trkpt lat="39.785315704741436" lon="116.41565387485961">
        <ele>27.2</ele>
        <time>2022-06-06T11:20:55Z</time>
      </trkpt>
      <trkpt lat="39.78533039771596" lon="116.41563172940785">
        <ele>27.2</ele>
        <time>2022-06-06T11:20:56Z</time>
      </trkpt>
      <trkpt lat="39.78534513885854" lon="116.41560982218972">
        <ele>27.2</ele>
        <time>2022-06-06T11:20:57Z</time>
      </trkpt>
      <trkpt lat="39.78536030762719" lon="116.41558795397052">
        <ele>27.2</ele>
        <time>2022-06-06T11:20:58Z</time>
      </trkpt>
      <trkpt lat="39.78537573932861" lon="116.41556649397788">
        <ele>27</ele>
        <time>2022-06-06T11:20:59Z</time>
      </trkpt>
      <trkpt lat="39.78539150187948" lon="116.41554539461134">
        <ele>27.2</ele>
        <time>2022-06-06T11:21:00Z</time>
      </trkpt>
      <trkpt lat="39.78540794465776" lon="116.41552437972375">
        <ele>27.2</ele>
        <time>2022-06-06T11:21:01Z</time>
      </trkpt>
      <trkpt lat="39.78542487546384" lon="116.41550373951962">
        <ele>27.2</ele>
        <time>2022-06-06T11:21:02Z</time>
      </trkpt>
      <trkpt lat="39.785442331492625" lon="116.4154833850087">
        <ele>27.2</ele>
        <time>2022-06-06T11:21:03Z</time>
      </trkpt>
      <trkpt lat="39.78546056612098" lon="116.41546298656291">
        <ele>27.2</ele>
        <time>2022-06-06T11:21:04Z</time>
      </trkpt>
      <trkpt lat="39.78547934778585" lon="116.41544286413914">
        <ele>27.2</ele>
        <time>2022-06-06T11:21:05Z</time>
      </trkpt>
      <trkpt lat="39.78549869758824" lon="116.41542291651976">
        <ele>27.2</ele>
        <time>2022-06-06T11:21:06Z</time>
      </trkpt>
      <trkpt lat="39.78551863872473" lon="116.41540314921612">
        <ele>27.2</ele>
        <time>2022-06-06T11:21:07Z</time>
      </trkpt>
      <trkpt lat="39.78553891373817" lon="116.41538325479101">
        <ele>27.2</ele>
        <time>2022-06-06T11:21:08Z</time>
      </trkpt>
      <trkpt lat="39.78555938996033" lon="116.41536320364365">
        <ele>27.2</ele>
        <time>2022-06-06T11:21:09Z</time>
      </trkpt>
      <trkpt lat="39.78557994616499" lon="116.4153429823597">
        <ele>27.2</ele>
        <time>2022-06-06T11:21:10Z</time>
      </trkpt>
      <trkpt lat="39.785600479928696" lon="116.4153226419487">
        <ele>27.2</ele>
        <time>2022-06-06T11:21:11Z</time>
      </trkpt>
      <trkpt lat="39.785620667798455" lon="116.41530248469705">
        <ele>27.2</ele>
        <time>2022-06-06T11:21:12Z</time>
      </trkpt>
      <trkpt lat="39.785640612945265" lon="116.41528257790429">
        <ele>27.2</ele>
        <time>2022-06-06T11:21:13Z</time>
      </trkpt>
      <trkpt lat="39.785660617202225" lon="116.4152626824803">
        <ele>27.5</ele>
        <time>2022-06-06T11:21:14Z</time>
      </trkpt>
      <trkpt lat="39.78568042622213" lon="116.41524313366038">
        <ele>27.5</ele>
        <time>2022-06-06T11:21:15Z</time>
      </trkpt>
      <trkpt lat="39.78570009029894" lon="116.41522399184029">
        <ele>27.5</ele>
        <time>2022-06-06T11:21:16Z</time>
      </trkpt>
      <trkpt lat="39.78571992878974" lon="116.41520516030712">
        <ele>27.5</ele>
        <time>2022-06-06T11:21:17Z</time>
      </trkpt>
      <trkpt lat="39.78573966835418" lon="116.41518695136149">
        <ele>27.5</ele>
        <time>2022-06-06T11:21:18Z</time>
      </trkpt>
      <trkpt lat="39.785759372122826" lon="116.41516931000778">
        <ele>27.5</ele>
        <time>2022-06-06T11:21:19Z</time>
      </trkpt>
      <trkpt lat="39.785778858647184" lon="116.41515242399697">
        <ele>27.5</ele>
        <time>2022-06-06T11:21:20Z</time>
      </trkpt>
      <trkpt lat="39.78579815889372" lon="116.41513619879322">
        <ele>27.5</ele>
        <time>2022-06-06T11:21:21Z</time>
      </trkpt>
      <trkpt lat="39.78581764111732" lon="116.41512038754585">
        <ele>27.5</ele>
        <time>2022-06-06T11:21:22Z</time>
      </trkpt>
      <trkpt lat="39.7858373500068" lon="116.41510501756241">
        <ele>27.5</ele>
        <time>2022-06-06T11:21:23Z</time>
      </trkpt>
      <trkpt lat="39.78585730579588" lon="116.41509018401749">
        <ele>27.2</ele>
        <time>2022-06-06T11:21:24Z</time>
      </trkpt>
      <trkpt lat="39.78587755059025" lon="116.4150760556884">
        <ele>27.2</ele>
        <time>2022-06-06T11:21:25Z</time>
      </trkpt>
      <trkpt lat="39.78589808706873" lon="116.41506269638207">
        <ele>27.2</ele>
        <time>2022-06-06T11:21:26Z</time>
      </trkpt>
      <trkpt lat="39.785919174859224" lon="116.41504990578119">
        <ele>27.2</ele>
        <time>2022-06-06T11:21:27Z</time>
      </trkpt>
      <trkpt lat="39.78594042001437" lon="116.41503775854568">
        <ele>27.2</ele>
        <time>2022-06-06T11:21:28Z</time>
      </trkpt>
      <trkpt lat="39.78596178216822" lon="116.41502614386546">
        <ele>27.2</ele>
        <time>2022-06-06T11:21:29Z</time>
      </trkpt>
      <trkpt lat="39.785983632619505" lon="116.41501502899332">
        <ele>27.2</ele>
        <time>2022-06-06T11:21:30Z</time>
      </trkpt>
      <trkpt lat="39.786005898318635" lon="116.41500446048839">
        <ele>27.2</ele>
        <time>2022-06-06T11:21:31Z</time>
      </trkpt>
      <trkpt lat="39.78602862378909" lon="116.41499443162905">
        <ele>27.2</ele>
        <time>2022-06-06T11:21:32Z</time>
      </trkpt>
      <trkpt lat="39.78605177340323" lon="116.41498501936566">
        <ele>27.2</ele>
        <time>2022-06-06T11:21:33Z</time>
      </trkpt>
      <trkpt lat="39.786075214250296" lon="116.41497611296536">
        <ele>27.2</ele>
        <time>2022-06-06T11:21:34Z</time>
      </trkpt>
      <trkpt lat="39.786099110482645" lon="116.41496747478688">
        <ele>27.2</ele>
        <time>2022-06-06T11:21:35Z</time>
      </trkpt>
      <trkpt lat="39.78612302923006" lon="116.4149591401789">
        <ele>27.2</ele>
        <time>2022-06-06T11:21:36Z</time>
      </trkpt>
      <trkpt lat="39.7861469197637" lon="116.41495091577545">
        <ele>27.2</ele>
        <time>2022-06-06T11:21:37Z</time>
      </trkpt>
      <trkpt lat="39.78617077204021" lon="116.4149428201979">
        <ele>27.2</ele>
        <time>2022-06-06T11:21:38Z</time>
      </trkpt>
      <trkpt lat="39.78619460772546" lon="116.41493491919819">
        <ele>27.2</ele>
        <time>2022-06-06T11:21:39Z</time>
      </trkpt>
      <trkpt lat="39.786218450341174" lon="116.41492723483191">
        <ele>27.2</ele>
        <time>2022-06-06T11:21:40Z</time>
      </trkpt>
      <trkpt lat="39.78624230199359" lon="116.41491981517382">
        <ele>27.2</ele>
        <time>2022-06-06T11:21:41Z</time>
      </trkpt>
      <trkpt lat="39.78626649244926" lon="116.41491265353173">
        <ele>27.2</ele>
        <time>2022-06-06T11:21:42Z</time>
      </trkpt>
      <trkpt lat="39.7862909209725" lon="116.41490572153357">
        <ele>27.2</ele>
        <time>2022-06-06T11:21:43Z</time>
      </trkpt>
      <trkpt lat="39.78631524985367" lon="116.41489908569024">
        <ele>27</ele>
        <time>2022-06-06T11:21:44Z</time>
      </trkpt>
      <trkpt lat="39.78633983849453" lon="116.41489268733783">
        <ele>27</ele>
        <time>2022-06-06T11:21:45Z</time>
      </trkpt>
      <trkpt lat="39.786364350045524" lon="116.41488663940791">
        <ele>27</ele>
        <time>2022-06-06T11:21:46Z</time>
      </trkpt>
      <trkpt lat="39.786389139490744" lon="116.4148808702614">
        <ele>27</ele>
        <time>2022-06-06T11:21:47Z</time>
      </trkpt>
      <trkpt lat="39.78641416307903" lon="116.4148753734157">
        <ele>27</ele>
        <time>2022-06-06T11:21:48Z</time>
      </trkpt>
      <trkpt lat="39.78643906457842" lon="116.41487015741478">
        <ele>27</ele>
        <time>2022-06-06T11:21:49Z</time>
      </trkpt>
      <trkpt lat="39.78646422817989" lon="116.41486503224486">
        <ele>27</ele>
        <time>2022-06-06T11:21:50Z</time>
      </trkpt>
      <trkpt lat="39.78648958242334" lon="116.41485993400934">
        <ele>27</ele>
        <time>2022-06-06T11:21:51Z</time>
      </trkpt>
      <trkpt lat="39.78651506858558" lon="116.41485478563979">
        <ele>27</ele>
        <time>2022-06-06T11:21:52Z</time>
      </trkpt>
      <trkpt lat="39.7865403267513" lon="116.41484959733535">
        <ele>27</ele>
        <time>2022-06-06T11:21:53Z</time>
      </trkpt>
      <trkpt lat="39.78656542188103" lon="116.4148444315984">
        <ele>27.4</ele>
        <time>2022-06-06T11:21:54Z</time>
      </trkpt>
      <trkpt lat="39.78659067881821" lon="116.41483922921844">
        <ele>27.4</ele>
        <time>2022-06-06T11:21:55Z</time>
      </trkpt>
      <trkpt lat="39.78661572867919" lon="116.41483405443964">
        <ele>27.4</ele>
        <time>2022-06-06T11:21:56Z</time>
      </trkpt>
      <trkpt lat="39.78664092316312" lon="116.41482886709002">
        <ele>27.4</ele>
        <time>2022-06-06T11:21:57Z</time>
      </trkpt>
      <trkpt lat="39.78666587199128" lon="116.41482372207386">
        <ele>27.4</ele>
        <time>2022-06-06T11:21:58Z</time>
      </trkpt>
      <trkpt lat="39.7866906057271" lon="116.41481860592496">
        <ele>27</ele>
        <time>2022-06-06T11:21:59Z</time>
      </trkpt>
      <trkpt lat="39.78671547456468" lon="116.41481346487949">
        <ele>27.4</ele>
        <time>2022-06-06T11:22:00Z</time>
      </trkpt>
      <trkpt lat="39.78674007399689" lon="116.41480836986848">
        <ele>27.4</ele>
        <time>2022-06-06T11:22:01Z</time>
      </trkpt>
      <trkpt lat="39.786764763555716" lon="116.41480314791275">
        <ele>27.4</ele>
        <time>2022-06-06T11:22:02Z</time>
      </trkpt>
      <trkpt lat="39.786789170664306" lon="116.41479788343402">
        <ele>27.4</ele>
        <time>2022-06-06T11:22:03Z</time>
      </trkpt>
      <trkpt lat="39.78681335950271" lon="116.41479250794501">
        <ele>27.7</ele>
        <time>2022-06-06T11:22:04Z</time>
      </trkpt>
      <trkpt lat="39.78683763031944" lon="116.41478687640446">
        <ele>27.7</ele>
        <time>2022-06-06T11:22:05Z</time>
      </trkpt>
      <trkpt lat="39.786861659343664" lon="116.41478108068904">
        <ele>27.7</ele>
        <time>2022-06-06T11:22:06Z</time>
      </trkpt>
      <trkpt lat="39.786885503060226" lon="116.414775170813">
        <ele>27.7</ele>
        <time>2022-06-06T11:22:07Z</time>
      </trkpt>
      <trkpt lat="39.786909202570236" lon="116.41476911001764">
        <ele>27.7</ele>
        <time>2022-06-06T11:22:08Z</time>
      </trkpt>
      <trkpt lat="39.78693281905332" lon="116.41476293511384">
        <ele>27.7</ele>
        <time>2022-06-06T11:22:09Z</time>
      </trkpt>
      <trkpt lat="39.786956700679255" lon="116.41475664320294">
        <ele>27.7</ele>
        <time>2022-06-06T11:22:10Z</time>
      </trkpt>
      <trkpt lat="39.78698050329701" lon="116.41475037028117">
        <ele>27.7</ele>
        <time>2022-06-06T11:22:11Z</time>
      </trkpt>
      <trkpt lat="39.78700458285168" lon="116.41474412233708">
        <ele>27.7</ele>
        <time>2022-06-06T11:22:12Z</time>
      </trkpt>
      <trkpt lat="39.787028595593064" lon="116.41473812937524">
        <ele>27.7</ele>
        <time>2022-06-06T11:22:13Z</time>
      </trkpt>
      <trkpt lat="39.78705260658331" lon="116.41473245704391">
        <ele>27.8</ele>
        <time>2022-06-06T11:22:14Z</time>
      </trkpt>
      <trkpt lat="39.78707694661499" lon="116.41472710468453">
        <ele>27.8</ele>
        <time>2022-06-06T11:22:15Z</time>
      </trkpt>
      <trkpt lat="39.7871012712157" lon="116.41472212083688">
        <ele>27.8</ele>
        <time>2022-06-06T11:22:16Z</time>
      </trkpt>
      <trkpt lat="39.787125893908055" lon="116.41471736454558">
        <ele>27.8</ele>
        <time>2022-06-06T11:22:17Z</time>
      </trkpt>
      <trkpt lat="39.78715073719687" lon="116.41471275955591">
        <ele>27.8</ele>
        <time>2022-06-06T11:22:18Z</time>
      </trkpt>
      <trkpt lat="39.787175749451805" lon="116.41470822464683">
        <ele>27.8</ele>
        <time>2022-06-06T11:22:19Z</time>
      </trkpt>
      <trkpt lat="39.787200862401285" lon="116.4147036973169">
        <ele>27.8</ele>
        <time>2022-06-06T11:22:20Z</time>
      </trkpt>
      <trkpt lat="39.787225712011434" lon="116.41469920567201">
        <ele>27.8</ele>
        <time>2022-06-06T11:22:21Z</time>
      </trkpt>
      <trkpt lat="39.78725066252955" lon="116.4146946176066">
        <ele>27.8</ele>
        <time>2022-06-06T11:22:22Z</time>
      </trkpt>
      <trkpt lat="39.787275343131824" lon="116.41468996998607">
        <ele>27.8</ele>
        <time>2022-06-06T11:22:23Z</time>
      </trkpt>
      <trkpt lat="39.78730007439678" lon="116.41468492066774">
        <ele>27.7</ele>
        <time>2022-06-06T11:22:24Z</time>
      </trkpt>
      <trkpt lat="39.787324783801836" lon="116.41467950576579">
        <ele>27.7</ele>
        <time>2022-06-06T11:22:25Z</time>
      </trkpt>
      <trkpt lat="39.78734912045198" lon="116.41467383542302">
        <ele>27.7</ele>
        <time>2022-06-06T11:22:26Z</time>
      </trkpt>
      <trkpt lat="39.78737315826608" lon="116.41466805771438">
        <ele>27.7</ele>
        <time>2022-06-06T11:22:27Z</time>
      </trkpt>
      <trkpt lat="39.78739697569065" lon="116.41466240742344">
        <ele>27.7</ele>
        <time>2022-06-06T11:22:28Z</time>
      </trkpt>
      <trkpt lat="39.78742064811694" lon="116.41465703723087">
        <ele>27.7</ele>
        <time>2022-06-06T11:22:29Z</time>
      </trkpt>
      <trkpt lat="39.78744392647389" lon="116.41465201730104">
        <ele>27.7</ele>
        <time>2022-06-06T11:22:30Z</time>
      </trkpt>
      <trkpt lat="39.78746727831897" lon="116.41464731743856">
        <ele>27.7</ele>
        <time>2022-06-06T11:22:31Z</time>
      </trkpt>
      <trkpt lat="39.78749072685991" lon="116.41464294140322">
        <ele>27.7</ele>
        <time>2022-06-06T11:22:32Z</time>
      </trkpt>
      <trkpt lat="39.78751399055963" lon="116.41463880832764">
        <ele>27.7</ele>
        <time>2022-06-06T11:22:33Z</time>
      </trkpt>
      <trkpt lat="39.78753747668435" lon="116.41463478006747">
        <ele>27.8</ele>
        <time>2022-06-06T11:22:34Z</time>
      </trkpt>
      <trkpt lat="39.78756086565223" lon="116.41463113988755">
        <ele>27.8</ele>
        <time>2022-06-06T11:22:35Z</time>
      </trkpt>
      <trkpt lat="39.787584220695514" lon="116.4146277863755">
        <ele>27.8</ele>
        <time>2022-06-06T11:22:36Z</time>
      </trkpt>
      <trkpt lat="39.787607875771876" lon="116.41462460060016">
        <ele>27.8</ele>
        <time>2022-06-06T11:22:37Z</time>
      </trkpt>
      <trkpt lat="39.78763175147293" lon="116.41462151068689">
        <ele>27.8</ele>
        <time>2022-06-06T11:22:38Z</time>
      </trkpt>
      <trkpt lat="39.787655768227864" lon="116.4146183374207">
        <ele>27.8</ele>
        <time>2022-06-06T11:22:39Z</time>
      </trkpt>
      <trkpt lat="39.78767987353426" lon="116.41461493726614">
        <ele>27.8</ele>
        <time>2022-06-06T11:22:40Z</time>
      </trkpt>
      <trkpt lat="39.787704314906335" lon="116.41461131525244">
        <ele>27.8</ele>
        <time>2022-06-06T11:22:41Z</time>
      </trkpt>
      <trkpt lat="39.78772862949654" lon="116.41460744610359">
        <ele>27.8</ele>
        <time>2022-06-06T11:22:42Z</time>
      </trkpt>
      <trkpt lat="39.78775282219588" lon="116.41460331265897">
        <ele>27.8</ele>
        <time>2022-06-06T11:22:43Z</time>
      </trkpt>
      <trkpt lat="39.78777716679705" lon="116.41459902511139">
        <ele>27</ele>
        <time>2022-06-06T11:22:44Z</time>
      </trkpt>
      <trkpt lat="39.78780127086235" lon="116.41459470898424">
        <ele>27</ele>
        <time>2022-06-06T11:22:45Z</time>
      </trkpt>
      <trkpt lat="39.787825155220496" lon="116.41459038153236">
        <ele>27</ele>
        <time>2022-06-06T11:22:46Z</time>
      </trkpt>
      <trkpt lat="39.787849153745626" lon="116.41458597352138">
        <ele>27</ele>
        <time>2022-06-06T11:22:47Z</time>
      </trkpt>
      <trkpt lat="39.787872904783065" lon="116.41458153037915">
        <ele>27</ele>
        <time>2022-06-06T11:22:48Z</time>
      </trkpt>
      <trkpt lat="39.78789646364605" lon="116.4145770094416">
        <ele>27</ele>
        <time>2022-06-06T11:22:49Z</time>
      </trkpt>
      <trkpt lat="39.78791986162551" lon="116.41457246468303">
        <ele>27</ele>
        <time>2022-06-06T11:22:50Z</time>
      </trkpt>
      <trkpt lat="39.787943132362734" lon="116.4145679012894">
        <ele>27</ele>
        <time>2022-06-06T11:22:51Z</time>
      </trkpt>
      <trkpt lat="39.787965996215874" lon="116.41456333321246">
        <ele>27</ele>
        <time>2022-06-06T11:22:52Z</time>
      </trkpt>
      <trkpt lat="39.7879888686947" lon="116.4145587465806">
        <ele>27</ele>
        <time>2022-06-06T11:22:53Z</time>
      </trkpt>
      <trkpt lat="39.78801177439912" lon="116.41455417295366">
        <ele>27.1</ele>
        <time>2022-06-06T11:22:54Z</time>
      </trkpt>
      <trkpt lat="39.78803470101374" lon="116.41454956228013">
        <ele>27.1</ele>
        <time>2022-06-06T11:22:55Z</time>
      </trkpt>
      <trkpt lat="39.78805768078614" lon="116.41454495101715">
        <ele>27.1</ele>
        <time>2022-06-06T11:22:56Z</time>
      </trkpt>
      <trkpt lat="39.788081062236415" lon="116.41454033827716">
        <ele>27.1</ele>
        <time>2022-06-06T11:22:57Z</time>
      </trkpt>
      <trkpt lat="39.78810446591417" lon="116.41453583858464">
        <ele>27.1</ele>
        <time>2022-06-06T11:22:58Z</time>
      </trkpt>
      <trkpt lat="39.78812791272137" lon="116.41453143698257">
        <ele>27</ele>
        <time>2022-06-06T11:22:59Z</time>
      </trkpt>
      <trkpt lat="39.788151745134655" lon="116.41452704902187">
        <ele>27.1</ele>
        <time>2022-06-06T11:23:00Z</time>
      </trkpt>
      <trkpt lat="39.78817557656488" lon="116.41452264481057">
        <ele>27.1</ele>
        <time>2022-06-06T11:23:01Z</time>
      </trkpt>
      <trkpt lat="39.78819945174802" lon="116.41451818687628">
        <ele>27.1</ele>
        <time>2022-06-06T11:23:02Z</time>
      </trkpt>
      <trkpt lat="39.78822340639989" lon="116.41451369020118">
        <ele>27.1</ele>
        <time>2022-06-06T11:23:03Z</time>
      </trkpt>
      <trkpt lat="39.78824733998147" lon="116.41450924513985">
        <ele>27.2</ele>
        <time>2022-06-06T11:23:04Z</time>
      </trkpt>
      <trkpt lat="39.788271301450756" lon="116.41450492373248">
        <ele>27.2</ele>
        <time>2022-06-06T11:23:05Z</time>
      </trkpt>
      <trkpt lat="39.78829500711795" lon="116.41450090627674">
        <ele>27.2</ele>
        <time>2022-06-06T11:23:06Z</time>
      </trkpt>
      <trkpt lat="39.78831884654531" lon="116.4144971741681">
        <ele>27.2</ele>
        <time>2022-06-06T11:23:07Z</time>
      </trkpt>
      <trkpt lat="39.78834244888734" lon="116.41449373841773">
        <ele>27.2</ele>
        <time>2022-06-06T11:23:08Z</time>
      </trkpt>
      <trkpt lat="39.78836588556525" lon="116.41449046309826">
        <ele>27.2</ele>
        <time>2022-06-06T11:23:09Z</time>
      </trkpt>
      <trkpt lat="39.78838950906888" lon="116.41448723813298">
        <ele>27.2</ele>
        <time>2022-06-06T11:23:10Z</time>
      </trkpt>
      <trkpt lat="39.78841291515431" lon="116.41448400028524">
        <ele>27.2</ele>
        <time>2022-06-06T11:23:11Z</time>
      </trkpt>
      <trkpt lat="39.788436439477636" lon="116.41448060522535">
        <ele>27.2</ele>
        <time>2022-06-06T11:23:12Z</time>
      </trkpt>
      <trkpt lat="39.788459984771734" lon="116.41447709468181">
        <ele>27.2</ele>
        <time>2022-06-06T11:23:13Z</time>
      </trkpt>
      <trkpt lat="39.78848351215757" lon="116.41447348273803">
        <ele>27</ele>
        <time>2022-06-06T11:23:14Z</time>
      </trkpt>
      <trkpt lat="39.788507125514705" lon="116.41446971468933">
        <ele>27</ele>
        <time>2022-06-06T11:23:15Z</time>
      </trkpt>
      <trkpt lat="39.78853076410341" lon="116.41446580420018">
        <ele>27</ele>
        <time>2022-06-06T11:23:16Z</time>
      </trkpt>
      <trkpt lat="39.788554392709756" lon="116.41446167952087">
        <ele>27</ele>
        <time>2022-06-06T11:23:17Z</time>
      </trkpt>
      <trkpt lat="39.78857805803369" lon="116.41445726850216">
        <ele>27</ele>
        <time>2022-06-06T11:23:18Z</time>
      </trkpt>
      <trkpt lat="39.78860175671893" lon="116.41445260776788">
        <ele>27</ele>
        <time>2022-06-06T11:23:19Z</time>
      </trkpt>
      <trkpt lat="39.788625373387355" lon="116.41444775711719">
        <ele>27</ele>
        <time>2022-06-06T11:23:20Z</time>
      </trkpt>
      <trkpt lat="39.78864865195109" lon="116.41444279278095">
        <ele>27</ele>
        <time>2022-06-06T11:23:21Z</time>
      </trkpt>
      <trkpt lat="39.78867200374441" lon="116.41443780193448">
        <ele>27</ele>
        <time>2022-06-06T11:23:22Z</time>
      </trkpt>
      <trkpt lat="39.78869508777598" lon="116.41443292053866">
        <ele>27</ele>
        <time>2022-06-06T11:23:23Z</time>
      </trkpt>
      <trkpt lat="39.78871795338055" lon="116.41442807118871">
        <ele>27.2</ele>
        <time>2022-06-06T11:23:24Z</time>
      </trkpt>
      <trkpt lat="39.78874090447116" lon="116.41442314206284">
        <ele>27.2</ele>
        <time>2022-06-06T11:23:25Z</time>
      </trkpt>
      <trkpt lat="39.788763545079675" lon="116.41441820486803">
        <ele>27.2</ele>
        <time>2022-06-06T11:23:26Z</time>
      </trkpt>
      <trkpt lat="39.788786167830274" lon="116.41441310438124">
        <ele>27.2</ele>
        <time>2022-06-06T11:23:27Z</time>
      </trkpt>
      <trkpt lat="39.78880871707313" lon="116.4144079291993">
        <ele>27.2</ele>
        <time>2022-06-06T11:23:28Z</time>
      </trkpt>
      <trkpt lat="39.78883077215616" lon="116.41440283109053">
        <ele>27.2</ele>
        <time>2022-06-06T11:23:29Z</time>
      </trkpt>
      <trkpt lat="39.78885269890397" lon="116.41439777880264">
        <ele>27.2</ele>
        <time>2022-06-06T11:23:30Z</time>
      </trkpt>
      <trkpt lat="39.78887458390609" lon="116.41439288903837">
        <ele>27.2</ele>
        <time>2022-06-06T11:23:31Z</time>
      </trkpt>
      <trkpt lat="39.78889665492125" lon="116.41438809108526">
        <ele>27.2</ele>
        <time>2022-06-06T11:23:32Z</time>
      </trkpt>
      <trkpt lat="39.78891854176581" lon="116.414383383206">
        <ele>27.2</ele>
        <time>2022-06-06T11:23:33Z</time>
      </trkpt>
      <trkpt lat="39.78894030750614" lon="116.41437873454355">
        <ele>27.5</ele>
        <time>2022-06-06T11:23:34Z</time>
      </trkpt>
      <trkpt lat="39.78896232163099" lon="116.4143741497546">
        <ele>27.5</ele>
        <time>2022-06-06T11:23:35Z</time>
      </trkpt>
      <trkpt lat="39.78898421746123" lon="116.4143696503923">
        <ele>27.5</ele>
        <time>2022-06-06T11:23:36Z</time>
      </trkpt>
      <trkpt lat="39.78900607276892" lon="116.41436528711559">
        <ele>27.5</ele>
        <time>2022-06-06T11:23:37Z</time>
      </trkpt>
      <trkpt lat="39.78902794933249" lon="116.4143610992319">
        <ele>27.5</ele>
        <time>2022-06-06T11:23:38Z</time>
      </trkpt>
      <trkpt lat="39.78904988744622" lon="116.41435703678084">
        <ele>27.5</ele>
        <time>2022-06-06T11:23:39Z</time>
      </trkpt>
      <trkpt lat="39.78907192745854" lon="116.41435299335915">
        <ele>27.5</ele>
        <time>2022-06-06T11:23:40Z</time>
      </trkpt>
      <trkpt lat="39.7890940943346" lon="116.41434892880488">
        <ele>27.5</ele>
        <time>2022-06-06T11:23:41Z</time>
      </trkpt>
      <trkpt lat="39.78911639610624" lon="116.4143447376273">
        <ele>27.5</ele>
        <time>2022-06-06T11:23:42Z</time>
      </trkpt>
      <trkpt lat="39.789138565739336" lon="116.4143405076387">
        <ele>27.5</ele>
        <time>2022-06-06T11:23:43Z</time>
      </trkpt>
      <trkpt lat="39.78916066182031" lon="116.41433627175661">
        <ele>27.3</ele>
        <time>2022-06-06T11:23:44Z</time>
      </trkpt>
      <trkpt lat="39.789183055382566" lon="116.41433203574053">
        <ele>27.3</ele>
        <time>2022-06-06T11:23:45Z</time>
      </trkpt>
      <trkpt lat="39.789205373976586" lon="116.4143278286051">
        <ele>27.3</ele>
        <time>2022-06-06T11:23:46Z</time>
      </trkpt>
      <trkpt lat="39.78922769638203" lon="116.4143237155739">
        <ele>27.3</ele>
        <time>2022-06-06T11:23:47Z</time>
      </trkpt>
      <trkpt lat="39.789250369278946" lon="116.41431957463466">
        <ele>27.3</ele>
        <time>2022-06-06T11:23:48Z</time>
      </trkpt>
      <trkpt lat="39.78927303988815" lon="116.41431549795709">
        <ele>27.3</ele>
        <time>2022-06-06T11:23:49Z</time>
      </trkpt>
      <trkpt lat="39.789295750256386" lon="116.41431144732341">
        <ele>27.3</ele>
        <time>2022-06-06T11:23:50Z</time>
      </trkpt>
      <trkpt lat="39.789318827156464" lon="116.41430737637022">
        <ele>27.3</ele>
        <time>2022-06-06T11:23:51Z</time>
      </trkpt>
      <trkpt lat="39.7893418910748" lon="116.41430332277413">
        <ele>27.3</ele>
        <time>2022-06-06T11:23:52Z</time>
      </trkpt>
      <trkpt lat="39.789365244138004" lon="116.41429924354844">
        <ele>27.3</ele>
        <time>2022-06-06T11:23:53Z</time>
      </trkpt>
      <trkpt lat="39.789388823421646" lon="116.41429516046729">
        <ele>27</ele>
        <time>2022-06-06T11:23:54Z</time>
      </trkpt>
      <trkpt lat="39.789412510192584" lon="116.41429104876288">
        <ele>27</ele>
        <time>2022-06-06T11:23:55Z</time>
      </trkpt>
      <trkpt lat="39.78943588429007" lon="116.41428692905433">
        <ele>27</ele>
        <time>2022-06-06T11:23:56Z</time>
      </trkpt>
      <trkpt lat="39.78945901378206" lon="116.41428285972198">
        <ele>27</ele>
        <time>2022-06-06T11:23:57Z</time>
      </trkpt>
      <trkpt lat="39.78948192427244" lon="116.41427885179155">
        <ele>27</ele>
        <time>2022-06-06T11:23:58Z</time>
      </trkpt>
      <trkpt lat="39.78950461818641" lon="116.41427488690265">
        <ele>27</ele>
        <time>2022-06-06T11:23:59Z</time>
      </trkpt>
      <trkpt lat="39.78952709835664" lon="116.41427089586401">
        <ele>27</ele>
        <time>2022-06-06T11:24:00Z</time>
      </trkpt>
      <trkpt lat="39.78954940701165" lon="116.41426688071391">
        <ele>27</ele>
        <time>2022-06-06T11:24:01Z</time>
      </trkpt>
      <trkpt lat="39.7895715474638" lon="116.41426274942462">
        <ele>27</ele>
        <time>2022-06-06T11:24:02Z</time>
      </trkpt>
      <trkpt lat="39.7895935506543" lon="116.41425846222296">
        <ele>27</ele>
        <time>2022-06-06T11:24:03Z</time>
      </trkpt>
      <trkpt lat="39.789615153847095" lon="116.41425406471811">
        <ele>27.2</ele>
        <time>2022-06-06T11:24:04Z</time>
      </trkpt>
      <trkpt lat="39.78963670022592" lon="116.41424954531864">
        <ele>27.2</ele>
        <time>2022-06-06T11:24:05Z</time>
      </trkpt>
      <trkpt lat="39.78965822901457" lon="116.4142448225997">
        <ele>27.2</ele>
        <time>2022-06-06T11:24:06Z</time>
      </trkpt>
      <trkpt lat="39.78967976132891" lon="116.41423989941332">
        <ele>27.2</ele>
        <time>2022-06-06T11:24:07Z</time>
      </trkpt>
      <trkpt lat="39.78970156923774" lon="116.41423463150491">
        <ele>27.2</ele>
        <time>2022-06-06T11:24:08Z</time>
      </trkpt>
      <trkpt lat="39.789723566531" lon="116.41422906400724">
        <ele>27.2</ele>
        <time>2022-06-06T11:24:09Z</time>
      </trkpt>
      <trkpt lat="39.789745391512966" lon="116.41422328555515">
        <ele>27.2</ele>
        <time>2022-06-06T11:24:10Z</time>
      </trkpt>
      <trkpt lat="39.78976737395481" lon="116.41421720021975">
        <ele>27.2</ele>
        <time>2022-06-06T11:24:11Z</time>
      </trkpt>
      <trkpt lat="39.78978977389647" lon="116.4142109398296">
        <ele>27.2</ele>
        <time>2022-06-06T11:24:12Z</time>
      </trkpt>
      <trkpt lat="39.78981186703245" lon="116.4142047223962">
        <ele>27.2</ele>
        <time>2022-06-06T11:24:13Z</time>
      </trkpt>
      <trkpt lat="39.789833730455626" lon="116.41419862151193">
        <ele>27.4</ele>
        <time>2022-06-06T11:24:14Z</time>
      </trkpt>
      <trkpt lat="39.78985534062789" lon="116.41419259410178">
        <ele>27.4</ele>
        <time>2022-06-06T11:24:15Z</time>
      </trkpt>
      <trkpt lat="39.789876490595574" lon="116.41418663762927">
        <ele>27.4</ele>
        <time>2022-06-06T11:24:16Z</time>
      </trkpt>
      <trkpt lat="39.78989761280115" lon="116.41418077134027">
        <ele>27.4</ele>
        <time>2022-06-06T11:24:17Z</time>
      </trkpt>
      <trkpt lat="39.789918776960384" lon="116.41417512218855">
        <ele>27.4</ele>
        <time>2022-06-06T11:24:18Z</time>
      </trkpt>
      <trkpt lat="39.78993972930042" lon="116.41416986118728">
        <ele>27.4</ele>
        <time>2022-06-06T11:24:19Z</time>
      </trkpt>
      <trkpt lat="39.78996088627187" lon="116.41416499859865">
        <ele>27.4</ele>
        <time>2022-06-06T11:24:20Z</time>
      </trkpt>
      <trkpt lat="39.78998225292367" lon="116.41416055926925">
        <ele>27.4</ele>
        <time>2022-06-06T11:24:21Z</time>
      </trkpt>
      <trkpt lat="39.79000355854444" lon="116.41415676702334">
        <ele>27.4</ele>
        <time>2022-06-06T11:24:22Z</time>
      </trkpt>
      <trkpt lat="39.7900248404866" lon="116.4141535042029">
        <ele>27.4</ele>
        <time>2022-06-06T11:24:23Z</time>
      </trkpt>
      <trkpt lat="39.790046437202705" lon="116.41415069615721">
        <ele>27.2</ele>
        <time>2022-06-06T11:24:24Z</time>
      </trkpt>
      <trkpt lat="39.79006860368184" lon="116.41414826107739">
        <ele>27.2</ele>
        <time>2022-06-06T11:24:25Z</time>
      </trkpt>
      <trkpt lat="39.79009126906964" lon="116.41414620555719">
        <ele>27.2</ele>
        <time>2022-06-06T11:24:26Z</time>
      </trkpt>
      <trkpt lat="39.79011431218678" lon="116.41414449704406">
        <ele>27.2</ele>
        <time>2022-06-06T11:24:27Z</time>
      </trkpt>
      <trkpt lat="39.790137357800575" lon="116.4141431719485">
        <ele>27.2</ele>
        <time>2022-06-06T11:24:28Z</time>
      </trkpt>
      <trkpt lat="39.79016039601934" lon="116.41414212744303">
        <ele>27.2</ele>
        <time>2022-06-06T11:24:29Z</time>
      </trkpt>
      <trkpt lat="39.79018374097857" lon="116.4141413302064">
        <ele>27.2</ele>
        <time>2022-06-06T11:24:30Z</time>
      </trkpt>
      <trkpt lat="39.79020700264312" lon="116.41414073756711">
        <ele>27.2</ele>
        <time>2022-06-06T11:24:31Z</time>
      </trkpt>
      <trkpt lat="39.79023020018218" lon="116.41414022165189">
        <ele>27.2</ele>
        <time>2022-06-06T11:24:32Z</time>
      </trkpt>
      <trkpt lat="39.79025361290403" lon="116.41413953635043">
        <ele>27.2</ele>
        <time>2022-06-06T11:24:33Z</time>
      </trkpt>
      <trkpt lat="39.79027684624056" lon="116.41413857447259">
        <ele>27.5</ele>
        <time>2022-06-06T11:24:34Z</time>
      </trkpt>
      <trkpt lat="39.7902999272826" lon="116.4141372757775">
        <ele>27.5</ele>
        <time>2022-06-06T11:24:35Z</time>
      </trkpt>
      <trkpt lat="39.79032287446416" lon="116.41413558959471">
        <ele>27.5</ele>
        <time>2022-06-06T11:24:36Z</time>
      </trkpt>
      <trkpt lat="39.790345707603215" lon="116.41413357745678">
        <ele>27.5</ele>
        <time>2022-06-06T11:24:37Z</time>
      </trkpt>
      <trkpt lat="39.790368452552734" lon="116.41413131302727">
        <ele>27.5</ele>
        <time>2022-06-06T11:24:38Z</time>
      </trkpt>
      <trkpt lat="39.790391422415006" lon="116.41412884109596">
        <ele>27.5</ele>
        <time>2022-06-06T11:24:39Z</time>
      </trkpt>
      <trkpt lat="39.790414558084784" lon="116.41412622722764">
        <ele>27.5</ele>
        <time>2022-06-06T11:24:40Z</time>
      </trkpt>
      <trkpt lat="39.790437488871966" lon="116.41412352184561">
        <ele>27.5</ele>
        <time>2022-06-06T11:24:41Z</time>
      </trkpt>
      <trkpt lat="39.79046025636645" lon="116.41412080052517">
        <ele>27.5</ele>
        <time>2022-06-06T11:24:42Z</time>
      </trkpt>
      <trkpt lat="39.79048318177802" lon="116.41411809653948">
        <ele>27.5</ele>
        <time>2022-06-06T11:24:43Z</time>
      </trkpt>
      <trkpt lat="39.79050589871487" lon="116.41411548032538">
        <ele>27.7</ele>
        <time>2022-06-06T11:24:44Z</time>
      </trkpt>
      <trkpt lat="39.790528445049745" lon="116.41411298704082">
        <ele>27.7</ele>
        <time>2022-06-06T11:24:45Z</time>
      </trkpt>
      <trkpt lat="39.79055115261325" lon="116.41411054262024">
        <ele>27.7</ele>
        <time>2022-06-06T11:24:46Z</time>
      </trkpt>
      <trkpt lat="39.7905736328667" lon="116.41410823307349">
        <ele>27.7</ele>
        <time>2022-06-06T11:24:47Z</time>
      </trkpt>
      <trkpt lat="39.79059592280537" lon="116.41410592922783">
        <ele>27.7</ele>
        <time>2022-06-06T11:24:48Z</time>
      </trkpt>
      <trkpt lat="39.79061833467349" lon="116.41410347336263">
        <ele>27.7</ele>
        <time>2022-06-06T11:24:49Z</time>
      </trkpt>
      <trkpt lat="39.790640519323794" lon="116.41410089238089">
        <ele>27.7</ele>
        <time>2022-06-06T11:24:50Z</time>
      </trkpt>
      <trkpt lat="39.79066254183718" lon="116.41409812058751">
        <ele>27.7</ele>
        <time>2022-06-06T11:24:51Z</time>
      </trkpt>
      <trkpt lat="39.79068476841573" lon="116.41409503655333">
        <ele>27.7</ele>
        <time>2022-06-06T11:24:52Z</time>
      </trkpt>
      <trkpt lat="39.790707151157626" lon="116.41409151692307">
        <ele>27.7</ele>
        <time>2022-06-06T11:24:53Z</time>
      </trkpt>
      <trkpt lat="39.79072935220301" lon="116.41408756790294">
        <ele>27.5</ele>
        <time>2022-06-06T11:24:54Z</time>
      </trkpt>
      <trkpt lat="39.79075173452756" lon="116.41408308078023">
        <ele>27.5</ele>
        <time>2022-06-06T11:24:55Z</time>
      </trkpt>
      <trkpt lat="39.79077424670951" lon="116.41407807703573">
        <ele>27.5</ele>
        <time>2022-06-06T11:24:56Z</time>
      </trkpt>
      <trkpt lat="39.79079654409671" lon="116.41407266304505">
        <ele>27.5</ele>
        <time>2022-06-06T11:24:57Z</time>
      </trkpt>
      <trkpt lat="39.79081869417211" lon="116.41406685047765">
        <ele>27.5</ele>
        <time>2022-06-06T11:24:58Z</time>
      </trkpt>
      <trkpt lat="39.79084102743457" lon="116.41406064350899">
        <ele>27</ele>
        <time>2022-06-06T11:24:59Z</time>
      </trkpt>
      <trkpt lat="39.79086318154944" lon="116.41405420528308">
        <ele>27.5</ele>
        <time>2022-06-06T11:25:00Z</time>
      </trkpt>
      <trkpt lat="39.79088518091472" lon="116.41404759593688">
        <ele>27.5</ele>
        <time>2022-06-06T11:25:01Z</time>
      </trkpt>
      <trkpt lat="39.79090731373752" lon="116.41404073790757">
        <ele>27.5</ele>
        <time>2022-06-06T11:25:02Z</time>
      </trkpt>
      <trkpt lat="39.79092916063459" lon="116.41403369086936">
        <ele>27.5</ele>
        <time>2022-06-06T11:25:03Z</time>
      </trkpt>
      <trkpt lat="39.79095075309778" lon="116.41402654395769">
        <ele>27.6</ele>
        <time>2022-06-06T11:25:04Z</time>
      </trkpt>
      <trkpt lat="39.79097241212742" lon="116.41401925437889">
        <ele>27.6</ele>
        <time>2022-06-06T11:25:05Z</time>
      </trkpt>
      <trkpt lat="39.7909937799405" lon="116.41401201155043">
        <ele>27.6</ele>
        <time>2022-06-06T11:25:06Z</time>
      </trkpt>
      <trkpt lat="39.79101491258076" lon="116.4140048451133">
        <ele>27.6</ele>
        <time>2022-06-06T11:25:07Z</time>
      </trkpt>
      <trkpt lat="39.79103615576755" lon="116.41399773809106">
        <ele>27.6</ele>
        <time>2022-06-06T11:25:08Z</time>
      </trkpt>
      <trkpt lat="39.79105745844111" lon="116.41399079273396">
        <ele>27.6</ele>
        <time>2022-06-06T11:25:09Z</time>
      </trkpt>
      <trkpt lat="39.791078479509025" lon="116.41398408421087">
        <ele>27.6</ele>
        <time>2022-06-06T11:25:10Z</time>
      </trkpt>
      <trkpt lat="39.791099586804194" lon="116.41397747474427">
        <ele>27.6</ele>
        <time>2022-06-06T11:25:11Z</time>
      </trkpt>
      <trkpt lat="39.791120750768314" lon="116.413970927229">
        <ele>27.6</ele>
        <time>2022-06-06T11:25:12Z</time>
      </trkpt>
      <trkpt lat="39.79114196656133" lon="116.41396442920954">
        <ele>27.6</ele>
        <time>2022-06-06T11:25:13Z</time>
      </trkpt>
      <trkpt lat="39.791163263100245" lon="116.41395808889438">
        <ele>27.6</ele>
        <time>2022-06-06T11:25:14Z</time>
      </trkpt>
      <trkpt lat="39.79118496129922" lon="116.41395188061685">
        <ele>27.6</ele>
        <time>2022-06-06T11:25:15Z</time>
      </trkpt>
      <trkpt lat="39.79120670122137" lon="116.41394597874257">
        <ele>27.6</ele>
        <time>2022-06-06T11:25:16Z</time>
      </trkpt>
      <trkpt lat="39.79122853186218" lon="116.41394037891845">
        <ele>27.6</ele>
        <time>2022-06-06T11:25:17Z</time>
      </trkpt>
      <trkpt lat="39.791250808633" lon="116.41393504113586">
        <ele>27.6</ele>
        <time>2022-06-06T11:25:18Z</time>
      </trkpt>
      <trkpt lat="39.79127316570063" lon="116.41392992418028">
        <ele>27.6</ele>
        <time>2022-06-06T11:25:19Z</time>
      </trkpt>
      <trkpt lat="39.79129565352747" lon="116.4139249259314">
        <ele>27.6</ele>
        <time>2022-06-06T11:25:20Z</time>
      </trkpt>
      <trkpt lat="39.791318639388805" lon="116.41392002207921">
        <ele>27.6</ele>
        <time>2022-06-06T11:25:21Z</time>
      </trkpt>
      <trkpt lat="39.791341776313374" lon="116.41391534767301">
        <ele>27.6</ele>
        <time>2022-06-06T11:25:22Z</time>
      </trkpt>
      <trkpt lat="39.79136508459955" lon="116.41391087954962">
        <ele>27.6</ele>
        <time>2022-06-06T11:25:23Z</time>
      </trkpt>
      <trkpt lat="39.791388626647205" lon="116.41390694194733">
        <ele>27.5</ele>
        <time>2022-06-06T11:25:24Z</time>
      </trkpt>
      <trkpt lat="39.79141238306008" lon="116.41390350256042">
        <ele>27.5</ele>
        <time>2022-06-06T11:25:25Z</time>
      </trkpt>
      <trkpt lat="39.79143598509596" lon="116.4139006204718">
        <ele>27.5</ele>
        <time>2022-06-06T11:25:26Z</time>
      </trkpt>
      <trkpt lat="39.79145978118401" lon="116.41389830523852">
        <ele>27.5</ele>
        <time>2022-06-06T11:25:27Z</time>
      </trkpt>
      <trkpt lat="39.791483698817046" lon="116.41389648810186">
        <ele>27.5</ele>
        <time>2022-06-06T11:25:28Z</time>
      </trkpt>
      <trkpt lat="39.791507367898554" lon="116.41389515211131">
        <ele>27.5</ele>
        <time>2022-06-06T11:25:29Z</time>
      </trkpt>
      <trkpt lat="39.79153114783296" lon="116.41389426893555">
        <ele>27.5</ele>
        <time>2022-06-06T11:25:30Z</time>
      </trkpt>
      <trkpt lat="39.79155496699118" lon="116.41389374639604">
        <ele>27.5</ele>
        <time>2022-06-06T11:25:31Z</time>
      </trkpt>
      <trkpt lat="39.791578457454285" lon="116.41389355035011">
        <ele>27.5</ele>
        <time>2022-06-06T11:25:32Z</time>
      </trkpt>
      <trkpt lat="39.791601956383325" lon="116.41389354503615">
        <ele>27.5</ele>
        <time>2022-06-06T11:25:33Z</time>
      </trkpt>
      <trkpt lat="39.791625455327335" lon="116.41389368530209">
        <ele>27.7</ele>
        <time>2022-06-06T11:25:34Z</time>
      </trkpt>
      <trkpt lat="39.79164859071206" lon="116.41389376249057">
        <ele>27.7</ele>
        <time>2022-06-06T11:25:35Z</time>
      </trkpt>
      <trkpt lat="39.79167174527269" lon="116.41389359126956">
        <ele>27.7</ele>
        <time>2022-06-06T11:25:36Z</time>
      </trkpt>
      <trkpt lat="39.79169492619327" lon="116.4138930618693">
        <ele>27.7</ele>
        <time>2022-06-06T11:25:37Z</time>
      </trkpt>
      <trkpt lat="39.79171812406424" lon="116.41389198628276">
        <ele>27.7</ele>
        <time>2022-06-06T11:25:38Z</time>
      </trkpt>
      <trkpt lat="39.791741332177125" lon="116.41389038222185">
        <ele>27.7</ele>
        <time>2022-06-06T11:25:39Z</time>
      </trkpt>
      <trkpt lat="39.79176454408478" lon="116.4138882830982">
        <ele>27.7</ele>
        <time>2022-06-06T11:25:40Z</time>
      </trkpt>
      <trkpt lat="39.79178776161681" lon="116.41388573581646">
        <ele>27.7</ele>
        <time>2022-06-06T11:25:41Z</time>
      </trkpt>
      <trkpt lat="39.79181099947087" lon="116.41388281368395">
        <ele>27.7</ele>
        <time>2022-06-06T11:25:42Z</time>
      </trkpt>
      <trkpt lat="39.791834547677" lon="116.41387941338284">
        <ele>27.7</ele>
        <time>2022-06-06T11:25:43Z</time>
      </trkpt>
      <trkpt lat="39.79185800938349" lon="116.41387556221126">
        <ele>27.8</ele>
        <time>2022-06-06T11:25:44Z</time>
      </trkpt>
      <trkpt lat="39.7918813715271" lon="116.41387123856778">
        <ele>27.8</ele>
        <time>2022-06-06T11:25:45Z</time>
      </trkpt>
      <trkpt lat="39.79190492078982" lon="116.41386626037686">
        <ele>27.8</ele>
        <time>2022-06-06T11:25:46Z</time>
      </trkpt>
      <trkpt lat="39.7919282531681" lon="116.4138606786821">
        <ele>27.8</ele>
        <time>2022-06-06T11:25:47Z</time>
      </trkpt>
      <trkpt lat="39.791951402283054" lon="116.41385450424904">
        <ele>27.8</ele>
        <time>2022-06-06T11:25:48Z</time>
      </trkpt>
      <trkpt lat="39.791974399874675" lon="116.41384769840882">
        <ele>27.8</ele>
        <time>2022-06-06T11:25:49Z</time>
      </trkpt>
      <trkpt lat="39.79199729556093" lon="116.41384028755995">
        <ele>27.8</ele>
        <time>2022-06-06T11:25:50Z</time>
      </trkpt>
      <trkpt lat="39.79202044654048" lon="116.41383222339093">
        <ele>27.8</ele>
        <time>2022-06-06T11:25:51Z</time>
      </trkpt>
      <trkpt lat="39.79204351741288" lon="116.41382372781744">
        <ele>27.8</ele>
        <time>2022-06-06T11:25:52Z</time>
      </trkpt>
      <trkpt lat="39.79206661447611" lon="116.4138150342465">
        <ele>27.8</ele>
        <time>2022-06-06T11:25:53Z</time>
      </trkpt>
      <trkpt lat="39.79208982191441" lon="116.41380637096238">
        <ele>27.6</ele>
        <time>2022-06-06T11:25:54Z</time>
      </trkpt>
      <trkpt lat="39.79211319802552" lon="116.41379797617805">
        <ele>27.6</ele>
        <time>2022-06-06T11:25:55Z</time>
      </trkpt>
      <trkpt lat="39.79213679048548" lon="116.41379000526221">
        <ele>27.6</ele>
        <time>2022-06-06T11:25:56Z</time>
      </trkpt>
      <trkpt lat="39.79216062269088" lon="116.41378264070414">
        <ele>27.6</ele>
        <time>2022-06-06T11:25:57Z</time>
      </trkpt>
      <trkpt lat="39.79218469751672" lon="116.4137759302505">
        <ele>27.6</ele>
        <time>2022-06-06T11:25:58Z</time>
      </trkpt>
      <trkpt lat="39.79220929899556" lon="116.41376987036126">
        <ele>27</ele>
        <time>2022-06-06T11:25:59Z</time>
      </trkpt>
      <trkpt lat="39.79223405382574" lon="116.41376461301972">
        <ele>27.6</ele>
        <time>2022-06-06T11:26:00Z</time>
      </trkpt>
      <trkpt lat="39.792258985901064" lon="116.41376014836116">
        <ele>27.6</ele>
        <time>2022-06-06T11:26:01Z</time>
      </trkpt>
      <trkpt lat="39.79228411334115" lon="116.41375646918162">
        <ele>27.6</ele>
        <time>2022-06-06T11:26:02Z</time>
      </trkpt>
      <trkpt lat="39.79230943407968" lon="116.41375341634327">
        <ele>27.6</ele>
        <time>2022-06-06T11:26:03Z</time>
      </trkpt>
      <trkpt lat="39.7923352018574" lon="116.4137507735864">
        <ele>27.6</ele>
        <time>2022-06-06T11:26:04Z</time>
      </trkpt>
      <trkpt lat="39.79236099390997" lon="116.41374848095533">
        <ele>27.6</ele>
        <time>2022-06-06T11:26:05Z</time>
      </trkpt>
      <trkpt lat="39.79238680674671" lon="116.41374634025837">
        <ele>27.6</ele>
        <time>2022-06-06T11:26:06Z</time>
      </trkpt>
      <trkpt lat="39.79241290186803" lon="116.41374431591095">
        <ele>27.6</ele>
        <time>2022-06-06T11:26:07Z</time>
      </trkpt>
      <trkpt lat="39.79243887255166" lon="116.41374235781653">
        <ele>27.6</ele>
        <time>2022-06-06T11:26:08Z</time>
      </trkpt>
      <trkpt lat="39.79246472975241" lon="116.41374033765169">
        <ele>27.6</ele>
        <time>2022-06-06T11:26:09Z</time>
      </trkpt>
      <trkpt lat="39.792490484569775" lon="116.41373818496119">
        <ele>27.6</ele>
        <time>2022-06-06T11:26:10Z</time>
      </trkpt>
      <trkpt lat="39.79251609927334" lon="116.41373585485665">
        <ele>27.6</ele>
        <time>2022-06-06T11:26:11Z</time>
      </trkpt>
      <trkpt lat="39.79254155899892" lon="116.41373331509739">
        <ele>27.6</ele>
        <time>2022-06-06T11:26:12Z</time>
      </trkpt>
      <trkpt lat="39.79256654416579" lon="116.41373070591793">
        <ele>27.6</ele>
        <time>2022-06-06T11:26:13Z</time>
      </trkpt>
      <trkpt lat="39.79259112040369" lon="116.41372815375057">
        <ele>27.7</ele>
        <time>2022-06-06T11:26:14Z</time>
      </trkpt>
      <trkpt lat="39.79261532657422" lon="116.41372574941475">
        <ele>27.7</ele>
        <time>2022-06-06T11:26:15Z</time>
      </trkpt>
      <trkpt lat="39.792639196303654" lon="116.41372363913341">
        <ele>27.7</ele>
        <time>2022-06-06T11:26:16Z</time>
      </trkpt>
      <trkpt lat="39.79266278537245" lon="116.41372183464168">
        <ele>27.7</ele>
        <time>2022-06-06T11:26:17Z</time>
      </trkpt>
      <trkpt lat="39.79268617154861" lon="116.41372025496618">
        <ele>27.7</ele>
        <time>2022-06-06T11:26:18Z</time>
      </trkpt>
      <trkpt lat="39.792709417205764" lon="116.41371887356522">
        <ele>27.7</ele>
        <time>2022-06-06T11:26:19Z</time>
      </trkpt>
      <trkpt lat="39.7927325867805" lon="116.4137177554349">
        <ele>27.7</ele>
        <time>2022-06-06T11:26:20Z</time>
      </trkpt>
      <trkpt lat="39.79275572574045" lon="116.41371690569453">
        <ele>27.7</ele>
        <time>2022-06-06T11:26:21Z</time>
      </trkpt>
      <trkpt lat="39.79277886579141" lon="116.41371624201419">
        <ele>27.7</ele>
        <time>2022-06-06T11:26:22Z</time>
      </trkpt>
      <trkpt lat="39.79280201683097" lon="116.413715749212">
        <ele>27.7</ele>
        <time>2022-06-06T11:26:23Z</time>
      </trkpt>
      <trkpt lat="39.79282547768382" lon="116.41371523418347">
        <ele>27.4</ele>
        <time>2022-06-06T11:26:24Z</time>
      </trkpt>
      <trkpt lat="39.79284912382812" lon="116.41371446339605">
        <ele>27.4</ele>
        <time>2022-06-06T11:26:25Z</time>
      </trkpt>
      <trkpt lat="39.79287289501551" lon="116.41371318650663">
        <ele>27.4</ele>
        <time>2022-06-06T11:26:26Z</time>
      </trkpt>
      <trkpt lat="39.79289674363698" lon="116.41371120578383">
        <ele>27.4</ele>
        <time>2022-06-06T11:26:27Z</time>
      </trkpt>
      <trkpt lat="39.792920616446686" lon="116.41370850300487">
        <ele>27.4</ele>
        <time>2022-06-06T11:26:28Z</time>
      </trkpt>
      <trkpt lat="39.79294416710481" lon="116.41370506608249">
        <ele>27.4</ele>
        <time>2022-06-06T11:26:29Z</time>
      </trkpt>
      <trkpt lat="39.79296745715602" lon="116.41370095475868">
        <ele>27.4</ele>
        <time>2022-06-06T11:26:30Z</time>
      </trkpt>
      <trkpt lat="39.79299083613075" lon="116.41369618501358">
        <ele>27.4</ele>
        <time>2022-06-06T11:26:31Z</time>
      </trkpt>
      <trkpt lat="39.79301396963669" lon="116.41369106095667">
        <ele>27.4</ele>
        <time>2022-06-06T11:26:32Z</time>
      </trkpt>
      <trkpt lat="39.793036920353934" lon="116.4136857581305">
        <ele>27.4</ele>
        <time>2022-06-06T11:26:33Z</time>
      </trkpt>
      <trkpt lat="39.79306002605485" lon="116.41368034902197">
        <ele>27.3</ele>
        <time>2022-06-06T11:26:34Z</time>
      </trkpt>
      <trkpt lat="39.79308290929081" lon="116.41367496790414">
        <ele>27.3</ele>
        <time>2022-06-06T11:26:35Z</time>
      </trkpt>
      <trkpt lat="39.7931056599132" lon="116.41366964000174">
        <ele>27.3</ele>
        <time>2022-06-06T11:26:36Z</time>
      </trkpt>
      <trkpt lat="39.7931283057124" lon="116.41366424230941">
        <ele>27.3</ele>
        <time>2022-06-06T11:26:37Z</time>
      </trkpt>
      <trkpt lat="39.79315089744778" lon="116.41365886136315">
        <ele>27.3</ele>
        <time>2022-06-06T11:26:38Z</time>
      </trkpt>
      <trkpt lat="39.793173438309395" lon="116.41365350124961">
        <ele>27.3</ele>
        <time>2022-06-06T11:26:39Z</time>
      </trkpt>
      <trkpt lat="39.79319626498471" lon="116.41364811975782">
        <ele>27.3</ele>
        <time>2022-06-06T11:26:40Z</time>
      </trkpt>
      <trkpt lat="39.793219306509066" lon="116.41364277418074">
        <ele>27.3</ele>
        <time>2022-06-06T11:26:41Z</time>
      </trkpt>
      <trkpt lat="39.79324248922487" lon="116.4136375167515">
        <ele>27.3</ele>
        <time>2022-06-06T11:26:42Z</time>
      </trkpt>
      <trkpt lat="39.793265721651814" lon="116.41363214766895">
        <ele>27.3</ele>
        <time>2022-06-06T11:26:43Z</time>
      </trkpt>
      <trkpt lat="39.79328926607183" lon="116.41362661110814">
        <ele>27.1</ele>
        <time>2022-06-06T11:26:44Z</time>
      </trkpt>
      <trkpt lat="39.79331271680596" lon="116.41362098243958">
        <ele>27.1</ele>
        <time>2022-06-06T11:26:45Z</time>
      </trkpt>
      <trkpt lat="39.793336122209695" lon="116.4136153307482">
        <ele>27.1</ele>
        <time>2022-06-06T11:26:46Z</time>
      </trkpt>
      <trkpt lat="39.79335976569512" lon="116.41360975071437">
        <ele>27.1</ele>
        <time>2022-06-06T11:26:47Z</time>
      </trkpt>
      <trkpt lat="39.79338327179466" lon="116.4136044924754">
        <ele>27.1</ele>
        <time>2022-06-06T11:26:48Z</time>
      </trkpt>
      <trkpt lat="39.79340665520678" lon="116.41359950302696">
        <ele>27.1</ele>
        <time>2022-06-06T11:26:49Z</time>
      </trkpt>
      <trkpt lat="39.79343024246221" lon="116.4135947423001">
        <ele>27.1</ele>
        <time>2022-06-06T11:26:50Z</time>
      </trkpt>
      <trkpt lat="39.79345363973158" lon="116.41359028384696">
        <ele>27.1</ele>
        <time>2022-06-06T11:26:51Z</time>
      </trkpt>
      <trkpt lat="39.79347687784193" lon="116.41358606765482">
        <ele>27.1</ele>
        <time>2022-06-06T11:26:52Z</time>
      </trkpt>
      <trkpt lat="39.79350001271863" lon="116.41358203520008">
        <ele>27.1</ele>
        <time>2022-06-06T11:26:53Z</time>
      </trkpt>
      <trkpt lat="39.79352308513128" lon="116.41357823396521">
        <ele>27</ele>
        <time>2022-06-06T11:26:54Z</time>
      </trkpt>
      <trkpt lat="39.793546112542224" lon="116.41357457870339">
        <ele>27</ele>
        <time>2022-06-06T11:26:55Z</time>
      </trkpt>
      <trkpt lat="39.793569088761664" lon="116.41357092065921">
        <ele>27</ele>
        <time>2022-06-06T11:26:56Z</time>
      </trkpt>
      <trkpt lat="39.79359199481191" lon="116.41356718814933">
        <ele>27</ele>
        <time>2022-06-06T11:26:57Z</time>
      </trkpt>
      <trkpt lat="39.7936148429767" lon="116.41356329586299">
        <ele>27</ele>
        <time>2022-06-06T11:26:58Z</time>
      </trkpt>
      <trkpt lat="39.793637807739366" lon="116.41355924150751">
        <ele>27</ele>
        <time>2022-06-06T11:26:59Z</time>
      </trkpt>
      <trkpt lat="39.79366070659081" lon="116.41355495127969">
        <ele>27</ele>
        <time>2022-06-06T11:27:00Z</time>
      </trkpt>
      <trkpt lat="39.79368328439156" lon="116.41355044447953">
        <ele>27</ele>
        <time>2022-06-06T11:27:01Z</time>
      </trkpt>
      <trkpt lat="39.7937056563466" lon="116.41354569125059">
        <ele>27</ele>
        <time>2022-06-06T11:27:02Z</time>
      </trkpt>
      <trkpt lat="39.793728193315445" lon="116.4135405349405">
        <ele>27</ele>
        <time>2022-06-06T11:27:03Z</time>
      </trkpt>
      <trkpt lat="39.7937505560917" lon="116.41353510942739">
        <ele>27</ele>
        <time>2022-06-06T11:27:04Z</time>
      </trkpt>
      <trkpt lat="39.79377313833773" lon="116.41352938267879">
        <ele>27</ele>
        <time>2022-06-06T11:27:05Z</time>
      </trkpt>
      <trkpt lat="39.79379561100963" lon="116.41352349408572">
        <ele>27</ele>
        <time>2022-06-06T11:27:06Z</time>
      </trkpt>
      <trkpt lat="39.79381804872502" lon="116.41351747380521">
        <ele>27</ele>
        <time>2022-06-06T11:27:07Z</time>
      </trkpt>
      <trkpt lat="39.793840805984075" lon="116.41351126042183">
        <ele>27</ele>
        <time>2022-06-06T11:27:08Z</time>
      </trkpt>
      <trkpt lat="39.7938635336035" lon="116.41350496517367">
        <ele>27</ele>
        <time>2022-06-06T11:27:09Z</time>
      </trkpt>
      <trkpt lat="39.79388610879206" lon="116.41349859527739">
        <ele>27</ele>
        <time>2022-06-06T11:27:10Z</time>
      </trkpt>
      <trkpt lat="39.79390903661252" lon="116.41349219257746">
        <ele>27</ele>
        <time>2022-06-06T11:27:11Z</time>
      </trkpt>
      <trkpt lat="39.79393226904832" lon="116.413485999513">
        <ele>27</ele>
        <time>2022-06-06T11:27:12Z</time>
      </trkpt>
      <trkpt lat="39.79395571930577" lon="116.41348008213619">
        <ele>27</ele>
        <time>2022-06-06T11:27:13Z</time>
      </trkpt>
      <trkpt lat="39.79397904783713" lon="116.41347451996003">
        <ele>27.3</ele>
        <time>2022-06-06T11:27:14Z</time>
      </trkpt>
      <trkpt lat="39.79400230320537" lon="116.41346913386192">
        <ele>27.3</ele>
        <time>2022-06-06T11:27:15Z</time>
      </trkpt>
      <trkpt lat="39.79402550339342" lon="116.41346373752242">
        <ele>27.3</ele>
        <time>2022-06-06T11:27:16Z</time>
      </trkpt>
      <trkpt lat="39.7940486949393" lon="116.41345823816636">
        <ele>27.3</ele>
        <time>2022-06-06T11:27:17Z</time>
      </trkpt>
      <trkpt lat="39.794071939461126" lon="116.41345272758217">
        <ele>27.3</ele>
        <time>2022-06-06T11:27:18Z</time>
      </trkpt>
      <trkpt lat="39.79409527123159" lon="116.41344735302846">
        <ele>27.3</ele>
        <time>2022-06-06T11:27:19Z</time>
      </trkpt>
      <trkpt lat="39.79411871927159" lon="116.41344216646516">
        <ele>27.3</ele>
        <time>2022-06-06T11:27:20Z</time>
      </trkpt>
      <trkpt lat="39.79414226177726" lon="116.41343730717827">
        <ele>27.3</ele>
        <time>2022-06-06T11:27:21Z</time>
      </trkpt>
      <trkpt lat="39.794165592557384" lon="116.41343284604824">
        <ele>27.3</ele>
        <time>2022-06-06T11:27:22Z</time>
      </trkpt>
      <trkpt lat="39.79418909623919" lon="116.41342852690542">
        <ele>27.3</ele>
        <time>2022-06-06T11:27:23Z</time>
      </trkpt>
      <trkpt lat="39.79421277952298" lon="116.41342425568239">
        <ele>27.7</ele>
        <time>2022-06-06T11:27:24Z</time>
      </trkpt>
      <trkpt lat="39.79423663732252" lon="116.41342015356335">
        <ele>27.7</ele>
        <time>2022-06-06T11:27:25Z</time>
      </trkpt>
      <trkpt lat="39.79426097285269" lon="116.41341642576934">
        <ele>27.7</ele>
        <time>2022-06-06T11:27:26Z</time>
      </trkpt>
      <trkpt lat="39.794285428385116" lon="116.41341321065559">
        <ele>27.7</ele>
        <time>2022-06-06T11:27:27Z</time>
      </trkpt>
      <trkpt lat="39.79431002304846" lon="116.41341051769093">
        <ele>27.7</ele>
        <time>2022-06-06T11:27:28Z</time>
      </trkpt>
      <trkpt lat="39.79433460312124" lon="116.41340828013986">
        <ele>27.7</ele>
        <time>2022-06-06T11:27:29Z</time>
      </trkpt>
      <trkpt lat="39.79435889953367" lon="116.41340640390501">
        <ele>27.7</ele>
        <time>2022-06-06T11:27:30Z</time>
      </trkpt>
      <trkpt lat="39.79438302906658" lon="116.41340470550948">
        <ele>27.7</ele>
        <time>2022-06-06T11:27:31Z</time>
      </trkpt>
      <trkpt lat="39.79440737825911" lon="116.41340308435049">
        <ele>27.7</ele>
        <time>2022-06-06T11:27:32Z</time>
      </trkpt>
      <trkpt lat="39.7944319232446" lon="116.41340158688037">
        <ele>27.7</ele>
        <time>2022-06-06T11:27:33Z</time>
      </trkpt>
      <trkpt lat="39.79445626834047" lon="116.41340020815402">
        <ele>27.2</ele>
        <time>2022-06-06T11:27:35Z</time>
      </trkpt>
      <trkpt lat="39.79448075236068" lon="116.41339895104772">
        <ele>27.2</ele>
        <time>2022-06-06T11:27:36Z</time>
      </trkpt>
      <trkpt lat="39.79450528647414" lon="116.41339769146998">
        <ele>27.2</ele>
        <time>2022-06-06T11:27:37Z</time>
      </trkpt>
      <trkpt lat="39.79452947583497" lon="116.41339621571308">
        <ele>27.2</ele>
        <time>2022-06-06T11:27:38Z</time>
      </trkpt>
      <trkpt lat="39.79455359130398" lon="116.41339435474765">
        <ele>27.2</ele>
        <time>2022-06-06T11:27:39Z</time>
      </trkpt>
      <trkpt lat="39.794577547735095" lon="116.41339211507194">
        <ele>27.2</ele>
        <time>2022-06-06T11:27:40Z</time>
      </trkpt>
      <trkpt lat="39.79460169740318" lon="116.4133893896653">
        <ele>27.2</ele>
        <time>2022-06-06T11:27:41Z</time>
      </trkpt>
      <trkpt lat="39.79462585561634" lon="116.41338611478085">
        <ele>27.2</ele>
        <time>2022-06-06T11:27:42Z</time>
      </trkpt>
      <trkpt lat="39.794649907430205" lon="116.413382400783">
        <ele>27.2</ele>
        <time>2022-06-06T11:27:43Z</time>
      </trkpt>
      <trkpt lat="39.79467384425893" lon="116.41337821990736">
        <ele>27.7</ele>
        <time>2022-06-06T11:27:44Z</time>
      </trkpt>
      <trkpt lat="39.79469767277791" lon="116.41337357539702">
        <ele>27.7</ele>
        <time>2022-06-06T11:27:45Z</time>
      </trkpt>
      <trkpt lat="39.7947217380887" lon="116.41336848712471">
        <ele>27.7</ele>
        <time>2022-06-06T11:27:46Z</time>
      </trkpt>
      <trkpt lat="39.79474565144721" lon="116.41336303733455">
        <ele>27.7</ele>
        <time>2022-06-06T11:27:47Z</time>
      </trkpt>
      <trkpt lat="39.79476949890339" lon="116.41335749076356">
        <ele>27.7</ele>
        <time>2022-06-06T11:27:48Z</time>
      </trkpt>
      <trkpt lat="39.79479365504559" lon="116.4133518774655">
        <ele>27.7</ele>
        <time>2022-06-06T11:27:49Z</time>
      </trkpt>
      <trkpt lat="39.79481781010432" lon="116.4133464087068">
        <ele>27.7</ele>
        <time>2022-06-06T11:27:50Z</time>
      </trkpt>
      <trkpt lat="39.794841986445235" lon="116.41334115967248">
        <ele>27.7</ele>
        <time>2022-06-06T11:27:51Z</time>
      </trkpt>
      <trkpt lat="39.794866224188844" lon="116.41333611076558">
        <ele>27.7</ele>
        <time>2022-06-06T11:27:52Z</time>
      </trkpt>
      <trkpt lat="39.794890536196036" lon="116.41333127995418">
        <ele>27.7</ele>
        <time>2022-06-06T11:27:53Z</time>
      </trkpt>
      <trkpt lat="39.79491488880562" lon="116.41332666860467">
        <ele>27.9</ele>
        <time>2022-06-06T11:27:54Z</time>
      </trkpt>
      <trkpt lat="39.794939245232264" lon="116.41332222962367">
        <ele>27.9</ele>
        <time>2022-06-06T11:27:55Z</time>
      </trkpt>
      <trkpt lat="39.794963556024726" lon="116.41331789250032">
        <ele>27.9</ele>
        <time>2022-06-06T11:27:56Z</time>
      </trkpt>
      <trkpt lat="39.79498777872574" lon="116.4133137476081">
        <ele>27.9</ele>
        <time>2022-06-06T11:27:57Z</time>
      </trkpt>
      <trkpt lat="39.79501189407848" lon="116.41330974817583">
        <ele>27.9</ele>
        <time>2022-06-06T11:27:58Z</time>
      </trkpt>
      <trkpt lat="39.79503598180845" lon="116.41330570022292">
        <ele>27</ele>
        <time>2022-06-06T11:27:59Z</time>
      </trkpt>
      <trkpt lat="39.795059676315276" lon="116.4133016060663">
        <ele>27.9</ele>
        <time>2022-06-06T11:28:00Z</time>
      </trkpt>
      <trkpt lat="39.795083009004706" lon="116.41329737955071">
        <ele>27.9</ele>
        <time>2022-06-06T11:28:01Z</time>
      </trkpt>
      <trkpt lat="39.79510635076863" lon="116.41329277281437">
        <ele>27.9</ele>
        <time>2022-06-06T11:28:02Z</time>
      </trkpt>
      <trkpt lat="39.79512936181748" lon="116.41328794107679">
        <ele>27.9</ele>
        <time>2022-06-06T11:28:03Z</time>
      </trkpt>
      <trkpt lat="39.79515243203481" lon="116.4132828589883">
        <ele>27.7</ele>
        <time>2022-06-06T11:28:04Z</time>
      </trkpt>
      <trkpt lat="39.79517553832129" lon="116.4132775342719">
        <ele>27.7</ele>
        <time>2022-06-06T11:28:05Z</time>
      </trkpt>
      <trkpt lat="39.795198352591726" lon="116.41327205967283">
        <ele>27.7</ele>
        <time>2022-06-06T11:28:06Z</time>
      </trkpt>
      <trkpt lat="39.795221274631295" lon="116.41326646537128">
        <ele>27.7</ele>
        <time>2022-06-06T11:28:07Z</time>
      </trkpt>
      <trkpt lat="39.79524397561526" lon="116.41326078825685">
        <ele>27.7</ele>
        <time>2022-06-06T11:28:08Z</time>
      </trkpt>
      <trkpt lat="39.795266539061615" lon="116.41325510746391">
        <ele>27.7</ele>
        <time>2022-06-06T11:28:09Z</time>
      </trkpt>
      <trkpt lat="39.79528919729039" lon="116.41324938585578">
        <ele>27.7</ele>
        <time>2022-06-06T11:28:10Z</time>
      </trkpt>
      <trkpt lat="39.79531193100736" lon="116.41324365859597">
        <ele>27.7</ele>
        <time>2022-06-06T11:28:11Z</time>
      </trkpt>
      <trkpt lat="39.79533474397341" lon="116.41323802623685">
        <ele>27.7</ele>
        <time>2022-06-06T11:28:12Z</time>
      </trkpt>
      <trkpt lat="39.795357625093565" lon="116.41323256740552">
        <ele>27.7</ele>
        <time>2022-06-06T11:28:13Z</time>
      </trkpt>
      <trkpt lat="39.79538071136914" lon="116.41322723291091">
        <ele>27.2</ele>
        <time>2022-06-06T11:28:14Z</time>
      </trkpt>
      <trkpt lat="39.79540368829185" lon="116.41322215909042">
        <ele>27.2</ele>
        <time>2022-06-06T11:28:15Z</time>
      </trkpt>
      <trkpt lat="39.795426649326586" lon="116.41321740924772">
        <ele>27.2</ele>
        <time>2022-06-06T11:28:16Z</time>
      </trkpt>
      <trkpt lat="39.79544998710906" lon="116.4132129100266">
        <ele>27.2</ele>
        <time>2022-06-06T11:28:17Z</time>
      </trkpt>
      <trkpt lat="39.795473359279235" lon="116.41320871103304">
        <ele>27.2</ele>
        <time>2022-06-06T11:28:18Z</time>
      </trkpt>
      <trkpt lat="39.79549713623316" lon="116.4132046981737">
        <ele>27.2</ele>
        <time>2022-06-06T11:28:19Z</time>
      </trkpt>
      <trkpt lat="39.79552126420193" lon="116.4132007537763">
        <ele>27.2</ele>
        <time>2022-06-06T11:28:20Z</time>
      </trkpt>
      <trkpt lat="39.79554537296488" lon="116.4131968285196">
        <ele>27.2</ele>
        <time>2022-06-06T11:28:21Z</time>
      </trkpt>
      <trkpt lat="39.79556981537707" lon="116.41319279105673">
        <ele>27.2</ele>
        <time>2022-06-06T11:28:22Z</time>
      </trkpt>
      <trkpt lat="39.7955944848383" lon="116.4131885924873">
        <ele>27.2</ele>
        <time>2022-06-06T11:28:23Z</time>
      </trkpt>
      <trkpt lat="39.79561898456421" lon="116.41318435190291">
        <ele>27.9</ele>
        <time>2022-06-06T11:28:24Z</time>
      </trkpt>
      <trkpt lat="39.79564315933729" lon="116.41318013095228">
        <ele>27.9</ele>
        <time>2022-06-06T11:28:25Z</time>
      </trkpt>
      <trkpt lat="39.795667041966276" lon="116.41317585444388">
        <ele>27.9</ele>
        <time>2022-06-06T11:28:26Z</time>
      </trkpt>
      <trkpt lat="39.795690638343565" lon="116.41317141189909">
        <ele>27.9</ele>
        <time>2022-06-06T11:28:27Z</time>
      </trkpt>
      <trkpt lat="39.79571389677134" lon="116.41316665813984">
        <ele>27.9</ele>
        <time>2022-06-06T11:28:28Z</time>
      </trkpt>
      <trkpt lat="39.79573682059128" lon="116.41316153380764">
        <ele>27.9</ele>
        <time>2022-06-06T11:28:29Z</time>
      </trkpt>
      <trkpt lat="39.795759077046235" lon="116.41315601169853">
        <ele>27.9</ele>
        <time>2022-06-06T11:28:30Z</time>
      </trkpt>
      <trkpt lat="39.79578077702339" lon="116.41315014635657">
        <ele>27.9</ele>
        <time>2022-06-06T11:28:31Z</time>
      </trkpt>
      <trkpt lat="39.79580229494026" lon="116.41314387292707">
        <ele>27.9</ele>
        <time>2022-06-06T11:28:32Z</time>
      </trkpt>
      <trkpt lat="39.79582328835722" lon="116.413137399889">
        <ele>27.9</ele>
        <time>2022-06-06T11:28:33Z</time>
      </trkpt>
      <trkpt lat="39.79584384548787" lon="116.41313069382204">
        <ele>27.7</ele>
        <time>2022-06-06T11:28:34Z</time>
      </trkpt>
      <trkpt lat="39.795864338795504" lon="116.41312360728928">
        <ele>27.7</ele>
        <time>2022-06-06T11:28:35Z</time>
      </trkpt>
      <trkpt lat="39.79588479451937" lon="116.41311620185164">
        <ele>27.7</ele>
        <time>2022-06-06T11:28:36Z</time>
      </trkpt>
      <trkpt lat="39.7959052274775" lon="116.41310858169261">
        <ele>27.7</ele>
        <time>2022-06-06T11:28:37Z</time>
      </trkpt>
      <trkpt lat="39.7959259648355" lon="116.4131007542313">
        <ele>27.7</ele>
        <time>2022-06-06T11:28:38Z</time>
      </trkpt>
      <trkpt lat="39.79594667835391" lon="116.41309300624498">
        <ele>27.7</ele>
        <time>2022-06-06T11:28:39Z</time>
      </trkpt>
      <trkpt lat="39.7959673870279" lon="116.41308543490972">
        <ele>27.7</ele>
        <time>2022-06-06T11:28:40Z</time>
      </trkpt>
      <trkpt lat="39.795988434049896" lon="116.41307803817081">
        <ele>27.7</ele>
        <time>2022-06-06T11:28:41Z</time>
      </trkpt>
      <trkpt lat="39.79600972016254" lon="116.41307073112287">
        <ele>27.7</ele>
        <time>2022-06-06T11:28:42Z</time>
      </trkpt>
      <trkpt lat="39.79603117783081" lon="116.41306349833478">
        <ele>27.7</ele>
        <time>2022-06-06T11:28:43Z</time>
      </trkpt>
      <trkpt lat="39.796052743245205" lon="116.41305624542562">
        <ele>27.2</ele>
        <time>2022-06-06T11:28:44Z</time>
      </trkpt>
      <trkpt lat="39.796074388463815" lon="116.41304903052436">
        <ele>27.2</ele>
        <time>2022-06-06T11:28:45Z</time>
      </trkpt>
      <trkpt lat="39.79609580279657" lon="116.41304203667445">
        <ele>27.2</ele>
        <time>2022-06-06T11:28:46Z</time>
      </trkpt>
      <trkpt lat="39.7961170379011" lon="116.41303522312946">
        <ele>27.2</ele>
        <time>2022-06-06T11:28:47Z</time>
      </trkpt>
      <trkpt lat="39.796138382127054" lon="116.41302849779917">
        <ele>27.2</ele>
        <time>2022-06-06T11:28:48Z</time>
      </trkpt>
      <trkpt lat="39.79615942862094" lon="116.41302196744955">
        <ele>27.2</ele>
        <time>2022-06-06T11:28:49Z</time>
      </trkpt>
      <trkpt lat="39.796180479584194" lon="116.4130154177699">
        <ele>27.2</ele>
        <time>2022-06-06T11:28:50Z</time>
      </trkpt>
      <trkpt lat="39.796201444808005" lon="116.41300874406838">
        <ele>27.2</ele>
        <time>2022-06-06T11:28:51Z</time>
      </trkpt>
      <trkpt lat="39.79622197956175" lon="116.41300202274306">
        <ele>27.2</ele>
        <time>2022-06-06T11:28:52Z</time>
      </trkpt>
      <trkpt lat="39.79624243264026" lon="116.41299528527753">
        <ele>27.2</ele>
        <time>2022-06-06T11:28:53Z</time>
      </trkpt>
      <trkpt lat="39.79626249265728" lon="116.41298885036197">
        <ele>26.9</ele>
        <time>2022-06-06T11:28:54Z</time>
      </trkpt>
      <trkpt lat="39.79628227060533" lon="116.41298291532215">
        <ele>26.9</ele>
        <time>2022-06-06T11:28:55Z</time>
      </trkpt>
      <trkpt lat="39.796302106730025" lon="116.4129775333742">
        <ele>26.9</ele>
        <time>2022-06-06T11:28:56Z</time>
      </trkpt>
      <trkpt lat="39.7963219494499" lon="116.4129727147739">
        <ele>26.9</ele>
        <time>2022-06-06T11:28:57Z</time>
      </trkpt>
      <trkpt lat="39.796341763248336" lon="116.41296837681378">
        <ele>26.9</ele>
        <time>2022-06-06T11:28:58Z</time>
      </trkpt>
      <trkpt lat="39.79636157170439" lon="116.41296448724917">
        <ele>26</ele>
        <time>2022-06-06T11:28:59Z</time>
      </trkpt>
      <trkpt lat="39.79638132982201" lon="116.41296080469763">
        <ele>26.9</ele>
        <time>2022-06-06T11:29:00Z</time>
      </trkpt>
      <trkpt lat="39.79640104687748" lon="116.41295748244983">
        <ele>26.9</ele>
        <time>2022-06-06T11:29:01Z</time>
      </trkpt>
      <trkpt lat="39.79642075872478" lon="116.41295465595323">
        <ele>26.9</ele>
        <time>2022-06-06T11:29:02Z</time>
      </trkpt>
      <trkpt lat="39.79644078261644" lon="116.41295239522887">
        <ele>26.9</ele>
        <time>2022-06-06T11:29:03Z</time>
      </trkpt>
      <trkpt lat="39.796460773095454" lon="116.41295073794595">
        <ele>27.2</ele>
        <time>2022-06-06T11:29:04Z</time>
      </trkpt>
      <trkpt lat="39.79648077585721" lon="116.41294966093926">
        <ele>27.2</ele>
        <time>2022-06-06T11:29:05Z</time>
      </trkpt>
      <trkpt lat="39.79650113873296" lon="116.41294897123608">
        <ele>27.2</ele>
        <time>2022-06-06T11:29:06Z</time>
      </trkpt>
      <trkpt lat="39.796521562200404" lon="116.41294846880992">
        <ele>27.2</ele>
        <time>2022-06-06T11:29:07Z</time>
      </trkpt>
      <trkpt lat="39.79654214991791" lon="116.41294799672293">
        <ele>27.2</ele>
        <time>2022-06-06T11:29:08Z</time>
      </trkpt>
      <trkpt lat="39.79656329848149" lon="116.41294758249528">
        <ele>27.2</ele>
        <time>2022-06-06T11:29:09Z</time>
      </trkpt>
      <trkpt lat="39.79658462092518" lon="116.41294715767152">
        <ele>27.2</ele>
        <time>2022-06-06T11:29:10Z</time>
      </trkpt>
      <trkpt lat="39.79660625229644" lon="116.41294685723257">
        <ele>27.2</ele>
        <time>2022-06-06T11:29:11Z</time>
      </trkpt>
      <trkpt lat="39.79662823180674" lon="116.41294664367759">
        <ele>27.2</ele>
        <time>2022-06-06T11:29:12Z</time>
      </trkpt>
      <trkpt lat="39.79665055218803" lon="116.41294638583688">
        <ele>27.2</ele>
        <time>2022-06-06T11:29:13Z</time>
      </trkpt>
      <trkpt lat="39.796673190037275" lon="116.41294595105072">
        <ele>27.4</ele>
        <time>2022-06-06T11:29:14Z</time>
      </trkpt>
      <trkpt lat="39.79669609494252" lon="116.41294531454453">
        <ele>27.4</ele>
        <time>2022-06-06T11:29:15Z</time>
      </trkpt>
      <trkpt lat="39.79671952491312" lon="116.41294416263086">
        <ele>27.4</ele>
        <time>2022-06-06T11:29:16Z</time>
      </trkpt>
      <trkpt lat="39.79674303681763" lon="116.41294256691953">
        <ele>27.4</ele>
        <time>2022-06-06T11:29:17Z</time>
      </trkpt>
      <trkpt lat="39.79676651832207" lon="116.41294026683525">
        <ele>27.4</ele>
        <time>2022-06-06T11:29:18Z</time>
      </trkpt>
      <trkpt lat="39.79679014696377" lon="116.41293708032582">
        <ele>27.4</ele>
        <time>2022-06-06T11:29:19Z</time>
      </trkpt>
      <trkpt lat="39.79681345665057" lon="116.41293300511545">
        <ele>27.4</ele>
        <time>2022-06-06T11:29:20Z</time>
      </trkpt>
      <trkpt lat="39.796836458929505" lon="116.4129281672489">
        <ele>27.4</ele>
        <time>2022-06-06T11:29:21Z</time>
      </trkpt>
      <trkpt lat="39.796859438070754" lon="116.41292247814097">
        <ele>27.4</ele>
        <time>2022-06-06T11:29:22Z</time>
      </trkpt>
      <trkpt lat="39.796882056327426" lon="116.41291603060169">
        <ele>27.4</ele>
        <time>2022-06-06T11:29:23Z</time>
      </trkpt>
      <trkpt lat="39.79690441295625" lon="116.4129089088227">
        <ele>27.2</ele>
        <time>2022-06-06T11:29:24Z</time>
      </trkpt>
      <trkpt lat="39.796926571366996" lon="116.41290107088966">
        <ele>27.2</ele>
        <time>2022-06-06T11:29:25Z</time>
      </trkpt>
      <trkpt lat="39.796948601823416" lon="116.41289258516925">
        <ele>27.2</ele>
        <time>2022-06-06T11:29:26Z</time>
      </trkpt>
      <trkpt lat="39.796970260989774" lon="116.41288367627833">
        <ele>27.2</ele>
        <time>2022-06-06T11:29:27Z</time>
      </trkpt>
      <trkpt lat="39.796991979642335" lon="116.41287426365747">
        <ele>27.2</ele>
        <time>2022-06-06T11:29:28Z</time>
      </trkpt>
      <trkpt lat="39.797013824621914" lon="116.41286477045529">
        <ele>27.2</ele>
        <time>2022-06-06T11:29:29Z</time>
      </trkpt>
      <trkpt lat="39.797035588566196" lon="116.41285545053992">
        <ele>27.2</ele>
        <time>2022-06-06T11:29:30Z</time>
      </trkpt>
      <trkpt lat="39.79705768241433" lon="116.41284619935124">
        <ele>27.2</ele>
        <time>2022-06-06T11:29:31Z</time>
      </trkpt>
      <trkpt lat="39.79708005433785" lon="116.41283709701185">
        <ele>27.2</ele>
        <time>2022-06-06T11:29:32Z</time>
      </trkpt>
      <trkpt lat="39.7971026926648" lon="116.41282811705545">
        <ele>27.2</ele>
        <time>2022-06-06T11:29:33Z</time>
      </trkpt>
      <trkpt lat="39.797125534608824" lon="116.41281920084624">
        <ele>27.6</ele>
        <time>2022-06-06T11:29:34Z</time>
      </trkpt>
      <trkpt lat="39.79714883021411" lon="116.41281017041061">
        <ele>27.6</ele>
        <time>2022-06-06T11:29:35Z</time>
      </trkpt>
      <trkpt lat="39.79717223427982" lon="116.41280141151665">
        <ele>27.6</ele>
        <time>2022-06-06T11:29:36Z</time>
      </trkpt>
      <trkpt lat="39.79719576813907" lon="116.4127929523802">
        <ele>27.6</ele>
        <time>2022-06-06T11:29:37Z</time>
      </trkpt>
      <trkpt lat="39.79721973739686" lon="116.41278473477263">
        <ele>27.6</ele>
        <time>2022-06-06T11:29:38Z</time>
      </trkpt>
      <trkpt lat="39.79724376151215" lon="116.41277689503612">
        <ele>27.6</ele>
        <time>2022-06-06T11:29:39Z</time>
      </trkpt>
      <trkpt lat="39.79726788589107" lon="116.41276942297958">
        <ele>27.6</ele>
        <time>2022-06-06T11:29:40Z</time>
      </trkpt>
      <trkpt lat="39.79729239601336" lon="116.41276224993281">
        <ele>27.6</ele>
        <time>2022-06-06T11:29:41Z</time>
      </trkpt>
      <trkpt lat="39.79731693994176" lon="116.41275554084223">
        <ele>27.6</ele>
        <time>2022-06-06T11:29:42Z</time>
      </trkpt>
      <trkpt lat="39.79734155560372" lon="116.41274927293276">
        <ele>27.6</ele>
        <time>2022-06-06T11:29:43Z</time>
      </trkpt>
      <trkpt lat="39.7973662439339" lon="116.4127434989439">
        <ele>27.3</ele>
        <time>2022-06-06T11:29:44Z</time>
      </trkpt>
      <trkpt lat="39.79739100424752" lon="116.4127382362607">
        <ele>27.3</ele>
        <time>2022-06-06T11:29:45Z</time>
      </trkpt>
      <trkpt lat="39.79741583227783" lon="116.41273350680963">
        <ele>27.3</ele>
        <time>2022-06-06T11:29:46Z</time>
      </trkpt>
      <trkpt lat="39.79744065936254" lon="116.41272911605104">
        <ele>27.3</ele>
        <time>2022-06-06T11:29:47Z</time>
      </trkpt>
      <trkpt lat="39.797465469441775" lon="116.41272502934564">
        <ele>27.3</ele>
        <time>2022-06-06T11:29:48Z</time>
      </trkpt>
      <trkpt lat="39.79749027453132" lon="116.41272133530536">
        <ele>27.3</ele>
        <time>2022-06-06T11:29:49Z</time>
      </trkpt>
      <trkpt lat="39.797515055460686" lon="116.41271796756948">
        <ele>27.3</ele>
        <time>2022-06-06T11:29:50Z</time>
      </trkpt>
      <trkpt lat="39.797540112368345" lon="116.41271488244162">
        <ele>27.3</ele>
        <time>2022-06-06T11:29:51Z</time>
      </trkpt>
      <trkpt lat="39.79756507911431" lon="116.41271202625504">
        <ele>27.3</ele>
        <time>2022-06-06T11:29:52Z</time>
      </trkpt>
      <trkpt lat="39.79758993792158" lon="116.41270933135152">
        <ele>27.3</ele>
        <time>2022-06-06T11:29:53Z</time>
      </trkpt>
      <trkpt lat="39.797615036780954" lon="116.41270641138101">
        <ele>27.6</ele>
        <time>2022-06-06T11:29:54Z</time>
      </trkpt>
      <trkpt lat="39.79763997660253" lon="116.41270323298575">
        <ele>27.6</ele>
        <time>2022-06-06T11:29:55Z</time>
      </trkpt>
      <trkpt lat="39.797664782397355" lon="116.41269967822754">
        <ele>27.6</ele>
        <time>2022-06-06T11:29:56Z</time>
      </trkpt>
      <trkpt lat="39.79768942043301" lon="116.41269565077772">
        <ele>27.6</ele>
        <time>2022-06-06T11:29:57Z</time>
      </trkpt>
      <trkpt lat="39.797713882592525" lon="116.41269108187467">
        <ele>27.6</ele>
        <time>2022-06-06T11:29:58Z</time>
      </trkpt>
      <trkpt lat="39.7977381555423" lon="116.4126859871543">
        <ele>27</ele>
        <time>2022-06-06T11:29:59Z</time>
      </trkpt>
      <trkpt lat="39.79776213010653" lon="116.4126800622574">
        <ele>27.6</ele>
        <time>2022-06-06T11:30:00Z</time>
      </trkpt>
      <trkpt lat="39.797785773222415" lon="116.41267330874582">
        <ele>27.6</ele>
        <time>2022-06-06T11:30:01Z</time>
      </trkpt>
      <trkpt lat="39.79780906304509" lon="116.41266567874877">
        <ele>27.6</ele>
        <time>2022-06-06T11:30:02Z</time>
      </trkpt>
      <trkpt lat="39.79783201915369" lon="116.41265738854364">
        <ele>27.6</ele>
        <time>2022-06-06T11:30:03Z</time>
      </trkpt>
      <trkpt lat="39.79785472562351" lon="116.41264860049192">
        <ele>27.7</ele>
        <time>2022-06-06T11:30:04Z</time>
      </trkpt>
      <trkpt lat="39.797876858687495" lon="116.41263986992777">
        <ele>27.7</ele>
        <time>2022-06-06T11:30:05Z</time>
      </trkpt>
      <trkpt lat="39.797898845522404" lon="116.41263136954723">
        <ele>27.7</ele>
        <time>2022-06-06T11:30:06Z</time>
      </trkpt>
      <trkpt lat="39.797920731583034" lon="116.41262329252868">
        <ele>27.7</ele>
        <time>2022-06-06T11:30:07Z</time>
      </trkpt>
      <trkpt lat="39.79794232425465" lon="116.41261590830321">
        <ele>27.7</ele>
        <time>2022-06-06T11:30:08Z</time>
      </trkpt>
      <trkpt lat="39.7979640601163" lon="116.41260917270264">
        <ele>27.7</ele>
        <time>2022-06-06T11:30:09Z</time>
      </trkpt>
      <trkpt lat="39.797985945973316" lon="116.41260313197803">
        <ele>27.7</ele>
        <time>2022-06-06T11:30:10Z</time>
      </trkpt>
      <trkpt lat="39.79800776100371" lon="116.41259802481507">
        <ele>27.7</ele>
        <time>2022-06-06T11:30:11Z</time>
      </trkpt>
      <trkpt lat="39.79802994545359" lon="116.41259378232957">
        <ele>27.7</ele>
        <time>2022-06-06T11:30:12Z</time>
      </trkpt>
      <trkpt lat="39.79805220095575" lon="116.41259042006277">
        <ele>27.7</ele>
        <time>2022-06-06T11:30:13Z</time>
      </trkpt>
      <trkpt lat="39.798074567384106" lon="116.4125878525099">
        <ele>27.2</ele>
        <time>2022-06-06T11:30:14Z</time>
      </trkpt>
      <trkpt lat="39.798097026867545" lon="116.41258588220744">
        <ele>27.2</ele>
        <time>2022-06-06T11:30:15Z</time>
      </trkpt>
      <trkpt lat="39.79811959693146" lon="116.41258423124812">
        <ele>27.2</ele>
        <time>2022-06-06T11:30:16Z</time>
      </trkpt>
      <trkpt lat="39.798142273641695" lon="116.41258283080487">
        <ele>27.2</ele>
        <time>2022-06-06T11:30:17Z</time>
      </trkpt>
      <trkpt lat="39.7981649880498" lon="116.41258150151975">
        <ele>27.2</ele>
        <time>2022-06-06T11:30:18Z</time>
      </trkpt>
      <trkpt lat="39.79818796950731" lon="116.41257995650685">
        <ele>27.2</ele>
        <time>2022-06-06T11:30:19Z</time>
      </trkpt>
      <trkpt lat="39.79821077286196" lon="116.41257809241931">
        <ele>27.2</ele>
        <time>2022-06-06T11:30:20Z</time>
      </trkpt>
      <trkpt lat="39.79823339241642" lon="116.41257574364386">
        <ele>27.2</ele>
        <time>2022-06-06T11:30:21Z</time>
      </trkpt>
      <trkpt lat="39.798256113344166" lon="116.41257269224505">
        <ele>27.2</ele>
        <time>2022-06-06T11:30:22Z</time>
      </trkpt>
      <trkpt lat="39.79827850573961" lon="116.41256898427079">
        <ele>27.2</ele>
        <time>2022-06-06T11:30:23Z</time>
      </trkpt>
      <trkpt lat="39.79830058421157" lon="116.41256471352216">
        <ele>26.7</ele>
        <time>2022-06-06T11:30:24Z</time>
      </trkpt>
      <trkpt lat="39.79832267907487" lon="116.41255983500255">
        <ele>26.7</ele>
        <time>2022-06-06T11:30:25Z</time>
      </trkpt>
      <trkpt lat="39.79834473214083" lon="116.41255444849031">
        <ele>26.7</ele>
        <time>2022-06-06T11:30:26Z</time>
      </trkpt>
      <trkpt lat="39.7983670385183" lon="116.41254857730182">
        <ele>26.7</ele>
        <time>2022-06-06T11:30:27Z</time>
      </trkpt>
      <trkpt lat="39.798389202804266" lon="116.41254232781004">
        <ele>26.7</ele>
        <time>2022-06-06T11:30:28Z</time>
      </trkpt>
      <trkpt lat="39.798411260091044" lon="116.41253574911767">
        <ele>26.7</ele>
        <time>2022-06-06T11:30:29Z</time>
      </trkpt>
      <trkpt lat="39.798433242961906" lon="116.41252913897512">
        <ele>26.7</ele>
        <time>2022-06-06T11:30:30Z</time>
      </trkpt>
      <trkpt lat="39.798455196403026" lon="116.41252273188239">
        <ele>26.7</ele>
        <time>2022-06-06T11:30:31Z</time>
      </trkpt>
      <trkpt lat="39.798477462365135" lon="116.41251659837464">
        <ele>26.7</ele>
        <time>2022-06-06T11:30:32Z</time>
      </trkpt>
      <trkpt lat="39.79849970251332" lon="116.41251098610375">
        <ele>26.7</ele>
        <time>2022-06-06T11:30:33Z</time>
      </trkpt>
      <trkpt lat="39.798522296965864" lon="116.4125058610291">
        <ele>27.2</ele>
        <time>2022-06-06T11:30:34Z</time>
      </trkpt>
      <trkpt lat="39.798545184495076" lon="116.41250111553857">
        <ele>27.2</ele>
        <time>2022-06-06T11:30:35Z</time>
      </trkpt>
      <trkpt lat="39.798568015735555" lon="116.41249675531982">
        <ele>27.2</ele>
        <time>2022-06-06T11:30:36Z</time>
      </trkpt>
      <trkpt lat="39.798591115115684" lon="116.4124925834508">
        <ele>27.2</ele>
        <time>2022-06-06T11:30:37Z</time>
      </trkpt>
      <trkpt lat="39.79861411385932" lon="116.41248861892016">
        <ele>27.2</ele>
        <time>2022-06-06T11:30:38Z</time>
      </trkpt>
      <trkpt lat="39.798637354377725" lon="116.41248474251816">
        <ele>27.2</ele>
        <time>2022-06-06T11:30:39Z</time>
      </trkpt>
      <trkpt lat="39.79866080807074" lon="116.41248106841952">
        <ele>27.2</ele>
        <time>2022-06-06T11:30:40Z</time>
      </trkpt>
      <trkpt lat="39.7986841084512" lon="116.41247761340709">
        <ele>27.2</ele>
        <time>2022-06-06T11:30:41Z</time>
      </trkpt>
      <trkpt lat="39.79870760001902" lon="116.41247439235717">
        <ele>27.2</ele>
        <time>2022-06-06T11:30:42Z</time>
      </trkpt>
      <trkpt lat="39.798730910054395" lon="116.41247147978764">
        <ele>27.2</ele>
        <time>2022-06-06T11:30:43Z</time>
      </trkpt>
      <trkpt lat="39.798754079662324" lon="116.41246883904155">
        <ele>27.2</ele>
        <time>2022-06-06T11:30:44Z</time>
      </trkpt>
      <trkpt lat="39.7987768334582" lon="116.41246645328758">
        <ele>27.2</ele>
        <time>2022-06-06T11:30:45Z</time>
      </trkpt>
      <trkpt lat="39.798799285060504" lon="116.4124643001959">
        <ele>27.2</ele>
        <time>2022-06-06T11:30:46Z</time>
      </trkpt>
      <trkpt lat="39.79882180258612" lon="116.41246241345212">
        <ele>27.2</ele>
        <time>2022-06-06T11:30:47Z</time>
      </trkpt>
      <trkpt lat="39.79884409374202" lon="116.41246080704029">
        <ele>27.2</ele>
        <time>2022-06-06T11:30:48Z</time>
      </trkpt>
      <trkpt lat="39.79886623663099" lon="116.41245937410962">
        <ele>27.2</ele>
        <time>2022-06-06T11:30:49Z</time>
      </trkpt>
      <trkpt lat="39.79888822918638" lon="116.4124580109333">
        <ele>27.2</ele>
        <time>2022-06-06T11:30:50Z</time>
      </trkpt>
      <trkpt lat="39.798910011200924" lon="116.41245650494022">
        <ele>27.2</ele>
        <time>2022-06-06T11:30:51Z</time>
      </trkpt>
      <trkpt lat="39.79893166400187" lon="116.41245466300231">
        <ele>27.2</ele>
        <time>2022-06-06T11:30:52Z</time>
      </trkpt>
      <trkpt lat="39.798952968109" lon="116.41245223760389">
        <ele>27.2</ele>
        <time>2022-06-06T11:30:53Z</time>
      </trkpt>
      <trkpt lat="39.79897437993475" lon="116.41244906450163">
        <ele>26.9</ele>
        <time>2022-06-06T11:30:54Z</time>
      </trkpt>
      <trkpt lat="39.7989959210079" lon="116.41244516665715">
        <ele>26.9</ele>
        <time>2022-06-06T11:30:55Z</time>
      </trkpt>
      <trkpt lat="39.7990175765522" lon="116.41244063106328">
        <ele>26.9</ele>
        <time>2022-06-06T11:30:56Z</time>
      </trkpt>
      <trkpt lat="39.79903964444873" lon="116.41243545833142">
        <ele>26.9</ele>
        <time>2022-06-06T11:30:57Z</time>
      </trkpt>
      <trkpt lat="39.79906171893491" lon="116.41242975288917">
        <ele>26.9</ele>
        <time>2022-06-06T11:30:58Z</time>
      </trkpt>
      <trkpt lat="39.79908410505239" lon="116.41242363983223">
        <ele>26</ele>
        <time>2022-06-06T11:30:59Z</time>
      </trkpt>
      <trkpt lat="39.79910673144825" lon="116.4124173333052">
        <ele>26.9</ele>
        <time>2022-06-06T11:31:00Z</time>
      </trkpt>
      <trkpt lat="39.79912960408716" lon="116.41241109512191">
        <ele>26.9</ele>
        <time>2022-06-06T11:31:01Z</time>
      </trkpt>
      <trkpt lat="39.79915274383723" lon="116.41240513824701">
        <ele>26.9</ele>
        <time>2022-06-06T11:31:02Z</time>
      </trkpt>
      <trkpt lat="39.79917638473446" lon="116.41239959381714">
        <ele>26.9</ele>
        <time>2022-06-06T11:31:03Z</time>
      </trkpt>
      <trkpt lat="39.79920035337923" lon="116.41239458757134">
        <ele>26.7</ele>
        <time>2022-06-06T11:31:04Z</time>
      </trkpt>
      <trkpt lat="39.79922422249549" lon="116.4123902232251">
        <ele>26.7</ele>
        <time>2022-06-06T11:31:05Z</time>
      </trkpt>
      <trkpt lat="39.79924827625665" lon="116.41238627506036">
        <ele>26.7</ele>
        <time>2022-06-06T11:31:06Z</time>
      </trkpt>
      <trkpt lat="39.79927242045639" lon="116.41238261555498">
        <ele>26.7</ele>
        <time>2022-06-06T11:31:07Z</time>
      </trkpt>
      <trkpt lat="39.799296577950074" lon="116.41237916084215">
        <ele>26.7</ele>
        <time>2022-06-06T11:31:08Z</time>
      </trkpt>
      <trkpt lat="39.79932068388106" lon="116.41237574129586">
        <ele>26.7</ele>
        <time>2022-06-06T11:31:09Z</time>
      </trkpt>
      <trkpt lat="39.79934438227565" lon="116.4123723134986">
        <ele>26.7</ele>
        <time>2022-06-06T11:31:10Z</time>
      </trkpt>
      <trkpt lat="39.799368022752496" lon="116.41236866930431">
        <ele>26.7</ele>
        <time>2022-06-06T11:31:11Z</time>
      </trkpt>
      <trkpt lat="39.79939125487649" lon="116.4123647112586">
        <ele>26.7</ele>
        <time>2022-06-06T11:31:12Z</time>
      </trkpt>
      <trkpt lat="39.79941416268334" lon="116.41236041106787">
        <ele>26.7</ele>
        <time>2022-06-06T11:31:13Z</time>
      </trkpt>
      <trkpt lat="39.799436792414355" lon="116.41235567200597">
        <ele>26.5</ele>
        <time>2022-06-06T11:31:14Z</time>
      </trkpt>
      <trkpt lat="39.7994595090992" lon="116.41235052756453">
        <ele>26.5</ele>
        <time>2022-06-06T11:31:15Z</time>
      </trkpt>
      <trkpt lat="39.7994822505416" lon="116.41234504560532">
        <ele>26.5</ele>
        <time>2022-06-06T11:31:16Z</time>
      </trkpt>
      <trkpt lat="39.799504683188914" lon="116.41233947857818">
        <ele>26.5</ele>
        <time>2022-06-06T11:31:17Z</time>
      </trkpt>
      <trkpt lat="39.799527185203765" lon="116.4123338418093">
        <ele>26.5</ele>
        <time>2022-06-06T11:31:18Z</time>
      </trkpt>
      <trkpt lat="39.79954943366474" lon="116.41232835304159">
        <ele>26.5</ele>
        <time>2022-06-06T11:31:19Z</time>
      </trkpt>
      <trkpt lat="39.79957155172197" lon="116.41232308822144">
        <ele>26.5</ele>
        <time>2022-06-06T11:31:20Z</time>
      </trkpt>
      <trkpt lat="39.79959388473766" lon="116.41231801454579">
        <ele>26.5</ele>
        <time>2022-06-06T11:31:21Z</time>
      </trkpt>
      <trkpt lat="39.799616075740474" lon="116.41231322566627">
        <ele>26.5</ele>
        <time>2022-06-06T11:31:22Z</time>
      </trkpt>
      <trkpt lat="39.799638200486264" lon="116.41230867447787">
        <ele>26.5</ele>
        <time>2022-06-06T11:31:23Z</time>
      </trkpt>
      <trkpt lat="39.79966056781861" lon="116.41230423301886">
        <ele>26.8</ele>
        <time>2022-06-06T11:31:24Z</time>
      </trkpt>
      <trkpt lat="39.79968280136126" lon="116.41230001673945">
        <ele>26.8</ele>
        <time>2022-06-06T11:31:25Z</time>
      </trkpt>
      <trkpt lat="39.7997046121601" lon="116.41229611344434">
        <ele>26.8</ele>
        <time>2022-06-06T11:31:26Z</time>
      </trkpt>
      <trkpt lat="39.79972639810688" lon="116.41229255259844">
        <ele>26.8</ele>
        <time>2022-06-06T11:31:27Z</time>
      </trkpt>
      <trkpt lat="39.79974814617443" lon="116.41228936164293">
        <ele>26.8</ele>
        <time>2022-06-06T11:31:28Z</time>
      </trkpt>
      <trkpt lat="39.799769849382145" lon="116.41228666765744">
        <ele>26.8</ele>
        <time>2022-06-06T11:31:29Z</time>
      </trkpt>
      <trkpt lat="39.799791472656956" lon="116.41228430788912">
        <ele>26.8</ele>
        <time>2022-06-06T11:31:30Z</time>
      </trkpt>
      <trkpt lat="39.79981296391871" lon="116.41228215202204">
        <ele>26.8</ele>
        <time>2022-06-06T11:31:31Z</time>
      </trkpt>
      <trkpt lat="39.799834266940344" lon="116.41228012007939">
        <ele>26.8</ele>
        <time>2022-06-06T11:31:32Z</time>
      </trkpt>
      <trkpt lat="39.79985527649024" lon="116.41227812482536">
        <ele>26.8</ele>
        <time>2022-06-06T11:31:33Z</time>
      </trkpt>
      <trkpt lat="39.79987590573284" lon="116.41227603893255">
        <ele>27</ele>
        <time>2022-06-06T11:31:34Z</time>
      </trkpt>
      <trkpt lat="39.799895858505195" lon="116.41227375676651">
        <ele>27</ele>
        <time>2022-06-06T11:31:35Z</time>
      </trkpt>
      <trkpt lat="39.799915094305" lon="116.41227090338816">
        <ele>27</ele>
        <time>2022-06-06T11:31:36Z</time>
      </trkpt>
      <trkpt lat="39.79993358642322" lon="116.41226717307248">
        <ele>27</ele>
        <time>2022-06-06T11:31:37Z</time>
      </trkpt>
      <trkpt lat="39.79995118516696" lon="116.41226255714652">
        <ele>27</ele>
        <time>2022-06-06T11:31:38Z</time>
      </trkpt>
      <trkpt lat="39.799968231019875" lon="116.41225716363986">
        <ele>27</ele>
        <time>2022-06-06T11:31:39Z</time>
      </trkpt>
      <trkpt lat="39.799984888969504" lon="116.41225108004083">
        <ele>27</ele>
        <time>2022-06-06T11:31:40Z</time>
      </trkpt>
      <trkpt lat="39.80000135188806" lon="116.41224439227733">
        <ele>27</ele>
        <time>2022-06-06T11:31:41Z</time>
      </trkpt>
      <trkpt lat="39.800017943766186" lon="116.41223782418355">
        <ele>27</ele>
        <time>2022-06-06T11:31:42Z</time>
      </trkpt>
      <trkpt lat="39.80003488379863" lon="116.41223164532757">
        <ele>27</ele>
        <time>2022-06-06T11:31:43Z</time>
      </trkpt>
      <trkpt lat="39.800052390351006" lon="116.41222593981647">
        <ele>27.2</ele>
        <time>2022-06-06T11:31:44Z</time>
      </trkpt>
      <trkpt lat="39.8000705910907" lon="116.41222083451748">
        <ele>27.2</ele>
        <time>2022-06-06T11:31:45Z</time>
      </trkpt>
      <trkpt lat="39.80008951161668" lon="116.41221647557687">
        <ele>27.2</ele>
        <time>2022-06-06T11:31:46Z</time>
      </trkpt>
      <trkpt lat="39.80010930599005" lon="116.41221313282969">
        <ele>27.2</ele>
        <time>2022-06-06T11:31:47Z</time>
      </trkpt>
      <trkpt lat="39.80013037560266" lon="116.41221099674485">
        <ele>27.2</ele>
        <time>2022-06-06T11:31:48Z</time>
      </trkpt>
      <trkpt lat="39.800152571648965" lon="116.41220990659532">
        <ele>27.2</ele>
        <time>2022-06-06T11:31:49Z</time>
      </trkpt>
      <trkpt lat="39.80017561658273" lon="116.41220960631318">
        <ele>27.2</ele>
        <time>2022-06-06T11:31:50Z</time>
      </trkpt>
      <trkpt lat="39.80019940245213" lon="116.4122098238514">
        <ele>27.2</ele>
        <time>2022-06-06T11:31:51Z</time>
      </trkpt>
      <trkpt lat="39.80022377571651" lon="116.4122104619259">
        <ele>27.2</ele>
        <time>2022-06-06T11:31:52Z</time>
      </trkpt>
      <trkpt lat="39.800248751153326" lon="116.41221073166254">
        <ele>27.2</ele>
        <time>2022-06-06T11:31:53Z</time>
      </trkpt>
      <trkpt lat="39.80027379037939" lon="116.41221036995597">
        <ele>27.4</ele>
        <time>2022-06-06T11:31:54Z</time>
      </trkpt>
      <trkpt lat="39.800298781984836" lon="116.41220928412248">
        <ele>27.4</ele>
        <time>2022-06-06T11:31:55Z</time>
      </trkpt>
      <trkpt lat="39.80032395886893" lon="116.41220740777169">
        <ele>27.4</ele>
        <time>2022-06-06T11:31:56Z</time>
      </trkpt>
      <trkpt lat="39.800349196049325" lon="116.41220474896343">
        <ele>27.4</ele>
        <time>2022-06-06T11:31:57Z</time>
      </trkpt>
      <trkpt lat="39.800374409430155" lon="116.41220139132491">
        <ele>27.4</ele>
        <time>2022-06-06T11:31:58Z</time>
      </trkpt>
      <trkpt lat="39.80039954228088" lon="116.41219724618776">
        <ele>26</ele>
        <time>2022-06-06T11:31:59Z</time>
      </trkpt>
      <trkpt lat="39.80042455611545" lon="116.4121925326848">
        <ele>27.4</ele>
        <time>2022-06-06T11:32:00Z</time>
      </trkpt>
      <trkpt lat="39.800449721304254" lon="116.41218721841258">
        <ele>27.4</ele>
        <time>2022-06-06T11:32:01Z</time>
      </trkpt>
      <trkpt lat="39.80047459005116" lon="116.41218140196435">
        <ele>27.4</ele>
        <time>2022-06-06T11:32:02Z</time>
      </trkpt>
      <trkpt lat="39.80049948368679" lon="116.41217500707886">
        <ele>27.4</ele>
        <time>2022-06-06T11:32:03Z</time>
      </trkpt>
      <trkpt lat="39.800524004223895" lon="116.4121681503766">
        <ele>27.6</ele>
        <time>2022-06-06T11:32:04Z</time>
      </trkpt>
      <trkpt lat="39.80054816711342" lon="116.41216085125193">
        <ele>27.6</ele>
        <time>2022-06-06T11:32:05Z</time>
      </trkpt>
      <trkpt lat="39.800572304323474" lon="116.41215300658675">
        <ele>27.6</ele>
        <time>2022-06-06T11:32:06Z</time>
      </trkpt>
      <trkpt lat="39.800596057185814" lon="116.4121447048434">
        <ele>27.6</ele>
        <time>2022-06-06T11:32:07Z</time>
      </trkpt>
      <trkpt lat="39.80061948613992" lon="116.41213592687863">
        <ele>27.6</ele>
        <time>2022-06-06T11:32:08Z</time>
      </trkpt>
      <trkpt lat="39.800642883820004" lon="116.41212643523646">
        <ele>27.6</ele>
        <time>2022-06-06T11:32:09Z</time>
      </trkpt>
      <trkpt lat="39.80066588189286" lon="116.41211631169931">
        <ele>27.6</ele>
        <time>2022-06-06T11:32:10Z</time>
      </trkpt>
      <trkpt lat="39.80068846122038" lon="116.41210539053131">
        <ele>27.6</ele>
        <time>2022-06-06T11:32:11Z</time>
      </trkpt>
      <trkpt lat="39.800710551461115" lon="116.41209348706195">
        <ele>27.6</ele>
        <time>2022-06-06T11:32:12Z</time>
      </trkpt>
      <trkpt lat="39.80073213195971" lon="116.41208068413299">
        <ele>27.6</ele>
        <time>2022-06-06T11:32:13Z</time>
      </trkpt>
      <trkpt lat="39.80075290066475" lon="116.41206727979056">
        <ele>27.2</ele>
        <time>2022-06-06T11:32:14Z</time>
      </trkpt>
      <trkpt lat="39.80077300429424" lon="116.41205358253183">
        <ele>27.2</ele>
        <time>2022-06-06T11:32:15Z</time>
      </trkpt>
      <trkpt lat="39.800792777472424" lon="116.41203986709758">
        <ele>27.2</ele>
        <time>2022-06-06T11:32:16Z</time>
      </trkpt>
      <trkpt lat="39.800811663265506" lon="116.41202653976411">
        <ele>27.2</ele>
        <time>2022-06-06T11:32:17Z</time>
      </trkpt>
      <trkpt lat="39.800830083858685" lon="116.4120139051635">
        <ele>27.2</ele>
        <time>2022-06-06T11:32:18Z</time>
      </trkpt>
      <trkpt lat="39.800847834439146" lon="116.4120020342212">
        <ele>27.2</ele>
        <time>2022-06-06T11:32:19Z</time>
      </trkpt>
      <trkpt lat="39.80086459155656" lon="116.41199068034774">
        <ele>27.2</ele>
        <time>2022-06-06T11:32:20Z</time>
      </trkpt>
      <trkpt lat="39.80088075376712" lon="116.41197940011753">
        <ele>27.2</ele>
        <time>2022-06-06T11:32:21Z</time>
      </trkpt>
      <trkpt lat="39.80089646947535" lon="116.41196806838096">
        <ele>27.2</ele>
        <time>2022-06-06T11:32:22Z</time>
      </trkpt>
      <trkpt lat="39.80091168316579" lon="116.41195690939419">
        <ele>27.2</ele>
        <time>2022-06-06T11:32:23Z</time>
      </trkpt>
      <trkpt lat="39.80092692881954" lon="116.41194559115932">
        <ele>27.6</ele>
        <time>2022-06-06T11:32:24Z</time>
      </trkpt>
      <trkpt lat="39.80094232908238" lon="116.41193403886828">
        <ele>27.6</ele>
        <time>2022-06-06T11:32:25Z</time>
      </trkpt>
      <trkpt lat="39.80095815411051" lon="116.41192176909114">
        <ele>27.6</ele>
        <time>2022-06-06T11:32:26Z</time>
      </trkpt>
      <trkpt lat="39.80097409258839" lon="116.41190865128972">
        <ele>27.6</ele>
        <time>2022-06-06T11:32:27Z</time>
      </trkpt>
      <trkpt lat="39.800990405811994" lon="116.41189449095893">
        <ele>27.6</ele>
        <time>2022-06-06T11:32:28Z</time>
      </trkpt>
      <trkpt lat="39.801007015939405" lon="116.41187876832531">
        <ele>27.6</ele>
        <time>2022-06-06T11:32:29Z</time>
      </trkpt>
      <trkpt lat="39.80102416210827" lon="116.41186164598616">
        <ele>27.6</ele>
        <time>2022-06-06T11:32:30Z</time>
      </trkpt>
      <trkpt lat="39.80104216737948" lon="116.41184352653828">
        <ele>27.6</ele>
        <time>2022-06-06T11:32:31Z</time>
      </trkpt>
      <trkpt lat="39.80106067120631" lon="116.41182509302162">
        <ele>27.6</ele>
        <time>2022-06-06T11:32:32Z</time>
      </trkpt>
      <trkpt lat="39.80107956902791" lon="116.41180664831697">
        <ele>27.6</ele>
        <time>2022-06-06T11:32:33Z</time>
      </trkpt>
      <trkpt lat="39.80109897157405" lon="116.41178816795528">
        <ele>27.4</ele>
        <time>2022-06-06T11:32:34Z</time>
      </trkpt>
      <trkpt lat="39.80111844668005" lon="116.41177003600657">
        <ele>27.4</ele>
        <time>2022-06-06T11:32:35Z</time>
      </trkpt>
      <trkpt lat="39.80113779391618" lon="116.41175218107627">
        <ele>27.4</ele>
        <time>2022-06-06T11:32:36Z</time>
      </trkpt>
      <trkpt lat="39.80115693701741" lon="116.4117347817528">
        <ele>27.4</ele>
        <time>2022-06-06T11:32:37Z</time>
      </trkpt>
      <trkpt lat="39.80117587245172" lon="116.41171806202182">
        <ele>27.4</ele>
        <time>2022-06-06T11:32:38Z</time>
      </trkpt>
      <trkpt lat="39.8011945655913" lon="116.41170206820094">
        <ele>27.4</ele>
        <time>2022-06-06T11:32:39Z</time>
      </trkpt>
      <trkpt lat="39.801212862621" lon="116.41168804387509">
        <ele>27.4</ele>
        <time>2022-06-06T11:32:40Z</time>
      </trkpt>
      <trkpt lat="39.801233387030095" lon="116.41167051613259">
        <ele>27.4</ele>
        <time>2022-06-06T11:32:41Z</time>
      </trkpt>
      <trkpt lat="39.80125186638789" lon="116.41165482524579">
        <ele>27.4</ele>
        <time>2022-06-06T11:32:42Z</time>
      </trkpt>
      <trkpt lat="39.801268770183505" lon="116.41164201226478">
        <ele>27.4</ele>
        <time>2022-06-06T11:32:43Z</time>
      </trkpt>
      <trkpt lat="39.80128402913153" lon="116.41163008999447">
        <ele>27.2</ele>
        <time>2022-06-06T11:32:44Z</time>
      </trkpt>
      <trkpt lat="39.801299625862335" lon="116.41162991391354">
        <ele>27.2</ele>
        <time>2022-06-06T11:32:45Z</time>
      </trkpt>
      <trkpt lat="39.80130730464624" lon="116.4116246132098">
        <ele>26.4</ele>
        <time>2022-06-06T11:33:27Z</time>
      </trkpt>
      <trkpt lat="39.801310536530764" lon="116.41160861211017">
        <ele>26.4</ele>
        <time>2022-06-06T11:33:28Z</time>
      </trkpt>
      <trkpt lat="39.80132368109634" lon="116.41159505547793">
        <ele>26.4</ele>
        <time>2022-06-06T11:33:29Z</time>
      </trkpt>
      <trkpt lat="39.80134115961824" lon="116.41157426700433">
        <ele>26.4</ele>
        <time>2022-06-06T11:33:30Z</time>
      </trkpt>
      <trkpt lat="39.80136108759225" lon="116.41155144518167">
        <ele>26.4</ele>
        <time>2022-06-06T11:33:31Z</time>
      </trkpt>
      <trkpt lat="39.80139652202708" lon="116.41151168397772">
        <ele>26.4</ele>
        <time>2022-06-06T11:33:32Z</time>
      </trkpt>
      <trkpt lat="39.801419102345754" lon="116.41148465358586">
        <ele>26.4</ele>
        <time>2022-06-06T11:33:33Z</time>
      </trkpt>
      <trkpt lat="39.80144392595387" lon="116.41145634375732">
        <ele>26.7</ele>
        <time>2022-06-06T11:33:34Z</time>
      </trkpt>
      <trkpt lat="39.80146999811136" lon="116.41142722923438">
        <ele>26.7</ele>
        <time>2022-06-06T11:33:35Z</time>
      </trkpt>
      <trkpt lat="39.80149699583229" lon="116.41139816949122">
        <ele>26.7</ele>
        <time>2022-06-06T11:33:36Z</time>
      </trkpt>
      <trkpt lat="39.801524600835286" lon="116.4113702503015">
        <ele>26.7</ele>
        <time>2022-06-06T11:33:37Z</time>
      </trkpt>
      <trkpt lat="39.801552408365225" lon="116.41134375826816">
        <ele>26.7</ele>
        <time>2022-06-06T11:33:38Z</time>
      </trkpt>
      <trkpt lat="39.80158005200463" lon="116.41131875643619">
        <ele>26.7</ele>
        <time>2022-06-06T11:33:39Z</time>
      </trkpt>
      <trkpt lat="39.80160749478014" lon="116.41129573571095">
        <ele>26.7</ele>
        <time>2022-06-06T11:33:40Z</time>
      </trkpt>
      <trkpt lat="39.80163467838876" lon="116.4112751524224">
        <ele>26.7</ele>
        <time>2022-06-06T11:33:41Z</time>
      </trkpt>
      <trkpt lat="39.80166120090309" lon="116.41125705052106">
        <ele>26.7</ele>
        <time>2022-06-06T11:33:42Z</time>
      </trkpt>
      <trkpt lat="39.80168744766874" lon="116.41124160669042">
        <ele>26.7</ele>
        <time>2022-06-06T11:33:43Z</time>
      </trkpt>
      <trkpt lat="39.80171321309416" lon="116.41122920050593">
        <ele>27.4</ele>
        <time>2022-06-06T11:33:44Z</time>
      </trkpt>
      <trkpt lat="39.80173865843563" lon="116.4112194641161">
        <ele>27.4</ele>
        <time>2022-06-06T11:33:45Z</time>
      </trkpt>
      <trkpt lat="39.801763805159" lon="116.4112115516485">
        <ele>27.4</ele>
        <time>2022-06-06T11:33:46Z</time>
      </trkpt>
      <trkpt lat="39.80178885569486" lon="116.41120523634878">
        <ele>27.4</ele>
        <time>2022-06-06T11:33:47Z</time>
      </trkpt>
      <trkpt lat="39.801813809444646" lon="116.41119963322879">
        <ele>27.4</ele>
        <time>2022-06-06T11:33:48Z</time>
      </trkpt>
      <trkpt lat="39.801838591602134" lon="116.41119497287983">
        <ele>27.4</ele>
        <time>2022-06-06T11:33:49Z</time>
      </trkpt>
      <trkpt lat="39.80186374912627" lon="116.41119135610697">
        <ele>27.4</ele>
        <time>2022-06-06T11:33:50Z</time>
      </trkpt>
      <trkpt lat="39.80188920524495" lon="116.41118827898516">
        <ele>27.4</ele>
        <time>2022-06-06T11:33:51Z</time>
      </trkpt>
      <trkpt lat="39.80191496260492" lon="116.41118580949795">
        <ele>27.4</ele>
        <time>2022-06-06T11:33:52Z</time>
      </trkpt>
      <trkpt lat="39.80194103724634" lon="116.411183980088">
        <ele>27.4</ele>
        <time>2022-06-06T11:33:53Z</time>
      </trkpt>
      <trkpt lat="39.80196701049971" lon="116.4111822719879">
        <ele>28.1</ele>
        <time>2022-06-06T11:33:54Z</time>
      </trkpt>
      <trkpt lat="39.80199322401003" lon="116.4111803048407">
        <ele>28.1</ele>
        <time>2022-06-06T11:33:55Z</time>
      </trkpt>
      <trkpt lat="39.80201960364212" lon="116.41117813306744">
        <ele>28.1</ele>
        <time>2022-06-06T11:33:56Z</time>
      </trkpt>
      <trkpt lat="39.802046432237475" lon="116.41117606991878">
        <ele>28.1</ele>
        <time>2022-06-06T11:33:57Z</time>
      </trkpt>
      <trkpt lat="39.80207326284627" lon="116.4111742543879">
        <ele>28.1</ele>
        <time>2022-06-06T11:33:58Z</time>
      </trkpt>
      <trkpt lat="39.80210039848071" lon="116.41117284057131">
        <ele>26</ele>
        <time>2022-06-06T11:33:59Z</time>
      </trkpt>
      <trkpt lat="39.80212772617535" lon="116.41117172102263">
        <ele>28.1</ele>
        <time>2022-06-06T11:34:00Z</time>
      </trkpt>
      <trkpt lat="39.802155151694855" lon="116.41117087351954">
        <ele>28.1</ele>
        <time>2022-06-06T11:34:01Z</time>
      </trkpt>
      <trkpt lat="39.80218261736408" lon="116.41117019677651">
        <ele>28.1</ele>
        <time>2022-06-06T11:34:02Z</time>
      </trkpt>
      <trkpt lat="39.802210091799594" lon="116.41116972923595">
        <ele>28.1</ele>
        <time>2022-06-06T11:34:03Z</time>
      </trkpt>
      <trkpt lat="39.80223755786516" lon="116.41116949893713">
        <ele>27.6</ele>
        <time>2022-06-06T11:34:04Z</time>
      </trkpt>
      <trkpt lat="39.80226500420528" lon="116.41116960618889">
        <ele>27.6</ele>
        <time>2022-06-06T11:34:05Z</time>
      </trkpt>
      <trkpt lat="39.80229244167202" lon="116.41117013020254">
        <ele>27.6</ele>
        <time>2022-06-06T11:34:06Z</time>
      </trkpt>
      <trkpt lat="39.80231988150649" lon="116.41117105159726">
        <ele>27.6</ele>
        <time>2022-06-06T11:34:07Z</time>
      </trkpt>
      <trkpt lat="39.80234735575296" lon="116.4111720423627">
        <ele>27.6</ele>
        <time>2022-06-06T11:34:08Z</time>
      </trkpt>
      <trkpt lat="39.80237493889451" lon="116.41117288725574">
        <ele>27.6</ele>
        <time>2022-06-06T11:34:09Z</time>
      </trkpt>
      <trkpt lat="39.80240238059328" lon="116.41117337973226">
        <ele>27.6</ele>
        <time>2022-06-06T11:34:10Z</time>
      </trkpt>
      <trkpt lat="39.80243016391906" lon="116.41117344969906">
        <ele>27.6</ele>
        <time>2022-06-06T11:34:11Z</time>
      </trkpt>
      <trkpt lat="39.80245800378522" lon="116.41117301674275">
        <ele>27.6</ele>
        <time>2022-06-06T11:34:12Z</time>
      </trkpt>
      <trkpt lat="39.80248633891979" lon="116.41117216349161">
        <ele>27.6</ele>
        <time>2022-06-06T11:34:13Z</time>
      </trkpt>
      <trkpt lat="39.802514792598" lon="116.41117097736102">
        <ele>27.4</ele>
        <time>2022-06-06T11:34:14Z</time>
      </trkpt>
      <trkpt lat="39.80254338564272" lon="116.4111694234906">
        <ele>27.4</ele>
        <time>2022-06-06T11:34:15Z</time>
      </trkpt>
      <trkpt lat="39.802572130049455" lon="116.4111675687803">
        <ele>27.4</ele>
        <time>2022-06-06T11:34:16Z</time>
      </trkpt>
      <trkpt lat="39.802601008948095" lon="116.41116540121702">
        <ele>27.4</ele>
        <time>2022-06-06T11:34:17Z</time>
      </trkpt>
      <trkpt lat="39.802630003641525" lon="116.41116306360416">
        <ele>27.4</ele>
        <time>2022-06-06T11:34:18Z</time>
      </trkpt>
      <trkpt lat="39.80265875788376" lon="116.41116076577443">
        <ele>27.4</ele>
        <time>2022-06-06T11:34:19Z</time>
      </trkpt>
      <trkpt lat="39.802687640085644" lon="116.41115861111086">
        <ele>27.4</ele>
        <time>2022-06-06T11:34:20Z</time>
      </trkpt>
      <trkpt lat="39.80271653706232" lon="116.41115648972195">
        <ele>27.4</ele>
        <time>2022-06-06T11:34:21Z</time>
      </trkpt>
      <trkpt lat="39.80274536588687" lon="116.41115432068621">
        <ele>27.4</ele>
        <time>2022-06-06T11:34:22Z</time>
      </trkpt>
      <trkpt lat="39.802774031324354" lon="116.41115216077519">
        <ele>27.4</ele>
        <time>2022-06-06T11:34:23Z</time>
      </trkpt>
      <trkpt lat="39.80280251315116" lon="116.41114983115685">
        <ele>27.2</ele>
        <time>2022-06-06T11:34:24Z</time>
      </trkpt>
      <trkpt lat="39.80283081213244" lon="116.4111473780838">
        <ele>27.2</ele>
        <time>2022-06-06T11:34:25Z</time>
      </trkpt>
      <trkpt lat="39.80285897169033" lon="116.41114500820319">
        <ele>27.2</ele>
        <time>2022-06-06T11:34:26Z</time>
      </trkpt>
      <trkpt lat="39.80288732980365" lon="116.41114273983771">
        <ele>27.2</ele>
        <time>2022-06-06T11:34:27Z</time>
      </trkpt>
      <trkpt lat="39.80291550079327" lon="116.41114056145486">
        <ele>27.2</ele>
        <time>2022-06-06T11:34:28Z</time>
      </trkpt>
      <trkpt lat="39.80294385822188" lon="116.41113832880747">
        <ele>27.2</ele>
        <time>2022-06-06T11:34:29Z</time>
      </trkpt>
      <trkpt lat="39.802972341466855" lon="116.41113601060992">
        <ele>27.2</ele>
        <time>2022-06-06T11:34:30Z</time>
      </trkpt>
      <trkpt lat="39.80300087626662" lon="116.41113362108892">
        <ele>27.2</ele>
        <time>2022-06-06T11:34:31Z</time>
      </trkpt>
      <trkpt lat="39.80302943207463" lon="116.41113137249279">
        <ele>27.2</ele>
        <time>2022-06-06T11:34:32Z</time>
      </trkpt>
      <trkpt lat="39.8030579754141" lon="116.41112948888677">
        <ele>27.2</ele>
        <time>2022-06-06T11:34:33Z</time>
      </trkpt>
      <trkpt lat="39.803086506171184" lon="116.4111279112081">
        <ele>27.2</ele>
        <time>2022-06-06T11:34:34Z</time>
      </trkpt>
      <trkpt lat="39.80311464503096" lon="116.41112678286504">
        <ele>27.2</ele>
        <time>2022-06-06T11:34:35Z</time>
      </trkpt>
      <trkpt lat="39.803142812785225" lon="116.4111259367418">
        <ele>27.2</ele>
        <time>2022-06-06T11:34:36Z</time>
      </trkpt>
      <trkpt lat="39.80317095228672" lon="116.41112513758435">
        <ele>27.2</ele>
        <time>2022-06-06T11:34:37Z</time>
      </trkpt>
      <trkpt lat="39.80319902842588" lon="116.41112413559037">
        <ele>27.2</ele>
        <time>2022-06-06T11:34:38Z</time>
      </trkpt>
      <trkpt lat="39.80322702499707" lon="116.41112289764791">
        <ele>27.2</ele>
        <time>2022-06-06T11:34:39Z</time>
      </trkpt>
      <trkpt lat="39.8032546146725" lon="116.41112141623574">
        <ele>27.2</ele>
        <time>2022-06-06T11:34:40Z</time>
      </trkpt>
      <trkpt lat="39.80328219445728" lon="116.41111964223678">
        <ele>27.2</ele>
        <time>2022-06-06T11:34:41Z</time>
      </trkpt>
      <trkpt lat="39.80330943825225" lon="116.41111763765048">
        <ele>27.2</ele>
        <time>2022-06-06T11:34:42Z</time>
      </trkpt>
      <trkpt lat="39.80333677272797" lon="116.41111537118225">
        <ele>27.2</ele>
        <time>2022-06-06T11:34:43Z</time>
      </trkpt>
      <trkpt lat="39.80336384582412" lon="116.41111278438194">
        <ele>26.7</ele>
        <time>2022-06-06T11:34:44Z</time>
      </trkpt>
      <trkpt lat="39.803391033423836" lon="116.41110979633916">
        <ele>26.7</ele>
        <time>2022-06-06T11:34:45Z</time>
      </trkpt>
      <trkpt lat="39.803418282210515" lon="116.41110642976945">
        <ele>26.7</ele>
        <time>2022-06-06T11:34:46Z</time>
      </trkpt>
      <trkpt lat="39.80344556840459" lon="116.41110283245213">
        <ele>26.7</ele>
        <time>2022-06-06T11:34:47Z</time>
      </trkpt>
      <trkpt lat="39.80347289458512" lon="116.41109919610417">
        <ele>26.7</ele>
        <time>2022-06-06T11:34:48Z</time>
      </trkpt>
      <trkpt lat="39.803500278518605" lon="116.41109563653704">
        <ele>26.7</ele>
        <time>2022-06-06T11:34:49Z</time>
      </trkpt>
      <trkpt lat="39.803527735719506" lon="116.41109215823771">
        <ele>26.7</ele>
        <time>2022-06-06T11:34:50Z</time>
      </trkpt>
      <trkpt lat="39.80355527466553" lon="116.41108868560582">
        <ele>26.7</ele>
        <time>2022-06-06T11:34:51Z</time>
      </trkpt>
      <trkpt lat="39.80358291419837" lon="116.41108505816248">
        <ele>26.7</ele>
        <time>2022-06-06T11:34:52Z</time>
      </trkpt>
      <trkpt lat="39.803610613749036" lon="116.41108109063141">
        <ele>26.7</ele>
        <time>2022-06-06T11:34:53Z</time>
      </trkpt>
      <trkpt lat="39.803638327704846" lon="116.41107661361293">
        <ele>27.1</ele>
        <time>2022-06-06T11:34:54Z</time>
      </trkpt>
      <trkpt lat="39.80366604265551" lon="116.41107162258763">
        <ele>27.1</ele>
        <time>2022-06-06T11:34:55Z</time>
      </trkpt>
      <trkpt lat="39.80369344816324" lon="116.41106619913522">
        <ele>27.1</ele>
        <time>2022-06-06T11:34:56Z</time>
      </trkpt>
      <trkpt lat="39.80372089192785" lon="116.4110599420821">
        <ele>27.1</ele>
        <time>2022-06-06T11:34:57Z</time>
      </trkpt>
      <trkpt lat="39.80374792507229" lon="116.4110525640531">
        <ele>27.1</ele>
        <time>2022-06-06T11:34:58Z</time>
      </trkpt>
      <trkpt lat="39.803774889930985" lon="116.41104387084846">
        <ele>27</ele>
        <time>2022-06-06T11:34:59Z</time>
      </trkpt>
      <trkpt lat="39.80380119749115" lon="116.41103340779114">
        <ele>27.1</ele>
        <time>2022-06-06T11:35:00Z</time>
      </trkpt>
      <trkpt lat="39.80382702935464" lon="116.4110207083602">
        <ele>27.1</ele>
        <time>2022-06-06T11:35:01Z</time>
      </trkpt>
      <trkpt lat="39.803852325897836" lon="116.41100592986061">
        <ele>27.1</ele>
        <time>2022-06-06T11:35:02Z</time>
      </trkpt>
      <trkpt lat="39.803876904947785" lon="116.41098899985239">
        <ele>27.1</ele>
        <time>2022-06-06T11:35:03Z</time>
      </trkpt>
      <trkpt lat="39.803900707065985" lon="116.41097012907926">
        <ele>26.4</ele>
        <time>2022-06-06T11:35:04Z</time>
      </trkpt>
      <trkpt lat="39.8039234801383" lon="116.41094908752727">
        <ele>26.4</ele>
        <time>2022-06-06T11:35:05Z</time>
      </trkpt>
      <trkpt lat="39.8039450582972" lon="116.41092590961621">
        <ele>26.4</ele>
        <time>2022-06-06T11:35:06Z</time>
      </trkpt>
      <trkpt lat="39.803965237830994" lon="116.41090063052148">
        <ele>26.4</ele>
        <time>2022-06-06T11:35:07Z</time>
      </trkpt>
      <trkpt lat="39.80398376058877" lon="116.41087330469148">
        <ele>26.4</ele>
        <time>2022-06-06T11:35:08Z</time>
      </trkpt>
      <trkpt lat="39.8040006918204" lon="116.41084433057198">
        <ele>26.4</ele>
        <time>2022-06-06T11:35:09Z</time>
      </trkpt>
      <trkpt lat="39.80401601451083" lon="116.41081360639183">
        <ele>26.4</ele>
        <time>2022-06-06T11:35:10Z</time>
      </trkpt>
      <trkpt lat="39.80403018065273" lon="116.41078195780419">
        <ele>26.4</ele>
        <time>2022-06-06T11:35:11Z</time>
      </trkpt>
      <trkpt lat="39.80404320503586" lon="116.4107500750013">
        <ele>26.4</ele>
        <time>2022-06-06T11:35:12Z</time>
      </trkpt>
      <trkpt lat="39.804055347280546" lon="116.41071765854544">
        <ele>26.4</ele>
        <time>2022-06-06T11:35:13Z</time>
      </trkpt>
      <trkpt lat="39.804066610201644" lon="116.41068532829574">
        <ele>26.1</ele>
        <time>2022-06-06T11:35:14Z</time>
      </trkpt>
      <trkpt lat="39.80407756864273" lon="116.41065307863558">
        <ele>26.1</ele>
        <time>2022-06-06T11:35:15Z</time>
      </trkpt>
      <trkpt lat="39.804088514921254" lon="116.4106219846683">
        <ele>26.1</ele>
        <time>2022-06-06T11:35:16Z</time>
      </trkpt>
      <trkpt lat="39.80409989541437" lon="116.4105918646029">
        <ele>26.1</ele>
        <time>2022-06-06T11:35:17Z</time>
      </trkpt>
      <trkpt lat="39.8041124595088" lon="116.41056472746011">
        <ele>26.1</ele>
        <time>2022-06-06T11:35:18Z</time>
      </trkpt>
      <trkpt lat="39.804126107139886" lon="116.41054161165293">
        <ele>26.1</ele>
        <time>2022-06-06T11:35:19Z</time>
      </trkpt>
      <trkpt lat="39.80414119999473" lon="116.41052272112525">
        <ele>26.1</ele>
        <time>2022-06-06T11:35:20Z</time>
      </trkpt>
      <trkpt lat="39.8041573894548" lon="116.41050847355311">
        <ele>26.1</ele>
        <time>2022-06-06T11:35:21Z</time>
      </trkpt>
      <trkpt lat="39.80417445063181" lon="116.41049875148957">
        <ele>26.1</ele>
        <time>2022-06-06T11:35:22Z</time>
      </trkpt>
      <trkpt lat="39.80419251782424" lon="116.4104936792515">
        <ele>26.1</ele>
        <time>2022-06-06T11:35:23Z</time>
      </trkpt>
      <trkpt lat="39.80421132750265" lon="116.41049344628381">
        <ele>26.6</ele>
        <time>2022-06-06T11:35:24Z</time>
      </trkpt>
      <trkpt lat="39.80423092580246" lon="116.41049797283554">
        <ele>26.6</ele>
        <time>2022-06-06T11:35:25Z</time>
      </trkpt>
      <trkpt lat="39.804250843739645" lon="116.41050705265313">
        <ele>26.6</ele>
        <time>2022-06-06T11:35:26Z</time>
      </trkpt>
      <trkpt lat="39.80427077404558" lon="116.41051988954065">
        <ele>26.6</ele>
        <time>2022-06-06T11:35:27Z</time>
      </trkpt>
      <trkpt lat="39.80429076812503" lon="116.41053692868718">
        <ele>26.6</ele>
        <time>2022-06-06T11:35:28Z</time>
      </trkpt>
      <trkpt lat="39.80431025751335" lon="116.41055613154485">
        <ele>26.6</ele>
        <time>2022-06-06T11:35:29Z</time>
      </trkpt>
      <trkpt lat="39.80432953162198" lon="116.41057716971153">
        <ele>26.6</ele>
        <time>2022-06-06T11:35:30Z</time>
      </trkpt>
      <trkpt lat="39.80434826016688" lon="116.41059954961386">
        <ele>26.6</ele>
        <time>2022-06-06T11:35:31Z</time>
      </trkpt>
      <trkpt lat="39.804366771330926" lon="116.4106232662763">
        <ele>26.6</ele>
        <time>2022-06-06T11:35:32Z</time>
      </trkpt>
      <trkpt lat="39.80438518214792" lon="116.41064782672323">
        <ele>26.6</ele>
        <time>2022-06-06T11:35:33Z</time>
      </trkpt>
      <trkpt lat="39.8044035893365" lon="116.41067286035084">
        <ele>26.1</ele>
        <time>2022-06-06T11:35:34Z</time>
      </trkpt>
      <trkpt lat="39.804422021415824" lon="116.41069818752871">
        <ele>26.1</ele>
        <time>2022-06-06T11:35:35Z</time>
      </trkpt>
      <trkpt lat="39.80444039090545" lon="116.41072324372979">
        <ele>26.1</ele>
        <time>2022-06-06T11:35:36Z</time>
      </trkpt>
      <trkpt lat="39.80445899080578" lon="116.41074830005074">
        <ele>26.1</ele>
        <time>2022-06-06T11:35:37Z</time>
      </trkpt>
      <trkpt lat="39.80447772706879" lon="116.41077334434655">
        <ele>26.1</ele>
        <time>2022-06-06T11:35:38Z</time>
      </trkpt>
      <trkpt lat="39.804496576015396" lon="116.41079825957564">
        <ele>26.1</ele>
        <time>2022-06-06T11:35:39Z</time>
      </trkpt>
      <trkpt lat="39.804515509401725" lon="116.41082291645428">
        <ele>26.1</ele>
        <time>2022-06-06T11:35:40Z</time>
      </trkpt>
      <trkpt lat="39.8045346249406" lon="116.4108470286017">
        <ele>26.1</ele>
        <time>2022-06-06T11:35:41Z</time>
      </trkpt>
      <trkpt lat="39.80455392195902" lon="116.4108705209243">
        <ele>26.1</ele>
        <time>2022-06-06T11:35:42Z</time>
      </trkpt>
      <trkpt lat="39.804573149565094" lon="116.41089310009258">
        <ele>26.1</ele>
        <time>2022-06-06T11:35:43Z</time>
      </trkpt>
      <trkpt lat="39.8045924665554" lon="116.41091533809372">
        <ele>26</ele>
        <time>2022-06-06T11:35:44Z</time>
      </trkpt>
      <trkpt lat="39.80461146396102" lon="116.41093717172339">
        <ele>26</ele>
        <time>2022-06-06T11:35:45Z</time>
      </trkpt>
      <trkpt lat="39.80463039282932" lon="116.4109591357268">
        <ele>26</ele>
        <time>2022-06-06T11:35:46Z</time>
      </trkpt>
      <trkpt lat="39.80464908860284" lon="116.41098144893319">
        <ele>26</ele>
        <time>2022-06-06T11:35:47Z</time>
      </trkpt>
      <trkpt lat="39.80466750188957" lon="116.411004232593">
        <ele>26</ele>
        <time>2022-06-06T11:35:48Z</time>
      </trkpt>
      <trkpt lat="39.80468569814518" lon="116.41102744436057">
        <ele>26</ele>
        <time>2022-06-06T11:35:49Z</time>
      </trkpt>
      <trkpt lat="39.80470370342355" lon="116.41105117382753">
        <ele>26</ele>
        <time>2022-06-06T11:35:50Z</time>
      </trkpt>
      <trkpt lat="39.8047216336501" lon="116.41107541815077">
        <ele>26</ele>
        <time>2022-06-06T11:35:51Z</time>
      </trkpt>
      <trkpt lat="39.80473926341157" lon="116.41110000780091">
        <ele>26</ele>
        <time>2022-06-06T11:35:52Z</time>
      </trkpt>
      <trkpt lat="39.80475688770328" lon="116.41112535907595">
        <ele>26</ele>
        <time>2022-06-06T11:35:53Z</time>
      </trkpt>
      <trkpt lat="39.80477462413618" lon="116.41115138114591">
        <ele>25.5</ele>
        <time>2022-06-06T11:35:54Z</time>
      </trkpt>
      <trkpt lat="39.804792438098126" lon="116.4111774266546">
        <ele>25.5</ele>
        <time>2022-06-06T11:35:55Z</time>
      </trkpt>
      <trkpt lat="39.804810760193575" lon="116.4112034077175">
        <ele>25.5</ele>
        <time>2022-06-06T11:35:56Z</time>
      </trkpt>
      <trkpt lat="39.80482945607785" lon="116.41122847263365">
        <ele>25.5</ele>
        <time>2022-06-06T11:35:57Z</time>
      </trkpt>
      <trkpt lat="39.80484858206802" lon="116.41125236088388">
        <ele>25.5</ele>
        <time>2022-06-06T11:35:58Z</time>
      </trkpt>
      <trkpt lat="39.80486818006859" lon="116.41127489312142">
        <ele>26</ele>
        <time>2022-06-06T11:35:59Z</time>
      </trkpt>
      <trkpt lat="39.80488808214467" lon="116.41129637776449">
        <ele>25.5</ele>
        <time>2022-06-06T11:36:00Z</time>
      </trkpt>
      <trkpt lat="39.80490784692252" lon="116.4113167750031">
        <ele>25.5</ele>
        <time>2022-06-06T11:36:01Z</time>
      </trkpt>
      <trkpt lat="39.804927248962045" lon="116.4113364420383">
        <ele>25.5</ele>
        <time>2022-06-06T11:36:02Z</time>
      </trkpt>
      <trkpt lat="39.80494616481109" lon="116.4113554822139">
        <ele>25.5</ele>
        <time>2022-06-06T11:36:03Z</time>
      </trkpt>
      <trkpt lat="39.80496446047279" lon="116.41137401621344">
        <ele>25.8</ele>
        <time>2022-06-06T11:36:04Z</time>
      </trkpt>
      <trkpt lat="39.80498196732195" lon="116.41139213451329">
        <ele>25.8</ele>
        <time>2022-06-06T11:36:05Z</time>
      </trkpt>
      <trkpt lat="39.804998677921866" lon="116.411409924193">
        <ele>25.8</ele>
        <time>2022-06-06T11:36:06Z</time>
      </trkpt>
      <trkpt lat="39.805014688529475" lon="116.41142735069627">
        <ele>25.8</ele>
        <time>2022-06-06T11:36:07Z</time>
      </trkpt>
      <trkpt lat="39.805030143912646" lon="116.41144431978967">
        <ele>25.8</ele>
        <time>2022-06-06T11:36:08Z</time>
      </trkpt>
      <trkpt lat="39.80504479787876" lon="116.41146098039583">
        <ele>25.8</ele>
        <time>2022-06-06T11:36:09Z</time>
      </trkpt>
      <trkpt lat="39.80505877303079" lon="116.4114762365869">
        <ele>25.8</ele>
        <time>2022-06-06T11:36:10Z</time>
      </trkpt>
      <trkpt lat="39.80507234287964" lon="116.41148995305757">
        <ele>25.8</ele>
        <time>2022-06-06T11:36:11Z</time>
      </trkpt>
      <trkpt lat="39.80508576446771" lon="116.41150153769844">
        <ele>25.8</ele>
        <time>2022-06-06T11:36:12Z</time>
      </trkpt>
      <trkpt lat="39.805099677483575" lon="116.41151067391147">
        <ele>25.8</ele>
        <time>2022-06-06T11:36:13Z</time>
      </trkpt>
      <trkpt lat="39.80511420424992" lon="116.41151740018445">
        <ele>25.1</ele>
        <time>2022-06-06T11:36:14Z</time>
      </trkpt>
      <trkpt lat="39.80512936224415" lon="116.4115214246435">
        <ele>25.1</ele>
        <time>2022-06-06T11:36:15Z</time>
      </trkpt>
      <trkpt lat="39.80514567429735" lon="116.41152292605379">
        <ele>25.1</ele>
        <time>2022-06-06T11:36:16Z</time>
      </trkpt>
      <trkpt lat="39.805163357469844" lon="116.41152223305697">
        <ele>25.1</ele>
        <time>2022-06-06T11:36:17Z</time>
      </trkpt>
      <trkpt lat="39.80518193167373" lon="116.41151952537373">
        <ele>25.1</ele>
        <time>2022-06-06T11:36:18Z</time>
      </trkpt>
      <trkpt lat="39.80520122108049" lon="116.41151535534021">
        <ele>25.1</ele>
        <time>2022-06-06T11:36:19Z</time>
      </trkpt>
      <trkpt lat="39.80522180382485" lon="116.41150972218414">
        <ele>25.1</ele>
        <time>2022-06-06T11:36:20Z</time>
      </trkpt>
      <trkpt lat="39.80524324027852" lon="116.41150346585798">
        <ele>25.1</ele>
        <time>2022-06-06T11:36:21Z</time>
      </trkpt>
      <trkpt lat="39.805265392446344" lon="116.41149646088074">
        <ele>25.1</ele>
        <time>2022-06-06T11:36:22Z</time>
      </trkpt>
      <trkpt lat="39.805288481273024" lon="116.4114888881939">
        <ele>25.1</ele>
        <time>2022-06-06T11:36:23Z</time>
      </trkpt>
      <trkpt lat="39.805311974319295" lon="116.411480830958">
        <ele>25.7</ele>
        <time>2022-06-06T11:36:24Z</time>
      </trkpt>
      <trkpt lat="39.805335748351816" lon="116.41147219629316">
        <ele>25.7</ele>
        <time>2022-06-06T11:36:25Z</time>
      </trkpt>
      <trkpt lat="39.805359970608144" lon="116.4114627575539">
        <ele>25.7</ele>
        <time>2022-06-06T11:36:26Z</time>
      </trkpt>
      <trkpt lat="39.80538415158454" lon="116.41145242977142">
        <ele>25.7</ele>
        <time>2022-06-06T11:36:27Z</time>
      </trkpt>
      <trkpt lat="39.8054081750091" lon="116.41144095640189">
        <ele>25.7</ele>
        <time>2022-06-06T11:36:28Z</time>
      </trkpt>
      <trkpt lat="39.80543198225706" lon="116.41142846088144">
        <ele>25.7</ele>
        <time>2022-06-06T11:36:29Z</time>
      </trkpt>
      <trkpt lat="39.80545553755552" lon="116.41141502302162">
        <ele>25.7</ele>
        <time>2022-06-06T11:36:30Z</time>
      </trkpt>
      <trkpt lat="39.8054788094778" lon="116.41140059554725">
        <ele>25.7</ele>
        <time>2022-06-06T11:36:31Z</time>
      </trkpt>
      <trkpt lat="39.80550175569456" lon="116.41138543098249">
        <ele>25.7</ele>
        <time>2022-06-06T11:36:32Z</time>
      </trkpt>
      <trkpt lat="39.805524376347925" lon="116.4113696274632">
        <ele>25.7</ele>
        <time>2022-06-06T11:36:33Z</time>
      </trkpt>
      <trkpt lat="39.80554637679984" lon="116.4113534892639">
        <ele>25</ele>
        <time>2022-06-06T11:36:34Z</time>
      </trkpt>
      <trkpt lat="39.805567930690245" lon="116.41133712733591">
        <ele>25</ele>
        <time>2022-06-06T11:36:35Z</time>
      </trkpt>
      <trkpt lat="39.80558914273365" lon="116.41132071637064">
        <ele>25</ele>
        <time>2022-06-06T11:36:36Z</time>
      </trkpt>
      <trkpt lat="39.80560972128272" lon="116.4113044935018">
        <ele>25</ele>
        <time>2022-06-06T11:36:37Z</time>
      </trkpt>
      <trkpt lat="39.80563003126464" lon="116.4112882288186">
        <ele>25</ele>
        <time>2022-06-06T11:36:38Z</time>
      </trkpt>
      <trkpt lat="39.805649783403645" lon="116.41127209471155">
        <ele>25</ele>
        <time>2022-06-06T11:36:39Z</time>
      </trkpt>
      <trkpt lat="39.805669279613646" lon="116.411255679736">
        <ele>25</ele>
        <time>2022-06-06T11:36:40Z</time>
      </trkpt>
      <trkpt lat="39.80568842203643" lon="116.41123897008528">
        <ele>25</ele>
        <time>2022-06-06T11:36:41Z</time>
      </trkpt>
      <trkpt lat="39.8057068119201" lon="116.4112222142119">
        <ele>25</ele>
        <time>2022-06-06T11:36:42Z</time>
      </trkpt>
      <trkpt lat="39.80572471886721" lon="116.4112050457436">
        <ele>25</ele>
        <time>2022-06-06T11:36:43Z</time>
      </trkpt>
      <trkpt lat="39.80574208340599" lon="116.4111875531456">
        <ele>25.6</ele>
        <time>2022-06-06T11:36:44Z</time>
      </trkpt>
      <trkpt lat="39.80575888700983" lon="116.41116969410602">
        <ele>25.6</ele>
        <time>2022-06-06T11:36:45Z</time>
      </trkpt>
      <trkpt lat="39.80577526266856" lon="116.4111511047376">
        <ele>25.6</ele>
        <time>2022-06-06T11:36:46Z</time>
      </trkpt>
      <trkpt lat="39.80579117853455" lon="116.41113185315226">
        <ele>25.6</ele>
        <time>2022-06-06T11:36:47Z</time>
      </trkpt>
      <trkpt lat="39.805806765854314" lon="116.41111206275059">
        <ele>25.6</ele>
        <time>2022-06-06T11:36:48Z</time>
      </trkpt>
      <trkpt lat="39.805821929593655" lon="116.41109207412228">
        <ele>25.6</ele>
        <time>2022-06-06T11:36:49Z</time>
      </trkpt>
      <trkpt lat="39.80583699822705" lon="116.41107187652493">
        <ele>25.6</ele>
        <time>2022-06-06T11:36:50Z</time>
      </trkpt>
      <trkpt lat="39.80585188527818" lon="116.41105191562885">
        <ele>25.6</ele>
        <time>2022-06-06T11:36:51Z</time>
      </trkpt>
      <trkpt lat="39.80586682653203" lon="116.41103234358674">
        <ele>25.6</ele>
        <time>2022-06-06T11:36:52Z</time>
      </trkpt>
      <trkpt lat="39.80588232806722" lon="116.41101304681504">
        <ele>25.6</ele>
        <time>2022-06-06T11:36:53Z</time>
      </trkpt>
      <trkpt lat="39.80589816106239" lon="116.41099439499483">
        <ele>24.8</ele>
        <time>2022-06-06T11:36:54Z</time>
      </trkpt>
      <trkpt lat="39.80591471279511" lon="116.41097614260501">
        <ele>24.8</ele>
        <time>2022-06-06T11:36:55Z</time>
      </trkpt>
      <trkpt lat="39.80593195388463" lon="116.41095832772112">
        <ele>24.8</ele>
        <time>2022-06-06T11:36:56Z</time>
      </trkpt>
      <trkpt lat="39.80594967079641" lon="116.410941320929">
        <ele>24.8</ele>
        <time>2022-06-06T11:36:57Z</time>
      </trkpt>
      <trkpt lat="39.805968191050646" lon="116.41092479692416">
        <ele>24.8</ele>
        <time>2022-06-06T11:36:58Z</time>
      </trkpt>
      <trkpt lat="39.80598738768359" lon="116.41090874475236">
        <ele>25</ele>
        <time>2022-06-06T11:36:59Z</time>
      </trkpt>
      <trkpt lat="39.80600707238651" lon="116.41089315960265">
        <ele>24.8</ele>
        <time>2022-06-06T11:37:00Z</time>
      </trkpt>
      <trkpt lat="39.806027281455066" lon="116.41087791905116">
        <ele>24.8</ele>
        <time>2022-06-06T11:37:01Z</time>
      </trkpt>
      <trkpt lat="39.80604811905163" lon="116.41086273808689">
        <ele>24.8</ele>
        <time>2022-06-06T11:37:02Z</time>
      </trkpt>
      <trkpt lat="39.80606937243223" lon="116.41084751801662">
        <ele>24.8</ele>
        <time>2022-06-06T11:37:03Z</time>
      </trkpt>
      <trkpt lat="39.806090585435975" lon="116.41083237061468">
        <ele>25.5</ele>
        <time>2022-06-06T11:37:04Z</time>
      </trkpt>
      <trkpt lat="39.806112109167614" lon="116.41081705179609">
        <ele>25.5</ele>
        <time>2022-06-06T11:37:05Z</time>
      </trkpt>
      <trkpt lat="39.806133480965215" lon="116.41080155355041">
        <ele>25.5</ele>
        <time>2022-06-06T11:37:06Z</time>
      </trkpt>
      <trkpt lat="39.806154781692825" lon="116.41078579031083">
        <ele>25.5</ele>
        <time>2022-06-06T11:37:07Z</time>
      </trkpt>
      <trkpt lat="39.80617633439968" lon="116.41076948464882">
        <ele>25.5</ele>
        <time>2022-06-06T11:37:08Z</time>
      </trkpt>
      <trkpt lat="39.806197831378725" lon="116.41075291922793">
        <ele>25.5</ele>
        <time>2022-06-06T11:37:09Z</time>
      </trkpt>
      <trkpt lat="39.80621958547774" lon="116.41073582651579">
        <ele>25.5</ele>
        <time>2022-06-06T11:37:10Z</time>
      </trkpt>
      <trkpt lat="39.80624162520396" lon="116.41071839652017">
        <ele>25.5</ele>
        <time>2022-06-06T11:37:11Z</time>
      </trkpt>
      <trkpt lat="39.806263641982184" lon="116.41070103509058">
        <ele>25.5</ele>
        <time>2022-06-06T11:37:12Z</time>
      </trkpt>
      <trkpt lat="39.8062856920721" lon="116.41068388203632">
        <ele>25.5</ele>
        <time>2022-06-06T11:37:13Z</time>
      </trkpt>
      <trkpt lat="39.806307789044" lon="116.41066697826193">
        <ele>25.2</ele>
        <time>2022-06-06T11:37:14Z</time>
      </trkpt>
      <trkpt lat="39.806329968019256" lon="116.41065034810846">
        <ele>25.2</ele>
        <time>2022-06-06T11:37:15Z</time>
      </trkpt>
      <trkpt lat="39.80635235747008" lon="116.410634145008">
        <ele>25.2</ele>
        <time>2022-06-06T11:37:16Z</time>
      </trkpt>
      <trkpt lat="39.8063754197176" lon="116.4106183899867">
        <ele>25.2</ele>
        <time>2022-06-06T11:37:17Z</time>
      </trkpt>
      <trkpt lat="39.806399059709356" lon="116.41060317618228">
        <ele>25.2</ele>
        <time>2022-06-06T11:37:18Z</time>
      </trkpt>
      <trkpt lat="39.80642292563095" lon="116.410588734026">
        <ele>25.2</ele>
        <time>2022-06-06T11:37:19Z</time>
      </trkpt>
      <trkpt lat="39.806447290370315" lon="116.41057475964968">
        <ele>25.2</ele>
        <time>2022-06-06T11:37:20Z</time>
      </trkpt>
      <trkpt lat="39.80647163006543" lon="116.4105611679073">
        <ele>25.2</ele>
        <time>2022-06-06T11:37:21Z</time>
      </trkpt>
      <trkpt lat="39.806496099302436" lon="116.4105474400658">
        <ele>25.2</ele>
        <time>2022-06-06T11:37:22Z</time>
      </trkpt>
      <trkpt lat="39.80652060941253" lon="116.4105334477077">
        <ele>25.2</ele>
        <time>2022-06-06T11:37:23Z</time>
      </trkpt>
      <trkpt lat="39.80654479172501" lon="116.41051906596297">
        <ele>25.5</ele>
        <time>2022-06-06T11:37:24Z</time>
      </trkpt>
      <trkpt lat="39.806569019074516" lon="116.41050399459614">
        <ele>25.5</ele>
        <time>2022-06-06T11:37:25Z</time>
      </trkpt>
      <trkpt lat="39.80659327698891" lon="116.41048833957505">
        <ele>25.5</ele>
        <time>2022-06-06T11:37:26Z</time>
      </trkpt>
      <trkpt lat="39.806617192330826" lon="116.41047223467308">
        <ele>25.5</ele>
        <time>2022-06-06T11:37:27Z</time>
      </trkpt>
      <trkpt lat="39.80664078469672" lon="116.41045572043038">
        <ele>25.5</ele>
        <time>2022-06-06T11:37:28Z</time>
      </trkpt>
      <trkpt lat="39.80666410847965" lon="116.41043882006795">
        <ele>25.5</ele>
        <time>2022-06-06T11:37:29Z</time>
      </trkpt>
      <trkpt lat="39.80668749016069" lon="116.4104214003486">
        <ele>25.5</ele>
        <time>2022-06-06T11:37:30Z</time>
      </trkpt>
      <trkpt lat="39.806710640879245" lon="116.41040378843087">
        <ele>25.5</ele>
        <time>2022-06-06T11:37:31Z</time>
      </trkpt>
      <trkpt lat="39.80673406201711" lon="116.4103861151614">
        <ele>25.5</ele>
        <time>2022-06-06T11:37:32Z</time>
      </trkpt>
      <trkpt lat="39.80675749956371" lon="116.41036885729507">
        <ele>25.5</ele>
        <time>2022-06-06T11:37:33Z</time>
      </trkpt>
      <trkpt lat="39.80678102090445" lon="116.41035211351912">
        <ele>25.9</ele>
        <time>2022-06-06T11:37:34Z</time>
      </trkpt>
      <trkpt lat="39.80680503528766" lon="116.41033616039925">
        <ele>25.9</ele>
        <time>2022-06-06T11:37:35Z</time>
      </trkpt>
      <trkpt lat="39.80682919473075" lon="116.41032130958216">
        <ele>25.9</ele>
        <time>2022-06-06T11:37:36Z</time>
      </trkpt>
      <trkpt lat="39.806853519463246" lon="116.41030742464683">
        <ele>25.9</ele>
        <time>2022-06-06T11:37:37Z</time>
      </trkpt>
      <trkpt lat="39.80687830883221" lon="116.41029462292668">
        <ele>25.9</ele>
        <time>2022-06-06T11:37:38Z</time>
      </trkpt>
      <trkpt lat="39.80690320831835" lon="116.41028295601039">
        <ele>25.9</ele>
        <time>2022-06-06T11:37:39Z</time>
      </trkpt>
      <trkpt lat="39.80692854096635" lon="116.41027205277345">
        <ele>25.9</ele>
        <time>2022-06-06T11:37:40Z</time>
      </trkpt>
      <trkpt lat="39.806953877235344" lon="116.41026207822269">
        <ele>25.9</ele>
        <time>2022-06-06T11:37:41Z</time>
      </trkpt>
      <trkpt lat="39.80697931687269" lon="116.41025296290763">
        <ele>25.9</ele>
        <time>2022-06-06T11:37:42Z</time>
      </trkpt>
      <trkpt lat="39.8070050039281" lon="116.41024445048184">
        <ele>25.9</ele>
        <time>2022-06-06T11:37:43Z</time>
      </trkpt>
      <trkpt lat="39.80703102908415" lon="116.41023630717574">
        <ele>25.7</ele>
        <time>2022-06-06T11:37:44Z</time>
      </trkpt>
      <trkpt lat="39.80705747925492" lon="116.41022832442606">
        <ele>25.7</ele>
        <time>2022-06-06T11:37:45Z</time>
      </trkpt>
      <trkpt lat="39.80708440069155" lon="116.41022024612725">
        <ele>25.7</ele>
        <time>2022-06-06T11:37:46Z</time>
      </trkpt>
      <trkpt lat="39.807112095857015" lon="116.41021175126339">
        <ele>25.7</ele>
        <time>2022-06-06T11:37:47Z</time>
      </trkpt>
      <trkpt lat="39.807140405533104" lon="116.4102028075864">
        <ele>25.7</ele>
        <time>2022-06-06T11:37:48Z</time>
      </trkpt>
      <trkpt lat="39.807168856116945" lon="116.41019310810421">
        <ele>25.7</ele>
        <time>2022-06-06T11:37:49Z</time>
      </trkpt>
      <trkpt lat="39.80719772009809" lon="116.41018257753277">
        <ele>25.7</ele>
        <time>2022-06-06T11:37:50Z</time>
      </trkpt>
      <trkpt lat="39.80722654414832" lon="116.41017156412451">
        <ele>25.7</ele>
        <time>2022-06-06T11:37:51Z</time>
      </trkpt>
      <trkpt lat="39.80725530777673" lon="116.41016010745051">
        <ele>25.7</ele>
        <time>2022-06-06T11:37:52Z</time>
      </trkpt>
      <trkpt lat="39.80728414159981" lon="116.41014812705424">
        <ele>25.7</ele>
        <time>2022-06-06T11:37:53Z</time>
      </trkpt>
      <trkpt lat="39.807312513876816" lon="116.41013624195759">
        <ele>26.1</ele>
        <time>2022-06-06T11:37:54Z</time>
      </trkpt>
      <trkpt lat="39.80734063532313" lon="116.4101248200247">
        <ele>26.1</ele>
        <time>2022-06-06T11:37:55Z</time>
      </trkpt>
      <trkpt lat="39.80736823897719" lon="116.4101143420104">
        <ele>26.1</ele>
        <time>2022-06-06T11:37:56Z</time>
      </trkpt>
      <trkpt lat="39.807394709858" lon="116.41010554406432">
        <ele>26.1</ele>
        <time>2022-06-06T11:37:57Z</time>
      </trkpt>
      <trkpt lat="39.80741979409456" lon="116.41009930499634">
        <ele>26.1</ele>
        <time>2022-06-06T11:37:58Z</time>
      </trkpt>
      <trkpt lat="39.80744360670397" lon="116.41009552731815">
        <ele>25</ele>
        <time>2022-06-06T11:37:59Z</time>
      </trkpt>
      <trkpt lat="39.807465608653594" lon="116.41009488131827">
        <ele>26.1</ele>
        <time>2022-06-06T11:38:00Z</time>
      </trkpt>
      <trkpt lat="39.80748561294295" lon="116.41009782853764">
        <ele>26.1</ele>
        <time>2022-06-06T11:38:01Z</time>
      </trkpt>
      <trkpt lat="39.807503785034896" lon="116.41010402623905">
        <ele>26.1</ele>
        <time>2022-06-06T11:38:02Z</time>
      </trkpt>
      <trkpt lat="39.80752039627081" lon="116.41011363403199">
        <ele>26.1</ele>
        <time>2022-06-06T11:38:03Z</time>
      </trkpt>
      <trkpt lat="39.8075353579177" lon="116.41012632802949">
        <ele>25.3</ele>
        <time>2022-06-06T11:38:04Z</time>
      </trkpt>
      <trkpt lat="39.807548952683206" lon="116.41014196098583">
        <ele>25.3</ele>
        <time>2022-06-06T11:38:05Z</time>
      </trkpt>
      <trkpt lat="39.8075609178865" lon="116.4101599499142">
        <ele>25.3</ele>
        <time>2022-06-06T11:38:06Z</time>
      </trkpt>
      <trkpt lat="39.80757148254222" lon="116.41017964379611">
        <ele>25.3</ele>
        <time>2022-06-06T11:38:07Z</time>
      </trkpt>
      <trkpt lat="39.80758111753293" lon="116.4102006474846">
        <ele>25.3</ele>
        <time>2022-06-06T11:38:08Z</time>
      </trkpt>
      <trkpt lat="39.807589837352396" lon="116.41022215725236">
        <ele>25.3</ele>
        <time>2022-06-06T11:38:09Z</time>
      </trkpt>
      <trkpt lat="39.80759775255814" lon="116.4102441864441">
        <ele>25.3</ele>
        <time>2022-06-06T11:38:10Z</time>
      </trkpt>
      <trkpt lat="39.80760578073588" lon="116.41026639513562">
        <ele>25.3</ele>
        <time>2022-06-06T11:38:11Z</time>
      </trkpt>
      <trkpt lat="39.80761394919904" lon="116.41028826351624">
        <ele>25.3</ele>
        <time>2022-06-06T11:38:12Z</time>
      </trkpt>
      <trkpt lat="39.80762251480746" lon="116.41031020875486">
        <ele>25.3</ele>
        <time>2022-06-06T11:38:13Z</time>
      </trkpt>
      <trkpt lat="39.80763024834169" lon="116.41033207503096">
        <ele>25.9</ele>
        <time>2022-06-06T11:38:14Z</time>
      </trkpt>
      <trkpt lat="39.807637051381555" lon="116.41035390603649">
        <ele>25.9</ele>
        <time>2022-06-06T11:38:15Z</time>
      </trkpt>
      <trkpt lat="39.80764262965212" lon="116.41037573580516">
        <ele>25.9</ele>
        <time>2022-06-06T11:38:16Z</time>
      </trkpt>
      <trkpt lat="39.80764712298696" lon="116.41039765244936">
        <ele>25.9</ele>
        <time>2022-06-06T11:38:17Z</time>
      </trkpt>
      <trkpt lat="39.80765067019623" lon="116.41041922502453">
        <ele>25.9</ele>
        <time>2022-06-06T11:38:18Z</time>
      </trkpt>
      <trkpt lat="39.807654220150965" lon="116.41044014283212">
        <ele>25.9</ele>
        <time>2022-06-06T11:38:19Z</time>
      </trkpt>
      <trkpt lat="39.807658262657554" lon="116.41046074014693">
        <ele>25.9</ele>
        <time>2022-06-06T11:38:20Z</time>
      </trkpt>
      <trkpt lat="39.80766295753321" lon="116.41048097257816">
        <ele>25.9</ele>
        <time>2022-06-06T11:38:21Z</time>
      </trkpt>
      <trkpt lat="39.80766826991529" lon="116.41050044004176">
        <ele>25.9</ele>
        <time>2022-06-06T11:38:22Z</time>
      </trkpt>
      <trkpt lat="39.807674647372416" lon="116.41051945908238">
        <ele>25.9</ele>
        <time>2022-06-06T11:38:23Z</time>
      </trkpt>
      <trkpt lat="39.807681910446064" lon="116.41053780766279">
        <ele>25.7</ele>
        <time>2022-06-06T11:38:24Z</time>
      </trkpt>
      <trkpt lat="39.80769116879009" lon="116.41055563401179">
        <ele>25.7</ele>
        <time>2022-06-06T11:38:25Z</time>
      </trkpt>
      <trkpt lat="39.807702584777886" lon="116.41057378164078">
        <ele>25.7</ele>
        <time>2022-06-06T11:38:26Z</time>
      </trkpt>
      <trkpt lat="39.80771616264061" lon="116.41059224688452">
        <ele>25.7</ele>
        <time>2022-06-06T11:38:27Z</time>
      </trkpt>
      <trkpt lat="39.807731920801025" lon="116.41061157196698">
        <ele>25.7</ele>
        <time>2022-06-06T11:38:28Z</time>
      </trkpt>
      <trkpt lat="39.80774949480871" lon="116.41063239064377">
        <ele>25.7</ele>
        <time>2022-06-06T11:38:29Z</time>
      </trkpt>
      <trkpt lat="39.807767647552495" lon="116.41065466280291">
        <ele>25.7</ele>
        <time>2022-06-06T11:38:30Z</time>
      </trkpt>
      <trkpt lat="39.80778614404601" lon="116.41067830767156">
        <ele>25.7</ele>
        <time>2022-06-06T11:38:31Z</time>
      </trkpt>
      <trkpt lat="39.807804987954654" lon="116.41070290017593">
        <ele>25.7</ele>
        <time>2022-06-06T11:38:32Z</time>
      </trkpt>
      <trkpt lat="39.807823892517696" lon="116.41072838320501">
        <ele>25.7</ele>
        <time>2022-06-06T11:38:33Z</time>
      </trkpt>
      <trkpt lat="39.80784235516161" lon="116.41075447492517">
        <ele>24.9</ele>
        <time>2022-06-06T11:38:34Z</time>
      </trkpt>
      <trkpt lat="39.80786052323727" lon="116.41078140901182">
        <ele>24.9</ele>
        <time>2022-06-06T11:38:35Z</time>
      </trkpt>
      <trkpt lat="39.80787825888194" lon="116.41080898576764">
        <ele>24.9</ele>
        <time>2022-06-06T11:38:36Z</time>
      </trkpt>
      <trkpt lat="39.807895284081205" lon="116.41083673791972">
        <ele>24.9</ele>
        <time>2022-06-06T11:38:37Z</time>
      </trkpt>
      <trkpt lat="39.80791194314826" lon="116.41086485100851">
        <ele>24.9</ele>
        <time>2022-06-06T11:38:38Z</time>
      </trkpt>
      <trkpt lat="39.80792798204785" lon="116.41089290290428">
        <ele>24.9</ele>
        <time>2022-06-06T11:38:39Z</time>
      </trkpt>
      <trkpt lat="39.8079438046134" lon="116.41092117708135">
        <ele>24.9</ele>
        <time>2022-06-06T11:38:40Z</time>
      </trkpt>
      <trkpt lat="39.8079594405365" lon="116.41094969210117">
        <ele>24.9</ele>
        <time>2022-06-06T11:38:41Z</time>
      </trkpt>
      <trkpt lat="39.807974674337174" lon="116.41097820098538">
        <ele>24.9</ele>
        <time>2022-06-06T11:38:42Z</time>
      </trkpt>
      <trkpt lat="39.807989671955546" lon="116.41100741601244">
        <ele>24.9</ele>
        <time>2022-06-06T11:38:43Z</time>
      </trkpt>
      <trkpt lat="39.80800483838691" lon="116.4110370325972">
        <ele>24.4</ele>
        <time>2022-06-06T11:38:44Z</time>
      </trkpt>
      <trkpt lat="39.80802031968754" lon="116.41106690264736">
        <ele>24.4</ele>
        <time>2022-06-06T11:38:45Z</time>
      </trkpt>
      <trkpt lat="39.808036288532236" lon="116.4110967695739">
        <ele>24.4</ele>
        <time>2022-06-06T11:38:46Z</time>
      </trkpt>
      <trkpt lat="39.808052874341" lon="116.41112640643651">
        <ele>24.4</ele>
        <time>2022-06-06T11:38:47Z</time>
      </trkpt>
      <trkpt lat="39.80806998805162" lon="116.41115577475007">
        <ele>24.4</ele>
        <time>2022-06-06T11:38:48Z</time>
      </trkpt>
      <trkpt lat="39.80808713887054" lon="116.4111846494047">
        <ele>24.4</ele>
        <time>2022-06-06T11:38:49Z</time>
      </trkpt>
      <trkpt lat="39.808104442824" lon="116.41121340899244">
        <ele>24.4</ele>
        <time>2022-06-06T11:38:50Z</time>
      </trkpt>
      <trkpt lat="39.808121561559965" lon="116.41124162660662">
        <ele>24.4</ele>
        <time>2022-06-06T11:38:51Z</time>
      </trkpt>
      <trkpt lat="39.80813849899768" lon="116.41126928338163">
        <ele>24.4</ele>
        <time>2022-06-06T11:38:52Z</time>
      </trkpt>
      <trkpt lat="39.80815538844157" lon="116.41129675435153">
        <ele>24.4</ele>
        <time>2022-06-06T11:38:53Z</time>
      </trkpt>
      <trkpt lat="39.80817217840332" lon="116.41132352176183">
        <ele>24.8</ele>
        <time>2022-06-06T11:38:54Z</time>
      </trkpt>
      <trkpt lat="39.80818886793925" lon="116.41135018675763">
        <ele>24.8</ele>
        <time>2022-06-06T11:38:55Z</time>
      </trkpt>
      <trkpt lat="39.80820528643625" lon="116.41137688176133">
        <ele>24.8</ele>
        <time>2022-06-06T11:38:56Z</time>
      </trkpt>
      <trkpt lat="39.8082209552541" lon="116.41140360964093">
        <ele>24.8</ele>
        <time>2022-06-06T11:38:57Z</time>
      </trkpt>
      <trkpt lat="39.80823590649452" lon="116.41143093565611">
        <ele>24.8</ele>
        <time>2022-06-06T11:38:58Z</time>
      </trkpt>
      <trkpt lat="39.80825027006768" lon="116.41145862310009">
        <ele>26</ele>
        <time>2022-06-06T11:38:59Z</time>
      </trkpt>
      <trkpt lat="39.8082643163157" lon="116.41148637272164">
        <ele>24.8</ele>
        <time>2022-06-06T11:39:00Z</time>
      </trkpt>
      <trkpt lat="39.80827824853707" lon="116.41151400807601">
        <ele>24.8</ele>
        <time>2022-06-06T11:39:01Z</time>
      </trkpt>
      <trkpt lat="39.80829233151355" lon="116.41154140489319">
        <ele>24.8</ele>
        <time>2022-06-06T11:39:02Z</time>
      </trkpt>
      <trkpt lat="39.80830682116214" lon="116.41156887711857">
        <ele>24.8</ele>
        <time>2022-06-06T11:39:03Z</time>
      </trkpt>
      <trkpt lat="39.808321529731984" lon="116.4115960318673">
        <ele>24.1</ele>
        <time>2022-06-06T11:39:04Z</time>
      </trkpt>
      <trkpt lat="39.80833611629587" lon="116.41162320364339">
        <ele>24.1</ele>
        <time>2022-06-06T11:39:05Z</time>
      </trkpt>
      <trkpt lat="39.80835044984547" lon="116.41165054633714">
        <ele>24.1</ele>
        <time>2022-06-06T11:39:06Z</time>
      </trkpt>
      <trkpt lat="39.80836445600884" lon="116.411678166281">
        <ele>24.1</ele>
        <time>2022-06-06T11:39:07Z</time>
      </trkpt>
      <trkpt lat="39.80837815839607" lon="116.41170657903649">
        <ele>24.1</ele>
        <time>2022-06-06T11:39:08Z</time>
      </trkpt>
      <trkpt lat="39.80839160971125" lon="116.41173522990961">
        <ele>24.1</ele>
        <time>2022-06-06T11:39:09Z</time>
      </trkpt>
      <trkpt lat="39.80840495474625" lon="116.41176416677166">
        <ele>24.1</ele>
        <time>2022-06-06T11:39:10Z</time>
      </trkpt>
      <trkpt lat="39.80841836084605" lon="116.4117937908347">
        <ele>24.1</ele>
        <time>2022-06-06T11:39:11Z</time>
      </trkpt>
      <trkpt lat="39.80843178126429" lon="116.41182368448827">
        <ele>24.1</ele>
        <time>2022-06-06T11:39:12Z</time>
      </trkpt>
      <trkpt lat="39.80844536204603" lon="116.41185369164656">
        <ele>24.1</ele>
        <time>2022-06-06T11:39:13Z</time>
      </trkpt>
      <trkpt lat="39.80845909819344" lon="116.41188378546248">
        <ele>24.8</ele>
        <time>2022-06-06T11:39:14Z</time>
      </trkpt>
      <trkpt lat="39.80847293659032" lon="116.41191384610337">
        <ele>24.8</ele>
        <time>2022-06-06T11:39:15Z</time>
      </trkpt>
      <trkpt lat="39.80848695205905" lon="116.41194377156329">
        <ele>24.8</ele>
        <time>2022-06-06T11:39:16Z</time>
      </trkpt>
      <trkpt lat="39.808501188945876" lon="116.41197345948302">
        <ele>24.8</ele>
        <time>2022-06-06T11:39:17Z</time>
      </trkpt>
      <trkpt lat="39.80851572977709" lon="116.41200278868438">
        <ele>24.8</ele>
        <time>2022-06-06T11:39:18Z</time>
      </trkpt>
      <trkpt lat="39.80853083415389" lon="116.41203149573266">
        <ele>24.8</ele>
        <time>2022-06-06T11:39:19Z</time>
      </trkpt>
      <trkpt lat="39.80854640494076" lon="116.41205960839385">
        <ele>24.8</ele>
        <time>2022-06-06T11:39:20Z</time>
      </trkpt>
      <trkpt lat="39.80856254718885" lon="116.41208745629328">
        <ele>24.8</ele>
        <time>2022-06-06T11:39:21Z</time>
      </trkpt>
      <trkpt lat="39.808579067816325" lon="116.41211458683006">
        <ele>24.8</ele>
        <time>2022-06-06T11:39:22Z</time>
      </trkpt>
      <trkpt lat="39.808595815797986" lon="116.41214108418055">
        <ele>24.8</ele>
        <time>2022-06-06T11:39:23Z</time>
      </trkpt>
      <trkpt lat="39.80861274398136" lon="116.41216759136182">
        <ele>24.3</ele>
        <time>2022-06-06T11:39:24Z</time>
      </trkpt>
      <trkpt lat="39.80862962575003" lon="116.41219376654448">
        <ele>24.3</ele>
        <time>2022-06-06T11:39:25Z</time>
      </trkpt>
      <trkpt lat="39.808646610129514" lon="116.41221959038833">
        <ele>24.3</ele>
        <time>2022-06-06T11:39:26Z</time>
      </trkpt>
      <trkpt lat="39.80866383482848" lon="116.41224551536">
        <ele>24.3</ele>
        <time>2022-06-06T11:39:27Z</time>
      </trkpt>
      <trkpt lat="39.80868102952375" lon="116.41227129099387">
        <ele>24.3</ele>
        <time>2022-06-06T11:39:28Z</time>
      </trkpt>
      <trkpt lat="39.808698494060174" lon="116.41229736637217">
        <ele>24.3</ele>
        <time>2022-06-06T11:39:29Z</time>
      </trkpt>
      <trkpt lat="39.80871590747326" lon="116.4123237717212">
        <ele>24.3</ele>
        <time>2022-06-06T11:39:30Z</time>
      </trkpt>
      <trkpt lat="39.8087330872243" lon="116.41235087366475">
        <ele>24.3</ele>
        <time>2022-06-06T11:39:31Z</time>
      </trkpt>
      <trkpt lat="39.808749514201" lon="116.41237903602473">
        <ele>24.3</ele>
        <time>2022-06-06T11:39:32Z</time>
      </trkpt>
      <trkpt lat="39.80876458102181" lon="116.41240830077152">
        <ele>24.3</ele>
        <time>2022-06-06T11:39:33Z</time>
      </trkpt>
      <trkpt lat="39.808776787409386" lon="116.41243829742827">
        <ele>24.7</ele>
        <time>2022-06-06T11:39:34Z</time>
      </trkpt>
      <trkpt lat="39.80878555686691" lon="116.41246804893939">
        <ele>24.7</ele>
        <time>2022-06-06T11:39:35Z</time>
      </trkpt>
      <trkpt lat="39.808790527705774" lon="116.41249732526094">
        <ele>24.7</ele>
        <time>2022-06-06T11:39:36Z</time>
      </trkpt>
      <trkpt lat="39.808791750094024" lon="116.4125260233844">
        <ele>24.7</ele>
        <time>2022-06-06T11:39:37Z</time>
      </trkpt>
      <trkpt lat="39.80878921484537" lon="116.41255377025254">
        <ele>24.7</ele>
        <time>2022-06-06T11:39:38Z</time>
      </trkpt>
      <trkpt lat="39.808782931636486" lon="116.41258093582958">
        <ele>24.7</ele>
        <time>2022-06-06T11:39:39Z</time>
      </trkpt>
      <trkpt lat="39.80877292772648" lon="116.41260727739076">
        <ele>24.7</ele>
        <time>2022-06-06T11:39:40Z</time>
      </trkpt>
      <trkpt lat="39.8087596049192" lon="116.41263258999986">
        <ele>24.7</ele>
        <time>2022-06-06T11:39:41Z</time>
      </trkpt>
      <trkpt lat="39.808743210502115" lon="116.41265694507824">
        <ele>24.7</ele>
        <time>2022-06-06T11:39:42Z</time>
      </trkpt>
      <trkpt lat="39.80872430745432" lon="116.41267964034667">
        <ele>24.7</ele>
        <time>2022-06-06T11:39:43Z</time>
      </trkpt>
      <trkpt lat="39.808703429997365" lon="116.4127008956835">
        <ele>24</ele>
        <time>2022-06-06T11:39:44Z</time>
      </trkpt>
      <trkpt lat="39.80868228242349" lon="116.41272093800636">
        <ele>24</ele>
        <time>2022-06-06T11:39:45Z</time>
      </trkpt>
      <trkpt lat="39.808661387154906" lon="116.41274032706326">
        <ele>24</ele>
        <time>2022-06-06T11:39:46Z</time>
      </trkpt>
      <trkpt lat="39.808641025839265" lon="116.41275960720824">
        <ele>24</ele>
        <time>2022-06-06T11:39:47Z</time>
      </trkpt>
      <trkpt lat="39.8086213451538" lon="116.41277908659887">
        <ele>24</ele>
        <time>2022-06-06T11:39:48Z</time>
      </trkpt>
      <trkpt lat="39.80860219562868" lon="116.4127991282782">
        <ele>24</ele>
        <time>2022-06-06T11:39:49Z</time>
      </trkpt>
      <trkpt lat="39.808584031576345" lon="116.41281948781433">
        <ele>24</ele>
        <time>2022-06-06T11:39:50Z</time>
      </trkpt>
      <trkpt lat="39.808566943281065" lon="116.41284064121554">
        <ele>24</ele>
        <time>2022-06-06T11:39:51Z</time>
      </trkpt>
      <trkpt lat="39.80855139617477" lon="116.41286256603112">
        <ele>24</ele>
        <time>2022-06-06T11:39:52Z</time>
      </trkpt>
      <trkpt lat="39.80853793975407" lon="116.41288478017223">
        <ele>24</ele>
        <time>2022-06-06T11:39:53Z</time>
      </trkpt>
      <trkpt lat="39.80852673887974" lon="116.4129071952412">
        <ele>24</ele>
        <time>2022-06-06T11:39:54Z</time>
      </trkpt>
      <trkpt lat="39.80851826059625" lon="116.41292995105454">
        <ele>24</ele>
        <time>2022-06-06T11:39:55Z</time>
      </trkpt>
      <trkpt lat="39.808512440000584" lon="116.41295308850961">
        <ele>24</ele>
        <time>2022-06-06T11:39:56Z</time>
      </trkpt>
      <trkpt lat="39.80850933729166" lon="116.41297693420867">
        <ele>24</ele>
        <time>2022-06-06T11:39:57Z</time>
      </trkpt>
      <trkpt lat="39.80850902319822" lon="116.41300110819019">
        <ele>24</ele>
        <time>2022-06-06T11:39:58Z</time>
      </trkpt>
      <trkpt lat="39.808511261998376" lon="116.41302549426167">
        <ele>24</ele>
        <time>2022-06-06T11:39:59Z</time>
      </trkpt>
      <trkpt lat="39.808516270184136" lon="116.41304992816295">
        <ele>24</ele>
        <time>2022-06-06T11:40:00Z</time>
      </trkpt>
      <trkpt lat="39.808523600910796" lon="116.4130741803334">
        <ele>24</ele>
        <time>2022-06-06T11:40:01Z</time>
      </trkpt>
      <trkpt lat="39.8085327913404" lon="116.41309761228288">
        <ele>24</ele>
        <time>2022-06-06T11:40:02Z</time>
      </trkpt>
      <trkpt lat="39.80854313530028" lon="116.41312008015755">
        <ele>24</ele>
        <time>2022-06-06T11:40:03Z</time>
      </trkpt>
      <trkpt lat="39.808554089051555" lon="116.41314170334569">
        <ele>24</ele>
        <time>2022-06-06T11:40:04Z</time>
      </trkpt>
      <trkpt lat="39.808565493523226" lon="116.41316298606178">
        <ele>24</ele>
        <time>2022-06-06T11:40:05Z</time>
      </trkpt>
      <trkpt lat="39.80857701103516" lon="116.41318358411782">
        <ele>24</ele>
        <time>2022-06-06T11:40:06Z</time>
      </trkpt>
      <trkpt lat="39.80858860073669" lon="116.41320367469697">
        <ele>24</ele>
        <time>2022-06-06T11:40:07Z</time>
      </trkpt>
      <trkpt lat="39.80860034822759" lon="116.41322339136163">
        <ele>24</ele>
        <time>2022-06-06T11:40:08Z</time>
      </trkpt>
      <trkpt lat="39.8086123021379" lon="116.41324297117005">
        <ele>24</ele>
        <time>2022-06-06T11:40:09Z</time>
      </trkpt>
      <trkpt lat="39.808624604948825" lon="116.41326295935474">
        <ele>24</ele>
        <time>2022-06-06T11:40:10Z</time>
      </trkpt>
      <trkpt lat="39.80863697079646" lon="116.41328317953453">
        <ele>24</ele>
        <time>2022-06-06T11:40:11Z</time>
      </trkpt>
      <trkpt lat="39.80864939738816" lon="116.41330375951085">
        <ele>24</ele>
        <time>2022-06-06T11:40:12Z</time>
      </trkpt>
      <trkpt lat="39.80866201910925" lon="116.41332520269931">
        <ele>24</ele>
        <time>2022-06-06T11:40:13Z</time>
      </trkpt>
      <trkpt lat="39.80867479583117" lon="116.413347449961">
        <ele>24</ele>
        <time>2022-06-06T11:40:14Z</time>
      </trkpt>
      <trkpt lat="39.808687659652364" lon="116.41337039444998">
        <ele>24</ele>
        <time>2022-06-06T11:40:15Z</time>
      </trkpt>
      <trkpt lat="39.80870061502007" lon="116.41339385762339">
        <ele>24</ele>
        <time>2022-06-06T11:40:16Z</time>
      </trkpt>
      <trkpt lat="39.808713747751575" lon="116.41341805678952">
        <ele>24</ele>
        <time>2022-06-06T11:40:17Z</time>
      </trkpt>
      <trkpt lat="39.808726997810105" lon="116.41344268630975">
        <ele>24</ele>
        <time>2022-06-06T11:40:18Z</time>
      </trkpt>
      <trkpt lat="39.80873993644185" lon="116.41346734460146">
        <ele>24</ele>
        <time>2022-06-06T11:40:19Z</time>
      </trkpt>
      <trkpt lat="39.80875279215389" lon="116.41349221550283">
        <ele>24</ele>
        <time>2022-06-06T11:40:20Z</time>
      </trkpt>
      <trkpt lat="39.808765270021304" lon="116.41351686876314">
        <ele>24</ele>
        <time>2022-06-06T11:40:21Z</time>
      </trkpt>
      <trkpt lat="39.80877739092794" lon="116.41354126552558">
        <ele>24</ele>
        <time>2022-06-06T11:40:22Z</time>
      </trkpt>
      <trkpt lat="39.80878940112686" lon="116.41356574330305">
        <ele>24</ele>
        <time>2022-06-06T11:40:23Z</time>
      </trkpt>
      <trkpt lat="39.808801125881125" lon="116.4135898478663">
        <ele>24</ele>
        <time>2022-06-06T11:40:24Z</time>
      </trkpt>
      <trkpt lat="39.80881265289366" lon="116.41361404698478">
        <ele>24</ele>
        <time>2022-06-06T11:40:25Z</time>
      </trkpt>
      <trkpt lat="39.80882401573241" lon="116.41363834701392">
        <ele>24</ele>
        <time>2022-06-06T11:40:26Z</time>
      </trkpt>
      <trkpt lat="39.808835026681315" lon="116.41366251122292">
        <ele>24</ele>
        <time>2022-06-06T11:40:27Z</time>
      </trkpt>
      <trkpt lat="39.8088457443581" lon="116.41368674235618">
        <ele>24</ele>
        <time>2022-06-06T11:40:28Z</time>
      </trkpt>
      <trkpt lat="39.80885615500784" lon="116.41371121810411">
        <ele>24</ele>
        <time>2022-06-06T11:40:29Z</time>
      </trkpt>
      <trkpt lat="39.808866383069685" lon="116.41373593499651">
        <ele>24</ele>
        <time>2022-06-06T11:40:30Z</time>
      </trkpt>
      <trkpt lat="39.80887635774997" lon="116.4137609774184">
        <ele>24</ele>
        <time>2022-06-06T11:40:31Z</time>
      </trkpt>
      <trkpt lat="39.808886144079935" lon="116.41378634039867">
        <ele>24</ele>
        <time>2022-06-06T11:40:32Z</time>
      </trkpt>
      <trkpt lat="39.80889591514959" lon="116.41381240228351">
        <ele>24</ele>
        <time>2022-06-06T11:40:33Z</time>
      </trkpt>
      <trkpt lat="39.808905489250634" lon="116.41383871266949">
        <ele>24</ele>
        <time>2022-06-06T11:40:34Z</time>
      </trkpt>
      <trkpt lat="39.808915062295306" lon="116.41386522404834">
        <ele>24.1</ele>
        <time>2022-06-06T11:40:35Z</time>
      </trkpt>
      <trkpt lat="39.808924793426634" lon="116.41389192778634">
        <ele>24.1</ele>
        <time>2022-06-06T11:40:36Z</time>
      </trkpt>
      <trkpt lat="39.80893474118329" lon="116.41391873190878">
        <ele>24.1</ele>
        <time>2022-06-06T11:40:37Z</time>
      </trkpt>
      <trkpt lat="39.80894503713505" lon="116.41394589888793">
        <ele>24.1</ele>
        <time>2022-06-06T11:40:38Z</time>
      </trkpt>
      <trkpt lat="39.808955446192115" lon="116.41397292026005">
        <ele>24.1</ele>
        <time>2022-06-06T11:40:39Z</time>
      </trkpt>
      <trkpt lat="39.808965880544825" lon="116.41399983604173">
        <ele>24.1</ele>
        <time>2022-06-06T11:40:40Z</time>
      </trkpt>
      <trkpt lat="39.808976482430836" lon="116.41402698590987">
        <ele>24.1</ele>
        <time>2022-06-06T11:40:41Z</time>
      </trkpt>
      <trkpt lat="39.80898698471811" lon="116.41405389787148">
        <ele>24.1</ele>
        <time>2022-06-06T11:40:42Z</time>
      </trkpt>
      <trkpt lat="39.80899745496743" lon="116.41408049407823">
        <ele>24.1</ele>
        <time>2022-06-06T11:40:43Z</time>
      </trkpt>
      <trkpt lat="39.809007923569204" lon="116.41410673167951">
        <ele>24.1</ele>
        <time>2022-06-06T11:40:44Z</time>
      </trkpt>
      <trkpt lat="39.809018371233776" lon="116.41413258906681">
        <ele>24.2</ele>
        <time>2022-06-06T11:40:45Z</time>
      </trkpt>
      <trkpt lat="39.80902875523745" lon="116.41415806984548">
        <ele>24.2</ele>
        <time>2022-06-06T11:40:46Z</time>
      </trkpt>
      <trkpt lat="39.80903899558062" lon="116.41418320460484">
        <ele>24.2</ele>
        <time>2022-06-06T11:40:47Z</time>
      </trkpt>
      <trkpt lat="39.809049033134194" lon="116.41420809336734">
        <ele>24.2</ele>
        <time>2022-06-06T11:40:48Z</time>
      </trkpt>
      <trkpt lat="39.80905881886957" lon="116.41423282539861">
        <ele>24.2</ele>
        <time>2022-06-06T11:40:49Z</time>
      </trkpt>
      <trkpt lat="39.809068455377925" lon="116.41425741468578">
        <ele>24.2</ele>
        <time>2022-06-06T11:40:50Z</time>
      </trkpt>
      <trkpt lat="39.8090779672883" lon="116.41428189881454">
        <ele>24.2</ele>
        <time>2022-06-06T11:40:51Z</time>
      </trkpt>
      <trkpt lat="39.80908725491883" lon="116.41430635312213">
        <ele>24.2</ele>
        <time>2022-06-06T11:40:52Z</time>
      </trkpt>
      <trkpt lat="39.8090963156904" lon="116.41433085244716">
        <ele>24.2</ele>
        <time>2022-06-06T11:40:53Z</time>
      </trkpt>
      <trkpt lat="39.80910510209891" lon="116.4143554604078">
        <ele>24.2</ele>
        <time>2022-06-06T11:40:54Z</time>
      </trkpt>
      <trkpt lat="39.80911340179849" lon="116.41438028233765">
        <ele>24</ele>
        <time>2022-06-06T11:40:55Z</time>
      </trkpt>
      <trkpt lat="39.80912117652408" lon="116.41440535242525">
        <ele>24</ele>
        <time>2022-06-06T11:40:56Z</time>
      </trkpt>
      <trkpt lat="39.809128507092574" lon="116.41443109732229">
        <ele>24</ele>
        <time>2022-06-06T11:40:57Z</time>
      </trkpt>
      <trkpt lat="39.809135277097916" lon="116.41445704445626">
        <ele>24</ele>
        <time>2022-06-06T11:40:58Z</time>
      </trkpt>
      <trkpt lat="39.809141553604576" lon="116.41448324051076">
        <ele>24</ele>
        <time>2022-06-06T11:40:59Z</time>
      </trkpt>
      <trkpt lat="39.809147240812045" lon="116.41450981642302">
        <ele>24.2</ele>
        <time>2022-06-06T11:41:00Z</time>
      </trkpt>
      <trkpt lat="39.80915233355039" lon="116.41453684263813">
        <ele>24.2</ele>
        <time>2022-06-06T11:41:01Z</time>
      </trkpt>
      <trkpt lat="39.80915693955849" lon="116.41456429214838">
        <ele>24.2</ele>
        <time>2022-06-06T11:41:02Z</time>
      </trkpt>
      <trkpt lat="39.80916110445858" lon="116.41459217379185">
        <ele>24.2</ele>
        <time>2022-06-06T11:41:03Z</time>
      </trkpt>
      <trkpt lat="39.80916498227409" lon="116.41462042875652">
        <ele>24.2</ele>
        <time>2022-06-06T11:41:04Z</time>
      </trkpt>
      <trkpt lat="39.80916883602861" lon="116.41464935857634">
        <ele>24.5</ele>
        <time>2022-06-06T11:41:05Z</time>
      </trkpt>
      <trkpt lat="39.80917281348313" lon="116.41467837142804">
        <ele>24.5</ele>
        <time>2022-06-06T11:41:06Z</time>
      </trkpt>
      <trkpt lat="39.80917700406548" lon="116.4147074591401">
        <ele>24.5</ele>
        <time>2022-06-06T11:41:07Z</time>
      </trkpt>
      <trkpt lat="39.80918148701858" lon="116.41473658138688">
        <ele>24.5</ele>
        <time>2022-06-06T11:41:08Z</time>
      </trkpt>
      <trkpt lat="39.80918630511782" lon="116.41476573843889">
        <ele>24.5</ele>
        <time>2022-06-06T11:41:09Z</time>
      </trkpt>
      <trkpt lat="39.80919144941781" lon="116.41479489150632">
        <ele>24.5</ele>
        <time>2022-06-06T11:41:10Z</time>
      </trkpt>
      <trkpt lat="39.80919704756404" lon="116.41482394128319">
        <ele>24.5</ele>
        <time>2022-06-06T11:41:11Z</time>
      </trkpt>
      <trkpt lat="39.80920310055117" lon="116.41485282654001">
        <ele>24.5</ele>
        <time>2022-06-06T11:41:12Z</time>
      </trkpt>
      <trkpt lat="39.80920955509327" lon="116.41488154342147">
        <ele>24.5</ele>
        <time>2022-06-06T11:41:13Z</time>
      </trkpt>
      <trkpt lat="39.809216273107076" lon="116.41491009512414">
        <ele>24.5</ele>
        <time>2022-06-06T11:41:14Z</time>
      </trkpt>
      <trkpt lat="39.809223219619774" lon="116.414938463416">
        <ele>24.3</ele>
        <time>2022-06-06T11:41:15Z</time>
      </trkpt>
      <trkpt lat="39.80923031484515" lon="116.41496669396045">
        <ele>24.3</ele>
        <time>2022-06-06T11:41:16Z</time>
      </trkpt>
      <trkpt lat="39.80923746726248" lon="116.4149948530272">
        <ele>24.3</ele>
        <time>2022-06-06T11:41:17Z</time>
      </trkpt>
      <trkpt lat="39.80924461826965" lon="116.41502312953565">
        <ele>24.3</ele>
        <time>2022-06-06T11:41:18Z</time>
      </trkpt>
      <trkpt lat="39.80925174907523" lon="116.41505126315792">
        <ele>24.3</ele>
        <time>2022-06-06T11:41:19Z</time>
      </trkpt>
      <trkpt lat="39.80925891365669" lon="116.41507943069631">
        <ele>24.3</ele>
        <time>2022-06-06T11:41:20Z</time>
      </trkpt>
      <trkpt lat="39.8092663470823" lon="116.41510808250169">
        <ele>24.3</ele>
        <time>2022-06-06T11:41:21Z</time>
      </trkpt>
      <trkpt lat="39.809274076676886" lon="116.41513666727766">
        <ele>24.3</ele>
        <time>2022-06-06T11:41:22Z</time>
      </trkpt>
      <trkpt lat="39.80928227669186" lon="116.41516555685905">
        <ele>24.3</ele>
        <time>2022-06-06T11:41:23Z</time>
      </trkpt>
      <trkpt lat="39.8092910182712" lon="116.41519455489346">
        <ele>24.3</ele>
        <time>2022-06-06T11:41:24Z</time>
      </trkpt>
      <trkpt lat="39.809300193192435" lon="116.41522328924468">
        <ele>24.1</ele>
        <time>2022-06-06T11:41:25Z</time>
      </trkpt>
      <trkpt lat="39.8093098188939" lon="116.4152522435531">
        <ele>24.1</ele>
        <time>2022-06-06T11:41:26Z</time>
      </trkpt>
      <trkpt lat="39.80931972195882" lon="116.41528091589615">
        <ele>24.1</ele>
        <time>2022-06-06T11:41:27Z</time>
      </trkpt>
      <trkpt lat="39.80932999833682" lon="116.41530965040948">
        <ele>24.1</ele>
        <time>2022-06-06T11:41:28Z</time>
      </trkpt>
      <trkpt lat="39.8093405358899" lon="116.41533821633327">
        <ele>24.1</ele>
        <time>2022-06-06T11:41:29Z</time>
      </trkpt>
      <trkpt lat="39.809351209966024" lon="116.41536636645633">
        <ele>24.1</ele>
        <time>2022-06-06T11:41:30Z</time>
      </trkpt>
      <trkpt lat="39.80936190182421" lon="116.41539395464281">
        <ele>24.1</ele>
        <time>2022-06-06T11:41:31Z</time>
      </trkpt>
      <trkpt lat="39.80937185712033" lon="116.41542054075373">
        <ele>24.1</ele>
        <time>2022-06-06T11:41:32Z</time>
      </trkpt>
      <trkpt lat="39.809380987498436" lon="116.41544669167607">
        <ele>24.1</ele>
        <time>2022-06-06T11:41:33Z</time>
      </trkpt>
      <trkpt lat="39.809389167784296" lon="116.4154724835488">
        <ele>24.1</ele>
        <time>2022-06-06T11:41:34Z</time>
      </trkpt>
      <trkpt lat="39.80939635317517" lon="116.41549810850576">
        <ele>24.2</ele>
        <time>2022-06-06T11:41:35Z</time>
      </trkpt>
      <trkpt lat="39.809403064155184" lon="116.41552346592105">
        <ele>24.2</ele>
        <time>2022-06-06T11:41:36Z</time>
      </trkpt>
      <trkpt lat="39.80940985918732" lon="116.4155484952703">
        <ele>24.2</ele>
        <time>2022-06-06T11:41:37Z</time>
      </trkpt>
      <trkpt lat="39.80941670142465" lon="116.41557343220151">
        <ele>24.2</ele>
        <time>2022-06-06T11:41:38Z</time>
      </trkpt>
      <trkpt lat="39.80942375539291" lon="116.41559839110883">
        <ele>24.2</ele>
        <time>2022-06-06T11:41:39Z</time>
      </trkpt>
      <trkpt lat="39.809431320626295" lon="116.41562326698151">
        <ele>24.2</ele>
        <time>2022-06-06T11:41:40Z</time>
      </trkpt>
      <trkpt lat="39.80943915648802" lon="116.41564838210226">
        <ele>24.2</ele>
        <time>2022-06-06T11:41:41Z</time>
      </trkpt>
      <trkpt lat="39.80944727113125" lon="116.41567423842774">
        <ele>24.2</ele>
        <time>2022-06-06T11:41:42Z</time>
      </trkpt>
      <trkpt lat="39.8094562208901" lon="116.41570072867829">
        <ele>24.2</ele>
        <time>2022-06-06T11:41:43Z</time>
      </trkpt>
      <trkpt lat="39.809465859666254" lon="116.41572745293769">
        <ele>24.2</ele>
        <time>2022-06-06T11:41:44Z</time>
      </trkpt>
      <trkpt lat="39.80947648264044" lon="116.4157541669233">
        <ele>24.2</ele>
        <time>2022-06-06T11:41:45Z</time>
      </trkpt>
      <trkpt lat="39.8094880994624" lon="116.41578068641866">
        <ele>24.2</ele>
        <time>2022-06-06T11:41:46Z</time>
      </trkpt>
      <trkpt lat="39.8095003821127" lon="116.41580688530101">
        <ele>24.2</ele>
        <time>2022-06-06T11:41:47Z</time>
      </trkpt>
      <trkpt lat="39.80951305743302" lon="116.41583250725263">
        <ele>24.2</ele>
        <time>2022-06-06T11:41:48Z</time>
      </trkpt>
      <trkpt lat="39.80952644292849" lon="116.41585750157704">
        <ele>24.2</ele>
        <time>2022-06-06T11:41:49Z</time>
      </trkpt>
      <trkpt lat="39.80953987109679" lon="116.41588166304777">
        <ele>24.2</ele>
        <time>2022-06-06T11:41:50Z</time>
      </trkpt>
      <trkpt lat="39.80955314905592" lon="116.4159050849136">
        <ele>24.2</ele>
        <time>2022-06-06T11:41:51Z</time>
      </trkpt>
      <trkpt lat="39.809566703760595" lon="116.41592782757122">
        <ele>24.2</ele>
        <time>2022-06-06T11:41:52Z</time>
      </trkpt>
      <trkpt lat="39.80958075010693" lon="116.41594918332767">
        <ele>24.2</ele>
        <time>2022-06-06T11:41:53Z</time>
      </trkpt>
      <trkpt lat="39.80959524842045" lon="116.41596934198148">
        <ele>24.2</ele>
        <time>2022-06-06T11:41:54Z</time>
      </trkpt>
      <trkpt lat="39.80961057352411" lon="116.41598871056348">
        <ele>24</ele>
        <time>2022-06-06T11:41:55Z</time>
      </trkpt>
      <trkpt lat="39.80962638880783" lon="116.41600724984951">
        <ele>24</ele>
        <time>2022-06-06T11:41:56Z</time>
      </trkpt>
      <trkpt lat="39.809642687388724" lon="116.41602523257878">
        <ele>24</ele>
        <time>2022-06-06T11:41:57Z</time>
      </trkpt>
      <trkpt lat="39.80965957276129" lon="116.41604313253707">
        <ele>24</ele>
        <time>2022-06-06T11:41:58Z</time>
      </trkpt>
      <trkpt lat="39.80967662397689" lon="116.4160608142667">
        <ele>24</ele>
        <time>2022-06-06T11:41:59Z</time>
      </trkpt>
      <trkpt lat="39.80969357318288" lon="116.41607816769834">
        <ele>24.6</ele>
        <time>2022-06-06T11:42:00Z</time>
      </trkpt>
      <trkpt lat="39.809711055596495" lon="116.41609526696358">
        <ele>24.6</ele>
        <time>2022-06-06T11:42:01Z</time>
      </trkpt>
      <trkpt lat="39.809729026447364" lon="116.41611216512312">
        <ele>24.6</ele>
        <time>2022-06-06T11:42:02Z</time>
      </trkpt>
      <trkpt lat="39.80974753721079" lon="116.41612862155286">
        <ele>24.6</ele>
        <time>2022-06-06T11:42:03Z</time>
      </trkpt>
      <trkpt lat="39.809766307911254" lon="116.41614472682275">
        <ele>24.6</ele>
        <time>2022-06-06T11:42:04Z</time>
      </trkpt>
      <trkpt lat="39.80978546948319" lon="116.41616072886634">
        <ele>25.1</ele>
        <time>2022-06-06T11:42:05Z</time>
      </trkpt>
      <trkpt lat="39.809804691844036" lon="116.41617580543931">
        <ele>25.1</ele>
        <time>2022-06-06T11:42:06Z</time>
      </trkpt>
      <trkpt lat="39.809823875005186" lon="116.41618996141948">
        <ele>25.1</ele>
        <time>2022-06-06T11:42:07Z</time>
      </trkpt>
      <trkpt lat="39.809843263135264" lon="116.41620304977445">
        <ele>25.1</ele>
        <time>2022-06-06T11:42:08Z</time>
      </trkpt>
      <trkpt lat="39.80986263272259" lon="116.41621453938554">
        <ele>25.1</ele>
        <time>2022-06-06T11:42:09Z</time>
      </trkpt>
      <trkpt lat="39.80988188848768" lon="116.41622530781265">
        <ele>25.1</ele>
        <time>2022-06-06T11:42:10Z</time>
      </trkpt>
      <trkpt lat="39.809901428571735" lon="116.41623565782947">
        <ele>25.1</ele>
        <time>2022-06-06T11:42:11Z</time>
      </trkpt>
      <trkpt lat="39.80992097488499" lon="116.416245447955">
        <ele>25.1</ele>
        <time>2022-06-06T11:42:12Z</time>
      </trkpt>
      <trkpt lat="39.80994066105118" lon="116.41625481345656">
        <ele>25.1</ele>
        <time>2022-06-06T11:42:13Z</time>
      </trkpt>
      <trkpt lat="39.809960568895164" lon="116.41626387730962">
        <ele>25.1</ele>
        <time>2022-06-06T11:42:14Z</time>
      </trkpt>
      <trkpt lat="39.80998069676058" lon="116.4162728487534">
        <ele>24.9</ele>
        <time>2022-06-06T11:42:15Z</time>
      </trkpt>
      <trkpt lat="39.81000112375178" lon="116.41628147972756">
        <ele>24.9</ele>
        <time>2022-06-06T11:42:16Z</time>
      </trkpt>
      <trkpt lat="39.81002175765083" lon="116.4162900553519">
        <ele>24.9</ele>
        <time>2022-06-06T11:42:17Z</time>
      </trkpt>
      <trkpt lat="39.810042624434736" lon="116.41629861281106">
        <ele>24.9</ele>
        <time>2022-06-06T11:42:18Z</time>
      </trkpt>
      <trkpt lat="39.81006342612585" lon="116.4163073237079">
        <ele>24.9</ele>
        <time>2022-06-06T11:42:19Z</time>
      </trkpt>
      <trkpt lat="39.810084273095505" lon="116.41631643617659">
        <ele>24.9</ele>
        <time>2022-06-06T11:42:20Z</time>
      </trkpt>
      <trkpt lat="39.81010563809427" lon="116.41632537429321">
        <ele>24.9</ele>
        <time>2022-06-06T11:42:21Z</time>
      </trkpt>
      <trkpt lat="39.8101270398671" lon="116.41633411258007">
        <ele>24.9</ele>
        <time>2022-06-06T11:42:22Z</time>
      </trkpt>
      <trkpt lat="39.810148437304214" lon="116.41634267593155">
        <ele>24.9</ele>
        <time>2022-06-06T11:42:23Z</time>
      </trkpt>
      <trkpt lat="39.81017011035088" lon="116.41635077517854">
        <ele>24.9</ele>
        <time>2022-06-06T11:42:24Z</time>
      </trkpt>
      <trkpt lat="39.81019163346314" lon="116.41635809466396">
        <ele>24.7</ele>
        <time>2022-06-06T11:42:25Z</time>
      </trkpt>
      <trkpt lat="39.81021328057832" lon="116.41636458801287">
        <ele>24.7</ele>
        <time>2022-06-06T11:42:26Z</time>
      </trkpt>
      <trkpt lat="39.81023466464338" lon="116.41637038303091">
        <ele>24.7</ele>
        <time>2022-06-06T11:42:27Z</time>
      </trkpt>
      <trkpt lat="39.81025582361987" lon="116.41637572137131">
        <ele>24.7</ele>
        <time>2022-06-06T11:42:28Z</time>
      </trkpt>
      <trkpt lat="39.81027709359118" lon="116.41638061197985">
        <ele>24.7</ele>
        <time>2022-06-06T11:42:29Z</time>
      </trkpt>
      <trkpt lat="39.810298435980066" lon="116.41638529411854">
        <ele>24.7</ele>
        <time>2022-06-06T11:42:30Z</time>
      </trkpt>
      <trkpt lat="39.81031986549994" lon="116.41639001635625">
        <ele>24.7</ele>
        <time>2022-06-06T11:42:31Z</time>
      </trkpt>
      <trkpt lat="39.81034146972223" lon="116.41639475590165">
        <ele>24.7</ele>
        <time>2022-06-06T11:42:32Z</time>
      </trkpt>
      <trkpt lat="39.81036333125343" lon="116.4163993398154">
        <ele>24.7</ele>
        <time>2022-06-06T11:42:33Z</time>
      </trkpt>
      <trkpt lat="39.81038586399751" lon="116.41640365326741">
        <ele>24.7</ele>
        <time>2022-06-06T11:42:34Z</time>
      </trkpt>
      <trkpt lat="39.81040862866529" lon="116.41640782351925">
        <ele>24.7</ele>
        <time>2022-06-06T11:42:35Z</time>
      </trkpt>
      <trkpt lat="39.810431599690205" lon="116.41641204917144">
        <ele>24.7</ele>
        <time>2022-06-06T11:42:36Z</time>
      </trkpt>
      <trkpt lat="39.810454815163034" lon="116.41641643733844">
        <ele>24.7</ele>
        <time>2022-06-06T11:42:37Z</time>
      </trkpt>
      <trkpt lat="39.810478308562715" lon="116.41642083903565">
        <ele>24.7</ele>
        <time>2022-06-06T11:42:38Z</time>
      </trkpt>
      <trkpt lat="39.81050230593777" lon="116.41642466957245">
        <ele>24.7</ele>
        <time>2022-06-06T11:42:39Z</time>
      </trkpt>
      <trkpt lat="39.810526376314016" lon="116.41642822151263">
        <ele>24.7</ele>
        <time>2022-06-06T11:42:40Z</time>
      </trkpt>
      <trkpt lat="39.810550468107635" lon="116.41643166711026">
        <ele>24.7</ele>
        <time>2022-06-06T11:42:41Z</time>
      </trkpt>
      <trkpt lat="39.810574762750235" lon="116.41643425644162">
        <ele>24.7</ele>
        <time>2022-06-06T11:42:42Z</time>
      </trkpt>
      <trkpt lat="39.81059880205698" lon="116.41643625767124">
        <ele>24.7</ele>
        <time>2022-06-06T11:42:43Z</time>
      </trkpt>
      <trkpt lat="39.810622514781905" lon="116.41643807303304">
        <ele>24.7</ele>
        <time>2022-06-06T11:42:44Z</time>
      </trkpt>
      <trkpt lat="39.81064585205209" lon="116.41643984359591">
        <ele>24.8</ele>
        <time>2022-06-06T11:42:45Z</time>
      </trkpt>
      <trkpt lat="39.81066883827688" lon="116.41644174579066">
        <ele>24.8</ele>
        <time>2022-06-06T11:42:46Z</time>
      </trkpt>
      <trkpt lat="39.81069191079281" lon="116.41644391789882">
        <ele>24.8</ele>
        <time>2022-06-06T11:42:47Z</time>
      </trkpt>
      <trkpt lat="39.810714765302144" lon="116.41644653486782">
        <ele>24.8</ele>
        <time>2022-06-06T11:42:48Z</time>
      </trkpt>
      <trkpt lat="39.81073784395307" lon="116.4164497695062">
        <ele>24.8</ele>
        <time>2022-06-06T11:42:49Z</time>
      </trkpt>
      <trkpt lat="39.81076092193221" lon="116.4164541391382">
        <ele>24.8</ele>
        <time>2022-06-06T11:42:50Z</time>
      </trkpt>
      <trkpt lat="39.81078408203079" lon="116.41645923309139">
        <ele>24.8</ele>
        <time>2022-06-06T11:42:51Z</time>
      </trkpt>
      <trkpt lat="39.8108076688346" lon="116.41646438082752">
        <ele>24.8</ele>
        <time>2022-06-06T11:42:52Z</time>
      </trkpt>
      <trkpt lat="39.81083127756187" lon="116.41647009482627">
        <ele>24.8</ele>
        <time>2022-06-06T11:42:53Z</time>
      </trkpt>
      <trkpt lat="39.810855204192976" lon="116.41647603230668">
        <ele>24.8</ele>
        <time>2022-06-06T11:42:54Z</time>
      </trkpt>
      <trkpt lat="39.8108793962081" lon="116.41648171242159">
        <ele>24</ele>
        <time>2022-06-06T11:42:55Z</time>
      </trkpt>
      <trkpt lat="39.81090348819946" lon="116.41648702267808">
        <ele>24</ele>
        <time>2022-06-06T11:42:56Z</time>
      </trkpt>
      <trkpt lat="39.810927739808776" lon="116.41649240930488">
        <ele>24</ele>
        <time>2022-06-06T11:42:57Z</time>
      </trkpt>
      <trkpt lat="39.81095168631259" lon="116.41649784607587">
        <ele>24</ele>
        <time>2022-06-06T11:42:58Z</time>
      </trkpt>
      <trkpt lat="39.81097528800946" lon="116.4165031520185">
        <ele>24</ele>
        <time>2022-06-06T11:42:59Z</time>
      </trkpt>
      <trkpt lat="39.81099845899167" lon="116.41650837254214">
        <ele>24.6</ele>
        <time>2022-06-06T11:43:00Z</time>
      </trkpt>
      <trkpt lat="39.81102116390054" lon="116.41651350414654">
        <ele>24.6</ele>
        <time>2022-06-06T11:43:01Z</time>
      </trkpt>
      <trkpt lat="39.81104374430678" lon="116.41651873166012">
        <ele>24.6</ele>
        <time>2022-06-06T11:43:02Z</time>
      </trkpt>
      <trkpt lat="39.81106591755166" lon="116.41652381829327">
        <ele>24.6</ele>
        <time>2022-06-06T11:43:03Z</time>
      </trkpt>
      <trkpt lat="39.81108811278966" lon="116.41652888467583">
        <ele>24.6</ele>
        <time>2022-06-06T11:43:04Z</time>
      </trkpt>
      <trkpt lat="39.81111004065926" lon="116.41653388155171">
        <ele>24.2</ele>
        <time>2022-06-06T11:43:05Z</time>
      </trkpt>
      <trkpt lat="39.8111317750521" lon="116.41653902269725">
        <ele>24.2</ele>
        <time>2022-06-06T11:43:06Z</time>
      </trkpt>
      <trkpt lat="39.811153362657656" lon="116.41654439663237">
        <ele>24.2</ele>
        <time>2022-06-06T11:43:07Z</time>
      </trkpt>
      <trkpt lat="39.81117458217307" lon="116.41654955374712">
        <ele>24.2</ele>
        <time>2022-06-06T11:43:08Z</time>
      </trkpt>
      <trkpt lat="39.81119584563356" lon="116.4165545161854">
        <ele>24.2</ele>
        <time>2022-06-06T11:43:09Z</time>
      </trkpt>
      <trkpt lat="39.81121692361616" lon="116.41655921683542">
        <ele>24.2</ele>
        <time>2022-06-06T11:43:10Z</time>
      </trkpt>
      <trkpt lat="39.81123786117471" lon="116.41656336733325">
        <ele>24.2</ele>
        <time>2022-06-06T11:43:11Z</time>
      </trkpt>
      <trkpt lat="39.81125874589519" lon="116.41656734701758">
        <ele>24.2</ele>
        <time>2022-06-06T11:43:12Z</time>
      </trkpt>
      <trkpt lat="39.81127964094122" lon="116.41657118008864">
        <ele>24.2</ele>
        <time>2022-06-06T11:43:13Z</time>
      </trkpt>
      <trkpt lat="39.81130055608992" lon="116.41657532582182">
        <ele>24.2</ele>
        <time>2022-06-06T11:43:14Z</time>
      </trkpt>
      <trkpt lat="39.81132124624144" lon="116.41657956170049">
        <ele>24.4</ele>
        <time>2022-06-06T11:43:15Z</time>
      </trkpt>
      <trkpt lat="39.81134209401549" lon="116.41658387021769">
        <ele>24.4</ele>
        <time>2022-06-06T11:43:16Z</time>
      </trkpt>
      <trkpt lat="39.81136309573995" lon="116.4165880454082">
        <ele>24.4</ele>
        <time>2022-06-06T11:43:17Z</time>
      </trkpt>
      <trkpt lat="39.811384237849936" lon="116.41659195497154">
        <ele>24.4</ele>
        <time>2022-06-06T11:43:18Z</time>
      </trkpt>
      <trkpt lat="39.811405530997675" lon="116.41659559439542">
        <ele>24.4</ele>
        <time>2022-06-06T11:43:19Z</time>
      </trkpt>
      <trkpt lat="39.81142697646031" lon="116.41659872451653">
        <ele>24.4</ele>
        <time>2022-06-06T11:43:20Z</time>
      </trkpt>
      <trkpt lat="39.811448808858366" lon="116.4166014332792">
        <ele>24.4</ele>
        <time>2022-06-06T11:43:21Z</time>
      </trkpt>
      <trkpt lat="39.81147069998214" lon="116.4166038839853">
        <ele>24.4</ele>
        <time>2022-06-06T11:43:22Z</time>
      </trkpt>
      <trkpt lat="39.81149298985263" lon="116.41660575925428">
        <ele>24.4</ele>
        <time>2022-06-06T11:43:23Z</time>
      </trkpt>
      <trkpt lat="39.81151529027113" lon="116.41660751442132">
        <ele>24.4</ele>
        <time>2022-06-06T11:43:24Z</time>
      </trkpt>
      <trkpt lat="39.81153761163575" lon="116.4166094139924">
        <ele>24.6</ele>
        <time>2022-06-06T11:43:25Z</time>
      </trkpt>
      <trkpt lat="39.81156021772788" lon="116.41661196335706">
        <ele>24.6</ele>
        <time>2022-06-06T11:43:26Z</time>
      </trkpt>
      <trkpt lat="39.81158267330104" lon="116.41661535341456">
        <ele>24.6</ele>
        <time>2022-06-06T11:43:27Z</time>
      </trkpt>
      <trkpt lat="39.81160529881154" lon="116.41661965684735">
        <ele>24.6</ele>
        <time>2022-06-06T11:43:28Z</time>
      </trkpt>
      <trkpt lat="39.811627939544266" lon="116.41662504034362">
        <ele>24.6</ele>
        <time>2022-06-06T11:43:29Z</time>
      </trkpt>
      <trkpt lat="39.81165051185004" lon="116.41663151274165">
        <ele>24.6</ele>
        <time>2022-06-06T11:43:30Z</time>
      </trkpt>
      <trkpt lat="39.81167298199413" lon="116.41663943227307">
        <ele>24.6</ele>
        <time>2022-06-06T11:43:31Z</time>
      </trkpt>
      <trkpt lat="39.81169504792364" lon="116.41664924939766">
        <ele>24.6</ele>
        <time>2022-06-06T11:43:32Z</time>
      </trkpt>
      <trkpt lat="39.811716766081" lon="116.41666071271355">
        <ele>24.6</ele>
        <time>2022-06-06T11:43:33Z</time>
      </trkpt>
      <trkpt lat="39.81173789572329" lon="116.41667346097715">
        <ele>24.6</ele>
        <time>2022-06-06T11:43:34Z</time>
      </trkpt>
      <trkpt lat="39.81175867511783" lon="116.41668709923177">
        <ele>24.9</ele>
        <time>2022-06-06T11:43:35Z</time>
      </trkpt>
      <trkpt lat="39.81177911177633" lon="116.41670112503854">
        <ele>24.9</ele>
        <time>2022-06-06T11:43:36Z</time>
      </trkpt>
      <trkpt lat="39.81179880603073" lon="116.41671520728559">
        <ele>24.9</ele>
        <time>2022-06-06T11:43:37Z</time>
      </trkpt>
      <trkpt lat="39.81181804738083" lon="116.4167295462896">
        <ele>24.9</ele>
        <time>2022-06-06T11:43:38Z</time>
      </trkpt>
      <trkpt lat="39.81183638458306" lon="116.41674437251156">
        <ele>24.9</ele>
        <time>2022-06-06T11:43:39Z</time>
      </trkpt>
      <trkpt lat="39.81185393195537" lon="116.41675966890135">
        <ele>24.9</ele>
        <time>2022-06-06T11:43:40Z</time>
      </trkpt>
      <trkpt lat="39.81187103733161" lon="116.4167757135229">
        <ele>24.9</ele>
        <time>2022-06-06T11:43:41Z</time>
      </trkpt>
      <trkpt lat="39.81188738771755" lon="116.41679220624394">
        <ele>24.9</ele>
        <time>2022-06-06T11:43:42Z</time>
      </trkpt>
      <trkpt lat="39.81190336863302" lon="116.4168085974222">
        <ele>24.9</ele>
        <time>2022-06-06T11:43:43Z</time>
      </trkpt>
      <trkpt lat="39.8119192472781" lon="116.41682531421233">
        <ele>24.9</ele>
        <time>2022-06-06T11:43:44Z</time>
      </trkpt>
      <trkpt lat="39.81193492248438" lon="116.41684259271152">
        <ele>24.4</ele>
        <time>2022-06-06T11:43:45Z</time>
      </trkpt>
      <trkpt lat="39.81195036886823" lon="116.41686055374106">
        <ele>24.4</ele>
        <time>2022-06-06T11:43:46Z</time>
      </trkpt>
      <trkpt lat="39.81196550508113" lon="116.41687943300782">
        <ele>24.4</ele>
        <time>2022-06-06T11:43:47Z</time>
      </trkpt>
      <trkpt lat="39.81198043040373" lon="116.41689921340021">
        <ele>24.4</ele>
        <time>2022-06-06T11:43:48Z</time>
      </trkpt>
      <trkpt lat="39.81199498105086" lon="116.41691950825026">
        <ele>24.4</ele>
        <time>2022-06-06T11:43:49Z</time>
      </trkpt>
      <trkpt lat="39.81200958619883" lon="116.41694045769582">
        <ele>24.4</ele>
        <time>2022-06-06T11:43:50Z</time>
      </trkpt>
      <trkpt lat="39.812024309081266" lon="116.41696194318565">
        <ele>24.4</ele>
        <time>2022-06-06T11:43:51Z</time>
      </trkpt>
      <trkpt lat="39.81203887583326" lon="116.41698365594716">
        <ele>24.4</ele>
        <time>2022-06-06T11:43:52Z</time>
      </trkpt>
      <trkpt lat="39.81205347464535" lon="116.4170060911691">
        <ele>24.4</ele>
        <time>2022-06-06T11:43:53Z</time>
      </trkpt>
      <trkpt lat="39.812067948120315" lon="116.41702931033764">
        <ele>24.4</ele>
        <time>2022-06-06T11:43:54Z</time>
      </trkpt>
      <trkpt lat="39.81208187947996" lon="116.41705311493662">
        <ele>25</ele>
        <time>2022-06-06T11:43:55Z</time>
      </trkpt>
      <trkpt lat="39.812095411897936" lon="116.41707788869229">
        <ele>25</ele>
        <time>2022-06-06T11:43:56Z</time>
      </trkpt>
      <trkpt lat="39.81210831545569" lon="116.41710324341688">
        <ele>25</ele>
        <time>2022-06-06T11:43:57Z</time>
      </trkpt>
      <trkpt lat="39.812120849173944" lon="116.41712947679329">
        <ele>25</ele>
        <time>2022-06-06T11:43:58Z</time>
      </trkpt>
      <trkpt lat="39.81213303551307" lon="116.41715642730944">
        <ele>25</ele>
        <time>2022-06-06T11:43:59Z</time>
      </trkpt>
      <trkpt lat="39.8121449028085" lon="116.41718414701788">
        <ele>25.1</ele>
        <time>2022-06-06T11:44:00Z</time>
      </trkpt>
      <trkpt lat="39.81215636629947" lon="116.41721273189356">
        <ele>25.1</ele>
        <time>2022-06-06T11:44:01Z</time>
      </trkpt>
      <trkpt lat="39.81216749095677" lon="116.41724211060273">
        <ele>25.1</ele>
        <time>2022-06-06T11:44:02Z</time>
      </trkpt>
      <trkpt lat="39.812178282587844" lon="116.41727220659403">
        <ele>25.1</ele>
        <time>2022-06-06T11:44:03Z</time>
      </trkpt>
      <trkpt lat="39.81218852408984" lon="116.41730249547163">
        <ele>25.1</ele>
        <time>2022-06-06T11:44:04Z</time>
      </trkpt>
      <trkpt lat="39.812198356347366" lon="116.41733282842519">
        <ele>24.6</ele>
        <time>2022-06-06T11:44:05Z</time>
      </trkpt>
      <trkpt lat="39.81220804509234" lon="116.41736343667615">
        <ele>24.6</ele>
        <time>2022-06-06T11:44:06Z</time>
      </trkpt>
      <trkpt lat="39.812217328488074" lon="116.41739388809147">
        <ele>24.6</ele>
        <time>2022-06-06T11:44:07Z</time>
      </trkpt>
      <trkpt lat="39.81222620503593" lon="116.41742417832182">
        <ele>24.6</ele>
        <time>2022-06-06T11:44:08Z</time>
      </trkpt>
      <trkpt lat="39.81223475741993" lon="116.41745422580297">
        <ele>24.6</ele>
        <time>2022-06-06T11:44:09Z</time>
      </trkpt>
      <trkpt lat="39.812243136719324" lon="116.41748392290206">
        <ele>24.6</ele>
        <time>2022-06-06T11:44:10Z</time>
      </trkpt>
      <trkpt lat="39.81225148718528" lon="116.41751341940001">
        <ele>24.6</ele>
        <time>2022-06-06T11:44:11Z</time>
      </trkpt>
      <trkpt lat="39.81225968092031" lon="116.41754206405324">
        <ele>24.6</ele>
        <time>2022-06-06T11:44:12Z</time>
      </trkpt>
      <trkpt lat="39.81226771389881" lon="116.41756981613011">
        <ele>24.6</ele>
        <time>2022-06-06T11:44:13Z</time>
      </trkpt>
      <trkpt lat="39.812275303444714" lon="116.41759717007915">
        <ele>24.6</ele>
        <time>2022-06-06T11:44:14Z</time>
      </trkpt>
      <trkpt lat="39.812282466166764" lon="116.41762410295235">
        <ele>24.4</ele>
        <time>2022-06-06T11:44:15Z</time>
      </trkpt>
      <trkpt lat="39.81228918107172" lon="116.41765063824629">
        <ele>24.4</ele>
        <time>2022-06-06T11:44:16Z</time>
      </trkpt>
      <trkpt lat="39.812295409060994" lon="116.41767692531214">
        <ele>24.4</ele>
        <time>2022-06-06T11:44:17Z</time>
      </trkpt>
      <trkpt lat="39.812301656361925" lon="116.41770296184535">
        <ele>24.4</ele>
        <time>2022-06-06T11:44:18Z</time>
      </trkpt>
      <trkpt lat="39.812308373909524" lon="116.41772914319428">
        <ele>24.4</ele>
        <time>2022-06-06T11:44:19Z</time>
      </trkpt>
      <trkpt lat="39.812315305225184" lon="116.41775523245282">
        <ele>24.4</ele>
        <time>2022-06-06T11:44:20Z</time>
      </trkpt>
      <trkpt lat="39.81232255502576" lon="116.4177817963995">
        <ele>24.4</ele>
        <time>2022-06-06T11:44:21Z</time>
      </trkpt>
      <trkpt lat="39.8123302424948" lon="116.4178081800857">
        <ele>24.4</ele>
        <time>2022-06-06T11:44:22Z</time>
      </trkpt>
      <trkpt lat="39.812338048981815" lon="116.4178346400605">
        <ele>24.4</ele>
        <time>2022-06-06T11:44:23Z</time>
      </trkpt>
      <trkpt lat="39.812345846300225" lon="116.41786168286974">
        <ele>24.4</ele>
        <time>2022-06-06T11:44:24Z</time>
      </trkpt>
      <trkpt lat="39.81235404311971" lon="116.41788862409055">
        <ele>24.3</ele>
        <time>2022-06-06T11:44:25Z</time>
      </trkpt>
      <trkpt lat="39.81236263086579" lon="116.41791555757843">
        <ele>24.3</ele>
        <time>2022-06-06T11:44:26Z</time>
      </trkpt>
      <trkpt lat="39.81237155980052" lon="116.41794295663897">
        <ele>24.3</ele>
        <time>2022-06-06T11:44:27Z</time>
      </trkpt>
      <trkpt lat="39.812380789390666" lon="116.41797020232865">
        <ele>24.3</ele>
        <time>2022-06-06T11:44:28Z</time>
      </trkpt>
      <trkpt lat="39.812389965511706" lon="116.41799732376992">
        <ele>24.3</ele>
        <time>2022-06-06T11:44:29Z</time>
      </trkpt>
      <trkpt lat="39.81239874099798" lon="116.41802433690843">
        <ele>24.3</ele>
        <time>2022-06-06T11:44:30Z</time>
      </trkpt>
      <trkpt lat="39.81240713862826" lon="116.41805111062857">
        <ele>24.3</ele>
        <time>2022-06-06T11:44:31Z</time>
      </trkpt>
      <trkpt lat="39.812415093810806" lon="116.41807758859807">
        <ele>24.3</ele>
        <time>2022-06-06T11:44:32Z</time>
      </trkpt>
      <trkpt lat="39.81242228295932" lon="116.41810406975443">
        <ele>24.3</ele>
        <time>2022-06-06T11:44:33Z</time>
      </trkpt>
      <trkpt lat="39.81242907689907" lon="116.41813039171748">
        <ele>24.3</ele>
        <time>2022-06-06T11:44:34Z</time>
      </trkpt>
      <trkpt lat="39.81243560083622" lon="116.41815616476637">
        <ele>25.1</ele>
        <time>2022-06-06T11:44:35Z</time>
      </trkpt>
      <trkpt lat="39.812441825393435" lon="116.41818159758017">
        <ele>25.1</ele>
        <time>2022-06-06T11:44:36Z</time>
      </trkpt>
      <trkpt lat="39.8124479976259" lon="116.41820716557432">
        <ele>25.1</ele>
        <time>2022-06-06T11:44:37Z</time>
      </trkpt>
      <trkpt lat="39.812454226679705" lon="116.41823245313154">
        <ele>25.1</ele>
        <time>2022-06-06T11:44:38Z</time>
      </trkpt>
      <trkpt lat="39.81246063454172" lon="116.41825795509214">
        <ele>25.1</ele>
        <time>2022-06-06T11:44:39Z</time>
      </trkpt>
      <trkpt lat="39.81246718131951" lon="116.41828371592406">
        <ele>25.1</ele>
        <time>2022-06-06T11:44:40Z</time>
      </trkpt>
      <trkpt lat="39.8124738484768" lon="116.41830931658482">
        <ele>25.1</ele>
        <time>2022-06-06T11:44:41Z</time>
      </trkpt>
      <trkpt lat="39.81248074480868" lon="116.41833530481918">
        <ele>25.1</ele>
        <time>2022-06-06T11:44:42Z</time>
      </trkpt>
      <trkpt lat="39.8124877180802" lon="116.41836131755177">
        <ele>25.1</ele>
        <time>2022-06-06T11:44:43Z</time>
      </trkpt>
      <trkpt lat="39.81249484943316" lon="116.41838742902752">
        <ele>25.1</ele>
        <time>2022-06-06T11:44:44Z</time>
      </trkpt>
      <trkpt lat="39.81250224687847" lon="116.41841409592833">
        <ele>24.2</ele>
        <time>2022-06-06T11:44:45Z</time>
      </trkpt>
      <trkpt lat="39.81250988683899" lon="116.41844124205714">
        <ele>24.2</ele>
        <time>2022-06-06T11:44:46Z</time>
      </trkpt>
      <trkpt lat="39.812517828939896" lon="116.41846923738734">
        <ele>24.2</ele>
        <time>2022-06-06T11:44:47Z</time>
      </trkpt>
      <trkpt lat="39.812525927026506" lon="116.41849752314279">
        <ele>24.2</ele>
        <time>2022-06-06T11:44:48Z</time>
      </trkpt>
      <trkpt lat="39.81253415341197" lon="116.41852609815997">
        <ele>24.2</ele>
        <time>2022-06-06T11:44:49Z</time>
      </trkpt>
      <trkpt lat="39.81254235914159" lon="116.41855459637318">
        <ele>24.2</ele>
        <time>2022-06-06T11:44:50Z</time>
      </trkpt>
      <trkpt lat="39.812550613086536" lon="116.41858307093372">
        <ele>24.2</ele>
        <time>2022-06-06T11:44:51Z</time>
      </trkpt>
      <trkpt lat="39.81255906716298" lon="116.41861195963394">
        <ele>24.2</ele>
        <time>2022-06-06T11:44:52Z</time>
      </trkpt>
      <trkpt lat="39.812567614707646" lon="116.4186407616501">
        <ele>24.2</ele>
        <time>2022-06-06T11:44:53Z</time>
      </trkpt>
      <trkpt lat="39.81257641303869" lon="116.4186699379476">
        <ele>24.2</ele>
        <time>2022-06-06T11:44:54Z</time>
      </trkpt>
      <trkpt lat="39.812585417860944" lon="116.41869941103204">
        <ele>24</ele>
        <time>2022-06-06T11:44:55Z</time>
      </trkpt>
      <trkpt lat="39.81259449669519" lon="116.41872876063266">
        <ele>24</ele>
        <time>2022-06-06T11:44:56Z</time>
      </trkpt>
      <trkpt lat="39.81260379065166" lon="116.41875837229404">
        <ele>24</ele>
        <time>2022-06-06T11:44:57Z</time>
      </trkpt>
      <trkpt lat="39.81261320929945" lon="116.41878774771705">
        <ele>24</ele>
        <time>2022-06-06T11:44:58Z</time>
      </trkpt>
      <trkpt lat="39.81262281338623" lon="116.41881688384211">
        <ele>24</ele>
        <time>2022-06-06T11:44:59Z</time>
      </trkpt>
      <trkpt lat="39.81263280707172" lon="116.41884607325608">
        <ele>24.6</ele>
        <time>2022-06-06T11:45:00Z</time>
      </trkpt>
      <trkpt lat="39.8126431509594" lon="116.41887525877841">
        <ele>24.6</ele>
        <time>2022-06-06T11:45:01Z</time>
      </trkpt>
      <trkpt lat="39.812653799874006" lon="116.41890438115192">
        <ele>24.6</ele>
        <time>2022-06-06T11:45:02Z</time>
      </trkpt>
      <trkpt lat="39.81266454883614" lon="116.41893302867666">
        <ele>24.6</ele>
        <time>2022-06-06T11:45:03Z</time>
      </trkpt>
      <trkpt lat="39.81267543107601" lon="116.41896156400018">
        <ele>24.6</ele>
        <time>2022-06-06T11:45:04Z</time>
      </trkpt>
      <trkpt lat="39.81268623095317" lon="116.41898957204702">
        <ele>24.9</ele>
        <time>2022-06-06T11:45:05Z</time>
      </trkpt>
      <trkpt lat="39.812696958345214" lon="116.41901717075594">
        <ele>24.9</ele>
        <time>2022-06-06T11:45:06Z</time>
      </trkpt>
      <trkpt lat="39.81270768909166" lon="116.41904480319542">
        <ele>24.9</ele>
        <time>2022-06-06T11:45:07Z</time>
      </trkpt>
      <trkpt lat="39.812718307846886" lon="116.41907205998818">
        <ele>24.9</ele>
        <time>2022-06-06T11:45:08Z</time>
      </trkpt>
      <trkpt lat="39.81272896460479" lon="116.4190994393691">
        <ele>24.9</ele>
        <time>2022-06-06T11:45:09Z</time>
      </trkpt>
      <trkpt lat="39.81273960787611" lon="116.41912694115048">
        <ele>24.9</ele>
        <time>2022-06-06T11:45:10Z</time>
      </trkpt>
      <trkpt lat="39.81275003633853" lon="116.41915422730179">
        <ele>24.9</ele>
        <time>2022-06-06T11:45:11Z</time>
      </trkpt>
      <trkpt lat="39.81276049323498" lon="116.41918172562048">
        <ele>24.9</ele>
        <time>2022-06-06T11:45:12Z</time>
      </trkpt>
      <trkpt lat="39.81277096347151" lon="116.41920938106466">
        <ele>24.9</ele>
        <time>2022-06-06T11:45:13Z</time>
      </trkpt>
      <trkpt lat="39.81278149711255" lon="116.41923716299056">
        <ele>24.9</ele>
        <time>2022-06-06T11:45:14Z</time>
      </trkpt>
      <trkpt lat="39.81279226509062" lon="116.41926510136621">
        <ele>24.9</ele>
        <time>2022-06-06T11:45:15Z</time>
      </trkpt>
      <trkpt lat="39.81280331082258" lon="116.41929309297745">
        <ele>24.9</ele>
        <time>2022-06-06T11:45:16Z</time>
      </trkpt>
      <trkpt lat="39.812814713147766" lon="116.41932100331765">
        <ele>24.9</ele>
        <time>2022-06-06T11:45:17Z</time>
      </trkpt>
      <trkpt lat="39.812826605484325" lon="116.41934870040396">
        <ele>24.9</ele>
        <time>2022-06-06T11:45:18Z</time>
      </trkpt>
      <trkpt lat="39.81283895001242" lon="116.41937611290207">
        <ele>24.9</ele>
        <time>2022-06-06T11:45:19Z</time>
      </trkpt>
      <trkpt lat="39.81285159576044" lon="116.41940276904994">
        <ele>24.9</ele>
        <time>2022-06-06T11:45:20Z</time>
      </trkpt>
      <trkpt lat="39.812864503656385" lon="116.41942873739626">
        <ele>24.9</ele>
        <time>2022-06-06T11:45:21Z</time>
      </trkpt>
      <trkpt lat="39.812877596566416" lon="116.41945406929328">
        <ele>24.9</ele>
        <time>2022-06-06T11:45:22Z</time>
      </trkpt>
      <trkpt lat="39.81289076600501" lon="116.41947883524674">
        <ele>24.9</ele>
        <time>2022-06-06T11:45:23Z</time>
      </trkpt>
      <trkpt lat="39.81290391879769" lon="116.41950317632048">
        <ele>24.9</ele>
        <time>2022-06-06T11:45:24Z</time>
      </trkpt>
      <trkpt lat="39.81291707317669" lon="116.41952758143051">
        <ele>24.6</ele>
        <time>2022-06-06T11:45:25Z</time>
      </trkpt>
      <trkpt lat="39.81292993428723" lon="116.4195517042416">
        <ele>24.6</ele>
        <time>2022-06-06T11:45:26Z</time>
      </trkpt>
      <trkpt lat="39.81294251685791" lon="116.41957563088963">
        <ele>24.6</ele>
        <time>2022-06-06T11:45:27Z</time>
      </trkpt>
      <trkpt lat="39.8129549410215" lon="116.41959976855559">
        <ele>24.6</ele>
        <time>2022-06-06T11:45:28Z</time>
      </trkpt>
      <trkpt lat="39.81296695196897" lon="116.4196237805703">
        <ele>24.6</ele>
        <time>2022-06-06T11:45:29Z</time>
      </trkpt>
      <trkpt lat="39.81297859347525" lon="116.4196477189229">
        <ele>24.6</ele>
        <time>2022-06-06T11:45:30Z</time>
      </trkpt>
      <trkpt lat="39.81299000355542" lon="116.41967204214029">
        <ele>24.6</ele>
        <time>2022-06-06T11:45:31Z</time>
      </trkpt>
      <trkpt lat="39.81300114073942" lon="116.41969671121656">
        <ele>24.6</ele>
        <time>2022-06-06T11:45:32Z</time>
      </trkpt>
      <trkpt lat="39.81301208804688" lon="116.41972168596142">
        <ele>24.6</ele>
        <time>2022-06-06T11:45:33Z</time>
      </trkpt>
      <trkpt lat="39.81302293273587" lon="116.41974688418502">
        <ele>24.6</ele>
        <time>2022-06-06T11:45:34Z</time>
      </trkpt>
      <trkpt lat="39.8130338358079" lon="116.4197721715623">
        <ele>24.8</ele>
        <time>2022-06-06T11:45:35Z</time>
      </trkpt>
      <trkpt lat="39.813044980506724" lon="116.41979735073387">
        <ele>24.8</ele>
        <time>2022-06-06T11:45:36Z</time>
      </trkpt>
      <trkpt lat="39.81305648220859" lon="116.41982237254514">
        <ele>24.8</ele>
        <time>2022-06-06T11:45:37Z</time>
      </trkpt>
      <trkpt lat="39.813068515769714" lon="116.41984758964854">
        <ele>24.8</ele>
        <time>2022-06-06T11:45:38Z</time>
      </trkpt>
      <trkpt lat="39.81308081550522" lon="116.4198726496625">
        <ele>24.8</ele>
        <time>2022-06-06T11:45:39Z</time>
      </trkpt>
      <trkpt lat="39.81309337163466" lon="116.41989762847169">
        <ele>24.8</ele>
        <time>2022-06-06T11:45:40Z</time>
      </trkpt>
      <trkpt lat="39.813106268517785" lon="116.41992300376575">
        <ele>24.8</ele>
        <time>2022-06-06T11:45:41Z</time>
      </trkpt>
      <trkpt lat="39.81311924472766" lon="116.41994840037721">
        <ele>24.8</ele>
        <time>2022-06-06T11:45:42Z</time>
      </trkpt>
      <trkpt lat="39.81313225994128" lon="116.41997392412101">
        <ele>24.8</ele>
        <time>2022-06-06T11:45:43Z</time>
      </trkpt>
      <trkpt lat="39.813145441672404" lon="116.41999998491397">
        <ele>24.8</ele>
        <time>2022-06-06T11:45:44Z</time>
      </trkpt>
      <trkpt lat="39.813158547278256" lon="116.42002617149296">
        <ele>24.7</ele>
        <time>2022-06-06T11:45:45Z</time>
      </trkpt>
      <trkpt lat="39.81317170096476" lon="116.42005287274417">
        <ele>24.7</ele>
        <time>2022-06-06T11:45:46Z</time>
      </trkpt>
      <trkpt lat="39.813184642694985" lon="116.42007971103102">
        <ele>24.7</ele>
        <time>2022-06-06T11:45:47Z</time>
      </trkpt>
      <trkpt lat="39.81319745272509" lon="116.42010667108906">
        <ele>24.7</ele>
        <time>2022-06-06T11:45:48Z</time>
      </trkpt>
      <trkpt lat="39.81321016768354" lon="116.42013373207662">
        <ele>24.7</ele>
        <time>2022-06-06T11:45:49Z</time>
      </trkpt>
      <trkpt lat="39.81322285109303" lon="116.4201608771083">
        <ele>24.7</ele>
        <time>2022-06-06T11:45:50Z</time>
      </trkpt>
      <trkpt lat="39.813235697531425" lon="116.42018836166427">
        <ele>24.7</ele>
        <time>2022-06-06T11:45:51Z</time>
      </trkpt>
      <trkpt lat="39.81324854371836" lon="116.42021567248503">
        <ele>24.7</ele>
        <time>2022-06-06T11:45:52Z</time>
      </trkpt>
      <trkpt lat="39.81326161883854" lon="116.42024311042155">
        <ele>24.7</ele>
        <time>2022-06-06T11:45:53Z</time>
      </trkpt>
      <trkpt lat="39.813274942768295" lon="116.42027054220124">
        <ele>24.7</ele>
        <time>2022-06-06T11:45:54Z</time>
      </trkpt>
      <trkpt lat="39.81328833928829" lon="116.42029755823185">
        <ele>24</ele>
        <time>2022-06-06T11:45:55Z</time>
      </trkpt>
      <trkpt lat="39.81330204534675" lon="116.42032454777821">
        <ele>24</ele>
        <time>2022-06-06T11:45:56Z</time>
      </trkpt>
      <trkpt lat="39.813315824214584" lon="116.42035114208612">
        <ele>24</ele>
        <time>2022-06-06T11:45:57Z</time>
      </trkpt>
      <trkpt lat="39.81332967407486" lon="116.4203774126909">
        <ele>24</ele>
        <time>2022-06-06T11:45:58Z</time>
      </trkpt>
      <trkpt lat="39.813343617699495" lon="116.42040379199057">
        <ele>24</ele>
        <time>2022-06-06T11:45:59Z</time>
      </trkpt>
      <trkpt lat="39.813357372908335" lon="116.42042987780418">
        <ele>24.3</ele>
        <time>2022-06-06T11:46:00Z</time>
      </trkpt>
      <trkpt lat="39.813370921004825" lon="116.42045569609907">
        <ele>24.3</ele>
        <time>2022-06-06T11:46:01Z</time>
      </trkpt>
      <trkpt lat="39.813384171007826" lon="116.42048138359836">
        <ele>24.3</ele>
        <time>2022-06-06T11:46:02Z</time>
      </trkpt>
      <trkpt lat="39.813397250939126" lon="116.42050689004031">
        <ele>24.3</ele>
        <time>2022-06-06T11:46:03Z</time>
      </trkpt>
      <trkpt lat="39.813410044314125" lon="116.4205318830691">
        <ele>24.3</ele>
        <time>2022-06-06T11:46:04Z</time>
      </trkpt>
      <trkpt lat="39.813422654369646" lon="116.42055651067815">
        <ele>24.7</ele>
        <time>2022-06-06T11:46:05Z</time>
      </trkpt>
      <trkpt lat="39.813435363250754" lon="116.42058123295595">
        <ele>24.7</ele>
        <time>2022-06-06T11:46:06Z</time>
      </trkpt>
      <trkpt lat="39.813448000987776" lon="116.42060571430741">
        <ele>24.7</ele>
        <time>2022-06-06T11:46:07Z</time>
      </trkpt>
      <trkpt lat="39.81346062021491" lon="116.42063000081549">
        <ele>24.7</ele>
        <time>2022-06-06T11:46:08Z</time>
      </trkpt>
      <trkpt lat="39.81347374909625" lon="116.42065411422436">
        <ele>24.7</ele>
        <time>2022-06-06T11:46:09Z</time>
      </trkpt>
      <trkpt lat="39.8134871013159" lon="116.42067779243678">
        <ele>24.7</ele>
        <time>2022-06-06T11:46:10Z</time>
      </trkpt>
      <trkpt lat="39.81350079591251" lon="116.4207009681823">
        <ele>24.7</ele>
        <time>2022-06-06T11:46:11Z</time>
      </trkpt>
      <trkpt lat="39.813514740643896" lon="116.42072435776134">
        <ele>24.7</ele>
        <time>2022-06-06T11:46:12Z</time>
      </trkpt>
      <trkpt lat="39.81352881886085" lon="116.42074747937727">
        <ele>24.7</ele>
        <time>2022-06-06T11:46:13Z</time>
      </trkpt>
      <trkpt lat="39.81354296943251" lon="116.42077044274629">
        <ele>24.7</ele>
        <time>2022-06-06T11:46:14Z</time>
      </trkpt>
      <trkpt lat="39.813557391078625" lon="116.42079355152399">
        <ele>24.8</ele>
        <time>2022-06-06T11:46:15Z</time>
      </trkpt>
      <trkpt lat="39.81357204192496" lon="116.42081667263635">
        <ele>24.8</ele>
        <time>2022-06-06T11:46:16Z</time>
      </trkpt>
      <trkpt lat="39.8135868186014" lon="116.42083926592143">
        <ele>24.8</ele>
        <time>2022-06-06T11:46:17Z</time>
      </trkpt>
      <trkpt lat="39.81360193770417" lon="116.42086168027959">
        <ele>24.8</ele>
        <time>2022-06-06T11:46:18Z</time>
      </trkpt>
      <trkpt lat="39.81361745587607" lon="116.42088380183807">
        <ele>24.8</ele>
        <time>2022-06-06T11:46:19Z</time>
      </trkpt>
      <trkpt lat="39.8136329239146" lon="116.42090559624663">
        <ele>24.8</ele>
        <time>2022-06-06T11:46:20Z</time>
      </trkpt>
      <trkpt lat="39.81364857710977" lon="116.42092692974433">
        <ele>24.8</ele>
        <time>2022-06-06T11:46:21Z</time>
      </trkpt>
      <trkpt lat="39.81366458255777" lon="116.4209482383591">
        <ele>24.8</ele>
        <time>2022-06-06T11:46:22Z</time>
      </trkpt>
      <trkpt lat="39.813680987901705" lon="116.42096883110239">
        <ele>24.8</ele>
        <time>2022-06-06T11:46:23Z</time>
      </trkpt>
      <trkpt lat="39.81369838001758" lon="116.42098887406708">
        <ele>24.8</ele>
        <time>2022-06-06T11:46:24Z</time>
      </trkpt>
      <trkpt lat="39.813716624179186" lon="116.42100867075993">
        <ele>24.3</ele>
        <time>2022-06-06T11:46:25Z</time>
      </trkpt>
      <trkpt lat="39.8137355018095" lon="116.42102800611522">
        <ele>24.3</ele>
        <time>2022-06-06T11:46:26Z</time>
      </trkpt>
      <trkpt lat="39.81375504372366" lon="116.42104701939054">
        <ele>24.3</ele>
        <time>2022-06-06T11:46:27Z</time>
      </trkpt>
      <trkpt lat="39.813775159575265" lon="116.42106587630643">
        <ele>24.3</ele>
        <time>2022-06-06T11:46:28Z</time>
      </trkpt>
      <trkpt lat="39.81379360429877" lon="116.42108308329618">
        <ele>24.3</ele>
        <time>2022-06-06T11:46:29Z</time>
      </trkpt>
      <trkpt lat="39.813816133157225" lon="116.42110260368025">
        <ele>24.3</ele>
        <time>2022-06-06T11:46:30Z</time>
      </trkpt>
      <trkpt lat="39.813838205273576" lon="116.42112151765238">
        <ele>24.3</ele>
        <time>2022-06-06T11:46:31Z</time>
      </trkpt>
      <trkpt lat="39.813859969002415" lon="116.42114004051325">
        <ele>24.3</ele>
        <time>2022-06-06T11:46:32Z</time>
      </trkpt>
      <trkpt lat="39.813881655610096" lon="116.42115814109083">
        <ele>24.3</ele>
        <time>2022-06-06T11:46:33Z</time>
      </trkpt>
      <trkpt lat="39.813903302425246" lon="116.42117602574584">
        <ele>24.6</ele>
        <time>2022-06-06T11:46:35Z</time>
      </trkpt>
      <trkpt lat="39.813925155690335" lon="116.42119402118831">
        <ele>24.6</ele>
        <time>2022-06-06T11:46:36Z</time>
      </trkpt>
      <trkpt lat="39.813946864004905" lon="116.42121198260696">
        <ele>24.6</ele>
        <time>2022-06-06T11:46:37Z</time>
      </trkpt>
      <trkpt lat="39.81396876258099" lon="116.4212300441098">
        <ele>24.6</ele>
        <time>2022-06-06T11:46:38Z</time>
      </trkpt>
      <trkpt lat="39.813990789148534" lon="116.42124826120846">
        <ele>24.6</ele>
        <time>2022-06-06T11:46:39Z</time>
      </trkpt>
      <trkpt lat="39.81400776505078" lon="116.421261838202">
        <ele>24.6</ele>
        <time>2022-06-06T11:46:40Z</time>
      </trkpt>
      <trkpt lat="39.81402844956976" lon="116.42127842787673">
        <ele>24.6</ele>
        <time>2022-06-06T11:46:41Z</time>
      </trkpt>
      <trkpt lat="39.81404912448998" lon="116.42129482722974">
        <ele>24.6</ele>
        <time>2022-06-06T11:46:42Z</time>
      </trkpt>
      <trkpt lat="39.81406977230541" lon="116.42131101530947">
        <ele>24.6</ele>
        <time>2022-06-06T11:46:43Z</time>
      </trkpt>
      <trkpt lat="39.81409060903195" lon="116.42132715030203">
        <ele>24.6</ele>
        <time>2022-06-06T11:46:44Z</time>
      </trkpt>
      <trkpt lat="39.814111386097736" lon="116.42134323792814">
        <ele>25.1</ele>
        <time>2022-06-06T11:46:45Z</time>
      </trkpt>
      <trkpt lat="39.814132395066444" lon="116.42135959126402">
        <ele>25.1</ele>
        <time>2022-06-06T11:46:46Z</time>
      </trkpt>
      <trkpt lat="39.814153329064446" lon="116.42137607981995">
        <ele>25.1</ele>
        <time>2022-06-06T11:46:47Z</time>
      </trkpt>
      <trkpt lat="39.81417416663498" lon="116.42139261005224">
        <ele>25.1</ele>
        <time>2022-06-06T11:46:48Z</time>
      </trkpt>
      <trkpt lat="39.81419455572469" lon="116.42140908711096">
        <ele>25.1</ele>
        <time>2022-06-06T11:46:49Z</time>
      </trkpt>
      <trkpt lat="39.81421470767832" lon="116.42142595910525">
        <ele>25.1</ele>
        <time>2022-06-06T11:46:50Z</time>
      </trkpt>
      <trkpt lat="39.814234667037255" lon="116.42144362297194">
        <ele>25.1</ele>
        <time>2022-06-06T11:46:51Z</time>
      </trkpt>
      <trkpt lat="39.81425396417967" lon="116.42146183052354">
        <ele>25.1</ele>
        <time>2022-06-06T11:46:52Z</time>
      </trkpt>
      <trkpt lat="39.814272527503626" lon="116.42148041879328">
        <ele>25.1</ele>
        <time>2022-06-06T11:46:53Z</time>
      </trkpt>
      <trkpt lat="39.81429053291719" lon="116.4214995816846">
        <ele>25.1</ele>
        <time>2022-06-06T11:46:54Z</time>
      </trkpt>
      <trkpt lat="39.814307641326494" lon="116.42151896699846">
        <ele>24</ele>
        <time>2022-06-06T11:46:55Z</time>
      </trkpt>
      <trkpt lat="39.814324045634066" lon="116.4215384499027">
        <ele>24</ele>
        <time>2022-06-06T11:46:56Z</time>
      </trkpt>
      <trkpt lat="39.81433993157821" lon="116.42155853457774">
        <ele>24</ele>
        <time>2022-06-06T11:46:57Z</time>
      </trkpt>
      <trkpt lat="39.81435514952749" lon="116.421578924307">
        <ele>24</ele>
        <time>2022-06-06T11:46:58Z</time>
      </trkpt>
      <trkpt lat="39.81436979019564" lon="116.42159963781887">
        <ele>24</ele>
        <time>2022-06-06T11:46:59Z</time>
      </trkpt>
      <trkpt lat="39.814384172314924" lon="116.42162089309878">
        <ele>24.6</ele>
        <time>2022-06-06T11:47:00Z</time>
      </trkpt>
      <trkpt lat="39.8143981289859" lon="116.42164225800153">
        <ele>24.6</ele>
        <time>2022-06-06T11:47:01Z</time>
      </trkpt>
      <trkpt lat="39.814411660294695" lon="116.42166335087794">
        <ele>24.6</ele>
        <time>2022-06-06T11:47:02Z</time>
      </trkpt>
      <trkpt lat="39.814425101329455" lon="116.42168461450665">
        <ele>24.6</ele>
        <time>2022-06-06T11:47:03Z</time>
      </trkpt>
      <trkpt lat="39.81443849824355" lon="116.42170602491032">
        <ele>24.6</ele>
        <time>2022-06-06T11:47:04Z</time>
      </trkpt>
      <trkpt lat="39.814451687958034" lon="116.42172724465563">
        <ele>24.5</ele>
        <time>2022-06-06T11:47:05Z</time>
      </trkpt>
      <trkpt lat="39.81446460739722" lon="116.42174843711538">
        <ele>24.5</ele>
        <time>2022-06-06T11:47:06Z</time>
      </trkpt>
      <trkpt lat="39.814477125150205" lon="116.42176973869236">
        <ele>24.5</ele>
        <time>2022-06-06T11:47:07Z</time>
      </trkpt>
      <trkpt lat="39.81448867901215" lon="116.42179098214775">
        <ele>24.5</ele>
        <time>2022-06-06T11:47:08Z</time>
      </trkpt>
      <trkpt lat="39.814497922037894" lon="116.42181231533688">
        <ele>24.5</ele>
        <time>2022-06-06T11:47:09Z</time>
      </trkpt>
      <trkpt lat="39.81450462805413" lon="116.42183328261648">
        <ele>24.5</ele>
        <time>2022-06-06T11:47:10Z</time>
      </trkpt>
      <trkpt lat="39.81450855115619" lon="116.42185341923695">
        <ele>24.5</ele>
        <time>2022-06-06T11:47:11Z</time>
      </trkpt>
      <trkpt lat="39.8145094060363" lon="116.42187285122948">
        <ele>24.5</ele>
        <time>2022-06-06T11:47:12Z</time>
      </trkpt>
      <trkpt lat="39.81450727648231" lon="116.42189162851854">
        <ele>24.5</ele>
        <time>2022-06-06T11:47:13Z</time>
      </trkpt>
      <trkpt lat="39.81450209285507" lon="116.42190940943038">
        <ele>24.5</ele>
        <time>2022-06-06T11:47:14Z</time>
      </trkpt>
      <trkpt lat="39.81449373894927" lon="116.42192645341612">
        <ele>25</ele>
        <time>2022-06-06T11:47:15Z</time>
      </trkpt>
      <trkpt lat="39.81448231108986" lon="116.42194277000253">
        <ele>25</ele>
        <time>2022-06-06T11:47:16Z</time>
      </trkpt>
      <trkpt lat="39.814468072992106" lon="116.42195834085129">
        <ele>25</ele>
        <time>2022-06-06T11:47:17Z</time>
      </trkpt>
      <trkpt lat="39.81445098071413" lon="116.42197324661282">
        <ele>25</ele>
        <time>2022-06-06T11:47:18Z</time>
      </trkpt>
      <trkpt lat="39.8144317597045" lon="116.42198717344505">
        <ele>25</ele>
        <time>2022-06-06T11:47:19Z</time>
      </trkpt>
      <trkpt lat="39.81441192341573" lon="116.42200015898149">
        <ele>25</ele>
        <time>2022-06-06T11:47:20Z</time>
      </trkpt>
      <trkpt lat="39.81439164976308" lon="116.42201295436087">
        <ele>25</ele>
        <time>2022-06-06T11:47:21Z</time>
      </trkpt>
      <trkpt lat="39.814371211257324" lon="116.42202574169809">
        <ele>25</ele>
        <time>2022-06-06T11:47:22Z</time>
      </trkpt>
      <trkpt lat="39.81435086306858" lon="116.4220386383561">
        <ele>25</ele>
        <time>2022-06-06T11:47:23Z</time>
      </trkpt>
      <trkpt lat="39.81433076714738" lon="116.4220516876089">
        <ele>25</ele>
        <time>2022-06-06T11:47:24Z</time>
      </trkpt>
      <trkpt lat="39.81431110368608" lon="116.42206486273011">
        <ele>24.9</ele>
        <time>2022-06-06T11:47:25Z</time>
      </trkpt>
      <trkpt lat="39.81429235934107" lon="116.42207777695553">
        <ele>24.9</ele>
        <time>2022-06-06T11:47:26Z</time>
      </trkpt>
      <trkpt lat="39.81427465056828" lon="116.42209067812901">
        <ele>24.9</ele>
        <time>2022-06-06T11:47:27Z</time>
      </trkpt>
      <trkpt lat="39.81425801786192" lon="116.422103707565">
        <ele>24.9</ele>
        <time>2022-06-06T11:47:28Z</time>
      </trkpt>
      <trkpt lat="39.81424282765108" lon="116.42211695066989">
        <ele>24.9</ele>
        <time>2022-06-06T11:47:29Z</time>
      </trkpt>
      <trkpt lat="39.814229088729284" lon="116.42213068458774">
        <ele>24.9</ele>
        <time>2022-06-06T11:47:30Z</time>
      </trkpt>
      <trkpt lat="39.814216799895895" lon="116.42214509731089">
        <ele>24.9</ele>
        <time>2022-06-06T11:47:31Z</time>
      </trkpt>
      <trkpt lat="39.814206138587586" lon="116.42216048214831">
        <ele>24.9</ele>
        <time>2022-06-06T11:47:32Z</time>
      </trkpt>
      <trkpt lat="39.814197059985716" lon="116.42217700483536">
        <ele>24.9</ele>
        <time>2022-06-06T11:47:33Z</time>
      </trkpt>
      <trkpt lat="39.81418975396595" lon="116.42219463369585">
        <ele>24.9</ele>
        <time>2022-06-06T11:47:34Z</time>
      </trkpt>
      <trkpt lat="39.81418396223302" lon="116.42221380441532">
        <ele>24.5</ele>
        <time>2022-06-06T11:47:35Z</time>
      </trkpt>
      <trkpt lat="39.814179698564786" lon="116.42223454588438">
        <ele>24.5</ele>
        <time>2022-06-06T11:47:36Z</time>
      </trkpt>
      <trkpt lat="39.814176864635684" lon="116.42225706929449">
        <ele>24.5</ele>
        <time>2022-06-06T11:47:37Z</time>
      </trkpt>
      <trkpt lat="39.814175396519765" lon="116.42228114143319">
        <ele>24.5</ele>
        <time>2022-06-06T11:47:38Z</time>
      </trkpt>
      <trkpt lat="39.814175241587265" lon="116.42230643829959">
        <ele>24.5</ele>
        <time>2022-06-06T11:47:39Z</time>
      </trkpt>
      <trkpt lat="39.81417643621179" lon="116.42233310727073">
        <ele>24.5</ele>
        <time>2022-06-06T11:47:40Z</time>
      </trkpt>
      <trkpt lat="39.814178830141294" lon="116.42236084705975">
        <ele>24.5</ele>
        <time>2022-06-06T11:47:41Z</time>
      </trkpt>
      <trkpt lat="39.81418244047697" lon="116.4223897823923">
        <ele>24.5</ele>
        <time>2022-06-06T11:47:42Z</time>
      </trkpt>
      <trkpt lat="39.814187212624866" lon="116.42241922762817">
        <ele>24.5</ele>
        <time>2022-06-06T11:47:43Z</time>
      </trkpt>
      <trkpt lat="39.814193008392095" lon="116.42244894829176">
        <ele>24.5</ele>
        <time>2022-06-06T11:47:44Z</time>
      </trkpt>
      <trkpt lat="39.81419983847506" lon="116.42247915824596">
        <ele>24.5</ele>
        <time>2022-06-06T11:47:45Z</time>
      </trkpt>
      <trkpt lat="39.81420765526954" lon="116.42250927607982">
        <ele>24.5</ele>
        <time>2022-06-06T11:47:46Z</time>
      </trkpt>
      <trkpt lat="39.81421613347914" lon="116.4225392079218">
        <ele>24.5</ele>
        <time>2022-06-06T11:47:47Z</time>
      </trkpt>
      <trkpt lat="39.81422515326595" lon="116.4225692624473">
        <ele>24.5</ele>
        <time>2022-06-06T11:47:48Z</time>
      </trkpt>
      <trkpt lat="39.81423447926776" lon="116.42259940265741">
        <ele>24.5</ele>
        <time>2022-06-06T11:47:49Z</time>
      </trkpt>
      <trkpt lat="39.814243942053324" lon="116.42262968914248">
        <ele>24.5</ele>
        <time>2022-06-06T11:47:50Z</time>
      </trkpt>
      <trkpt lat="39.81425300600017" lon="116.42265973704171">
        <ele>24.5</ele>
        <time>2022-06-06T11:47:51Z</time>
      </trkpt>
      <trkpt lat="39.814261231124824" lon="116.42268945516703">
        <ele>24.5</ele>
        <time>2022-06-06T11:47:52Z</time>
      </trkpt>
      <trkpt lat="39.81426847641768" lon="116.42271871478346">
        <ele>24.5</ele>
        <time>2022-06-06T11:47:53Z</time>
      </trkpt>
      <trkpt lat="39.814274781723185" lon="116.42274710272163">
        <ele>24.5</ele>
        <time>2022-06-06T11:47:54Z</time>
      </trkpt>
      <trkpt lat="39.8142800805883" lon="116.42277449775062">
        <ele>24</ele>
        <time>2022-06-06T11:47:55Z</time>
      </trkpt>
      <trkpt lat="39.814284648258955" lon="116.42280043190239">
        <ele>24</ele>
        <time>2022-06-06T11:47:56Z</time>
      </trkpt>
      <trkpt lat="39.814289495978684" lon="116.42282478943196">
        <ele>24</ele>
        <time>2022-06-06T11:47:57Z</time>
      </trkpt>
      <trkpt lat="39.8142945746966" lon="116.42284762881434">
        <ele>24</ele>
        <time>2022-06-06T11:47:58Z</time>
      </trkpt>
      <trkpt lat="39.81429965865599" lon="116.42286873666761">
        <ele>24</ele>
        <time>2022-06-06T11:47:59Z</time>
      </trkpt>
      <trkpt lat="39.81430463108945" lon="116.42288806097041">
        <ele>24.5</ele>
        <time>2022-06-06T11:48:00Z</time>
      </trkpt>
      <trkpt lat="39.81430802173496" lon="116.42290554013262">
        <ele>24.5</ele>
        <time>2022-06-06T11:48:01Z</time>
      </trkpt>
      <trkpt lat="39.814309981714246" lon="116.42292078217369">
        <ele>24.5</ele>
        <time>2022-06-06T11:48:02Z</time>
      </trkpt>
      <trkpt lat="39.814312367146165" lon="116.42293522532519">
        <ele>24.5</ele>
        <time>2022-06-06T11:48:03Z</time>
      </trkpt>
      <trkpt lat="39.81431521277008" lon="116.42294902067188">
        <ele>24.5</ele>
        <time>2022-06-06T11:48:04Z</time>
      </trkpt>
      <trkpt lat="39.8143185136558" lon="116.42296280439633">
        <ele>24.5</ele>
        <time>2022-06-06T11:48:05Z</time>
      </trkpt>
      <trkpt lat="39.814322320951355" lon="116.42297687643423">
        <ele>24.5</ele>
        <time>2022-06-06T11:48:06Z</time>
      </trkpt>
      <trkpt lat="39.81432608414072" lon="116.42299186808901">
        <ele>24.5</ele>
        <time>2022-06-06T11:48:07Z</time>
      </trkpt>
      <trkpt lat="39.814328334187536" lon="116.42300796918057">
        <ele>24.5</ele>
        <time>2022-06-06T11:48:08Z</time>
      </trkpt>
      <trkpt lat="39.81432843487346" lon="116.42302526684014">
        <ele>24.5</ele>
        <time>2022-06-06T11:48:09Z</time>
      </trkpt>
      <trkpt lat="39.81432609252818" lon="116.42304307651168">
        <ele>24.5</ele>
        <time>2022-06-06T11:48:10Z</time>
      </trkpt>
      <trkpt lat="39.81432156339235" lon="116.42306159644902">
        <ele>24.5</ele>
        <time>2022-06-06T11:48:11Z</time>
      </trkpt>
      <trkpt lat="39.81431578616507" lon="116.42308040804909">
        <ele>24.5</ele>
        <time>2022-06-06T11:48:12Z</time>
      </trkpt>
      <trkpt lat="39.81430906716576" lon="116.42309984740429">
        <ele>24.5</ele>
        <time>2022-06-06T11:48:13Z</time>
      </trkpt>
      <trkpt lat="39.81430012426831" lon="116.42311882104072">
        <ele>24.5</ele>
        <time>2022-06-06T11:48:14Z</time>
      </trkpt>
      <trkpt lat="39.81428880930311" lon="116.42313734014489">
        <ele>24.5</ele>
        <time>2022-06-06T11:48:15Z</time>
      </trkpt>
      <trkpt lat="39.81427537160566" lon="116.42315551114841">
        <ele>24.5</ele>
        <time>2022-06-06T11:48:16Z</time>
      </trkpt>
      <trkpt lat="39.81425999852831" lon="116.42317335371877">
        <ele>24.5</ele>
        <time>2022-06-06T11:48:17Z</time>
      </trkpt>
      <trkpt lat="39.8142426777246" lon="116.42319064445577">
        <ele>24.5</ele>
        <time>2022-06-06T11:48:18Z</time>
      </trkpt>
      <trkpt lat="39.81422397979908" lon="116.42320739286387">
        <ele>24.5</ele>
        <time>2022-06-06T11:48:19Z</time>
      </trkpt>
      <trkpt lat="39.814204657894436" lon="116.42322351205716">
        <ele>24.5</ele>
        <time>2022-06-06T11:48:20Z</time>
      </trkpt>
      <trkpt lat="39.81418491157303" lon="116.42323983364749">
        <ele>24.5</ele>
        <time>2022-06-06T11:48:21Z</time>
      </trkpt>
      <trkpt lat="39.81416449289267" lon="116.42325647210313">
        <ele>24.5</ele>
        <time>2022-06-06T11:48:22Z</time>
      </trkpt>
      <trkpt lat="39.814144114041426" lon="116.42327387392722">
        <ele>24.5</ele>
        <time>2022-06-06T11:48:23Z</time>
      </trkpt>
      <trkpt lat="39.81412371288626" lon="116.42329198490677">
        <ele>24.5</ele>
        <time>2022-06-06T11:48:24Z</time>
      </trkpt>
      <trkpt lat="39.81410290787703" lon="116.42331071265328">
        <ele>24.4</ele>
        <time>2022-06-06T11:48:25Z</time>
      </trkpt>
      <trkpt lat="39.814081943602794" lon="116.42332955882081">
        <ele>24.4</ele>
        <time>2022-06-06T11:48:26Z</time>
      </trkpt>
      <trkpt lat="39.814060669889365" lon="116.4233482796355">
        <ele>24.4</ele>
        <time>2022-06-06T11:48:27Z</time>
      </trkpt>
      <trkpt lat="39.81403873046758" lon="116.42336694314844">
        <ele>24.4</ele>
        <time>2022-06-06T11:48:28Z</time>
      </trkpt>
      <trkpt lat="39.814016471193604" lon="116.42338520444586">
        <ele>24.4</ele>
        <time>2022-06-06T11:48:29Z</time>
      </trkpt>
      <trkpt lat="39.81399398032488" lon="116.4234032177921">
        <ele>24.4</ele>
        <time>2022-06-06T11:48:30Z</time>
      </trkpt>
      <trkpt lat="39.81397108363242" lon="116.42342126538112">
        <ele>24.4</ele>
        <time>2022-06-06T11:48:31Z</time>
      </trkpt>
      <trkpt lat="39.81394818746708" lon="116.42343911557553">
        <ele>24.4</ele>
        <time>2022-06-06T11:48:32Z</time>
      </trkpt>
      <trkpt lat="39.81392539022042" lon="116.42345686028247">
        <ele>24.4</ele>
        <time>2022-06-06T11:48:33Z</time>
      </trkpt>
      <trkpt lat="39.8139027333467" lon="116.42347452315015">
        <ele>24.4</ele>
        <time>2022-06-06T11:48:34Z</time>
      </trkpt>
      <trkpt lat="39.81388024327965" lon="116.42349209110616">
        <ele>23.5</ele>
        <time>2022-06-06T11:48:35Z</time>
      </trkpt>
      <trkpt lat="39.813857915107015" lon="116.4235096014093">
        <ele>23.5</ele>
        <time>2022-06-06T11:48:36Z</time>
      </trkpt>
      <trkpt lat="39.813835711380285" lon="116.42352707926028">
        <ele>23.5</ele>
        <time>2022-06-06T11:48:37Z</time>
      </trkpt>
      <trkpt lat="39.81381357049526" lon="116.42354448216453">
        <ele>23.5</ele>
        <time>2022-06-06T11:48:38Z</time>
      </trkpt>
      <trkpt lat="39.813791734773154" lon="116.42356163792245">
        <ele>23.5</ele>
        <time>2022-06-06T11:48:39Z</time>
      </trkpt>
      <trkpt lat="39.81376983312858" lon="116.42357887968359">
        <ele>23.5</ele>
        <time>2022-06-06T11:48:40Z</time>
      </trkpt>
      <trkpt lat="39.813747840487466" lon="116.42359614040208">
        <ele>23.5</ele>
        <time>2022-06-06T11:48:41Z</time>
      </trkpt>
      <trkpt lat="39.81372598391029" lon="116.42361320997202">
        <ele>23.5</ele>
        <time>2022-06-06T11:48:42Z</time>
      </trkpt>
      <trkpt lat="39.81370396746036" lon="116.4236303506537">
        <ele>23.5</ele>
        <time>2022-06-06T11:48:43Z</time>
      </trkpt>
      <trkpt lat="39.813682098973466" lon="116.42364731534794">
        <ele>23.5</ele>
        <time>2022-06-06T11:48:44Z</time>
      </trkpt>
      <trkpt lat="39.81366030108055" lon="116.42366418812769">
        <ele>23.7</ele>
        <time>2022-06-06T11:48:45Z</time>
      </trkpt>
      <trkpt lat="39.81363853324077" lon="116.42368109939551">
        <ele>23.7</ele>
        <time>2022-06-06T11:48:46Z</time>
      </trkpt>
      <trkpt lat="39.81361683178848" lon="116.42369812267425">
        <ele>23.7</ele>
        <time>2022-06-06T11:48:47Z</time>
      </trkpt>
      <trkpt lat="39.813595117278275" lon="116.42371520293831">
        <ele>23.7</ele>
        <time>2022-06-06T11:48:48Z</time>
      </trkpt>
      <trkpt lat="39.81357335623287" lon="116.42373228384106">
        <ele>23.7</ele>
        <time>2022-06-06T11:48:49Z</time>
      </trkpt>
      <trkpt lat="39.81355119340874" lon="116.42374943276958">
        <ele>23.7</ele>
        <time>2022-06-06T11:48:50Z</time>
      </trkpt>
      <trkpt lat="39.81352891827578" lon="116.42376624014706">
        <ele>23.7</ele>
        <time>2022-06-06T11:48:51Z</time>
      </trkpt>
      <trkpt lat="39.813506440147435" lon="116.42378265859448">
        <ele>23.7</ele>
        <time>2022-06-06T11:48:52Z</time>
      </trkpt>
      <trkpt lat="39.81348371512861" lon="116.42379866496542">
        <ele>23.7</ele>
        <time>2022-06-06T11:48:53Z</time>
      </trkpt>
      <trkpt lat="39.81346064022399" lon="116.42381423136405">
        <ele>23.7</ele>
        <time>2022-06-06T11:48:54Z</time>
      </trkpt>
      <trkpt lat="39.8134371558514" lon="116.42382941392088">
        <ele>23</ele>
        <time>2022-06-06T11:48:55Z</time>
      </trkpt>
      <trkpt lat="39.81341303322341" lon="116.42384445175561">
        <ele>23</ele>
        <time>2022-06-06T11:48:56Z</time>
      </trkpt>
      <trkpt lat="39.8133884457149" lon="116.42385934698892">
        <ele>23</ele>
        <time>2022-06-06T11:48:57Z</time>
      </trkpt>
      <trkpt lat="39.813363767691705" lon="116.42387388574258">
        <ele>23</ele>
        <time>2022-06-06T11:48:58Z</time>
      </trkpt>
      <trkpt lat="39.81333883637222" lon="116.4238884012264">
        <ele>23</ele>
        <time>2022-06-06T11:48:59Z</time>
      </trkpt>
      <trkpt lat="39.81331384490613" lon="116.4239030015083">
        <ele>23.4</ele>
        <time>2022-06-06T11:49:00Z</time>
      </trkpt>
      <trkpt lat="39.81328898357768" lon="116.42391779267618">
        <ele>23.4</ele>
        <time>2022-06-06T11:49:01Z</time>
      </trkpt>
      <trkpt lat="39.81326437735211" lon="116.42393292496959">
        <ele>23.4</ele>
        <time>2022-06-06T11:49:02Z</time>
      </trkpt>
      <trkpt lat="39.81324011987439" lon="116.4239484431699">
        <ele>23.4</ele>
        <time>2022-06-06T11:49:03Z</time>
      </trkpt>
      <trkpt lat="39.813215997883795" lon="116.4239645609905">
        <ele>23.4</ele>
        <time>2022-06-06T11:49:04Z</time>
      </trkpt>
      <trkpt lat="39.81319237719942" lon="116.4239809954748">
        <ele>23.5</ele>
        <time>2022-06-06T11:49:05Z</time>
      </trkpt>
      <trkpt lat="39.8131689546386" lon="116.4239980040689">
        <ele>23.5</ele>
        <time>2022-06-06T11:49:06Z</time>
      </trkpt>
      <trkpt lat="39.81314599197688" lon="116.42401528887635">
        <ele>23.5</ele>
        <time>2022-06-06T11:49:07Z</time>
      </trkpt>
      <trkpt lat="39.8131230558769" lon="116.42403299394178">
        <ele>23.5</ele>
        <time>2022-06-06T11:49:08Z</time>
      </trkpt>
      <trkpt lat="39.81310008957868" lon="116.42405102899023">
        <ele>23.5</ele>
        <time>2022-06-06T11:49:09Z</time>
      </trkpt>
      <trkpt lat="39.8130770505303" lon="116.42406931695996">
        <ele>23.5</ele>
        <time>2022-06-06T11:49:10Z</time>
      </trkpt>
      <trkpt lat="39.81305386233686" lon="116.42408779102131">
        <ele>23.5</ele>
        <time>2022-06-06T11:49:11Z</time>
      </trkpt>
      <trkpt lat="39.81303074137142" lon="116.42410622500807">
        <ele>23.5</ele>
        <time>2022-06-06T11:49:12Z</time>
      </trkpt>
      <trkpt lat="39.81300731240135" lon="116.42412480719814">
        <ele>23.5</ele>
        <time>2022-06-06T11:49:13Z</time>
      </trkpt>
      <trkpt lat="39.812983578717095" lon="116.42414337929856">
        <ele>23.5</ele>
        <time>2022-06-06T11:49:14Z</time>
      </trkpt>
      <trkpt lat="39.812959519700456" lon="116.42416181354088">
        <ele>23.5</ele>
        <time>2022-06-06T11:49:15Z</time>
      </trkpt>
      <trkpt lat="39.8129351578259" lon="116.424179972442">
        <ele>23.5</ele>
        <time>2022-06-06T11:49:16Z</time>
      </trkpt>
      <trkpt lat="39.812910780436404" lon="116.42419754403727">
        <ele>23.5</ele>
        <time>2022-06-06T11:49:17Z</time>
      </trkpt>
      <trkpt lat="39.81288606700737" lon="116.42421478764246">
        <ele>23.5</ele>
        <time>2022-06-06T11:49:18Z</time>
      </trkpt>
      <trkpt lat="39.812861438099695" lon="116.424231562395">
        <ele>23.5</ele>
        <time>2022-06-06T11:49:19Z</time>
      </trkpt>
      <trkpt lat="39.81283661875086" lon="116.42424819095575">
        <ele>23.5</ele>
        <time>2022-06-06T11:49:20Z</time>
      </trkpt>
      <trkpt lat="39.81281198974931" lon="116.42426459442133">
        <ele>23.5</ele>
        <time>2022-06-06T11:49:21Z</time>
      </trkpt>
      <trkpt lat="39.81278752479905" lon="116.42428085559452">
        <ele>23.5</ele>
        <time>2022-06-06T11:49:22Z</time>
      </trkpt>
      <trkpt lat="39.81276322118259" lon="116.42429699186327">
        <ele>23.5</ele>
        <time>2022-06-06T11:49:23Z</time>
      </trkpt>
      <trkpt lat="39.81273929625525" lon="116.42431277325875">
        <ele>23.5</ele>
        <time>2022-06-06T11:49:24Z</time>
      </trkpt>
      <trkpt lat="39.812715399663325" lon="116.42432855683964">
        <ele>23.4</ele>
        <time>2022-06-06T11:49:25Z</time>
      </trkpt>
      <trkpt lat="39.81269186651601" lon="116.4243441858923">
        <ele>23.4</ele>
        <time>2022-06-06T11:49:26Z</time>
      </trkpt>
      <trkpt lat="39.81266839575423" lon="116.42436004864221">
        <ele>23.4</ele>
        <time>2022-06-06T11:49:27Z</time>
      </trkpt>
      <trkpt lat="39.8126450640904" lon="116.42437625041549">
        <ele>23.4</ele>
        <time>2022-06-06T11:49:28Z</time>
      </trkpt>
      <trkpt lat="39.812622205684725" lon="116.42439266687242">
        <ele>23.4</ele>
        <time>2022-06-06T11:49:29Z</time>
      </trkpt>
      <trkpt lat="39.81259941822861" lon="116.42440957442383">
        <ele>23.4</ele>
        <time>2022-06-06T11:49:30Z</time>
      </trkpt>
      <trkpt lat="39.81257694508109" lon="116.4244266961287">
        <ele>23.4</ele>
        <time>2022-06-06T11:49:31Z</time>
      </trkpt>
      <trkpt lat="39.81255451099157" lon="116.42444381167503">
        <ele>23.4</ele>
        <time>2022-06-06T11:49:32Z</time>
      </trkpt>
      <trkpt lat="39.81253167339087" lon="116.42446113747258">
        <ele>23.4</ele>
        <time>2022-06-06T11:49:33Z</time>
      </trkpt>
      <trkpt lat="39.81250842245104" lon="116.42447867858867">
        <ele>23.4</ele>
        <time>2022-06-06T11:49:34Z</time>
      </trkpt>
      <trkpt lat="39.812484538512464" lon="116.42449681655333">
        <ele>23.8</ele>
        <time>2022-06-06T11:49:35Z</time>
      </trkpt>
      <trkpt lat="39.81246040686486" lon="116.4245153830872">
        <ele>23.8</ele>
        <time>2022-06-06T11:49:36Z</time>
      </trkpt>
      <trkpt lat="39.812436164220856" lon="116.42453456338913">
        <ele>23.8</ele>
        <time>2022-06-06T11:49:37Z</time>
      </trkpt>
      <trkpt lat="39.812412139828844" lon="116.42455404400839">
        <ele>23.8</ele>
        <time>2022-06-06T11:49:38Z</time>
      </trkpt>
      <trkpt lat="39.81238850668313" lon="116.42457345845492">
        <ele>23.8</ele>
        <time>2022-06-06T11:49:39Z</time>
      </trkpt>
      <trkpt lat="39.812364783263234" lon="116.42459276600574">
        <ele>23.8</ele>
        <time>2022-06-06T11:49:40Z</time>
      </trkpt>
      <trkpt lat="39.8123413020255" lon="116.42461161252011">
        <ele>23.8</ele>
        <time>2022-06-06T11:49:41Z</time>
      </trkpt>
      <trkpt lat="39.81231789560861" lon="116.42462993310785">
        <ele>23.8</ele>
        <time>2022-06-06T11:49:42Z</time>
      </trkpt>
      <trkpt lat="39.81229444440209" lon="116.4246481250683">
        <ele>23.8</ele>
        <time>2022-06-06T11:49:43Z</time>
      </trkpt>
      <trkpt lat="39.81227140998494" lon="116.42466597383729">
        <ele>23.8</ele>
        <time>2022-06-06T11:49:44Z</time>
      </trkpt>
      <trkpt lat="39.812248826996345" lon="116.42468347476608">
        <ele>23.6</ele>
        <time>2022-06-06T11:49:45Z</time>
      </trkpt>
      <trkpt lat="39.81222659745014" lon="116.42470039196179">
        <ele>23.6</ele>
        <time>2022-06-06T11:49:46Z</time>
      </trkpt>
      <trkpt lat="39.81220465187195" lon="116.42471663093988">
        <ele>23.6</ele>
        <time>2022-06-06T11:49:47Z</time>
      </trkpt>
      <trkpt lat="39.81218253326464" lon="116.4247322398466">
        <ele>23.6</ele>
        <time>2022-06-06T11:49:48Z</time>
      </trkpt>
      <trkpt lat="39.81216025189694" lon="116.42474731690514">
        <ele>23.6</ele>
        <time>2022-06-06T11:49:49Z</time>
      </trkpt>
      <trkpt lat="39.81213758100859" lon="116.42476218838355">
        <ele>23.6</ele>
        <time>2022-06-06T11:49:50Z</time>
      </trkpt>
      <trkpt lat="39.8121148110588" lon="116.42477714759195">
        <ele>23.6</ele>
        <time>2022-06-06T11:49:51Z</time>
      </trkpt>
      <trkpt lat="39.81209206782753" lon="116.42479217012844">
        <ele>23.6</ele>
        <time>2022-06-06T11:49:52Z</time>
      </trkpt>
      <trkpt lat="39.81206931044427" lon="116.42480746251734">
        <ele>23.6</ele>
        <time>2022-06-06T11:49:53Z</time>
      </trkpt>
      <trkpt lat="39.812046936171946" lon="116.42482268950508">
        <ele>23.6</ele>
        <time>2022-06-06T11:49:54Z</time>
      </trkpt>
      <trkpt lat="39.81202468030597" lon="116.4248379992604">
        <ele>23</ele>
        <time>2022-06-06T11:49:55Z</time>
      </trkpt>
      <trkpt lat="39.81200258895453" lon="116.4248533104363">
        <ele>23</ele>
        <time>2022-06-06T11:49:56Z</time>
      </trkpt>
      <trkpt lat="39.811981062648485" lon="116.424868499947">
        <ele>23</ele>
        <time>2022-06-06T11:49:57Z</time>
      </trkpt>
      <trkpt lat="39.81195981812506" lon="116.42488383633625">
        <ele>23</ele>
        <time>2022-06-06T11:49:58Z</time>
      </trkpt>
      <trkpt lat="39.81193915538998" lon="116.42489911902128">
        <ele>23</ele>
        <time>2022-06-06T11:49:59Z</time>
      </trkpt>
      <trkpt lat="39.81191870633754" lon="116.42491447702622">
        <ele>23.3</ele>
        <time>2022-06-06T11:50:00Z</time>
      </trkpt>
      <trkpt lat="39.8118984669501" lon="116.4249297953044">
        <ele>23.3</ele>
        <time>2022-06-06T11:50:01Z</time>
      </trkpt>
      <trkpt lat="39.811878627680706" lon="116.42494474606148">
        <ele>23.3</ele>
        <time>2022-06-06T11:50:02Z</time>
      </trkpt>
      <trkpt lat="39.81185872911101" lon="116.42495959688995">
        <ele>23.3</ele>
        <time>2022-06-06T11:50:03Z</time>
      </trkpt>
      <trkpt lat="39.8118390188992" lon="116.42497421735135">
        <ele>23.3</ele>
        <time>2022-06-06T11:50:04Z</time>
      </trkpt>
      <trkpt lat="39.81181940214722" lon="116.4249887458846">
        <ele>23.8</ele>
        <time>2022-06-06T11:50:05Z</time>
      </trkpt>
      <trkpt lat="39.811799696133654" lon="116.42500315841856">
        <ele>23.8</ele>
        <time>2022-06-06T11:50:06Z</time>
      </trkpt>
      <trkpt lat="39.81177981672207" lon="116.4250175877087">
        <ele>23.8</ele>
        <time>2022-06-06T11:50:07Z</time>
      </trkpt>
      <trkpt lat="39.81175941134528" lon="116.4250322418798">
        <ele>23.8</ele>
        <time>2022-06-06T11:50:08Z</time>
      </trkpt>
      <trkpt lat="39.81173879204745" lon="116.42504691161116">
        <ele>23.8</ele>
        <time>2022-06-06T11:50:09Z</time>
      </trkpt>
      <trkpt lat="39.81171768246207" lon="116.42506184362745">
        <ele>23.8</ele>
        <time>2022-06-06T11:50:10Z</time>
      </trkpt>
      <trkpt lat="39.81169658252256" lon="116.42507701990894">
        <ele>23.8</ele>
        <time>2022-06-06T11:50:11Z</time>
      </trkpt>
      <trkpt lat="39.81167554827685" lon="116.42509250993926">
        <ele>23.8</ele>
        <time>2022-06-06T11:50:12Z</time>
      </trkpt>
      <trkpt lat="39.81165436878716" lon="116.42510861511913">
        <ele>23.8</ele>
        <time>2022-06-06T11:50:13Z</time>
      </trkpt>
      <trkpt lat="39.81163338414487" lon="116.42512502818862">
        <ele>23.8</ele>
        <time>2022-06-06T11:50:14Z</time>
      </trkpt>
      <trkpt lat="39.811612438090066" lon="116.42514157437095">
        <ele>23.5</ele>
        <time>2022-06-06T11:50:15Z</time>
      </trkpt>
      <trkpt lat="39.811591113005" lon="116.4251583019405">
        <ele>23.5</ele>
        <time>2022-06-06T11:50:16Z</time>
      </trkpt>
      <trkpt lat="39.81156986727906" lon="116.42517504610834">
        <ele>23.5</ele>
        <time>2022-06-06T11:50:17Z</time>
      </trkpt>
      <trkpt lat="39.811548198112185" lon="116.42519131651052">
        <ele>23.5</ele>
        <time>2022-06-06T11:50:18Z</time>
      </trkpt>
      <trkpt lat="39.8115264448777" lon="116.4252062871391">
        <ele>23.5</ele>
        <time>2022-06-06T11:50:19Z</time>
      </trkpt>
      <trkpt lat="39.81150480420227" lon="116.42521903231199">
        <ele>23.5</ele>
        <time>2022-06-06T11:50:20Z</time>
      </trkpt>
      <trkpt lat="39.811484219644456" lon="116.42522835452266">
        <ele>23.5</ele>
        <time>2022-06-06T11:50:21Z</time>
      </trkpt>
      <trkpt lat="39.8114648989678" lon="116.42523357815385">
        <ele>23.5</ele>
        <time>2022-06-06T11:50:22Z</time>
      </trkpt>
      <trkpt lat="39.81144711086072" lon="116.42523479230452">
        <ele>23.5</ele>
        <time>2022-06-06T11:50:23Z</time>
      </trkpt>
      <trkpt lat="39.81143121387551" lon="116.4252315070842">
        <ele>23.5</ele>
        <time>2022-06-06T11:50:24Z</time>
      </trkpt>
      <trkpt lat="39.81141726452013" lon="116.42522410075752">
        <ele>24.1</ele>
        <time>2022-06-06T11:50:25Z</time>
      </trkpt>
      <trkpt lat="39.81140548646936" lon="116.4252127561847">
        <ele>24.1</ele>
        <time>2022-06-06T11:50:26Z</time>
      </trkpt>
      <trkpt lat="39.81139622156118" lon="116.42519763263843">
        <ele>24.1</ele>
        <time>2022-06-06T11:50:27Z</time>
      </trkpt>
      <trkpt lat="39.81138934875394" lon="116.42517896816435">
        <ele>24.1</ele>
        <time>2022-06-06T11:50:28Z</time>
      </trkpt>
      <trkpt lat="39.81138537545451" lon="116.4251570335915">
        <ele>24.1</ele>
        <time>2022-06-06T11:50:29Z</time>
      </trkpt>
      <trkpt lat="39.81138417165682" lon="116.42513272709382">
        <ele>24.1</ele>
        <time>2022-06-06T11:50:30Z</time>
      </trkpt>
      <trkpt lat="39.811385400134775" lon="116.4251071694314">
        <ele>24.1</ele>
        <time>2022-06-06T11:50:31Z</time>
      </trkpt>
      <trkpt lat="39.81138846220008" lon="116.42508118745505">
        <ele>24.1</ele>
        <time>2022-06-06T11:50:32Z</time>
      </trkpt>
      <trkpt lat="39.811392873850146" lon="116.42505563397415">
        <ele>24.1</ele>
        <time>2022-06-06T11:50:33Z</time>
      </trkpt>
      <trkpt lat="39.81139818884021" lon="116.42503063175486">
        <ele>24.1</ele>
        <time>2022-06-06T11:50:34Z</time>
      </trkpt>
      <trkpt lat="39.8114042702063" lon="116.42500614389175">
        <ele>24.6</ele>
        <time>2022-06-06T11:50:35Z</time>
      </trkpt>
      <trkpt lat="39.811411040658555" lon="116.42498228446614">
        <ele>24.6</ele>
        <time>2022-06-06T11:50:36Z</time>
      </trkpt>
      <trkpt lat="39.811418454176625" lon="116.42495891122252">
        <ele>24.6</ele>
        <time>2022-06-06T11:50:37Z</time>
      </trkpt>
      <trkpt lat="39.81142635982576" lon="116.4249359454341">
        <ele>24.6</ele>
        <time>2022-06-06T11:50:38Z</time>
      </trkpt>
      <trkpt lat="39.811434607816054" lon="116.4249132292734">
        <ele>24.6</ele>
        <time>2022-06-06T11:50:39Z</time>
      </trkpt>
      <trkpt lat="39.81144312179885" lon="116.42489061740586">
        <ele>24.6</ele>
        <time>2022-06-06T11:50:40Z</time>
      </trkpt>
      <trkpt lat="39.81145179996796" lon="116.42486793524407">
        <ele>24.6</ele>
        <time>2022-06-06T11:50:41Z</time>
      </trkpt>
      <trkpt lat="39.81146057188885" lon="116.42484504696849">
        <ele>24.6</ele>
        <time>2022-06-06T11:50:42Z</time>
      </trkpt>
      <trkpt lat="39.81146927668638" lon="116.42482220165711">
        <ele>24.6</ele>
        <time>2022-06-06T11:50:43Z</time>
      </trkpt>
      <trkpt lat="39.811478099977016" lon="116.42479888773">
        <ele>24.6</ele>
        <time>2022-06-06T11:50:44Z</time>
      </trkpt>
      <trkpt lat="39.811487144181385" lon="116.42477517453506">
        <ele>24.1</ele>
        <time>2022-06-06T11:50:45Z</time>
      </trkpt>
      <trkpt lat="39.811496422840705" lon="116.42475157122412">
        <ele>24.1</ele>
        <time>2022-06-06T11:50:46Z</time>
      </trkpt>
      <trkpt lat="39.811506190183884" lon="116.42472767800932">
        <ele>24.1</ele>
        <time>2022-06-06T11:50:47Z</time>
      </trkpt>
      <trkpt lat="39.81151639510648" lon="116.42470399726243">
        <ele>24.1</ele>
        <time>2022-06-06T11:50:48Z</time>
      </trkpt>
      <trkpt lat="39.81152726048777" lon="116.42468066039831">
        <ele>24.1</ele>
        <time>2022-06-06T11:50:49Z</time>
      </trkpt>
      <trkpt lat="39.81153924603173" lon="116.42465765518071">
        <ele>24.1</ele>
        <time>2022-06-06T11:50:50Z</time>
      </trkpt>
      <trkpt lat="39.81155232670247" lon="116.42463566496856">
        <ele>24.1</ele>
        <time>2022-06-06T11:50:51Z</time>
      </trkpt>
      <trkpt lat="39.811566881157944" lon="116.42461471669385">
        <ele>24.1</ele>
        <time>2022-06-06T11:50:52Z</time>
      </trkpt>
      <trkpt lat="39.81158286754101" lon="116.42459497852644">
        <ele>24.1</ele>
        <time>2022-06-06T11:50:53Z</time>
      </trkpt>
      <trkpt lat="39.81160013802211" lon="116.42457635647732">
        <ele>24.1</ele>
        <time>2022-06-06T11:50:54Z</time>
      </trkpt>
      <trkpt lat="39.81161862098345" lon="116.42455887402875">
        <ele>24</ele>
        <time>2022-06-06T11:50:55Z</time>
      </trkpt>
      <trkpt lat="39.81163805460205" lon="116.42454232979262">
        <ele>24</ele>
        <time>2022-06-06T11:50:56Z</time>
      </trkpt>
      <trkpt lat="39.81165824277084" lon="116.42452660900616">
        <ele>24</ele>
        <time>2022-06-06T11:50:57Z</time>
      </trkpt>
      <trkpt lat="39.811679107046366" lon="116.42451176135786">
        <ele>24</ele>
        <time>2022-06-06T11:50:58Z</time>
      </trkpt>
      <trkpt lat="39.811700515835" lon="116.42449780277305">
        <ele>24</ele>
        <time>2022-06-06T11:50:59Z</time>
      </trkpt>
      <trkpt lat="39.81172234924412" lon="116.42448473826543">
        <ele>24.4</ele>
        <time>2022-06-06T11:51:00Z</time>
      </trkpt>
      <trkpt lat="39.81174453019098" lon="116.4244726105097">
        <ele>24.4</ele>
        <time>2022-06-06T11:51:01Z</time>
      </trkpt>
      <trkpt lat="39.81176689736469" lon="116.42446113550128">
        <ele>24.4</ele>
        <time>2022-06-06T11:51:02Z</time>
      </trkpt>
      <trkpt lat="39.81178901445988" lon="116.42445011337085">
        <ele>24.4</ele>
        <time>2022-06-06T11:51:03Z</time>
      </trkpt>
      <trkpt lat="39.811811073395084" lon="116.42443889925404">
        <ele>24.4</ele>
        <time>2022-06-06T11:51:04Z</time>
      </trkpt>
      <trkpt lat="39.811832861402465" lon="116.42442723347614">
        <ele>24.6</ele>
        <time>2022-06-06T11:51:05Z</time>
      </trkpt>
      <trkpt lat="39.81185414438214" lon="116.42441489046028">
        <ele>24.6</ele>
        <time>2022-06-06T11:51:06Z</time>
      </trkpt>
      <trkpt lat="39.81187482842132" lon="116.424401832034">
        <ele>24.6</ele>
        <time>2022-06-06T11:51:07Z</time>
      </trkpt>
      <trkpt lat="39.81189504566423" lon="116.42438768535247">
        <ele>24.6</ele>
        <time>2022-06-06T11:51:08Z</time>
      </trkpt>
      <trkpt lat="39.81191442749188" lon="116.42437263782118">
        <ele>24.6</ele>
        <time>2022-06-06T11:51:09Z</time>
      </trkpt>
      <trkpt lat="39.811932987558684" lon="116.42435653630862">
        <ele>24.6</ele>
        <time>2022-06-06T11:51:10Z</time>
      </trkpt>
      <trkpt lat="39.81195089465662" lon="116.42433891461421">
        <ele>24.6</ele>
        <time>2022-06-06T11:51:11Z</time>
      </trkpt>
      <trkpt lat="39.811967887278136" lon="116.4243199387655">
        <ele>24.6</ele>
        <time>2022-06-06T11:51:12Z</time>
      </trkpt>
      <trkpt lat="39.811984105050485" lon="116.42429967469687">
        <ele>24.6</ele>
        <time>2022-06-06T11:51:13Z</time>
      </trkpt>
      <trkpt lat="39.81199994892752" lon="116.42427802395962">
        <ele>24.6</ele>
        <time>2022-06-06T11:51:14Z</time>
      </trkpt>
      <trkpt lat="39.812015330707865" lon="116.42425559578245">
        <ele>24.5</ele>
        <time>2022-06-06T11:51:15Z</time>
      </trkpt>
      <trkpt lat="39.81203056997545" lon="116.42423280238971">
        <ele>24.5</ele>
        <time>2022-06-06T11:51:16Z</time>
      </trkpt>
      <trkpt lat="39.81204595678169" lon="116.42420994411417">
        <ele>24.5</ele>
        <time>2022-06-06T11:51:17Z</time>
      </trkpt>
      <trkpt lat="39.81206163487064" lon="116.42418716698994">
        <ele>24.5</ele>
        <time>2022-06-06T11:51:18Z</time>
      </trkpt>
      <trkpt lat="39.81207764084923" lon="116.42416453689452">
        <ele>24.5</ele>
        <time>2022-06-06T11:51:19Z</time>
      </trkpt>
      <trkpt lat="39.81209388413242" lon="116.42414200953301">
        <ele>24.5</ele>
        <time>2022-06-06T11:51:20Z</time>
      </trkpt>
      <trkpt lat="39.812110240344026" lon="116.42411948663316">
        <ele>24.5</ele>
        <time>2022-06-06T11:51:21Z</time>
      </trkpt>
      <trkpt lat="39.81212647341715" lon="116.42409721472298">
        <ele>24.5</ele>
        <time>2022-06-06T11:51:22Z</time>
      </trkpt>
      <trkpt lat="39.81214254124752" lon="116.42407508220668">
        <ele>24.5</ele>
        <time>2022-06-06T11:51:23Z</time>
      </trkpt>
      <trkpt lat="39.81215867528295" lon="116.42405283203657">
        <ele>24.5</ele>
        <time>2022-06-06T11:51:24Z</time>
      </trkpt>
      <trkpt lat="39.81217469706103" lon="116.42403098601496">
        <ele>24.8</ele>
        <time>2022-06-06T11:51:25Z</time>
      </trkpt>
      <trkpt lat="39.81219074813812" lon="116.42400981628711">
        <ele>24.8</ele>
        <time>2022-06-06T11:51:26Z</time>
      </trkpt>
      <trkpt lat="39.81220725774187" lon="116.42398959362937">
        <ele>24.8</ele>
        <time>2022-06-06T11:51:27Z</time>
      </trkpt>
      <trkpt lat="39.81222401425471" lon="116.42397101287597">
        <ele>24.8</ele>
        <time>2022-06-06T11:51:28Z</time>
      </trkpt>
      <trkpt lat="39.812241033457006" lon="116.42395395141313">
        <ele>24.8</ele>
        <time>2022-06-06T11:51:29Z</time>
      </trkpt>
      <trkpt lat="39.81225852552856" lon="116.42393909283345">
        <ele>24.8</ele>
        <time>2022-06-06T11:51:30Z</time>
      </trkpt>
      <trkpt lat="39.81227655177095" lon="116.42392631042593">
        <ele>24.8</ele>
        <time>2022-06-06T11:51:31Z</time>
      </trkpt>
      <trkpt lat="39.81229516642747" lon="116.42391541617835">
        <ele>24.8</ele>
        <time>2022-06-06T11:51:32Z</time>
      </trkpt>
      <trkpt lat="39.812314693905414" lon="116.42390618564643">
        <ele>24.8</ele>
        <time>2022-06-06T11:51:33Z</time>
      </trkpt>
      <trkpt lat="39.812335014802414" lon="116.42389838434495">
        <ele>24.8</ele>
        <time>2022-06-06T11:51:34Z</time>
      </trkpt>
      <trkpt lat="39.812355810881535" lon="116.42389213499999">
        <ele>24.6</ele>
        <time>2022-06-06T11:51:35Z</time>
      </trkpt>
      <trkpt lat="39.81237727486405" lon="116.42388707009114">
        <ele>24.6</ele>
        <time>2022-06-06T11:51:36Z</time>
      </trkpt>
      <trkpt lat="39.812399453663765" lon="116.42388268665262">
        <ele>24.6</ele>
        <time>2022-06-06T11:51:37Z</time>
      </trkpt>
      <trkpt lat="39.81242171647886" lon="116.4238784315093">
        <ele>24.6</ele>
        <time>2022-06-06T11:51:38Z</time>
      </trkpt>
      <trkpt lat="39.81244383998864" lon="116.42387350472872">
        <ele>24.6</ele>
        <time>2022-06-06T11:51:39Z</time>
      </trkpt>
      <trkpt lat="39.812466179280385" lon="116.4238679071269">
        <ele>24.6</ele>
        <time>2022-06-06T11:51:40Z</time>
      </trkpt>
      <trkpt lat="39.81248838391701" lon="116.42386168326502">
        <ele>24.6</ele>
        <time>2022-06-06T11:51:41Z</time>
      </trkpt>
      <trkpt lat="39.81251049491649" lon="116.4238550245483">
        <ele>24.6</ele>
        <time>2022-06-06T11:51:42Z</time>
      </trkpt>
      <trkpt lat="39.81253281715963" lon="116.4238479527908">
        <ele>24.6</ele>
        <time>2022-06-06T11:51:43Z</time>
      </trkpt>
      <trkpt lat="39.812554964188976" lon="116.42384066120502">
        <ele>24.6</ele>
        <time>2022-06-06T11:51:44Z</time>
      </trkpt>
      <trkpt lat="39.81257728586519" lon="116.42383315240936">
        <ele>24.5</ele>
        <time>2022-06-06T11:51:45Z</time>
      </trkpt>
      <trkpt lat="39.81259973029701" lon="116.42382546418932">
        <ele>24.5</ele>
        <time>2022-06-06T11:51:46Z</time>
      </trkpt>
      <trkpt lat="39.81262198043648" lon="116.42381769290691">
        <ele>24.5</ele>
        <time>2022-06-06T11:51:47Z</time>
      </trkpt>
      <trkpt lat="39.812644076503325" lon="116.42380981538994">
        <ele>24.5</ele>
        <time>2022-06-06T11:51:48Z</time>
      </trkpt>
      <trkpt lat="39.812666084037204" lon="116.42380206705226">
        <ele>24.5</ele>
        <time>2022-06-06T11:51:49Z</time>
      </trkpt>
      <trkpt lat="39.81268811390794" lon="116.42379480832636">
        <ele>24.5</ele>
        <time>2022-06-06T11:51:50Z</time>
      </trkpt>
      <trkpt lat="39.812710083065646" lon="116.42378804315096">
        <ele>24.5</ele>
        <time>2022-06-06T11:51:51Z</time>
      </trkpt>
      <trkpt lat="39.8127318595968" lon="116.42378141773594">
        <ele>24.5</ele>
        <time>2022-06-06T11:51:52Z</time>
      </trkpt>
      <trkpt lat="39.81275367149464" lon="116.42377505480395">
        <ele>24.5</ele>
        <time>2022-06-06T11:51:53Z</time>
      </trkpt>
      <trkpt lat="39.81277509471181" lon="116.42376949056451">
        <ele>24.5</ele>
        <time>2022-06-06T11:51:54Z</time>
      </trkpt>
      <trkpt lat="39.81279601034967" lon="116.4237653094702">
        <ele>24</ele>
        <time>2022-06-06T11:51:55Z</time>
      </trkpt>
      <trkpt lat="39.81281649706069" lon="116.42376249092433">
        <ele>24</ele>
        <time>2022-06-06T11:51:56Z</time>
      </trkpt>
      <trkpt lat="39.81283635586172" lon="116.42376161479524">
        <ele>24</ele>
        <time>2022-06-06T11:51:57Z</time>
      </trkpt>
      <trkpt lat="39.81285523258645" lon="116.42376304225546">
        <ele>24</ele>
        <time>2022-06-06T11:51:58Z</time>
      </trkpt>
      <trkpt lat="39.81287279135567" lon="116.42376731708563">
        <ele>24</ele>
        <time>2022-06-06T11:51:59Z</time>
      </trkpt>
      <trkpt lat="39.812889064516355" lon="116.4237742934947">
        <ele>24.1</ele>
        <time>2022-06-06T11:52:00Z</time>
      </trkpt>
      <trkpt lat="39.812903656907245" lon="116.42378405486932">
        <ele>24.1</ele>
        <time>2022-06-06T11:52:01Z</time>
      </trkpt>
      <trkpt lat="39.812916435821414" lon="116.42379696070338">
        <ele>24.1</ele>
        <time>2022-06-06T11:52:02Z</time>
      </trkpt>
      <trkpt lat="39.812927845276164" lon="116.42381269693202">
        <ele>24.1</ele>
        <time>2022-06-06T11:52:03Z</time>
      </trkpt>
      <trkpt lat="39.81293807641672" lon="116.42383115327077">
        <ele>24.1</ele>
        <time>2022-06-06T11:52:04Z</time>
      </trkpt>
      <trkpt lat="39.812947271481946" lon="116.42385180684784">
        <ele>23.9</ele>
        <time>2022-06-06T11:52:05Z</time>
      </trkpt>
      <trkpt lat="39.81295663831441" lon="116.42387307113621">
        <ele>23.9</ele>
        <time>2022-06-06T11:52:06Z</time>
      </trkpt>
      <trkpt lat="39.81296619210557" lon="116.42389441940895">
        <ele>23.9</ele>
        <time>2022-06-06T11:52:07Z</time>
      </trkpt>
      <trkpt lat="39.812976430730465" lon="116.42391471783334">
        <ele>23.9</ele>
        <time>2022-06-06T11:52:08Z</time>
      </trkpt>
      <trkpt lat="39.81298817819999" lon="116.42393305408953">
        <ele>23.9</ele>
        <time>2022-06-06T11:52:09Z</time>
      </trkpt>
      <trkpt lat="39.81300148665511" lon="116.42394865964837">
        <ele>23.9</ele>
        <time>2022-06-06T11:52:10Z</time>
      </trkpt>
      <trkpt lat="39.81301643178601" lon="116.42396146768614">
        <ele>23.9</ele>
        <time>2022-06-06T11:52:11Z</time>
      </trkpt>
      <trkpt lat="39.81303365892982" lon="116.42397111737293">
        <ele>23.9</ele>
        <time>2022-06-06T11:52:12Z</time>
      </trkpt>
      <trkpt lat="39.813052951519886" lon="116.4239771798015">
        <ele>23.9</ele>
        <time>2022-06-06T11:52:13Z</time>
      </trkpt>
      <trkpt lat="39.81307392918575" lon="116.42397980885974">
        <ele>23.9</ele>
        <time>2022-06-06T11:52:14Z</time>
      </trkpt>
      <trkpt lat="39.813096454787164" lon="116.42397867557673">
        <ele>23.6</ele>
        <time>2022-06-06T11:52:15Z</time>
      </trkpt>
      <trkpt lat="39.813120428590906" lon="116.42397387800918">
        <ele>23.6</ele>
        <time>2022-06-06T11:52:16Z</time>
      </trkpt>
      <trkpt lat="39.8131451053071" lon="116.42396634733306">
        <ele>23.6</ele>
        <time>2022-06-06T11:52:17Z</time>
      </trkpt>
      <trkpt lat="39.81317007545152" lon="116.42395687049871">
        <ele>23.6</ele>
        <time>2022-06-06T11:52:18Z</time>
      </trkpt>
      <trkpt lat="39.81319510995499" lon="116.42394603427128">
        <ele>23.6</ele>
        <time>2022-06-06T11:52:19Z</time>
      </trkpt>
      <trkpt lat="39.813220051570035" lon="116.42393422285811">
        <ele>23.6</ele>
        <time>2022-06-06T11:52:20Z</time>
      </trkpt>
      <trkpt lat="39.81324487867148" lon="116.42392188327793">
        <ele>23.6</ele>
        <time>2022-06-06T11:52:21Z</time>
      </trkpt>
      <trkpt lat="39.813269576840426" lon="116.42390923082563">
        <ele>23.6</ele>
        <time>2022-06-06T11:52:22Z</time>
      </trkpt>
      <trkpt lat="39.8132939200384" lon="116.42389652162086">
        <ele>23.6</ele>
        <time>2022-06-06T11:52:23Z</time>
      </trkpt>
      <trkpt lat="39.813318374083316" lon="116.42388366173418">
        <ele>23.6</ele>
        <time>2022-06-06T11:52:24Z</time>
      </trkpt>
      <trkpt lat="39.81334293190812" lon="116.42387075846356">
        <ele>22.9</ele>
        <time>2022-06-06T11:52:25Z</time>
      </trkpt>
      <trkpt lat="39.81336760668122" lon="116.42385782986067">
        <ele>22.9</ele>
        <time>2022-06-06T11:52:26Z</time>
      </trkpt>
      <trkpt lat="39.81339238477438" lon="116.4238449220182">
        <ele>22.9</ele>
        <time>2022-06-06T11:52:27Z</time>
      </trkpt>
      <trkpt lat="39.81341727105973" lon="116.423831985208">
        <ele>22.9</ele>
        <time>2022-06-06T11:52:28Z</time>
      </trkpt>
      <trkpt lat="39.81344222847715" lon="116.42381898448106">
        <ele>22.9</ele>
        <time>2022-06-06T11:52:29Z</time>
      </trkpt>
      <trkpt lat="39.81346722062643" lon="116.42380588232336">
        <ele>22.9</ele>
        <time>2022-06-06T11:52:30Z</time>
      </trkpt>
      <trkpt lat="39.8134921732229" lon="116.4237925810917">
        <ele>22.9</ele>
        <time>2022-06-06T11:52:31Z</time>
      </trkpt>
      <trkpt lat="39.813517007268146" lon="116.42377898148794">
        <ele>22.9</ele>
        <time>2022-06-06T11:52:32Z</time>
      </trkpt>
      <trkpt lat="39.81354191319898" lon="116.42376482509472">
        <ele>22.9</ele>
        <time>2022-06-06T11:52:33Z</time>
      </trkpt>
      <trkpt lat="39.81356677980319" lon="116.42375013179887">
        <ele>22.9</ele>
        <time>2022-06-06T11:52:34Z</time>
      </trkpt>
      <trkpt lat="39.81359113136695" lon="116.42373508805392">
        <ele>23.5</ele>
        <time>2022-06-06T11:52:35Z</time>
      </trkpt>
      <trkpt lat="39.813615243190554" lon="116.42371944848544">
        <ele>23.5</ele>
        <time>2022-06-06T11:52:36Z</time>
      </trkpt>
      <trkpt lat="39.813639018311534" lon="116.42370321385404">
        <ele>23.5</ele>
        <time>2022-06-06T11:52:37Z</time>
      </trkpt>
      <trkpt lat="39.81366246546196" lon="116.42368649489764">
        <ele>23.5</ele>
        <time>2022-06-06T11:52:38Z</time>
      </trkpt>
      <trkpt lat="39.813685537093995" lon="116.42366929587705">
        <ele>23.5</ele>
        <time>2022-06-06T11:52:39Z</time>
      </trkpt>
      <trkpt lat="39.81370825206984" lon="116.42365170064373">
        <ele>23.5</ele>
        <time>2022-06-06T11:52:40Z</time>
      </trkpt>
      <trkpt lat="39.81373063386729" lon="116.42363382632946">
        <ele>23.5</ele>
        <time>2022-06-06T11:52:41Z</time>
      </trkpt>
      <trkpt lat="39.81375268266683" lon="116.42361568968921">
        <ele>23.5</ele>
        <time>2022-06-06T11:52:42Z</time>
      </trkpt>
      <trkpt lat="39.81377442004075" lon="116.42359734437676">
        <ele>23.5</ele>
        <time>2022-06-06T11:52:43Z</time>
      </trkpt>
      <trkpt lat="39.813795593328614" lon="116.42357913313893">
        <ele>23.5</ele>
        <time>2022-06-06T11:52:44Z</time>
      </trkpt>
      <trkpt lat="39.813819324410595" lon="116.42355970740431">
        <ele>23.5</ele>
        <time>2022-06-06T11:52:45Z</time>
      </trkpt>
      <trkpt lat="39.81383917443678" lon="116.4235427696714">
        <ele>23.5</ele>
        <time>2022-06-06T11:52:46Z</time>
      </trkpt>
      <trkpt lat="39.81386069599564" lon="116.42352346982996">
        <ele>23.5</ele>
        <time>2022-06-06T11:52:47Z</time>
      </trkpt>
      <trkpt lat="39.81388043135488" lon="116.42350506813939">
        <ele>23.5</ele>
        <time>2022-06-06T11:52:48Z</time>
      </trkpt>
    </trkseg>
  </trk>
</gpx>