<?xml version="1.0" encoding="UTF-8"?>
<gpx xmlns="http://www.topografix.com/GPX/1/1" xmlns:gpxtpx="http://www.garmin.com/xmlschemas/TrackPointExtension/v1" xmlns:xsi="http://www.w3.org/2001/XMLSchema-instance" xsi:schemaLocation="http://www.topografix.com/GPX/1/1 http://www.topografix.com/GPX/1/1/gpx.xsd" version="1.1" creator="gpx.py -- https://github.com/tkrajina/gpxpy">
  <trk>
    <name>gpx from codoon</name>
    <type>Run</type>
    <trkseg>
      <trkpt lat="43.81438425225101" lon="87.58926925651959">
        <ele>760.332138671875</ele>
        <time>2020-05-09T23:45:24Z</time>
      </trkpt>
      <trkpt lat="43.81438524885088" lon="87.58925225036464">
        <ele>760.332138671875</ele>
        <time>2020-05-09T23:45:25Z</time>
      </trkpt>
      <trkpt lat="43.81437224311621" lon="87.58925925353843">
        <ele>760.332138671875</ele>
        <time>2020-05-09T23:45:26Z</time>
      </trkpt>
      <trkpt lat="43.81434223146655" lon="87.58928226330227">
        <ele>759.6147540283204</ele>
        <time>2020-05-09T23:45:29Z</time>
      </trkpt>
      <trkpt lat="43.814300215072315" lon="87.58931427684729">
        <ele>759.6147540283204</ele>
        <time>2020-05-09T23:45:31Z</time>
      </trkpt>
      <trkpt lat="43.81425519463566" lon="87.5893362869403">
        <ele>759.6147540283204</ele>
        <time>2020-05-09T23:45:33Z</time>
      </trkpt>
      <trkpt lat="43.81421317587928" lon="87.58935829685245">
        <ele>759.6396667480469</ele>
        <time>2020-05-09T23:45:35Z</time>
      </trkpt>
      <trkpt lat="43.814170157219756" lon="87.58938330784181">
        <ele>760.0840283203125</ele>
        <time>2020-05-09T23:45:39Z</time>
      </trkpt>
      <trkpt lat="43.8141311414807" lon="87.58941131964175">
        <ele>760.0840283203125</ele>
        <time>2020-05-09T23:45:41Z</time>
      </trkpt>
      <trkpt lat="43.814090124123595" lon="87.58943733079913">
        <ele>760.0840283203125</ele>
        <time>2020-05-09T23:45:43Z</time>
      </trkpt>
      <trkpt lat="43.81404010006646" lon="87.58945633994149">
        <ele>760.4277221679688</ele>
        <time>2020-05-09T23:45:45Z</time>
      </trkpt>
      <trkpt lat="43.81398607216114" lon="87.58946834683955">
        <ele>760.4277221679688</ele>
        <time>2020-05-09T23:45:47Z</time>
      </trkpt>
      <trkpt lat="43.81392804220891" lon="87.58948135427741">
        <ele>760.8217498779297</ele>
        <time>2020-05-09T23:45:49Z</time>
      </trkpt>
      <trkpt lat="43.81387701644024" lon="87.58949536169585">
        <ele>760.8217498779297</ele>
        <time>2020-05-09T23:45:51Z</time>
      </trkpt>
      <trkpt lat="43.81382599088705" lon="87.58951036944674">
        <ele>760.8217498779297</ele>
        <time>2020-05-09T23:45:53Z</time>
      </trkpt>
      <trkpt lat="43.813776965793835" lon="87.5895223760529">
        <ele>761.7048803710937</ele>
        <time>2020-05-09T23:45:55Z</time>
      </trkpt>
      <trkpt lat="43.813727940917154" lon="87.58953538299309">
        <ele>761.7048803710937</ele>
        <time>2020-05-09T23:45:57Z</time>
      </trkpt>
      <trkpt lat="43.8136809171675" lon="87.58954838982194">
        <ele>761.5716735839844</ele>
        <time>2020-05-09T23:45:59Z</time>
      </trkpt>
      <trkpt lat="43.813636895550815" lon="87.58956339717089">
        <ele>761.5716735839844</ele>
        <time>2020-05-09T23:46:01Z</time>
      </trkpt>
      <trkpt lat="43.813594875277325" lon="87.5895794047452">
        <ele>761.5716735839844</ele>
        <time>2020-05-09T23:46:03Z</time>
      </trkpt>
      <trkpt lat="43.81355385556004" lon="87.58959541225356">
        <ele>761.5960778808594</ele>
        <time>2020-05-09T23:46:05Z</time>
      </trkpt>
      <trkpt lat="43.81351183570172" lon="87.58961342047333">
        <ele>761.5960778808594</ele>
        <time>2020-05-09T23:46:07Z</time>
      </trkpt>
      <trkpt lat="43.81346981626385" lon="87.58963342934744">
        <ele>761.0312200927734</ele>
        <time>2020-05-09T23:46:09Z</time>
      </trkpt>
      <trkpt lat="43.81342879759148" lon="87.58965443848261">
        <ele>761.0312200927734</ele>
        <time>2020-05-09T23:46:11Z</time>
      </trkpt>
      <trkpt lat="43.81338878011125" lon="87.58967844854337">
        <ele>761.0312200927734</ele>
        <time>2020-05-09T23:46:13Z</time>
      </trkpt>
      <trkpt lat="43.813348762179146" lon="87.58970045790423">
        <ele>760.7785339355469</ele>
        <time>2020-05-09T23:46:15Z</time>
      </trkpt>
      <trkpt lat="43.813310745571606" lon="87.58972346746636">
        <ele>760.7785339355469</ele>
        <time>2020-05-09T23:46:17Z</time>
      </trkpt>
      <trkpt lat="43.8132727285181" lon="87.58974447633666">
        <ele>760.7785339355469</ele>
        <time>2020-05-09T23:46:19Z</time>
      </trkpt>
      <trkpt lat="43.813234712078376" lon="87.58976848616706">
        <ele>761.3393243408203</ele>
        <time>2020-05-09T23:46:21Z</time>
      </trkpt>
      <trkpt lat="43.813198697374794" lon="87.58979549684341">
        <ele>761.3393243408203</ele>
        <time>2020-05-09T23:46:23Z</time>
      </trkpt>
      <trkpt lat="43.81316468418818" lon="87.58982450802586">
        <ele>762.0907733154297</ele>
        <time>2020-05-09T23:46:25Z</time>
      </trkpt>
      <trkpt lat="43.81313267188991" lon="87.58985251873312">
        <ele>762.0907733154297</ele>
        <time>2020-05-09T23:46:27Z</time>
      </trkpt>
      <trkpt lat="43.813099658580015" lon="87.58987852879997">
        <ele>762.0907733154297</ele>
        <time>2020-05-09T23:46:29Z</time>
      </trkpt>
      <trkpt lat="43.8130636414944" lon="87.58989453576925">
        <ele>762.2224548339843</ele>
        <time>2020-05-09T23:46:31Z</time>
      </trkpt>
      <trkpt lat="43.81302762132763" lon="87.58989553791277">
        <ele>762.2224548339843</ele>
        <time>2020-05-09T23:46:33Z</time>
      </trkpt>
      <trkpt lat="43.812992600291516" lon="87.58988953775656">
        <ele>762.0617932128906</ele>
        <time>2020-05-09T23:46:35Z</time>
      </trkpt>
      <trkpt lat="43.812954577351675" lon="87.58988253742818">
        <ele>762.0617932128906</ele>
        <time>2020-05-09T23:46:37Z</time>
      </trkpt>
      <trkpt lat="43.81291255482111" lon="87.5898885414847">
        <ele>762.0617932128906</ele>
        <time>2020-05-09T23:46:39Z</time>
      </trkpt>
      <trkpt lat="43.812866534936724" lon="87.58991855343321">
        <ele>762.7939221191406</ele>
        <time>2020-05-09T23:46:41Z</time>
      </trkpt>
      <trkpt lat="43.812827522413116" lon="87.58996557037061">
        <ele>762.7939221191406</ele>
        <time>2020-05-09T23:46:43Z</time>
      </trkpt>
      <trkpt lat="43.81280051937387" lon="87.590026590961">
        <ele>762.3099035644532</ele>
        <time>2020-05-09T23:46:45Z</time>
      </trkpt>
      <trkpt lat="43.812784521998786" lon="87.59008561015293">
        <ele>762.3099035644532</ele>
        <time>2020-05-09T23:46:47Z</time>
      </trkpt>
      <trkpt lat="43.81276252049272" lon="87.59014162852165">
        <ele>762.3099035644532</ele>
        <time>2020-05-09T23:46:49Z</time>
      </trkpt>
      <trkpt lat="43.81273251240398" lon="87.59018764407404">
        <ele>762.2946508789063</ele>
        <time>2020-05-09T23:46:51Z</time>
      </trkpt>
      <trkpt lat="43.81269249609186" lon="87.59022065608873">
        <ele>762.2946508789063</ele>
        <time>2020-05-09T23:46:53Z</time>
      </trkpt>
      <trkpt lat="43.81265047879038" lon="87.59025466843941">
        <ele>762.5295422363281</ele>
        <time>2020-05-09T23:46:55Z</time>
      </trkpt>
      <trkpt lat="43.812605460679286" lon="87.59029368236062">
        <ele>762.5295422363281</ele>
        <time>2020-05-09T23:46:57Z</time>
      </trkpt>
      <trkpt lat="43.812560443614714" lon="87.59033869796035">
        <ele>762.5295422363281</ele>
        <time>2020-05-09T23:46:59Z</time>
      </trkpt>
      <trkpt lat="43.81251942762279" lon="87.5903777114836">
        <ele>762.2143200683594</ele>
        <time>2020-05-09T23:47:01Z</time>
      </trkpt>
      <trkpt lat="43.81247841101871" lon="87.59041372404573">
        <ele>762.2143200683594</ele>
        <time>2020-05-09T23:47:03Z</time>
      </trkpt>
      <trkpt lat="43.81243939458664" lon="87.59044473498817">
        <ele>762.4207397460938</ele>
        <time>2020-05-09T23:47:05Z</time>
      </trkpt>
      <trkpt lat="43.81240237924376" lon="87.59047574577207">
        <ele>762.4207397460938</ele>
        <time>2020-05-09T23:47:07Z</time>
      </trkpt>
      <trkpt lat="43.81236636442452" lon="87.59050675644801">
        <ele>762.4207397460938</ele>
        <time>2020-05-09T23:47:09Z</time>
      </trkpt>
      <trkpt lat="43.81233235051769" lon="87.59053676668258">
        <ele>762.4695483398438</ele>
        <time>2020-05-09T23:47:11Z</time>
      </trkpt>
      <trkpt lat="43.81229433413529" lon="87.59056577678479">
        <ele>762.4695483398438</ele>
        <time>2020-05-09T23:47:13Z</time>
      </trkpt>
      <trkpt lat="43.81225631667223" lon="87.59058878515918">
        <ele>762.7873126220703</ele>
        <time>2020-05-09T23:47:15Z</time>
      </trkpt>
      <trkpt lat="43.81221529593073" lon="87.59060279114568">
        <ele>762.7873126220703</ele>
        <time>2020-05-09T23:47:17Z</time>
      </trkpt>
      <trkpt lat="43.81217227162579" lon="87.59060279332218">
        <ele>762.7873126220703</ele>
        <time>2020-05-09T23:47:19Z</time>
      </trkpt>
      <trkpt lat="43.812127244975855" lon="87.59059579364575">
        <ele>762.9911901855469</ele>
        <time>2020-05-09T23:47:21Z</time>
      </trkpt>
      <trkpt lat="43.812082218847664" lon="87.5905917948055">
        <ele>762.9911901855469</ele>
        <time>2020-05-09T23:47:23Z</time>
      </trkpt>
      <trkpt lat="43.81203619302582" lon="87.59059279741341">
        <ele>763.1981182861329</ele>
        <time>2020-05-09T23:47:25Z</time>
      </trkpt>
      <trkpt lat="43.81199316959629" lon="87.5905978009869">
        <ele>763.1981182861329</ele>
        <time>2020-05-09T23:47:27Z</time>
      </trkpt>
      <trkpt lat="43.811952147817664" lon="87.59060580529426">
        <ele>763.1981182861329</ele>
        <time>2020-05-09T23:47:29Z</time>
      </trkpt>
      <trkpt lat="43.81191412686659" lon="87.59060880805372">
        <ele>763.3567462158203</ele>
        <time>2020-05-09T23:47:31Z</time>
      </trkpt>
      <trkpt lat="43.81187610591622" lon="87.59061181081262">
        <ele>763.3567462158203</ele>
        <time>2020-05-09T23:47:33Z</time>
      </trkpt>
      <trkpt lat="43.81183608331735" lon="87.59061181283722">
        <ele>763.5016467285157</ele>
        <time>2020-05-09T23:47:35Z</time>
      </trkpt>
      <trkpt lat="43.81179506136586" lon="87.59061881685992">
        <ele>763.5016467285157</ele>
        <time>2020-05-09T23:47:37Z</time>
      </trkpt>
      <trkpt lat="43.81175303953842" lon="87.59062982204016">
        <ele>763.5016467285157</ele>
        <time>2020-05-09T23:47:39Z</time>
      </trkpt>
      <trkpt lat="43.81171101719111" lon="87.59063782638286">
        <ele>763.5036804199219</ele>
        <time>2020-05-09T23:47:41Z</time>
      </trkpt>
      <trkpt lat="43.81167099408109" lon="87.59063482757657">
        <ele>763.5036804199219</ele>
        <time>2020-05-09T23:47:43Z</time>
      </trkpt>
      <trkpt lat="43.811621965199286" lon="87.5906278281159">
        <ele>764.1432763671875</ele>
        <time>2020-05-09T23:47:45Z</time>
      </trkpt>
      <trkpt lat="43.81157493813736" lon="87.5906248296621">
        <ele>764.1432763671875</ele>
        <time>2020-05-09T23:47:48Z</time>
      </trkpt>
      <trkpt lat="43.81152691344187" lon="87.59063883597277">
        <ele>764.3074969482421</ele>
        <time>2020-05-09T23:47:50Z</time>
      </trkpt>
      <trkpt lat="43.81148789553279" lon="87.59066284457296">
        <ele>764.3074969482421</ele>
        <time>2020-05-09T23:47:52Z</time>
      </trkpt>
      <trkpt lat="43.81144887844786" lon="87.59069185450782">
        <ele>764.3074969482421</ele>
        <time>2020-05-09T23:47:54Z</time>
      </trkpt>
      <trkpt lat="43.81140986082154" lon="87.59071786357653">
        <ele>764.1117541503907</ele>
        <time>2020-05-09T23:47:56Z</time>
      </trkpt>
      <trkpt lat="43.81136984159716" lon="87.59073787103117">
        <ele>764.1117541503907</ele>
        <time>2020-05-09T23:47:58Z</time>
      </trkpt>
      <trkpt lat="43.811321817339504" lon="87.59075487805745">
        <ele>764.1453100585937</ele>
        <time>2020-05-09T23:48:00Z</time>
      </trkpt>
      <trkpt lat="43.811274793469224" lon="87.59077088474699">
        <ele>764.1453100585937</ele>
        <time>2020-05-09T23:48:03Z</time>
      </trkpt>
      <trkpt lat="43.81122977088361" lon="87.590787891588">
        <ele>764.0629455566407</ele>
        <time>2020-05-09T23:48:05Z</time>
      </trkpt>
      <trkpt lat="43.81119275296692" lon="87.59080589827376">
        <ele>764.0629455566407</ele>
        <time>2020-05-09T23:48:07Z</time>
      </trkpt>
      <trkpt lat="43.811153733580454" lon="87.59082190450974">
        <ele>764.0629455566407</ele>
        <time>2020-05-09T23:48:09Z</time>
      </trkpt>
      <trkpt lat="43.81111171200104" lon="87.5908349100872">
        <ele>764.3044464111329</ele>
        <time>2020-05-09T23:48:11Z</time>
      </trkpt>
      <trkpt lat="43.81106768912405" lon="87.59084691549141">
        <ele>764.3044464111329</ele>
        <time>2020-05-09T23:48:13Z</time>
      </trkpt>
      <trkpt lat="43.81102766930984" lon="87.59086392200234">
        <ele>764.733046875</ele>
        <time>2020-05-09T23:48:15Z</time>
      </trkpt>
      <trkpt lat="43.81098965125708" lon="87.59088492944392">
        <ele>764.733046875</ele>
        <time>2020-05-09T23:48:17Z</time>
      </trkpt>
      <trkpt lat="43.81095163350593" lon="87.5909079373809">
        <ele>764.733046875</ele>
        <time>2020-05-09T23:48:19Z</time>
      </trkpt>
      <trkpt lat="43.810912615168135" lon="87.59093094533698">
        <ele>764.8881158447266</ele>
        <time>2020-05-09T23:48:21Z</time>
      </trkpt>
      <trkpt lat="43.810871595995415" lon="87.59095595387873">
        <ele>764.8881158447266</ele>
        <time>2020-05-09T23:48:23Z</time>
      </trkpt>
      <trkpt lat="43.81083357942852" lon="87.59098696376897">
        <ele>764.8881158447266</ele>
        <time>2020-05-09T23:48:25Z</time>
      </trkpt>
      <trkpt lat="43.81079856482265" lon="87.5910199739585">
        <ele>764.7889733886719</ele>
        <time>2020-05-09T23:48:27Z</time>
      </trkpt>
      <trkpt lat="43.81076555068299" lon="87.59104898297288">
        <ele>764.7889733886719</ele>
        <time>2020-05-09T23:48:29Z</time>
      </trkpt>
      <trkpt lat="43.810734536108306" lon="87.5910679893264">
        <ele>764.4879870605469</ele>
        <time>2020-05-09T23:48:31Z</time>
      </trkpt>
      <trkpt lat="43.81069951895782" lon="87.59108499536052">
        <ele>764.4879870605469</ele>
        <time>2020-05-09T23:48:33Z</time>
      </trkpt>
      <trkpt lat="43.81066350138275" lon="87.59110300167724">
        <ele>764.4879870605469</ele>
        <time>2020-05-09T23:48:35Z</time>
      </trkpt>
      <trkpt lat="43.810624482704014" lon="87.59112500911841">
        <ele>764.7259289550781</ele>
        <time>2020-05-09T23:48:37Z</time>
      </trkpt>
      <trkpt lat="43.81058746602846" lon="87.59115301790781">
        <ele>764.7259289550781</ele>
        <time>2020-05-09T23:48:39Z</time>
      </trkpt>
      <trkpt lat="43.81055245029916" lon="87.59118002630477">
        <ele>764.6796624755859</ele>
        <time>2020-05-09T23:48:41Z</time>
      </trkpt>
      <trkpt lat="43.810519435666336" lon="87.59120703455713">
        <ele>764.6796624755859</ele>
        <time>2020-05-09T23:48:43Z</time>
      </trkpt>
      <trkpt lat="43.8104854197099" lon="87.59122904160908">
        <ele>764.6796624755859</ele>
        <time>2020-05-09T23:48:45Z</time>
      </trkpt>
      <trkpt lat="43.81045040316897" lon="87.59125104868285">
        <ele>764.8240545654297</ele>
        <time>2020-05-09T23:48:47Z</time>
      </trkpt>
      <trkpt lat="43.810413385479784" lon="87.59127305582902">
        <ele>764.8240545654297</ele>
        <time>2020-05-09T23:48:49Z</time>
      </trkpt>
      <trkpt lat="43.81037636805571" lon="87.5912970634218">
        <ele>765.1408020019531</ele>
        <time>2020-05-09T23:48:51Z</time>
      </trkpt>
      <trkpt lat="43.81033534835192" lon="87.59132107118273">
        <ele>765.1408020019531</ele>
        <time>2020-05-09T23:48:53Z</time>
      </trkpt>
      <trkpt lat="43.810292326933606" lon="87.59134107807105">
        <ele>765.1408020019531</ele>
        <time>2020-05-09T23:48:55Z</time>
      </trkpt>
      <trkpt lat="43.81024530324405" lon="87.591361085138">
        <ele>765.3228173828126</ele>
        <time>2020-05-09T23:48:57Z</time>
      </trkpt>
      <trkpt lat="43.810197278139995" lon="87.5913750908349">
        <ele>765.3228173828126</ele>
        <time>2020-05-09T23:48:59Z</time>
      </trkpt>
      <trkpt lat="43.810150254008406" lon="87.59139209716574">
        <ele>764.8601525878906</ele>
        <time>2020-05-09T23:49:01Z</time>
      </trkpt>
      <trkpt lat="43.810107231706716" lon="87.59140610258376">
        <ele>764.8601525878906</ele>
        <time>2020-05-09T23:49:03Z</time>
      </trkpt>
      <trkpt lat="43.81006721136297" lon="87.59142210829881">
        <ele>764.8601525878906</ele>
        <time>2020-05-09T23:49:05Z</time>
      </trkpt>
      <trkpt lat="43.81002819170911" lon="87.59143911417725">
        <ele>765.0314910888671</ele>
        <time>2020-05-09T23:49:07Z</time>
      </trkpt>
      <trkpt lat="43.809986170353014" lon="87.59145612019032">
        <ele>765.0314910888671</ele>
        <time>2020-05-09T23:49:09Z</time>
      </trkpt>
      <trkpt lat="43.8099441492552" lon="87.5914751266404">
        <ele>765.5561834716797</ele>
        <time>2020-05-09T23:49:11Z</time>
      </trkpt>
      <trkpt lat="43.80990212814274" lon="87.59149413306902">
        <ele>765.5561834716797</ele>
        <time>2020-05-09T23:49:13Z</time>
      </trkpt>
      <trkpt lat="43.80986010741484" lon="87.59151614015026">
        <ele>765.5561834716797</ele>
        <time>2020-05-09T23:49:15Z</time>
      </trkpt>
      <trkpt lat="43.80981608567207" lon="87.5915391475272">
        <ele>765.9669891357422</ele>
        <time>2020-05-09T23:49:17Z</time>
      </trkpt>
      <trkpt lat="43.80977206325194" lon="87.5915571537626">
        <ele>765.9669891357422</ele>
        <time>2020-05-09T23:49:19Z</time>
      </trkpt>
      <trkpt lat="43.80973004181519" lon="87.59157415965637">
        <ele>766.0402020263672</ele>
        <time>2020-05-09T23:49:21Z</time>
      </trkpt>
      <trkpt lat="43.809690021752864" lon="87.59159316587194">
        <ele>766.0402020263672</ele>
        <time>2020-05-09T23:49:23Z</time>
      </trkpt>
      <trkpt lat="43.80965300388019" lon="87.59161617278936">
        <ele>766.0402020263672</ele>
        <time>2020-05-09T23:49:25Z</time>
      </trkpt>
      <trkpt lat="43.80960998222286" lon="87.59163617932683">
        <ele>766.0976538085938</ele>
        <time>2020-05-09T23:49:27Z</time>
      </trkpt>
      <trkpt lat="43.80956695991468" lon="87.59165118475835">
        <ele>766.0976538085938</ele>
        <time>2020-05-09T23:49:29Z</time>
      </trkpt>
      <trkpt lat="43.80952293716114" lon="87.59166719044273">
        <ele>766.2430627441406</ele>
        <time>2020-05-09T23:49:31Z</time>
      </trkpt>
      <trkpt lat="43.809482916524665" lon="87.5916821956948">
        <ele>766.2430627441406</ele>
        <time>2020-05-09T23:49:33Z</time>
      </trkpt>
      <trkpt lat="43.80944789869499" lon="87.59169720068046">
        <ele>766.2430627441406</ele>
        <time>2020-05-09T23:49:35Z</time>
      </trkpt>
      <trkpt lat="43.80941488036267" lon="87.59169920277803">
        <ele>765.8459844970703</ele>
        <time>2020-05-09T23:49:37Z</time>
      </trkpt>
      <trkpt lat="43.80938085933995" lon="87.59168420128599">
        <ele>765.8459844970703</ele>
        <time>2020-05-09T23:49:39Z</time>
      </trkpt>
      <trkpt lat="43.80934383408584" lon="87.59164919561022">
        <ele>765.9598712158203</ele>
        <time>2020-05-09T23:49:41Z</time>
      </trkpt>
      <trkpt lat="43.809305806926666" lon="87.59160418772152">
        <ele>765.9598712158203</ele>
        <time>2020-05-09T23:49:43Z</time>
      </trkpt>
      <trkpt lat="43.809268779979476" lon="87.59155717921767">
        <ele>765.9598712158203</ele>
        <time>2020-05-09T23:49:45Z</time>
      </trkpt>
      <trkpt lat="43.80923875700922" lon="87.59151117045324">
        <ele>766.0722326660157</ele>
        <time>2020-05-09T23:49:47Z</time>
      </trkpt>
      <trkpt lat="43.80921373703085" lon="87.59146716176518">
        <ele>766.0722326660157</ele>
        <time>2020-05-09T23:49:49Z</time>
      </trkpt>
      <trkpt lat="43.80919371964446" lon="87.59142215247886">
        <ele>766.6309893798829</ele>
        <time>2020-05-09T23:49:51Z</time>
      </trkpt>
      <trkpt lat="43.80917770386306" lon="87.59137314193775">
        <ele>766.6309893798829</ele>
        <time>2020-05-09T23:49:53Z</time>
      </trkpt>
      <trkpt lat="43.809160686704196" lon="87.59131913012367">
        <ele>766.6309893798829</ele>
        <time>2020-05-09T23:49:55Z</time>
      </trkpt>
      <trkpt lat="43.80914366883918" lon="87.59126111717755">
        <ele>766.6777642822266</ele>
        <time>2020-05-09T23:49:57Z</time>
      </trkpt>
      <trkpt lat="43.809123649430134" lon="87.5912051046695">
        <ele>766.6777642822266</ele>
        <time>2020-05-09T23:49:59Z</time>
      </trkpt>
      <trkpt lat="43.80910363032983" lon="87.59115209271388">
        <ele>767.2268609619141</ele>
        <time>2020-05-09T23:50:01Z</time>
      </trkpt>
      <trkpt lat="43.809086613247906" lon="87.59110208118726">
        <ele>767.2268609619141</ele>
        <time>2020-05-09T23:50:03Z</time>
      </trkpt>
      <trkpt lat="43.809071597641385" lon="87.59105507016699">
        <ele>767.2268609619141</ele>
        <time>2020-05-09T23:50:05Z</time>
      </trkpt>
      <trkpt lat="43.809061583972586" lon="87.59100305748734">
        <ele>767.3682025146485</ele>
        <time>2020-05-09T23:50:09Z</time>
      </trkpt>
      <trkpt lat="43.80905257122058" lon="87.5909540453705">
        <ele>767.4764965820312</ele>
        <time>2020-05-09T23:50:13Z</time>
      </trkpt>
      <trkpt lat="43.809040556673544" lon="87.59090503326252">
        <ele>767.4764965820312</ele>
        <time>2020-05-09T23:50:15Z</time>
      </trkpt>
      <trkpt lat="43.80902454138972" lon="87.59086602384974">
        <ele>767.8949285888672</ele>
        <time>2020-05-09T23:50:17Z</time>
      </trkpt>
      <trkpt lat="43.809005524840785" lon="87.59083001529474">
        <ele>767.8949285888672</ele>
        <time>2020-05-09T23:50:19Z</time>
      </trkpt>
      <trkpt lat="43.808985507011116" lon="87.5907900056424">
        <ele>767.3504077148438</ele>
        <time>2020-05-09T23:50:21Z</time>
      </trkpt>
      <trkpt lat="43.80896248591733" lon="87.5907409936125">
        <ele>767.3504077148438</ele>
        <time>2020-05-09T23:50:23Z</time>
      </trkpt>
      <trkpt lat="43.80893846330585" lon="87.59068698012122">
        <ele>767.3504077148438</ele>
        <time>2020-05-09T23:50:25Z</time>
      </trkpt>
      <trkpt lat="43.808913439657864" lon="87.59063096595234">
        <ele>766.7499603271484</ele>
        <time>2020-05-09T23:50:27Z</time>
      </trkpt>
      <trkpt lat="43.80889041699621" lon="87.59057495149537">
        <ele>766.7499603271484</ele>
        <time>2020-05-09T23:50:29Z</time>
      </trkpt>
      <trkpt lat="43.8088683944034" lon="87.59051693623286">
        <ele>766.7499603271484</ele>
        <time>2020-05-09T23:50:31Z</time>
      </trkpt>
      <trkpt lat="43.80885337541978" lon="87.59045792012797">
        <ele>767.2110998535156</ele>
        <time>2020-05-09T23:50:33Z</time>
      </trkpt>
      <trkpt lat="43.80884435892629" lon="87.59039490234697">
        <ele>767.2110998535156</ele>
        <time>2020-05-09T23:50:35Z</time>
      </trkpt>
      <trkpt lat="43.808838343386995" lon="87.59032888329185">
        <ele>767.5197125244141</ele>
        <time>2020-05-09T23:50:37Z</time>
      </trkpt>
      <trkpt lat="43.80883232840823" lon="87.5902668651733">
        <ele>767.5197125244141</ele>
        <time>2020-05-09T23:50:39Z</time>
      </trkpt>
      <trkpt lat="43.808828315912436" lon="87.59021284914375">
        <ele>767.5197125244141</ele>
        <time>2020-05-09T23:50:41Z</time>
      </trkpt>
      <trkpt lat="43.80883931211284" lon="87.5901608327918">
        <ele>768.1638842773438</ele>
        <time>2020-05-09T23:50:43Z</time>
      </trkpt>
      <trkpt lat="43.80886631778182" lon="87.59011181639367">
        <ele>768.1638842773438</ele>
        <time>2020-05-09T23:50:45Z</time>
      </trkpt>
      <trkpt lat="43.80890833178469" lon="87.5900627990931">
        <ele>767.3956573486328</ele>
        <time>2020-05-09T23:50:47Z</time>
      </trkpt>
      <trkpt lat="43.808954348332364" lon="87.59001578207477">
        <ele>767.3956573486328</ele>
        <time>2020-05-09T23:50:49Z</time>
      </trkpt>
      <trkpt lat="43.808998362648175" lon="87.58996376344118">
        <ele>767.3956573486328</ele>
        <time>2020-05-09T23:50:51Z</time>
      </trkpt>
      <trkpt lat="43.80903637326385" lon="87.58991074462958">
        <ele>767.6656298828125</ele>
        <time>2020-05-09T23:50:53Z</time>
      </trkpt>
      <trkpt lat="43.80907138206699" lon="87.58985772580202">
        <ele>767.6656298828125</ele>
        <time>2020-05-09T23:50:55Z</time>
      </trkpt>
      <trkpt lat="43.809105390601154" lon="87.58980670751029">
        <ele>767.4307385253907</ele>
        <time>2020-05-09T23:50:57Z</time>
      </trkpt>
      <trkpt lat="43.809139399865074" lon="87.58975969038066">
        <ele>767.4307385253907</ele>
        <time>2020-05-09T23:50:59Z</time>
      </trkpt>
      <trkpt lat="43.809176411998564" lon="87.58971867495848">
        <ele>767.4307385253907</ele>
        <time>2020-05-09T23:51:01Z</time>
      </trkpt>
      <trkpt lat="43.80921442397656" lon="87.58967465838253">
        <ele>767.4485333251953</ele>
        <time>2020-05-09T23:51:03Z</time>
      </trkpt>
      <trkpt lat="43.80925143487256" lon="87.58962864106742">
        <ele>767.4485333251953</ele>
        <time>2020-05-09T23:51:05Z</time>
      </trkpt>
      <trkpt lat="43.80928644389202" lon="87.58957962270733">
        <ele>767.3077001953125</ele>
        <time>2020-05-09T23:51:07Z</time>
      </trkpt>
      <trkpt lat="43.80932245513757" lon="87.58953860689466">
        <ele>767.3077001953125</ele>
        <time>2020-05-09T23:51:09Z</time>
      </trkpt>
      <trkpt lat="43.80936046854867" lon="87.58950259260409">
        <ele>767.3077001953125</ele>
        <time>2020-05-09T23:51:11Z</time>
      </trkpt>
      <trkpt lat="43.80939948156904" lon="87.58946257679786">
        <ele>766.9009619140625</ele>
        <time>2020-05-09T23:51:13Z</time>
      </trkpt>
      <trkpt lat="43.809436492035275" lon="87.58941655889974">
        <ele>766.9009619140625</ele>
        <time>2020-05-09T23:51:15Z</time>
      </trkpt>
      <trkpt lat="43.80947350172252" lon="87.58936753981727">
        <ele>766.5374395751953</ele>
        <time>2020-05-09T23:51:17Z</time>
      </trkpt>
      <trkpt lat="43.809509511432694" lon="87.58932152170841">
        <ele>766.5374395751953</ele>
        <time>2020-05-09T23:51:19Z</time>
      </trkpt>
      <trkpt lat="43.80954452095156" lon="87.58927750423982">
        <ele>766.5374395751953</ele>
        <time>2020-05-09T23:51:21Z</time>
      </trkpt>
      <trkpt lat="43.80957953085403" lon="87.5892354873767">
        <ele>766.2872955322266</ele>
        <time>2020-05-09T23:51:23Z</time>
      </trkpt>
      <trkpt lat="43.80961454091504" lon="87.58919447077109">
        <ele>766.2872955322266</ele>
        <time>2020-05-09T23:51:25Z</time>
      </trkpt>
      <trkpt lat="43.8096485501005" lon="87.58915245375">
        <ele>766.3854211425781</ele>
        <time>2020-05-09T23:51:27Z</time>
      </trkpt>
      <trkpt lat="43.80967955703796" lon="87.58910843603894">
        <ele>766.3854211425781</ele>
        <time>2020-05-09T23:51:29Z</time>
      </trkpt>
      <trkpt lat="43.809710564373866" lon="87.58906641895352">
        <ele>766.3854211425781</ele>
        <time>2020-05-09T23:51:31Z</time>
      </trkpt>
      <trkpt lat="43.80974457502812" lon="87.58903140422164">
        <ele>766.5826892089843</ele>
        <time>2020-05-09T23:51:33Z</time>
      </trkpt>
      <trkpt lat="43.80978258812717" lon="87.58899738958883">
        <ele>766.5826892089843</ele>
        <time>2020-05-09T23:51:35Z</time>
      </trkpt>
      <trkpt lat="43.80982460392253" lon="87.58896537543794">
        <ele>765.7849737548828</ele>
        <time>2020-05-09T23:51:37Z</time>
      </trkpt>
      <trkpt lat="43.809865618614005" lon="87.5889313605189">
        <ele>765.7849737548828</ele>
        <time>2020-05-09T23:51:39Z</time>
      </trkpt>
      <trkpt lat="43.80990863562949" lon="87.5889023473327">
        <ele>765.7849737548828</ele>
        <time>2020-05-09T23:51:41Z</time>
      </trkpt>
      <trkpt lat="43.80995665667915" lon="87.58887833575355">
        <ele>766.1200244140625</ele>
        <time>2020-05-09T23:51:43Z</time>
      </trkpt>
      <trkpt lat="43.8100046782078" lon="87.58885632490653">
        <ele>766.1200244140625</ele>
        <time>2020-05-09T23:51:45Z</time>
      </trkpt>
      <trkpt lat="43.81005269895917" lon="87.58883131287651">
        <ele>766.0315588378907</ele>
        <time>2020-05-09T23:51:47Z</time>
      </trkpt>
      <trkpt lat="43.81009671590716" lon="87.58880029869286">
        <ele>766.0315588378907</ele>
        <time>2020-05-09T23:51:49Z</time>
      </trkpt>
      <trkpt lat="43.81013973225004" lon="87.58876928450229">
        <ele>766.0315588378907</ele>
        <time>2020-05-09T23:51:51Z</time>
      </trkpt>
      <trkpt lat="43.810180747680725" lon="87.58873927074566">
        <ele>765.8012432861328</ele>
        <time>2020-05-09T23:51:53Z</time>
      </trkpt>
      <trkpt lat="43.81022176307248" lon="87.58870925693512">
        <ele>765.8012432861328</ele>
        <time>2020-05-09T23:51:55Z</time>
      </trkpt>
      <trkpt lat="43.81026177708334" lon="87.58867624193941">
        <ele>765.6599017333984</ele>
        <time>2020-05-09T23:51:57Z</time>
      </trkpt>
      <trkpt lat="43.81029978861391" lon="87.58863822499882">
        <ele>765.6599017333984</ele>
        <time>2020-05-09T23:51:59Z</time>
      </trkpt>
      <trkpt lat="43.81033279647322" lon="87.58859720702871">
        <ele>765.6599017333984</ele>
        <time>2020-05-09T23:52:01Z</time>
      </trkpt>
      <trkpt lat="43.81036180279723" lon="87.5885591903638">
        <ele>765.5114422607422</ele>
        <time>2020-05-09T23:52:03Z</time>
      </trkpt>
      <trkpt lat="43.81039581134365" lon="87.58851917255247">
        <ele>765.5114422607422</ele>
        <time>2020-05-09T23:52:05Z</time>
      </trkpt>
      <trkpt lat="43.81043082011499" lon="87.58847815418875">
        <ele>764.8815063476562</ele>
        <time>2020-05-09T23:52:09Z</time>
      </trkpt>
      <trkpt lat="43.81046782615326" lon="87.58842312989997">
        <ele>764.8815063476562</ele>
        <time>2020-05-09T23:52:11Z</time>
      </trkpt>
      <trkpt lat="43.81049582698192" lon="87.58836810588548">
        <ele>764.9806488037109</ele>
        <time>2020-05-09T23:52:13Z</time>
      </trkpt>
      <trkpt lat="43.81052082598403" lon="87.58831308184149">
        <ele>764.9806488037109</ele>
        <time>2020-05-09T23:52:15Z</time>
      </trkpt>
      <trkpt lat="43.81054882793346" lon="87.58826305955901">
        <ele>765.1936779785157</ele>
        <time>2020-05-09T23:52:17Z</time>
      </trkpt>
      <trkpt lat="43.81058083454742" lon="87.5882220407179">
        <ele>765.1936779785157</ele>
        <time>2020-05-09T23:52:19Z</time>
      </trkpt>
      <trkpt lat="43.81061884644127" lon="87.58818802443677">
        <ele>765.1936779785157</ele>
        <time>2020-05-09T23:52:21Z</time>
      </trkpt>
      <trkpt lat="43.8106568608281" lon="87.5881630119119">
        <ele>765.0203057861328</ele>
        <time>2020-05-09T23:52:23Z</time>
      </trkpt>
      <trkpt lat="43.810692876893064" lon="87.58814800371076">
        <ele>765.0203057861328</ele>
        <time>2020-05-09T23:52:25Z</time>
      </trkpt>
      <trkpt lat="43.810731894357495" lon="87.58813199491762">
        <ele>765.4011145019531</ele>
        <time>2020-05-09T23:52:27Z</time>
      </trkpt>
      <trkpt lat="43.8107709106732" lon="87.58811198439815">
        <ele>764.8535430908203</ele>
        <time>2020-05-09T23:52:35Z</time>
      </trkpt>
      <trkpt lat="43.81079590876336" lon="87.58805595907856">
        <ele>764.8535430908203</ele>
        <time>2020-05-09T23:52:37Z</time>
      </trkpt>
      <trkpt lat="43.81081890355616" lon="87.5879929306286">
        <ele>764.8255798339844</ele>
        <time>2020-05-09T23:52:39Z</time>
      </trkpt>
      <trkpt lat="43.81084189670686" lon="87.58792489974591">
        <ele>764.8255798339844</ele>
        <time>2020-05-09T23:52:41Z</time>
      </trkpt>
      <trkpt lat="43.81087590177073" lon="87.58787687687996">
        <ele>764.9842077636719</ele>
        <time>2020-05-09T23:52:43Z</time>
      </trkpt>
      <trkpt lat="43.810906905931496" lon="87.58783185536186">
        <ele>764.9842077636719</ele>
        <time>2020-05-09T23:52:45Z</time>
      </trkpt>
      <trkpt lat="43.810935909173025" lon="87.5877878342708">
        <ele>764.9842077636719</ele>
        <time>2020-05-09T23:52:47Z</time>
      </trkpt>
      <trkpt lat="43.810963910559124" lon="87.58773981131392">
        <ele>764.5337451171876</ele>
        <time>2020-05-09T23:52:49Z</time>
      </trkpt>
      <trkpt lat="43.81100091540334" lon="87.58768678549707">
        <ele>764.5337451171876</ele>
        <time>2020-05-09T23:52:51Z</time>
      </trkpt>
      <trkpt lat="43.81104192329828" lon="87.5876367606784">
        <ele>763.9012670898437</ele>
        <time>2020-05-09T23:52:54Z</time>
      </trkpt>
      <trkpt lat="43.81108693549645" lon="87.58759373872117">
        <ele>763.9012670898437</ele>
        <time>2020-05-09T23:52:56Z</time>
      </trkpt>
      <trkpt lat="43.81112694788729" lon="87.58756072151827">
        <ele>763.6872210693359</ele>
        <time>2020-05-09T23:52:58Z</time>
      </trkpt>
      <trkpt lat="43.81116595966613" lon="87.5875277043006">
        <ele>763.6872210693359</ele>
        <time>2020-05-09T23:53:00Z</time>
      </trkpt>
      <trkpt lat="43.8112059710246" lon="87.58749168557198">
        <ele>763.6872210693359</ele>
        <time>2020-05-09T23:53:02Z</time>
      </trkpt>
      <trkpt lat="43.81124798156994" lon="87.58744966385977">
        <ele>763.8392395019531</ele>
        <time>2020-05-09T23:53:04Z</time>
      </trkpt>
      <trkpt lat="43.81128899020774" lon="87.58740364021132">
        <ele>763.8392395019531</ele>
        <time>2020-05-09T23:53:06Z</time>
      </trkpt>
      <trkpt lat="43.81132699642127" lon="87.58735561564131">
        <ele>763.7909393310547</ele>
        <time>2020-05-09T23:53:08Z</time>
      </trkpt>
      <trkpt lat="43.81136200180079" lon="87.58731059251285">
        <ele>763.7909393310547</ele>
        <time>2020-05-09T23:53:10Z</time>
      </trkpt>
      <trkpt lat="43.8113960078159" lon="87.58726957122744">
        <ele>763.7909393310547</ele>
        <time>2020-05-09T23:53:12Z</time>
      </trkpt>
      <trkpt lat="43.81143201585842" lon="87.5872315511821">
        <ele>763.2911596679687</ele>
        <time>2020-05-09T23:53:14Z</time>
      </trkpt>
      <trkpt lat="43.811472026421725" lon="87.58719453133038">
        <ele>763.2911596679687</ele>
        <time>2020-05-09T23:53:16Z</time>
      </trkpt>
      <trkpt lat="43.811519040550415" lon="87.58715651055681">
        <ele>763.3486114501953</ele>
        <time>2020-05-09T23:53:18Z</time>
      </trkpt>
      <trkpt lat="43.811575062988524" lon="87.58712849411249">
        <ele>763.3486114501953</ele>
        <time>2020-05-09T23:53:20Z</time>
      </trkpt>
      <trkpt lat="43.81163508798309" lon="87.58710147790705">
        <ele>763.3486114501953</ele>
        <time>2020-05-09T23:53:22Z</time>
      </trkpt>
      <trkpt lat="43.81169511493392" lon="87.58708046459739">
        <ele>762.9576342773438</ele>
        <time>2020-05-09T23:53:24Z</time>
      </trkpt>
      <trkpt lat="43.81175013671931" lon="87.58705244807575">
        <ele>762.9576342773438</ele>
        <time>2020-05-09T23:53:26Z</time>
      </trkpt>
      <trkpt lat="43.81179915408184" lon="87.58702143033112">
        <ele>762.7359619140625</ele>
        <time>2020-05-09T23:53:28Z</time>
      </trkpt>
      <trkpt lat="43.81184516769783" lon="87.58698440970852">
        <ele>762.7359619140625</ele>
        <time>2020-05-09T23:53:30Z</time>
      </trkpt>
      <trkpt lat="43.81189118125404" lon="87.58694738900361">
        <ele>762.7359619140625</ele>
        <time>2020-05-09T23:53:32Z</time>
      </trkpt>
      <trkpt lat="43.81194019847591" lon="87.58691637106327">
        <ele>762.8381549072266</ele>
        <time>2020-05-09T23:53:34Z</time>
      </trkpt>
      <trkpt lat="43.811990216221595" lon="87.5868853530145">
        <ele>762.8381549072266</ele>
        <time>2020-05-09T23:53:36Z</time>
      </trkpt>
      <trkpt lat="43.812036230301146" lon="87.5868503330966">
        <ele>762.3648132324219</ele>
        <time>2020-05-09T23:53:38Z</time>
      </trkpt>
      <trkpt lat="43.812080240796504" lon="87.58680830966503">
        <ele>762.3648132324219</ele>
        <time>2020-05-09T23:53:40Z</time>
      </trkpt>
      <trkpt lat="43.812120247228044" lon="87.58676128378598">
        <ele>762.3648132324219</ele>
        <time>2020-05-09T23:53:42Z</time>
      </trkpt>
      <trkpt lat="43.81215724943378" lon="87.58670725434219">
        <ele>762.3602374267579</ele>
        <time>2020-05-09T23:53:44Z</time>
      </trkpt>
      <trkpt lat="43.812193251294524" lon="87.58665422528904">
        <ele>762.3602374267579</ele>
        <time>2020-05-09T23:53:46Z</time>
      </trkpt>
      <trkpt lat="43.81222925338257" lon="87.58660219658549">
        <ele>761.6845434570313</ele>
        <time>2020-05-09T23:53:48Z</time>
      </trkpt>
      <trkpt lat="43.81226625697936" lon="87.58655316923326">
        <ele>761.6845434570313</ele>
        <time>2020-05-09T23:53:50Z</time>
      </trkpt>
      <trkpt lat="43.812302259190574" lon="87.58650214073833">
        <ele>761.6845434570313</ele>
        <time>2020-05-09T23:53:52Z</time>
      </trkpt>
      <trkpt lat="43.81233926077383" lon="87.58644811045328">
        <ele>761.2554345703126</ele>
        <time>2020-05-09T23:53:54Z</time>
      </trkpt>
      <trkpt lat="43.81237726532325" lon="87.58640108365772">
        <ele>761.2554345703126</ele>
        <time>2020-05-09T23:53:56Z</time>
      </trkpt>
      <trkpt lat="43.8124192760317" lon="87.58636506239064">
        <ele>761.1690026855468</ele>
        <time>2020-05-09T23:53:58Z</time>
      </trkpt>
      <trkpt lat="43.81246929521467" lon="87.58634004652095">
        <ele>761.1690026855468</ele>
        <time>2020-05-09T23:54:00Z</time>
      </trkpt>
      <trkpt lat="43.81251931217936" lon="87.58630902739795">
        <ele>761.1690026855468</ele>
        <time>2020-05-09T23:54:02Z</time>
      </trkpt>
      <trkpt lat="43.812568325233556" lon="87.5862690034234">
        <ele>761.3042431640625</ele>
        <time>2020-05-09T23:54:04Z</time>
      </trkpt>
      <trkpt lat="43.812612333913265" lon="87.5862249774415">
        <ele>761.3042431640625</ele>
        <time>2020-05-09T23:54:06Z</time>
      </trkpt>
      <trkpt lat="43.81265634436316" lon="87.58618595406146">
        <ele>761.093247680664</ele>
        <time>2020-05-09T23:54:08Z</time>
      </trkpt>
      <trkpt lat="43.8127013560573" lon="87.58614893163085">
        <ele>761.093247680664</ele>
        <time>2020-05-09T23:54:10Z</time>
      </trkpt>
      <trkpt lat="43.81274836807409" lon="87.58610990792047">
        <ele>761.093247680664</ele>
        <time>2020-05-09T23:54:12Z</time>
      </trkpt>
      <trkpt lat="43.81279738266" lon="87.58607488621851">
        <ele>761.0942645263672</ele>
        <time>2020-05-09T23:54:14Z</time>
      </trkpt>
      <trkpt lat="43.81284940266341" lon="87.58604986981103">
        <ele>761.0942645263672</ele>
        <time>2020-05-09T23:54:16Z</time>
      </trkpt>
      <trkpt lat="43.812901425287414" lon="87.58603185723696">
        <ele>760.9895294189453</ele>
        <time>2020-05-09T23:54:18Z</time>
      </trkpt>
      <trkpt lat="43.81295244884772" lon="87.58601784690904">
        <ele>760.9895294189453</ele>
        <time>2020-05-09T23:54:20Z</time>
      </trkpt>
      <trkpt lat="43.81300247145615" lon="87.58600283606546">
        <ele>760.9895294189453</ele>
        <time>2020-05-09T23:54:22Z</time>
      </trkpt>
      <trkpt lat="43.81305049140462" lon="87.58598382308732">
        <ele>760.6890515136719</ele>
        <time>2020-05-09T23:54:24Z</time>
      </trkpt>
      <trkpt lat="43.81309650753911" lon="87.58595780628943">
        <ele>760.6890515136719</ele>
        <time>2020-05-09T23:54:26Z</time>
      </trkpt>
      <trkpt lat="43.81313951926893" lon="87.58592478568956">
        <ele>760.5477099609375</ele>
        <time>2020-05-09T23:54:28Z</time>
      </trkpt>
      <trkpt lat="43.81318353190143" lon="87.58589276553465">
        <ele>760.5477099609375</ele>
        <time>2020-05-09T23:54:30Z</time>
      </trkpt>
      <trkpt lat="43.813231548681024" lon="87.58586574793019">
        <ele>760.5477099609375</ele>
        <time>2020-05-09T23:54:32Z</time>
      </trkpt>
      <trkpt lat="43.813284570965074" lon="87.58584573397805">
        <ele>760.4338232421875</ele>
        <time>2020-05-09T23:54:34Z</time>
      </trkpt>
      <trkpt lat="43.813338594573686" lon="87.58582772108143">
        <ele>760.4338232421875</ele>
        <time>2020-05-09T23:54:36Z</time>
      </trkpt>
      <trkpt lat="43.813392618945684" lon="87.5858117092975">
        <ele>760.1958813476563</ele>
        <time>2020-05-09T23:54:38Z</time>
      </trkpt>
      <trkpt lat="43.81344664330842" lon="87.58579569749813">
        <ele>760.1958813476563</ele>
        <time>2020-05-09T23:54:40Z</time>
      </trkpt>
      <trkpt lat="43.81349866691862" lon="87.58578068635256">
        <ele>760.1958813476563</ele>
        <time>2020-05-09T23:54:42Z</time>
      </trkpt>
      <trkpt lat="43.81354768687202" lon="87.58576067250054">
        <ele>760.1084326171875</ele>
        <time>2020-05-09T23:54:44Z</time>
      </trkpt>
      <trkpt lat="43.81359270180593" lon="87.58573365483328">
        <ele>760.1084326171875</ele>
        <time>2020-05-09T23:54:46Z</time>
      </trkpt>
      <trkpt lat="43.81363871766749" lon="87.5857076376438">
        <ele>760.1084326171875</ele>
        <time>2020-05-09T23:54:48Z</time>
      </trkpt>
      <trkpt lat="43.81368473468103" lon="87.58568462213492">
        <ele>759.6315319824218</ele>
        <time>2020-05-09T23:54:50Z</time>
      </trkpt>
      <trkpt lat="43.81373175460534" lon="87.58566760999292">
        <ele>759.6315319824218</ele>
        <time>2020-05-09T23:54:52Z</time>
      </trkpt>
      <trkpt lat="43.81377677299038" lon="87.58564959735904">
        <ele>758.9731243896484</ele>
        <time>2020-05-09T23:54:54Z</time>
      </trkpt>
      <trkpt lat="43.813822792324764" lon="87.58563258523182">
        <ele>758.9731243896484</ele>
        <time>2020-05-09T23:54:56Z</time>
      </trkpt>
      <trkpt lat="43.813868812837434" lon="87.58561857482044">
        <ele>758.9731243896484</ele>
        <time>2020-05-09T23:54:58Z</time>
      </trkpt>
      <trkpt lat="43.81391383237922" lon="87.58560356386938">
        <ele>758.7275561523437</ele>
        <time>2020-05-09T23:55:00Z</time>
      </trkpt>
      <trkpt lat="43.81396385394962" lon="87.58558655149241">
        <ele>758.7275561523437</ele>
        <time>2020-05-09T23:55:02Z</time>
      </trkpt>
      <trkpt lat="43.814012872150435" lon="87.58556253508284">
        <ele>758.8175469970703</ele>
        <time>2020-05-09T23:55:04Z</time>
      </trkpt>
      <trkpt lat="43.814062888892906" lon="87.58553351567471">
        <ele>758.8175469970703</ele>
        <time>2020-05-09T23:55:06Z</time>
      </trkpt>
      <trkpt lat="43.814111903425996" lon="87.58550049392791">
        <ele>758.8175469970703</ele>
        <time>2020-05-09T23:55:08Z</time>
      </trkpt>
      <trkpt lat="43.81416191928517" lon="87.58546947323825">
        <ele>759.0066802978515</ele>
        <time>2020-05-09T23:55:10Z</time>
      </trkpt>
      <trkpt lat="43.814215939796796" lon="87.58544445581806">
        <ele>759.0066802978515</ele>
        <time>2020-05-09T23:55:12Z</time>
      </trkpt>
      <trkpt lat="43.81426996149863" lon="87.58542244012891">
        <ele>759.3468151855469</ele>
        <time>2020-05-09T23:55:14Z</time>
      </trkpt>
      <trkpt lat="43.8143209843232" lon="87.58540742869667">
        <ele>759.3468151855469</ele>
        <time>2020-05-09T23:55:16Z</time>
      </trkpt>
      <trkpt lat="43.814369007471576" lon="87.5853974203585">
        <ele>759.3468151855469</ele>
        <time>2020-05-09T23:55:18Z</time>
      </trkpt>
      <trkpt lat="43.814415030703735" lon="87.5853904138901">
        <ele>759.2969897460938</ele>
        <time>2020-05-09T23:55:20Z</time>
      </trkpt>
      <trkpt lat="43.8144630534407" lon="87.5853794049496">
        <ele>759.2969897460938</ele>
        <time>2020-05-09T23:55:22Z</time>
      </trkpt>
      <trkpt lat="43.814510074383605" lon="87.585365394274">
        <ele>758.9339758300781</ele>
        <time>2020-05-09T23:55:24Z</time>
      </trkpt>
      <trkpt lat="43.81455909604498" lon="87.5853503828915">
        <ele>758.9339758300781</ele>
        <time>2020-05-09T23:55:26Z</time>
      </trkpt>
      <trkpt lat="43.814607118358374" lon="87.58533837332996">
        <ele>758.9339758300781</ele>
        <time>2020-05-09T23:55:28Z</time>
      </trkpt>
      <trkpt lat="43.81465614041487" lon="87.58532436251842">
        <ele>758.6838317871094</ele>
        <time>2020-05-09T23:55:30Z</time>
      </trkpt>
      <trkpt lat="43.81470516082272" lon="87.58530634930966">
        <ele>758.6838317871094</ele>
        <time>2020-05-09T23:55:32Z</time>
      </trkpt>
      <trkpt lat="43.81475618194088" lon="87.58528733538247">
        <ele>758.1001623535157</ele>
        <time>2020-05-09T23:55:34Z</time>
      </trkpt>
      <trkpt lat="43.81480420093086" lon="87.58526732098669">
        <ele>758.1001623535157</ele>
        <time>2020-05-09T23:55:36Z</time>
      </trkpt>
      <trkpt lat="43.81485122098961" lon="87.58525130901705">
        <ele>758.1001623535157</ele>
        <time>2020-05-09T23:55:38Z</time>
      </trkpt>
      <trkpt lat="43.81489924326026" lon="87.58523929938384">
        <ele>758.009154663086</ele>
        <time>2020-05-09T23:55:40Z</time>
      </trkpt>
      <trkpt lat="43.81495126820957" lon="87.5852282901405">
        <ele>758.009154663086</ele>
        <time>2020-05-09T23:55:42Z</time>
      </trkpt>
      <trkpt lat="43.81500729418131" lon="87.58521427888148">
        <ele>757.7798559570313</ele>
        <time>2020-05-09T23:55:44Z</time>
      </trkpt>
      <trkpt lat="43.815060316782905" lon="87.58519626535065">
        <ele>757.7798559570313</ele>
        <time>2020-05-09T23:55:46Z</time>
      </trkpt>
      <trkpt lat="43.815111336155276" lon="87.58517324887993">
        <ele>757.7798559570313</ele>
        <time>2020-05-09T23:55:48Z</time>
      </trkpt>
      <trkpt lat="43.815162355923334" lon="87.58515123298314">
        <ele>757.8667962646484</ele>
        <time>2020-05-09T23:55:50Z</time>
      </trkpt>
      <trkpt lat="43.8152143783309" lon="87.58513422004145">
        <ele>757.8667962646484</ele>
        <time>2020-05-09T23:55:52Z</time>
      </trkpt>
      <trkpt lat="43.81526740380829" lon="87.58512321067775">
        <ele>757.5866552734375</ele>
        <time>2020-05-09T23:55:54Z</time>
      </trkpt>
      <trkpt lat="43.81532242999838" lon="87.58511120059723">
        <ele>757.5866552734375</ele>
        <time>2020-05-09T23:55:56Z</time>
      </trkpt>
      <trkpt lat="43.81537845465233" lon="87.58509418741187">
        <ele>757.5866552734375</ele>
        <time>2020-05-09T23:55:58Z</time>
      </trkpt>
      <trkpt lat="43.815433475781255" lon="87.58507016998634">
        <ele>757.3812524414062</ele>
        <time>2020-05-09T23:56:00Z</time>
      </trkpt>
      <trkpt lat="43.81548649279462" lon="87.58503914834091">
        <ele>757.3812524414062</ele>
        <time>2020-05-09T23:56:02Z</time>
      </trkpt>
      <trkpt lat="43.81553550707184" lon="87.58500712622573">
        <ele>757.2358435058594</ele>
        <time>2020-05-09T23:56:04Z</time>
      </trkpt>
      <trkpt lat="43.815583520737015" lon="87.58497510409946">
        <ele>757.2358435058594</ele>
        <time>2020-05-09T23:56:06Z</time>
      </trkpt>
      <trkpt lat="43.81563353506675" lon="87.58494208119174">
        <ele>757.2358435058594</ele>
        <time>2020-05-09T23:56:08Z</time>
      </trkpt>
      <trkpt lat="43.81568655276616" lon="87.58491306054749">
        <ele>757.1646643066406</ele>
        <time>2020-05-09T23:56:10Z</time>
      </trkpt>
      <trkpt lat="43.81574257771311" lon="87.58489704778023">
        <ele>757.1646643066406</ele>
        <time>2020-05-09T23:56:12Z</time>
      </trkpt>
      <trkpt lat="43.81579660795409" lon="87.58489604442337">
        <ele>756.7579260253906</ele>
        <time>2020-05-09T23:56:14Z</time>
      </trkpt>
      <trkpt lat="43.8158476399236" lon="87.58490304618647">
        <ele>756.7579260253906</ele>
        <time>2020-05-09T23:56:16Z</time>
      </trkpt>
      <trkpt lat="43.815893670765455" lon="87.58491405068081">
        <ele>756.7579260253906</ele>
        <time>2020-05-09T23:56:18Z</time>
      </trkpt>
      <trkpt lat="43.81593070033758" lon="87.5849340611963">
        <ele>756.8870654296875</ele>
        <time>2020-05-09T23:56:20Z</time>
      </trkpt>
      <trkpt lat="43.81595772804683" lon="87.58496307775107">
        <ele>756.8870654296875</ele>
        <time>2020-05-09T23:56:22Z</time>
      </trkpt>
      <trkpt lat="43.81597975287821" lon="87.58499209450846">
        <ele>756.2296746826172</ele>
        <time>2020-05-09T23:56:24Z</time>
      </trkpt>
      <trkpt lat="43.816011777846605" lon="87.58500810272602">
        <ele>756.2296746826172</ele>
        <time>2020-05-09T23:56:26Z</time>
      </trkpt>
      <trkpt lat="43.81605279944517" lon="87.58500409819071">
        <ele>756.0222381591797</ele>
        <time>2020-05-09T23:56:30Z</time>
      </trkpt>
      <trkpt lat="43.81609080829367" lon="87.58497407779814">
        <ele>756.2006945800781</ele>
        <time>2020-05-09T23:56:34Z</time>
      </trkpt>
      <trkpt lat="43.816112799894256" lon="87.58492504640341">
        <ele>756.2006945800781</ele>
        <time>2020-05-09T23:56:37Z</time>
      </trkpt>
      <trkpt lat="43.816121780560074" lon="87.58486801054153">
        <ele>756.3364434814454</ele>
        <time>2020-05-09T23:56:39Z</time>
      </trkpt>
      <trkpt lat="43.81612976094435" lon="87.58481197516075">
        <ele>756.3364434814454</ele>
        <time>2020-05-09T23:56:41Z</time>
      </trkpt>
      <trkpt lat="43.8161417438958" lon="87.58475694001788">
        <ele>756.3364434814454</ele>
        <time>2020-05-09T23:56:43Z</time>
      </trkpt>
      <trkpt lat="43.81616072893807" lon="87.58469790180602">
        <ele>756.2169641113281</ele>
        <time>2020-05-09T23:56:45Z</time>
      </trkpt>
      <trkpt lat="43.81618871981942" lon="87.58464086420156">
        <ele>756.2169641113281</ele>
        <time>2020-05-09T23:56:47Z</time>
      </trkpt>
      <trkpt lat="43.816224719086556" lon="87.58459283175338">
        <ele>756.2169641113281</ele>
        <time>2020-05-09T23:56:49Z</time>
      </trkpt>
      <trkpt lat="43.81626872946353" lon="87.58455980838936">
        <ele>756.2657727050781</ele>
        <time>2020-05-09T23:56:51Z</time>
      </trkpt>
      <trkpt lat="43.81631774708794" lon="87.58453679113764">
        <ele>756.2657727050781</ele>
        <time>2020-05-09T23:56:53Z</time>
      </trkpt>
      <trkpt lat="43.81636976684171" lon="87.58451477434618">
        <ele>755.8483575439453</ele>
        <time>2020-05-09T23:56:55Z</time>
      </trkpt>
      <trkpt lat="43.816421784787124" lon="87.58448875494311">
        <ele>755.8483575439453</ele>
        <time>2020-05-09T23:56:57Z</time>
      </trkpt>
      <trkpt lat="43.81647680306421" lon="87.5844597334051">
        <ele>755.8483575439453</ele>
        <time>2020-05-09T23:56:59Z</time>
      </trkpt>
      <trkpt lat="43.816531822205356" lon="87.58443271311465">
        <ele>755.7126086425782</ele>
        <time>2020-05-09T23:57:01Z</time>
      </trkpt>
      <trkpt lat="43.81658483972784" lon="87.5844046922308">
        <ele>755.7126086425782</ele>
        <time>2020-05-09T23:57:03Z</time>
      </trkpt>
      <trkpt lat="43.816633856299354" lon="87.58437967345948">
        <ele>755.9698706054687</ele>
        <time>2020-05-09T23:57:05Z</time>
      </trkpt>
      <trkpt lat="43.816680869440326" lon="87.584349651482">
        <ele>755.9698706054687</ele>
        <time>2020-05-09T23:57:07Z</time>
      </trkpt>
      <trkpt lat="43.81672988322499" lon="87.58431862869294">
        <ele>755.9698706054687</ele>
        <time>2020-05-09T23:57:09Z</time>
      </trkpt>
      <trkpt lat="43.81678290015559" lon="87.58428960695878">
        <ele>755.9444494628906</ele>
        <time>2020-05-09T23:57:11Z</time>
      </trkpt>
      <trkpt lat="43.816835917965385" lon="87.58426258649273">
        <ele>755.9444494628906</ele>
        <time>2020-05-09T23:57:13Z</time>
      </trkpt>
      <trkpt lat="43.81688793792664" lon="87.58424156999814">
        <ele>755.7624340820313</ele>
        <time>2020-05-09T23:57:15Z</time>
      </trkpt>
      <trkpt lat="43.816939962001975" lon="87.58422955943149">
        <ele>755.7624340820313</ele>
        <time>2020-05-09T23:57:17Z</time>
      </trkpt>
      <trkpt lat="43.81699298847914" lon="87.58422155145325">
        <ele>755.7624340820313</ele>
        <time>2020-05-09T23:57:19Z</time>
      </trkpt>
      <trkpt lat="43.81704601219703" lon="87.5842075394962">
        <ele>755.3007861328125</ele>
        <time>2020-05-09T23:57:21Z</time>
      </trkpt>
      <trkpt lat="43.81709703154557" lon="87.58418652298253">
        <ele>755.3007861328125</ele>
        <time>2020-05-09T23:57:23Z</time>
      </trkpt>
      <trkpt lat="43.81714604742879" lon="87.58416050321681">
        <ele>754.9509912109376</ele>
        <time>2020-05-09T23:57:25Z</time>
      </trkpt>
      <trkpt lat="43.81719106100725" lon="87.58413448361297">
        <ele>754.9509912109376</ele>
        <time>2020-05-09T23:57:27Z</time>
      </trkpt>
      <trkpt lat="43.817235072130025" lon="87.58410446134395">
        <ele>754.9509912109376</ele>
        <time>2020-05-09T23:57:29Z</time>
      </trkpt>
      <trkpt lat="43.817281083420134" lon="87.58407243757776">
        <ele>754.5976373291015</ele>
        <time>2020-05-09T23:57:31Z</time>
      </trkpt>
      <trkpt lat="43.817326094096614" lon="87.58404041380045">
        <ele>754.5976373291015</ele>
        <time>2020-05-09T23:57:33Z</time>
      </trkpt>
      <trkpt lat="43.817373107273184" lon="87.58401139188376">
        <ele>754.138023071289</ele>
        <time>2020-05-09T23:57:35Z</time>
      </trkpt>
      <trkpt lat="43.81742011994354" lon="87.58398136924005">
        <ele>754.138023071289</ele>
        <time>2020-05-09T23:57:37Z</time>
      </trkpt>
      <trkpt lat="43.81746713210364" lon="87.58395034586387">
        <ele>754.138023071289</ele>
        <time>2020-05-09T23:57:39Z</time>
      </trkpt>
      <trkpt lat="43.81751314317999" lon="87.58391832180028">
        <ele>753.6789172363282</ele>
        <time>2020-05-09T23:57:41Z</time>
      </trkpt>
      <trkpt lat="43.81755815364254" lon="87.5838862977256">
        <ele>753.6789172363282</ele>
        <time>2020-05-09T23:57:43Z</time>
      </trkpt>
      <trkpt lat="43.81760416462987" lon="87.58385427353842">
        <ele>753.4028436279297</ele>
        <time>2020-05-09T23:57:45Z</time>
      </trkpt>
      <trkpt lat="43.81765317728084" lon="87.58382224913741">
        <ele>753.4028436279297</ele>
        <time>2020-05-09T23:57:47Z</time>
      </trkpt>
      <trkpt lat="43.81770419054769" lon="87.5837892238854">
        <ele>753.4028436279297</ele>
        <time>2020-05-09T23:57:49Z</time>
      </trkpt>
      <trkpt lat="43.817758205956" lon="87.58375719910546">
        <ele>753.0459307861328</ele>
        <time>2020-05-09T23:57:51Z</time>
      </trkpt>
      <trkpt lat="43.81781322381586" lon="87.58372917697957">
        <ele>753.0459307861328</ele>
        <time>2020-05-09T23:57:53Z</time>
      </trkpt>
      <trkpt lat="43.81786824405542" lon="87.5837061582716">
        <ele>752.6417346191406</ele>
        <time>2020-05-09T23:57:55Z</time>
      </trkpt>
      <trkpt lat="43.81791926151163" lon="87.58368213904006">
        <ele>752.6417346191406</ele>
        <time>2020-05-09T23:57:57Z</time>
      </trkpt>
      <trkpt lat="43.81796927595072" lon="87.58365311634469">
        <ele>752.6417346191406</ele>
        <time>2020-05-09T23:57:59Z</time>
      </trkpt>
      <trkpt lat="43.81802229303496" lon="87.58362609484212">
        <ele>752.864423828125</ele>
        <time>2020-05-09T23:58:01Z</time>
      </trkpt>
      <trkpt lat="43.81808131496821" lon="87.58360207508922">
        <ele>752.864423828125</ele>
        <time>2020-05-09T23:58:03Z</time>
      </trkpt>
      <trkpt lat="43.81814133744789" lon="87.58357805525087">
        <ele>752.7601971435547</ele>
        <time>2020-05-09T23:58:05Z</time>
      </trkpt>
      <trkpt lat="43.81820336055462" lon="87.58355303457428">
        <ele>752.7601971435547</ele>
        <time>2020-05-09T23:58:07Z</time>
      </trkpt>
      <trkpt lat="43.81826138037577" lon="87.58352601265524">
        <ele>752.7601971435547</ele>
        <time>2020-05-09T23:58:09Z</time>
      </trkpt>
      <trkpt lat="43.81831639550569" lon="87.5834929866108">
        <ele>752.5364910888671</ele>
        <time>2020-05-09T23:58:11Z</time>
      </trkpt>
      <trkpt lat="43.81836940549954" lon="87.58345195493811">
        <ele>752.5364910888671</ele>
        <time>2020-05-09T23:58:13Z</time>
      </trkpt>
      <trkpt lat="43.818423416485466" lon="87.58341192382395">
        <ele>752.4475170898437</ele>
        <time>2020-05-09T23:58:15Z</time>
      </trkpt>
      <trkpt lat="43.81848243323552" lon="87.583377896637">
        <ele>752.4475170898437</ele>
        <time>2020-05-09T23:58:17Z</time>
      </trkpt>
      <trkpt lat="43.81854145193069" lon="87.58334787223876">
        <ele>752.4475170898437</ele>
        <time>2020-05-09T23:58:19Z</time>
      </trkpt>
      <trkpt lat="43.81859446566754" lon="87.58331484594106">
        <ele>752.3488830566406</ele>
        <time>2020-05-09T23:58:21Z</time>
      </trkpt>
      <trkpt lat="43.8186404718549" lon="87.58327481490154">
        <ele>752.3488830566406</ele>
        <time>2020-05-09T23:58:23Z</time>
      </trkpt>
      <trkpt lat="43.81868447532039" lon="87.58323178170257">
        <ele>752.083486328125</ele>
        <time>2020-05-09T23:58:25Z</time>
      </trkpt>
      <trkpt lat="43.81873248047911" lon="87.58318774746512">
        <ele>752.083486328125</ele>
        <time>2020-05-09T23:58:27Z</time>
      </trkpt>
      <trkpt lat="43.81878549043408" lon="87.58314771576414">
        <ele>752.083486328125</ele>
        <time>2020-05-09T23:58:29Z</time>
      </trkpt>
      <trkpt lat="43.81884250514638" lon="87.58311268740799">
        <ele>751.9319763183594</ele>
        <time>2020-05-09T23:58:31Z</time>
      </trkpt>
      <trkpt lat="43.81890052241871" lon="87.58308166184992">
        <ele>751.9319763183594</ele>
        <time>2020-05-09T23:58:33Z</time>
      </trkpt>
      <trkpt lat="43.818957539079925" lon="87.58305063628448">
        <ele>751.9182489013672</ele>
        <time>2020-05-09T23:58:35Z</time>
      </trkpt>
      <trkpt lat="43.819011556042" lon="87.5830236137498">
        <ele>751.9182489013672</ele>
        <time>2020-05-09T23:58:37Z</time>
      </trkpt>
      <trkpt lat="43.81906357234689" lon="87.58299759200811">
        <ele>751.9182489013672</ele>
        <time>2020-05-09T23:58:39Z</time>
      </trkpt>
      <trkpt lat="43.8191125879428" lon="87.58297357185195">
        <ele>751.3020404052735</ele>
        <time>2020-05-09T23:58:41Z</time>
      </trkpt>
      <trkpt lat="43.81916460625893" lon="87.58295155298586">
        <ele>751.3020404052735</ele>
        <time>2020-05-09T23:58:43Z</time>
      </trkpt>
      <trkpt lat="43.819218624144085" lon="87.58292653176967">
        <ele>751.3935565185546</ele>
        <time>2020-05-09T23:58:45Z</time>
      </trkpt>
      <trkpt lat="43.81927464003189" lon="87.58289550596474">
        <ele>751.3935565185546</ele>
        <time>2020-05-09T23:58:47Z</time>
      </trkpt>
      <trkpt lat="43.819325644695205" lon="87.58284846844904">
        <ele>751.3935565185546</ele>
        <time>2020-05-09T23:58:49Z</time>
      </trkpt>
      <trkpt lat="43.81937263965015" lon="87.58278742053243">
        <ele>750.9105548095703</ele>
        <time>2020-05-09T23:58:51Z</time>
      </trkpt>
      <trkpt lat="43.81942063132326" lon="87.58271936707516">
        <ele>750.9105548095703</ele>
        <time>2020-05-09T23:58:53Z</time>
      </trkpt>
      <trkpt lat="43.81947062499105" lon="87.58265331475029">
        <ele>750.9105548095703</ele>
        <time>2020-05-09T23:58:55Z</time>
      </trkpt>
      <trkpt lat="43.81952362550226" lon="87.5825972696111">
        <ele>750.9847845458985</ele>
        <time>2020-05-09T23:58:57Z</time>
      </trkpt>
      <trkpt lat="43.819575627977166" lon="87.58254622814827">
        <ele>750.9847845458985</ele>
        <time>2020-05-09T23:58:59Z</time>
      </trkpt>
      <trkpt lat="43.81963063580676" lon="87.58250219173632">
        <ele>751.2888214111329</ele>
        <time>2020-05-09T23:59:01Z</time>
      </trkpt>
      <trkpt lat="43.81968764630874" lon="87.58246115741031">
        <ele>751.2888214111329</ele>
        <time>2020-05-09T23:59:03Z</time>
      </trkpt>
      <trkpt lat="43.81974966499272" lon="87.5824301304308">
        <ele>751.2888214111329</ele>
        <time>2020-05-09T23:59:05Z</time>
      </trkpt>
      <trkpt lat="43.81981268799476" lon="87.58240610874311">
        <ele>751.1545977783203</ele>
        <time>2020-05-09T23:59:07Z</time>
      </trkpt>
      <trkpt lat="43.819872710886486" lon="87.58238508949069">
        <ele>751.1545977783203</ele>
        <time>2020-05-09T23:59:09Z</time>
      </trkpt>
      <trkpt lat="43.81993073478972" lon="87.58236807340786">
        <ele>750.3655255126953</ele>
        <time>2020-05-09T23:59:11Z</time>
      </trkpt>
      <trkpt lat="43.8199887630281" lon="87.5823590635026">
        <ele>750.3655255126953</ele>
        <time>2020-05-09T23:59:13Z</time>
      </trkpt>
      <trkpt lat="43.8200397850931" lon="87.58234605084809">
        <ele>750.3655255126953</ele>
        <time>2020-05-09T23:59:15Z</time>
      </trkpt>
      <trkpt lat="43.820082797683256" lon="87.58232403160517">
        <ele>749.7325390625</ele>
        <time>2020-05-09T23:59:17Z</time>
      </trkpt>
      <trkpt lat="43.82012280144279" lon="87.58228900237148">
        <ele>749.7325390625</ele>
        <time>2020-05-09T23:59:19Z</time>
      </trkpt>
      <trkpt lat="43.820170810813806" lon="87.58225597421907">
        <ele>749.4996813964843</ele>
        <time>2020-05-09T23:59:21Z</time>
      </trkpt>
      <trkpt lat="43.82022682690411" lon="87.58222694872418">
        <ele>749.4996813964843</ele>
        <time>2020-05-09T23:59:23Z</time>
      </trkpt>
      <trkpt lat="43.82028384683106" lon="87.58220392782987">
        <ele>749.4996813964843</ele>
        <time>2020-05-09T23:59:25Z</time>
      </trkpt>
      <trkpt lat="43.820334864410306" lon="87.58218290877743">
        <ele>749.5957733154297</ele>
        <time>2020-05-09T23:59:27Z</time>
      </trkpt>
      <trkpt lat="43.820378876867856" lon="87.58215988848107">
        <ele>749.5957733154297</ele>
        <time>2020-05-09T23:59:29Z</time>
      </trkpt>
      <trkpt lat="43.820421886519114" lon="87.58213286505284">
        <ele>749.4122326660156</ele>
        <time>2020-05-09T23:59:31Z</time>
      </trkpt>
      <trkpt lat="43.820465895601465" lon="87.58210383995092">
        <ele>749.4122326660156</ele>
        <time>2020-05-09T23:59:33Z</time>
      </trkpt>
      <trkpt lat="43.82051390860067" lon="87.58207781696899">
        <ele>749.4122326660156</ele>
        <time>2020-05-09T23:59:35Z</time>
      </trkpt>
      <trkpt lat="43.82056392549792" lon="87.58205679780741">
        <ele>749.3019049072266</ele>
        <time>2020-05-09T23:59:37Z</time>
      </trkpt>
      <trkpt lat="43.820615944635385" lon="87.58203778010494">
        <ele>749.3019049072266</ele>
        <time>2020-05-09T23:59:39Z</time>
      </trkpt>
      <trkpt lat="43.82066696207021" lon="87.5820167608419">
        <ele>749.3496966552734</ele>
        <time>2020-05-09T23:59:41Z</time>
      </trkpt>
      <trkpt lat="43.82071497609381" lon="87.58199273931591">
        <ele>749.3496966552734</ele>
        <time>2020-05-09T23:59:43Z</time>
      </trkpt>
      <trkpt lat="43.820760989510354" lon="87.58196971865418">
        <ele>749.3496966552734</ele>
        <time>2020-05-09T23:59:45Z</time>
      </trkpt>
      <trkpt lat="43.82080700346619" lon="87.58194769875946">
        <ele>749.4539233398438</ele>
        <time>2020-05-09T23:59:47Z</time>
      </trkpt>
      <trkpt lat="43.82085102075705" lon="87.58193368533722">
        <ele>749.4539233398438</ele>
        <time>2020-05-09T23:59:49Z</time>
      </trkpt>
      <trkpt lat="43.8208940374687" lon="87.58191967195384">
        <ele>749.1686981201171</ele>
        <time>2020-05-09T23:59:51Z</time>
      </trkpt>
      <trkpt lat="43.8209400541979" lon="87.58190265600176">
        <ele>749.1686981201171</ele>
        <time>2020-05-09T23:59:55Z</time>
      </trkpt>
      <trkpt lat="43.82098406299679" lon="87.58187363049697">
        <ele>748.9739721679688</ele>
        <time>2020-05-09T23:59:59Z</time>
      </trkpt>
      <trkpt lat="43.821030067805665" lon="87.58183559759102">
        <ele>748.9643121337891</ele>
        <time>2020-05-10T00:00:01Z</time>
      </trkpt>
      <trkpt lat="43.82107406970218" lon="87.58179456227501">
        <ele>748.9643121337891</ele>
        <time>2020-05-10T00:00:03Z</time>
      </trkpt>
      <trkpt lat="43.82112007209805" lon="87.58175252594542">
        <ele>748.9643121337891</ele>
        <time>2020-05-10T00:00:05Z</time>
      </trkpt>
      <trkpt lat="43.82116507556048" lon="87.58171349199951">
        <ele>748.9821069335937</ele>
        <time>2020-05-10T00:00:07Z</time>
      </trkpt>
      <trkpt lat="43.82120908125247" lon="87.58167946208887">
        <ele>748.9821069335937</ele>
        <time>2020-05-10T00:00:09Z</time>
      </trkpt>
      <trkpt lat="43.82125208919687" lon="87.58165043624429">
        <ele>748.9216046142578</ele>
        <time>2020-05-10T00:00:11Z</time>
      </trkpt>
      <trkpt lat="43.82129309596059" lon="87.58162141045034">
        <ele>748.9216046142578</ele>
        <time>2020-05-10T00:00:13Z</time>
      </trkpt>
      <trkpt lat="43.82133310153804" lon="87.5815913838359">
        <ele>748.9216046142578</ele>
        <time>2020-05-10T00:00:15Z</time>
      </trkpt>
      <trkpt lat="43.82137210302971" lon="87.58155535228325">
        <ele>748.6653594970703</ele>
        <time>2020-05-10T00:00:17Z</time>
      </trkpt>
      <trkpt lat="43.821409102738976" lon="87.58151831992896">
        <ele>748.6653594970703</ele>
        <time>2020-05-10T00:00:19Z</time>
      </trkpt>
      <trkpt lat="43.82144610238762" lon="87.58148128749204">
        <ele>748.4726672363281</ele>
        <time>2020-05-10T00:00:21Z</time>
      </trkpt>
      <trkpt lat="43.82148610661266" lon="87.5814492589661">
        <ele>748.4726672363281</ele>
        <time>2020-05-10T00:00:23Z</time>
      </trkpt>
      <trkpt lat="43.8215281119373" lon="87.58141723027694">
        <ele>748.4726672363281</ele>
        <time>2020-05-10T00:00:25Z</time>
      </trkpt>
      <trkpt lat="43.82157011721713" lon="87.58138520152595">
        <ele>748.618076171875</ele>
        <time>2020-05-10T00:00:27Z</time>
      </trkpt>
      <trkpt lat="43.821610119542484" lon="87.58135017030986">
        <ele>748.618076171875</ele>
        <time>2020-05-10T00:00:29Z</time>
      </trkpt>
      <trkpt lat="43.82164712127671" lon="87.58131714084604">
        <ele>748.0425415039062</ele>
        <time>2020-05-10T00:00:31Z</time>
      </trkpt>
      <trkpt lat="43.82168412473686" lon="87.58128711383308">
        <ele>748.0425415039062</ele>
        <time>2020-05-10T00:00:33Z</time>
      </trkpt>
      <trkpt lat="43.82172012699249" lon="87.58125608597591">
        <ele>748.0425415039062</ele>
        <time>2020-05-10T00:00:35Z</time>
      </trkpt>
      <trkpt lat="43.8217571279959" lon="87.58122205548214">
        <ele>747.695288696289</ele>
        <time>2020-05-10T00:00:37Z</time>
      </trkpt>
      <trkpt lat="43.8217961300932" lon="87.58118802481714">
        <ele>747.695288696289</ele>
        <time>2020-05-10T00:00:39Z</time>
      </trkpt>
      <trkpt lat="43.821838135051415" lon="87.5811559956237">
        <ele>747.6841033935547</ele>
        <time>2020-05-10T00:00:41Z</time>
      </trkpt>
      <trkpt lat="43.821880139964826" lon="87.58112396636844">
        <ele>747.6841033935547</ele>
        <time>2020-05-10T00:00:43Z</time>
      </trkpt>
      <trkpt lat="43.82192114246061" lon="87.58108893455014">
        <ele>747.6841033935547</ele>
        <time>2020-05-10T00:00:45Z</time>
      </trkpt>
      <trkpt lat="43.821962142495174" lon="87.58104989924601">
        <ele>747.8000238037109</ele>
        <time>2020-05-10T00:00:47Z</time>
      </trkpt>
      <trkpt lat="43.8220031424625" lon="87.58101086385005">
        <ele>747.8000238037109</ele>
        <time>2020-05-10T00:00:49Z</time>
      </trkpt>
      <trkpt lat="43.82204314602686" lon="87.58097883441613">
        <ele>747.3917602539062</ele>
        <time>2020-05-10T00:00:51Z</time>
      </trkpt>
      <trkpt lat="43.82208115203948" lon="87.58095281017657">
        <ele>747.3917602539062</ele>
        <time>2020-05-10T00:00:53Z</time>
      </trkpt>
      <trkpt lat="43.822118157450035" lon="87.5809267859469">
        <ele>747.3917602539062</ele>
        <time>2020-05-10T00:00:55Z</time>
      </trkpt>
      <trkpt lat="43.82215215928693" lon="87.58089775924209">
        <ele>747.8122259521484</ele>
        <time>2020-05-10T00:00:57Z</time>
      </trkpt>
      <trkpt lat="43.82218515807346" lon="87.58086472908069">
        <ele>747.8122259521484</ele>
        <time>2020-05-10T00:00:59Z</time>
      </trkpt>
      <trkpt lat="43.822221157918314" lon="87.58083069783511">
        <ele>747.8122259521484</ele>
        <time>2020-05-10T00:01:01Z</time>
      </trkpt>
      <trkpt lat="43.82226015636338" lon="87.58079166202504">
        <ele>747.7308782958985</ele>
        <time>2020-05-10T00:01:03Z</time>
      </trkpt>
      <trkpt lat="43.82230015408327" lon="87.58075062433029">
        <ele>747.7308782958985</ele>
        <time>2020-05-10T00:01:05Z</time>
      </trkpt>
      <trkpt lat="43.82234116402063" lon="87.58072860307102">
        <ele>747.3587127685547</ele>
        <time>2020-05-10T00:01:07Z</time>
      </trkpt>
      <trkpt lat="43.822378195072986" lon="87.58074461514589">
        <ele>747.3587127685547</ele>
        <time>2020-05-10T00:01:09Z</time>
      </trkpt>
      <trkpt lat="43.82240724179964" lon="87.58079365630586">
        <ele>747.3587127685547</ele>
        <time>2020-05-10T00:01:11Z</time>
      </trkpt>
      <trkpt lat="43.82242329074484" lon="87.58085871182205">
        <ele>747.2865167236329</ele>
        <time>2020-05-10T00:01:13Z</time>
      </trkpt>
      <trkpt lat="43.822431330662404" lon="87.58091676146279">
        <ele>747.2865167236329</ele>
        <time>2020-05-10T00:01:15Z</time>
      </trkpt>
      <trkpt lat="43.822437367466634" lon="87.58097180842888">
        <ele>747.5254754638672</ele>
        <time>2020-05-10T00:01:19Z</time>
      </trkpt>
      <trkpt lat="43.82244340111939" lon="87.5810218509393">
        <ele>747.5254754638672</ele>
        <time>2020-05-10T00:01:21Z</time>
      </trkpt>
      <trkpt lat="43.822449437663714" lon="87.58107689755698">
        <ele>747.479208984375</ele>
        <time>2020-05-10T00:01:23Z</time>
      </trkpt>
      <trkpt lat="43.82245547706244" lon="87.58113694823217">
        <ele>747.479208984375</ele>
        <time>2020-05-10T00:01:25Z</time>
      </trkpt>
      <trkpt lat="43.822466521544705" lon="87.58120100181296">
        <ele>747.7029150390625</ele>
        <time>2020-05-10T00:01:27Z</time>
      </trkpt>
      <trkpt lat="43.82248256574569" lon="87.58126005069167">
        <ele>747.7029150390625</ele>
        <time>2020-05-10T00:01:29Z</time>
      </trkpt>
      <trkpt lat="43.82250360793512" lon="87.5813110924099">
        <ele>747.7029150390625</ele>
        <time>2020-05-10T00:01:31Z</time>
      </trkpt>
      <trkpt lat="43.82252064830365" lon="87.58136313500832">
        <ele>749.2302172851563</ele>
        <time>2020-05-10T00:01:33Z</time>
      </trkpt>
      <trkpt lat="43.822533687429534" lon="87.58141717930849">
        <ele>749.2302172851563</ele>
        <time>2020-05-10T00:01:35Z</time>
      </trkpt>
      <trkpt lat="43.822542727046496" lon="87.5814762277733">
        <ele>748.2479443359375</ele>
        <time>2020-05-10T00:01:37Z</time>
      </trkpt>
      <trkpt lat="43.822553768232865" lon="87.58153627675044">
        <ele>748.2479443359375</ele>
        <time>2020-05-10T00:01:39Z</time>
      </trkpt>
      <trkpt lat="43.82256380637451" lon="87.58159232227997">
        <ele>748.2479443359375</ele>
        <time>2020-05-10T00:01:41Z</time>
      </trkpt>
      <trkpt lat="43.822568840934885" lon="87.58164736705679">
        <ele>747.3688812255859</ele>
        <time>2020-05-10T00:01:43Z</time>
      </trkpt>
      <trkpt lat="43.82256887249396" lon="87.58170241190464">
        <ele>747.3688812255859</ele>
        <time>2020-05-10T00:01:45Z</time>
      </trkpt>
      <trkpt lat="43.82256890562688" lon="87.58176045900098">
        <ele>747.2122869873047</ele>
        <time>2020-05-10T00:01:47Z</time>
      </trkpt>
      <trkpt lat="43.82256293460285" lon="87.5818175053918">
        <ele>747.2122869873047</ele>
        <time>2020-05-10T00:01:49Z</time>
      </trkpt>
      <trkpt lat="43.82254995942147" lon="87.5818745519415">
        <ele>747.2122869873047</ele>
        <time>2020-05-10T00:01:51Z</time>
      </trkpt>
      <trkpt lat="43.82253298517464" lon="87.58193760329648">
        <ele>747.0084094238281</ele>
        <time>2020-05-10T00:01:53Z</time>
      </trkpt>
      <trkpt lat="43.82252701872941" lon="87.58200365624116">
        <ele>747.0084094238281</ele>
        <time>2020-05-10T00:01:55Z</time>
      </trkpt>
      <trkpt lat="43.822529053891245" lon="87.58206470455846">
        <ele>747.3714233398438</ele>
        <time>2020-05-10T00:01:57Z</time>
      </trkpt>
      <trkpt lat="43.82253308837077" lon="87.58212275018487">
        <ele>747.3714233398438</ele>
        <time>2020-05-10T00:01:59Z</time>
      </trkpt>
      <trkpt lat="43.82253812051607" lon="87.58217579163224">
        <ele>747.0872149658203</ele>
        <time>2020-05-10T00:02:03Z</time>
      </trkpt>
      <trkpt lat="43.82254315143706" lon="87.58222683134596">
        <ele>747.3419348144531</ele>
        <time>2020-05-10T00:02:07Z</time>
      </trkpt>
      <trkpt lat="43.82255718958438" lon="87.58228187356211">
        <ele>747.3419348144531</ele>
        <time>2020-05-10T00:02:09Z</time>
      </trkpt>
      <trkpt lat="43.82257323146119" lon="87.58234191937102">
        <ele>747.7374877929688</ele>
        <time>2020-05-10T00:02:12Z</time>
      </trkpt>
      <trkpt lat="43.82259528796728" lon="87.58242298084816">
        <ele>747.7374877929688</ele>
        <time>2020-05-10T00:02:14Z</time>
      </trkpt>
      <trkpt lat="43.82261233916667" lon="87.58250003912076">
        <ele>747.670884399414</ele>
        <time>2020-05-10T00:02:17Z</time>
      </trkpt>
      <trkpt lat="43.822625388340235" lon="87.58257809799937">
        <ele>747.670884399414</ele>
        <time>2020-05-10T00:02:19Z</time>
      </trkpt>
      <trkpt lat="43.82263242691227" lon="87.58264314697878">
        <ele>747.670884399414</ele>
        <time>2020-05-10T00:02:21Z</time>
      </trkpt>
      <trkpt lat="43.822641462747974" lon="87.5827011903286">
        <ele>747.706982421875</ele>
        <time>2020-05-10T00:02:23Z</time>
      </trkpt>
      <trkpt lat="43.822655499197275" lon="87.58275523022135">
        <ele>747.706982421875</ele>
        <time>2020-05-10T00:02:25Z</time>
      </trkpt>
      <trkpt lat="43.82266853441954" lon="87.58280826924178">
        <ele>747.3551538085937</ele>
        <time>2020-05-10T00:02:27Z</time>
      </trkpt>
      <trkpt lat="43.82267857091787" lon="87.58286731270698">
        <ele>747.3551538085937</ele>
        <time>2020-05-10T00:02:29Z</time>
      </trkpt>
      <trkpt lat="43.82269161208304" lon="87.58293236024863">
        <ele>747.3551538085937</ele>
        <time>2020-05-10T00:02:31Z</time>
      </trkpt>
      <trkpt lat="43.82271065855368" lon="87.58300141017335">
        <ele>747.4105718994141</ele>
        <time>2020-05-10T00:02:33Z</time>
      </trkpt>
      <trkpt lat="43.82273570671585" lon="87.58306745731255">
        <ele>747.4105718994141</ele>
        <time>2020-05-10T00:02:35Z</time>
      </trkpt>
      <trkpt lat="43.82276075163248" lon="87.5831274998231">
        <ele>747.7324035644531</ele>
        <time>2020-05-10T00:02:37Z</time>
      </trkpt>
      <trkpt lat="43.82278179207144" lon="87.58318353942194">
        <ele>747.7324035644531</ele>
        <time>2020-05-10T00:02:39Z</time>
      </trkpt>
      <trkpt lat="43.82279983115335" lon="87.5832405797047">
        <ele>747.7324035644531</ele>
        <time>2020-05-10T00:02:41Z</time>
      </trkpt>
      <trkpt lat="43.82281386779642" lon="87.5832976199942">
        <ele>747.5076806640625</ele>
        <time>2020-05-10T00:02:43Z</time>
      </trkpt>
      <trkpt lat="43.82282490157719" lon="87.58335265881139">
        <ele>747.5076806640625</ele>
        <time>2020-05-10T00:02:45Z</time>
      </trkpt>
      <trkpt lat="43.822836935795095" lon="87.58340769739539">
        <ele>748.2484527587891</ele>
        <time>2020-05-10T00:02:47Z</time>
      </trkpt>
      <trkpt lat="43.8228519730765" lon="87.58346573776737">
        <ele>748.2484527587891</ele>
        <time>2020-05-10T00:02:49Z</time>
      </trkpt>
      <trkpt lat="43.82287201454451" lon="87.58352677979445">
        <ele>748.2484527587891</ele>
        <time>2020-05-10T00:02:51Z</time>
      </trkpt>
      <trkpt lat="43.82289705822384" lon="87.5835868206435">
        <ele>748.7985662841797</ele>
        <time>2020-05-10T00:02:53Z</time>
      </trkpt>
      <trkpt lat="43.82292710315253" lon="87.58364385893213">
        <ele>748.7985662841797</ele>
        <time>2020-05-10T00:02:55Z</time>
      </trkpt>
      <trkpt lat="43.82296314992732" lon="87.5836978946406">
        <ele>748.6104498291015</ele>
        <time>2020-05-10T00:02:57Z</time>
      </trkpt>
      <trkpt lat="43.82299219159767" lon="87.58374992914757">
        <ele>748.6104498291015</ele>
        <time>2020-05-10T00:02:59Z</time>
      </trkpt>
      <trkpt lat="43.82301923200023" lon="87.5838019635928">
        <ele>748.6104498291015</ele>
        <time>2020-05-10T00:03:01Z</time>
      </trkpt>
      <trkpt lat="43.82304427351315" lon="87.58385900139571">
        <ele>747.8752703857422</ele>
        <time>2020-05-10T00:03:03Z</time>
      </trkpt>
      <trkpt lat="43.823074321056964" lon="87.5839230435097">
        <ele>747.8752703857422</ele>
        <time>2020-05-10T00:03:05Z</time>
      </trkpt>
      <trkpt lat="43.82310137139242" lon="87.58399709228574">
        <ele>747.8752703857422</ele>
        <time>2020-05-10T00:03:07Z</time>
      </trkpt>
      <trkpt lat="43.82312142026318" lon="87.58407714511085">
        <ele>747.3922686767578</ele>
        <time>2020-05-10T00:03:09Z</time>
      </trkpt>
      <trkpt lat="43.82313646690321" lon="87.58415919913479">
        <ele>747.3922686767578</ele>
        <time>2020-05-10T00:03:11Z</time>
      </trkpt>
      <trkpt lat="43.82314951026019" lon="87.58423725021137">
        <ele>747.2865167236329</ele>
        <time>2020-05-10T00:03:13Z</time>
      </trkpt>
      <trkpt lat="43.82315954934751" lon="87.58431029779128">
        <ele>747.2865167236329</ele>
        <time>2020-05-10T00:03:15Z</time>
      </trkpt>
      <trkpt lat="43.82317258675068" lon="87.58437634033145">
        <ele>747.2865167236329</ele>
        <time>2020-05-10T00:03:17Z</time>
      </trkpt>
      <trkpt lat="43.823186622733886" lon="87.58443837996354">
        <ele>747.2300817871094</ele>
        <time>2020-05-10T00:03:19Z</time>
      </trkpt>
      <trkpt lat="43.82320265924453" lon="87.58449941861741">
        <ele>747.2300817871094</ele>
        <time>2020-05-10T00:03:21Z</time>
      </trkpt>
      <trkpt lat="43.82322069717894" lon="87.58456145758699">
        <ele>746.9433312988282</ele>
        <time>2020-05-10T00:03:23Z</time>
      </trkpt>
      <trkpt lat="43.82323973639641" lon="87.5846254975493">
        <ele>746.9433312988282</ele>
        <time>2020-05-10T00:03:25Z</time>
      </trkpt>
      <trkpt lat="43.82325777573267" lon="87.58469153858258">
        <ele>746.9433312988282</ele>
        <time>2020-05-10T00:03:27Z</time>
      </trkpt>
      <trkpt lat="43.82326981230222" lon="87.58475958091638">
        <ele>746.2610278320312</ele>
        <time>2020-05-10T00:03:29Z</time>
      </trkpt>
      <trkpt lat="43.82327784723364" lon="87.58482962442476">
        <ele>746.2610278320312</ele>
        <time>2020-05-10T00:03:31Z</time>
      </trkpt>
      <trkpt lat="43.82327987721703" lon="87.58489666607855">
        <ele>746.8914721679688</ele>
        <time>2020-05-10T00:03:33Z</time>
      </trkpt>
      <trkpt lat="43.82327990244304" lon="87.58495570262399">
        <ele>746.8914721679688</ele>
        <time>2020-05-10T00:03:35Z</time>
      </trkpt>
      <trkpt lat="43.823278924820514" lon="87.58500973593911">
        <ele>746.8914721679688</ele>
        <time>2020-05-10T00:03:37Z</time>
      </trkpt>
      <trkpt lat="43.8232759459198" lon="87.58506376917987">
        <ele>746.8350372314453</ele>
        <time>2020-05-10T00:03:39Z</time>
      </trkpt>
      <trkpt lat="43.82327496929169" lon="87.58512080396686">
        <ele>746.8350372314453</ele>
        <time>2020-05-10T00:03:41Z</time>
      </trkpt>
      <trkpt lat="43.82327299402465" lon="87.58518284162926">
        <ele>746.5737078857422</ele>
        <time>2020-05-10T00:03:43Z</time>
      </trkpt>
      <trkpt lat="43.823265015556835" lon="87.58524587996428">
        <ele>746.5737078857422</ele>
        <time>2020-05-10T00:03:45Z</time>
      </trkpt>
      <trkpt lat="43.8232500345371" lon="87.58531292079985">
        <ele>746.5737078857422</ele>
        <time>2020-05-10T00:03:47Z</time>
      </trkpt>
      <trkpt lat="43.823227047098676" lon="87.58537595940152">
        <ele>747.2992272949219</ele>
        <time>2020-05-10T00:03:49Z</time>
      </trkpt>
      <trkpt lat="43.82320505924658" lon="87.58543699653617">
        <ele>747.2992272949219</ele>
        <time>2020-05-10T00:03:51Z</time>
      </trkpt>
      <trkpt lat="43.82318106807079" lon="87.58549303062237">
        <ele>747.150259399414</ele>
        <time>2020-05-10T00:03:53Z</time>
      </trkpt>
      <trkpt lat="43.823159075103234" lon="87.58554206034347">
        <ele>747.150259399414</ele>
        <time>2020-05-10T00:03:55Z</time>
      </trkpt>
      <trkpt lat="43.8231530852328" lon="87.58557608041177">
        <ele>747.150259399414</ele>
        <time>2020-05-10T00:03:57Z</time>
      </trkpt>
      <trkpt lat="43.82316709565047" lon="87.58558208318291">
        <ele>747.0867065429687</ele>
        <time>2020-05-10T00:04:07Z</time>
      </trkpt>
      <trkpt lat="43.82320611403262" lon="87.58557207540444">
        <ele>745.640751953125</ele>
        <time>2020-05-10T00:04:11Z</time>
      </trkpt>
      <trkpt lat="43.82324812734261" lon="87.58554505758016">
        <ele>744.2954650878906</ele>
        <time>2020-05-10T00:04:15Z</time>
      </trkpt>
      <trkpt lat="43.82328714010319" lon="87.58552104161501">
        <ele>742.7651123046875</ele>
        <time>2020-05-10T00:04:19Z</time>
      </trkpt>
      <trkpt lat="43.82332014859367" lon="87.58549502474898">
        <ele>742.7651123046875</ele>
        <time>2020-05-10T00:04:21Z</time>
      </trkpt>
      <trkpt lat="43.82335115953409" lon="87.58547801322166">
        <ele>741.5845544433594</ele>
        <time>2020-05-10T00:04:23Z</time>
      </trkpt>
      <trkpt lat="43.823382171269195" lon="87.58546300285121">
        <ele>741.5845544433594</ele>
        <time>2020-05-10T00:04:27Z</time>
      </trkpt>
      <trkpt lat="43.82329544659879" lon="87.58630948238383">
        <ele>743.7987359619141</ele>
        <time>2020-05-10T00:05:19Z</time>
      </trkpt>
      <trkpt lat="43.823175385442504" lon="87.58633049970985">
        <ele>743.7987359619141</ele>
        <time>2020-05-10T00:05:23Z</time>
      </trkpt>
      <trkpt lat="43.823127354634984" lon="87.58632149732551">
        <ele>744.6305157470703</ele>
        <time>2020-05-10T00:05:27Z</time>
      </trkpt>
      <trkpt lat="43.82314935628342" lon="87.586291480121">
        <ele>745.8024304199218</ele>
        <time>2020-05-10T00:05:29Z</time>
      </trkpt>
      <trkpt lat="43.82320738404557" lon="87.58627646911701">
        <ele>745.8024304199218</ele>
        <time>2020-05-10T00:05:33Z</time>
      </trkpt>
      <trkpt lat="43.82328341586814" lon="87.58624444801512">
        <ele>745.8334442138672</ele>
        <time>2020-05-10T00:05:39Z</time>
      </trkpt>
      <trkpt lat="43.823352451389496" lon="87.58623343857465">
        <ele>745.7749755859375</ele>
        <time>2020-05-10T00:05:45Z</time>
      </trkpt>
      <trkpt lat="43.82340147691325" lon="87.58622643230532">
        <ele>745.7749755859375</ele>
        <time>2020-05-10T00:05:47Z</time>
      </trkpt>
      <trkpt lat="43.823422502955275" lon="87.58626445176128">
        <ele>745.4892419433594</ele>
        <time>2020-05-10T00:05:49Z</time>
      </trkpt>
      <trkpt lat="43.82344452987217" lon="87.58630347161623">
        <ele>745.4892419433594</ele>
        <time>2020-05-10T00:05:51Z</time>
      </trkpt>
      <trkpt lat="43.823463556455565" lon="87.58634649366783">
        <ele>745.4892419433594</ele>
        <time>2020-05-10T00:05:53Z</time>
      </trkpt>
      <trkpt lat="43.82348358352989" lon="87.58638951555751">
        <ele>745.7785345458984</ele>
        <time>2020-05-10T00:05:55Z</time>
      </trkpt>
      <trkpt lat="43.823498607293075" lon="87.58643153706052">
        <ele>745.7785345458984</ele>
        <time>2020-05-10T00:05:57Z</time>
      </trkpt>
      <trkpt lat="43.823495629231445" lon="87.58649757198286">
        <ele>745.8598822021485</ele>
        <time>2020-05-10T00:05:59Z</time>
      </trkpt>
      <trkpt lat="43.82348765129032" lon="87.58657261158184">
        <ele>745.8598822021485</ele>
        <time>2020-05-10T00:06:01Z</time>
      </trkpt>
      <trkpt lat="43.82347867567367" lon="87.586656655533">
        <ele>745.8598822021485</ele>
        <time>2020-05-10T00:06:03Z</time>
      </trkpt>
      <trkpt lat="43.823476696478394" lon="87.58671968797721">
        <ele>745.8497137451172</ele>
        <time>2020-05-10T00:06:05Z</time>
      </trkpt>
      <trkpt lat="43.82347871836693" lon="87.58677971845671">
        <ele>745.8497137451172</ele>
        <time>2020-05-10T00:06:07Z</time>
      </trkpt>
      <trkpt lat="43.82348074111869" lon="87.58684275023225">
        <ele>746.0525744628907</ele>
        <time>2020-05-10T00:06:09Z</time>
      </trkpt>
      <trkpt lat="43.82348876848891" lon="87.58690978346588">
        <ele>746.0525744628907</ele>
        <time>2020-05-10T00:06:11Z</time>
      </trkpt>
      <trkpt lat="43.823499797714376" lon="87.58697781677364">
        <ele>746.0525744628907</ele>
        <time>2020-05-10T00:06:13Z</time>
      </trkpt>
      <trkpt lat="43.82351382612569" lon="87.5870388462068">
        <ele>746.5289666748047</ele>
        <time>2020-05-10T00:06:15Z</time>
      </trkpt>
      <trkpt lat="43.82352685181582" lon="87.58709387253404">
        <ele>746.5289666748047</ele>
        <time>2020-05-10T00:06:17Z</time>
      </trkpt>
      <trkpt lat="43.82353487515729" lon="87.58715089990407">
        <ele>746.2437414550782</ele>
        <time>2020-05-10T00:06:19Z</time>
      </trkpt>
      <trkpt lat="43.823535895312276" lon="87.58721092887966">
        <ele>746.2437414550782</ele>
        <time>2020-05-10T00:06:21Z</time>
      </trkpt>
      <trkpt lat="43.82353491544734" lon="87.58727495965323">
        <ele>746.2437414550782</ele>
        <time>2020-05-10T00:06:23Z</time>
      </trkpt>
      <trkpt lat="43.823535936546214" lon="87.58733899007936">
        <ele>747.3343084716797</ele>
        <time>2020-05-10T00:06:25Z</time>
      </trkpt>
      <trkpt lat="43.82354095880698" lon="87.58740001864521">
        <ele>747.3343084716797</ele>
        <time>2020-05-10T00:06:27Z</time>
      </trkpt>
      <trkpt lat="43.8235469805331" lon="87.58745804553575">
        <ele>746.7882623291016</ele>
        <time>2020-05-10T00:06:29Z</time>
      </trkpt>
      <trkpt lat="43.8235590046167" lon="87.58751307052907">
        <ele>746.7882623291016</ele>
        <time>2020-05-10T00:06:31Z</time>
      </trkpt>
      <trkpt lat="43.823572030065414" lon="87.58757109667137">
        <ele>746.7882623291016</ele>
        <time>2020-05-10T00:06:33Z</time>
      </trkpt>
      <trkpt lat="43.82358505597598" lon="87.58763112352526">
        <ele>745.6153308105469</ele>
        <time>2020-05-10T00:06:35Z</time>
      </trkpt>
      <trkpt lat="43.823596080274335" lon="87.58769014981114">
        <ele>745.6153308105469</ele>
        <time>2020-05-10T00:06:37Z</time>
      </trkpt>
      <trkpt lat="43.82361110550797" lon="87.5877451738863">
        <ele>746.8350372314453</ele>
        <time>2020-05-10T00:06:39Z</time>
      </trkpt>
      <trkpt lat="43.82362813115654" lon="87.58779819678524">
        <ele>746.8350372314453</ele>
        <time>2020-05-10T00:06:41Z</time>
      </trkpt>
      <trkpt lat="43.82364715812343" lon="87.5878522198578">
        <ele>746.8350372314453</ele>
        <time>2020-05-10T00:06:43Z</time>
      </trkpt>
      <trkpt lat="43.823664184693754" lon="87.58790924417706">
        <ele>746.7297937011718</ele>
        <time>2020-05-10T00:06:45Z</time>
      </trkpt>
      <trkpt lat="43.823682213147976" lon="87.5879712704331">
        <ele>746.7297937011718</ele>
        <time>2020-05-10T00:06:47Z</time>
      </trkpt>
      <trkpt lat="43.823695239137415" lon="87.58803529757691">
        <ele>746.1222283935547</ele>
        <time>2020-05-10T00:06:49Z</time>
      </trkpt>
      <trkpt lat="43.82370626436628" lon="87.58810132543344">
        <ele>746.1222283935547</ele>
        <time>2020-05-10T00:06:51Z</time>
      </trkpt>
      <trkpt lat="43.82371728911804" lon="87.58816635260409">
        <ele>746.1222283935547</ele>
        <time>2020-05-10T00:06:53Z</time>
      </trkpt>
      <trkpt lat="43.82372931425466" lon="87.58823137947066">
        <ele>745.8273431396484</ele>
        <time>2020-05-10T00:06:55Z</time>
      </trkpt>
      <trkpt lat="43.82373133484515" lon="87.58830140867384">
        <ele>745.8273431396484</ele>
        <time>2020-05-10T00:06:57Z</time>
      </trkpt>
      <trkpt lat="43.82373035322172" lon="87.5883704373228">
        <ele>745.1145343017578</ele>
        <time>2020-05-10T00:06:59Z</time>
      </trkpt>
      <trkpt lat="43.823726370203666" lon="87.58844146665467">
        <ele>745.1145343017578</ele>
        <time>2020-05-10T00:07:01Z</time>
      </trkpt>
      <trkpt lat="43.823731391324436" lon="87.58850949401652">
        <ele>745.1145343017578</ele>
        <time>2020-05-10T00:07:03Z</time>
      </trkpt>
      <trkpt lat="43.823727410236536" lon="87.5885895263527">
        <ele>745.4221301269531</ele>
        <time>2020-05-10T00:07:05Z</time>
      </trkpt>
      <trkpt lat="43.82371442447677" lon="87.5886725599444">
        <ele>745.4221301269531</ele>
        <time>2020-05-10T00:07:07Z</time>
      </trkpt>
      <trkpt lat="43.82369343458588" lon="87.58875859469624">
        <ele>745.2746875</ele>
        <time>2020-05-10T00:07:09Z</time>
      </trkpt>
      <trkpt lat="43.82367744395527" lon="87.58883162375477">
        <ele>745.2746875</ele>
        <time>2020-05-10T00:07:11Z</time>
      </trkpt>
      <trkpt lat="43.82366945643053" lon="87.58889965018612">
        <ele>745.2746875</ele>
        <time>2020-05-10T00:07:13Z</time>
      </trkpt>
      <trkpt lat="43.82366847345494" lon="87.58897067711561">
        <ele>746.0027490234376</ele>
        <time>2020-05-10T00:07:15Z</time>
      </trkpt>
      <trkpt lat="43.82367249409529" lon="87.58904570497833">
        <ele>746.0027490234376</ele>
        <time>2020-05-10T00:07:17Z</time>
      </trkpt>
      <trkpt lat="43.823679515966255" lon="87.58911973198485">
        <ele>746.0027490234376</ele>
        <time>2020-05-10T00:07:19Z</time>
      </trkpt>
      <trkpt lat="43.82368153141075" lon="87.58917975382761">
        <ele>745.9996984863282</ele>
        <time>2020-05-10T00:07:21Z</time>
      </trkpt>
      <trkpt lat="43.823675540462965" lon="87.5892327733362">
        <ele>745.9996984863282</ele>
        <time>2020-05-10T00:07:23Z</time>
      </trkpt>
      <trkpt lat="43.823662544443884" lon="87.58928179160044">
        <ele>745.2451989746094</ele>
        <time>2020-05-10T00:07:25Z</time>
      </trkpt>
      <trkpt lat="43.82364054292332" lon="87.58932980982192">
        <ele>745.2451989746094</ele>
        <time>2020-05-10T00:07:27Z</time>
      </trkpt>
      <trkpt lat="43.82361753958542" lon="87.589372826195">
        <ele>745.2451989746094</ele>
        <time>2020-05-10T00:07:29Z</time>
      </trkpt>
      <trkpt lat="43.82359553696552" lon="87.58941684275662">
        <ele>744.579673461914</ele>
        <time>2020-05-10T00:07:31Z</time>
      </trkpt>
      <trkpt lat="43.82358654149394" lon="87.58945985819682">
        <ele>744.579673461914</ele>
        <time>2020-05-10T00:07:34Z</time>
      </trkpt>
      <trkpt lat="43.823585553640875" lon="87.58951687794001">
        <ele>745.4500933837891</ele>
        <time>2020-05-10T00:07:36Z</time>
      </trkpt>
      <trkpt lat="43.82358956982696" lon="87.58957989927683">
        <ele>745.4500933837891</ele>
        <time>2020-05-10T00:07:39Z</time>
      </trkpt>
      <trkpt lat="43.82360359308649" lon="87.58964992222212">
        <ele>745.535</ele>
        <time>2020-05-10T00:07:41Z</time>
      </trkpt>
      <trkpt lat="43.82362761994804" lon="87.58971094138083">
        <ele>745.535</ele>
        <time>2020-05-10T00:07:43Z</time>
      </trkpt>
      <trkpt lat="43.823653647159894" lon="87.58976895922999">
        <ele>745.0703015136719</ele>
        <time>2020-05-10T00:07:45Z</time>
      </trkpt>
      <trkpt lat="43.82367166983972" lon="87.58982797760855">
        <ele>745.0703015136719</ele>
        <time>2020-05-10T00:07:47Z</time>
      </trkpt>
      <trkpt lat="43.82368268834778" lon="87.58988699613367">
        <ele>745.0703015136719</ele>
        <time>2020-05-10T00:07:49Z</time>
      </trkpt>
      <trkpt lat="43.8236827014019" lon="87.58995101659796">
        <ele>745.3906079101563</ele>
        <time>2020-05-10T00:07:51Z</time>
      </trkpt>
      <trkpt lat="43.82368171369964" lon="87.59001503686824">
        <ele>745.3906079101563</ele>
        <time>2020-05-10T00:07:53Z</time>
      </trkpt>
      <trkpt lat="43.82367772429021" lon="87.59008005735605">
        <ele>745.6422772216797</ele>
        <time>2020-05-10T00:07:55Z</time>
      </trkpt>
      <trkpt lat="43.82368073793334" lon="87.59014107601153">
        <ele>745.6422772216797</ele>
        <time>2020-05-10T00:07:57Z</time>
      </trkpt>
      <trkpt lat="43.82368575255837" lon="87.5902020943436">
        <ele>745.6422772216797</ele>
        <time>2020-05-10T00:07:59Z</time>
      </trkpt>
      <trkpt lat="43.823690766829024" lon="87.59026211215433">
        <ele>745.0936889648438</ele>
        <time>2020-05-10T00:08:01Z</time>
      </trkpt>
      <trkpt lat="43.8236987828469" lon="87.59032312989397">
        <ele>745.0936889648438</ele>
        <time>2020-05-10T00:08:03Z</time>
      </trkpt>
      <trkpt lat="43.823708800579496" lon="87.59038814847781">
        <ele>745.0819952392578</ele>
        <time>2020-05-10T00:08:05Z</time>
      </trkpt>
      <trkpt lat="43.82371881848436" lon="87.59045516738526">
        <ele>745.0819952392578</ele>
        <time>2020-05-10T00:08:07Z</time>
      </trkpt>
      <trkpt lat="43.82372583411362" lon="87.59052018560926">
        <ele>745.0819952392578</ele>
        <time>2020-05-10T00:08:09Z</time>
      </trkpt>
      <trkpt lat="43.82373184845789" lon="87.59058220279167">
        <ele>745.3870489501953</ele>
        <time>2020-05-10T00:08:11Z</time>
      </trkpt>
      <trkpt lat="43.82373786194406" lon="87.59064021863846">
        <ele>745.3870489501953</ele>
        <time>2020-05-10T00:08:13Z</time>
      </trkpt>
      <trkpt lat="43.823743875111305" lon="87.5906972340114">
        <ele>745.3692541503906</ele>
        <time>2020-05-10T00:08:15Z</time>
      </trkpt>
      <trkpt lat="43.82374988830084" lon="87.59075524946063">
        <ele>745.3692541503906</ele>
        <time>2020-05-10T00:08:17Z</time>
      </trkpt>
      <trkpt lat="43.82375990363633" lon="87.59081326450679">
        <ele>745.3692541503906</ele>
        <time>2020-05-10T00:08:19Z</time>
      </trkpt>
      <trkpt lat="43.82377692251628" lon="87.59086927847198">
        <ele>745.1836798095703</ele>
        <time>2020-05-10T00:08:21Z</time>
      </trkpt>
      <trkpt lat="43.823792940364655" lon="87.59092329178138">
        <ele>745.1836798095703</ele>
        <time>2020-05-10T00:08:23Z</time>
      </trkpt>
      <trkpt lat="43.82380595698903" lon="87.59098130609519">
        <ele>745.4841577148437</ele>
        <time>2020-05-10T00:08:25Z</time>
      </trkpt>
      <trkpt lat="43.82380696826967" lon="87.59105032359535">
        <ele>745.4841577148437</ele>
        <time>2020-05-10T00:08:27Z</time>
      </trkpt>
      <trkpt lat="43.8238069796675" lon="87.59112534235084">
        <ele>745.4841577148437</ele>
        <time>2020-05-10T00:08:29Z</time>
      </trkpt>
      <trkpt lat="43.82381099252289" lon="87.59119635959495">
        <ele>745.0901300048828</ele>
        <time>2020-05-10T00:08:31Z</time>
      </trkpt>
      <trkpt lat="43.823821008165744" lon="87.59126437551674">
        <ele>745.0901300048828</ele>
        <time>2020-05-10T00:08:33Z</time>
      </trkpt>
      <trkpt lat="43.82383102303856" lon="87.59132839022087">
        <ele>745.2777380371094</ele>
        <time>2020-05-10T00:08:35Z</time>
      </trkpt>
      <trkpt lat="43.823836034859916" lon="87.59139240493458">
        <ele>745.2777380371094</ele>
        <time>2020-05-10T00:08:37Z</time>
      </trkpt>
      <trkpt lat="43.82383804423488" lon="87.59145241864353">
        <ele>745.2777380371094</ele>
        <time>2020-05-10T00:08:39Z</time>
      </trkpt>
      <trkpt lat="43.82383805176937" lon="87.59150843133996">
        <ele>745.2899401855469</ele>
        <time>2020-05-10T00:08:41Z</time>
      </trkpt>
      <trkpt lat="43.823836057493224" lon="87.59156044306386">
        <ele>745.2899401855469</ele>
        <time>2020-05-10T00:08:43Z</time>
      </trkpt>
      <trkpt lat="43.82384306671511" lon="87.59160045154044">
        <ele>746.2549267578125</ele>
        <time>2020-05-10T00:08:45Z</time>
      </trkpt>
      <trkpt lat="43.823860080456754" lon="87.59163145745819">
        <ele>746.743521118164</ele>
        <time>2020-05-10T00:08:51Z</time>
      </trkpt>
      <trkpt lat="43.82385209442196" lon="87.59178048964799">
        <ele>746.6830187988281</ele>
        <time>2020-05-10T00:09:01Z</time>
      </trkpt>
      <trkpt lat="43.82383910806579" lon="87.5919605269452">
        <ele>746.0652850341797</ele>
        <time>2020-05-10T00:09:09Z</time>
      </trkpt>
      <trkpt lat="43.82379610785333" lon="87.59218657240169">
        <ele>746.0098669433594</ele>
        <time>2020-05-10T00:09:15Z</time>
      </trkpt>
      <trkpt lat="43.823761103721154" lon="87.59234660298226">
        <ele>746.0098669433594</ele>
        <time>2020-05-10T00:09:17Z</time>
      </trkpt>
      <trkpt lat="43.82371209006657" lon="87.59250263209043">
        <ele>746.5421856689453</ele>
        <time>2020-05-10T00:09:20Z</time>
      </trkpt>
      <trkpt lat="43.82367407949284" lon="87.59263265510228">
        <ele>746.5421856689453</ele>
        <time>2020-05-10T00:09:22Z</time>
      </trkpt>
      <trkpt lat="43.82365107371306" lon="87.59272367043273">
        <ele>746.5421856689453</ele>
        <time>2020-05-10T00:09:24Z</time>
      </trkpt>
      <trkpt lat="43.8236380725486" lon="87.59280468328772">
        <ele>746.2905163574219</ele>
        <time>2020-05-10T00:09:26Z</time>
      </trkpt>
      <trkpt lat="43.82363107439237" lon="87.59288369516368">
        <ele>746.2905163574219</ele>
        <time>2020-05-10T00:09:28Z</time>
      </trkpt>
      <trkpt lat="43.82362807763337" lon="87.59295370521595">
        <ele>746.2905163574219</ele>
        <time>2020-05-10T00:09:30Z</time>
      </trkpt>
      <trkpt lat="43.82363208434271" lon="87.59301871394705">
        <ele>746.2762805175781</ele>
        <time>2020-05-10T00:09:32Z</time>
      </trkpt>
      <trkpt lat="43.82364209347771" lon="87.59307072040768">
        <ele>746.2762805175781</ele>
        <time>2020-05-10T00:09:34Z</time>
      </trkpt>
      <trkpt lat="43.8236571051766" lon="87.59311972606689">
        <ele>746.4791412353516</ele>
        <time>2020-05-10T00:09:36Z</time>
      </trkpt>
      <trkpt lat="43.82366611320703" lon="87.59316673163457">
        <ele>746.4791412353516</ele>
        <time>2020-05-10T00:09:38Z</time>
      </trkpt>
      <trkpt lat="43.823674120912706" lon="87.59321973786523">
        <ele>746.4791412353516</ele>
        <time>2020-05-10T00:09:40Z</time>
      </trkpt>
      <trkpt lat="43.82368112792072" lon="87.59327274398055">
        <ele>746.4842254638672</ele>
        <time>2020-05-10T00:09:42Z</time>
      </trkpt>
      <trkpt lat="43.8236881348049" lon="87.59332574992992">
        <ele>746.4842254638672</ele>
        <time>2020-05-10T00:09:44Z</time>
      </trkpt>
      <trkpt lat="43.82369314031632" lon="87.59337675558604">
        <ele>746.5330340576172</ele>
        <time>2020-05-10T00:09:46Z</time>
      </trkpt>
      <trkpt lat="43.823695144088404" lon="87.59342976146309">
        <ele>746.5330340576172</ele>
        <time>2020-05-10T00:09:48Z</time>
      </trkpt>
      <trkpt lat="43.823698148859535" lon="87.59349476841665">
        <ele>746.5330340576172</ele>
        <time>2020-05-10T00:09:50Z</time>
      </trkpt>
      <trkpt lat="43.82371316050074" lon="87.59356377492692">
        <ele>746.8685931396484</ele>
        <time>2020-05-10T00:09:52Z</time>
      </trkpt>
      <trkpt lat="43.82373317495896" lon="87.59363678129958">
        <ele>746.8685931396484</ele>
        <time>2020-05-10T00:09:54Z</time>
      </trkpt>
      <trkpt lat="43.823751187854434" lon="87.59370478698487">
        <ele>746.5203234863282</ele>
        <time>2020-05-10T00:09:56Z</time>
      </trkpt>
      <trkpt lat="43.82375819410057" lon="87.59376879259003">
        <ele>746.5203234863282</ele>
        <time>2020-05-10T00:09:58Z</time>
      </trkpt>
      <trkpt lat="43.823770202789646" lon="87.59382479699893">
        <ele>746.5203234863282</ele>
        <time>2020-05-10T00:10:00Z</time>
      </trkpt>
      <trkpt lat="43.82378321162763" lon="87.59387080032307">
        <ele>746.4710064697266</ele>
        <time>2020-05-10T00:10:02Z</time>
      </trkpt>
      <trkpt lat="43.82379822135821" lon="87.59391080292511">
        <ele>746.4710064697266</ele>
        <time>2020-05-10T00:10:04Z</time>
      </trkpt>
      <trkpt lat="43.82380722760047" lon="87.59395180581718">
        <ele>746.3942346191407</ele>
        <time>2020-05-10T00:10:06Z</time>
      </trkpt>
      <trkpt lat="43.82381323209416" lon="87.5939948089181">
        <ele>746.3942346191407</ele>
        <time>2020-05-10T00:10:08Z</time>
      </trkpt>
      <trkpt lat="43.823815234360914" lon="87.59404481263887">
        <ele>746.3942346191407</ele>
        <time>2020-05-10T00:10:10Z</time>
      </trkpt>
      <trkpt lat="43.823815235464785" lon="87.59409981667307">
        <ele>746.4516864013672</ele>
        <time>2020-05-10T00:10:12Z</time>
      </trkpt>
      <trkpt lat="43.82382224055103" lon="87.59416082058456">
        <ele>746.4516864013672</ele>
        <time>2020-05-10T00:10:14Z</time>
      </trkpt>
      <trkpt lat="43.823837250105555" lon="87.59422482406528">
        <ele>745.6468530273438</ele>
        <time>2020-05-10T00:10:16Z</time>
      </trkpt>
      <trkpt lat="43.823860264082434" lon="87.5942898269604">
        <ele>745.6468530273438</ele>
        <time>2020-05-10T00:10:18Z</time>
      </trkpt>
      <trkpt lat="43.823879275531525" lon="87.59434882946812">
        <ele>745.6468530273438</ele>
        <time>2020-05-10T00:10:20Z</time>
      </trkpt>
      <trkpt lat="43.82390629143047" lon="87.59440983147306">
        <ele>745.9829205322266</ele>
        <time>2020-05-10T00:10:22Z</time>
      </trkpt>
      <trkpt lat="43.82393030543936" lon="87.59446883331118">
        <ele>745.9829205322266</ele>
        <time>2020-05-10T00:10:24Z</time>
      </trkpt>
      <trkpt lat="43.82395531986998" lon="87.59452883494055">
        <ele>746.2737384033203</ele>
        <time>2020-05-10T00:10:26Z</time>
      </trkpt>
      <trkpt lat="43.823967326697854" lon="87.59458183671445">
        <ele>746.2737384033203</ele>
        <time>2020-05-10T00:10:28Z</time>
      </trkpt>
      <trkpt lat="43.823979333411785" lon="87.59463283824265">
        <ele>746.2737384033203</ele>
        <time>2020-05-10T00:10:30Z</time>
      </trkpt>
      <trkpt lat="43.823988338282824" lon="87.59468483980734">
        <ele>746.1079925537109</ele>
        <time>2020-05-10T00:10:32Z</time>
      </trkpt>
      <trkpt lat="43.82399534187814" lon="87.59473784134872">
        <ele>746.1079925537109</ele>
        <time>2020-05-10T00:10:34Z</time>
      </trkpt>
      <trkpt lat="43.82400234533887" lon="87.59479184275625">
        <ele>745.9671594238281</ele>
        <time>2020-05-10T00:10:36Z</time>
      </trkpt>
      <trkpt lat="43.82400834809778" lon="87.59484584404322">
        <ele>745.9671594238281</ele>
        <time>2020-05-10T00:10:38Z</time>
      </trkpt>
      <trkpt lat="43.82401335013863" lon="87.59490084523438">
        <ele>745.9671594238281</ele>
        <time>2020-05-10T00:10:40Z</time>
      </trkpt>
      <trkpt lat="43.82401635084258" lon="87.5949588464133">
        <ele>745.9681762695312</ele>
        <time>2020-05-10T00:10:42Z</time>
      </trkpt>
      <trkpt lat="43.82401434848607" lon="87.59501884768369">
        <ele>745.9681762695312</ele>
        <time>2020-05-10T00:10:44Z</time>
      </trkpt>
      <trkpt lat="43.824014346974806" lon="87.59508484872585">
        <ele>746.4720233154297</ele>
        <time>2020-05-10T00:10:46Z</time>
      </trkpt>
      <trkpt lat="43.824016346475396" lon="87.59514884939125">
        <ele>746.4720233154297</ele>
        <time>2020-05-10T00:10:48Z</time>
      </trkpt>
      <trkpt lat="43.82402334863713" lon="87.5952138495697">
        <ele>746.4720233154297</ele>
        <time>2020-05-10T00:10:50Z</time>
      </trkpt>
      <trkpt lat="43.82403035071238" lon="87.59527584949288">
        <ele>745.8949633789063</ele>
        <time>2020-05-10T00:10:52Z</time>
      </trkpt>
      <trkpt lat="43.82403835301603" lon="87.59534284913465">
        <ele>745.8949633789063</ele>
        <time>2020-05-10T00:10:54Z</time>
      </trkpt>
      <trkpt lat="43.82404335305245" lon="87.59541884861646">
        <ele>745.5299157714844</ele>
        <time>2020-05-10T00:10:56Z</time>
      </trkpt>
      <trkpt lat="43.82403534520396" lon="87.59549884837739">
        <ele>745.5299157714844</ele>
        <time>2020-05-10T00:10:58Z</time>
      </trkpt>
      <trkpt lat="43.82400832680757" lon="87.59556484893132">
        <ele>745.5299157714844</ele>
        <time>2020-05-10T00:11:00Z</time>
      </trkpt>
      <trkpt lat="43.82396930214633" lon="87.59561385013764">
        <ele>745.8654748535156</ele>
        <time>2020-05-10T00:11:02Z</time>
      </trkpt>
      <trkpt lat="43.8239302780716" lon="87.5956488514776">
        <ele>745.8654748535156</ele>
        <time>2020-05-10T00:11:04Z</time>
      </trkpt>
      <trkpt lat="43.823891254297095" lon="87.595676852893">
        <ele>746.0571502685547</ele>
        <time>2020-05-10T00:11:06Z</time>
      </trkpt>
      <trkpt lat="43.82384622750703" lon="87.59569585476603">
        <ele>746.0571502685547</ele>
        <time>2020-05-10T00:11:08Z</time>
      </trkpt>
      <trkpt lat="43.82378219016065" lon="87.59570785773988">
        <ele>746.0571502685547</ele>
        <time>2020-05-10T00:11:10Z</time>
      </trkpt>
      <trkpt lat="43.823709147437654" lon="87.59572386106734">
        <ele>746.0057995605468</ele>
        <time>2020-05-10T00:11:12Z</time>
      </trkpt>
      <trkpt lat="43.82363810585494" lon="87.59573986427856">
        <ele>746.0057995605468</ele>
        <time>2020-05-10T00:11:14Z</time>
      </trkpt>
      <trkpt lat="43.82358307360542" lon="87.59575286674053">
        <ele>746.2905163574219</ele>
        <time>2020-05-10T00:11:16Z</time>
      </trkpt>
      <trkpt lat="43.82353904787762" lon="87.59576186873915">
        <ele>746.2905163574219</ele>
        <time>2020-05-10T00:11:18Z</time>
      </trkpt>
      <trkpt lat="43.82349802381441" lon="87.59577187055477">
        <ele>746.1791717529297</ele>
        <time>2020-05-10T00:11:22Z</time>
      </trkpt>
      <trkpt lat="43.82345399797227" lon="87.5957828724895">
        <ele>746.4893096923828</ele>
        <time>2020-05-10T00:11:26Z</time>
      </trkpt>
      <trkpt lat="43.82340597032795" lon="87.59578487486611">
        <ele>746.4893096923828</ele>
        <time>2020-05-10T00:11:30Z</time>
      </trkpt>
      <trkpt lat="43.82335594175768" lon="87.59578287745225">
        <ele>746.8868963623047</ele>
        <time>2020-05-10T00:11:33Z</time>
      </trkpt>
      <trkpt lat="43.82330591329849" lon="87.59577888009179">
        <ele>746.8868963623047</ele>
        <time>2020-05-10T00:11:35Z</time>
      </trkpt>
      <trkpt lat="43.823248880825886" lon="87.59577488308487">
        <ele>746.6255670166016</ele>
        <time>2020-05-10T00:11:37Z</time>
      </trkpt>
      <trkpt lat="43.8231888468515" lon="87.59576688633365">
        <ele>746.6255670166016</ele>
        <time>2020-05-10T00:11:40Z</time>
      </trkpt>
      <trkpt lat="43.82312881330592" lon="87.59575088978158">
        <ele>745.9432635498047</ele>
        <time>2020-05-10T00:11:42Z</time>
      </trkpt>
      <trkpt lat="43.82307578365986" lon="87.59573689281157">
        <ele>745.9432635498047</ele>
        <time>2020-05-10T00:11:44Z</time>
      </trkpt>
      <trkpt lat="43.823021753381695" lon="87.59572389585719">
        <ele>745.9432635498047</ele>
        <time>2020-05-10T00:11:46Z</time>
      </trkpt>
      <trkpt lat="43.82296572205502" lon="87.59570889903968">
        <ele>745.9549572753906</ele>
        <time>2020-05-10T00:11:48Z</time>
      </trkpt>
      <trkpt lat="43.822914693536106" lon="87.59569490193397">
        <ele>745.9549572753906</ele>
        <time>2020-05-10T00:11:50Z</time>
      </trkpt>
      <trkpt lat="43.822867667253036" lon="87.59568190459319">
        <ele>746.6321765136719</ele>
        <time>2020-05-10T00:11:52Z</time>
      </trkpt>
      <trkpt lat="43.822823642233196" lon="87.59567790690521">
        <ele>746.6321765136719</ele>
        <time>2020-05-10T00:11:54Z</time>
      </trkpt>
      <trkpt lat="43.822777616067754" lon="87.59567390931755">
        <ele>746.6321765136719</ele>
        <time>2020-05-10T00:11:56Z</time>
      </trkpt>
      <trkpt lat="43.8227305891801" lon="87.59567291171817">
        <ele>746.6606481933594</ele>
        <time>2020-05-10T00:11:58Z</time>
      </trkpt>
      <trkpt lat="43.82268156129764" lon="87.59566891428128">
        <ele>746.6606481933594</ele>
        <time>2020-05-10T00:12:00Z</time>
      </trkpt>
      <trkpt lat="43.822633534088595" lon="87.59566291683286">
        <ele>746.4816833496094</ele>
        <time>2020-05-10T00:12:02Z</time>
      </trkpt>
      <trkpt lat="43.82259251044495" lon="87.59566591884882">
        <ele>746.4816833496094</ele>
        <time>2020-05-10T00:12:04Z</time>
      </trkpt>
      <trkpt lat="43.82255748943665" lon="87.59568492022757">
        <ele>746.4816833496094</ele>
        <time>2020-05-10T00:12:06Z</time>
      </trkpt>
      <trkpt lat="43.822529472011745" lon="87.59571192104983">
        <ele>746.5391351318359</ele>
        <time>2020-05-10T00:12:08Z</time>
      </trkpt>
      <trkpt lat="43.8224984529425" lon="87.59573692203014">
        <ele>746.5391351318359</ele>
        <time>2020-05-10T00:12:10Z</time>
      </trkpt>
      <trkpt lat="43.82245742892138" lon="87.59574692386026">
        <ele>746.5854016113282</ele>
        <time>2020-05-10T00:12:12Z</time>
      </trkpt>
      <trkpt lat="43.8224084008489" lon="87.59574692634152">
        <ele>746.5854016113282</ele>
        <time>2020-05-10T00:12:14Z</time>
      </trkpt>
      <trkpt lat="43.822357372268606" lon="87.59573492921857">
        <ele>746.5854016113282</ele>
        <time>2020-05-10T00:12:16Z</time>
      </trkpt>
      <trkpt lat="43.82230834482956" lon="87.59572293198592">
        <ele>746.6809851074219</ele>
        <time>2020-05-10T00:12:18Z</time>
      </trkpt>
      <trkpt lat="43.82225931717884" lon="87.59571493465322">
        <ele>746.6809851074219</ele>
        <time>2020-05-10T00:12:20Z</time>
      </trkpt>
      <trkpt lat="43.822211289893374" lon="87.59571093717543">
        <ele>746.7389453125</ele>
        <time>2020-05-10T00:12:22Z</time>
      </trkpt>
      <trkpt lat="43.822164263026835" lon="87.59570993957814">
        <ele>746.7389453125</ele>
        <time>2020-05-10T00:12:24Z</time>
      </trkpt>
      <trkpt lat="43.822118236786146" lon="87.59570794195278">
        <ele>746.7389453125</ele>
        <time>2020-05-10T00:12:26Z</time>
      </trkpt>
      <trkpt lat="43.82207221070108" lon="87.59570294439443">
        <ele>746.6459039306641</ele>
        <time>2020-05-10T00:12:28Z</time>
      </trkpt>
      <trkpt lat="43.82202518414606" lon="87.59569594692917">
        <ele>746.6459039306641</ele>
        <time>2020-05-10T00:12:30Z</time>
      </trkpt>
      <trkpt lat="43.82197515592351" lon="87.59568794963444">
        <ele>746.6021795654297</ele>
        <time>2020-05-10T00:12:32Z</time>
      </trkpt>
      <trkpt lat="43.821923126403696" lon="87.59568295237403">
        <ele>746.6021795654297</ele>
        <time>2020-05-10T00:12:34Z</time>
      </trkpt>
      <trkpt lat="43.8218710968345" lon="87.59567895509126">
        <ele>746.6021795654297</ele>
        <time>2020-05-10T00:12:36Z</time>
      </trkpt>
      <trkpt lat="43.82182006768846" lon="87.5956779576946">
        <ele>746.4608380126953</ele>
        <time>2020-05-10T00:12:38Z</time>
      </trkpt>
      <trkpt lat="43.821769038694754" lon="87.59567396036002">
        <ele>746.4608380126953</ele>
        <time>2020-05-10T00:12:40Z</time>
      </trkpt>
      <trkpt lat="43.821719010523644" lon="87.5956649630751">
        <ele>746.324072265625</ele>
        <time>2020-05-10T00:12:42Z</time>
      </trkpt>
      <trkpt lat="43.82166998307088" lon="87.59565296579324">
        <ele>746.324072265625</ele>
        <time>2020-05-10T00:12:44Z</time>
      </trkpt>
      <trkpt lat="43.82162095575935" lon="87.59563796855876">
        <ele>746.324072265625</ele>
        <time>2020-05-10T00:12:46Z</time>
      </trkpt>
      <trkpt lat="43.82157493006079" lon="87.59562497112384">
        <ele>746.8848626708984</ele>
        <time>2020-05-10T00:12:48Z</time>
      </trkpt>
      <trkpt lat="43.82152890411895" lon="87.59561697359327">
        <ele>746.8848626708984</ele>
        <time>2020-05-10T00:12:50Z</time>
      </trkpt>
      <trkpt lat="43.821479876127455" lon="87.59561597609166">
        <ele>746.8665594482422</ele>
        <time>2020-05-10T00:12:52Z</time>
      </trkpt>
      <trkpt lat="43.82142784627844" lon="87.5956179786901">
        <ele>746.8665594482422</ele>
        <time>2020-05-10T00:12:54Z</time>
      </trkpt>
      <trkpt lat="43.821377817623215" lon="87.59561898120448">
        <ele>746.8665594482422</ele>
        <time>2020-05-10T00:12:56Z</time>
      </trkpt>
      <trkpt lat="43.821332791877985" lon="87.59561898348306">
        <ele>747.2244891357421</ele>
        <time>2020-05-10T00:12:58Z</time>
      </trkpt>
      <trkpt lat="43.82129577104352" lon="87.59561198547696">
        <ele>747.2244891357421</ele>
        <time>2020-05-10T00:13:00Z</time>
      </trkpt>
      <trkpt lat="43.82126575472742" lon="87.59559398729253">
        <ele>747.6078399658203</ele>
        <time>2020-05-10T00:13:02Z</time>
      </trkpt>
      <trkpt lat="43.82123773981594" lon="87.59556998907618">
        <ele>747.6078399658203</ele>
        <time>2020-05-10T00:13:04Z</time>
      </trkpt>
      <trkpt lat="43.82120172021476" lon="87.59554799120482">
        <ele>747.6078399658203</ele>
        <time>2020-05-10T00:13:06Z</time>
      </trkpt>
      <trkpt lat="43.821156695051265" lon="87.59553499365076">
        <ele>748.1010101318359</ele>
        <time>2020-05-10T00:13:08Z</time>
      </trkpt>
      <trkpt lat="43.82110866799192" lon="87.59552599619128">
        <ele>748.1010101318359</ele>
        <time>2020-05-10T00:13:10Z</time>
      </trkpt>
      <trkpt lat="43.821062641944664" lon="87.59551999859121">
        <ele>748.3430194091796</ele>
        <time>2020-05-10T00:13:12Z</time>
      </trkpt>
      <trkpt lat="43.821014614710535" lon="87.59551500107901">
        <ele>748.3430194091796</ele>
        <time>2020-05-10T00:13:14Z</time>
      </trkpt>
      <trkpt lat="43.82096558681925" lon="87.59551200359378">
        <ele>748.3430194091796</ele>
        <time>2020-05-10T00:13:16Z</time>
      </trkpt>
      <trkpt lat="43.82091856003004" lon="87.59551000599573">
        <ele>748.6231604003906</ele>
        <time>2020-05-10T00:13:18Z</time>
      </trkpt>
      <trkpt lat="43.82087853737291" lon="87.59550500807552">
        <ele>748.6231604003906</ele>
        <time>2020-05-10T00:13:20Z</time>
      </trkpt>
      <trkpt lat="43.82083751427142" lon="87.59549701023553">
        <ele>749.057353515625</ele>
        <time>2020-05-10T00:13:22Z</time>
      </trkpt>
      <trkpt lat="43.820790487863974" lon="87.59548601272476">
        <ele>749.057353515625</ele>
        <time>2020-05-10T00:13:24Z</time>
      </trkpt>
      <trkpt lat="43.82073745798148" lon="87.59547601550167">
        <ele>749.057353515625</ele>
        <time>2020-05-10T00:13:26Z</time>
      </trkpt>
      <trkpt lat="43.8206794249918" lon="87.5954720184741">
        <ele>749.0634545898438</ele>
        <time>2020-05-10T00:13:28Z</time>
      </trkpt>
      <trkpt lat="43.82061939065477" lon="87.59547302150324">
        <ele>749.0634545898438</ele>
        <time>2020-05-10T00:13:30Z</time>
      </trkpt>
      <trkpt lat="43.82056235815881" lon="87.5954710244069">
        <ele>749.1148052978516</ele>
        <time>2020-05-10T00:13:32Z</time>
      </trkpt>
      <trkpt lat="43.820517333094564" lon="87.59545502681789">
        <ele>749.1148052978516</ele>
        <time>2020-05-10T00:13:34Z</time>
      </trkpt>
      <trkpt lat="43.820479312179835" lon="87.5954350288865">
        <ele>749.1148052978516</ele>
        <time>2020-05-10T00:13:36Z</time>
      </trkpt>
      <trkpt lat="43.82044029048284" lon="87.59542003095422">
        <ele>749.9130291748047</ele>
        <time>2020-05-10T00:13:38Z</time>
      </trkpt>
      <trkpt lat="43.820395264768734" lon="87.59542003323266">
        <ele>749.9130291748047</ele>
        <time>2020-05-10T00:13:40Z</time>
      </trkpt>
      <trkpt lat="43.82034823763938" lon="87.5954270355706">
        <ele>749.9130291748047</ele>
        <time>2020-05-10T00:13:42Z</time>
      </trkpt>
      <trkpt lat="43.82030221108085" lon="87.595434037855">
        <ele>750.1153814697266</ele>
        <time>2020-05-10T00:13:44Z</time>
      </trkpt>
      <trkpt lat="43.82025618472075" lon="87.59543604017078">
        <ele>750.1153814697266</ele>
        <time>2020-05-10T00:13:46Z</time>
      </trkpt>
      <trkpt lat="43.820208157536314" lon="87.59543004264026">
        <ele>750.0803002929688</ele>
        <time>2020-05-10T00:13:48Z</time>
      </trkpt>
      <trkpt lat="43.82015812936586" lon="87.59542004523242">
        <ele>750.0803002929688</ele>
        <time>2020-05-10T00:13:50Z</time>
      </trkpt>
      <trkpt lat="43.820113104087405" lon="87.5954090475707">
        <ele>750.0803002929688</ele>
        <time>2020-05-10T00:13:52Z</time>
      </trkpt>
      <trkpt lat="43.82007308166099" lon="87.59539804964875">
        <ele>750.5114428710938</ele>
        <time>2020-05-10T00:13:54Z</time>
      </trkpt>
      <trkpt lat="43.820035060259926" lon="87.59539005160669">
        <ele>750.5114428710938</ele>
        <time>2020-05-10T00:13:56Z</time>
      </trkpt>
      <trkpt lat="43.819999039849684" lon="87.59538605344497">
        <ele>750.1438531494141</ele>
        <time>2020-05-10T00:13:58Z</time>
      </trkpt>
      <trkpt lat="43.8199660210033" lon="87.59538605511578">
        <ele>750.1438531494141</ele>
        <time>2020-05-10T00:14:00Z</time>
      </trkpt>
      <trkpt lat="43.819936003795846" lon="87.59538805662706">
        <ele>750.1438531494141</ele>
        <time>2020-05-10T00:14:02Z</time>
      </trkpt>
      <trkpt lat="43.819902985101024" lon="87.59538405831297">
        <ele>750.1011456298828</ele>
        <time>2020-05-10T00:14:04Z</time>
      </trkpt>
      <trkpt lat="43.81987196810206" lon="87.59536505994143">
        <ele>749.9836999511718</ele>
        <time>2020-05-10T00:14:08Z</time>
      </trkpt>
      <trkpt lat="43.81983394719814" lon="87.59534306190723">
        <ele>751.2486560058594</ele>
        <time>2020-05-10T00:14:13Z</time>
      </trkpt>
      <trkpt lat="43.81979992845381" lon="87.59532406364195">
        <ele>751.8643560791015</ele>
        <time>2020-05-10T00:14:19Z</time>
      </trkpt>
      <trkpt lat="43.81976390814196" lon="87.59531706546423">
        <ele>751.8643560791015</ele>
        <time>2020-05-10T00:14:21Z</time>
      </trkpt>
      <trkpt lat="43.81973088960996" lon="87.59530806713026">
        <ele>751.5887908935547</ele>
        <time>2020-05-10T00:14:23Z</time>
      </trkpt>
      <trkpt lat="43.81968986633906" lon="87.59530406920247">
        <ele>751.5887908935547</ele>
        <time>2020-05-10T00:14:27Z</time>
      </trkpt>
      <trkpt lat="43.81964884296728" lon="87.59530307127724">
        <ele>751.3076330566406</ele>
        <time>2020-05-10T00:14:31Z</time>
      </trkpt>
      <trkpt lat="43.819610821071294" lon="87.59530907320666">
        <ele>751.5125274658203</ele>
        <time>2020-05-10T00:14:33Z</time>
      </trkpt>
      <trkpt lat="43.81957980323912" lon="87.59531307477864">
        <ele>751.5125274658203</ele>
        <time>2020-05-10T00:14:35Z</time>
      </trkpt>
      <trkpt lat="43.81954778493945" lon="87.59531407639928">
        <ele>751.5125274658203</ele>
        <time>2020-05-10T00:14:37Z</time>
      </trkpt>
      <trkpt lat="43.81951576670921" lon="87.59531307801896">
        <ele>751.4062670898437</ele>
        <time>2020-05-10T00:14:39Z</time>
      </trkpt>
      <trkpt lat="43.81948274804568" lon="87.5953080796865">
        <ele>751.4062670898437</ele>
        <time>2020-05-10T00:14:41Z</time>
      </trkpt>
      <trkpt lat="43.81944472642652" lon="87.59530608160873">
        <ele>751.5989593505859</ele>
        <time>2020-05-10T00:14:43Z</time>
      </trkpt>
      <trkpt lat="43.81940270245763" lon="87.59530608373517">
        <ele>751.5989593505859</ele>
        <time>2020-05-10T00:14:45Z</time>
      </trkpt>
      <trkpt lat="43.819359677885394" lon="87.59530708591312">
        <ele>751.5989593505859</ele>
        <time>2020-05-10T00:14:47Z</time>
      </trkpt>
      <trkpt lat="43.8193186545238" lon="87.59530608798804">
        <ele>751.3854217529297</ele>
        <time>2020-05-10T00:14:49Z</time>
      </trkpt>
      <trkpt lat="43.81928463532675" lon="87.59530008970292">
        <ele>751.3854217529297</ele>
        <time>2020-05-10T00:14:51Z</time>
      </trkpt>
      <trkpt lat="43.81925661961923" lon="87.59529209110856">
        <ele>751.3218688964844</ele>
        <time>2020-05-10T00:14:53Z</time>
      </trkpt>
      <trkpt lat="43.819225602296804" lon="87.59528109265548">
        <ele>751.3218688964844</ele>
        <time>2020-05-10T00:14:55Z</time>
      </trkpt>
      <trkpt lat="43.81918858157913" lon="87.59526909449602">
        <ele>751.3218688964844</ele>
        <time>2020-05-10T00:14:57Z</time>
      </trkpt>
      <trkpt lat="43.81914655809914" lon="87.59525409656968">
        <ele>751.4418566894532</ele>
        <time>2020-05-10T00:14:59Z</time>
      </trkpt>
      <trkpt lat="43.81910553521214" lon="87.59523809857464">
        <ele>751.4418566894532</ele>
        <time>2020-05-10T00:15:01Z</time>
      </trkpt>
      <trkpt lat="43.81906951528827" lon="87.59521810028767">
        <ele>751.4677862548829</ele>
        <time>2020-05-10T00:15:03Z</time>
      </trkpt>
      <trkpt lat="43.81904450234069" lon="87.59517310122109">
        <ele>751.4677862548829</ele>
        <time>2020-05-10T00:15:05Z</time>
      </trkpt>
      <trkpt lat="43.81902849500473" lon="87.59510610131653">
        <ele>752.3056671142579</ele>
        <time>2020-05-10T00:15:17Z</time>
      </trkpt>
      <trkpt lat="43.81902149295755" lon="87.59502310042078">
        <ele>752.5293731689453</ele>
        <time>2020-05-10T00:15:19Z</time>
      </trkpt>
      <trkpt lat="43.81901749213788" lon="87.59495009918984">
        <ele>752.5293731689453</ele>
        <time>2020-05-10T00:15:21Z</time>
      </trkpt>
      <trkpt lat="43.81902149549344" lon="87.59488709749898">
        <ele>752.425146484375</ele>
        <time>2020-05-10T00:15:23Z</time>
      </trkpt>
      <trkpt lat="43.81902950090473" lon="87.59482809548891">
        <ele>752.425146484375</ele>
        <time>2020-05-10T00:15:25Z</time>
      </trkpt>
      <trkpt lat="43.81903650556145" lon="87.59477209342211">
        <ele>752.425146484375</ele>
        <time>2020-05-10T00:15:27Z</time>
      </trkpt>
      <trkpt lat="43.8190395078474" lon="87.5947100911596">
        <ele>752.2690606689454</ele>
        <time>2020-05-10T00:15:29Z</time>
      </trkpt>
      <trkpt lat="43.819039508274045" lon="87.59464408866477">
        <ele>752.2690606689454</ele>
        <time>2020-05-10T00:15:31Z</time>
      </trkpt>
      <trkpt lat="43.819041509660536" lon="87.594573085594">
        <ele>752.9508557128906</ele>
        <time>2020-05-10T00:15:33Z</time>
      </trkpt>
      <trkpt lat="43.819042510252984" lon="87.5945000821814">
        <ele>752.9508557128906</ele>
        <time>2020-05-10T00:15:35Z</time>
      </trkpt>
      <trkpt lat="43.819045511752414" lon="87.59442707835431">
        <ele>752.9508557128906</ele>
        <time>2020-05-10T00:15:37Z</time>
      </trkpt>
      <trkpt lat="43.81904551134471" lon="87.59435907464899">
        <ele>752.6981695556641</ele>
        <time>2020-05-10T00:15:39Z</time>
      </trkpt>
      <trkpt lat="43.81904350969573" lon="87.59430107137491">
        <ele>752.6981695556641</ele>
        <time>2020-05-10T00:15:41Z</time>
      </trkpt>
      <trkpt lat="43.81904551023061" lon="87.59424706795325">
        <ele>752.6981695556641</ele>
        <time>2020-05-10T00:15:43Z</time>
      </trkpt>
      <trkpt lat="43.81905151291905" lon="87.59419306415747">
        <ele>752.2888891601563</ele>
        <time>2020-05-10T00:15:45Z</time>
      </trkpt>
      <trkpt lat="43.81905751544501" lon="87.5941370600511">
        <ele>752.2888891601563</ele>
        <time>2020-05-10T00:15:47Z</time>
      </trkpt>
      <trkpt lat="43.81905851500076" lon="87.5940820560861">
        <ele>752.5863165283204</ele>
        <time>2020-05-10T00:15:49Z</time>
      </trkpt>
      <trkpt lat="43.81905651273435" lon="87.59402805217084">
        <ele>752.5863165283204</ele>
        <time>2020-05-10T00:15:51Z</time>
      </trkpt>
      <trkpt lat="43.81905951328909" lon="87.59397804814687">
        <ele>752.5863165283204</ele>
        <time>2020-05-10T00:15:53Z</time>
      </trkpt>
      <trkpt lat="43.81906951780596" lon="87.59393104386653">
        <ele>752.9462799072265</ele>
        <time>2020-05-10T00:15:55Z</time>
      </trkpt>
      <trkpt lat="43.81908452510625" lon="87.59388503928734">
        <ele>752.9462799072265</ele>
        <time>2020-05-10T00:15:57Z</time>
      </trkpt>
      <trkpt lat="43.81909653054151" lon="87.593837034561">
        <ele>753.0749108886719</ele>
        <time>2020-05-10T00:15:59Z</time>
      </trkpt>
      <trkpt lat="43.819104533430426" lon="87.5937840294504">
        <ele>753.0749108886719</ele>
        <time>2020-05-10T00:16:01Z</time>
      </trkpt>
      <trkpt lat="43.81911253609028" lon="87.5937280238935">
        <ele>753.0749108886719</ele>
        <time>2020-05-10T00:16:03Z</time>
      </trkpt>
      <trkpt lat="43.81912354013452" lon="87.59366701751432">
        <ele>752.6676641845703</ele>
        <time>2020-05-10T00:16:05Z</time>
      </trkpt>
      <trkpt lat="43.81913554458549" lon="87.59360601086503">
        <ele>752.6676641845703</ele>
        <time>2020-05-10T00:16:07Z</time>
      </trkpt>
      <trkpt lat="43.819148549399884" lon="87.59354400384113">
        <ele>752.5980102539063</ele>
        <time>2020-05-10T00:16:09Z</time>
      </trkpt>
      <trkpt lat="43.81915955299612" lon="87.59348399690785">
        <ele>752.5980102539063</ele>
        <time>2020-05-10T00:16:11Z</time>
      </trkpt>
      <trkpt lat="43.819166553957" lon="87.59341998951778">
        <ele>752.5980102539063</ele>
        <time>2020-05-10T00:16:13Z</time>
      </trkpt>
      <trkpt lat="43.819171553493085" lon="87.59335398175583">
        <ele>752.6402093505859</ele>
        <time>2020-05-10T00:16:15Z</time>
      </trkpt>
      <trkpt lat="43.819177553188865" lon="87.59328397320708">
        <ele>752.6402093505859</ele>
        <time>2020-05-10T00:16:17Z</time>
      </trkpt>
      <trkpt lat="43.819185553867484" lon="87.59321496439159">
        <ele>751.8750329589844</ele>
        <time>2020-05-10T00:16:19Z</time>
      </trkpt>
      <trkpt lat="43.81919855718878" lon="87.59314595504162">
        <ele>751.8750329589844</ele>
        <time>2020-05-10T00:16:21Z</time>
      </trkpt>
      <trkpt lat="43.81921456201175" lon="87.5930769452584">
        <ele>751.8750329589844</ele>
        <time>2020-05-10T00:16:23Z</time>
      </trkpt>
      <trkpt lat="43.819230566691765" lon="87.59300893532986">
        <ele>752.1058569335937</ele>
        <time>2020-05-10T00:16:25Z</time>
      </trkpt>
      <trkpt lat="43.81924557059731" lon="87.59294092517851">
        <ele>752.1058569335937</ele>
        <time>2020-05-10T00:16:27Z</time>
      </trkpt>
      <trkpt lat="43.819257572732944" lon="87.59287491519372">
        <ele>752.034677734375</ele>
        <time>2020-05-10T00:16:29Z</time>
      </trkpt>
      <trkpt lat="43.81926557209066" lon="87.59280490456152">
        <ele>752.034677734375</ele>
        <time>2020-05-10T00:16:31Z</time>
      </trkpt>
      <trkpt lat="43.81927156985355" lon="87.59273189328339">
        <ele>752.034677734375</ele>
        <time>2020-05-10T00:16:33Z</time>
      </trkpt>
      <trkpt lat="43.81927856811626" lon="87.59266088195268">
        <ele>751.7809747314453</ele>
        <time>2020-05-10T00:16:35Z</time>
      </trkpt>
      <trkpt lat="43.81928556658282" lon="87.59259487112726">
        <ele>751.7809747314453</ele>
        <time>2020-05-10T00:16:37Z</time>
      </trkpt>
      <trkpt lat="43.819290564419276" lon="87.59253686145937">
        <ele>752.0575567626953</ele>
        <time>2020-05-10T00:16:39Z</time>
      </trkpt>
      <trkpt lat="43.81929256066604" lon="87.59248185224624">
        <ele>752.0575567626953</ele>
        <time>2020-05-10T00:16:41Z</time>
      </trkpt>
      <trkpt lat="43.81929455696423" lon="87.5924288431949">
        <ele>752.0575567626953</ele>
        <time>2020-05-10T00:16:43Z</time>
      </trkpt>
      <trkpt lat="43.819299554470035" lon="87.5923718331304">
        <ele>751.6630206298828</ele>
        <time>2020-05-10T00:16:45Z</time>
      </trkpt>
      <trkpt lat="43.8193085537238" lon="87.59231082196155">
        <ele>751.6630206298828</ele>
        <time>2020-05-10T00:16:47Z</time>
      </trkpt>
      <trkpt lat="43.8193215548944" lon="87.59224781000736">
        <ele>751.7825</ele>
        <time>2020-05-10T00:16:49Z</time>
      </trkpt>
      <trkpt lat="43.81933155479688" lon="87.59219079907807">
        <ele>751.7825</ele>
        <time>2020-05-10T00:16:51Z</time>
      </trkpt>
      <trkpt lat="43.81933955425777" lon="87.59214178955888">
        <ele>751.7825</ele>
        <time>2020-05-10T00:16:53Z</time>
      </trkpt>
      <trkpt lat="43.81934755339747" lon="87.59209077951643">
        <ele>751.2725518798828</ele>
        <time>2020-05-10T00:16:55Z</time>
      </trkpt>
      <trkpt lat="43.81935355171947" lon="87.59204377019446">
        <ele>752.1709350585937</ele>
        <time>2020-05-10T00:16:59Z</time>
      </trkpt>
      <trkpt lat="43.81935954983197" lon="87.59199576054534">
        <ele>752.1709350585937</ele>
        <time>2020-05-10T00:17:01Z</time>
      </trkpt>
      <trkpt lat="43.81936454818112" lon="87.59195575239994">
        <ele>752.1709350585937</ele>
        <time>2020-05-10T00:17:03Z</time>
      </trkpt>
      <trkpt lat="43.81936454349087" lon="87.59191474421183">
        <ele>752.1877130126953</ele>
        <time>2020-05-10T00:17:07Z</time>
      </trkpt>
      <trkpt lat="43.81936453719981" lon="87.59186073327521">
        <ele>752.0224755859375</ele>
        <time>2020-05-10T00:17:11Z</time>
      </trkpt>
      <trkpt lat="43.819358527115384" lon="87.59180472205445">
        <ele>752.4088769531251</ele>
        <time>2020-05-10T00:17:15Z</time>
      </trkpt>
      <trkpt lat="43.8193555186039" lon="87.59174871049554">
        <ele>752.4088769531251</ele>
        <time>2020-05-10T00:17:17Z</time>
      </trkpt>
      <trkpt lat="43.819355512540234" lon="87.59169970009577">
        <ele>752.3712536621093</ele>
        <time>2020-05-10T00:17:19Z</time>
      </trkpt>
      <trkpt lat="43.819361509920945" lon="87.59165168946618">
        <ele>752.3712536621093</ele>
        <time>2020-05-10T00:17:23Z</time>
      </trkpt>
      <trkpt lat="43.819353499984246" lon="87.59160968072383">
        <ele>752.0275598144532</ele>
        <time>2020-05-10T00:17:27Z</time>
      </trkpt>
      <trkpt lat="43.81933148588126" lon="87.59159767920494">
        <ele>751.9431616210937</ele>
        <time>2020-05-10T00:17:31Z</time>
      </trkpt>
      <trkpt lat="43.819295466630685" lon="87.59160768322226">
        <ele>751.9431616210937</ele>
        <time>2020-05-10T00:17:33Z</time>
      </trkpt>
      <trkpt lat="43.81926345170879" lon="87.59163369052058">
        <ele>752.2156762695313</ele>
        <time>2020-05-10T00:17:35Z</time>
      </trkpt>
      <trkpt lat="43.81923143650437" lon="87.59165769734646">
        <ele>752.2156762695313</ele>
        <time>2020-05-10T00:17:37Z</time>
      </trkpt>
      <trkpt lat="43.81919641981477" lon="87.59168370471942">
        <ele>752.1572076416015</ele>
        <time>2020-05-10T00:17:39Z</time>
      </trkpt>
      <trkpt lat="43.819159401955126" lon="87.59170971215345">
        <ele>752.1572076416015</ele>
        <time>2020-05-10T00:17:43Z</time>
      </trkpt>
      <trkpt lat="43.81911538007327" lon="87.59173571990175">
        <ele>752.3834558105469</ele>
        <time>2020-05-10T00:17:47Z</time>
      </trkpt>
      <trkpt lat="43.8190773609745" lon="87.59175672625528">
        <ele>752.3199029541016</ele>
        <time>2020-05-10T00:17:51Z</time>
      </trkpt>
      <trkpt lat="43.81904334486634" lon="87.5917837336334">
        <ele>752.3199029541016</ele>
        <time>2020-05-10T00:17:53Z</time>
      </trkpt>
      <trkpt lat="43.81901233175425" lon="87.59182174309085">
        <ele>751.6203131103516</ele>
        <time>2020-05-10T00:17:57Z</time>
      </trkpt>
      <trkpt lat="43.818973315425715" lon="87.5918717553136">
        <ele>751.6203131103516</ele>
        <time>2020-05-10T00:17:59Z</time>
      </trkpt>
      <trkpt lat="43.81892729545489" lon="87.59192576854389">
        <ele>751.7072534179688</ele>
        <time>2020-05-10T00:18:01Z</time>
      </trkpt>
      <trkpt lat="43.818876272617416" lon="87.59198078205122">
        <ele>751.7072534179688</ele>
        <time>2020-05-10T00:18:03Z</time>
      </trkpt>
      <trkpt lat="43.81882825080835" lon="87.59203079425765">
        <ele>751.4901568603516</ele>
        <time>2020-05-10T00:18:06Z</time>
      </trkpt>
      <trkpt lat="43.818783229844165" lon="87.59207380482486">
        <ele>751.4901568603516</ele>
        <time>2020-05-10T00:18:08Z</time>
      </trkpt>
      <trkpt lat="43.818744211901425" lon="87.5921138144115">
        <ele>751.9085888671875</ele>
        <time>2020-05-10T00:18:10Z</time>
      </trkpt>
      <trkpt lat="43.81870519399369" lon="87.59215482408992">
        <ele>751.9085888671875</ele>
        <time>2020-05-10T00:18:12Z</time>
      </trkpt>
      <trkpt lat="43.81866817694709" lon="87.59219383319873">
        <ele>751.9085888671875</ele>
        <time>2020-05-10T00:18:14Z</time>
      </trkpt>
      <trkpt lat="43.81863215969466" lon="87.59222584089085">
        <ele>751.7469104003907</ele>
        <time>2020-05-10T00:18:16Z</time>
      </trkpt>
      <trkpt lat="43.81859714246681" lon="87.59225284756799">
        <ele>751.7469104003907</ele>
        <time>2020-05-10T00:18:18Z</time>
      </trkpt>
      <trkpt lat="43.81856212530673" lon="87.59228085438114">
        <ele>751.9299426269531</ele>
        <time>2020-05-10T00:18:20Z</time>
      </trkpt>
      <trkpt lat="43.818525106777024" lon="87.59230686089383">
        <ele>751.9299426269531</ele>
        <time>2020-05-10T00:18:22Z</time>
      </trkpt>
      <trkpt lat="43.81848908888519" lon="87.59233386749192">
        <ele>751.9299426269531</ele>
        <time>2020-05-10T00:18:24Z</time>
      </trkpt>
      <trkpt lat="43.81845307124855" lon="87.5923638745699">
        <ele>752.1053485107421</ele>
        <time>2020-05-10T00:18:26Z</time>
      </trkpt>
      <trkpt lat="43.8184180544251" lon="87.5923968820612">
        <ele>752.1053485107421</ele>
        <time>2020-05-10T00:18:28Z</time>
      </trkpt>
      <trkpt lat="43.81838503823114" lon="87.59242488853405">
        <ele>752.3956579589844</ele>
        <time>2020-05-10T00:18:30Z</time>
      </trkpt>
      <trkpt lat="43.81835001930183" lon="87.59243589217985">
        <ele>752.3956579589844</ele>
        <time>2020-05-10T00:18:32Z</time>
      </trkpt>
      <trkpt lat="43.81833501019932" lon="87.59242989191806">
        <ele>752.672748413086</ele>
        <time>2020-05-10T00:18:36Z</time>
      </trkpt>
      <trkpt lat="43.8183370090126" lon="87.5924048875388">
        <ele>750.5068670654297</ele>
        <time>2020-05-10T00:18:54Z</time>
      </trkpt>
      <trkpt lat="43.81834401272075" lon="87.59240188666857">
        <ele>752.8903533935547</ele>
        <time>2020-05-10T00:19:28Z</time>
      </trkpt>
      <trkpt lat="43.818213948330325" lon="87.59250791115325">
        <ele>752.262451171875</ele>
        <time>2020-05-10T00:20:11Z</time>
      </trkpt>
      <trkpt lat="43.81817492902392" lon="87.59254091856543">
        <ele>752.262451171875</ele>
        <time>2020-05-10T00:20:15Z</time>
      </trkpt>
      <trkpt lat="43.81813891129354" lon="87.59257292559933">
        <ele>752.5608953857422</ele>
        <time>2020-05-10T00:20:19Z</time>
      </trkpt>
      <trkpt lat="43.81810489448865" lon="87.59260293215121">
        <ele>752.8583227539062</ele>
        <time>2020-05-10T00:20:21Z</time>
      </trkpt>
      <trkpt lat="43.81807287819841" lon="87.59262593743858">
        <ele>752.8583227539062</ele>
        <time>2020-05-10T00:20:23Z</time>
      </trkpt>
      <trkpt lat="43.81804286294203" lon="87.59264794243595">
        <ele>752.8583227539062</ele>
        <time>2020-05-10T00:20:25Z</time>
      </trkpt>
      <trkpt lat="43.818014850027666" lon="87.59268494963916">
        <ele>752.6208892822266</ele>
        <time>2020-05-10T00:20:27Z</time>
      </trkpt>
      <trkpt lat="43.81798283509296" lon="87.59272595757571">
        <ele>752.6208892822266</ele>
        <time>2020-05-10T00:20:29Z</time>
      </trkpt>
      <trkpt lat="43.817947818686065" lon="87.59277096616583">
        <ele>752.994580078125</ele>
        <time>2020-05-10T00:20:31Z</time>
      </trkpt>
      <trkpt lat="43.81791080021893" lon="87.59280497311103">
        <ele>752.994580078125</ele>
        <time>2020-05-10T00:20:33Z</time>
      </trkpt>
      <trkpt lat="43.81787478212236" lon="87.59283697964474">
        <ele>752.994580078125</ele>
        <time>2020-05-10T00:20:35Z</time>
      </trkpt>
      <trkpt lat="43.81783976455103" lon="87.59286898606724">
        <ele>753.7373858642578</ele>
        <time>2020-05-10T00:20:37Z</time>
      </trkpt>
      <trkpt lat="43.81780574786279" lon="87.59290599309026">
        <ele>753.7373858642578</ele>
        <time>2020-05-10T00:20:39Z</time>
      </trkpt>
      <trkpt lat="43.8177777350195" lon="87.59295000070712">
        <ele>754.1700537109375</ele>
        <time>2020-05-10T00:20:41Z</time>
      </trkpt>
      <trkpt lat="43.81775372510987" lon="87.5930050095103">
        <ele>754.1700537109375</ele>
        <time>2020-05-10T00:20:43Z</time>
      </trkpt>
      <trkpt lat="43.8177317165288" lon="87.59306501869808">
        <ele>754.1700537109375</ele>
        <time>2020-05-10T00:20:45Z</time>
      </trkpt>
      <trkpt lat="43.81770870721982" lon="87.59312502772364">
        <ele>754.4974780273437</ele>
        <time>2020-05-10T00:20:47Z</time>
      </trkpt>
      <trkpt lat="43.81768169482144" lon="87.59317403535263">
        <ele>754.4974780273437</ele>
        <time>2020-05-10T00:20:49Z</time>
      </trkpt>
      <trkpt lat="43.817649678893844" lon="87.59321304185535">
        <ele>754.3230889892578</ele>
        <time>2020-05-10T00:20:51Z</time>
      </trkpt>
      <trkpt lat="43.81761766256192" lon="87.5932460475367">
        <ele>754.3230889892578</ele>
        <time>2020-05-10T00:20:53Z</time>
      </trkpt>
      <trkpt lat="43.81758364526381" lon="87.59328305373505">
        <ele>754.3230889892578</ele>
        <time>2020-05-10T00:20:55Z</time>
      </trkpt>
      <trkpt lat="43.81754762698007" lon="87.59332406042422">
        <ele>754.475107421875</ele>
        <time>2020-05-10T00:20:58Z</time>
      </trkpt>
      <trkpt lat="43.817509607176575" lon="87.59335906642387">
        <ele>754.813208618164</ele>
        <time>2020-05-10T00:21:01Z</time>
      </trkpt>
      <trkpt lat="43.817475589145836" lon="87.59338507112611">
        <ele>754.813208618164</ele>
        <time>2020-05-10T00:21:03Z</time>
      </trkpt>
      <trkpt lat="43.817445573165884" lon="87.59340707513606">
        <ele>754.813208618164</ele>
        <time>2020-05-10T00:21:05Z</time>
      </trkpt>
      <trkpt lat="43.81741055489696" lon="87.59344108070175">
        <ele>755.5727923583985</ele>
        <time>2020-05-10T00:21:07Z</time>
      </trkpt>
      <trkpt lat="43.817374536286295" lon="87.5934810869002">
        <ele>756.2001861572265</ele>
        <time>2020-05-10T00:21:11Z</time>
      </trkpt>
      <trkpt lat="43.81733551673332" lon="87.59354009515674">
        <ele>756.2001861572265</ele>
        <time>2020-05-10T00:21:13Z</time>
      </trkpt>
      <trkpt lat="43.81729949865356" lon="87.59359710285337">
        <ele>756.2001861572265</ele>
        <time>2020-05-10T00:21:15Z</time>
      </trkpt>
      <trkpt lat="43.81726448107765" lon="87.5936561105036">
        <ele>755.9098767089844</ele>
        <time>2020-05-10T00:21:17Z</time>
      </trkpt>
      <trkpt lat="43.81722846223835" lon="87.5937001165763">
        <ele>755.9098767089844</ele>
        <time>2020-05-10T00:21:19Z</time>
      </trkpt>
      <trkpt lat="43.81719044207298" lon="87.59374112235767">
        <ele>755.81734375</ele>
        <time>2020-05-10T00:21:21Z</time>
      </trkpt>
      <trkpt lat="43.81714641812329" lon="87.5937731275271">
        <ele>755.81734375</ele>
        <time>2020-05-10T00:21:23Z</time>
      </trkpt>
      <trkpt lat="43.81709839166235" lon="87.59379913230293">
        <ele>755.81734375</ele>
        <time>2020-05-10T00:21:25Z</time>
      </trkpt>
      <trkpt lat="43.81705036489295" lon="87.59381613624517">
        <ele>756.3908447265625</ele>
        <time>2020-05-10T00:21:27Z</time>
      </trkpt>
      <trkpt lat="43.81700634041868" lon="87.59383414005529">
        <ele>756.3908447265625</ele>
        <time>2020-05-10T00:21:29Z</time>
      </trkpt>
      <trkpt lat="43.816964317099064" lon="87.5938531438314">
        <ele>755.6154998779297</ele>
        <time>2020-05-10T00:21:31Z</time>
      </trkpt>
      <trkpt lat="43.81692029254038" lon="87.5938691474317">
        <ele>755.6154998779297</ele>
        <time>2020-05-10T00:21:33Z</time>
      </trkpt>
      <trkpt lat="43.816874266606334" lon="87.59387715044113">
        <ele>755.6154998779297</ele>
        <time>2020-05-10T00:21:35Z</time>
      </trkpt>
      <trkpt lat="43.81682724001716" lon="87.59388215324397">
        <ele>755.6149914550781</ele>
        <time>2020-05-10T00:21:37Z</time>
      </trkpt>
      <trkpt lat="43.8167832151629" lon="87.59388815597771">
        <ele>755.6149914550781</ele>
        <time>2020-05-10T00:21:39Z</time>
      </trkpt>
      <trkpt lat="43.81674419312398" lon="87.59389315837231">
        <ele>756.0796899414063</ele>
        <time>2020-05-10T00:21:41Z</time>
      </trkpt>
      <trkpt lat="43.81670216923984" lon="87.59389316049842">
        <ele>756.0796899414063</ele>
        <time>2020-05-10T00:21:43Z</time>
      </trkpt>
      <trkpt lat="43.81666014513186" lon="87.59388516195129">
        <ele>756.0796899414063</ele>
        <time>2020-05-10T00:21:45Z</time>
      </trkpt>
      <trkpt lat="43.8166141185752" lon="87.59387116309259">
        <ele>756.0278308105469</ele>
        <time>2020-05-10T00:21:47Z</time>
      </trkpt>
      <trkpt lat="43.81657009303005" lon="87.59385316377646">
        <ele>756.0278308105469</ele>
        <time>2020-05-10T00:21:49Z</time>
      </trkpt>
      <trkpt lat="43.816527068101585" lon="87.59383716456517">
        <ele>755.9800390625</ele>
        <time>2020-05-10T00:21:51Z</time>
      </trkpt>
      <trkpt lat="43.81648604457868" lon="87.59383016602865">
        <ele>755.9800390625</ele>
        <time>2020-05-10T00:21:53Z</time>
      </trkpt>
      <trkpt lat="43.816443019979985" lon="87.59382516776645">
        <ele>755.9800390625</ele>
        <time>2020-05-10T00:21:55Z</time>
      </trkpt>
      <trkpt lat="43.816397994213524" lon="87.59381916951577">
        <ele>756.0080023193359</ele>
        <time>2020-05-10T00:21:57Z</time>
      </trkpt>
      <trkpt lat="43.8163499665521" lon="87.59380717088193">
        <ele>756.0080023193359</ele>
        <time>2020-05-10T00:21:59Z</time>
      </trkpt>
      <trkpt lat="43.81630694179233" lon="87.59379717216578">
        <ele>756.0080023193359</ele>
        <time>2020-05-10T00:22:01Z</time>
      </trkpt>
      <trkpt lat="43.816262916395864" lon="87.59378517331389">
        <ele>756.4788018798828</ele>
        <time>2020-05-10T00:22:03Z</time>
      </trkpt>
      <trkpt lat="43.816222893400344" lon="87.59377717461453">
        <ele>755.984614868164</ele>
        <time>2020-05-10T00:22:07Z</time>
      </trkpt>
      <trkpt lat="43.81618186993503" lon="87.59377217623545">
        <ele>755.984614868164</ele>
        <time>2020-05-10T00:22:09Z</time>
      </trkpt>
      <trkpt lat="43.81614284797235" lon="87.59377817875492">
        <ele>755.984614868164</ele>
        <time>2020-05-10T00:22:11Z</time>
      </trkpt>
      <trkpt lat="43.81610182490557" lon="87.5937851814638">
        <ele>756.3008538818359</ele>
        <time>2020-05-10T00:22:13Z</time>
      </trkpt>
      <trkpt lat="43.81605880070156" lon="87.59379218427104">
        <ele>756.3008538818359</ele>
        <time>2020-05-10T00:22:15Z</time>
      </trkpt>
      <trkpt lat="43.816015776432494" lon="87.59379718689634">
        <ele>756.1854418945312</ele>
        <time>2020-05-10T00:22:17Z</time>
      </trkpt>
      <trkpt lat="43.81597575386804" lon="87.5938021893683">
        <ele>756.1854418945312</ele>
        <time>2020-05-10T00:22:19Z</time>
      </trkpt>
      <trkpt lat="43.81593773250327" lon="87.59380919191541">
        <ele>756.1854418945312</ele>
        <time>2020-05-10T00:22:21Z</time>
      </trkpt>
      <trkpt lat="43.815896709558366" lon="87.59382019496485">
        <ele>756.3725415039063</ele>
        <time>2020-05-10T00:22:23Z</time>
      </trkpt>
      <trkpt lat="43.81585168433736" lon="87.59383119820963">
        <ele>756.3725415039063</ele>
        <time>2020-05-10T00:22:25Z</time>
      </trkpt>
      <trkpt lat="43.81580165606009" lon="87.59383520109046">
        <ele>756.6765783691407</ele>
        <time>2020-05-10T00:22:27Z</time>
      </trkpt>
      <trkpt lat="43.815749626342466" lon="87.59382920319756">
        <ele>756.6765783691407</ele>
        <time>2020-05-10T00:22:29Z</time>
      </trkpt>
      <trkpt lat="43.81569859713101" lon="87.59382120507571">
        <ele>756.6765783691407</ele>
        <time>2020-05-10T00:22:31Z</time>
      </trkpt>
      <trkpt lat="43.81564956905442" lon="87.59381320684885">
        <ele>756.9704467773438</ele>
        <time>2020-05-10T00:22:33Z</time>
      </trkpt>
      <trkpt lat="43.81560454321627" lon="87.59380420832659">
        <ele>756.9704467773438</ele>
        <time>2020-05-10T00:22:35Z</time>
      </trkpt>
      <trkpt lat="43.81556151844702" lon="87.5937932095188">
        <ele>757.1168725585937</ele>
        <time>2020-05-10T00:22:37Z</time>
      </trkpt>
      <trkpt lat="43.81551949427443" lon="87.59378321074368">
        <ele>757.1168725585937</ele>
        <time>2020-05-10T00:22:39Z</time>
      </trkpt>
      <trkpt lat="43.8154784708982" lon="87.59378021254759">
        <ele>757.1168725585937</ele>
        <time>2020-05-10T00:22:41Z</time>
      </trkpt>
      <trkpt lat="43.81543644702119" lon="87.59377921458297">
        <ele>757.1941528320312</ele>
        <time>2020-05-10T00:22:43Z</time>
      </trkpt>
      <trkpt lat="43.81539542374615" lon="87.59377921665832">
        <ele>757.1941528320312</ele>
        <time>2020-05-10T00:22:45Z</time>
      </trkpt>
      <trkpt lat="43.81535640150851" lon="87.59377621836025">
        <ele>757.2968542480469</ele>
        <time>2020-05-10T00:22:47Z</time>
      </trkpt>
      <trkpt lat="43.815320380841094" lon="87.59376921954535">
        <ele>757.2968542480469</ele>
        <time>2020-05-10T00:22:49Z</time>
      </trkpt>
      <trkpt lat="43.81528636110446" lon="87.59375622007539">
        <ele>757.2968542480469</ele>
        <time>2020-05-10T00:22:51Z</time>
      </trkpt>
      <trkpt lat="43.81525034012225" lon="87.59374022041816">
        <ele>757.183984375</ele>
        <time>2020-05-10T00:22:53Z</time>
      </trkpt>
      <trkpt lat="43.815212317959244" lon="87.59372322075315">
        <ele>757.183984375</ele>
        <time>2020-05-10T00:22:55Z</time>
      </trkpt>
      <trkpt lat="43.815173295144625" lon="87.5937042209317">
        <ele>757.2266918945312</ele>
        <time>2020-05-10T00:22:57Z</time>
      </trkpt>
      <trkpt lat="43.815133271895945" lon="87.59368922152386">
        <ele>757.2266918945312</ele>
        <time>2020-05-10T00:22:59Z</time>
      </trkpt>
      <trkpt lat="43.815093248751204" lon="87.59367722239296">
        <ele>757.2266918945312</ele>
        <time>2020-05-10T00:23:01Z</time>
      </trkpt>
      <trkpt lat="43.81505222507191" lon="87.59366622340151">
        <ele>757.5688604736329</ele>
        <time>2020-05-10T00:23:03Z</time>
      </trkpt>
      <trkpt lat="43.81501220191747" lon="87.59365422425434">
        <ele>757.5688604736329</ele>
        <time>2020-05-10T00:23:05Z</time>
      </trkpt>
      <trkpt lat="43.814972178640645" lon="87.59363922480223">
        <ele>757.171273803711</ele>
        <time>2020-05-10T00:23:07Z</time>
      </trkpt>
      <trkpt lat="43.81493315584274" lon="87.59362222508656">
        <ele>757.171273803711</ele>
        <time>2020-05-10T00:23:09Z</time>
      </trkpt>
      <trkpt lat="43.81489313258771" lon="87.59360822570689">
        <ele>757.171273803711</ele>
        <time>2020-05-10T00:23:11Z</time>
      </trkpt>
      <trkpt lat="43.8148511081084" lon="87.59359222621367">
        <ele>757.0848419189454</ele>
        <time>2020-05-10T00:23:13Z</time>
      </trkpt>
      <trkpt lat="43.814808083261006" lon="87.5935812272683">
        <ele>757.0848419189454</ele>
        <time>2020-05-10T00:23:15Z</time>
      </trkpt>
      <trkpt lat="43.81476505849397" lon="87.59357222852158">
        <ele>756.9958679199219</ele>
        <time>2020-05-10T00:23:17Z</time>
      </trkpt>
      <trkpt lat="43.814723034334406" lon="87.59356422982283">
        <ele>756.9958679199219</ele>
        <time>2020-05-10T00:23:19Z</time>
      </trkpt>
      <trkpt lat="43.814680009904805" lon="87.59356323189598">
        <ele>756.9958679199219</ele>
        <time>2020-05-10T00:23:21Z</time>
      </trkpt>
      <trkpt lat="43.81463598499446" lon="87.59356423422648">
        <ele>757.5490319824219</ele>
        <time>2020-05-10T00:23:23Z</time>
      </trkpt>
      <trkpt lat="43.81459196012794" lon="87.59356623666012">
        <ele>757.5490319824219</ele>
        <time>2020-05-10T00:23:25Z</time>
      </trkpt>
      <trkpt lat="43.81454993605713" lon="87.59356023816575">
        <ele>757.7142694091797</ele>
        <time>2020-05-10T00:23:27Z</time>
      </trkpt>
      <trkpt lat="43.81450591080917" lon="87.59355323966653">
        <ele>757.7142694091797</ele>
        <time>2020-05-10T00:23:29Z</time>
      </trkpt>
      <trkpt lat="43.81446188569007" lon="87.5935492414773">
        <ele>757.7142694091797</ele>
        <time>2020-05-10T00:23:31Z</time>
      </trkpt>
      <trkpt lat="43.81441585939456" lon="87.59354424328387">
        <ele>757.602416381836</ele>
        <time>2020-05-10T00:23:33Z</time>
      </trkpt>
      <trkpt lat="43.81437083366646" lon="87.59353924503836">
        <ele>757.602416381836</ele>
        <time>2020-05-10T00:23:35Z</time>
      </trkpt>
      <trkpt lat="43.81432580785115" lon="87.59353224658106">
        <ele>757.9323828125</ele>
        <time>2020-05-10T00:23:37Z</time>
      </trkpt>
      <trkpt lat="43.81428478443485" lon="87.593528248235">
        <ele>757.9323828125</ele>
        <time>2020-05-10T00:23:39Z</time>
      </trkpt>
      <trkpt lat="43.8142467627195" lon="87.59352424973615">
        <ele>757.9323828125</ele>
        <time>2020-05-10T00:23:41Z</time>
      </trkpt>
      <trkpt lat="43.81421274313825" lon="87.59351725071588">
        <ele>758.5236785888671</ele>
        <time>2020-05-10T00:23:43Z</time>
      </trkpt>
      <trkpt lat="43.81417272015526" lon="87.5935102519964">
        <ele>758.5236785888671</ele>
        <time>2020-05-10T00:23:45Z</time>
      </trkpt>
      <trkpt lat="43.81413369787327" lon="87.59350625354391">
        <ele>758.0518621826172</ele>
        <time>2020-05-10T00:23:49Z</time>
      </trkpt>
      <trkpt lat="43.81408667096784" lon="87.59350025528131">
        <ele>758.0518621826172</ele>
        <time>2020-05-10T00:23:51Z</time>
      </trkpt>
      <trkpt lat="43.814048649025494" lon="87.59349125623845">
        <ele>757.5424224853516</ele>
        <time>2020-05-10T00:23:55Z</time>
      </trkpt>
      <trkpt lat="43.81401262789036" lon="87.593475256331">
        <ele>757.888150024414</ele>
        <time>2020-05-10T00:23:57Z</time>
      </trkpt>
      <trkpt lat="43.81398661231663" lon="87.59345725568315">
        <ele>757.888150024414</ele>
        <time>2020-05-10T00:23:59Z</time>
      </trkpt>
      <trkpt lat="43.813960596681156" lon="87.59343825490542">
        <ele>757.888150024414</ele>
        <time>2020-05-10T00:24:01Z</time>
      </trkpt>
      <trkpt lat="43.81393458117662" lon="87.59342225444176">
        <ele>757.6120764160156</ele>
        <time>2020-05-10T00:24:03Z</time>
      </trkpt>
      <trkpt lat="43.81389856038988" lon="87.59341425536842">
        <ele>757.6120764160156</ele>
        <time>2020-05-10T00:24:05Z</time>
      </trkpt>
      <trkpt lat="43.81385953814832" lon="87.5934112570056">
        <ele>758.1306677246093</ele>
        <time>2020-05-10T00:24:09Z</time>
      </trkpt>
      <trkpt lat="43.813820515709864" lon="87.59340425819168">
        <ele>758.2221838378906</ele>
        <time>2020-05-10T00:24:13Z</time>
      </trkpt>
      <trkpt lat="43.8137884969859" lon="87.59339225845396">
        <ele>758.2221838378906</ele>
        <time>2020-05-10T00:24:15Z</time>
      </trkpt>
      <trkpt lat="43.813755477334944" lon="87.59337325795764">
        <ele>758.2221838378906</ele>
        <time>2020-05-10T00:24:17Z</time>
      </trkpt>
      <trkpt lat="43.81371345293223" lon="87.59336125870406">
        <ele>758.2908209228516</ele>
        <time>2020-05-10T00:24:21Z</time>
      </trkpt>
      <trkpt lat="43.813671428835285" lon="87.593355260137">
        <ele>758.4484320068359</ele>
        <time>2020-05-10T00:24:25Z</time>
      </trkpt>
      <trkpt lat="43.81363340721078" lon="87.59335326182891">
        <ele>758.4484320068359</ele>
        <time>2020-05-10T00:24:27Z</time>
      </trkpt>
      <trkpt lat="43.81360439078753" lon="87.59335326329672">
        <ele>758.3213262939453</ele>
        <time>2020-05-10T00:24:29Z</time>
      </trkpt>
      <trkpt lat="43.81357637487944" lon="87.59335226459812">
        <ele>758.3213262939453</ele>
        <time>2020-05-10T00:24:31Z</time>
      </trkpt>
      <trkpt lat="43.81354235547055" lon="87.59334926597123">
        <ele>758.6182452392578</ele>
        <time>2020-05-10T00:24:33Z</time>
      </trkpt>
      <trkpt lat="43.813503332760654" lon="87.5933372665488">
        <ele>758.6182452392578</ele>
        <time>2020-05-10T00:24:37Z</time>
      </trkpt>
      <trkpt lat="43.81346030746206" lon="87.5933192666147">
        <ele>758.6029925537109</ele>
        <time>2020-05-10T00:24:41Z</time>
      </trkpt>
      <trkpt lat="43.81341828346906" lon="87.59331526826888">
        <ele>758.887709350586</ele>
        <time>2020-05-10T00:24:45Z</time>
      </trkpt>
      <trkpt lat="43.81337626001054" lon="87.59332127110169">
        <ele>758.7438256835937</ele>
        <time>2020-05-10T00:24:49Z</time>
      </trkpt>
      <trkpt lat="43.813333235826796" lon="87.5933242736308">
        <ele>759.1429376220703</ele>
        <time>2020-05-10T00:24:53Z</time>
      </trkpt>
      <trkpt lat="43.81329021052346" lon="87.59330627368287">
        <ele>759.1429376220703</ele>
        <time>2020-05-10T00:24:57Z</time>
      </trkpt>
      <trkpt lat="43.813252187599076" lon="87.59328027250393">
        <ele>759.0615899658203</ele>
        <time>2020-05-10T00:25:01Z</time>
      </trkpt>
      <trkpt lat="43.81321916770016" lon="87.59325827151801">
        <ele>758.7001013183594</ele>
        <time>2020-05-10T00:25:03Z</time>
      </trkpt>
      <trkpt lat="43.81318214585747" lon="87.593242271441">
        <ele>758.7001013183594</ele>
        <time>2020-05-10T00:25:05Z</time>
      </trkpt>
      <trkpt lat="43.813144123553194" lon="87.5932282716459">
        <ele>759.8791339111328</ele>
        <time>2020-05-10T00:25:09Z</time>
      </trkpt>
      <trkpt lat="43.81310209880383" lon="87.59321127166946">
        <ele>759.8791339111328</ele>
        <time>2020-05-10T00:25:11Z</time>
      </trkpt>
      <trkpt lat="43.81306307509167" lon="87.59318327014371">
        <ele>759.9604815673828</ele>
        <time>2020-05-10T00:25:17Z</time>
      </trkpt>
      <trkpt lat="43.81302104928479" lon="87.59314926795759">
        <ele>759.734741821289</ele>
        <time>2020-05-10T00:25:21Z</time>
      </trkpt>
      <trkpt lat="43.8129770226073" lon="87.59312026645281">
        <ele>760.1333453369141</ele>
        <time>2020-05-10T00:25:25Z</time>
      </trkpt>
      <trkpt lat="43.81293599872398" lon="87.59310926709944">
        <ele>761.1181604003906</ele>
        <time>2020-05-10T00:25:29Z</time>
      </trkpt>
      <trkpt lat="43.812898977727464" lon="87.59310826884189">
        <ele>761.1181604003906</ele>
        <time>2020-05-10T00:25:31Z</time>
      </trkpt>
      <trkpt lat="43.812864958990815" lon="87.5931162716028">
        <ele>761.2864483642578</ele>
        <time>2020-05-10T00:25:33Z</time>
      </trkpt>
      <trkpt lat="43.8128279384932" lon="87.59312327438242">
        <ele>761.2864483642578</ele>
        <time>2020-05-10T00:25:35Z</time>
      </trkpt>
      <trkpt lat="43.81279091799448" lon="87.59313027715913">
        <ele>761.1913732910157</ele>
        <time>2020-05-10T00:25:39Z</time>
      </trkpt>
      <trkpt lat="43.81275589856466" lon="87.59313627970317">
        <ele>760.3057006835937</ele>
        <time>2020-05-10T00:25:43Z</time>
      </trkpt>
      <trkpt lat="43.81272288069179" lon="87.59314928304009">
        <ele>760.3057006835937</ele>
        <time>2020-05-10T00:25:45Z</time>
      </trkpt>
      <trkpt lat="43.812688862487036" lon="87.59316628692535">
        <ele>760.3057006835937</ele>
        <time>2020-05-10T00:25:47Z</time>
      </trkpt>
      <trkpt lat="43.8126788573692" lon="87.59317528857045">
        <ele>761.5986199951172</ele>
        <time>2020-05-10T00:25:51Z</time>
      </trkpt>
      <trkpt lat="43.81268786198141" lon="87.59316728710276">
        <ele>761.0413885498047</ele>
        <time>2020-05-10T00:25:55Z</time>
      </trkpt>
      <trkpt lat="43.812710873233314" lon="87.5931382822378">
        <ele>761.0413885498047</ele>
        <time>2020-05-10T00:25:57Z</time>
      </trkpt>
      <trkpt lat="43.81272087602611" lon="87.59309227575936">
        <ele>760.7826013183594</ele>
        <time>2020-05-10T00:25:59Z</time>
      </trkpt>
      <trkpt lat="43.81271687028297" lon="87.59303826879123">
        <ele>760.332138671875</ele>
        <time>2020-05-10T00:26:03Z</time>
      </trkpt>
      <trkpt lat="43.81270586011106" lon="87.59297926131639">
        <ele>760.332138671875</ele>
        <time>2020-05-10T00:26:05Z</time>
      </trkpt>
      <trkpt lat="43.81268884603707" lon="87.5929152532318">
        <ele>760.332138671875</ele>
        <time>2020-05-10T00:26:07Z</time>
      </trkpt>
      <trkpt lat="43.81267683394351" lon="87.59284224334051">
        <ele>760.6051617431641</ele>
        <time>2020-05-10T00:26:09Z</time>
      </trkpt>
      <trkpt lat="43.812662819628066" lon="87.59275823157833">
        <ele>760.6051617431641</ele>
        <time>2020-05-10T00:26:11Z</time>
      </trkpt>
      <trkpt lat="43.812654808884055" lon="87.59268022002934">
        <ele>760.6051617431641</ele>
        <time>2020-05-10T00:26:13Z</time>
      </trkpt>
      <trkpt lat="43.812647798945434" lon="87.59260820902959">
        <ele>760.5487268066406</ele>
        <time>2020-05-10T00:26:15Z</time>
      </trkpt>
      <trkpt lat="43.81265179578767" lon="87.59254519864055">
        <ele>760.5487268066406</ele>
        <time>2020-05-10T00:26:17Z</time>
      </trkpt>
      <trkpt lat="43.81265779376593" lon="87.59248418824968">
        <ele>760.6051617431641</ele>
        <time>2020-05-10T00:26:19Z</time>
      </trkpt>
      <trkpt lat="43.81266179081941" lon="87.59242717842227">
        <ele>760.6051617431641</ele>
        <time>2020-05-10T00:26:21Z</time>
      </trkpt>
      <trkpt lat="43.81265678311419" lon="87.59237516972672">
        <ele>760.6051617431641</ele>
        <time>2020-05-10T00:26:23Z</time>
      </trkpt>
      <trkpt lat="43.812648774175294" lon="87.59232916208197">
        <ele>760.3295965576172</ele>
        <time>2020-05-10T00:26:25Z</time>
      </trkpt>
      <trkpt lat="43.81264076534076" lon="87.59228515466985">
        <ele>760.3295965576172</ele>
        <time>2020-05-10T00:26:27Z</time>
      </trkpt>
      <trkpt lat="43.812638760015666" lon="87.59224314720231">
        <ele>760.2299456787109</ele>
        <time>2020-05-10T00:26:29Z</time>
      </trkpt>
      <trkpt lat="43.812635753841555" lon="87.59219913931277">
        <ele>760.2299456787109</ele>
        <time>2020-05-10T00:26:31Z</time>
      </trkpt>
      <trkpt lat="43.81263074655528" lon="87.5921561315963">
        <ele>760.2299456787109</ele>
        <time>2020-05-10T00:26:33Z</time>
      </trkpt>
      <trkpt lat="43.812622737490486" lon="87.59211312392202">
        <ele>760.2319793701172</ele>
        <time>2020-05-10T00:26:35Z</time>
      </trkpt>
      <trkpt lat="43.812614728018325" lon="87.59206711556264">
        <ele>760.2319793701172</ele>
        <time>2020-05-10T00:26:37Z</time>
      </trkpt>
      <trkpt lat="43.81260871947296" lon="87.59202010678183">
        <ele>760.6265155029297</ele>
        <time>2020-05-10T00:26:39Z</time>
      </trkpt>
      <trkpt lat="43.81260371139532" lon="87.59197309781935">
        <ele>760.6265155029297</ele>
        <time>2020-05-10T00:26:41Z</time>
      </trkpt>
      <trkpt lat="43.8125977026543" lon="87.59192608877638">
        <ele>760.6265155029297</ele>
        <time>2020-05-10T00:26:43Z</time>
      </trkpt>
      <trkpt lat="43.81258969315164" lon="87.59188308051523">
        <ele>760.4724633789062</ele>
        <time>2020-05-10T00:26:45Z</time>
      </trkpt>
      <trkpt lat="43.81257968196113" lon="87.59183607142363">
        <ele>760.4724633789062</ele>
        <time>2020-05-10T00:26:47Z</time>
      </trkpt>
      <trkpt lat="43.812579674631145" lon="87.59177505877138">
        <ele>760.0092901611329</ele>
        <time>2020-05-10T00:26:51Z</time>
      </trkpt>
      <trkpt lat="43.812583668153906" lon="87.59170404356425">
        <ele>760.0265765380859</ele>
        <time>2020-05-10T00:26:55Z</time>
      </trkpt>
      <trkpt lat="43.812586661015416" lon="87.59163402832593">
        <ele>760.0265765380859</ele>
        <time>2020-05-10T00:26:57Z</time>
      </trkpt>
      <trkpt lat="43.81258165148389" lon="87.59158201718343">
        <ele>760.230962524414</ele>
        <time>2020-05-10T00:26:59Z</time>
      </trkpt>
      <trkpt lat="43.81256963932729" lon="87.59154100869254">
        <ele>760.230962524414</ele>
        <time>2020-05-10T00:27:01Z</time>
      </trkpt>
      <trkpt lat="43.812553626169105" lon="87.59151000255689">
        <ele>760.230962524414</ele>
        <time>2020-05-10T00:27:03Z</time>
      </trkpt>
      <trkpt lat="43.81253761175488" lon="87.59146999432038">
        <ele>759.645259399414</ele>
        <time>2020-05-10T00:27:05Z</time>
      </trkpt>
      <trkpt lat="43.812526599275564" lon="87.59142398435628">
        <ele>759.6335656738281</ele>
        <time>2020-05-10T00:27:09Z</time>
      </trkpt>
      <trkpt lat="43.81251758671897" lon="87.59136997230071">
        <ele>759.6335656738281</ele>
        <time>2020-05-10T00:27:11Z</time>
      </trkpt>
      <trkpt lat="43.81250557332864" lon="87.59132296187764">
        <ele>759.6335656738281</ele>
        <time>2020-05-10T00:27:13Z</time>
      </trkpt>
      <trkpt lat="43.81248455518201" lon="87.59127895249512">
        <ele>759.8654064941406</ele>
        <time>2020-05-10T00:27:15Z</time>
      </trkpt>
      <trkpt lat="43.81245953454252" lon="87.59123394295854">
        <ele>759.8654064941406</ele>
        <time>2020-05-10T00:27:17Z</time>
      </trkpt>
      <trkpt lat="43.81243151123144" lon="87.59118293198792">
        <ele>760.0153912353516</ele>
        <time>2020-05-10T00:27:19Z</time>
      </trkpt>
      <trkpt lat="43.81240648935154" lon="87.5911309204632">
        <ele>760.0153912353516</ele>
        <time>2020-05-10T00:27:21Z</time>
      </trkpt>
      <trkpt lat="43.81238446874323" lon="87.59107690812442">
        <ele>760.0153912353516</ele>
        <time>2020-05-10T00:27:23Z</time>
      </trkpt>
      <trkpt lat="43.81237545643865" lon="87.59102989673018">
        <ele>759.5639117431641</ele>
        <time>2020-05-10T00:27:25Z</time>
      </trkpt>
      <trkpt lat="43.81238345458648" lon="87.59098888588082">
        <ele>759.5639117431641</ele>
        <time>2020-05-10T00:27:27Z</time>
      </trkpt>
      <trkpt lat="43.81240746265441" lon="87.59095387567089">
        <ele>758.6487506103516</ele>
        <time>2020-05-10T00:27:29Z</time>
      </trkpt>
      <trkpt lat="43.81244748035276" lon="87.59092286561821">
        <ele>758.6487506103516</ele>
        <time>2020-05-10T00:27:31Z</time>
      </trkpt>
      <trkpt lat="43.81249850406895" lon="87.59089085468975">
        <ele>758.6487506103516</ele>
        <time>2020-05-10T00:27:33Z</time>
      </trkpt>
      <trkpt lat="43.81255553016077" lon="87.59085284181327">
        <ele>758.2425207519532</ele>
        <time>2020-05-10T00:27:35Z</time>
      </trkpt>
      <trkpt lat="43.81261255586253" lon="87.59081282831801">
        <ele>758.2425207519532</ele>
        <time>2020-05-10T00:27:37Z</time>
      </trkpt>
      <trkpt lat="43.81266457933133" lon="87.59077681605532">
        <ele>758.4545330810547</ele>
        <time>2020-05-10T00:27:39Z</time>
      </trkpt>
      <trkpt lat="43.81271260148583" lon="87.59074680554123">
        <ele>758.4545330810547</ele>
        <time>2020-05-10T00:27:41Z</time>
      </trkpt>
      <trkpt lat="43.8127536198109" lon="87.59071779559993">
        <ele>758.4545330810547</ele>
        <time>2020-05-10T00:27:43Z</time>
      </trkpt>
      <trkpt lat="43.81279063481785" lon="87.59068278416692">
        <ele>758.5602850341797</ele>
        <time>2020-05-10T00:27:45Z</time>
      </trkpt>
      <trkpt lat="43.812828649650484" lon="87.59064377150469">
        <ele>758.5602850341797</ele>
        <time>2020-05-10T00:27:47Z</time>
      </trkpt>
      <trkpt lat="43.81286866641488" lon="87.59060976004402">
        <ele>758.8378839111328</ele>
        <time>2020-05-10T00:27:49Z</time>
      </trkpt>
      <trkpt lat="43.812911685350514" lon="87.590578749204">
        <ele>758.8378839111328</ele>
        <time>2020-05-10T00:27:51Z</time>
      </trkpt>
      <trkpt lat="43.81295670590428" lon="87.59055073905189">
        <ele>758.8378839111328</ele>
        <time>2020-05-10T00:27:53Z</time>
      </trkpt>
      <trkpt lat="43.81300372720208" lon="87.59052072818423">
        <ele>758.4524993896484</ele>
        <time>2020-05-10T00:27:55Z</time>
      </trkpt>
      <trkpt lat="43.81305174920593" lon="87.59049171749787">
        <ele>758.4524993896484</ele>
        <time>2020-05-10T00:27:57Z</time>
      </trkpt>
      <trkpt lat="43.8130987709677" lon="87.59046470738647">
        <ele>758.132192993164</ele>
        <time>2020-05-10T00:27:59Z</time>
      </trkpt>
      <trkpt lat="43.813143791928525" lon="87.59043969791028">
        <ele>758.132192993164</ele>
        <time>2020-05-10T00:28:01Z</time>
      </trkpt>
      <trkpt lat="43.813186811913" lon="87.59041568878821">
        <ele>758.132192993164</ele>
        <time>2020-05-10T00:28:03Z</time>
      </trkpt>
      <trkpt lat="43.813227830558226" lon="87.59039067944143">
        <ele>757.7595190429688</ele>
        <time>2020-05-10T00:28:05Z</time>
      </trkpt>
      <trkpt lat="43.81326584674195" lon="87.59036166903638">
        <ele>757.7595190429688</ele>
        <time>2020-05-10T00:28:07Z</time>
      </trkpt>
      <trkpt lat="43.81329585687464" lon="87.59032465662371">
        <ele>757.533779296875</ele>
        <time>2020-05-10T00:28:09Z</time>
      </trkpt>
      <trkpt lat="43.81332586619636" lon="87.5902836429379">
        <ele>757.533779296875</ele>
        <time>2020-05-10T00:28:11Z</time>
      </trkpt>
      <trkpt lat="43.81335787733416" lon="87.5902466302518">
        <ele>757.322275390625</ele>
        <time>2020-05-10T00:28:15Z</time>
      </trkpt>
      <trkpt lat="43.81339188244441" lon="87.59017260615313">
        <ele>756.943500366211</ele>
        <time>2020-05-10T00:29:00Z</time>
      </trkpt>
      <trkpt lat="43.813384868595385" lon="87.59012159089485">
        <ele>756.943500366211</ele>
        <time>2020-05-10T00:29:02Z</time>
      </trkpt>
      <trkpt lat="43.81337885460473" lon="87.59006757449836">
        <ele>756.943500366211</ele>
        <time>2020-05-10T00:29:04Z</time>
      </trkpt>
      <trkpt lat="43.81337584118306" lon="87.5900085562047">
        <ele>757.6303796386719</ele>
        <time>2020-05-10T00:29:06Z</time>
      </trkpt>
      <trkpt lat="43.81337282861894" lon="87.58995453929202">
        <ele>757.6303796386719</ele>
        <time>2020-05-10T00:29:08Z</time>
      </trkpt>
      <trkpt lat="43.81336981592486" lon="87.58990052220524">
        <ele>757.6552923583985</ele>
        <time>2020-05-10T00:29:10Z</time>
      </trkpt>
      <trkpt lat="43.81336880485457" lon="87.589849505815">
        <ele>757.6552923583985</ele>
        <time>2020-05-10T00:29:12Z</time>
      </trkpt>
      <trkpt lat="43.813392808868144" lon="87.58980348963779">
        <ele>757.6552923583985</ele>
        <time>2020-05-10T00:29:14Z</time>
      </trkpt>
      <trkpt lat="43.8134338245226" lon="87.58976747576446">
        <ele>757.4300610351562</ele>
        <time>2020-05-10T00:29:17Z</time>
      </trkpt>
      <trkpt lat="43.813486849036536" lon="87.58974146451267">
        <ele>757.4300610351562</ele>
        <time>2020-05-10T00:29:19Z</time>
      </trkpt>
      <trkpt lat="43.81353487026493" lon="87.58971345280969">
        <ele>757.374642944336</ele>
        <time>2020-05-10T00:29:21Z</time>
      </trkpt>
      <trkpt lat="43.813587893862696" lon="87.58968344013918">
        <ele>757.374642944336</ele>
        <time>2020-05-10T00:29:23Z</time>
      </trkpt>
      <trkpt lat="43.8136479209551" lon="87.5896514263892">
        <ele>757.3100732421875</ele>
        <time>2020-05-10T00:29:25Z</time>
      </trkpt>
      <trkpt lat="43.813711951139204" lon="87.58962341372558">
        <ele>757.3100732421875</ele>
        <time>2020-05-10T00:29:27Z</time>
      </trkpt>
      <trkpt lat="43.81377297959215" lon="87.58959540116693">
        <ele>757.3100732421875</ele>
        <time>2020-05-10T00:29:29Z</time>
      </trkpt>
      <trkpt lat="43.813831005214574" lon="87.58956238700878">
        <ele>756.6323455810547</ele>
        <time>2020-05-10T00:29:31Z</time>
      </trkpt>
      <trkpt lat="43.813888028673745" lon="87.58952237043356">
        <ele>756.6323455810547</ele>
        <time>2020-05-10T00:29:33Z</time>
      </trkpt>
      <trkpt lat="43.81394505049863" lon="87.58947535134038">
        <ele>756.4523638916015</ele>
        <time>2020-05-10T00:29:35Z</time>
      </trkpt>
      <trkpt lat="43.81399907030168" lon="87.58942733191789">
        <ele>756.4523638916015</ele>
        <time>2020-05-10T00:29:37Z</time>
      </trkpt>
      <trkpt lat="43.81405209012148" lon="87.5893823134639">
        <ele>756.4523638916015</ele>
        <time>2020-05-10T00:29:39Z</time>
      </trkpt>
      <trkpt lat="43.814107113054085" lon="87.5893462979756">
        <ele>756.3883026123046</ele>
        <time>2020-05-10T00:29:41Z</time>
      </trkpt>
      <trkpt lat="43.81416213800965" lon="87.58931928561239">
        <ele>756.3883026123046</ele>
        <time>2020-05-10T00:29:43Z</time>
      </trkpt>
      <trkpt lat="43.81421416262554" lon="87.5892982754995">
        <ele>756.2179809570313</ele>
        <time>2020-05-10T00:29:45Z</time>
      </trkpt>
      <trkpt lat="43.81426218495653" lon="87.58927726556271">
        <ele>756.2179809570313</ele>
        <time>2020-05-10T00:29:47Z</time>
      </trkpt>
      <trkpt lat="43.81430920600189" lon="87.58925325457186">
        <ele>756.2179809570313</ele>
        <time>2020-05-10T00:29:49Z</time>
      </trkpt>
      <trkpt lat="43.81435722665068" lon="87.58922524205158">
        <ele>756.4584649658203</ele>
        <time>2020-05-10T00:29:51Z</time>
      </trkpt>
      <trkpt lat="43.81439824353395" lon="87.5891982302016">
        <ele>756.4584649658203</ele>
        <time>2020-05-10T00:29:53Z</time>
      </trkpt>
      <trkpt lat="43.814430253858546" lon="87.58916521657598">
        <ele>755.5275427246094</ele>
        <time>2020-05-10T00:29:55Z</time>
      </trkpt>
      <trkpt lat="43.81445025565701" lon="87.58912520092387">
        <ele>755.5275427246094</ele>
        <time>2020-05-10T00:29:59Z</time>
      </trkpt>
      <trkpt lat="43.81445524694886" lon="87.5890771829769">
        <ele>755.7329455566406</ele>
        <time>2020-05-10T00:30:03Z</time>
      </trkpt>
      <trkpt lat="43.814445231094815" lon="87.58903516788794">
        <ele>755.633803100586</ele>
        <time>2020-05-10T00:30:07Z</time>
      </trkpt>
      <trkpt lat="43.81443821857889" lon="87.58900015516566">
        <ele>755.9378399658203</ele>
        <time>2020-05-10T00:30:13Z</time>
      </trkpt>
      <trkpt lat="43.81445121808674" lon="87.5889681424875">
        <ele>754.8142254638672</ele>
        <time>2020-05-10T00:30:23Z</time>
      </trkpt>
      <trkpt lat="43.81448623051803" lon="87.58893812939107">
        <ele>755.3175640869141</ele>
        <time>2020-05-10T00:30:27Z</time>
      </trkpt>
      <trkpt lat="43.814530248262244" lon="87.58890911616521">
        <ele>755.3175640869141</ele>
        <time>2020-05-10T00:30:29Z</time>
      </trkpt>
      <trkpt lat="43.8145752680387" lon="87.5888861051284">
        <ele>755.7095581054688</ele>
        <time>2020-05-10T00:30:31Z</time>
      </trkpt>
      <trkpt lat="43.814624289307886" lon="87.58886009270849">
        <ele>755.7095581054688</ele>
        <time>2020-05-10T00:30:33Z</time>
      </trkpt>
      <trkpt lat="43.81467631149264" lon="87.58883107894209">
        <ele>755.7095581054688</ele>
        <time>2020-05-10T00:30:35Z</time>
      </trkpt>
      <trkpt lat="43.814729333447325" lon="87.58879906391483">
        <ele>756.2530621337891</ele>
        <time>2020-05-10T00:30:37Z</time>
      </trkpt>
      <trkpt lat="43.81478335592559" lon="87.58876704877561">
        <ele>756.2530621337891</ele>
        <time>2020-05-10T00:30:39Z</time>
      </trkpt>
      <trkpt lat="43.81483837944113" lon="87.58873703430534">
        <ele>755.8020910644532</ele>
        <time>2020-05-10T00:30:41Z</time>
      </trkpt>
      <trkpt lat="43.81489540405332" lon="87.58870701967989">
        <ele>755.8020910644532</ele>
        <time>2020-05-10T00:30:43Z</time>
      </trkpt>
      <trkpt lat="43.81494942562805" lon="87.58867200318157">
        <ele>755.8020910644532</ele>
        <time>2020-05-10T00:30:45Z</time>
      </trkpt>
      <trkpt lat="43.81499744139327" lon="87.58862798334353">
        <ele>755.5463543701172</ele>
        <time>2020-05-10T00:30:47Z</time>
      </trkpt>
      <trkpt lat="43.81502844452573" lon="87.58857295985115">
        <ele>755.5463543701172</ele>
        <time>2020-05-10T00:30:49Z</time>
      </trkpt>
      <trkpt lat="43.81503843267344" lon="87.58850693279821">
        <ele>755.1772393798828</ele>
        <time>2020-05-10T00:30:51Z</time>
      </trkpt>
      <trkpt lat="43.81502440619864" lon="87.58843790547469">
        <ele>755.1772393798828</ele>
        <time>2020-05-10T00:30:53Z</time>
      </trkpt>
      <trkpt lat="43.81499837406791" lon="87.58837388053502">
        <ele>755.1772393798828</ele>
        <time>2020-05-10T00:30:55Z</time>
      </trkpt>
      <trkpt lat="43.81497234478598" lon="87.58832085992225">
        <ele>755.4177233886719</ele>
        <time>2020-05-10T00:30:57Z</time>
      </trkpt>
      <trkpt lat="43.81494931708088" lon="87.5882678389892">
        <ele>755.4177233886719</ele>
        <time>2020-05-10T00:30:59Z</time>
      </trkpt>
      <trkpt lat="43.814932291813946" lon="87.58821181631855">
        <ele>754.9479406738282</ele>
        <time>2020-05-10T00:31:01Z</time>
      </trkpt>
      <trkpt lat="43.81491926697895" lon="87.58814979070478">
        <ele>754.9479406738282</ele>
        <time>2020-05-10T00:31:03Z</time>
      </trkpt>
      <trkpt lat="43.81490524169048" lon="87.5880887653404">
        <ele>754.9479406738282</ele>
        <time>2020-05-10T00:31:05Z</time>
      </trkpt>
      <trkpt lat="43.81488821453374" lon="87.58802773990473">
        <ele>755.154868774414</ele>
        <time>2020-05-10T00:31:07Z</time>
      </trkpt>
      <trkpt lat="43.814868185799966" lon="87.58796771483432">
        <ele>755.154868774414</ele>
        <time>2020-05-10T00:31:09Z</time>
      </trkpt>
      <trkpt lat="43.81484715751302" lon="87.58791169135857">
        <ele>754.8630340576171</ele>
        <time>2020-05-10T00:31:11Z</time>
      </trkpt>
      <trkpt lat="43.81482412972766" lon="87.58786167045426">
        <ele>754.8630340576171</ele>
        <time>2020-05-10T00:31:13Z</time>
      </trkpt>
      <trkpt lat="43.81479410143453" lon="87.58782365510064">
        <ele>754.8630340576171</ele>
        <time>2020-05-10T00:31:15Z</time>
      </trkpt>
      <trkpt lat="43.814757075680724" lon="87.58780764984395">
        <ele>755.0623358154297</ele>
        <time>2020-05-10T00:31:17Z</time>
      </trkpt>
      <trkpt lat="43.81471305400377" lon="87.58781865697561">
        <ele>755.0623358154297</ele>
        <time>2020-05-10T00:31:19Z</time>
      </trkpt>
      <trkpt lat="43.81466403601757" lon="87.58785167412421">
        <ele>756.0735888671875</ele>
        <time>2020-05-10T00:31:21Z</time>
      </trkpt>
      <trkpt lat="43.814616020614444" lon="87.58789169424581">
        <ele>756.0735888671875</ele>
        <time>2020-05-10T00:31:23Z</time>
      </trkpt>
      <trkpt lat="43.814572005066125" lon="87.58792371055749">
        <ele>756.0735888671875</ele>
        <time>2020-05-10T00:31:25Z</time>
      </trkpt>
      <trkpt lat="43.8145349905235" lon="87.5879457220779">
        <ele>756.4081311035156</ele>
        <time>2020-05-10T00:31:27Z</time>
      </trkpt>
      <trkpt lat="43.814499975055114" lon="87.5879607304109">
        <ele>756.4081311035156</ele>
        <time>2020-05-10T00:31:29Z</time>
      </trkpt>
      <trkpt lat="43.81446395784712" lon="87.58797173703641">
        <ele>756.4396533203125</ele>
        <time>2020-05-10T00:31:31Z</time>
      </trkpt>
      <trkpt lat="43.81442493893387" lon="87.58798274380656">
        <ele>756.4396533203125</ele>
        <time>2020-05-10T00:31:33Z</time>
      </trkpt>
      <trkpt lat="43.8143889205568" lon="87.58798974867723">
        <ele>756.4396533203125</ele>
        <time>2020-05-10T00:31:35Z</time>
      </trkpt>
      <trkpt lat="43.81435190103186" lon="87.58799475272592">
        <ele>756.1422259521485</ele>
        <time>2020-05-10T00:31:37Z</time>
      </trkpt>
      <trkpt lat="43.814314879767764" lon="87.58799375416444">
        <ele>756.1422259521485</ele>
        <time>2020-05-10T00:31:39Z</time>
      </trkpt>
      <trkpt lat="43.814273856527365" lon="87.58799375624044">
        <ele>756.1849334716796</ele>
        <time>2020-05-10T00:31:41Z</time>
      </trkpt>
      <trkpt lat="43.81422983274744" lon="87.58799776020766">
        <ele>756.1849334716796</ele>
        <time>2020-05-10T00:31:43Z</time>
      </trkpt>
      <trkpt lat="43.814183808703426" lon="87.58800476557833">
        <ele>756.1849334716796</ele>
        <time>2020-05-10T00:31:45Z</time>
      </trkpt>
      <trkpt lat="43.814142789515586" lon="87.58801877372855">
        <ele>756.2784832763672</ele>
        <time>2020-05-10T00:31:47Z</time>
      </trkpt>
      <trkpt lat="43.81410277347924" lon="87.58804178570746">
        <ele>756.2784832763672</ele>
        <time>2020-05-10T00:31:49Z</time>
      </trkpt>
      <trkpt lat="43.81406476113319" lon="87.58807380142716">
        <ele>756.0156286621094</ele>
        <time>2020-05-10T00:31:51Z</time>
      </trkpt>
      <trkpt lat="43.81402775073332" lon="87.58811081917523">
        <ele>756.0156286621094</ele>
        <time>2020-05-10T00:31:53Z</time>
      </trkpt>
      <trkpt lat="43.81399173942382" lon="87.58814283466121">
        <ele>756.0156286621094</ele>
        <time>2020-05-10T00:31:55Z</time>
      </trkpt>
      <trkpt lat="43.813958729769226" lon="87.58817484993385">
        <ele>756.3572888183594</ele>
        <time>2020-05-10T00:31:57Z</time>
      </trkpt>
      <trkpt lat="43.81392571978917" lon="87.58820586472288">
        <ele>756.3572888183594</ele>
        <time>2020-05-10T00:31:59Z</time>
      </trkpt>
      <trkpt lat="43.8138957128615" lon="87.58824188140349">
        <ele>756.4310101318359</ele>
        <time>2020-05-10T00:32:01Z</time>
      </trkpt>
      <trkpt lat="43.813866707274656" lon="87.58828089920924">
        <ele>756.4310101318359</ele>
        <time>2020-05-10T00:32:03Z</time>
      </trkpt>
      <trkpt lat="43.81383469771636" lon="87.58831191375056">
        <ele>756.4310101318359</ele>
        <time>2020-05-10T00:32:05Z</time>
      </trkpt>
      <trkpt lat="43.8137986828293" lon="87.58833192387887">
        <ele>757.2160150146484</ele>
        <time>2020-05-10T00:32:07Z</time>
      </trkpt>
      <trkpt lat="43.81376566962465" lon="87.58835193383132">
        <ele>757.2160150146484</ele>
        <time>2020-05-10T00:32:09Z</time>
      </trkpt>
      <trkpt lat="43.81375267073231" lon="87.58838294727866">
        <ele>757.9852587890625</ele>
        <time>2020-05-10T00:32:11Z</time>
      </trkpt>
      <trkpt lat="43.81375668981158" lon="87.58844497248161">
        <ele>757.9852587890625</ele>
        <time>2020-05-10T00:32:15Z</time>
      </trkpt>
    </trkseg>
  </trk>
</gpx>