<?xml version="1.0" encoding="UTF-8"?>
<gpx xmlns="http://www.topografix.com/GPX/1/1" xmlns:gpxtpx="http://www.garmin.com/xmlschemas/TrackPointExtension/v1" xmlns:xsi="http://www.w3.org/2001/XMLSchema-instance" xsi:schemaLocation="http://www.topografix.com/GPX/1/1 http://www.topografix.com/GPX/1/1/gpx.xsd" version="1.1" creator="gpx.py -- https://github.com/tkrajina/gpxpy">
  <trk>
    <name>gpx from codoon</name>
    <type>Run</type>
    <trkseg>
      <trkpt lat="36.70905557836666" lon="117.19983501263877">
        <ele>75.3</ele>
        <time>2023-06-11T01:11:33Z</time>
      </trkpt>
      <trkpt lat="36.70905223514323" lon="117.19984350013473">
        <ele>75.3</ele>
        <time>2023-06-11T01:11:34Z</time>
      </trkpt>
      <trkpt lat="36.70905180574073" lon="117.19985670566876">
        <ele>75.3</ele>
        <time>2023-06-11T01:11:35Z</time>
      </trkpt>
      <trkpt lat="36.70905133546381" lon="117.19986993426295">
        <ele>75.3</ele>
        <time>2023-06-11T01:11:36Z</time>
      </trkpt>
      <trkpt lat="36.70905195230689" lon="117.19988520176975">
        <ele>75.3</ele>
        <time>2023-06-11T01:11:37Z</time>
      </trkpt>
      <trkpt lat="36.709058769621365" lon="117.19990433350091">
        <ele>75.3</ele>
        <time>2023-06-11T01:11:38Z</time>
      </trkpt>
      <trkpt lat="36.70906060877659" lon="117.19991948538619">
        <ele>75</ele>
        <time>2023-06-11T01:11:39Z</time>
      </trkpt>
      <trkpt lat="36.70906298038462" lon="117.19993546934136">
        <ele>75</ele>
        <time>2023-06-11T01:11:40Z</time>
      </trkpt>
      <trkpt lat="36.70906571116057" lon="117.19995176737761">
        <ele>75</ele>
        <time>2023-06-11T01:11:41Z</time>
      </trkpt>
      <trkpt lat="36.70906892088536" lon="117.1999682897591">
        <ele>75</ele>
        <time>2023-06-11T01:11:42Z</time>
      </trkpt>
      <trkpt lat="36.709072483903526" lon="117.19998491576291">
        <ele>75</ele>
        <time>2023-06-11T01:11:43Z</time>
      </trkpt>
      <trkpt lat="36.709076101782905" lon="117.20000156782235">
        <ele>75</ele>
        <time>2023-06-11T01:11:44Z</time>
      </trkpt>
      <trkpt lat="36.70907974905071" lon="117.2000182370304">
        <ele>75</ele>
        <time>2023-06-11T01:11:45Z</time>
      </trkpt>
      <trkpt lat="36.70908332928027" lon="117.20003494092823">
        <ele>75</ele>
        <time>2023-06-11T01:11:46Z</time>
      </trkpt>
      <trkpt lat="36.70908683110717" lon="117.20005165544399">
        <ele>75</ele>
        <time>2023-06-11T01:11:47Z</time>
      </trkpt>
      <trkpt lat="36.70909023724263" lon="117.20006839823427">
        <ele>75</ele>
        <time>2023-06-11T01:11:48Z</time>
      </trkpt>
      <trkpt lat="36.70909341534624" lon="117.20008521242491">
        <ele>74.9</ele>
        <time>2023-06-11T01:11:49Z</time>
      </trkpt>
      <trkpt lat="36.70909650594228" lon="117.20010194206742">
        <ele>74.9</ele>
        <time>2023-06-11T01:11:50Z</time>
      </trkpt>
      <trkpt lat="36.709099406696176" lon="117.20011863508067">
        <ele>74.9</ele>
        <time>2023-06-11T01:11:51Z</time>
      </trkpt>
      <trkpt lat="36.709101943034966" lon="117.2001353782367">
        <ele>74.9</ele>
        <time>2023-06-11T01:11:52Z</time>
      </trkpt>
      <trkpt lat="36.709104044170246" lon="117.20015223315245">
        <ele>74.9</ele>
        <time>2023-06-11T01:11:53Z</time>
      </trkpt>
      <trkpt lat="36.7091057797475" lon="117.20016914360305">
        <ele>74.9</ele>
        <time>2023-06-11T01:11:54Z</time>
      </trkpt>
      <trkpt lat="36.70910716318234" lon="117.20018615481139">
        <ele>74.9</ele>
        <time>2023-06-11T01:11:55Z</time>
      </trkpt>
      <trkpt lat="36.70910827004618" lon="117.20020323352774">
        <ele>74.9</ele>
        <time>2023-06-11T01:11:56Z</time>
      </trkpt>
      <trkpt lat="36.7091092170241" lon="117.20022033877308">
        <ele>74.9</ele>
        <time>2023-06-11T01:11:57Z</time>
      </trkpt>
      <trkpt lat="36.70911014302801" lon="117.2002374601361">
        <ele>74.9</ele>
        <time>2023-06-11T01:11:58Z</time>
      </trkpt>
      <trkpt lat="36.709111060381964" lon="117.20025462324044">
        <ele>74</ele>
        <time>2023-06-11T01:11:59Z</time>
      </trkpt>
      <trkpt lat="36.70911196790377" lon="117.2002718171543">
        <ele>74.7</ele>
        <time>2023-06-11T01:12:00Z</time>
      </trkpt>
      <trkpt lat="36.709112784685175" lon="117.20028908207289">
        <ele>74.7</ele>
        <time>2023-06-11T01:12:01Z</time>
      </trkpt>
      <trkpt lat="36.70911370703335" lon="117.20030631055172">
        <ele>74.7</ele>
        <time>2023-06-11T01:12:02Z</time>
      </trkpt>
      <trkpt lat="36.709114819271086" lon="117.20032350706755">
        <ele>74.7</ele>
        <time>2023-06-11T01:12:03Z</time>
      </trkpt>
      <trkpt lat="36.70911599269334" lon="117.2003406653877">
        <ele>74.7</ele>
        <time>2023-06-11T01:12:04Z</time>
      </trkpt>
      <trkpt lat="36.709117209679825" lon="117.20035774391704">
        <ele>74.7</ele>
        <time>2023-06-11T01:12:05Z</time>
      </trkpt>
      <trkpt lat="36.7091184793202" lon="117.2003746989154">
        <ele>74.7</ele>
        <time>2023-06-11T01:12:06Z</time>
      </trkpt>
      <trkpt lat="36.709119851048534" lon="117.20039152627204">
        <ele>74.7</ele>
        <time>2023-06-11T01:12:07Z</time>
      </trkpt>
      <trkpt lat="36.70912130863084" lon="117.20040823434343">
        <ele>74.7</ele>
        <time>2023-06-11T01:12:08Z</time>
      </trkpt>
      <trkpt lat="36.70912279251754" lon="117.20042485545008">
        <ele>74.6</ele>
        <time>2023-06-11T01:12:09Z</time>
      </trkpt>
      <trkpt lat="36.70912423273208" lon="117.20044136613467">
        <ele>74.6</ele>
        <time>2023-06-11T01:12:10Z</time>
      </trkpt>
      <trkpt lat="36.70912558883569" lon="117.20045778182008">
        <ele>74.6</ele>
        <time>2023-06-11T01:12:11Z</time>
      </trkpt>
      <trkpt lat="36.709126892584244" lon="117.2004741412931">
        <ele>74.6</ele>
        <time>2023-06-11T01:12:12Z</time>
      </trkpt>
      <trkpt lat="36.70912801823463" lon="117.20049050647381">
        <ele>74.6</ele>
        <time>2023-06-11T01:12:13Z</time>
      </trkpt>
      <trkpt lat="36.70912919536973" lon="117.20050681732364">
        <ele>74.6</ele>
        <time>2023-06-11T01:12:14Z</time>
      </trkpt>
      <trkpt lat="36.70913051281722" lon="117.2005231083269">
        <ele>74.6</ele>
        <time>2023-06-11T01:12:15Z</time>
      </trkpt>
      <trkpt lat="36.709131808488095" lon="117.20053940223664">
        <ele>74.6</ele>
        <time>2023-06-11T01:12:16Z</time>
      </trkpt>
      <trkpt lat="36.709133118193336" lon="117.20055568693897">
        <ele>74.6</ele>
        <time>2023-06-11T01:12:17Z</time>
      </trkpt>
      <trkpt lat="36.70913426483594" lon="117.20057198586886">
        <ele>74.6</ele>
        <time>2023-06-11T01:12:18Z</time>
      </trkpt>
      <trkpt lat="36.7091352984807" lon="117.20058831520845">
        <ele>74.5</ele>
        <time>2023-06-11T01:12:19Z</time>
      </trkpt>
      <trkpt lat="36.70913615897884" lon="117.2006046628003">
        <ele>74.5</ele>
        <time>2023-06-11T01:12:20Z</time>
      </trkpt>
      <trkpt lat="36.709137036395695" lon="117.2006209947738">
        <ele>74.5</ele>
        <time>2023-06-11T01:12:21Z</time>
      </trkpt>
      <trkpt lat="36.70913794353855" lon="117.20063730226778">
        <ele>74.5</ele>
        <time>2023-06-11T01:12:22Z</time>
      </trkpt>
      <trkpt lat="36.709138876882136" lon="117.20065357905472">
        <ele>74.5</ele>
        <time>2023-06-11T01:12:23Z</time>
      </trkpt>
      <trkpt lat="36.70913987150554" lon="117.20066974798615">
        <ele>74.5</ele>
        <time>2023-06-11T01:12:24Z</time>
      </trkpt>
      <trkpt lat="36.709140610584" lon="117.20068581971907">
        <ele>74.5</ele>
        <time>2023-06-11T01:12:25Z</time>
      </trkpt>
      <trkpt lat="36.70914107666971" lon="117.20070177164565">
        <ele>74.5</ele>
        <time>2023-06-11T01:12:26Z</time>
      </trkpt>
      <trkpt lat="36.70914150718626" lon="117.20071762438187">
        <ele>74.5</ele>
        <time>2023-06-11T01:12:27Z</time>
      </trkpt>
      <trkpt lat="36.70914170369746" lon="117.20073339507896">
        <ele>74.5</ele>
        <time>2023-06-11T01:12:28Z</time>
      </trkpt>
      <trkpt lat="36.709141792534254" lon="117.20074907300084">
        <ele>74.4</ele>
        <time>2023-06-11T01:12:29Z</time>
      </trkpt>
      <trkpt lat="36.709141842467346" lon="117.20076468367314">
        <ele>74.4</ele>
        <time>2023-06-11T01:12:30Z</time>
      </trkpt>
      <trkpt lat="36.709141854101155" lon="117.20078027200478">
        <ele>74.4</ele>
        <time>2023-06-11T01:12:31Z</time>
      </trkpt>
      <trkpt lat="36.70914176053519" lon="117.20079585279937">
        <ele>74.4</ele>
        <time>2023-06-11T01:12:32Z</time>
      </trkpt>
      <trkpt lat="36.70914150179393" lon="117.20081140607405">
        <ele>74.4</ele>
        <time>2023-06-11T01:12:33Z</time>
      </trkpt>
      <trkpt lat="36.709141028992924" lon="117.20082692152468">
        <ele>74.4</ele>
        <time>2023-06-11T01:12:34Z</time>
      </trkpt>
      <trkpt lat="36.70914052149163" lon="117.20084243161511">
        <ele>74.4</ele>
        <time>2023-06-11T01:12:35Z</time>
      </trkpt>
      <trkpt lat="36.709140070720984" lon="117.20085795504949">
        <ele>74.4</ele>
        <time>2023-06-11T01:12:36Z</time>
      </trkpt>
      <trkpt lat="36.70913965538276" lon="117.20087351272181">
        <ele>74.4</ele>
        <time>2023-06-11T01:12:37Z</time>
      </trkpt>
      <trkpt lat="36.70913915781819" lon="117.20088907877002">
        <ele>74.4</ele>
        <time>2023-06-11T01:12:38Z</time>
      </trkpt>
      <trkpt lat="36.70913868491374" lon="117.200904660024">
        <ele>74.4</ele>
        <time>2023-06-11T01:12:39Z</time>
      </trkpt>
      <trkpt lat="36.70913823486225" lon="117.20092024779142">
        <ele>74.4</ele>
        <time>2023-06-11T01:12:40Z</time>
      </trkpt>
      <trkpt lat="36.70913765664619" lon="117.20093607838864">
        <ele>74.4</ele>
        <time>2023-06-11T01:12:41Z</time>
      </trkpt>
      <trkpt lat="36.709136937533124" lon="117.20095210681481">
        <ele>74.4</ele>
        <time>2023-06-11T01:12:42Z</time>
      </trkpt>
      <trkpt lat="36.70913622734516" lon="117.20096863763969">
        <ele>74.4</ele>
        <time>2023-06-11T01:12:43Z</time>
      </trkpt>
      <trkpt lat="36.70913561167158" lon="117.20098569817425">
        <ele>74.4</ele>
        <time>2023-06-11T01:12:44Z</time>
      </trkpt>
      <trkpt lat="36.709135149040016" lon="117.20100314663331">
        <ele>74.4</ele>
        <time>2023-06-11T01:12:45Z</time>
      </trkpt>
      <trkpt lat="36.709134673257545" lon="117.20102084638916">
        <ele>74.4</ele>
        <time>2023-06-11T01:12:46Z</time>
      </trkpt>
      <trkpt lat="36.709134355291795" lon="117.20103873994118">
        <ele>74.4</ele>
        <time>2023-06-11T01:12:47Z</time>
      </trkpt>
      <trkpt lat="36.709134182723616" lon="117.20105677058729">
        <ele>74.4</ele>
        <time>2023-06-11T01:12:48Z</time>
      </trkpt>
      <trkpt lat="36.70913418038142" lon="117.20107498541766">
        <ele>74.2</ele>
        <time>2023-06-11T01:12:49Z</time>
      </trkpt>
      <trkpt lat="36.709134378034285" lon="117.2010933396057">
        <ele>74.2</ele>
        <time>2023-06-11T01:12:50Z</time>
      </trkpt>
      <trkpt lat="36.70913479105273" lon="117.20111182504785">
        <ele>74.2</ele>
        <time>2023-06-11T01:12:51Z</time>
      </trkpt>
      <trkpt lat="36.70913539601419" lon="117.20113016774782">
        <ele>74.2</ele>
        <time>2023-06-11T01:12:52Z</time>
      </trkpt>
      <trkpt lat="36.70913623352792" lon="117.20114835888434">
        <ele>74.2</ele>
        <time>2023-06-11T01:12:53Z</time>
      </trkpt>
      <trkpt lat="36.70913722446287" lon="117.20116609306501">
        <ele>74.2</ele>
        <time>2023-06-11T01:12:54Z</time>
      </trkpt>
      <trkpt lat="36.70913830323657" lon="117.20118336717248">
        <ele>74.2</ele>
        <time>2023-06-11T01:12:55Z</time>
      </trkpt>
      <trkpt lat="36.709139426013444" lon="117.2012003397755">
        <ele>74.2</ele>
        <time>2023-06-11T01:12:56Z</time>
      </trkpt>
      <trkpt lat="36.709140669278625" lon="117.20121713964276">
        <ele>74.2</ele>
        <time>2023-06-11T01:12:57Z</time>
      </trkpt>
      <trkpt lat="36.70914170421739" lon="117.20123380407743">
        <ele>74.2</ele>
        <time>2023-06-11T01:12:58Z</time>
      </trkpt>
      <trkpt lat="36.709142587413076" lon="117.20125037775607">
        <ele>74</ele>
        <time>2023-06-11T01:12:59Z</time>
      </trkpt>
      <trkpt lat="36.70914334532884" lon="117.20126687258701">
        <ele>74.1</ele>
        <time>2023-06-11T01:13:00Z</time>
      </trkpt>
      <trkpt lat="36.709143837008696" lon="117.20128330240254">
        <ele>74.1</ele>
        <time>2023-06-11T01:13:01Z</time>
      </trkpt>
      <trkpt lat="36.70914420298374" lon="117.20129967563037">
        <ele>74.1</ele>
        <time>2023-06-11T01:13:02Z</time>
      </trkpt>
      <trkpt lat="36.70914453925393" lon="117.2013159419401">
        <ele>74.1</ele>
        <time>2023-06-11T01:13:03Z</time>
      </trkpt>
      <trkpt lat="36.70914481193658" lon="117.2013321128038">
        <ele>74.1</ele>
        <time>2023-06-11T01:13:04Z</time>
      </trkpt>
      <trkpt lat="36.7091448007118" lon="117.20134816155532">
        <ele>74.1</ele>
        <time>2023-06-11T01:13:05Z</time>
      </trkpt>
      <trkpt lat="36.709144622481816" lon="117.20136410931381">
        <ele>74.1</ele>
        <time>2023-06-11T01:13:06Z</time>
      </trkpt>
      <trkpt lat="36.70914440608494" lon="117.20137992554808">
        <ele>74.1</ele>
        <time>2023-06-11T01:13:07Z</time>
      </trkpt>
      <trkpt lat="36.70914435859113" lon="117.20139558872928">
        <ele>74.1</ele>
        <time>2023-06-11T01:13:08Z</time>
      </trkpt>
      <trkpt lat="36.70914463071963" lon="117.20141115894069">
        <ele>74.3</ele>
        <time>2023-06-11T01:13:09Z</time>
      </trkpt>
      <trkpt lat="36.70914528489784" lon="117.20142663479133">
        <ele>74.3</ele>
        <time>2023-06-11T01:13:10Z</time>
      </trkpt>
      <trkpt lat="36.70914616130587" lon="117.20144201224107">
        <ele>74.3</ele>
        <time>2023-06-11T01:13:11Z</time>
      </trkpt>
      <trkpt lat="36.70914737307223" lon="117.20145731752531">
        <ele>74.3</ele>
        <time>2023-06-11T01:13:12Z</time>
      </trkpt>
      <trkpt lat="36.7091487557389" lon="117.20147254302788">
        <ele>74.3</ele>
        <time>2023-06-11T01:13:13Z</time>
      </trkpt>
      <trkpt lat="36.70915024693197" lon="117.20148775572916">
        <ele>74.3</ele>
        <time>2023-06-11T01:13:14Z</time>
      </trkpt>
      <trkpt lat="36.70915182798639" lon="117.20150294697">
        <ele>74.3</ele>
        <time>2023-06-11T01:13:15Z</time>
      </trkpt>
      <trkpt lat="36.70915365190315" lon="117.20151813957568">
        <ele>74.3</ele>
        <time>2023-06-11T01:13:16Z</time>
      </trkpt>
      <trkpt lat="36.70915570261105" lon="117.2015333141419">
        <ele>74.3</ele>
        <time>2023-06-11T01:13:17Z</time>
      </trkpt>
      <trkpt lat="36.70915785372604" lon="117.20154849627805">
        <ele>74.3</ele>
        <time>2023-06-11T01:13:18Z</time>
      </trkpt>
      <trkpt lat="36.70915988097111" lon="117.20156371151127">
        <ele>74.2</ele>
        <time>2023-06-11T01:13:19Z</time>
      </trkpt>
      <trkpt lat="36.70916186578503" lon="117.20157891699266">
        <ele>74.2</ele>
        <time>2023-06-11T01:13:20Z</time>
      </trkpt>
      <trkpt lat="36.709163734851465" lon="117.2015941329919">
        <ele>74.2</ele>
        <time>2023-06-11T01:13:21Z</time>
      </trkpt>
      <trkpt lat="36.70916556049342" lon="117.20160931462406">
        <ele>74.2</ele>
        <time>2023-06-11T01:13:22Z</time>
      </trkpt>
      <trkpt lat="36.709167518368275" lon="117.20162437516373">
        <ele>74.2</ele>
        <time>2023-06-11T01:13:23Z</time>
      </trkpt>
      <trkpt lat="36.709169895761875" lon="117.20163910163984">
        <ele>74.2</ele>
        <time>2023-06-11T01:13:24Z</time>
      </trkpt>
      <trkpt lat="36.709172520995956" lon="117.20165362658744">
        <ele>74.2</ele>
        <time>2023-06-11T01:13:25Z</time>
      </trkpt>
      <trkpt lat="36.70917531148279" lon="117.20166798030712">
        <ele>74.2</ele>
        <time>2023-06-11T01:13:26Z</time>
      </trkpt>
      <trkpt lat="36.70917827035486" lon="117.20168215505495">
        <ele>74.2</ele>
        <time>2023-06-11T01:13:27Z</time>
      </trkpt>
      <trkpt lat="36.70918136650936" lon="117.20169616613566">
        <ele>74.2</ele>
        <time>2023-06-11T01:13:28Z</time>
      </trkpt>
      <trkpt lat="36.709184448441235" lon="117.20171008585739">
        <ele>74.2</ele>
        <time>2023-06-11T01:13:29Z</time>
      </trkpt>
      <trkpt lat="36.70918737951584" lon="117.20172395433855">
        <ele>74.2</ele>
        <time>2023-06-11T01:13:30Z</time>
      </trkpt>
      <trkpt lat="36.709190032139354" lon="117.20173781572382">
        <ele>74.2</ele>
        <time>2023-06-11T01:13:31Z</time>
      </trkpt>
      <trkpt lat="36.70919251578178" lon="117.20175167102703">
        <ele>74.2</ele>
        <time>2023-06-11T01:13:32Z</time>
      </trkpt>
      <trkpt lat="36.70919488707879" lon="117.20176553560484">
        <ele>74.2</ele>
        <time>2023-06-11T01:13:33Z</time>
      </trkpt>
      <trkpt lat="36.70919701214178" lon="117.20177951157179">
        <ele>74.2</ele>
        <time>2023-06-11T01:13:34Z</time>
      </trkpt>
      <trkpt lat="36.70919885586268" lon="117.20179375929565">
        <ele>74.2</ele>
        <time>2023-06-11T01:13:35Z</time>
      </trkpt>
      <trkpt lat="36.70920104698832" lon="117.20180779769063">
        <ele>74.2</ele>
        <time>2023-06-11T01:13:36Z</time>
      </trkpt>
      <trkpt lat="36.709202701987536" lon="117.20182201432442">
        <ele>74.2</ele>
        <time>2023-06-11T01:13:37Z</time>
      </trkpt>
      <trkpt lat="36.709204218218034" lon="117.20183641883895">
        <ele>74.2</ele>
        <time>2023-06-11T01:13:38Z</time>
      </trkpt>
      <trkpt lat="36.70920558548822" lon="117.20185103082773">
        <ele>73.8</ele>
        <time>2023-06-11T01:13:39Z</time>
      </trkpt>
      <trkpt lat="36.70920694741195" lon="117.20186575730273">
        <ele>73.8</ele>
        <time>2023-06-11T01:13:40Z</time>
      </trkpt>
      <trkpt lat="36.709208370753935" lon="117.20188061464553">
        <ele>73.8</ele>
        <time>2023-06-11T01:13:41Z</time>
      </trkpt>
      <trkpt lat="36.70920987519506" lon="117.20189563581894">
        <ele>73.8</ele>
        <time>2023-06-11T01:13:42Z</time>
      </trkpt>
      <trkpt lat="36.70921139179193" lon="117.20191084272444">
        <ele>73.8</ele>
        <time>2023-06-11T01:13:43Z</time>
      </trkpt>
      <trkpt lat="36.7092128626949" lon="117.20192625405905">
        <ele>73.8</ele>
        <time>2023-06-11T01:13:44Z</time>
      </trkpt>
      <trkpt lat="36.70921431238283" lon="117.20194187835641">
        <ele>73.8</ele>
        <time>2023-06-11T01:13:45Z</time>
      </trkpt>
      <trkpt lat="36.70921550113612" lon="117.20195777518299">
        <ele>73.8</ele>
        <time>2023-06-11T01:13:46Z</time>
      </trkpt>
      <trkpt lat="36.70921584831229" lon="117.20197422975318">
        <ele>73.8</ele>
        <time>2023-06-11T01:13:47Z</time>
      </trkpt>
      <trkpt lat="36.70921647819816" lon="117.20199080950378">
        <ele>73.8</ele>
        <time>2023-06-11T01:13:48Z</time>
      </trkpt>
      <trkpt lat="36.709217075933225" lon="117.20200745964266">
        <ele>73.5</ele>
        <time>2023-06-11T01:13:49Z</time>
      </trkpt>
      <trkpt lat="36.70921761371805" lon="117.20202414495303">
        <ele>73.5</ele>
        <time>2023-06-11T01:13:50Z</time>
      </trkpt>
      <trkpt lat="36.70921885921353" lon="117.20204040669728">
        <ele>73.5</ele>
        <time>2023-06-11T01:13:51Z</time>
      </trkpt>
      <trkpt lat="36.70922028360719" lon="117.20205657334301">
        <ele>73.5</ele>
        <time>2023-06-11T01:13:52Z</time>
      </trkpt>
      <trkpt lat="36.709221619360115" lon="117.2020726524624">
        <ele>73.5</ele>
        <time>2023-06-11T01:13:53Z</time>
      </trkpt>
      <trkpt lat="36.709222817680235" lon="117.20208861321086">
        <ele>73.5</ele>
        <time>2023-06-11T01:13:54Z</time>
      </trkpt>
      <trkpt lat="36.70922386677893" lon="117.20210439745014">
        <ele>73.5</ele>
        <time>2023-06-11T01:13:55Z</time>
      </trkpt>
      <trkpt lat="36.709224738990514" lon="117.20211998646198">
        <ele>73.5</ele>
        <time>2023-06-11T01:13:56Z</time>
      </trkpt>
      <trkpt lat="36.70922534751401" lon="117.20213535587493">
        <ele>73.5</ele>
        <time>2023-06-11T01:13:57Z</time>
      </trkpt>
      <trkpt lat="36.709226418082956" lon="117.20215061841834">
        <ele>73.5</ele>
        <time>2023-06-11T01:13:58Z</time>
      </trkpt>
      <trkpt lat="36.70922788135484" lon="117.20216579964814">
        <ele>73</ele>
        <time>2023-06-11T01:13:59Z</time>
      </trkpt>
      <trkpt lat="36.70922953848735" lon="117.20218099429913">
        <ele>73.2</ele>
        <time>2023-06-11T01:14:00Z</time>
      </trkpt>
      <trkpt lat="36.709231273080455" lon="117.20219628271326">
        <ele>73.2</ele>
        <time>2023-06-11T01:14:01Z</time>
      </trkpt>
      <trkpt lat="36.709232285219024" lon="117.20221212187215">
        <ele>73.2</ele>
        <time>2023-06-11T01:14:02Z</time>
      </trkpt>
      <trkpt lat="36.70923257936565" lon="117.20222792625874">
        <ele>73.2</ele>
        <time>2023-06-11T01:14:03Z</time>
      </trkpt>
      <trkpt lat="36.709232487356665" lon="117.20224363231569">
        <ele>73.2</ele>
        <time>2023-06-11T01:14:04Z</time>
      </trkpt>
      <trkpt lat="36.70923208150748" lon="117.20225923056523">
        <ele>73.2</ele>
        <time>2023-06-11T01:14:05Z</time>
      </trkpt>
      <trkpt lat="36.70923151008321" lon="117.20227476810554">
        <ele>73.2</ele>
        <time>2023-06-11T01:14:06Z</time>
      </trkpt>
      <trkpt lat="36.70923083533776" lon="117.20229028445631">
        <ele>73.2</ele>
        <time>2023-06-11T01:14:07Z</time>
      </trkpt>
      <trkpt lat="36.70923012791435" lon="117.20230579467693">
        <ele>73.2</ele>
        <time>2023-06-11T01:14:08Z</time>
      </trkpt>
      <trkpt lat="36.7092289365927" lon="117.20232130071582">
        <ele>73.3</ele>
        <time>2023-06-11T01:14:09Z</time>
      </trkpt>
      <trkpt lat="36.70922727590747" lon="117.20233684360628">
        <ele>73.3</ele>
        <time>2023-06-11T01:14:10Z</time>
      </trkpt>
      <trkpt lat="36.70922536083854" lon="117.20235237795056">
        <ele>73.3</ele>
        <time>2023-06-11T01:14:11Z</time>
      </trkpt>
      <trkpt lat="36.70922346803059" lon="117.2023683118271">
        <ele>73.3</ele>
        <time>2023-06-11T01:14:12Z</time>
      </trkpt>
      <trkpt lat="36.709221634620505" lon="117.20238466065611">
        <ele>73.3</ele>
        <time>2023-06-11T01:14:13Z</time>
      </trkpt>
      <trkpt lat="36.70922031243687" lon="117.20240148490379">
        <ele>73.3</ele>
        <time>2023-06-11T01:14:14Z</time>
      </trkpt>
      <trkpt lat="36.70921945719448" lon="117.20241873249947">
        <ele>73.3</ele>
        <time>2023-06-11T01:14:15Z</time>
      </trkpt>
      <trkpt lat="36.709219101081636" lon="117.20243634820741">
        <ele>73.3</ele>
        <time>2023-06-11T01:14:16Z</time>
      </trkpt>
      <trkpt lat="36.70921924392246" lon="117.20245435704602">
        <ele>73.3</ele>
        <time>2023-06-11T01:14:17Z</time>
      </trkpt>
      <trkpt lat="36.70921983311243" lon="117.20247265709448">
        <ele>73.3</ele>
        <time>2023-06-11T01:14:18Z</time>
      </trkpt>
      <trkpt lat="36.709220855525885" lon="117.20249117701334">
        <ele>73.3</ele>
        <time>2023-06-11T01:14:19Z</time>
      </trkpt>
      <trkpt lat="36.70922209117311" lon="117.20250974480489">
        <ele>73.3</ele>
        <time>2023-06-11T01:14:20Z</time>
      </trkpt>
      <trkpt lat="36.70922346107028" lon="117.20252831507393">
        <ele>73.3</ele>
        <time>2023-06-11T01:14:21Z</time>
      </trkpt>
      <trkpt lat="36.7092248791114" lon="117.20254682382931">
        <ele>73.3</ele>
        <time>2023-06-11T01:14:22Z</time>
      </trkpt>
      <trkpt lat="36.70922622005352" lon="117.20256480144911">
        <ele>73.3</ele>
        <time>2023-06-11T01:14:23Z</time>
      </trkpt>
      <trkpt lat="36.70922748766482" lon="117.20258223712712">
        <ele>73.3</ele>
        <time>2023-06-11T01:14:24Z</time>
      </trkpt>
      <trkpt lat="36.709228836772354" lon="117.20259927851825">
        <ele>73.3</ele>
        <time>2023-06-11T01:14:25Z</time>
      </trkpt>
      <trkpt lat="36.70923027859399" lon="117.2026159906646">
        <ele>73.3</ele>
        <time>2023-06-11T01:14:26Z</time>
      </trkpt>
      <trkpt lat="36.709231698555556" lon="117.20263221923746">
        <ele>73.3</ele>
        <time>2023-06-11T01:14:27Z</time>
      </trkpt>
      <trkpt lat="36.70923301932778" lon="117.20264794973889">
        <ele>73.3</ele>
        <time>2023-06-11T01:14:28Z</time>
      </trkpt>
      <trkpt lat="36.70923421291268" lon="117.20266327299613">
        <ele>73.3</ele>
        <time>2023-06-11T01:14:29Z</time>
      </trkpt>
      <trkpt lat="36.70923531547516" lon="117.20267826378206">
        <ele>73.3</ele>
        <time>2023-06-11T01:14:31Z</time>
      </trkpt>
      <trkpt lat="36.70923638425665" lon="117.20269302961373">
        <ele>73.3</ele>
        <time>2023-06-11T01:14:32Z</time>
      </trkpt>
      <trkpt lat="36.709237446151924" lon="117.20270765729988">
        <ele>73.3</ele>
        <time>2023-06-11T01:14:33Z</time>
      </trkpt>
      <trkpt lat="36.70923858559032" lon="117.20272222670754">
        <ele>73.3</ele>
        <time>2023-06-11T01:14:34Z</time>
      </trkpt>
      <trkpt lat="36.709239810027476" lon="117.20273672744904">
        <ele>73.3</ele>
        <time>2023-06-11T01:14:35Z</time>
      </trkpt>
      <trkpt lat="36.70924105216251" lon="117.20275119526427">
        <ele>73.3</ele>
        <time>2023-06-11T01:14:36Z</time>
      </trkpt>
      <trkpt lat="36.70924230931742" lon="117.20276563477172">
        <ele>73.3</ele>
        <time>2023-06-11T01:14:37Z</time>
      </trkpt>
      <trkpt lat="36.709243612071795" lon="117.20278004840915">
        <ele>73.3</ele>
        <time>2023-06-11T01:14:38Z</time>
      </trkpt>
      <trkpt lat="36.709244961324515" lon="117.20279465820367">
        <ele>73.3</ele>
        <time>2023-06-11T01:14:39Z</time>
      </trkpt>
      <trkpt lat="36.70924632697947" lon="117.20280943337103">
        <ele>73.3</ele>
        <time>2023-06-11T01:14:40Z</time>
      </trkpt>
      <trkpt lat="36.70924768279664" lon="117.2028243424113">
        <ele>73.3</ele>
        <time>2023-06-11T01:14:41Z</time>
      </trkpt>
      <trkpt lat="36.7092490194282" lon="117.20283939393961">
        <ele>73.3</ele>
        <time>2023-06-11T01:14:42Z</time>
      </trkpt>
      <trkpt lat="36.70925042248699" lon="117.20285486562331">
        <ele>73.3</ele>
        <time>2023-06-11T01:14:43Z</time>
      </trkpt>
      <trkpt lat="36.709251859277984" lon="117.2028706757079">
        <ele>73.3</ele>
        <time>2023-06-11T01:14:44Z</time>
      </trkpt>
      <trkpt lat="36.709253191991735" lon="117.2028867561344">
        <ele>73.3</ele>
        <time>2023-06-11T01:14:45Z</time>
      </trkpt>
      <trkpt lat="36.70925442293798" lon="117.20290311523645">
        <ele>73.3</ele>
        <time>2023-06-11T01:14:46Z</time>
      </trkpt>
      <trkpt lat="36.709255536186035" lon="117.20291971560418">
        <ele>73.3</ele>
        <time>2023-06-11T01:14:47Z</time>
      </trkpt>
      <trkpt lat="36.709256555231185" lon="117.2029365416543">
        <ele>73.3</ele>
        <time>2023-06-11T01:14:48Z</time>
      </trkpt>
      <trkpt lat="36.70925755043151" lon="117.20295359372054">
        <ele>73.3</ele>
        <time>2023-06-11T01:14:49Z</time>
      </trkpt>
      <trkpt lat="36.70925851641412" lon="117.20297092239997">
        <ele>73.3</ele>
        <time>2023-06-11T01:14:50Z</time>
      </trkpt>
      <trkpt lat="36.70925954394664" lon="117.20298846439691">
        <ele>73.3</ele>
        <time>2023-06-11T01:14:51Z</time>
      </trkpt>
      <trkpt lat="36.70926063920622" lon="117.20300616967329">
        <ele>73.3</ele>
        <time>2023-06-11T01:14:52Z</time>
      </trkpt>
      <trkpt lat="36.709261731237916" lon="117.20302399640978">
        <ele>73.3</ele>
        <time>2023-06-11T01:14:53Z</time>
      </trkpt>
      <trkpt lat="36.70926272132246" lon="117.203041656866">
        <ele>73.3</ele>
        <time>2023-06-11T01:14:54Z</time>
      </trkpt>
      <trkpt lat="36.709263723890054" lon="117.20305913010013">
        <ele>73.3</ele>
        <time>2023-06-11T01:14:55Z</time>
      </trkpt>
      <trkpt lat="36.709264722084384" lon="117.20307648275768">
        <ele>73.3</ele>
        <time>2023-06-11T01:14:56Z</time>
      </trkpt>
      <trkpt lat="36.709265631573516" lon="117.20309372262302">
        <ele>73.3</ele>
        <time>2023-06-11T01:14:57Z</time>
      </trkpt>
      <trkpt lat="36.709266484388046" lon="117.20311088396276">
        <ele>73.3</ele>
        <time>2023-06-11T01:14:58Z</time>
      </trkpt>
      <trkpt lat="36.709267256734115" lon="117.20312798372824">
        <ele>73</ele>
        <time>2023-06-11T01:14:59Z</time>
      </trkpt>
      <trkpt lat="36.70926780617615" lon="117.20314499590665">
        <ele>73.4</ele>
        <time>2023-06-11T01:15:00Z</time>
      </trkpt>
      <trkpt lat="36.70926813101865" lon="117.20316188028853">
        <ele>73.4</ele>
        <time>2023-06-11T01:15:01Z</time>
      </trkpt>
      <trkpt lat="36.70926798892261" lon="117.20317867322422">
        <ele>73.4</ele>
        <time>2023-06-11T01:15:02Z</time>
      </trkpt>
      <trkpt lat="36.709267603595684" lon="117.20319547896005">
        <ele>73.4</ele>
        <time>2023-06-11T01:15:03Z</time>
      </trkpt>
      <trkpt lat="36.70926709233924" lon="117.20321235560485">
        <ele>73.4</ele>
        <time>2023-06-11T01:15:04Z</time>
      </trkpt>
      <trkpt lat="36.709266555565534" lon="117.20322932544434">
        <ele>73.4</ele>
        <time>2023-06-11T01:15:05Z</time>
      </trkpt>
      <trkpt lat="36.70926581907451" lon="117.20324638880918">
        <ele>73.4</ele>
        <time>2023-06-11T01:15:06Z</time>
      </trkpt>
      <trkpt lat="36.70926485858798" lon="117.20326349722025">
        <ele>73.4</ele>
        <time>2023-06-11T01:15:07Z</time>
      </trkpt>
      <trkpt lat="36.70926385591559" lon="117.20328063544986">
        <ele>73.4</ele>
        <time>2023-06-11T01:15:08Z</time>
      </trkpt>
      <trkpt lat="36.70926283353933" lon="117.20329777556948">
        <ele>73.7</ele>
        <time>2023-06-11T01:15:09Z</time>
      </trkpt>
      <trkpt lat="36.70926180244225" lon="117.20331495181665">
        <ele>73.7</ele>
        <time>2023-06-11T01:15:10Z</time>
      </trkpt>
      <trkpt lat="36.70926101257223" lon="117.20333222766473">
        <ele>73.7</ele>
        <time>2023-06-11T01:15:11Z</time>
      </trkpt>
      <trkpt lat="36.70926039636319" lon="117.20334961136219">
        <ele>73.7</ele>
        <time>2023-06-11T01:15:12Z</time>
      </trkpt>
      <trkpt lat="36.70926012929934" lon="117.20336715740345">
        <ele>73.7</ele>
        <time>2023-06-11T01:15:13Z</time>
      </trkpt>
      <trkpt lat="36.7092600197071" lon="117.20338481785717">
        <ele>73.7</ele>
        <time>2023-06-11T01:15:14Z</time>
      </trkpt>
      <trkpt lat="36.709260124436355" lon="117.20340256137008">
        <ele>73.7</ele>
        <time>2023-06-11T01:15:15Z</time>
      </trkpt>
      <trkpt lat="36.70926033033042" lon="117.20342037666641">
        <ele>73.7</ele>
        <time>2023-06-11T01:15:16Z</time>
      </trkpt>
      <trkpt lat="36.70926069525744" lon="117.20343828249138">
        <ele>73.7</ele>
        <time>2023-06-11T01:15:17Z</time>
      </trkpt>
      <trkpt lat="36.70926129086922" lon="117.20345630757106">
        <ele>73.7</ele>
        <time>2023-06-11T01:15:18Z</time>
      </trkpt>
      <trkpt lat="36.709262046186026" lon="117.20347445452553">
        <ele>73.4</ele>
        <time>2023-06-11T01:15:19Z</time>
      </trkpt>
      <trkpt lat="36.70926297577081" lon="117.20349273010115">
        <ele>73.4</ele>
        <time>2023-06-11T01:15:20Z</time>
      </trkpt>
      <trkpt lat="36.70926403583961" lon="117.20351105932605">
        <ele>73.4</ele>
        <time>2023-06-11T01:15:21Z</time>
      </trkpt>
      <trkpt lat="36.70926501334895" lon="117.20352940263697">
        <ele>73.4</ele>
        <time>2023-06-11T01:15:22Z</time>
      </trkpt>
      <trkpt lat="36.709266008738034" lon="117.2035476919808">
        <ele>73.4</ele>
        <time>2023-06-11T01:15:23Z</time>
      </trkpt>
      <trkpt lat="36.70926705663015" lon="117.20356588039611">
        <ele>73.4</ele>
        <time>2023-06-11T01:15:24Z</time>
      </trkpt>
      <trkpt lat="36.70926813861218" lon="117.20358394437541">
        <ele>73.4</ele>
        <time>2023-06-11T01:15:25Z</time>
      </trkpt>
      <trkpt lat="36.70926918680691" lon="117.2036018562497">
        <ele>73.4</ele>
        <time>2023-06-11T01:15:26Z</time>
      </trkpt>
      <trkpt lat="36.709270227084346" lon="117.20361962161387">
        <ele>73.4</ele>
        <time>2023-06-11T01:15:27Z</time>
      </trkpt>
      <trkpt lat="36.70927127933058" lon="117.20363723620555">
        <ele>73.4</ele>
        <time>2023-06-11T01:15:28Z</time>
      </trkpt>
      <trkpt lat="36.70927229786596" lon="117.20365472836008">
        <ele>73.8</ele>
        <time>2023-06-11T01:15:29Z</time>
      </trkpt>
      <trkpt lat="36.70927320913332" lon="117.20367210480309">
        <ele>73.8</ele>
        <time>2023-06-11T01:15:30Z</time>
      </trkpt>
      <trkpt lat="36.70927402669287" lon="117.20368937576433">
        <ele>73.8</ele>
        <time>2023-06-11T01:15:31Z</time>
      </trkpt>
      <trkpt lat="36.70927478819101" lon="117.20370659768169">
        <ele>73.8</ele>
        <time>2023-06-11T01:15:32Z</time>
      </trkpt>
      <trkpt lat="36.70927548828943" lon="117.20372374807238">
        <ele>73.8</ele>
        <time>2023-06-11T01:15:33Z</time>
      </trkpt>
      <trkpt lat="36.70927609595623" lon="117.2037408995527">
        <ele>73.8</ele>
        <time>2023-06-11T01:15:34Z</time>
      </trkpt>
      <trkpt lat="36.7092765463279" lon="117.20375806229889">
        <ele>73.8</ele>
        <time>2023-06-11T01:15:35Z</time>
      </trkpt>
      <trkpt lat="36.709276927100746" lon="117.20377522513694">
        <ele>73.8</ele>
        <time>2023-06-11T01:15:36Z</time>
      </trkpt>
      <trkpt lat="36.709277182865605" lon="117.20379242940167">
        <ele>73.8</ele>
        <time>2023-06-11T01:15:37Z</time>
      </trkpt>
      <trkpt lat="36.70927736144847" lon="117.20380964666457">
        <ele>73.8</ele>
        <time>2023-06-11T01:15:38Z</time>
      </trkpt>
      <trkpt lat="36.709277545634116" lon="117.2038268564229">
        <ele>73.8</ele>
        <time>2023-06-11T01:15:39Z</time>
      </trkpt>
      <trkpt lat="36.7092777359692" lon="117.20384403728166">
        <ele>73.8</ele>
        <time>2023-06-11T01:15:40Z</time>
      </trkpt>
      <trkpt lat="36.70927797279583" lon="117.20386119536245">
        <ele>73.8</ele>
        <time>2023-06-11T01:15:41Z</time>
      </trkpt>
      <trkpt lat="36.70927824916375" lon="117.20387831340709">
        <ele>73.8</ele>
        <time>2023-06-11T01:15:42Z</time>
      </trkpt>
      <trkpt lat="36.70927848110876" lon="117.20389539761354">
        <ele>73.8</ele>
        <time>2023-06-11T01:15:43Z</time>
      </trkpt>
      <trkpt lat="36.70927864669486" lon="117.20391247168054">
        <ele>73.8</ele>
        <time>2023-06-11T01:15:44Z</time>
      </trkpt>
      <trkpt lat="36.709278770002335" lon="117.20392951735121">
        <ele>73.8</ele>
        <time>2023-06-11T01:15:45Z</time>
      </trkpt>
      <trkpt lat="36.70927891685832" lon="117.20394657603975">
        <ele>73.8</ele>
        <time>2023-06-11T01:15:46Z</time>
      </trkpt>
      <trkpt lat="36.70927916445927" lon="117.20396367333038">
        <ele>73.8</ele>
        <time>2023-06-11T01:15:47Z</time>
      </trkpt>
      <trkpt lat="36.70927957749931" lon="117.20398082463988">
        <ele>73.8</ele>
        <time>2023-06-11T01:15:48Z</time>
      </trkpt>
      <trkpt lat="36.70928014607748" lon="117.20399808435836">
        <ele>73.7</ele>
        <time>2023-06-11T01:15:49Z</time>
      </trkpt>
      <trkpt lat="36.7092809135295" lon="117.20401545161">
        <ele>73.7</ele>
        <time>2023-06-11T01:15:50Z</time>
      </trkpt>
      <trkpt lat="36.70928199252736" lon="117.20403301152596">
        <ele>73.7</ele>
        <time>2023-06-11T01:15:51Z</time>
      </trkpt>
      <trkpt lat="36.70928343816811" lon="117.2040508264184">
        <ele>73.7</ele>
        <time>2023-06-11T01:15:52Z</time>
      </trkpt>
      <trkpt lat="36.70928523615814" lon="117.20406890054882">
        <ele>73.7</ele>
        <time>2023-06-11T01:15:53Z</time>
      </trkpt>
      <trkpt lat="36.70928745393517" lon="117.20408726018618">
        <ele>73.7</ele>
        <time>2023-06-11T01:15:54Z</time>
      </trkpt>
      <trkpt lat="36.70929000240811" lon="117.20410597869825">
        <ele>73.7</ele>
        <time>2023-06-11T01:15:55Z</time>
      </trkpt>
      <trkpt lat="36.70929276379178" lon="117.20412512165053">
        <ele>73.7</ele>
        <time>2023-06-11T01:15:56Z</time>
      </trkpt>
      <trkpt lat="36.70929571457932" lon="117.20414461332348">
        <ele>73.7</ele>
        <time>2023-06-11T01:15:57Z</time>
      </trkpt>
      <trkpt lat="36.70929859726406" lon="117.20416446273283">
        <ele>73.7</ele>
        <time>2023-06-11T01:15:58Z</time>
      </trkpt>
      <trkpt lat="36.70930136922859" lon="117.20418461757751">
        <ele>73</ele>
        <time>2023-06-11T01:15:59Z</time>
      </trkpt>
      <trkpt lat="36.70930387346612" lon="117.2042050272177">
        <ele>73.8</ele>
        <time>2023-06-11T01:16:00Z</time>
      </trkpt>
      <trkpt lat="36.70930596693357" lon="117.2042257101719">
        <ele>73.8</ele>
        <time>2023-06-11T01:16:01Z</time>
      </trkpt>
      <trkpt lat="36.70930766717885" lon="117.20424653511498">
        <ele>73.8</ele>
        <time>2023-06-11T01:16:02Z</time>
      </trkpt>
      <trkpt lat="36.70930894908639" lon="117.20426741140179">
        <ele>73.8</ele>
        <time>2023-06-11T01:16:03Z</time>
      </trkpt>
      <trkpt lat="36.709309753141596" lon="117.20428834737301">
        <ele>73.8</ele>
        <time>2023-06-11T01:16:04Z</time>
      </trkpt>
      <trkpt lat="36.70931011387261" lon="117.20430925679277">
        <ele>73.8</ele>
        <time>2023-06-11T01:16:05Z</time>
      </trkpt>
      <trkpt lat="36.70931020312236" lon="117.20433005465374">
        <ele>73.8</ele>
        <time>2023-06-11T01:16:06Z</time>
      </trkpt>
      <trkpt lat="36.709310134416896" lon="117.20435067125497">
        <ele>73.8</ele>
        <time>2023-06-11T01:16:07Z</time>
      </trkpt>
      <trkpt lat="36.70930984415592" lon="117.20437111223268">
        <ele>73.8</ele>
        <time>2023-06-11T01:16:08Z</time>
      </trkpt>
      <trkpt lat="36.70930946014826" lon="117.20439136805696">
        <ele>73.9</ele>
        <time>2023-06-11T01:16:09Z</time>
      </trkpt>
      <trkpt lat="36.70930899689269" lon="117.2044112578052">
        <ele>73.9</ele>
        <time>2023-06-11T01:16:10Z</time>
      </trkpt>
      <trkpt lat="36.70930861395284" lon="117.20443078904752">
        <ele>73.9</ele>
        <time>2023-06-11T01:16:11Z</time>
      </trkpt>
      <trkpt lat="36.709308344375714" lon="117.20444995512612">
        <ele>73.9</ele>
        <time>2023-06-11T01:16:12Z</time>
      </trkpt>
      <trkpt lat="36.70930798152816" lon="117.20446878402122">
        <ele>73.9</ele>
        <time>2023-06-11T01:16:13Z</time>
      </trkpt>
      <trkpt lat="36.709307569969155" lon="117.20448728552378">
        <ele>73.9</ele>
        <time>2023-06-11T01:16:14Z</time>
      </trkpt>
      <trkpt lat="36.70930716773714" lon="117.20450544376848">
        <ele>73.9</ele>
        <time>2023-06-11T01:16:15Z</time>
      </trkpt>
      <trkpt lat="36.709306759473634" lon="117.2045232885794">
        <ele>73.9</ele>
        <time>2023-06-11T01:16:16Z</time>
      </trkpt>
      <trkpt lat="36.7093061921138" lon="117.20454081702033">
        <ele>73.9</ele>
        <time>2023-06-11T01:16:17Z</time>
      </trkpt>
      <trkpt lat="36.70930537132947" lon="117.20455802468682">
        <ele>73.9</ele>
        <time>2023-06-11T01:16:18Z</time>
      </trkpt>
      <trkpt lat="36.70930434667103" lon="117.2045749500714">
        <ele>74</ele>
        <time>2023-06-11T01:16:19Z</time>
      </trkpt>
      <trkpt lat="36.70930340105711" lon="117.20459158592794">
        <ele>74</ele>
        <time>2023-06-11T01:16:20Z</time>
      </trkpt>
      <trkpt lat="36.70930259303525" lon="117.20460810464996">
        <ele>74</ele>
        <time>2023-06-11T01:16:21Z</time>
      </trkpt>
      <trkpt lat="36.70930191863047" lon="117.20462449927243">
        <ele>74</ele>
        <time>2023-06-11T01:16:22Z</time>
      </trkpt>
      <trkpt lat="36.709301242814796" lon="117.20464069238041">
        <ele>74</ele>
        <time>2023-06-11T01:16:23Z</time>
      </trkpt>
      <trkpt lat="36.709300703193946" lon="117.20465671225641">
        <ele>74</ele>
        <time>2023-06-11T01:16:24Z</time>
      </trkpt>
      <trkpt lat="36.70930022705295" lon="117.20467237357346">
        <ele>74</ele>
        <time>2023-06-11T01:16:25Z</time>
      </trkpt>
      <trkpt lat="36.70929998602254" lon="117.20468770041234">
        <ele>74</ele>
        <time>2023-06-11T01:16:26Z</time>
      </trkpt>
      <trkpt lat="36.709300098800554" lon="117.20470263809234">
        <ele>74</ele>
        <time>2023-06-11T01:16:27Z</time>
      </trkpt>
      <trkpt lat="36.70930066548264" lon="117.20471718259118">
        <ele>74</ele>
        <time>2023-06-11T01:16:28Z</time>
      </trkpt>
      <trkpt lat="36.709301666422704" lon="117.20473136049915">
        <ele>74</ele>
        <time>2023-06-11T01:16:29Z</time>
      </trkpt>
      <trkpt lat="36.709302831204866" lon="117.20474550339841">
        <ele>74</ele>
        <time>2023-06-11T01:16:30Z</time>
      </trkpt>
      <trkpt lat="36.709303663484924" lon="117.20475944379768">
        <ele>74</ele>
        <time>2023-06-11T01:16:31Z</time>
      </trkpt>
      <trkpt lat="36.709303990154396" lon="117.20477329347763">
        <ele>74</ele>
        <time>2023-06-11T01:16:32Z</time>
      </trkpt>
      <trkpt lat="36.70930346205294" lon="117.20478571477082">
        <ele>74</ele>
        <time>2023-06-11T01:16:33Z</time>
      </trkpt>
      <trkpt lat="36.70930246552823" lon="117.20479661972536">
        <ele>74</ele>
        <time>2023-06-11T01:16:34Z</time>
      </trkpt>
      <trkpt lat="36.70930180478523" lon="117.20480668935646">
        <ele>74</ele>
        <time>2023-06-11T01:16:35Z</time>
      </trkpt>
      <trkpt lat="36.70930138401737" lon="117.20481603269995">
        <ele>74</ele>
        <time>2023-06-11T01:16:36Z</time>
      </trkpt>
      <trkpt lat="36.70930107688064" lon="117.20482491679581">
        <ele>74</ele>
        <time>2023-06-11T01:16:37Z</time>
      </trkpt>
      <trkpt lat="36.70930071750827" lon="117.2048335658684">
        <ele>74</ele>
        <time>2023-06-11T01:16:38Z</time>
      </trkpt>
      <trkpt lat="36.70930016822591" lon="117.2048422235117">
        <ele>74.1</ele>
        <time>2023-06-11T01:16:39Z</time>
      </trkpt>
      <trkpt lat="36.70929954041522" lon="117.20485088570157">
        <ele>74.1</ele>
        <time>2023-06-11T01:16:40Z</time>
      </trkpt>
      <trkpt lat="36.709299131177474" lon="117.20485937580784">
        <ele>74.1</ele>
        <time>2023-06-11T01:16:41Z</time>
      </trkpt>
      <trkpt lat="36.709299125052" lon="117.20486797314837">
        <ele>74.1</ele>
        <time>2023-06-11T01:16:42Z</time>
      </trkpt>
      <trkpt lat="36.70929964850596" lon="117.20487670177722">
        <ele>74.1</ele>
        <time>2023-06-11T01:16:43Z</time>
      </trkpt>
      <trkpt lat="36.70930102347056" lon="117.20488693288252">
        <ele>74.1</ele>
        <time>2023-06-11T01:16:44Z</time>
      </trkpt>
      <trkpt lat="36.70930295083338" lon="117.2048988593874">
        <ele>74.1</ele>
        <time>2023-06-11T01:16:45Z</time>
      </trkpt>
      <trkpt lat="36.709304577824845" lon="117.20491181763589">
        <ele>74.1</ele>
        <time>2023-06-11T01:16:46Z</time>
      </trkpt>
      <trkpt lat="36.7093060120662" lon="117.20492588488874">
        <ele>74.1</ele>
        <time>2023-06-11T01:16:47Z</time>
      </trkpt>
      <trkpt lat="36.70930723527603" lon="117.20494079188369">
        <ele>74.1</ele>
        <time>2023-06-11T01:16:48Z</time>
      </trkpt>
      <trkpt lat="36.70930829707362" lon="117.20495638499818">
        <ele>74.4</ele>
        <time>2023-06-11T01:16:49Z</time>
      </trkpt>
      <trkpt lat="36.70930934436907" lon="117.20497243407101">
        <ele>74.4</ele>
        <time>2023-06-11T01:16:50Z</time>
      </trkpt>
      <trkpt lat="36.7093103522421" lon="117.20498892613715">
        <ele>74.4</ele>
        <time>2023-06-11T01:16:51Z</time>
      </trkpt>
      <trkpt lat="36.709311546524624" lon="117.20500569508516">
        <ele>74.4</ele>
        <time>2023-06-11T01:16:52Z</time>
      </trkpt>
      <trkpt lat="36.70931344000225" lon="117.20502233968392">
        <ele>74.4</ele>
        <time>2023-06-11T01:16:53Z</time>
      </trkpt>
      <trkpt lat="36.70931602277811" lon="117.20503873959248">
        <ele>74.4</ele>
        <time>2023-06-11T01:16:54Z</time>
      </trkpt>
      <trkpt lat="36.70931932204546" lon="117.20505486710141">
        <ele>74.4</ele>
        <time>2023-06-11T01:16:55Z</time>
      </trkpt>
      <trkpt lat="36.70932256265538" lon="117.20507092439338">
        <ele>74.4</ele>
        <time>2023-06-11T01:16:56Z</time>
      </trkpt>
      <trkpt lat="36.70932567842094" lon="117.20508689941076">
        <ele>74.4</ele>
        <time>2023-06-11T01:16:57Z</time>
      </trkpt>
      <trkpt lat="36.70932867051415" lon="117.20510280462308">
        <ele>74.4</ele>
        <time>2023-06-11T01:16:58Z</time>
      </trkpt>
      <trkpt lat="36.70933156109255" lon="117.2051186458118">
        <ele>74</ele>
        <time>2023-06-11T01:16:59Z</time>
      </trkpt>
      <trkpt lat="36.70933434407138" lon="117.2051344093887">
        <ele>74.4</ele>
        <time>2023-06-11T01:17:00Z</time>
      </trkpt>
      <trkpt lat="36.70933701210379" lon="117.20515009778026">
        <ele>74.4</ele>
        <time>2023-06-11T01:17:01Z</time>
      </trkpt>
      <trkpt lat="36.70933945549143" lon="117.20516569041344">
        <ele>74.4</ele>
        <time>2023-06-11T01:17:02Z</time>
      </trkpt>
      <trkpt lat="36.70934139936012" lon="117.20518121732742">
        <ele>74.4</ele>
        <time>2023-06-11T01:17:03Z</time>
      </trkpt>
      <trkpt lat="36.70934236585307" lon="117.20519699547643">
        <ele>74.4</ele>
        <time>2023-06-11T01:17:04Z</time>
      </trkpt>
      <trkpt lat="36.70934238889228" lon="117.20521309320529">
        <ele>74.4</ele>
        <time>2023-06-11T01:17:05Z</time>
      </trkpt>
      <trkpt lat="36.70934148683504" lon="117.20522950659327">
        <ele>74.4</ele>
        <time>2023-06-11T01:17:06Z</time>
      </trkpt>
      <trkpt lat="36.70934044217508" lon="117.20524600379241">
        <ele>74.4</ele>
        <time>2023-06-11T01:17:07Z</time>
      </trkpt>
      <trkpt lat="36.70933930772201" lon="117.20526256430426">
        <ele>74.4</ele>
        <time>2023-06-11T01:17:08Z</time>
      </trkpt>
      <trkpt lat="36.70933807332352" lon="117.20527918371425">
        <ele>74.4</ele>
        <time>2023-06-11T01:17:09Z</time>
      </trkpt>
      <trkpt lat="36.709336738739964" lon="117.20529584414214">
        <ele>74.4</ele>
        <time>2023-06-11T01:17:10Z</time>
      </trkpt>
      <trkpt lat="36.70933523369463" lon="117.20531247441731">
        <ele>74.4</ele>
        <time>2023-06-11T01:17:11Z</time>
      </trkpt>
      <trkpt lat="36.70933347535025" lon="117.20532903042417">
        <ele>74.4</ele>
        <time>2023-06-11T01:17:12Z</time>
      </trkpt>
      <trkpt lat="36.70933171438999" lon="117.20534552662494">
        <ele>74.4</ele>
        <time>2023-06-11T01:17:13Z</time>
      </trkpt>
      <trkpt lat="36.7093299534386" lon="117.20536187794112">
        <ele>74.4</ele>
        <time>2023-06-11T01:17:14Z</time>
      </trkpt>
      <trkpt lat="36.70932817484847" lon="117.20537807094153">
        <ele>74.4</ele>
        <time>2023-06-11T01:17:15Z</time>
      </trkpt>
      <trkpt lat="36.70932620010754" lon="117.20539432931913">
        <ele>74.4</ele>
        <time>2023-06-11T01:17:16Z</time>
      </trkpt>
      <trkpt lat="36.709323991978714" lon="117.20541066644927">
        <ele>74.4</ele>
        <time>2023-06-11T01:17:17Z</time>
      </trkpt>
      <trkpt lat="36.7093212046557" lon="117.2054266994574">
        <ele>74.4</ele>
        <time>2023-06-11T01:17:18Z</time>
      </trkpt>
      <trkpt lat="36.7093184382668" lon="117.20544261876856">
        <ele>74.8</ele>
        <time>2023-06-11T01:17:19Z</time>
      </trkpt>
      <trkpt lat="36.7093156345137" lon="117.20545842563328">
        <ele>74.8</ele>
        <time>2023-06-11T01:17:20Z</time>
      </trkpt>
      <trkpt lat="36.70931339735124" lon="117.20547362901213">
        <ele>74.8</ele>
        <time>2023-06-11T01:17:21Z</time>
      </trkpt>
      <trkpt lat="36.70931210145932" lon="117.205487873439">
        <ele>74.8</ele>
        <time>2023-06-11T01:17:22Z</time>
      </trkpt>
      <trkpt lat="36.709311822032085" lon="117.20550118869633">
        <ele>74.8</ele>
        <time>2023-06-11T01:17:23Z</time>
      </trkpt>
      <trkpt lat="36.709311999599166" lon="117.20551403397734">
        <ele>74.8</ele>
        <time>2023-06-11T01:17:24Z</time>
      </trkpt>
      <trkpt lat="36.70931264872952" lon="117.20552653285529">
        <ele>74.8</ele>
        <time>2023-06-11T01:17:25Z</time>
      </trkpt>
      <trkpt lat="36.70931360528362" lon="117.2055388596717">
        <ele>74.8</ele>
        <time>2023-06-11T01:17:26Z</time>
      </trkpt>
      <trkpt lat="36.70931493082004" lon="117.20555087327656">
        <ele>74.8</ele>
        <time>2023-06-11T01:17:27Z</time>
      </trkpt>
      <trkpt lat="36.70931663958752" lon="117.2055626544862">
        <ele>74.8</ele>
        <time>2023-06-11T01:17:28Z</time>
      </trkpt>
      <trkpt lat="36.70931909001112" lon="117.2055745832801">
        <ele>74.9</ele>
        <time>2023-06-11T01:17:29Z</time>
      </trkpt>
      <trkpt lat="36.70932179419771" lon="117.20558654198553">
        <ele>74.9</ele>
        <time>2023-06-11T01:17:30Z</time>
      </trkpt>
      <trkpt lat="36.709324856898334" lon="117.20559852968871">
        <ele>74.9</ele>
        <time>2023-06-11T01:17:31Z</time>
      </trkpt>
      <trkpt lat="36.70932765186426" lon="117.20561104280924">
        <ele>74.9</ele>
        <time>2023-06-11T01:17:32Z</time>
      </trkpt>
      <trkpt lat="36.709329898202924" lon="117.20562449967643">
        <ele>74.9</ele>
        <time>2023-06-11T01:17:33Z</time>
      </trkpt>
      <trkpt lat="36.70933186661823" lon="117.20563888813098">
        <ele>74.9</ele>
        <time>2023-06-11T01:17:34Z</time>
      </trkpt>
      <trkpt lat="36.70933404193509" lon="117.20565371792574">
        <ele>74.9</ele>
        <time>2023-06-11T01:17:35Z</time>
      </trkpt>
      <trkpt lat="36.70933618003704" lon="117.20566906396594">
        <ele>74.9</ele>
        <time>2023-06-11T01:17:36Z</time>
      </trkpt>
      <trkpt lat="36.709338317044775" lon="117.20568477195062">
        <ele>74.9</ele>
        <time>2023-06-11T01:17:37Z</time>
      </trkpt>
      <trkpt lat="36.709340558118875" lon="117.20570066039373">
        <ele>74.9</ele>
        <time>2023-06-11T01:17:38Z</time>
      </trkpt>
      <trkpt lat="36.70934278450085" lon="117.20571665169413">
        <ele>75.5</ele>
        <time>2023-06-11T01:17:39Z</time>
      </trkpt>
      <trkpt lat="36.70934505164297" lon="117.20573274945241">
        <ele>75.5</ele>
        <time>2023-06-11T01:17:40Z</time>
      </trkpt>
      <trkpt lat="36.709347299628384" lon="117.20574889540231">
        <ele>75.5</ele>
        <time>2023-06-11T01:17:41Z</time>
      </trkpt>
      <trkpt lat="36.70934957978733" lon="117.20576506857955">
        <ele>75.5</ele>
        <time>2023-06-11T01:17:42Z</time>
      </trkpt>
      <trkpt lat="36.70935184715024" lon="117.20578132950095">
        <ele>75.5</ele>
        <time>2023-06-11T01:17:43Z</time>
      </trkpt>
      <trkpt lat="36.709354056277675" lon="117.20579767848248">
        <ele>75.5</ele>
        <time>2023-06-11T01:17:44Z</time>
      </trkpt>
      <trkpt lat="36.70935595058346" lon="117.20581413396171">
        <ele>75.5</ele>
        <time>2023-06-11T01:17:45Z</time>
      </trkpt>
      <trkpt lat="36.70935752143607" lon="117.20583074550547">
        <ele>75.5</ele>
        <time>2023-06-11T01:17:46Z</time>
      </trkpt>
      <trkpt lat="36.70935902288464" lon="117.2058473873971">
        <ele>75.5</ele>
        <time>2023-06-11T01:17:47Z</time>
      </trkpt>
      <trkpt lat="36.709360520365784" lon="117.20586406528845">
        <ele>75.5</ele>
        <time>2023-06-11T01:17:48Z</time>
      </trkpt>
      <trkpt lat="36.7093618383906" lon="117.20588082441203">
        <ele>76</ele>
        <time>2023-06-11T01:17:49Z</time>
      </trkpt>
      <trkpt lat="36.70936317307268" lon="117.20589806251678">
        <ele>76</ele>
        <time>2023-06-11T01:17:50Z</time>
      </trkpt>
      <trkpt lat="36.709364471975626" lon="117.20591579733214">
        <ele>76</ele>
        <time>2023-06-11T01:17:51Z</time>
      </trkpt>
      <trkpt lat="36.70936553075216" lon="117.20593393049505">
        <ele>76</ele>
        <time>2023-06-11T01:17:52Z</time>
      </trkpt>
      <trkpt lat="36.70936628235132" lon="117.20595237475906">
        <ele>76</ele>
        <time>2023-06-11T01:17:53Z</time>
      </trkpt>
      <trkpt lat="36.709366805654724" lon="117.20597101891808">
        <ele>76</ele>
        <time>2023-06-11T01:17:54Z</time>
      </trkpt>
      <trkpt lat="36.709367007443255" lon="117.20598983375274">
        <ele>76</ele>
        <time>2023-06-11T01:17:55Z</time>
      </trkpt>
      <trkpt lat="36.709366923160026" lon="117.20600878001657">
        <ele>76</ele>
        <time>2023-06-11T01:17:56Z</time>
      </trkpt>
      <trkpt lat="36.70936644933383" lon="117.20602780915044">
        <ele>76</ele>
        <time>2023-06-11T01:17:57Z</time>
      </trkpt>
      <trkpt lat="36.70936558546503" lon="117.20604692214927">
        <ele>76</ele>
        <time>2023-06-11T01:17:58Z</time>
      </trkpt>
      <trkpt lat="36.70936441861041" lon="117.20606605874056">
        <ele>76</ele>
        <time>2023-06-11T01:17:59Z</time>
      </trkpt>
      <trkpt lat="36.7093631460265" lon="117.20608523438722">
        <ele>76.3</ele>
        <time>2023-06-11T01:18:00Z</time>
      </trkpt>
      <trkpt lat="36.70936164024825" lon="117.2061040035729">
        <ele>76.3</ele>
        <time>2023-06-11T01:18:01Z</time>
      </trkpt>
      <trkpt lat="36.70935988806226" lon="117.20612236095157">
        <ele>76.3</ele>
        <time>2023-06-11T01:18:02Z</time>
      </trkpt>
      <trkpt lat="36.709358200554455" lon="117.20614042384128">
        <ele>76.3</ele>
        <time>2023-06-11T01:18:03Z</time>
      </trkpt>
      <trkpt lat="36.7093565247765" lon="117.20615830232516">
        <ele>76.3</ele>
        <time>2023-06-11T01:18:04Z</time>
      </trkpt>
      <trkpt lat="36.70935477458424" lon="117.20617608192462">
        <ele>76.3</ele>
        <time>2023-06-11T01:18:05Z</time>
      </trkpt>
      <trkpt lat="36.709353058995234" lon="117.20619380199378">
        <ele>76.3</ele>
        <time>2023-06-11T01:18:06Z</time>
      </trkpt>
      <trkpt lat="36.70935138149544" lon="117.20621147148766">
        <ele>76.3</ele>
        <time>2023-06-11T01:18:07Z</time>
      </trkpt>
      <trkpt lat="36.7093498469675" lon="117.206229063404">
        <ele>76.3</ele>
        <time>2023-06-11T01:18:08Z</time>
      </trkpt>
      <trkpt lat="36.70934848827813" lon="117.20624656038812">
        <ele>76.6</ele>
        <time>2023-06-11T01:18:09Z</time>
      </trkpt>
      <trkpt lat="36.709347249478526" lon="117.20626400585518">
        <ele>76.6</ele>
        <time>2023-06-11T01:18:10Z</time>
      </trkpt>
      <trkpt lat="36.70934621475208" lon="117.20628138219593">
        <ele>76.6</ele>
        <time>2023-06-11T01:18:11Z</time>
      </trkpt>
      <trkpt lat="36.70934543880069" lon="117.20629873119582">
        <ele>76.6</ele>
        <time>2023-06-11T01:18:12Z</time>
      </trkpt>
      <trkpt lat="36.70934492575047" lon="117.20631605652362">
        <ele>76.6</ele>
        <time>2023-06-11T01:18:13Z</time>
      </trkpt>
      <trkpt lat="36.709344518455175" lon="117.20633333077157">
        <ele>76.6</ele>
        <time>2023-06-11T01:18:14Z</time>
      </trkpt>
      <trkpt lat="36.70934422972638" lon="117.20635056562996">
        <ele>76.6</ele>
        <time>2023-06-11T01:18:15Z</time>
      </trkpt>
      <trkpt lat="36.70934406894931" lon="117.20636773491593">
        <ele>76.6</ele>
        <time>2023-06-11T01:18:16Z</time>
      </trkpt>
      <trkpt lat="36.709344061385956" lon="117.2063848154922">
        <ele>76.6</ele>
        <time>2023-06-11T01:18:17Z</time>
      </trkpt>
      <trkpt lat="36.70934408318455" lon="117.20640183566925">
        <ele>76.6</ele>
        <time>2023-06-11T01:18:18Z</time>
      </trkpt>
      <trkpt lat="36.70934413755462" lon="117.206418831579">
        <ele>76.9</ele>
        <time>2023-06-11T01:18:19Z</time>
      </trkpt>
      <trkpt lat="36.709344154444615" lon="117.20643579097809">
        <ele>76.9</ele>
        <time>2023-06-11T01:18:20Z</time>
      </trkpt>
      <trkpt lat="36.70934416382984" lon="117.20645270484566">
        <ele>76.9</ele>
        <time>2023-06-11T01:18:21Z</time>
      </trkpt>
      <trkpt lat="36.70934400522139" lon="117.20646957463049">
        <ele>76.9</ele>
        <time>2023-06-11T01:18:22Z</time>
      </trkpt>
      <trkpt lat="36.70934372332329" lon="117.2064864173674">
        <ele>76.9</ele>
        <time>2023-06-11T01:18:23Z</time>
      </trkpt>
      <trkpt lat="36.70934330782563" lon="117.20650323654023">
        <ele>76.9</ele>
        <time>2023-06-11T01:18:24Z</time>
      </trkpt>
      <trkpt lat="36.70934279647377" lon="117.20652005248064">
        <ele>76.9</ele>
        <time>2023-06-11T01:18:25Z</time>
      </trkpt>
      <trkpt lat="36.70934225530396" lon="117.20653680435998">
        <ele>76.9</ele>
        <time>2023-06-11T01:18:26Z</time>
      </trkpt>
      <trkpt lat="36.709341677204364" lon="117.20655348869654">
        <ele>76.9</ele>
        <time>2023-06-11T01:18:27Z</time>
      </trkpt>
      <trkpt lat="36.70934103711874" lon="117.20657012893862">
        <ele>76.9</ele>
        <time>2023-06-11T01:18:28Z</time>
      </trkpt>
      <trkpt lat="36.709340402763694" lon="117.20658671121043">
        <ele>77</ele>
        <time>2023-06-11T01:18:29Z</time>
      </trkpt>
      <trkpt lat="36.709339691194344" lon="117.20660325598172">
        <ele>77</ele>
        <time>2023-06-11T01:18:30Z</time>
      </trkpt>
      <trkpt lat="36.70933900913886" lon="117.20661986299181">
        <ele>77</ele>
        <time>2023-06-11T01:18:31Z</time>
      </trkpt>
      <trkpt lat="36.709338322632455" lon="117.20663651663497">
        <ele>77</ele>
        <time>2023-06-11T01:18:32Z</time>
      </trkpt>
      <trkpt lat="36.70933760818355" lon="117.20665326877949">
        <ele>77</ele>
        <time>2023-06-11T01:18:33Z</time>
      </trkpt>
      <trkpt lat="36.709336759613315" lon="117.20667007876564">
        <ele>77</ele>
        <time>2023-06-11T01:18:34Z</time>
      </trkpt>
      <trkpt lat="36.7093358291742" lon="117.20668705025649">
        <ele>77</ele>
        <time>2023-06-11T01:18:35Z</time>
      </trkpt>
      <trkpt lat="36.70933481875856" lon="117.20670422852504">
        <ele>77</ele>
        <time>2023-06-11T01:18:36Z</time>
      </trkpt>
      <trkpt lat="36.709333699904114" lon="117.20672159075092">
        <ele>77</ele>
        <time>2023-06-11T01:18:37Z</time>
      </trkpt>
      <trkpt lat="36.709332348202175" lon="117.20673905641328">
        <ele>77</ele>
        <time>2023-06-11T01:18:38Z</time>
      </trkpt>
      <trkpt lat="36.70933072262902" lon="117.20675657700932">
        <ele>77.1</ele>
        <time>2023-06-11T01:18:39Z</time>
      </trkpt>
      <trkpt lat="36.70932882802289" lon="117.20677417952832">
        <ele>77.1</ele>
        <time>2023-06-11T01:18:40Z</time>
      </trkpt>
      <trkpt lat="36.70932673429869" lon="117.20679186178558">
        <ele>77.1</ele>
        <time>2023-06-11T01:18:41Z</time>
      </trkpt>
      <trkpt lat="36.70932430169609" lon="117.20680955918274">
        <ele>77.1</ele>
        <time>2023-06-11T01:18:42Z</time>
      </trkpt>
      <trkpt lat="36.709321535571306" lon="117.20682721755281">
        <ele>77.1</ele>
        <time>2023-06-11T01:18:43Z</time>
      </trkpt>
      <trkpt lat="36.709318566321" lon="117.2068447814087">
        <ele>77.1</ele>
        <time>2023-06-11T01:18:44Z</time>
      </trkpt>
      <trkpt lat="36.7093153448873" lon="117.20686223042048">
        <ele>77.1</ele>
        <time>2023-06-11T01:18:45Z</time>
      </trkpt>
      <trkpt lat="36.709312135997294" lon="117.20687953887432">
        <ele>77.1</ele>
        <time>2023-06-11T01:18:46Z</time>
      </trkpt>
      <trkpt lat="36.70930900186505" lon="117.2068966679577">
        <ele>77.1</ele>
        <time>2023-06-11T01:18:47Z</time>
      </trkpt>
      <trkpt lat="36.70930652131234" lon="117.20691384546382">
        <ele>77.1</ele>
        <time>2023-06-11T01:18:48Z</time>
      </trkpt>
      <trkpt lat="36.70930484950937" lon="117.206931173675">
        <ele>77.1</ele>
        <time>2023-06-11T01:18:49Z</time>
      </trkpt>
      <trkpt lat="36.709303431436986" lon="117.20694874985472">
        <ele>77.1</ele>
        <time>2023-06-11T01:18:50Z</time>
      </trkpt>
      <trkpt lat="36.70930219766709" lon="117.2069664877551">
        <ele>77.1</ele>
        <time>2023-06-11T01:18:51Z</time>
      </trkpt>
      <trkpt lat="36.70930102301067" lon="117.20698431904509">
        <ele>77.1</ele>
        <time>2023-06-11T01:18:52Z</time>
      </trkpt>
      <trkpt lat="36.70929990709758" lon="117.2070022117597">
        <ele>77.1</ele>
        <time>2023-06-11T01:18:53Z</time>
      </trkpt>
      <trkpt lat="36.70929896997424" lon="117.2070202572398">
        <ele>77.1</ele>
        <time>2023-06-11T01:18:54Z</time>
      </trkpt>
      <trkpt lat="36.70929839653541" lon="117.20703844619801">
        <ele>77.1</ele>
        <time>2023-06-11T01:18:55Z</time>
      </trkpt>
      <trkpt lat="36.70929820122645" lon="117.20705683584558">
        <ele>77.1</ele>
        <time>2023-06-11T01:18:56Z</time>
      </trkpt>
      <trkpt lat="36.70929825227225" lon="117.20707527520419">
        <ele>77.1</ele>
        <time>2023-06-11T01:18:57Z</time>
      </trkpt>
      <trkpt lat="36.70929849293701" lon="117.2070937665812">
        <ele>77.1</ele>
        <time>2023-06-11T01:18:58Z</time>
      </trkpt>
      <trkpt lat="36.70929821721458" lon="117.20711213369134">
        <ele>77</ele>
        <time>2023-06-11T01:18:59Z</time>
      </trkpt>
      <trkpt lat="36.709297353276625" lon="117.20713033120795">
        <ele>77.5</ele>
        <time>2023-06-11T01:19:00Z</time>
      </trkpt>
      <trkpt lat="36.70929655755211" lon="117.2071482649661">
        <ele>77.5</ele>
        <time>2023-06-11T01:19:01Z</time>
      </trkpt>
      <trkpt lat="36.70929588452232" lon="117.20716601966014">
        <ele>77.5</ele>
        <time>2023-06-11T01:19:02Z</time>
      </trkpt>
      <trkpt lat="36.709295431410865" lon="117.20718366349948">
        <ele>77.5</ele>
        <time>2023-06-11T01:19:03Z</time>
      </trkpt>
      <trkpt lat="36.70929526907312" lon="117.20720122844085">
        <ele>77.5</ele>
        <time>2023-06-11T01:19:04Z</time>
      </trkpt>
      <trkpt lat="36.709295412528824" lon="117.20721867275462">
        <ele>77.5</ele>
        <time>2023-06-11T01:19:05Z</time>
      </trkpt>
      <trkpt lat="36.70929557536912" lon="117.20723603944542">
        <ele>77.5</ele>
        <time>2023-06-11T01:19:06Z</time>
      </trkpt>
      <trkpt lat="36.709295665062626" lon="117.20725333816299">
        <ele>77.5</ele>
        <time>2023-06-11T01:19:07Z</time>
      </trkpt>
      <trkpt lat="36.70929525133906" lon="117.20727061628136">
        <ele>77.5</ele>
        <time>2023-06-11T01:19:08Z</time>
      </trkpt>
      <trkpt lat="36.709294291047435" lon="117.20728780247615">
        <ele>77.6</ele>
        <time>2023-06-11T01:19:09Z</time>
      </trkpt>
      <trkpt lat="36.70929328083105" lon="117.20730495079424">
        <ele>77.6</ele>
        <time>2023-06-11T01:19:10Z</time>
      </trkpt>
      <trkpt lat="36.70929230587507" lon="117.20732214536594">
        <ele>77.6</ele>
        <time>2023-06-11T01:19:11Z</time>
      </trkpt>
      <trkpt lat="36.709291312504924" lon="117.20733946355871">
        <ele>77.6</ele>
        <time>2023-06-11T01:19:12Z</time>
      </trkpt>
      <trkpt lat="36.70929010141298" lon="117.20735694339157">
        <ele>77.6</ele>
        <time>2023-06-11T01:19:13Z</time>
      </trkpt>
      <trkpt lat="36.70928852957223" lon="117.20737458500496">
        <ele>77.6</ele>
        <time>2023-06-11T01:19:14Z</time>
      </trkpt>
      <trkpt lat="36.709286606696715" lon="117.20739239480278">
        <ele>77.6</ele>
        <time>2023-06-11T01:19:15Z</time>
      </trkpt>
      <trkpt lat="36.709284229674374" lon="117.20741039244768">
        <ele>77.6</ele>
        <time>2023-06-11T01:19:16Z</time>
      </trkpt>
      <trkpt lat="36.70928140454673" lon="117.20742857893362">
        <ele>77.6</ele>
        <time>2023-06-11T01:19:17Z</time>
      </trkpt>
      <trkpt lat="36.70927821150684" lon="117.20744709771749">
        <ele>77.6</ele>
        <time>2023-06-11T01:19:18Z</time>
      </trkpt>
      <trkpt lat="36.70927491192451" lon="117.20746612332881">
        <ele>77.5</ele>
        <time>2023-06-11T01:19:19Z</time>
      </trkpt>
      <trkpt lat="36.709271492790265" lon="117.20748584133509">
        <ele>77.5</ele>
        <time>2023-06-11T01:19:20Z</time>
      </trkpt>
      <trkpt lat="36.709267515903115" lon="117.20750626129941">
        <ele>77.5</ele>
        <time>2023-06-11T01:19:21Z</time>
      </trkpt>
      <trkpt lat="36.7092629682941" lon="117.2075272906872">
        <ele>77.5</ele>
        <time>2023-06-11T01:19:22Z</time>
      </trkpt>
      <trkpt lat="36.70925780841616" lon="117.20754928658069">
        <ele>77.5</ele>
        <time>2023-06-11T01:19:23Z</time>
      </trkpt>
      <trkpt lat="36.70925285973338" lon="117.20757218663461">
        <ele>77.5</ele>
        <time>2023-06-11T01:19:24Z</time>
      </trkpt>
      <trkpt lat="36.70924776537132" lon="117.20759595040374">
        <ele>77.5</ele>
        <time>2023-06-11T01:19:25Z</time>
      </trkpt>
      <trkpt lat="36.70924217747022" lon="117.20762038626502">
        <ele>77.5</ele>
        <time>2023-06-11T01:19:26Z</time>
      </trkpt>
      <trkpt lat="36.70923601051459" lon="117.20764602399747">
        <ele>77.5</ele>
        <time>2023-06-11T01:19:27Z</time>
      </trkpt>
      <trkpt lat="36.70922945393182" lon="117.20767294249154">
        <ele>77.5</ele>
        <time>2023-06-11T01:19:28Z</time>
      </trkpt>
      <trkpt lat="36.709222502805396" lon="117.20770130815626">
        <ele>77.6</ele>
        <time>2023-06-11T01:19:29Z</time>
      </trkpt>
      <trkpt lat="36.7092150567226" lon="117.20773075067645">
        <ele>77.6</ele>
        <time>2023-06-11T01:19:30Z</time>
      </trkpt>
      <trkpt lat="36.70920730301646" lon="117.20776102613111">
        <ele>77.6</ele>
        <time>2023-06-11T01:19:31Z</time>
      </trkpt>
      <trkpt lat="36.70919950936732" lon="117.20779199873364">
        <ele>77.6</ele>
        <time>2023-06-11T01:19:32Z</time>
      </trkpt>
      <trkpt lat="36.709191792738984" lon="117.20782386286386">
        <ele>77.6</ele>
        <time>2023-06-11T01:19:33Z</time>
      </trkpt>
      <trkpt lat="36.70918428837537" lon="117.20785590932813">
        <ele>77.6</ele>
        <time>2023-06-11T01:19:34Z</time>
      </trkpt>
      <trkpt lat="36.70917641729448" lon="117.20788787209587">
        <ele>77.6</ele>
        <time>2023-06-11T01:19:35Z</time>
      </trkpt>
      <trkpt lat="36.70916901671148" lon="117.20791965605119">
        <ele>77.6</ele>
        <time>2023-06-11T01:19:36Z</time>
      </trkpt>
      <trkpt lat="36.70916247644083" lon="117.20795122968404">
        <ele>77.6</ele>
        <time>2023-06-11T01:19:37Z</time>
      </trkpt>
      <trkpt lat="36.7091568208985" lon="117.20798199096708">
        <ele>77.6</ele>
        <time>2023-06-11T01:19:38Z</time>
      </trkpt>
      <trkpt lat="36.70915195701664" lon="117.20801168152975">
        <ele>77</ele>
        <time>2023-06-11T01:19:39Z</time>
      </trkpt>
      <trkpt lat="36.7091478817836" lon="117.20803985736661">
        <ele>77</ele>
        <time>2023-06-11T01:19:40Z</time>
      </trkpt>
      <trkpt lat="36.709144581035304" lon="117.20806661953613">
        <ele>77</ele>
        <time>2023-06-11T01:19:41Z</time>
      </trkpt>
      <trkpt lat="36.709141899988126" lon="117.20809197446493">
        <ele>77</ele>
        <time>2023-06-11T01:19:42Z</time>
      </trkpt>
      <trkpt lat="36.70913971992514" lon="117.20811594113697">
        <ele>77</ele>
        <time>2023-06-11T01:19:43Z</time>
      </trkpt>
      <trkpt lat="36.70913796643598" lon="117.20813828387946">
        <ele>77</ele>
        <time>2023-06-11T01:19:44Z</time>
      </trkpt>
      <trkpt lat="36.70913653760563" lon="117.20815925760768">
        <ele>77</ele>
        <time>2023-06-11T01:19:45Z</time>
      </trkpt>
      <trkpt lat="36.70913542251681" lon="117.20817912462576">
        <ele>77</ele>
        <time>2023-06-11T01:19:46Z</time>
      </trkpt>
      <trkpt lat="36.70913425149154" lon="117.20819801961031">
        <ele>77</ele>
        <time>2023-06-11T01:19:47Z</time>
      </trkpt>
      <trkpt lat="36.70913297339455" lon="117.20821615375188">
        <ele>77</ele>
        <time>2023-06-11T01:19:48Z</time>
      </trkpt>
      <trkpt lat="36.70913143042454" lon="117.2082338376876">
        <ele>77</ele>
        <time>2023-06-11T01:19:49Z</time>
      </trkpt>
      <trkpt lat="36.70912952368893" lon="117.20825124579821">
        <ele>77</ele>
        <time>2023-06-11T01:19:50Z</time>
      </trkpt>
      <trkpt lat="36.7091274919001" lon="117.20826843483249">
        <ele>77</ele>
        <time>2023-06-11T01:19:51Z</time>
      </trkpt>
      <trkpt lat="36.7091253516358" lon="117.20828538893167">
        <ele>77</ele>
        <time>2023-06-11T01:19:52Z</time>
      </trkpt>
      <trkpt lat="36.70912287571522" lon="117.20830201328896">
        <ele>77</ele>
        <time>2023-06-11T01:19:53Z</time>
      </trkpt>
      <trkpt lat="36.70911995776338" lon="117.20831839740204">
        <ele>77</ele>
        <time>2023-06-11T01:19:54Z</time>
      </trkpt>
      <trkpt lat="36.7091169186307" lon="117.20833478425578">
        <ele>77</ele>
        <time>2023-06-11T01:19:55Z</time>
      </trkpt>
      <trkpt lat="36.709113653643016" lon="117.20835113337935">
        <ele>77</ele>
        <time>2023-06-11T01:19:56Z</time>
      </trkpt>
      <trkpt lat="36.70910997643291" lon="117.20836737520851">
        <ele>77</ele>
        <time>2023-06-11T01:19:57Z</time>
      </trkpt>
      <trkpt lat="36.709106163699545" lon="117.208383648261">
        <ele>77</ele>
        <time>2023-06-11T01:19:58Z</time>
      </trkpt>
      <trkpt lat="36.70910242927883" lon="117.20839997377983">
        <ele>76</ele>
        <time>2023-06-11T01:19:59Z</time>
      </trkpt>
      <trkpt lat="36.70909878796718" lon="117.20841604407023">
        <ele>76.5</ele>
        <time>2023-06-11T01:20:00Z</time>
      </trkpt>
      <trkpt lat="36.70909524021408" lon="117.2084318665326">
        <ele>76.5</ele>
        <time>2023-06-11T01:20:01Z</time>
      </trkpt>
      <trkpt lat="36.7090915825928" lon="117.20844749280427">
        <ele>76.5</ele>
        <time>2023-06-11T01:20:02Z</time>
      </trkpt>
      <trkpt lat="36.709087968364" lon="117.2084631351063">
        <ele>76.5</ele>
        <time>2023-06-11T01:20:03Z</time>
      </trkpt>
      <trkpt lat="36.709084701106114" lon="117.2084790094355">
        <ele>76.5</ele>
        <time>2023-06-11T01:20:04Z</time>
      </trkpt>
      <trkpt lat="36.70908169654872" lon="117.20849506275712">
        <ele>76.5</ele>
        <time>2023-06-11T01:20:05Z</time>
      </trkpt>
      <trkpt lat="36.70907849482065" lon="117.20851108978793">
        <ele>76.5</ele>
        <time>2023-06-11T01:20:06Z</time>
      </trkpt>
      <trkpt lat="36.70907530735559" lon="117.2085272234556">
        <ele>76.5</ele>
        <time>2023-06-11T01:20:07Z</time>
      </trkpt>
      <trkpt lat="36.709072172200706" lon="117.20854346854391">
        <ele>76.5</ele>
        <time>2023-06-11T01:20:08Z</time>
      </trkpt>
      <trkpt lat="36.70906921154127" lon="117.20855982143199">
        <ele>75.6</ele>
        <time>2023-06-11T01:20:09Z</time>
      </trkpt>
      <trkpt lat="36.70906618816466" lon="117.20857621940202">
        <ele>75.6</ele>
        <time>2023-06-11T01:20:10Z</time>
      </trkpt>
      <trkpt lat="36.70906321710154" lon="117.2085927463905">
        <ele>75.6</ele>
        <time>2023-06-11T01:20:11Z</time>
      </trkpt>
      <trkpt lat="36.7090602231132" lon="117.2086093606175">
        <ele>75.6</ele>
        <time>2023-06-11T01:20:12Z</time>
      </trkpt>
      <trkpt lat="36.709057242167916" lon="117.20862601550235">
        <ele>75.6</ele>
        <time>2023-06-11T01:20:13Z</time>
      </trkpt>
      <trkpt lat="36.70905418397963" lon="117.20864264943002">
        <ele>75.6</ele>
        <time>2023-06-11T01:20:14Z</time>
      </trkpt>
      <trkpt lat="36.70905099446636" lon="117.20865921191265">
        <ele>75.6</ele>
        <time>2023-06-11T01:20:15Z</time>
      </trkpt>
      <trkpt lat="36.709047799100865" lon="117.20867577382671">
        <ele>75.6</ele>
        <time>2023-06-11T01:20:16Z</time>
      </trkpt>
      <trkpt lat="36.70904472560387" lon="117.20869238577608">
        <ele>75.6</ele>
        <time>2023-06-11T01:20:17Z</time>
      </trkpt>
      <trkpt lat="36.70904167350527" lon="117.20870905367961">
        <ele>75.6</ele>
        <time>2023-06-11T01:20:18Z</time>
      </trkpt>
      <trkpt lat="36.709038771682025" lon="117.20872588211712">
        <ele>75.4</ele>
        <time>2023-06-11T01:20:19Z</time>
      </trkpt>
      <trkpt lat="36.70903565429765" lon="117.2087426694031">
        <ele>75.4</ele>
        <time>2023-06-11T01:20:20Z</time>
      </trkpt>
      <trkpt lat="36.70903230523596" lon="117.20875940285372">
        <ele>75.4</ele>
        <time>2023-06-11T01:20:21Z</time>
      </trkpt>
      <trkpt lat="36.709028808709334" lon="117.20877605528486">
        <ele>75.4</ele>
        <time>2023-06-11T01:20:22Z</time>
      </trkpt>
      <trkpt lat="36.70902511769441" lon="117.20879258920478">
        <ele>75.4</ele>
        <time>2023-06-11T01:20:23Z</time>
      </trkpt>
      <trkpt lat="36.709021241851225" lon="117.20880901375368">
        <ele>75.4</ele>
        <time>2023-06-11T01:20:24Z</time>
      </trkpt>
      <trkpt lat="36.70901722188644" lon="117.2088253186045">
        <ele>75.4</ele>
        <time>2023-06-11T01:20:25Z</time>
      </trkpt>
      <trkpt lat="36.709013084336235" lon="117.20884158086308">
        <ele>75.4</ele>
        <time>2023-06-11T01:20:26Z</time>
      </trkpt>
      <trkpt lat="36.709008841710194" lon="117.20885779835163">
        <ele>75.4</ele>
        <time>2023-06-11T01:20:27Z</time>
      </trkpt>
      <trkpt lat="36.70900446368427" lon="117.20887397505344">
        <ele>75.4</ele>
        <time>2023-06-11T01:20:28Z</time>
      </trkpt>
      <trkpt lat="36.70899994978909" lon="117.20889006215398">
        <ele>75.1</ele>
        <time>2023-06-11T01:20:29Z</time>
      </trkpt>
      <trkpt lat="36.70899534074515" lon="117.20890603825737">
        <ele>75.1</ele>
        <time>2023-06-11T01:20:30Z</time>
      </trkpt>
      <trkpt lat="36.70899066205724" lon="117.20892191990188">
        <ele>75.1</ele>
        <time>2023-06-11T01:20:31Z</time>
      </trkpt>
      <trkpt lat="36.70898594263758" lon="117.20893771031801">
        <ele>75.1</ele>
        <time>2023-06-11T01:20:32Z</time>
      </trkpt>
      <trkpt lat="36.70898115982895" lon="117.20895351472406">
        <ele>75.1</ele>
        <time>2023-06-11T01:20:33Z</time>
      </trkpt>
      <trkpt lat="36.70897661764091" lon="117.20896976470543">
        <ele>75.1</ele>
        <time>2023-06-11T01:20:34Z</time>
      </trkpt>
      <trkpt lat="36.70897243684999" lon="117.2089864327623">
        <ele>75.1</ele>
        <time>2023-06-11T01:20:35Z</time>
      </trkpt>
      <trkpt lat="36.70896860199239" lon="117.20900352785016">
        <ele>75.1</ele>
        <time>2023-06-11T01:20:36Z</time>
      </trkpt>
      <trkpt lat="36.708965039097954" lon="117.20902089314856">
        <ele>75.1</ele>
        <time>2023-06-11T01:20:37Z</time>
      </trkpt>
      <trkpt lat="36.70896162261527" lon="117.20903842930133">
        <ele>75.1</ele>
        <time>2023-06-11T01:20:38Z</time>
      </trkpt>
      <trkpt lat="36.708958324177225" lon="117.20905606001165">
        <ele>75.1</ele>
        <time>2023-06-11T01:20:39Z</time>
      </trkpt>
      <trkpt lat="36.70895510776904" lon="117.20907375960148">
        <ele>75.1</ele>
        <time>2023-06-11T01:20:40Z</time>
      </trkpt>
      <trkpt lat="36.708951952575006" lon="117.20909152340928">
        <ele>75.1</ele>
        <time>2023-06-11T01:20:41Z</time>
      </trkpt>
      <trkpt lat="36.70894884047401" lon="117.20910940460415">
        <ele>75.1</ele>
        <time>2023-06-11T01:20:42Z</time>
      </trkpt>
      <trkpt lat="36.70894601921078" lon="117.20912747311444">
        <ele>75.1</ele>
        <time>2023-06-11T01:20:43Z</time>
      </trkpt>
      <trkpt lat="36.70894360172134" lon="117.20914563316397">
        <ele>75.1</ele>
        <time>2023-06-11T01:20:44Z</time>
      </trkpt>
      <trkpt lat="36.70894142447005" lon="117.20916348592488">
        <ele>75.1</ele>
        <time>2023-06-11T01:20:45Z</time>
      </trkpt>
      <trkpt lat="36.708939407999665" lon="117.20918107425129">
        <ele>75.1</ele>
        <time>2023-06-11T01:20:46Z</time>
      </trkpt>
      <trkpt lat="36.70893750362751" lon="117.20919836705745">
        <ele>75.1</ele>
        <time>2023-06-11T01:20:47Z</time>
      </trkpt>
      <trkpt lat="36.70893576911001" lon="117.20921546010004">
        <ele>75.1</ele>
        <time>2023-06-11T01:20:48Z</time>
      </trkpt>
      <trkpt lat="36.7089341631897" lon="117.20923240661324">
        <ele>75</ele>
        <time>2023-06-11T01:20:49Z</time>
      </trkpt>
      <trkpt lat="36.70893270850526" lon="117.20924925951293">
        <ele>75</ele>
        <time>2023-06-11T01:20:50Z</time>
      </trkpt>
      <trkpt lat="36.70893143474891" lon="117.20926608197432">
        <ele>75</ele>
        <time>2023-06-11T01:20:51Z</time>
      </trkpt>
      <trkpt lat="36.708930157785574" lon="117.20928293732112">
        <ele>75</ele>
        <time>2023-06-11T01:20:52Z</time>
      </trkpt>
      <trkpt lat="36.7089287914346" lon="117.20929984484">
        <ele>75</ele>
        <time>2023-06-11T01:20:53Z</time>
      </trkpt>
      <trkpt lat="36.7089274710108" lon="117.20931686545514">
        <ele>75</ele>
        <time>2023-06-11T01:20:54Z</time>
      </trkpt>
      <trkpt lat="36.70892615376835" lon="117.20933409337891">
        <ele>75</ele>
        <time>2023-06-11T01:20:55Z</time>
      </trkpt>
      <trkpt lat="36.708924936041036" lon="117.20935153935771">
        <ele>75</ele>
        <time>2023-06-11T01:20:56Z</time>
      </trkpt>
      <trkpt lat="36.70892381046987" lon="117.2093691818766">
        <ele>75</ele>
        <time>2023-06-11T01:20:57Z</time>
      </trkpt>
      <trkpt lat="36.70892302582029" lon="117.2093870010704">
        <ele>75</ele>
        <time>2023-06-11T01:20:58Z</time>
      </trkpt>
      <trkpt lat="36.70892218507689" lon="117.20940502148416">
        <ele>74</ele>
        <time>2023-06-11T01:20:59Z</time>
      </trkpt>
      <trkpt lat="36.70892136564725" lon="117.20942319740405">
        <ele>74.9</ele>
        <time>2023-06-11T01:21:00Z</time>
      </trkpt>
      <trkpt lat="36.70892069686127" lon="117.20944151333147">
        <ele>74.9</ele>
        <time>2023-06-11T01:21:01Z</time>
      </trkpt>
      <trkpt lat="36.70892018274678" lon="117.2094599188974">
        <ele>74.9</ele>
        <time>2023-06-11T01:21:02Z</time>
      </trkpt>
      <trkpt lat="36.708919692341524" lon="117.20947826232783">
        <ele>74.9</ele>
        <time>2023-06-11T01:21:03Z</time>
      </trkpt>
      <trkpt lat="36.70891928181247" lon="117.20949651924074">
        <ele>74.9</ele>
        <time>2023-06-11T01:21:04Z</time>
      </trkpt>
      <trkpt lat="36.70891872552152" lon="117.20951459247007">
        <ele>74.9</ele>
        <time>2023-06-11T01:21:05Z</time>
      </trkpt>
      <trkpt lat="36.70891796742342" lon="117.20953233415158">
        <ele>74.9</ele>
        <time>2023-06-11T01:21:06Z</time>
      </trkpt>
      <trkpt lat="36.70891680999079" lon="117.20954969617887">
        <ele>74.9</ele>
        <time>2023-06-11T01:21:07Z</time>
      </trkpt>
      <trkpt lat="36.70891524667106" lon="117.20956671847475">
        <ele>74.9</ele>
        <time>2023-06-11T01:21:08Z</time>
      </trkpt>
      <trkpt lat="36.708913402593936" lon="117.20958342204331">
        <ele>75.2</ele>
        <time>2023-06-11T01:21:09Z</time>
      </trkpt>
      <trkpt lat="36.70891146780248" lon="117.20959973703232">
        <ele>75.2</ele>
        <time>2023-06-11T01:21:10Z</time>
      </trkpt>
      <trkpt lat="36.70890947285626" lon="117.20961572245035">
        <ele>75.2</ele>
        <time>2023-06-11T01:21:11Z</time>
      </trkpt>
      <trkpt lat="36.70890712938228" lon="117.20963131931941">
        <ele>75.2</ele>
        <time>2023-06-11T01:21:12Z</time>
      </trkpt>
      <trkpt lat="36.708904413431824" lon="117.20964653622413">
        <ele>75.2</ele>
        <time>2023-06-11T01:21:13Z</time>
      </trkpt>
      <trkpt lat="36.7089016615196" lon="117.20966148897291">
        <ele>75.2</ele>
        <time>2023-06-11T01:21:14Z</time>
      </trkpt>
      <trkpt lat="36.70889890031012" lon="117.20967618825867">
        <ele>75.2</ele>
        <time>2023-06-11T01:21:15Z</time>
      </trkpt>
      <trkpt lat="36.70889594124664" lon="117.2096906155106">
        <ele>75.2</ele>
        <time>2023-06-11T01:21:16Z</time>
      </trkpt>
      <trkpt lat="36.70889285641829" lon="117.20970485615972">
        <ele>75.2</ele>
        <time>2023-06-11T01:21:17Z</time>
      </trkpt>
      <trkpt lat="36.708889745403795" lon="117.20971898039899">
        <ele>75.2</ele>
        <time>2023-06-11T01:21:18Z</time>
      </trkpt>
      <trkpt lat="36.708886519402995" lon="117.20973295117797">
        <ele>75.4</ele>
        <time>2023-06-11T01:21:19Z</time>
      </trkpt>
      <trkpt lat="36.70888288254523" lon="117.20974679868903">
        <ele>75.4</ele>
        <time>2023-06-11T01:21:20Z</time>
      </trkpt>
      <trkpt lat="36.70887906764421" lon="117.20976060368078">
        <ele>75.4</ele>
        <time>2023-06-11T01:21:21Z</time>
      </trkpt>
      <trkpt lat="36.70887507584891" lon="117.20977436186257">
        <ele>75.4</ele>
        <time>2023-06-11T01:21:22Z</time>
      </trkpt>
      <trkpt lat="36.70887122769002" lon="117.20978821292171">
        <ele>75.4</ele>
        <time>2023-06-11T01:21:23Z</time>
      </trkpt>
      <trkpt lat="36.70886764309839" lon="117.20980219726289">
        <ele>75.4</ele>
        <time>2023-06-11T01:21:24Z</time>
      </trkpt>
      <trkpt lat="36.70886425609245" lon="117.20981629250781">
        <ele>75.4</ele>
        <time>2023-06-11T01:21:25Z</time>
      </trkpt>
      <trkpt lat="36.708861073720975" lon="117.20983048590814">
        <ele>75.4</ele>
        <time>2023-06-11T01:21:26Z</time>
      </trkpt>
      <trkpt lat="36.708858071182576" lon="117.20984479487755">
        <ele>75.4</ele>
        <time>2023-06-11T01:21:27Z</time>
      </trkpt>
      <trkpt lat="36.70885513369765" lon="117.20985917938364">
        <ele>75.4</ele>
        <time>2023-06-11T01:21:28Z</time>
      </trkpt>
      <trkpt lat="36.70885213102173" lon="117.20987359715726">
        <ele>75.3</ele>
        <time>2023-06-11T01:21:29Z</time>
      </trkpt>
      <trkpt lat="36.708849133116246" lon="117.20988808929273">
        <ele>75.3</ele>
        <time>2023-06-11T01:21:30Z</time>
      </trkpt>
      <trkpt lat="36.70884611260874" lon="117.20990264391631">
        <ele>75.3</ele>
        <time>2023-06-11T01:21:31Z</time>
      </trkpt>
      <trkpt lat="36.70884304190892" lon="117.20991722919378">
        <ele>75.3</ele>
        <time>2023-06-11T01:21:32Z</time>
      </trkpt>
      <trkpt lat="36.708840027396924" lon="117.20993189106554">
        <ele>75.3</ele>
        <time>2023-06-11T01:21:33Z</time>
      </trkpt>
      <trkpt lat="36.70883698659084" lon="117.20994660510331">
        <ele>75.3</ele>
        <time>2023-06-11T01:21:34Z</time>
      </trkpt>
      <trkpt lat="36.708833891149794" lon="117.20996137572519">
        <ele>75.3</ele>
        <time>2023-06-11T01:21:35Z</time>
      </trkpt>
      <trkpt lat="36.70883081427554" lon="117.20997621162816">
        <ele>75.3</ele>
        <time>2023-06-11T01:21:36Z</time>
      </trkpt>
      <trkpt lat="36.70882771906691" lon="117.20999111443308">
        <ele>75.3</ele>
        <time>2023-06-11T01:21:37Z</time>
      </trkpt>
      <trkpt lat="36.70882467205234" lon="117.21000609041263">
        <ele>75.3</ele>
        <time>2023-06-11T01:21:38Z</time>
      </trkpt>
      <trkpt lat="36.70882169161555" lon="117.21002115747302">
        <ele>75.3</ele>
        <time>2023-06-11T01:21:39Z</time>
      </trkpt>
      <trkpt lat="36.7088189578961" lon="117.21003636981605">
        <ele>75.3</ele>
        <time>2023-06-11T01:21:40Z</time>
      </trkpt>
      <trkpt lat="36.7088165326883" lon="117.21005172724792">
        <ele>75.3</ele>
        <time>2023-06-11T01:21:41Z</time>
      </trkpt>
      <trkpt lat="36.70881442762695" lon="117.21006721795253">
        <ele>75.3</ele>
        <time>2023-06-11T01:21:42Z</time>
      </trkpt>
      <trkpt lat="36.70881254380675" lon="117.21008282552498">
        <ele>75.3</ele>
        <time>2023-06-11T01:21:43Z</time>
      </trkpt>
      <trkpt lat="36.70881077598015" lon="117.21009850166186">
        <ele>75.3</ele>
        <time>2023-06-11T01:21:44Z</time>
      </trkpt>
      <trkpt lat="36.7088090926657" lon="117.21011420650828">
        <ele>75.3</ele>
        <time>2023-06-11T01:21:45Z</time>
      </trkpt>
      <trkpt lat="36.708807428362526" lon="117.21012990419285">
        <ele>75.3</ele>
        <time>2023-06-11T01:21:46Z</time>
      </trkpt>
      <trkpt lat="36.70880560441816" lon="117.21014558062066">
        <ele>75.3</ele>
        <time>2023-06-11T01:21:47Z</time>
      </trkpt>
      <trkpt lat="36.70880365854984" lon="117.2101612405133">
        <ele>75.3</ele>
        <time>2023-06-11T01:21:48Z</time>
      </trkpt>
      <trkpt lat="36.70880160588946" lon="117.21017689524827">
        <ele>75.4</ele>
        <time>2023-06-11T01:21:49Z</time>
      </trkpt>
      <trkpt lat="36.70879948698986" lon="117.21019251659057">
        <ele>75.4</ele>
        <time>2023-06-11T01:21:50Z</time>
      </trkpt>
      <trkpt lat="36.70879722706328" lon="117.21020806413084">
        <ele>75.4</ele>
        <time>2023-06-11T01:21:51Z</time>
      </trkpt>
      <trkpt lat="36.70879480182024" lon="117.21022350746532">
        <ele>75.4</ele>
        <time>2023-06-11T01:21:52Z</time>
      </trkpt>
      <trkpt lat="36.70879227977615" lon="117.21023884552928">
        <ele>75.4</ele>
        <time>2023-06-11T01:21:53Z</time>
      </trkpt>
      <trkpt lat="36.70878979859023" lon="117.21025408701261">
        <ele>75.4</ele>
        <time>2023-06-11T01:21:54Z</time>
      </trkpt>
      <trkpt lat="36.70878735964926" lon="117.21026923670327">
        <ele>75.4</ele>
        <time>2023-06-11T01:21:55Z</time>
      </trkpt>
      <trkpt lat="36.7087849377917" lon="117.21028426052895">
        <ele>75.4</ele>
        <time>2023-06-11T01:21:56Z</time>
      </trkpt>
      <trkpt lat="36.70878253371397" lon="117.21029914735934">
        <ele>75.4</ele>
        <time>2023-06-11T01:21:57Z</time>
      </trkpt>
      <trkpt lat="36.70878029237716" lon="117.2103139045155">
        <ele>75.4</ele>
        <time>2023-06-11T01:21:58Z</time>
      </trkpt>
      <trkpt lat="36.70877819868039" lon="117.21032853237249">
        <ele>75</ele>
        <time>2023-06-11T01:21:59Z</time>
      </trkpt>
      <trkpt lat="36.708776236123335" lon="117.21034303553377">
        <ele>75.4</ele>
        <time>2023-06-11T01:22:00Z</time>
      </trkpt>
      <trkpt lat="36.70877446150765" lon="117.21035745472167">
        <ele>75.4</ele>
        <time>2023-06-11T01:22:01Z</time>
      </trkpt>
      <trkpt lat="36.70877293868437" lon="117.21037183954952">
        <ele>75.4</ele>
        <time>2023-06-11T01:22:02Z</time>
      </trkpt>
      <trkpt lat="36.70877165043441" lon="117.21038623740128">
        <ele>75.4</ele>
        <time>2023-06-11T01:22:03Z</time>
      </trkpt>
      <trkpt lat="36.708770520131274" lon="117.21040066090836">
        <ele>75.4</ele>
        <time>2023-06-11T01:22:04Z</time>
      </trkpt>
      <trkpt lat="36.7087695096597" lon="117.21041512419015">
        <ele>75.4</ele>
        <time>2023-06-11T01:22:05Z</time>
      </trkpt>
      <trkpt lat="36.70876858170806" lon="117.2104296262559">
        <ele>75.4</ele>
        <time>2023-06-11T01:22:06Z</time>
      </trkpt>
      <trkpt lat="36.70876773062443" lon="117.21044420055954">
        <ele>75.4</ele>
        <time>2023-06-11T01:22:07Z</time>
      </trkpt>
      <trkpt lat="36.708767000703176" lon="117.21045885461977">
        <ele>75.4</ele>
        <time>2023-06-11T01:22:08Z</time>
      </trkpt>
      <trkpt lat="36.70876632161854" lon="117.21047357737636">
        <ele>75.4</ele>
        <time>2023-06-11T01:22:09Z</time>
      </trkpt>
      <trkpt lat="36.70876570379346" lon="117.21048837398892">
        <ele>75.4</ele>
        <time>2023-06-11T01:22:10Z</time>
      </trkpt>
      <trkpt lat="36.708765065704334" lon="117.21050320380044">
        <ele>75.4</ele>
        <time>2023-06-11T01:22:11Z</time>
      </trkpt>
      <trkpt lat="36.70876430118368" lon="117.21051802665421">
        <ele>75.4</ele>
        <time>2023-06-11T01:22:12Z</time>
      </trkpt>
      <trkpt lat="36.708763281876934" lon="117.21053278896508">
        <ele>75.4</ele>
        <time>2023-06-11T01:22:13Z</time>
      </trkpt>
      <trkpt lat="36.70876204832721" lon="117.21054749141254">
        <ele>75.4</ele>
        <time>2023-06-11T01:22:14Z</time>
      </trkpt>
      <trkpt lat="36.70876059432685" lon="117.21056213200758">
        <ele>75.4</ele>
        <time>2023-06-11T01:22:15Z</time>
      </trkpt>
      <trkpt lat="36.70875888664879" lon="117.21057670739636">
        <ele>75.4</ele>
        <time>2023-06-11T01:22:16Z</time>
      </trkpt>
      <trkpt lat="36.708756947041024" lon="117.21059122503814">
        <ele>75.4</ele>
        <time>2023-06-11T01:22:17Z</time>
      </trkpt>
      <trkpt lat="36.708754776334445" lon="117.2106057067583">
        <ele>75.4</ele>
        <time>2023-06-11T01:22:18Z</time>
      </trkpt>
      <trkpt lat="36.70875232116692" lon="117.21062017003568">
        <ele>75.3</ele>
        <time>2023-06-11T01:22:19Z</time>
      </trkpt>
      <trkpt lat="36.70874962966774" lon="117.21063462611949">
        <ele>75.3</ele>
        <time>2023-06-11T01:22:20Z</time>
      </trkpt>
      <trkpt lat="36.7087467771937" lon="117.2106491062157">
        <ele>75.3</ele>
        <time>2023-06-11T01:22:21Z</time>
      </trkpt>
      <trkpt lat="36.708743830928654" lon="117.2106636320798">
        <ele>75.3</ele>
        <time>2023-06-11T01:22:22Z</time>
      </trkpt>
      <trkpt lat="36.70874077526339" lon="117.21067819774419">
        <ele>75.3</ele>
        <time>2023-06-11T01:22:23Z</time>
      </trkpt>
      <trkpt lat="36.70873768938986" lon="117.21069283715022">
        <ele>75.3</ele>
        <time>2023-06-11T01:22:24Z</time>
      </trkpt>
      <trkpt lat="36.708734508498075" lon="117.21070752101822">
        <ele>75.3</ele>
        <time>2023-06-11T01:22:25Z</time>
      </trkpt>
      <trkpt lat="36.708731238156304" lon="117.21072224710903">
        <ele>75.3</ele>
        <time>2023-06-11T01:22:26Z</time>
      </trkpt>
      <trkpt lat="36.70872778556643" lon="117.21073695381254">
        <ele>75.3</ele>
        <time>2023-06-11T01:22:27Z</time>
      </trkpt>
      <trkpt lat="36.70872422502586" lon="117.21075167892585">
        <ele>75.3</ele>
        <time>2023-06-11T01:22:28Z</time>
      </trkpt>
      <trkpt lat="36.7087205268186" lon="117.21076639154877">
        <ele>75.3</ele>
        <time>2023-06-11T01:22:29Z</time>
      </trkpt>
      <trkpt lat="36.708716770948755" lon="117.21078113942659">
        <ele>75.3</ele>
        <time>2023-06-11T01:22:30Z</time>
      </trkpt>
      <trkpt lat="36.70871296715933" lon="117.21079592610236">
        <ele>75.3</ele>
        <time>2023-06-11T01:22:31Z</time>
      </trkpt>
      <trkpt lat="36.70870907375496" lon="117.21081073616017">
        <ele>75.3</ele>
        <time>2023-06-11T01:22:32Z</time>
      </trkpt>
      <trkpt lat="36.70870515716816" lon="117.21082560889015">
        <ele>75.3</ele>
        <time>2023-06-11T01:22:33Z</time>
      </trkpt>
      <trkpt lat="36.70870120872876" lon="117.21084054062455">
        <ele>75.3</ele>
        <time>2023-06-11T01:22:34Z</time>
      </trkpt>
      <trkpt lat="36.70869733268534" lon="117.2108555749396">
        <ele>75.3</ele>
        <time>2023-06-11T01:22:35Z</time>
      </trkpt>
      <trkpt lat="36.708693570125966" lon="117.21087071052465">
        <ele>75.3</ele>
        <time>2023-06-11T01:22:36Z</time>
      </trkpt>
      <trkpt lat="36.708689919375736" lon="117.21088592996934">
        <ele>75.3</ele>
        <time>2023-06-11T01:22:37Z</time>
      </trkpt>
      <trkpt lat="36.70868656371696" lon="117.21090156641237">
        <ele>75.3</ele>
        <time>2023-06-11T01:22:38Z</time>
      </trkpt>
      <trkpt lat="36.70868344948531" lon="117.21091756433256">
        <ele>75.2</ele>
        <time>2023-06-11T01:22:39Z</time>
      </trkpt>
      <trkpt lat="36.70868084944145" lon="117.21093385983957">
        <ele>75.2</ele>
        <time>2023-06-11T01:22:40Z</time>
      </trkpt>
      <trkpt lat="36.70867878824615" lon="117.21095034256103">
        <ele>75.2</ele>
        <time>2023-06-11T01:22:41Z</time>
      </trkpt>
      <trkpt lat="36.70867710809541" lon="117.21096700816202">
        <ele>75.2</ele>
        <time>2023-06-11T01:22:42Z</time>
      </trkpt>
      <trkpt lat="36.70867565884208" lon="117.21098383769444">
        <ele>75.2</ele>
        <time>2023-06-11T01:22:43Z</time>
      </trkpt>
      <trkpt lat="36.708674364015074" lon="117.21100078285313">
        <ele>75.2</ele>
        <time>2023-06-11T01:22:44Z</time>
      </trkpt>
      <trkpt lat="36.708673119997066" lon="117.21101785167085">
        <ele>75.2</ele>
        <time>2023-06-11T01:22:45Z</time>
      </trkpt>
      <trkpt lat="36.70867179178749" lon="117.21103497470817">
        <ele>75.2</ele>
        <time>2023-06-11T01:22:46Z</time>
      </trkpt>
      <trkpt lat="36.70867037580006" lon="117.21105216303333">
        <ele>75.2</ele>
        <time>2023-06-11T01:22:47Z</time>
      </trkpt>
      <trkpt lat="36.708668896155764" lon="117.21106942136913">
        <ele>75.2</ele>
        <time>2023-06-11T01:22:48Z</time>
      </trkpt>
      <trkpt lat="36.70866731322432" lon="117.21108646406755">
        <ele>75</ele>
        <time>2023-06-11T01:22:49Z</time>
      </trkpt>
      <trkpt lat="36.70866525099743" lon="117.21110313112204">
        <ele>75</ele>
        <time>2023-06-11T01:22:50Z</time>
      </trkpt>
      <trkpt lat="36.70866248378837" lon="117.21111947820951">
        <ele>75</ele>
        <time>2023-06-11T01:22:51Z</time>
      </trkpt>
      <trkpt lat="36.70865879821917" lon="117.2111354960279">
        <ele>75</ele>
        <time>2023-06-11T01:22:52Z</time>
      </trkpt>
      <trkpt lat="36.70865407198216" lon="117.21115085398438">
        <ele>75</ele>
        <time>2023-06-11T01:22:53Z</time>
      </trkpt>
      <trkpt lat="36.70864842334075" lon="117.21116554777626">
        <ele>75</ele>
        <time>2023-06-11T01:22:54Z</time>
      </trkpt>
      <trkpt lat="36.70864188438226" lon="117.21117951596784">
        <ele>75</ele>
        <time>2023-06-11T01:22:55Z</time>
      </trkpt>
      <trkpt lat="36.70863463781479" lon="117.21119277184583">
        <ele>75</ele>
        <time>2023-06-11T01:22:56Z</time>
      </trkpt>
      <trkpt lat="36.70862663077834" lon="117.21120507385115">
        <ele>75</ele>
        <time>2023-06-11T01:22:57Z</time>
      </trkpt>
      <trkpt lat="36.70861789158154" lon="117.21121644567212">
        <ele>75</ele>
        <time>2023-06-11T01:22:58Z</time>
      </trkpt>
      <trkpt lat="36.7086083965502" lon="117.2112268917895">
        <ele>74</ele>
        <time>2023-06-11T01:22:59Z</time>
      </trkpt>
      <trkpt lat="36.708598089493584" lon="117.2112363680636">
        <ele>74.9</ele>
        <time>2023-06-11T01:23:00Z</time>
      </trkpt>
      <trkpt lat="36.70858734891206" lon="117.21124503729932">
        <ele>74.9</ele>
        <time>2023-06-11T01:23:01Z</time>
      </trkpt>
      <trkpt lat="36.70857613968391" lon="117.21125290348088">
        <ele>74.9</ele>
        <time>2023-06-11T01:23:02Z</time>
      </trkpt>
      <trkpt lat="36.70856454772147" lon="117.21125989248182">
        <ele>74.9</ele>
        <time>2023-06-11T01:23:03Z</time>
      </trkpt>
      <trkpt lat="36.7085528484472" lon="117.21126614087873">
        <ele>74.9</ele>
        <time>2023-06-11T01:23:04Z</time>
      </trkpt>
      <trkpt lat="36.708541038218534" lon="117.21127152213829">
        <ele>74.9</ele>
        <time>2023-06-11T01:23:05Z</time>
      </trkpt>
      <trkpt lat="36.708529123103" lon="117.2112761171552">
        <ele>74.9</ele>
        <time>2023-06-11T01:23:06Z</time>
      </trkpt>
      <trkpt lat="36.70851709279293" lon="117.21127993158926">
        <ele>74.9</ele>
        <time>2023-06-11T01:23:07Z</time>
      </trkpt>
      <trkpt lat="36.70850504337323" lon="117.21128302686276">
        <ele>74.9</ele>
        <time>2023-06-11T01:23:08Z</time>
      </trkpt>
      <trkpt lat="36.70849295535182" lon="117.21128552739832">
        <ele>74.9</ele>
        <time>2023-06-11T01:23:09Z</time>
      </trkpt>
      <trkpt lat="36.70848083402549" lon="117.21128742175453">
        <ele>74.9</ele>
        <time>2023-06-11T01:23:10Z</time>
      </trkpt>
      <trkpt lat="36.7084687393057" lon="117.2112886578809">
        <ele>74.9</ele>
        <time>2023-06-11T01:23:11Z</time>
      </trkpt>
      <trkpt lat="36.708456683148675" lon="117.21128912833092">
        <ele>74.9</ele>
        <time>2023-06-11T01:23:12Z</time>
      </trkpt>
      <trkpt lat="36.70844470115714" lon="117.21128877272474">
        <ele>74.9</ele>
        <time>2023-06-11T01:23:13Z</time>
      </trkpt>
      <trkpt lat="36.70843281519633" lon="117.2112877294703">
        <ele>74.9</ele>
        <time>2023-06-11T01:23:14Z</time>
      </trkpt>
      <trkpt lat="36.70842099656501" lon="117.2112862200523">
        <ele>74.9</ele>
        <time>2023-06-11T01:23:15Z</time>
      </trkpt>
      <trkpt lat="36.708409202077576" lon="117.21128453827131">
        <ele>74.9</ele>
        <time>2023-06-11T01:23:16Z</time>
      </trkpt>
      <trkpt lat="36.70839739154259" lon="117.21128282608652">
        <ele>74.9</ele>
        <time>2023-06-11T01:23:17Z</time>
      </trkpt>
      <trkpt lat="36.708385539743375" lon="117.21128120145433">
        <ele>74.9</ele>
        <time>2023-06-11T01:23:18Z</time>
      </trkpt>
      <trkpt lat="36.70837361282345" lon="117.21127995326225">
        <ele>75.5</ele>
        <time>2023-06-11T01:23:19Z</time>
      </trkpt>
      <trkpt lat="36.70836160306133" lon="117.211278932406">
        <ele>75.5</ele>
        <time>2023-06-11T01:23:20Z</time>
      </trkpt>
      <trkpt lat="36.70834946764618" lon="117.21127811333486">
        <ele>75.5</ele>
        <time>2023-06-11T01:23:21Z</time>
      </trkpt>
      <trkpt lat="36.70833718621152" lon="117.21127750245562">
        <ele>75.5</ele>
        <time>2023-06-11T01:23:22Z</time>
      </trkpt>
      <trkpt lat="36.70832476075709" lon="117.21127720087111">
        <ele>75.5</ele>
        <time>2023-06-11T01:23:23Z</time>
      </trkpt>
      <trkpt lat="36.70831220330851" lon="117.21127720348132">
        <ele>75.5</ele>
        <time>2023-06-11T01:23:24Z</time>
      </trkpt>
      <trkpt lat="36.708299525056816" lon="117.21127750978755">
        <ele>75.5</ele>
        <time>2023-06-11T01:23:25Z</time>
      </trkpt>
      <trkpt lat="36.70828679870986" lon="117.21127807861902">
        <ele>75.5</ele>
        <time>2023-06-11T01:23:26Z</time>
      </trkpt>
      <trkpt lat="36.70827408927057" lon="117.211278948084">
        <ele>75.5</ele>
        <time>2023-06-11T01:23:27Z</time>
      </trkpt>
      <trkpt lat="36.70826142778878" lon="117.21128000930355">
        <ele>75.5</ele>
        <time>2023-06-11T01:23:28Z</time>
      </trkpt>
      <trkpt lat="36.708248842603744" lon="117.21128118784611">
        <ele>75.9</ele>
        <time>2023-06-11T01:23:29Z</time>
      </trkpt>
      <trkpt lat="36.708236343256736" lon="117.21128235064761">
        <ele>75.9</ele>
        <time>2023-06-11T01:23:30Z</time>
      </trkpt>
      <trkpt lat="36.70822392302072" lon="117.2112835451513">
        <ele>75.9</ele>
        <time>2023-06-11T01:23:31Z</time>
      </trkpt>
      <trkpt lat="36.70821164170982" lon="117.21128488575978">
        <ele>75.9</ele>
        <time>2023-06-11T01:23:32Z</time>
      </trkpt>
      <trkpt lat="36.708199543256875" lon="117.2112866192564">
        <ele>75.9</ele>
        <time>2023-06-11T01:23:33Z</time>
      </trkpt>
      <trkpt lat="36.708187659008615" lon="117.21128887099032">
        <ele>75.9</ele>
        <time>2023-06-11T01:23:34Z</time>
      </trkpt>
      <trkpt lat="36.70817595839675" lon="117.21129172478211">
        <ele>75.9</ele>
        <time>2023-06-11T01:23:35Z</time>
      </trkpt>
      <trkpt lat="36.70816453091993" lon="117.21129532624464">
        <ele>75.9</ele>
        <time>2023-06-11T01:23:36Z</time>
      </trkpt>
      <trkpt lat="36.708153275890645" lon="117.21129959281534">
        <ele>75.9</ele>
        <time>2023-06-11T01:23:37Z</time>
      </trkpt>
      <trkpt lat="36.70814211725918" lon="117.21130432907417">
        <ele>75.9</ele>
        <time>2023-06-11T01:23:38Z</time>
      </trkpt>
      <trkpt lat="36.708130977209535" lon="117.21130939481621">
        <ele>75.5</ele>
        <time>2023-06-11T01:23:39Z</time>
      </trkpt>
      <trkpt lat="36.708119793774216" lon="117.21131465294384">
        <ele>75.5</ele>
        <time>2023-06-11T01:23:40Z</time>
      </trkpt>
      <trkpt lat="36.708108588248635" lon="117.2113201427516">
        <ele>75.5</ele>
        <time>2023-06-11T01:23:41Z</time>
      </trkpt>
      <trkpt lat="36.70809729280426" lon="117.21132561658852">
        <ele>75.5</ele>
        <time>2023-06-11T01:23:42Z</time>
      </trkpt>
      <trkpt lat="36.708085873864505" lon="117.21133086429377">
        <ele>75.5</ele>
        <time>2023-06-11T01:23:43Z</time>
      </trkpt>
      <trkpt lat="36.708074291999566" lon="117.21133580796189">
        <ele>75.5</ele>
        <time>2023-06-11T01:23:44Z</time>
      </trkpt>
      <trkpt lat="36.708062505390046" lon="117.21134040195847">
        <ele>75.5</ele>
        <time>2023-06-11T01:23:45Z</time>
      </trkpt>
      <trkpt lat="36.708050519748674" lon="117.21134464230364">
        <ele>75.5</ele>
        <time>2023-06-11T01:23:46Z</time>
      </trkpt>
      <trkpt lat="36.70803824332558" lon="117.2113483070295">
        <ele>75.5</ele>
        <time>2023-06-11T01:23:47Z</time>
      </trkpt>
      <trkpt lat="36.70802576299944" lon="117.21135144748611">
        <ele>75.5</ele>
        <time>2023-06-11T01:23:48Z</time>
      </trkpt>
      <trkpt lat="36.70801316276859" lon="117.21135382402689">
        <ele>75.8</ele>
        <time>2023-06-11T01:23:49Z</time>
      </trkpt>
      <trkpt lat="36.70800053522097" lon="117.21135549757675">
        <ele>75.8</ele>
        <time>2023-06-11T01:23:50Z</time>
      </trkpt>
      <trkpt lat="36.707987950433356" lon="117.2113565534372">
        <ele>75.8</ele>
        <time>2023-06-11T01:23:51Z</time>
      </trkpt>
      <trkpt lat="36.70797540280675" lon="117.21135699695631">
        <ele>75.8</ele>
        <time>2023-06-11T01:23:52Z</time>
      </trkpt>
      <trkpt lat="36.70796295210228" lon="117.21135702772135">
        <ele>75.8</ele>
        <time>2023-06-11T01:23:53Z</time>
      </trkpt>
      <trkpt lat="36.70795061605493" lon="117.21135683699238">
        <ele>75.8</ele>
        <time>2023-06-11T01:23:54Z</time>
      </trkpt>
      <trkpt lat="36.70793839152108" lon="117.21135643397223">
        <ele>75.8</ele>
        <time>2023-06-11T01:23:55Z</time>
      </trkpt>
      <trkpt lat="36.707926269259275" lon="117.21135582674513">
        <ele>75.8</ele>
        <time>2023-06-11T01:23:56Z</time>
      </trkpt>
      <trkpt lat="36.707914239007344" lon="117.21135508893202">
        <ele>75.8</ele>
        <time>2023-06-11T01:23:57Z</time>
      </trkpt>
      <trkpt lat="36.707902297070234" lon="117.21135437995981">
        <ele>75.8</ele>
        <time>2023-06-11T01:23:58Z</time>
      </trkpt>
      <trkpt lat="36.70789041300894" lon="117.21135374957507">
        <ele>76</ele>
        <time>2023-06-11T01:23:59Z</time>
      </trkpt>
      <trkpt lat="36.7078785609846" lon="117.21135346415481">
        <ele>76.2</ele>
        <time>2023-06-11T01:24:00Z</time>
      </trkpt>
      <trkpt lat="36.707866710936806" lon="117.2113534793068">
        <ele>76.2</ele>
        <time>2023-06-11T01:24:01Z</time>
      </trkpt>
      <trkpt lat="36.707854859699914" lon="117.21135379577755">
        <ele>76.2</ele>
        <time>2023-06-11T01:24:02Z</time>
      </trkpt>
      <trkpt lat="36.707842998900816" lon="117.21135432602021">
        <ele>76.2</ele>
        <time>2023-06-11T01:24:03Z</time>
      </trkpt>
      <trkpt lat="36.70783112509431" lon="117.21135507115439">
        <ele>76.2</ele>
        <time>2023-06-11T01:24:04Z</time>
      </trkpt>
      <trkpt lat="36.70781922289619" lon="117.21135591615096">
        <ele>76.2</ele>
        <time>2023-06-11T01:24:05Z</time>
      </trkpt>
      <trkpt lat="36.7078072807703" lon="117.21135679298759">
        <ele>76.2</ele>
        <time>2023-06-11T01:24:06Z</time>
      </trkpt>
      <trkpt lat="36.70779529044766" lon="117.21135759620996">
        <ele>76.2</ele>
        <time>2023-06-11T01:24:07Z</time>
      </trkpt>
      <trkpt lat="36.70778325546993" lon="117.21135824510955">
        <ele>76.2</ele>
        <time>2023-06-11T01:24:08Z</time>
      </trkpt>
      <trkpt lat="36.707771180111976" lon="117.21135859232207">
        <ele>76.5</ele>
        <time>2023-06-11T01:24:09Z</time>
      </trkpt>
      <trkpt lat="36.70775906978566" lon="117.21135863747386">
        <ele>76.5</ele>
        <time>2023-06-11T01:24:10Z</time>
      </trkpt>
      <trkpt lat="36.707746928007374" lon="117.21135828853988">
        <ele>76.5</ele>
        <time>2023-06-11T01:24:11Z</time>
      </trkpt>
      <trkpt lat="36.70773475714776" lon="117.21135770519503">
        <ele>76.5</ele>
        <time>2023-06-11T01:24:12Z</time>
      </trkpt>
      <trkpt lat="36.70772253861214" lon="117.21135701366443">
        <ele>76.5</ele>
        <time>2023-06-11T01:24:13Z</time>
      </trkpt>
      <trkpt lat="36.7077102638075" lon="117.21135633867978">
        <ele>76.5</ele>
        <time>2023-06-11T01:24:14Z</time>
      </trkpt>
      <trkpt lat="36.707697929424064" lon="117.21135576791362">
        <ele>76.5</ele>
        <time>2023-06-11T01:24:15Z</time>
      </trkpt>
      <trkpt lat="36.70768555199051" lon="117.21135536130444">
        <ele>76.5</ele>
        <time>2023-06-11T01:24:16Z</time>
      </trkpt>
      <trkpt lat="36.707673112165345" lon="117.2113551459644">
        <ele>76.5</ele>
        <time>2023-06-11T01:24:17Z</time>
      </trkpt>
      <trkpt lat="36.70766059742285" lon="117.21135509192482">
        <ele>76.5</ele>
        <time>2023-06-11T01:24:18Z</time>
      </trkpt>
      <trkpt lat="36.707647998214426" lon="117.21135518326892">
        <ele>76.7</ele>
        <time>2023-06-11T01:24:19Z</time>
      </trkpt>
      <trkpt lat="36.70763530338473" lon="117.21135540258791">
        <ele>76.7</ele>
        <time>2023-06-11T01:24:20Z</time>
      </trkpt>
      <trkpt lat="36.7076225225998" lon="117.21135574863716">
        <ele>76.7</ele>
        <time>2023-06-11T01:24:21Z</time>
      </trkpt>
      <trkpt lat="36.707609658891904" lon="117.21135619629605">
        <ele>76.7</ele>
        <time>2023-06-11T01:24:22Z</time>
      </trkpt>
      <trkpt lat="36.70759673224138" lon="117.2113566673413">
        <ele>76.7</ele>
        <time>2023-06-11T01:24:23Z</time>
      </trkpt>
      <trkpt lat="36.70758378345944" lon="117.21135702024931">
        <ele>76.7</ele>
        <time>2023-06-11T01:24:24Z</time>
      </trkpt>
      <trkpt lat="36.70757084508593" lon="117.21135721460013">
        <ele>76.7</ele>
        <time>2023-06-11T01:24:25Z</time>
      </trkpt>
      <trkpt lat="36.70755793957282" lon="117.2113571244169">
        <ele>76.7</ele>
        <time>2023-06-11T01:24:26Z</time>
      </trkpt>
      <trkpt lat="36.70754505954738" lon="117.21135678738084">
        <ele>76.7</ele>
        <time>2023-06-11T01:24:27Z</time>
      </trkpt>
      <trkpt lat="36.707532236129005" lon="117.21135617227462">
        <ele>76.7</ele>
        <time>2023-06-11T01:24:28Z</time>
      </trkpt>
      <trkpt lat="36.70751946612926" lon="117.21135532013662">
        <ele>76.9</ele>
        <time>2023-06-11T01:24:29Z</time>
      </trkpt>
      <trkpt lat="36.70750674093644" lon="117.21135429526073">
        <ele>76.9</ele>
        <time>2023-06-11T01:24:30Z</time>
      </trkpt>
      <trkpt lat="36.70749406209028" lon="117.21135340244734">
        <ele>76.9</ele>
        <time>2023-06-11T01:24:31Z</time>
      </trkpt>
      <trkpt lat="36.70748142768071" lon="117.21135276779539">
        <ele>76.9</ele>
        <time>2023-06-11T01:24:32Z</time>
      </trkpt>
      <trkpt lat="36.707468837055636" lon="117.2113524746246">
        <ele>76.9</ele>
        <time>2023-06-11T01:24:33Z</time>
      </trkpt>
      <trkpt lat="36.70745628564379" lon="117.21135258436821">
        <ele>76.9</ele>
        <time>2023-06-11T01:24:34Z</time>
      </trkpt>
      <trkpt lat="36.70744375832274" lon="117.21135316915537">
        <ele>76.9</ele>
        <time>2023-06-11T01:24:35Z</time>
      </trkpt>
      <trkpt lat="36.70743119843809" lon="117.21135398214254">
        <ele>76.9</ele>
        <time>2023-06-11T01:24:36Z</time>
      </trkpt>
      <trkpt lat="36.707418581489755" lon="117.21135496687408">
        <ele>76.9</ele>
        <time>2023-06-11T01:24:37Z</time>
      </trkpt>
      <trkpt lat="36.70740589404591" lon="117.21135604040498">
        <ele>76.9</ele>
        <time>2023-06-11T01:24:38Z</time>
      </trkpt>
      <trkpt lat="36.70739314306431" lon="117.21135720509722">
        <ele>77.1</ele>
        <time>2023-06-11T01:24:39Z</time>
      </trkpt>
      <trkpt lat="36.70738033448137" lon="117.21135831955547">
        <ele>77.1</ele>
        <time>2023-06-11T01:24:40Z</time>
      </trkpt>
      <trkpt lat="36.70736748144021" lon="117.21135935467854">
        <ele>77.1</ele>
        <time>2023-06-11T01:24:41Z</time>
      </trkpt>
      <trkpt lat="36.707354599747994" lon="117.21136004098169">
        <ele>77.1</ele>
        <time>2023-06-11T01:24:42Z</time>
      </trkpt>
      <trkpt lat="36.70734169464019" lon="117.21136026629374">
        <ele>77.1</ele>
        <time>2023-06-11T01:24:43Z</time>
      </trkpt>
      <trkpt lat="36.707328768604846" lon="117.21136011816218">
        <ele>77.1</ele>
        <time>2023-06-11T01:24:44Z</time>
      </trkpt>
      <trkpt lat="36.70731582602516" lon="117.2113596107633">
        <ele>77.1</ele>
        <time>2023-06-11T01:24:45Z</time>
      </trkpt>
      <trkpt lat="36.7073028566481" lon="117.21135869945385">
        <ele>77.1</ele>
        <time>2023-06-11T01:24:46Z</time>
      </trkpt>
      <trkpt lat="36.70728990929186" lon="117.21135757822614">
        <ele>77.1</ele>
        <time>2023-06-11T01:24:47Z</time>
      </trkpt>
      <trkpt lat="36.70727701046772" lon="117.21135626672567">
        <ele>77.1</ele>
        <time>2023-06-11T01:24:48Z</time>
      </trkpt>
      <trkpt lat="36.70726417803256" lon="117.2113548221549">
        <ele>77.2</ele>
        <time>2023-06-11T01:24:49Z</time>
      </trkpt>
      <trkpt lat="36.707251412145474" lon="117.21135315435444">
        <ele>77.2</ele>
        <time>2023-06-11T01:24:50Z</time>
      </trkpt>
      <trkpt lat="36.70723873529869" lon="117.21135142548417">
        <ele>77.2</ele>
        <time>2023-06-11T01:24:51Z</time>
      </trkpt>
      <trkpt lat="36.70722614032177" lon="117.21134967608542">
        <ele>77.2</ele>
        <time>2023-06-11T01:24:52Z</time>
      </trkpt>
      <trkpt lat="36.70721360330112" lon="117.2113481367201">
        <ele>77.2</ele>
        <time>2023-06-11T01:24:53Z</time>
      </trkpt>
      <trkpt lat="36.70720110650315" lon="117.21134686994222">
        <ele>77.2</ele>
        <time>2023-06-11T01:24:54Z</time>
      </trkpt>
      <trkpt lat="36.7071886446407" lon="117.21134592027242">
        <ele>77.2</ele>
        <time>2023-06-11T01:24:55Z</time>
      </trkpt>
      <trkpt lat="36.70717619934821" lon="117.21134526470667">
        <ele>77.2</ele>
        <time>2023-06-11T01:24:56Z</time>
      </trkpt>
      <trkpt lat="36.70716377944949" lon="117.21134490535803">
        <ele>77.2</ele>
        <time>2023-06-11T01:24:57Z</time>
      </trkpt>
      <trkpt lat="36.70715135032041" lon="117.21134487692635">
        <ele>77.2</ele>
        <time>2023-06-11T01:24:58Z</time>
      </trkpt>
      <trkpt lat="36.707138890786965" lon="117.21134517046018">
        <ele>77.5</ele>
        <time>2023-06-11T01:24:59Z</time>
      </trkpt>
      <trkpt lat="36.70712640177767" lon="117.21134570500259">
        <ele>77.5</ele>
        <time>2023-06-11T01:25:00Z</time>
      </trkpt>
      <trkpt lat="36.7071138714302" lon="117.21134647607805">
        <ele>77.5</ele>
        <time>2023-06-11T01:25:01Z</time>
      </trkpt>
      <trkpt lat="36.707101290221225" lon="117.21134746814288">
        <ele>77.5</ele>
        <time>2023-06-11T01:25:02Z</time>
      </trkpt>
      <trkpt lat="36.70708866446743" lon="117.21134861192913">
        <ele>77.5</ele>
        <time>2023-06-11T01:25:03Z</time>
      </trkpt>
      <trkpt lat="36.707076024579166" lon="117.21134973358126">
        <ele>77.5</ele>
        <time>2023-06-11T01:25:04Z</time>
      </trkpt>
      <trkpt lat="36.70706334265046" lon="117.21135079044777">
        <ele>77.5</ele>
        <time>2023-06-11T01:25:05Z</time>
      </trkpt>
      <trkpt lat="36.70705061416083" lon="117.21135169112631">
        <ele>77.5</ele>
        <time>2023-06-11T01:25:06Z</time>
      </trkpt>
      <trkpt lat="36.70703782861249" lon="117.21135236162525">
        <ele>77.5</ele>
        <time>2023-06-11T01:25:07Z</time>
      </trkpt>
      <trkpt lat="36.70702499160969" lon="117.21135278465827">
        <ele>77.5</ele>
        <time>2023-06-11T01:25:08Z</time>
      </trkpt>
      <trkpt lat="36.70701215300376" lon="117.21135298981683">
        <ele>77.6</ele>
        <time>2023-06-11T01:25:09Z</time>
      </trkpt>
      <trkpt lat="36.70699928315265" lon="117.21135292860484">
        <ele>77.6</ele>
        <time>2023-06-11T01:25:10Z</time>
      </trkpt>
      <trkpt lat="36.706986380361414" lon="117.21135267538838">
        <ele>77.6</ele>
        <time>2023-06-11T01:25:11Z</time>
      </trkpt>
      <trkpt lat="36.706973433391326" lon="117.21135234781104">
        <ele>77.6</ele>
        <time>2023-06-11T01:25:12Z</time>
      </trkpt>
      <trkpt lat="36.70696047055323" lon="117.21135197248216">
        <ele>77.6</ele>
        <time>2023-06-11T01:25:13Z</time>
      </trkpt>
      <trkpt lat="36.70694750629945" lon="117.21135163259537">
        <ele>77.6</ele>
        <time>2023-06-11T01:25:14Z</time>
      </trkpt>
      <trkpt lat="36.70693456927728" lon="117.21135133324606">
        <ele>77.6</ele>
        <time>2023-06-11T01:25:15Z</time>
      </trkpt>
      <trkpt lat="36.70692170181859" lon="117.21135106709235">
        <ele>77.6</ele>
        <time>2023-06-11T01:25:16Z</time>
      </trkpt>
      <trkpt lat="36.706908890482076" lon="117.21135078675546">
        <ele>77.6</ele>
        <time>2023-06-11T01:25:17Z</time>
      </trkpt>
      <trkpt lat="36.706896178015846" lon="117.21135055577734">
        <ele>77.6</ele>
        <time>2023-06-11T01:25:18Z</time>
      </trkpt>
      <trkpt lat="36.706883563190985" lon="117.21135040960003">
        <ele>77.7</ele>
        <time>2023-06-11T01:25:19Z</time>
      </trkpt>
      <trkpt lat="36.70687103003096" lon="117.21135034735485">
        <ele>77.7</ele>
        <time>2023-06-11T01:25:20Z</time>
      </trkpt>
      <trkpt lat="36.7068586122467" lon="117.2113505825601">
        <ele>77.7</ele>
        <time>2023-06-11T01:25:21Z</time>
      </trkpt>
      <trkpt lat="36.706846317707466" lon="117.21135112043794">
        <ele>77.7</ele>
        <time>2023-06-11T01:25:22Z</time>
      </trkpt>
      <trkpt lat="36.70683415316835" lon="117.21135183936572">
        <ele>77.7</ele>
        <time>2023-06-11T01:25:23Z</time>
      </trkpt>
      <trkpt lat="36.706822110729256" lon="117.21135269594353">
        <ele>77.7</ele>
        <time>2023-06-11T01:25:24Z</time>
      </trkpt>
      <trkpt lat="36.70681019562513" lon="117.21135355561576">
        <ele>77.7</ele>
        <time>2023-06-11T01:25:25Z</time>
      </trkpt>
      <trkpt lat="36.706798373763476" lon="117.21135440619928">
        <ele>77.7</ele>
        <time>2023-06-11T01:25:26Z</time>
      </trkpt>
      <trkpt lat="36.706786678171625" lon="117.21135522020722">
        <ele>77.7</ele>
        <time>2023-06-11T01:25:27Z</time>
      </trkpt>
      <trkpt lat="36.70677514678759" lon="117.21135601069287">
        <ele>77.7</ele>
        <time>2023-06-11T01:25:28Z</time>
      </trkpt>
      <trkpt lat="36.70676376993518" lon="117.2113566820263">
        <ele>78.3</ele>
        <time>2023-06-11T01:25:29Z</time>
      </trkpt>
      <trkpt lat="36.70675254878081" lon="117.21135713260715">
        <ele>78.3</ele>
        <time>2023-06-11T01:25:30Z</time>
      </trkpt>
      <trkpt lat="36.70674148002618" lon="117.21135727352014">
        <ele>78.3</ele>
        <time>2023-06-11T01:25:31Z</time>
      </trkpt>
      <trkpt lat="36.70673051893967" lon="117.21135701461102">
        <ele>78.3</ele>
        <time>2023-06-11T01:25:32Z</time>
      </trkpt>
      <trkpt lat="36.70671977244121" lon="117.21135630600023">
        <ele>78.3</ele>
        <time>2023-06-11T01:25:33Z</time>
      </trkpt>
      <trkpt lat="36.70670931951427" lon="117.21135513810322">
        <ele>78.3</ele>
        <time>2023-06-11T01:25:34Z</time>
      </trkpt>
      <trkpt lat="36.706699063584736" lon="117.211353511677">
        <ele>78.3</ele>
        <time>2023-06-11T01:25:35Z</time>
      </trkpt>
      <trkpt lat="36.706689190408156" lon="117.21135150032018">
        <ele>78.3</ele>
        <time>2023-06-11T01:25:36Z</time>
      </trkpt>
      <trkpt lat="36.70667972245619" lon="117.21134941281018">
        <ele>78.3</ele>
        <time>2023-06-11T01:25:37Z</time>
      </trkpt>
      <trkpt lat="36.70667053179589" lon="117.21134715763431">
        <ele>78.3</ele>
        <time>2023-06-11T01:25:38Z</time>
      </trkpt>
      <trkpt lat="36.7066620034794" lon="117.21134556632867">
        <ele>78</ele>
        <time>2023-06-11T01:25:39Z</time>
      </trkpt>
      <trkpt lat="36.70665420825396" lon="117.21134459660368">
        <ele>78</ele>
        <time>2023-06-11T01:25:40Z</time>
      </trkpt>
      <trkpt lat="36.70664736132403" lon="117.21134456231381">
        <ele>78</ele>
        <time>2023-06-11T01:25:41Z</time>
      </trkpt>
      <trkpt lat="36.706641702485214" lon="117.21134562870316">
        <ele>78</ele>
        <time>2023-06-11T01:25:42Z</time>
      </trkpt>
      <trkpt lat="36.70663720622427" lon="117.21134796527399">
        <ele>78</ele>
        <time>2023-06-11T01:25:43Z</time>
      </trkpt>
      <trkpt lat="36.70663370514098" lon="117.21135161146644">
        <ele>78</ele>
        <time>2023-06-11T01:25:44Z</time>
      </trkpt>
      <trkpt lat="36.70663100765482" lon="117.2113567228732">
        <ele>78</ele>
        <time>2023-06-11T01:25:45Z</time>
      </trkpt>
      <trkpt lat="36.70662913407274" lon="117.2113633673904">
        <ele>78</ele>
        <time>2023-06-11T01:25:46Z</time>
      </trkpt>
      <trkpt lat="36.70662766910975" lon="117.21137139608379">
        <ele>78</ele>
        <time>2023-06-11T01:25:47Z</time>
      </trkpt>
      <trkpt lat="36.70662615205395" lon="117.2113797688781">
        <ele>78</ele>
        <time>2023-06-11T01:25:48Z</time>
      </trkpt>
      <trkpt lat="36.706624528773666" lon="117.21138852209155">
        <ele>78.1</ele>
        <time>2023-06-11T01:25:49Z</time>
      </trkpt>
      <trkpt lat="36.70662237705765" lon="117.21139626719633">
        <ele>78.1</ele>
        <time>2023-06-11T01:25:50Z</time>
      </trkpt>
      <trkpt lat="36.70661960907442" lon="117.21140316561925">
        <ele>78.1</ele>
        <time>2023-06-11T01:25:51Z</time>
      </trkpt>
      <trkpt lat="36.70661610890468" lon="117.21140916452224">
        <ele>78.1</ele>
        <time>2023-06-11T01:25:52Z</time>
      </trkpt>
      <trkpt lat="36.70661248798283" lon="117.21141328128859">
        <ele>78.1</ele>
        <time>2023-06-11T01:25:53Z</time>
      </trkpt>
      <trkpt lat="36.706608920916175" lon="117.21141529180726">
        <ele>78.1</ele>
        <time>2023-06-11T01:25:54Z</time>
      </trkpt>
      <trkpt lat="36.70660544282314" lon="117.21141506997633">
        <ele>78.1</ele>
        <time>2023-06-11T01:25:55Z</time>
      </trkpt>
      <trkpt lat="36.70660285562132" lon="117.2114132800217">
        <ele>78.1</ele>
        <time>2023-06-11T01:25:56Z</time>
      </trkpt>
      <trkpt lat="36.70660125799705" lon="117.21140978687974">
        <ele>78.1</ele>
        <time>2023-06-11T01:25:57Z</time>
      </trkpt>
      <trkpt lat="36.70660111150006" lon="117.21140547144527">
        <ele>78.1</ele>
        <time>2023-06-11T01:25:58Z</time>
      </trkpt>
      <trkpt lat="36.7066029147552" lon="117.2114011464615">
        <ele>78.2</ele>
        <time>2023-06-11T01:25:59Z</time>
      </trkpt>
      <trkpt lat="36.70660685089122" lon="117.21139686227232">
        <ele>78.2</ele>
        <time>2023-06-11T01:26:00Z</time>
      </trkpt>
      <trkpt lat="36.70661291514282" lon="117.21139311357241">
        <ele>78.2</ele>
        <time>2023-06-11T01:26:01Z</time>
      </trkpt>
      <trkpt lat="36.70662116018281" lon="117.21138985036427">
        <ele>78.2</ele>
        <time>2023-06-11T01:26:02Z</time>
      </trkpt>
      <trkpt lat="36.706631497157694" lon="117.21138692517015">
        <ele>78.2</ele>
        <time>2023-06-11T01:26:03Z</time>
      </trkpt>
      <trkpt lat="36.706643101332766" lon="117.2113851924202">
        <ele>78.2</ele>
        <time>2023-06-11T01:26:04Z</time>
      </trkpt>
      <trkpt lat="36.706655885986805" lon="117.21138487149115">
        <ele>78.2</ele>
        <time>2023-06-11T01:26:05Z</time>
      </trkpt>
      <trkpt lat="36.70666983426348" lon="117.21138623945356">
        <ele>78.2</ele>
        <time>2023-06-11T01:26:06Z</time>
      </trkpt>
      <trkpt lat="36.70668430520916" lon="117.21138844726704">
        <ele>78.2</ele>
        <time>2023-06-11T01:26:07Z</time>
      </trkpt>
      <trkpt lat="36.7066992396597" lon="117.21139148200494">
        <ele>78.2</ele>
        <time>2023-06-11T01:26:08Z</time>
      </trkpt>
      <trkpt lat="36.70671439354821" lon="117.21139459245123">
        <ele>77.8</ele>
        <time>2023-06-11T01:26:09Z</time>
      </trkpt>
      <trkpt lat="36.70672966319556" lon="117.21139761384407">
        <ele>77.8</ele>
        <time>2023-06-11T01:26:10Z</time>
      </trkpt>
      <trkpt lat="36.70674495260958" lon="117.21140061036282">
        <ele>77.8</ele>
        <time>2023-06-11T01:26:11Z</time>
      </trkpt>
      <trkpt lat="36.70676024013066" lon="117.21140369368293">
        <ele>77.8</ele>
        <time>2023-06-11T01:26:12Z</time>
      </trkpt>
      <trkpt lat="36.706775469762306" lon="117.21140672527665">
        <ele>77.8</ele>
        <time>2023-06-11T01:26:13Z</time>
      </trkpt>
      <trkpt lat="36.70679061345488" lon="117.21140940345602">
        <ele>77.8</ele>
        <time>2023-06-11T01:26:14Z</time>
      </trkpt>
      <trkpt lat="36.706805617486694" lon="117.21141189573672">
        <ele>77.8</ele>
        <time>2023-06-11T01:26:15Z</time>
      </trkpt>
      <trkpt lat="36.70682047604675" lon="117.21141404754319">
        <ele>77.8</ele>
        <time>2023-06-11T01:26:16Z</time>
      </trkpt>
      <trkpt lat="36.70683548238811" lon="117.21141552419648">
        <ele>77.8</ele>
        <time>2023-06-11T01:26:17Z</time>
      </trkpt>
      <trkpt lat="36.70685050170324" lon="117.21141667913567">
        <ele>77.8</ele>
        <time>2023-06-11T01:26:18Z</time>
      </trkpt>
      <trkpt lat="36.70686548527311" lon="117.211417834825">
        <ele>77.8</ele>
        <time>2023-06-11T01:26:19Z</time>
      </trkpt>
      <trkpt lat="36.70688039270778" lon="117.21141888942043">
        <ele>77.8</ele>
        <time>2023-06-11T01:26:20Z</time>
      </trkpt>
      <trkpt lat="36.70689521157915" lon="117.21141987724597">
        <ele>77.8</ele>
        <time>2023-06-11T01:26:21Z</time>
      </trkpt>
      <trkpt lat="36.70690999395119" lon="117.21142073810677">
        <ele>77.8</ele>
        <time>2023-06-11T01:26:22Z</time>
      </trkpt>
      <trkpt lat="36.70692473952298" lon="117.21142141492285">
        <ele>77.8</ele>
        <time>2023-06-11T01:26:23Z</time>
      </trkpt>
      <trkpt lat="36.70693944628724" lon="117.2114215409646">
        <ele>77.8</ele>
        <time>2023-06-11T01:26:24Z</time>
      </trkpt>
      <trkpt lat="36.70695410800049" lon="117.21142139342531">
        <ele>77.8</ele>
        <time>2023-06-11T01:26:25Z</time>
      </trkpt>
      <trkpt lat="36.706968744732805" lon="117.211420929275">
        <ele>77.8</ele>
        <time>2023-06-11T01:26:26Z</time>
      </trkpt>
      <trkpt lat="36.7069833456453" lon="117.21142017985298">
        <ele>77.8</ele>
        <time>2023-06-11T01:26:27Z</time>
      </trkpt>
      <trkpt lat="36.70699765981016" lon="117.21141937860652">
        <ele>77.8</ele>
        <time>2023-06-11T01:26:28Z</time>
      </trkpt>
      <trkpt lat="36.70701176864512" lon="117.21141835801703">
        <ele>77.4</ele>
        <time>2023-06-11T01:26:29Z</time>
      </trkpt>
      <trkpt lat="36.70702574024896" lon="117.21141692333305">
        <ele>77.4</ele>
        <time>2023-06-11T01:26:30Z</time>
      </trkpt>
      <trkpt lat="36.70703961146856" lon="117.21141521196522">
        <ele>77.4</ele>
        <time>2023-06-11T01:26:31Z</time>
      </trkpt>
      <trkpt lat="36.707053409281514" lon="117.21141330387225">
        <ele>77.4</ele>
        <time>2023-06-11T01:26:32Z</time>
      </trkpt>
      <trkpt lat="36.707067129877316" lon="117.21141121820554">
        <ele>77.4</ele>
        <time>2023-06-11T01:26:33Z</time>
      </trkpt>
      <trkpt lat="36.707080810717564" lon="117.2114090528301">
        <ele>77.4</ele>
        <time>2023-06-11T01:26:34Z</time>
      </trkpt>
      <trkpt lat="36.70709443725586" lon="117.21140730119782">
        <ele>77.4</ele>
        <time>2023-06-11T01:26:35Z</time>
      </trkpt>
      <trkpt lat="36.707108014629625" lon="117.211405852257">
        <ele>77.4</ele>
        <time>2023-06-11T01:26:36Z</time>
      </trkpt>
      <trkpt lat="36.70712153458923" lon="117.2114046394774">
        <ele>77.4</ele>
        <time>2023-06-11T01:26:37Z</time>
      </trkpt>
      <trkpt lat="36.70713501996357" lon="117.21140355093476">
        <ele>77.4</ele>
        <time>2023-06-11T01:26:38Z</time>
      </trkpt>
      <trkpt lat="36.70714848020446" lon="117.21140251698783">
        <ele>77.2</ele>
        <time>2023-06-11T01:26:39Z</time>
      </trkpt>
      <trkpt lat="36.707161933181794" lon="117.21140155143829">
        <ele>77.2</ele>
        <time>2023-06-11T01:26:40Z</time>
      </trkpt>
      <trkpt lat="36.70717538117911" lon="117.21140075911921">
        <ele>77.2</ele>
        <time>2023-06-11T01:26:41Z</time>
      </trkpt>
      <trkpt lat="36.707188821801665" lon="117.21140021178513">
        <ele>77.2</ele>
        <time>2023-06-11T01:26:42Z</time>
      </trkpt>
      <trkpt lat="36.70720226496012" lon="117.21139992647191">
        <ele>77.2</ele>
        <time>2023-06-11T01:26:43Z</time>
      </trkpt>
      <trkpt lat="36.70721570265365" lon="117.21139989161522">
        <ele>77.2</ele>
        <time>2023-06-11T01:26:44Z</time>
      </trkpt>
      <trkpt lat="36.70722914570705" lon="117.2114000304853">
        <ele>77.2</ele>
        <time>2023-06-11T01:26:45Z</time>
      </trkpt>
      <trkpt lat="36.7072426317276" lon="117.21140031671405">
        <ele>77.2</ele>
        <time>2023-06-11T01:26:46Z</time>
      </trkpt>
      <trkpt lat="36.70725617481837" lon="117.21140078885068">
        <ele>77.2</ele>
        <time>2023-06-11T01:26:47Z</time>
      </trkpt>
      <trkpt lat="36.70726976926287" lon="117.21140140896685">
        <ele>77.2</ele>
        <time>2023-06-11T01:26:48Z</time>
      </trkpt>
      <trkpt lat="36.70728338276333" lon="117.21140223352447">
        <ele>76.9</ele>
        <time>2023-06-11T01:26:49Z</time>
      </trkpt>
      <trkpt lat="36.70729698560651" lon="117.2114032830459">
        <ele>76.9</ele>
        <time>2023-06-11T01:26:50Z</time>
      </trkpt>
      <trkpt lat="36.707310572289636" lon="117.21140451052459">
        <ele>76.9</ele>
        <time>2023-06-11T01:26:51Z</time>
      </trkpt>
      <trkpt lat="36.707324140421115" lon="117.21140579259827">
        <ele>76.9</ele>
        <time>2023-06-11T01:26:52Z</time>
      </trkpt>
      <trkpt lat="36.70733770748492" lon="117.21140695591066">
        <ele>76.9</ele>
        <time>2023-06-11T01:26:53Z</time>
      </trkpt>
      <trkpt lat="36.707351275883404" lon="117.21140789140006">
        <ele>76.9</ele>
        <time>2023-06-11T01:26:54Z</time>
      </trkpt>
      <trkpt lat="36.70736486561711" lon="117.2114085275587">
        <ele>76.9</ele>
        <time>2023-06-11T01:26:55Z</time>
      </trkpt>
      <trkpt lat="36.70737844189237" lon="117.21140877124685">
        <ele>76.9</ele>
        <time>2023-06-11T01:26:56Z</time>
      </trkpt>
      <trkpt lat="36.707391977197744" lon="117.21140865355702">
        <ele>76.9</ele>
        <time>2023-06-11T01:26:57Z</time>
      </trkpt>
      <trkpt lat="36.70740543929667" lon="117.21140823008064">
        <ele>76.9</ele>
        <time>2023-06-11T01:26:58Z</time>
      </trkpt>
      <trkpt lat="36.707418824633244" lon="117.21140758003376">
        <ele>76.7</ele>
        <time>2023-06-11T01:26:59Z</time>
      </trkpt>
      <trkpt lat="36.707432129663495" lon="117.21140677119159">
        <ele>76.7</ele>
        <time>2023-06-11T01:27:00Z</time>
      </trkpt>
      <trkpt lat="36.70744535444179" lon="117.21140584061258">
        <ele>76.7</ele>
        <time>2023-06-11T01:27:01Z</time>
      </trkpt>
      <trkpt lat="36.70745850409129" lon="117.21140480769594">
        <ele>76.7</ele>
        <time>2023-06-11T01:27:02Z</time>
      </trkpt>
      <trkpt lat="36.707471580445436" lon="117.21140363239832">
        <ele>76.7</ele>
        <time>2023-06-11T01:27:03Z</time>
      </trkpt>
      <trkpt lat="36.70748457682678" lon="117.21140239517973">
        <ele>76.7</ele>
        <time>2023-06-11T01:27:04Z</time>
      </trkpt>
      <trkpt lat="36.707497498832765" lon="117.21140110573944">
        <ele>76.7</ele>
        <time>2023-06-11T01:27:05Z</time>
      </trkpt>
      <trkpt lat="36.70751034405239" lon="117.21139985448553">
        <ele>76.7</ele>
        <time>2023-06-11T01:27:06Z</time>
      </trkpt>
      <trkpt lat="36.70752314855872" lon="117.21139879860179">
        <ele>76.7</ele>
        <time>2023-06-11T01:27:07Z</time>
      </trkpt>
      <trkpt lat="36.70753592931724" lon="117.21139805423616">
        <ele>76.7</ele>
        <time>2023-06-11T01:27:08Z</time>
      </trkpt>
      <trkpt lat="36.70754870141737" lon="117.21139773989961">
        <ele>76.7</ele>
        <time>2023-06-11T01:27:09Z</time>
      </trkpt>
      <trkpt lat="36.707561467701474" lon="117.21139779453232">
        <ele>76.7</ele>
        <time>2023-06-11T01:27:10Z</time>
      </trkpt>
      <trkpt lat="36.707574236873995" lon="117.21139826874675">
        <ele>76.7</ele>
        <time>2023-06-11T01:27:11Z</time>
      </trkpt>
      <trkpt lat="36.70758701511174" lon="117.21139912349399">
        <ele>76.7</ele>
        <time>2023-06-11T01:27:12Z</time>
      </trkpt>
      <trkpt lat="36.7075998517913" lon="117.21140021078298">
        <ele>76.7</ele>
        <time>2023-06-11T01:27:13Z</time>
      </trkpt>
      <trkpt lat="36.707612755547196" lon="117.21140151942055">
        <ele>76.7</ele>
        <time>2023-06-11T01:27:14Z</time>
      </trkpt>
      <trkpt lat="36.70762573087173" lon="117.21140306109578">
        <ele>76.7</ele>
        <time>2023-06-11T01:27:15Z</time>
      </trkpt>
      <trkpt lat="36.707638758434086" lon="117.21140483941716">
        <ele>76.7</ele>
        <time>2023-06-11T01:27:16Z</time>
      </trkpt>
      <trkpt lat="36.70765180362574" lon="117.21140681496728">
        <ele>76.7</ele>
        <time>2023-06-11T01:27:17Z</time>
      </trkpt>
      <trkpt lat="36.707664859294105" lon="117.21140890119416">
        <ele>76.7</ele>
        <time>2023-06-11T01:27:18Z</time>
      </trkpt>
      <trkpt lat="36.70767789361626" lon="117.21141089241426">
        <ele>76.5</ele>
        <time>2023-06-11T01:27:19Z</time>
      </trkpt>
      <trkpt lat="36.707690895601516" lon="117.21141261975151">
        <ele>76.5</ele>
        <time>2023-06-11T01:27:20Z</time>
      </trkpt>
      <trkpt lat="36.707703863317306" lon="117.21141425556551">
        <ele>76.5</ele>
        <time>2023-06-11T01:27:21Z</time>
      </trkpt>
      <trkpt lat="36.70771679741587" lon="117.21141574949145">
        <ele>76.5</ele>
        <time>2023-06-11T01:27:22Z</time>
      </trkpt>
      <trkpt lat="36.70772969752998" lon="117.21141716184276">
        <ele>76.5</ele>
        <time>2023-06-11T01:27:23Z</time>
      </trkpt>
      <trkpt lat="36.70774251117943" lon="117.21141860280599">
        <ele>76.5</ele>
        <time>2023-06-11T01:27:24Z</time>
      </trkpt>
      <trkpt lat="36.707755254357956" lon="117.21142015445523">
        <ele>76.5</ele>
        <time>2023-06-11T01:27:25Z</time>
      </trkpt>
      <trkpt lat="36.7077679446806" lon="117.21142164927909">
        <ele>76.5</ele>
        <time>2023-06-11T01:27:26Z</time>
      </trkpt>
      <trkpt lat="36.70778061230686" lon="117.21142309834194">
        <ele>76.5</ele>
        <time>2023-06-11T01:27:27Z</time>
      </trkpt>
      <trkpt lat="36.70779329962036" lon="117.21142451805416">
        <ele>76.5</ele>
        <time>2023-06-11T01:27:28Z</time>
      </trkpt>
      <trkpt lat="36.70780600452641" lon="117.21142600354933">
        <ele>76.2</ele>
        <time>2023-06-11T01:27:29Z</time>
      </trkpt>
      <trkpt lat="36.70781874812723" lon="117.21142764336746">
        <ele>76.2</ele>
        <time>2023-06-11T01:27:30Z</time>
      </trkpt>
      <trkpt lat="36.707831552918584" lon="117.21142951510492">
        <ele>76.2</ele>
        <time>2023-06-11T01:27:31Z</time>
      </trkpt>
      <trkpt lat="36.70784442765754" lon="117.21143147388442">
        <ele>76.2</ele>
        <time>2023-06-11T01:27:32Z</time>
      </trkpt>
      <trkpt lat="36.707857398065805" lon="117.21143336923066">
        <ele>76.2</ele>
        <time>2023-06-11T01:27:33Z</time>
      </trkpt>
      <trkpt lat="36.70787045699792" lon="117.21143508225892">
        <ele>76.2</ele>
        <time>2023-06-11T01:27:34Z</time>
      </trkpt>
      <trkpt lat="36.707883597844315" lon="117.21143655539254">
        <ele>76.2</ele>
        <time>2023-06-11T01:27:35Z</time>
      </trkpt>
      <trkpt lat="36.70789679401866" lon="117.21143775754527">
        <ele>76.2</ele>
        <time>2023-06-11T01:27:36Z</time>
      </trkpt>
      <trkpt lat="36.7079100011478" lon="117.21143869531313">
        <ele>76.2</ele>
        <time>2023-06-11T01:27:37Z</time>
      </trkpt>
      <trkpt lat="36.707923211973316" lon="117.21143957363776">
        <ele>76.2</ele>
        <time>2023-06-11T01:27:38Z</time>
      </trkpt>
      <trkpt lat="36.7079364429622" lon="117.21144043653977">
        <ele>76</ele>
        <time>2023-06-11T01:27:39Z</time>
      </trkpt>
      <trkpt lat="36.707949732357" lon="117.21144120877864">
        <ele>76</ele>
        <time>2023-06-11T01:27:40Z</time>
      </trkpt>
      <trkpt lat="36.70796309410856" lon="117.21144198138231">
        <ele>76</ele>
        <time>2023-06-11T01:27:41Z</time>
      </trkpt>
      <trkpt lat="36.70797653542896" lon="117.21144269552902">
        <ele>76</ele>
        <time>2023-06-11T01:27:42Z</time>
      </trkpt>
      <trkpt lat="36.70799004612214" lon="117.21144332933304">
        <ele>76</ele>
        <time>2023-06-11T01:27:43Z</time>
      </trkpt>
      <trkpt lat="36.70800361151819" lon="117.21144374998246">
        <ele>76</ele>
        <time>2023-06-11T01:27:44Z</time>
      </trkpt>
      <trkpt lat="36.70801722512994" lon="117.21144400821582">
        <ele>76</ele>
        <time>2023-06-11T01:27:45Z</time>
      </trkpt>
      <trkpt lat="36.7080308727891" lon="117.21144420588332">
        <ele>76</ele>
        <time>2023-06-11T01:27:46Z</time>
      </trkpt>
      <trkpt lat="36.70804451512622" lon="117.2114443183667">
        <ele>76</ele>
        <time>2023-06-11T01:27:47Z</time>
      </trkpt>
      <trkpt lat="36.708058167167835" lon="117.21144474447796">
        <ele>76</ele>
        <time>2023-06-11T01:27:48Z</time>
      </trkpt>
      <trkpt lat="36.708071804806664" lon="117.21144532379897">
        <ele>76</ele>
        <time>2023-06-11T01:27:49Z</time>
      </trkpt>
      <trkpt lat="36.70808545272268" lon="117.21144595286171">
        <ele>76</ele>
        <time>2023-06-11T01:27:50Z</time>
      </trkpt>
      <trkpt lat="36.70809938406577" lon="117.21144646487201">
        <ele>76</ele>
        <time>2023-06-11T01:27:51Z</time>
      </trkpt>
      <trkpt lat="36.70811366550783" lon="117.21144681704342">
        <ele>76</ele>
        <time>2023-06-11T01:27:52Z</time>
      </trkpt>
      <trkpt lat="36.708128349764074" lon="117.21144698599078">
        <ele>76</ele>
        <time>2023-06-11T01:27:53Z</time>
      </trkpt>
      <trkpt lat="36.70814384041631" lon="117.21144690613191">
        <ele>76</ele>
        <time>2023-06-11T01:27:54Z</time>
      </trkpt>
      <trkpt lat="36.70816008772539" lon="117.21144675716867">
        <ele>76</ele>
        <time>2023-06-11T01:27:55Z</time>
      </trkpt>
      <trkpt lat="36.70817706459839" lon="117.21144650018033">
        <ele>76</ele>
        <time>2023-06-11T01:27:56Z</time>
      </trkpt>
      <trkpt lat="36.70819503263792" lon="117.21144597844697">
        <ele>76</ele>
        <time>2023-06-11T01:27:57Z</time>
      </trkpt>
      <trkpt lat="36.70821386893366" lon="117.21144522879237">
        <ele>76</ele>
        <time>2023-06-11T01:27:58Z</time>
      </trkpt>
      <trkpt lat="36.70823344668747" lon="117.21144414515413">
        <ele>76</ele>
        <time>2023-06-11T01:27:59Z</time>
      </trkpt>
      <trkpt lat="36.70825392997597" lon="117.21144284117612">
        <ele>76</ele>
        <time>2023-06-11T01:28:00Z</time>
      </trkpt>
      <trkpt lat="36.70827500994964" lon="117.21144144199685">
        <ele>76</ele>
        <time>2023-06-11T01:28:01Z</time>
      </trkpt>
      <trkpt lat="36.70829615319761" lon="117.21144017015214">
        <ele>76</ele>
        <time>2023-06-11T01:28:02Z</time>
      </trkpt>
      <trkpt lat="36.70831730627739" lon="117.211438983491">
        <ele>76</ele>
        <time>2023-06-11T01:28:03Z</time>
      </trkpt>
      <trkpt lat="36.70833819425236" lon="117.21143795951929">
        <ele>76</ele>
        <time>2023-06-11T01:28:04Z</time>
      </trkpt>
      <trkpt lat="36.70835846078872" lon="117.21143716878815">
        <ele>76</ele>
        <time>2023-06-11T01:28:05Z</time>
      </trkpt>
      <trkpt lat="36.70837785718486" lon="117.21143733359305">
        <ele>76</ele>
        <time>2023-06-11T01:28:06Z</time>
      </trkpt>
      <trkpt lat="36.70839641796976" lon="117.21143845057235">
        <ele>76</ele>
        <time>2023-06-11T01:28:07Z</time>
      </trkpt>
      <trkpt lat="36.70841352050871" lon="117.21144114755234">
        <ele>76</ele>
        <time>2023-06-11T01:28:08Z</time>
      </trkpt>
      <trkpt lat="36.70842926734129" lon="117.21144533572975">
        <ele>75.1</ele>
        <time>2023-06-11T01:28:09Z</time>
      </trkpt>
      <trkpt lat="36.70844390058692" lon="117.2114506449893">
        <ele>75.1</ele>
        <time>2023-06-11T01:28:10Z</time>
      </trkpt>
      <trkpt lat="36.708457311102606" lon="117.21145697511082">
        <ele>75.1</ele>
        <time>2023-06-11T01:28:11Z</time>
      </trkpt>
      <trkpt lat="36.7084698842078" lon="117.21146397411898">
        <ele>75.1</ele>
        <time>2023-06-11T01:28:12Z</time>
      </trkpt>
      <trkpt lat="36.70848182512243" lon="117.2114716409951">
        <ele>75.1</ele>
        <time>2023-06-11T01:28:13Z</time>
      </trkpt>
      <trkpt lat="36.70849304845856" lon="117.21148015656351">
        <ele>75.1</ele>
        <time>2023-06-11T01:28:14Z</time>
      </trkpt>
      <trkpt lat="36.708503639973486" lon="117.21148972600282">
        <ele>75.1</ele>
        <time>2023-06-11T01:28:15Z</time>
      </trkpt>
      <trkpt lat="36.70851343748727" lon="117.21150051410338">
        <ele>75.1</ele>
        <time>2023-06-11T01:28:16Z</time>
      </trkpt>
      <trkpt lat="36.708522677158136" lon="117.21151190129058">
        <ele>75.1</ele>
        <time>2023-06-11T01:28:17Z</time>
      </trkpt>
      <trkpt lat="36.708531242604394" lon="117.21152401566451">
        <ele>75.1</ele>
        <time>2023-06-11T01:28:18Z</time>
      </trkpt>
      <trkpt lat="36.708539465686805" lon="117.21153636261931">
        <ele>75.1</ele>
        <time>2023-06-11T01:28:19Z</time>
      </trkpt>
      <trkpt lat="36.70854740545914" lon="117.21154902049274">
        <ele>75.1</ele>
        <time>2023-06-11T01:28:20Z</time>
      </trkpt>
      <trkpt lat="36.70855494781509" lon="117.2115621905065">
        <ele>75.1</ele>
        <time>2023-06-11T01:28:21Z</time>
      </trkpt>
      <trkpt lat="36.70856192284323" lon="117.21157587839959">
        <ele>75.1</ele>
        <time>2023-06-11T01:28:22Z</time>
      </trkpt>
      <trkpt lat="36.70856815039324" lon="117.2115903504392">
        <ele>75.1</ele>
        <time>2023-06-11T01:28:23Z</time>
      </trkpt>
      <trkpt lat="36.70857356558913" lon="117.21160553263931">
        <ele>75.1</ele>
        <time>2023-06-11T01:28:24Z</time>
      </trkpt>
      <trkpt lat="36.70857818744467" lon="117.21162125102194">
        <ele>75.1</ele>
        <time>2023-06-11T01:28:25Z</time>
      </trkpt>
      <trkpt lat="36.70858214211374" lon="117.21163728334693">
        <ele>75.1</ele>
        <time>2023-06-11T01:28:26Z</time>
      </trkpt>
      <trkpt lat="36.708585311171966" lon="117.2116534350096">
        <ele>75.1</ele>
        <time>2023-06-11T01:28:27Z</time>
      </trkpt>
      <trkpt lat="36.70858767135912" lon="117.21166963425883">
        <ele>75.1</ele>
        <time>2023-06-11T01:28:28Z</time>
      </trkpt>
      <trkpt lat="36.708589307761876" lon="117.21168581927985">
        <ele>75</ele>
        <time>2023-06-11T01:28:29Z</time>
      </trkpt>
      <trkpt lat="36.70859023698678" lon="117.21170197303401">
        <ele>75</ele>
        <time>2023-06-11T01:28:30Z</time>
      </trkpt>
      <trkpt lat="36.70859046240242" lon="117.21171809266079">
        <ele>75</ele>
        <time>2023-06-11T01:28:31Z</time>
      </trkpt>
      <trkpt lat="36.708589958767696" lon="117.21173426185464">
        <ele>75</ele>
        <time>2023-06-11T01:28:32Z</time>
      </trkpt>
      <trkpt lat="36.708588865018875" lon="117.2117508271795">
        <ele>75</ele>
        <time>2023-06-11T01:28:33Z</time>
      </trkpt>
      <trkpt lat="36.708587232270396" lon="117.21176781101282">
        <ele>75</ele>
        <time>2023-06-11T01:28:34Z</time>
      </trkpt>
      <trkpt lat="36.70858522633897" lon="117.21178513809977">
        <ele>75</ele>
        <time>2023-06-11T01:28:35Z</time>
      </trkpt>
      <trkpt lat="36.70858294839317" lon="117.21180273630193">
        <ele>75</ele>
        <time>2023-06-11T01:28:36Z</time>
      </trkpt>
      <trkpt lat="36.70858044665748" lon="117.21182054418162">
        <ele>75</ele>
        <time>2023-06-11T01:28:37Z</time>
      </trkpt>
      <trkpt lat="36.708577992957565" lon="117.21183852228683">
        <ele>75</ele>
        <time>2023-06-11T01:28:38Z</time>
      </trkpt>
      <trkpt lat="36.70857566738819" lon="117.21185666476339">
        <ele>74.9</ele>
        <time>2023-06-11T01:28:39Z</time>
      </trkpt>
      <trkpt lat="36.708573562661385" lon="117.21187495555861">
        <ele>74.9</ele>
        <time>2023-06-11T01:28:40Z</time>
      </trkpt>
      <trkpt lat="36.70857171428809" lon="117.21189340735235">
        <ele>74.9</ele>
        <time>2023-06-11T01:28:41Z</time>
      </trkpt>
      <trkpt lat="36.70857012076126" lon="117.21191201342933">
        <ele>74.9</ele>
        <time>2023-06-11T01:28:42Z</time>
      </trkpt>
      <trkpt lat="36.708568799873" lon="117.21193077963184">
        <ele>74.9</ele>
        <time>2023-06-11T01:28:43Z</time>
      </trkpt>
      <trkpt lat="36.708567720822415" lon="117.21194930379914">
        <ele>74.9</ele>
        <time>2023-06-11T01:28:44Z</time>
      </trkpt>
      <trkpt lat="36.70856685037659" lon="117.21196756852585">
        <ele>74.9</ele>
        <time>2023-06-11T01:28:45Z</time>
      </trkpt>
      <trkpt lat="36.70856610590592" lon="117.2119856188383">
        <ele>74.9</ele>
        <time>2023-06-11T01:28:46Z</time>
      </trkpt>
      <trkpt lat="36.708565386207084" lon="117.21200352699849">
        <ele>74.9</ele>
        <time>2023-06-11T01:28:47Z</time>
      </trkpt>
      <trkpt lat="36.70856463874906" lon="117.21202133392538">
        <ele>74.9</ele>
        <time>2023-06-11T01:28:48Z</time>
      </trkpt>
      <trkpt lat="36.70856383683505" lon="117.2120391127427">
        <ele>74.9</ele>
        <time>2023-06-11T01:28:49Z</time>
      </trkpt>
      <trkpt lat="36.70856300219385" lon="117.2120568931687">
        <ele>74.9</ele>
        <time>2023-06-11T01:28:50Z</time>
      </trkpt>
      <trkpt lat="36.70856207589589" lon="117.21207465456723">
        <ele>74.9</ele>
        <time>2023-06-11T01:28:51Z</time>
      </trkpt>
      <trkpt lat="36.70856102569818" lon="117.21209239171918">
        <ele>74.9</ele>
        <time>2023-06-11T01:28:52Z</time>
      </trkpt>
      <trkpt lat="36.708559855587254" lon="117.21211013160895">
        <ele>74.9</ele>
        <time>2023-06-11T01:28:53Z</time>
      </trkpt>
      <trkpt lat="36.70855857582057" lon="117.21212779203732">
        <ele>74.9</ele>
        <time>2023-06-11T01:28:54Z</time>
      </trkpt>
      <trkpt lat="36.7085572631465" lon="117.21214544014688">
        <ele>74.9</ele>
        <time>2023-06-11T01:28:55Z</time>
      </trkpt>
      <trkpt lat="36.70855598365415" lon="117.21216309582678">
        <ele>74.9</ele>
        <time>2023-06-11T01:28:56Z</time>
      </trkpt>
      <trkpt lat="36.70855476986053" lon="117.21218079264884">
        <ele>74.9</ele>
        <time>2023-06-11T01:28:57Z</time>
      </trkpt>
      <trkpt lat="36.70855366566711" lon="117.21219847999598">
        <ele>74.9</ele>
        <time>2023-06-11T01:28:58Z</time>
      </trkpt>
      <trkpt lat="36.708552647943165" lon="117.21221620748798">
        <ele>74.9</ele>
        <time>2023-06-11T01:28:59Z</time>
      </trkpt>
      <trkpt lat="36.708551718916226" lon="117.21223393620183">
        <ele>74.9</ele>
        <time>2023-06-11T01:29:00Z</time>
      </trkpt>
      <trkpt lat="36.70855085377488" lon="117.21225162771508">
        <ele>74.9</ele>
        <time>2023-06-11T01:29:01Z</time>
      </trkpt>
      <trkpt lat="36.70855006038419" lon="117.21226930602714">
        <ele>74.9</ele>
        <time>2023-06-11T01:29:02Z</time>
      </trkpt>
      <trkpt lat="36.708549420010456" lon="117.21228693295228">
        <ele>74.9</ele>
        <time>2023-06-11T01:29:03Z</time>
      </trkpt>
      <trkpt lat="36.70854894450387" lon="117.21230447105893">
        <ele>74.9</ele>
        <time>2023-06-11T01:29:04Z</time>
      </trkpt>
      <trkpt lat="36.70854867600019" lon="117.21232192668441">
        <ele>74.9</ele>
        <time>2023-06-11T01:29:05Z</time>
      </trkpt>
      <trkpt lat="36.708548530498675" lon="117.2123392869058">
        <ele>74.9</ele>
        <time>2023-06-11T01:29:06Z</time>
      </trkpt>
      <trkpt lat="36.7085484150018" lon="117.2123565461379">
        <ele>74.9</ele>
        <time>2023-06-11T01:29:07Z</time>
      </trkpt>
      <trkpt lat="36.70854829487052" lon="117.21237367553496">
        <ele>74.9</ele>
        <time>2023-06-11T01:29:08Z</time>
      </trkpt>
      <trkpt lat="36.708548010088705" lon="117.21239072896027">
        <ele>74.9</ele>
        <time>2023-06-11T01:29:09Z</time>
      </trkpt>
      <trkpt lat="36.70854764374268" lon="117.21240767966863">
        <ele>74.9</ele>
        <time>2023-06-11T01:29:10Z</time>
      </trkpt>
      <trkpt lat="36.70854723144413" lon="117.21242454407077">
        <ele>74.9</ele>
        <time>2023-06-11T01:29:11Z</time>
      </trkpt>
      <trkpt lat="36.70854678947727" lon="117.21244132838261">
        <ele>74.9</ele>
        <time>2023-06-11T01:29:12Z</time>
      </trkpt>
      <trkpt lat="36.70854638823716" lon="117.21245798845112">
        <ele>74.9</ele>
        <time>2023-06-11T01:29:13Z</time>
      </trkpt>
      <trkpt lat="36.70854598309112" lon="117.2124745069966">
        <ele>74.9</ele>
        <time>2023-06-11T01:29:14Z</time>
      </trkpt>
      <trkpt lat="36.70854556068466" lon="117.21249088849751">
        <ele>74.9</ele>
        <time>2023-06-11T01:29:15Z</time>
      </trkpt>
      <trkpt lat="36.708544994201354" lon="117.21250720235716">
        <ele>74.9</ele>
        <time>2023-06-11T01:29:16Z</time>
      </trkpt>
      <trkpt lat="36.70854433622877" lon="117.21252343849714">
        <ele>74.9</ele>
        <time>2023-06-11T01:29:17Z</time>
      </trkpt>
      <trkpt lat="36.7085436372717" lon="117.21253962762687">
        <ele>74.9</ele>
        <time>2023-06-11T01:29:18Z</time>
      </trkpt>
      <trkpt lat="36.70854290356702" lon="117.2125558295591">
        <ele>74.9</ele>
        <time>2023-06-11T01:29:19Z</time>
      </trkpt>
      <trkpt lat="36.70854230935232" lon="117.2125721576831">
        <ele>74.9</ele>
        <time>2023-06-11T01:29:20Z</time>
      </trkpt>
      <trkpt lat="36.708541789791084" lon="117.21258854572636">
        <ele>74.9</ele>
        <time>2023-06-11T01:29:21Z</time>
      </trkpt>
      <trkpt lat="36.708541331377006" lon="117.2126049904572">
        <ele>74.9</ele>
        <time>2023-06-11T01:29:22Z</time>
      </trkpt>
      <trkpt lat="36.708540980401054" lon="117.21262148105163">
        <ele>74.9</ele>
        <time>2023-06-11T01:29:23Z</time>
      </trkpt>
      <trkpt lat="36.70854071386555" lon="117.21263798468325">
        <ele>74.9</ele>
        <time>2023-06-11T01:29:24Z</time>
      </trkpt>
      <trkpt lat="36.708540525644715" lon="117.2126545543266">
        <ele>74.9</ele>
        <time>2023-06-11T01:29:25Z</time>
      </trkpt>
      <trkpt lat="36.70854065195186" lon="117.21267107231806">
        <ele>74.9</ele>
        <time>2023-06-11T01:29:26Z</time>
      </trkpt>
      <trkpt lat="36.708541267644335" lon="117.2126877868435">
        <ele>74.9</ele>
        <time>2023-06-11T01:29:27Z</time>
      </trkpt>
      <trkpt lat="36.70854236105162" lon="117.21270469827698">
        <ele>74.9</ele>
        <time>2023-06-11T01:29:28Z</time>
      </trkpt>
      <trkpt lat="36.708543825929986" lon="117.21272177417443">
        <ele>74.8</ele>
        <time>2023-06-11T01:29:29Z</time>
      </trkpt>
      <trkpt lat="36.70854552697929" lon="117.21273895809549">
        <ele>74.8</ele>
        <time>2023-06-11T01:29:30Z</time>
      </trkpt>
      <trkpt lat="36.7085473444281" lon="117.21275610605481">
        <ele>74.8</ele>
        <time>2023-06-11T01:29:31Z</time>
      </trkpt>
      <trkpt lat="36.70854921976447" lon="117.2127732262663">
        <ele>74.8</ele>
        <time>2023-06-11T01:29:32Z</time>
      </trkpt>
      <trkpt lat="36.708551135541015" lon="117.21279034099081">
        <ele>74.8</ele>
        <time>2023-06-11T01:29:33Z</time>
      </trkpt>
      <trkpt lat="36.70855294241916" lon="117.21280747847305">
        <ele>74.8</ele>
        <time>2023-06-11T01:29:34Z</time>
      </trkpt>
      <trkpt lat="36.708554568391236" lon="117.21282468199526">
        <ele>74.8</ele>
        <time>2023-06-11T01:29:35Z</time>
      </trkpt>
      <trkpt lat="36.70855598275527" lon="117.21284198762257">
        <ele>74.8</ele>
        <time>2023-06-11T01:29:36Z</time>
      </trkpt>
      <trkpt lat="36.70855695127259" lon="117.21285950195">
        <ele>74.8</ele>
        <time>2023-06-11T01:29:37Z</time>
      </trkpt>
      <trkpt lat="36.70855736384955" lon="117.21287685541948">
        <ele>74.8</ele>
        <time>2023-06-11T01:29:38Z</time>
      </trkpt>
      <trkpt lat="36.70855725168926" lon="117.21289398348979">
        <ele>74.8</ele>
        <time>2023-06-11T01:29:39Z</time>
      </trkpt>
      <trkpt lat="36.70855676361355" lon="117.21291087719119">
        <ele>74.8</ele>
        <time>2023-06-11T01:29:40Z</time>
      </trkpt>
      <trkpt lat="36.70855605217752" lon="117.21292753961549">
        <ele>74.8</ele>
        <time>2023-06-11T01:29:41Z</time>
      </trkpt>
      <trkpt lat="36.70855522421316" lon="117.21294399798377">
        <ele>74.8</ele>
        <time>2023-06-11T01:29:42Z</time>
      </trkpt>
      <trkpt lat="36.70855432298915" lon="117.21296059500084">
        <ele>74.8</ele>
        <time>2023-06-11T01:29:43Z</time>
      </trkpt>
      <trkpt lat="36.708553346027394" lon="117.21297734036605">
        <ele>74.8</ele>
        <time>2023-06-11T01:29:44Z</time>
      </trkpt>
      <trkpt lat="36.70855241791209" lon="117.2129941446572">
        <ele>74.8</ele>
        <time>2023-06-11T01:29:45Z</time>
      </trkpt>
      <trkpt lat="36.70855161978996" lon="117.2130109935647">
        <ele>74.8</ele>
        <time>2023-06-11T01:29:46Z</time>
      </trkpt>
      <trkpt lat="36.70855104877611" lon="117.21302779431231">
        <ele>74.8</ele>
        <time>2023-06-11T01:29:47Z</time>
      </trkpt>
      <trkpt lat="36.70855075155292" lon="117.21304456119505">
        <ele>74.8</ele>
        <time>2023-06-11T01:29:48Z</time>
      </trkpt>
      <trkpt lat="36.70855076358695" lon="117.21306146456821">
        <ele>74.6</ele>
        <time>2023-06-11T01:29:49Z</time>
      </trkpt>
      <trkpt lat="36.70855098746311" lon="117.21307850133385">
        <ele>74.6</ele>
        <time>2023-06-11T01:29:50Z</time>
      </trkpt>
      <trkpt lat="36.70855139035245" lon="117.2130957055673">
        <ele>74.6</ele>
        <time>2023-06-11T01:29:51Z</time>
      </trkpt>
      <trkpt lat="36.70855199305875" lon="117.21311308112067">
        <ele>74.6</ele>
        <time>2023-06-11T01:29:52Z</time>
      </trkpt>
      <trkpt lat="36.70855277352843" lon="117.21313061369594">
        <ele>74.6</ele>
        <time>2023-06-11T01:29:53Z</time>
      </trkpt>
      <trkpt lat="36.70855375123872" lon="117.21314802300698">
        <ele>74.6</ele>
        <time>2023-06-11T01:29:54Z</time>
      </trkpt>
      <trkpt lat="36.70855493897681" lon="117.21316527995486">
        <ele>74.6</ele>
        <time>2023-06-11T01:29:55Z</time>
      </trkpt>
      <trkpt lat="36.70855625364458" lon="117.21318251611083">
        <ele>74.6</ele>
        <time>2023-06-11T01:29:56Z</time>
      </trkpt>
      <trkpt lat="36.70855757590458" lon="117.21319976033749">
        <ele>74.6</ele>
        <time>2023-06-11T01:29:57Z</time>
      </trkpt>
      <trkpt lat="36.70855884766692" lon="117.2132170547958">
        <ele>74.6</ele>
        <time>2023-06-11T01:29:58Z</time>
      </trkpt>
      <trkpt lat="36.70856000227946" lon="117.21323443107791">
        <ele>74.8</ele>
        <time>2023-06-11T01:29:59Z</time>
      </trkpt>
      <trkpt lat="36.70856101588322" lon="117.21325178087838">
        <ele>74.8</ele>
        <time>2023-06-11T01:30:00Z</time>
      </trkpt>
      <trkpt lat="36.70856194963324" lon="117.2132691442307">
        <ele>74.8</ele>
        <time>2023-06-11T01:30:01Z</time>
      </trkpt>
      <trkpt lat="36.70856279471398" lon="117.21328650919833">
        <ele>74.8</ele>
        <time>2023-06-11T01:30:02Z</time>
      </trkpt>
      <trkpt lat="36.70856348416762" lon="117.21330390078298">
        <ele>74.8</ele>
        <time>2023-06-11T01:30:03Z</time>
      </trkpt>
      <trkpt lat="36.708564038366546" lon="117.21332130032998">
        <ele>74.8</ele>
        <time>2023-06-11T01:30:04Z</time>
      </trkpt>
      <trkpt lat="36.70856446028432" lon="117.2133386961502">
        <ele>74.8</ele>
        <time>2023-06-11T01:30:05Z</time>
      </trkpt>
      <trkpt lat="36.7085647438363" lon="117.21335608488695">
        <ele>74.8</ele>
        <time>2023-06-11T01:30:06Z</time>
      </trkpt>
      <trkpt lat="36.70856492837432" lon="117.21337339478673">
        <ele>74.8</ele>
        <time>2023-06-11T01:30:07Z</time>
      </trkpt>
      <trkpt lat="36.708565078919996" lon="117.21339064287805">
        <ele>74.8</ele>
        <time>2023-06-11T01:30:08Z</time>
      </trkpt>
      <trkpt lat="36.708565194523004" lon="117.21340781013582">
        <ele>74.5</ele>
        <time>2023-06-11T01:30:09Z</time>
      </trkpt>
      <trkpt lat="36.708565212444576" lon="117.21342491099173">
        <ele>74.5</ele>
        <time>2023-06-11T01:30:10Z</time>
      </trkpt>
      <trkpt lat="36.708565126592475" lon="117.2134419581301">
        <ele>74.5</ele>
        <time>2023-06-11T01:30:11Z</time>
      </trkpt>
      <trkpt lat="36.70856490929797" lon="117.21345899146986">
        <ele>74.5</ele>
        <time>2023-06-11T01:30:12Z</time>
      </trkpt>
      <trkpt lat="36.70856455442901" lon="117.21347603600569">
        <ele>74.5</ele>
        <time>2023-06-11T01:30:13Z</time>
      </trkpt>
      <trkpt lat="36.7085640039838" lon="117.21349309733979">
        <ele>74.5</ele>
        <time>2023-06-11T01:30:14Z</time>
      </trkpt>
      <trkpt lat="36.708563199561766" lon="117.21351018915703">
        <ele>74.5</ele>
        <time>2023-06-11T01:30:15Z</time>
      </trkpt>
      <trkpt lat="36.70856214033456" lon="117.21352729603835">
        <ele>74.5</ele>
        <time>2023-06-11T01:30:16Z</time>
      </trkpt>
      <trkpt lat="36.70856077571075" lon="117.21354448886757">
        <ele>74.5</ele>
        <time>2023-06-11T01:30:17Z</time>
      </trkpt>
      <trkpt lat="36.70855911715112" lon="117.2135617956214">
        <ele>74.5</ele>
        <time>2023-06-11T01:30:18Z</time>
      </trkpt>
      <trkpt lat="36.708557174509195" lon="117.21357921890979">
        <ele>74.5</ele>
        <time>2023-06-11T01:30:19Z</time>
      </trkpt>
      <trkpt lat="36.70855496550768" lon="117.21359676096876">
        <ele>74.5</ele>
        <time>2023-06-11T01:30:20Z</time>
      </trkpt>
      <trkpt lat="36.708552592561404" lon="117.21361437963266">
        <ele>74.5</ele>
        <time>2023-06-11T01:30:21Z</time>
      </trkpt>
      <trkpt lat="36.708550064383644" lon="117.21363204356491">
        <ele>74.5</ele>
        <time>2023-06-11T01:30:22Z</time>
      </trkpt>
      <trkpt lat="36.70854738265098" lon="117.21364967380481">
        <ele>74.5</ele>
        <time>2023-06-11T01:30:23Z</time>
      </trkpt>
      <trkpt lat="36.70854464172456" lon="117.21366732107528">
        <ele>74.5</ele>
        <time>2023-06-11T01:30:24Z</time>
      </trkpt>
      <trkpt lat="36.70854197513759" lon="117.21368498486366">
        <ele>74.5</ele>
        <time>2023-06-11T01:30:25Z</time>
      </trkpt>
      <trkpt lat="36.70853949115621" lon="117.21370259092258">
        <ele>74.5</ele>
        <time>2023-06-11T01:30:26Z</time>
      </trkpt>
      <trkpt lat="36.70853718435677" lon="117.21372012843457">
        <ele>74.5</ele>
        <time>2023-06-11T01:30:27Z</time>
      </trkpt>
      <trkpt lat="36.708535097472605" lon="117.21373754566673">
        <ele>74.5</ele>
        <time>2023-06-11T01:30:28Z</time>
      </trkpt>
      <trkpt lat="36.70853338146606" lon="117.21375487518091">
        <ele>74.2</ele>
        <time>2023-06-11T01:30:29Z</time>
      </trkpt>
      <trkpt lat="36.708532038048155" lon="117.2137721141171">
        <ele>74.2</ele>
        <time>2023-06-11T01:30:30Z</time>
      </trkpt>
      <trkpt lat="36.70853102774654" lon="117.21378934454862">
        <ele>74.2</ele>
        <time>2023-06-11T01:30:31Z</time>
      </trkpt>
      <trkpt lat="36.70853034324224" lon="117.21380653414626">
        <ele>74.2</ele>
        <time>2023-06-11T01:30:32Z</time>
      </trkpt>
      <trkpt lat="36.70852997511102" lon="117.21382367457996">
        <ele>74.2</ele>
        <time>2023-06-11T01:30:33Z</time>
      </trkpt>
      <trkpt lat="36.70852993386489" lon="117.21384078201363">
        <ele>74.2</ele>
        <time>2023-06-11T01:30:34Z</time>
      </trkpt>
      <trkpt lat="36.708530135550774" lon="117.21385777625368">
        <ele>74.2</ele>
        <time>2023-06-11T01:30:35Z</time>
      </trkpt>
      <trkpt lat="36.7085305209852" lon="117.21387463355693">
        <ele>74.2</ele>
        <time>2023-06-11T01:30:36Z</time>
      </trkpt>
      <trkpt lat="36.70853099348929" lon="117.21389140839815">
        <ele>74.2</ele>
        <time>2023-06-11T01:30:37Z</time>
      </trkpt>
      <trkpt lat="36.70853157342975" lon="117.21390808510763">
        <ele>74.2</ele>
        <time>2023-06-11T01:30:38Z</time>
      </trkpt>
      <trkpt lat="36.708532295310945" lon="117.21392463657423">
        <ele>74.1</ele>
        <time>2023-06-11T01:30:39Z</time>
      </trkpt>
      <trkpt lat="36.70853300101232" lon="117.21394107015257">
        <ele>74.1</ele>
        <time>2023-06-11T01:30:40Z</time>
      </trkpt>
      <trkpt lat="36.70853365671287" lon="117.21395735563071">
        <ele>74.1</ele>
        <time>2023-06-11T01:30:41Z</time>
      </trkpt>
      <trkpt lat="36.70853430445905" lon="117.21397345905784">
        <ele>74.1</ele>
        <time>2023-06-11T01:30:42Z</time>
      </trkpt>
      <trkpt lat="36.70853492327897" lon="117.21398943253739">
        <ele>74.1</ele>
        <time>2023-06-11T01:30:43Z</time>
      </trkpt>
      <trkpt lat="36.70853550072341" lon="117.21400527495194">
        <ele>74.1</ele>
        <time>2023-06-11T01:30:44Z</time>
      </trkpt>
      <trkpt lat="36.70853605022427" lon="117.21402108154871">
        <ele>74.1</ele>
        <time>2023-06-11T01:30:45Z</time>
      </trkpt>
      <trkpt lat="36.70853667846882" lon="117.21403688800268">
        <ele>74.1</ele>
        <time>2023-06-11T01:30:46Z</time>
      </trkpt>
      <trkpt lat="36.708537400985506" lon="117.21405278993359">
        <ele>74.1</ele>
        <time>2023-06-11T01:30:47Z</time>
      </trkpt>
      <trkpt lat="36.70853825970409" lon="117.21406880250656">
        <ele>74.1</ele>
        <time>2023-06-11T01:30:48Z</time>
      </trkpt>
      <trkpt lat="36.70853928211419" lon="117.21408505242587">
        <ele>74.3</ele>
        <time>2023-06-11T01:30:49Z</time>
      </trkpt>
      <trkpt lat="36.7085404219047" lon="117.21410151147">
        <ele>74.3</ele>
        <time>2023-06-11T01:30:50Z</time>
      </trkpt>
      <trkpt lat="36.708541653373366" lon="117.21411817976589">
        <ele>74.3</ele>
        <time>2023-06-11T01:30:51Z</time>
      </trkpt>
      <trkpt lat="36.70854296602284" lon="117.21413505818468">
        <ele>74.3</ele>
        <time>2023-06-11T01:30:52Z</time>
      </trkpt>
      <trkpt lat="36.70854427892403" lon="117.2141521142812">
        <ele>74.3</ele>
        <time>2023-06-11T01:30:53Z</time>
      </trkpt>
      <trkpt lat="36.70854556790346" lon="117.21416935850286">
        <ele>74.3</ele>
        <time>2023-06-11T01:30:54Z</time>
      </trkpt>
      <trkpt lat="36.708546858255055" lon="117.21418680539468">
        <ele>74.3</ele>
        <time>2023-06-11T01:30:55Z</time>
      </trkpt>
      <trkpt lat="36.7085480834722" lon="117.21420443942078">
        <ele>74.3</ele>
        <time>2023-06-11T01:30:56Z</time>
      </trkpt>
      <trkpt lat="36.70854914930776" lon="117.21422226481923">
        <ele>74.3</ele>
        <time>2023-06-11T01:30:57Z</time>
      </trkpt>
      <trkpt lat="36.70855005110645" lon="117.21424024428681">
        <ele>74.3</ele>
        <time>2023-06-11T01:30:58Z</time>
      </trkpt>
      <trkpt lat="36.70855075320744" lon="117.21425837310225">
        <ele>74.4</ele>
        <time>2023-06-11T01:30:59Z</time>
      </trkpt>
      <trkpt lat="36.70855117429274" lon="117.2142765439655">
        <ele>74.4</ele>
        <time>2023-06-11T01:31:00Z</time>
      </trkpt>
      <trkpt lat="36.70855132519445" lon="117.21429480002256">
        <ele>74.4</ele>
        <time>2023-06-11T01:31:01Z</time>
      </trkpt>
      <trkpt lat="36.7085511692625" lon="117.21431304976029">
        <ele>74.4</ele>
        <time>2023-06-11T01:31:02Z</time>
      </trkpt>
      <trkpt lat="36.708550738851635" lon="117.21433131045885">
        <ele>74.4</ele>
        <time>2023-06-11T01:31:03Z</time>
      </trkpt>
      <trkpt lat="36.7085500016041" lon="117.2143495798837">
        <ele>74.4</ele>
        <time>2023-06-11T01:31:04Z</time>
      </trkpt>
      <trkpt lat="36.70854894774282" lon="117.21436779151206">
        <ele>74.4</ele>
        <time>2023-06-11T01:31:05Z</time>
      </trkpt>
      <trkpt lat="36.70854749739574" lon="117.21438596860536">
        <ele>74.4</ele>
        <time>2023-06-11T01:31:06Z</time>
      </trkpt>
      <trkpt lat="36.70854561409092" lon="117.214404031961">
        <ele>74.4</ele>
        <time>2023-06-11T01:31:07Z</time>
      </trkpt>
      <trkpt lat="36.708543148587935" lon="117.21442181497596">
        <ele>74.4</ele>
        <time>2023-06-11T01:31:08Z</time>
      </trkpt>
      <trkpt lat="36.70854010314171" lon="117.2144392600796">
        <ele>74.2</ele>
        <time>2023-06-11T01:31:09Z</time>
      </trkpt>
      <trkpt lat="36.70853632733414" lon="117.21445622528965">
        <ele>74.2</ele>
        <time>2023-06-11T01:31:10Z</time>
      </trkpt>
      <trkpt lat="36.708531820278615" lon="117.21447270675256">
        <ele>74.2</ele>
        <time>2023-06-11T01:31:11Z</time>
      </trkpt>
      <trkpt lat="36.70852656214801" lon="117.21448866095136">
        <ele>74.2</ele>
        <time>2023-06-11T01:31:12Z</time>
      </trkpt>
      <trkpt lat="36.70852060409896" lon="117.21450411846958">
        <ele>74.2</ele>
        <time>2023-06-11T01:31:13Z</time>
      </trkpt>
      <trkpt lat="36.70851391013683" lon="117.21451902460129">
        <ele>74.2</ele>
        <time>2023-06-11T01:31:14Z</time>
      </trkpt>
      <trkpt lat="36.708506527414286" lon="117.21453334912671">
        <ele>74.2</ele>
        <time>2023-06-11T01:31:15Z</time>
      </trkpt>
      <trkpt lat="36.70849850742497" lon="117.2145471447623">
        <ele>74.2</ele>
        <time>2023-06-11T01:31:16Z</time>
      </trkpt>
      <trkpt lat="36.708489712689044" lon="117.21456006000754">
        <ele>74.2</ele>
        <time>2023-06-11T01:31:17Z</time>
      </trkpt>
      <trkpt lat="36.70848028346711" lon="117.21457212580908">
        <ele>74.2</ele>
        <time>2023-06-11T01:31:18Z</time>
      </trkpt>
      <trkpt lat="36.708470264007396" lon="117.21458311076134">
        <ele>74.2</ele>
        <time>2023-06-11T01:31:19Z</time>
      </trkpt>
      <trkpt lat="36.708459620067906" lon="117.21459281952731">
        <ele>74.2</ele>
        <time>2023-06-11T01:31:20Z</time>
      </trkpt>
      <trkpt lat="36.70844851706533" lon="117.21460128740287">
        <ele>74.2</ele>
        <time>2023-06-11T01:31:21Z</time>
      </trkpt>
      <trkpt lat="36.708436959493426" lon="117.2146084040969">
        <ele>74.2</ele>
        <time>2023-06-11T01:31:22Z</time>
      </trkpt>
      <trkpt lat="36.708424964364845" lon="117.21461421822646">
        <ele>74.2</ele>
        <time>2023-06-11T01:31:23Z</time>
      </trkpt>
      <trkpt lat="36.7084125050715" lon="117.21461879457792">
        <ele>74.2</ele>
        <time>2023-06-11T01:31:24Z</time>
      </trkpt>
      <trkpt lat="36.7083995947906" lon="117.21462215180179">
        <ele>74.2</ele>
        <time>2023-06-11T01:31:25Z</time>
      </trkpt>
      <trkpt lat="36.708386289847" lon="117.21462430754877">
        <ele>74.2</ele>
        <time>2023-06-11T01:31:26Z</time>
      </trkpt>
      <trkpt lat="36.70837258723303" lon="117.21462518037515">
        <ele>74.2</ele>
        <time>2023-06-11T01:31:27Z</time>
      </trkpt>
      <trkpt lat="36.70835871427044" lon="117.21462517424393">
        <ele>74.2</ele>
        <time>2023-06-11T01:31:28Z</time>
      </trkpt>
      <trkpt lat="36.70834463045691" lon="117.21462437607514">
        <ele>73.9</ele>
        <time>2023-06-11T01:31:29Z</time>
      </trkpt>
      <trkpt lat="36.70833044472334" lon="117.21462314271919">
        <ele>73.9</ele>
        <time>2023-06-11T01:31:30Z</time>
      </trkpt>
      <trkpt lat="36.70831621480701" lon="117.21462174560916">
        <ele>73.9</ele>
        <time>2023-06-11T01:31:31Z</time>
      </trkpt>
      <trkpt lat="36.70830195936429" lon="117.21462032301174">
        <ele>73.9</ele>
        <time>2023-06-11T01:31:32Z</time>
      </trkpt>
      <trkpt lat="36.70828769185544" lon="117.21461895736448">
        <ele>73.9</ele>
        <time>2023-06-11T01:31:33Z</time>
      </trkpt>
      <trkpt lat="36.70827339149265" lon="117.21461760316039">
        <ele>73.9</ele>
        <time>2023-06-11T01:31:34Z</time>
      </trkpt>
      <trkpt lat="36.70825909107749" lon="117.21461621650286">
        <ele>73.9</ele>
        <time>2023-06-11T01:31:35Z</time>
      </trkpt>
      <trkpt lat="36.70824478876051" lon="117.21461482574216">
        <ele>73.9</ele>
        <time>2023-06-11T01:31:36Z</time>
      </trkpt>
      <trkpt lat="36.70823045048493" lon="117.21461344605194">
        <ele>73.9</ele>
        <time>2023-06-11T01:31:37Z</time>
      </trkpt>
      <trkpt lat="36.70821607865398" lon="117.21461214557168">
        <ele>73.9</ele>
        <time>2023-06-11T01:31:38Z</time>
      </trkpt>
      <trkpt lat="36.70820171261541" lon="117.2146106831967">
        <ele>73.9</ele>
        <time>2023-06-11T01:31:39Z</time>
      </trkpt>
      <trkpt lat="36.70818733266169" lon="117.21460916797764">
        <ele>73.9</ele>
        <time>2023-06-11T01:31:40Z</time>
      </trkpt>
      <trkpt lat="36.70817293065238" lon="117.21460766295708">
        <ele>73.9</ele>
        <time>2023-06-11T01:31:41Z</time>
      </trkpt>
      <trkpt lat="36.708158473802804" lon="117.2146061319551">
        <ele>73.9</ele>
        <time>2023-06-11T01:31:42Z</time>
      </trkpt>
      <trkpt lat="36.70814398330789" lon="117.21460457496924">
        <ele>73.9</ele>
        <time>2023-06-11T01:31:43Z</time>
      </trkpt>
      <trkpt lat="36.708129500634776" lon="117.21460311049327">
        <ele>73.9</ele>
        <time>2023-06-11T01:31:44Z</time>
      </trkpt>
      <trkpt lat="36.70811508199645" lon="117.21460173852083">
        <ele>73.9</ele>
        <time>2023-06-11T01:31:45Z</time>
      </trkpt>
      <trkpt lat="36.70810074411506" lon="117.21460047720403">
        <ele>73.9</ele>
        <time>2023-06-11T01:31:46Z</time>
      </trkpt>
      <trkpt lat="36.708086514293" lon="117.21459923465062">
        <ele>73.9</ele>
        <time>2023-06-11T01:31:47Z</time>
      </trkpt>
      <trkpt lat="36.70807239126996" lon="117.21459798922513">
        <ele>73.9</ele>
        <time>2023-06-11T01:31:48Z</time>
      </trkpt>
      <trkpt lat="36.7080583630381" lon="117.21459672762425">
        <ele>74.2</ele>
        <time>2023-06-11T01:31:49Z</time>
      </trkpt>
      <trkpt lat="36.70804438039089" lon="117.21459562604709">
        <ele>74.2</ele>
        <time>2023-06-11T01:31:50Z</time>
      </trkpt>
      <trkpt lat="36.70803042158712" lon="117.21459442064106">
        <ele>74.2</ele>
        <time>2023-06-11T01:31:51Z</time>
      </trkpt>
      <trkpt lat="36.7080165070276" lon="117.21459300509092">
        <ele>74.2</ele>
        <time>2023-06-11T01:31:52Z</time>
      </trkpt>
      <trkpt lat="36.70800263708289" lon="117.21459134669442">
        <ele>74.2</ele>
        <time>2023-06-11T01:31:53Z</time>
      </trkpt>
      <trkpt lat="36.707988808925904" lon="117.21458940068855">
        <ele>74.2</ele>
        <time>2023-06-11T01:31:54Z</time>
      </trkpt>
      <trkpt lat="36.70797500940359" lon="117.21458715327267">
        <ele>74.2</ele>
        <time>2023-06-11T01:31:55Z</time>
      </trkpt>
      <trkpt lat="36.70796123775749" lon="117.21458471337098">
        <ele>74.2</ele>
        <time>2023-06-11T01:31:56Z</time>
      </trkpt>
      <trkpt lat="36.70794748362548" lon="117.21458207700563">
        <ele>74.2</ele>
        <time>2023-06-11T01:31:57Z</time>
      </trkpt>
      <trkpt lat="36.70793372177502" lon="117.21457953302752">
        <ele>74.2</ele>
        <time>2023-06-11T01:31:58Z</time>
      </trkpt>
      <trkpt lat="36.70791997711674" lon="117.21457710717279">
        <ele>74.3</ele>
        <time>2023-06-11T01:31:59Z</time>
      </trkpt>
      <trkpt lat="36.70790621184045" lon="117.2145748305314">
        <ele>74.3</ele>
        <time>2023-06-11T01:32:00Z</time>
      </trkpt>
      <trkpt lat="36.70789243207528" lon="117.21457270447053">
        <ele>74.3</ele>
        <time>2023-06-11T01:32:01Z</time>
      </trkpt>
      <trkpt lat="36.70787868621145" lon="117.21457068397258">
        <ele>74.3</ele>
        <time>2023-06-11T01:32:02Z</time>
      </trkpt>
      <trkpt lat="36.707864982893035" lon="117.21456871183898">
        <ele>74.3</ele>
        <time>2023-06-11T01:32:03Z</time>
      </trkpt>
      <trkpt lat="36.707851334021335" lon="117.21456678856575">
        <ele>74.3</ele>
        <time>2023-06-11T01:32:04Z</time>
      </trkpt>
      <trkpt lat="36.70783771632538" lon="117.21456490383508">
        <ele>74.3</ele>
        <time>2023-06-11T01:32:05Z</time>
      </trkpt>
      <trkpt lat="36.707824103327766" lon="117.21456307493364">
        <ele>74.3</ele>
        <time>2023-06-11T01:32:06Z</time>
      </trkpt>
      <trkpt lat="36.707810460509805" lon="117.21456130945027">
        <ele>74.3</ele>
        <time>2023-06-11T01:32:07Z</time>
      </trkpt>
      <trkpt lat="36.70779677279985" lon="117.21455965127976">
        <ele>74.3</ele>
        <time>2023-06-11T01:32:08Z</time>
      </trkpt>
      <trkpt lat="36.70778305128577" lon="117.21455793392578">
        <ele>74.4</ele>
        <time>2023-06-11T01:32:09Z</time>
      </trkpt>
      <trkpt lat="36.70776929766079" lon="117.21455614644601">
        <ele>74.4</ele>
        <time>2023-06-11T01:32:10Z</time>
      </trkpt>
      <trkpt lat="36.707755545129544" lon="117.21455424979301">
        <ele>74.4</ele>
        <time>2023-06-11T01:32:11Z</time>
      </trkpt>
      <trkpt lat="36.707741795021676" lon="117.21455225441139">
        <ele>74.4</ele>
        <time>2023-06-11T01:32:12Z</time>
      </trkpt>
      <trkpt lat="36.70772805383392" lon="117.21455024646997">
        <ele>74.4</ele>
        <time>2023-06-11T01:32:13Z</time>
      </trkpt>
      <trkpt lat="36.70771432165346" lon="117.2145483463326">
        <ele>74.4</ele>
        <time>2023-06-11T01:32:14Z</time>
      </trkpt>
      <trkpt lat="36.70770058098986" lon="117.21454656892249">
        <ele>74.4</ele>
        <time>2023-06-11T01:32:15Z</time>
      </trkpt>
      <trkpt lat="36.70768683445832" lon="117.21454489247928">
        <ele>74.4</ele>
        <time>2023-06-11T01:32:16Z</time>
      </trkpt>
      <trkpt lat="36.70767312173181" lon="117.21454327646279">
        <ele>74.4</ele>
        <time>2023-06-11T01:32:17Z</time>
      </trkpt>
      <trkpt lat="36.70765945063974" lon="117.21454156780601">
        <ele>74.4</ele>
        <time>2023-06-11T01:32:18Z</time>
      </trkpt>
      <trkpt lat="36.7076458400794" lon="117.21453975245603">
        <ele>74.5</ele>
        <time>2023-06-11T01:32:19Z</time>
      </trkpt>
      <trkpt lat="36.70763229558334" lon="117.21453789855212">
        <ele>74.5</ele>
        <time>2023-06-11T01:32:20Z</time>
      </trkpt>
      <trkpt lat="36.70761880990566" lon="117.2145359655593">
        <ele>74.5</ele>
        <time>2023-06-11T01:32:21Z</time>
      </trkpt>
      <trkpt lat="36.70760545614942" lon="117.21453359884329">
        <ele>74.5</ele>
        <time>2023-06-11T01:32:22Z</time>
      </trkpt>
      <trkpt lat="36.707592220550225" lon="117.21453084316896">
        <ele>74.5</ele>
        <time>2023-06-11T01:32:23Z</time>
      </trkpt>
      <trkpt lat="36.707579041671046" lon="117.21452800069649">
        <ele>74.5</ele>
        <time>2023-06-11T01:32:24Z</time>
      </trkpt>
      <trkpt lat="36.707565857890074" lon="117.21452521902798">
        <ele>74.5</ele>
        <time>2023-06-11T01:32:25Z</time>
      </trkpt>
      <trkpt lat="36.70755267150364" lon="117.21452248087951">
        <ele>74.5</ele>
        <time>2023-06-11T01:32:26Z</time>
      </trkpt>
      <trkpt lat="36.707539502848135" lon="117.21451991233256">
        <ele>74.5</ele>
        <time>2023-06-11T01:32:27Z</time>
      </trkpt>
      <trkpt lat="36.707526340325735" lon="117.21451731928907">
        <ele>74.5</ele>
        <time>2023-06-11T01:32:28Z</time>
      </trkpt>
      <trkpt lat="36.707513169248855" lon="117.21451480408503">
        <ele>74.5</ele>
        <time>2023-06-11T01:32:29Z</time>
      </trkpt>
      <trkpt lat="36.70749998173559" lon="117.21451237281414">
        <ele>74.5</ele>
        <time>2023-06-11T01:32:30Z</time>
      </trkpt>
      <trkpt lat="36.70748680594039" lon="117.2145099516135">
        <ele>74.5</ele>
        <time>2023-06-11T01:32:31Z</time>
      </trkpt>
      <trkpt lat="36.70747366671408" lon="117.2145075805187">
        <ele>74.5</ele>
        <time>2023-06-11T01:32:32Z</time>
      </trkpt>
      <trkpt lat="36.7074604891353" lon="117.21450563617337">
        <ele>74.5</ele>
        <time>2023-06-11T01:32:33Z</time>
      </trkpt>
      <trkpt lat="36.70744726920948" lon="117.21450411783202">
        <ele>74.5</ele>
        <time>2023-06-11T01:32:34Z</time>
      </trkpt>
      <trkpt lat="36.7074340484003" lon="117.21450270779347">
        <ele>74.5</ele>
        <time>2023-06-11T01:32:35Z</time>
      </trkpt>
      <trkpt lat="36.70742081007914" lon="117.21450126803889">
        <ele>74.5</ele>
        <time>2023-06-11T01:32:36Z</time>
      </trkpt>
      <trkpt lat="36.707407533812486" lon="117.21449979496455">
        <ele>74.5</ele>
        <time>2023-06-11T01:32:37Z</time>
      </trkpt>
      <trkpt lat="36.7073942097743" lon="117.21449813550532">
        <ele>74.5</ele>
        <time>2023-06-11T01:32:38Z</time>
      </trkpt>
      <trkpt lat="36.7073808703059" lon="117.21449630607074">
        <ele>74.7</ele>
        <time>2023-06-11T01:32:39Z</time>
      </trkpt>
      <trkpt lat="36.70736752067734" lon="117.21449428950082">
        <ele>74.7</ele>
        <time>2023-06-11T01:32:40Z</time>
      </trkpt>
      <trkpt lat="36.70735427877167" lon="117.21449176883152">
        <ele>74.7</ele>
        <time>2023-06-11T01:32:41Z</time>
      </trkpt>
      <trkpt lat="36.707341061898596" lon="117.21448897162004">
        <ele>74.7</ele>
        <time>2023-06-11T01:32:42Z</time>
      </trkpt>
      <trkpt lat="36.70732780739747" lon="117.21448612343185">
        <ele>74.7</ele>
        <time>2023-06-11T01:32:43Z</time>
      </trkpt>
      <trkpt lat="36.70731451907995" lon="117.21448310850306">
        <ele>74.7</ele>
        <time>2023-06-11T01:32:44Z</time>
      </trkpt>
      <trkpt lat="36.70730119521625" lon="117.21447989052557">
        <ele>74.7</ele>
        <time>2023-06-11T01:32:45Z</time>
      </trkpt>
      <trkpt lat="36.70728784247914" lon="117.21447650928836">
        <ele>74.7</ele>
        <time>2023-06-11T01:32:46Z</time>
      </trkpt>
      <trkpt lat="36.7072744580326" lon="117.21447312158845">
        <ele>74.7</ele>
        <time>2023-06-11T01:32:47Z</time>
      </trkpt>
      <trkpt lat="36.70726105404512" lon="117.21446961961894">
        <ele>74.7</ele>
        <time>2023-06-11T01:32:48Z</time>
      </trkpt>
      <trkpt lat="36.707247631967796" lon="117.214466058961">
        <ele>74.9</ele>
        <time>2023-06-11T01:32:49Z</time>
      </trkpt>
      <trkpt lat="36.7072341669717" lon="117.21446266069972">
        <ele>74.9</ele>
        <time>2023-06-11T01:32:50Z</time>
      </trkpt>
      <trkpt lat="36.70722068886478" lon="117.21445943378453">
        <ele>74.9</ele>
        <time>2023-06-11T01:32:51Z</time>
      </trkpt>
      <trkpt lat="36.707207072533485" lon="117.21445676518596">
        <ele>74.9</ele>
        <time>2023-06-11T01:32:52Z</time>
      </trkpt>
      <trkpt lat="36.707193391404786" lon="117.21445443331612">
        <ele>74.9</ele>
        <time>2023-06-11T01:32:53Z</time>
      </trkpt>
      <trkpt lat="36.70717966111584" lon="117.21445229182125">
        <ele>74.9</ele>
        <time>2023-06-11T01:32:54Z</time>
      </trkpt>
      <trkpt lat="36.707165879661595" lon="117.21445047076472">
        <ele>74.9</ele>
        <time>2023-06-11T01:32:55Z</time>
      </trkpt>
      <trkpt lat="36.70715206611246" lon="117.21444902696932">
        <ele>74.9</ele>
        <time>2023-06-11T01:32:56Z</time>
      </trkpt>
      <trkpt lat="36.707138224699705" lon="117.21444781743983">
        <ele>74.9</ele>
        <time>2023-06-11T01:32:57Z</time>
      </trkpt>
      <trkpt lat="36.70712442144523" lon="117.21444666672033">
        <ele>74.9</ele>
        <time>2023-06-11T01:32:58Z</time>
      </trkpt>
      <trkpt lat="36.70711065317568" lon="117.21444555019121">
        <ele>75</ele>
        <time>2023-06-11T01:32:59Z</time>
      </trkpt>
      <trkpt lat="36.70709693213843" lon="117.21444452007529">
        <ele>75</ele>
        <time>2023-06-11T01:33:00Z</time>
      </trkpt>
      <trkpt lat="36.707083206538975" lon="117.21444339807013">
        <ele>75</ele>
        <time>2023-06-11T01:33:01Z</time>
      </trkpt>
      <trkpt lat="36.70706945726206" lon="117.21444216801325">
        <ele>75</ele>
        <time>2023-06-11T01:33:02Z</time>
      </trkpt>
      <trkpt lat="36.70705572533033" lon="117.21444075927293">
        <ele>75</ele>
        <time>2023-06-11T01:33:03Z</time>
      </trkpt>
      <trkpt lat="36.7070420015755" lon="117.21443926921104">
        <ele>75</ele>
        <time>2023-06-11T01:33:04Z</time>
      </trkpt>
      <trkpt lat="36.707028318883324" lon="117.21443779518468">
        <ele>75</ele>
        <time>2023-06-11T01:33:05Z</time>
      </trkpt>
      <trkpt lat="36.70701469148827" lon="117.21443636193659">
        <ele>75</ele>
        <time>2023-06-11T01:33:06Z</time>
      </trkpt>
      <trkpt lat="36.70700111008117" lon="117.21443489511047">
        <ele>75</ele>
        <time>2023-06-11T01:33:07Z</time>
      </trkpt>
      <trkpt lat="36.706987588750266" lon="117.21443351830204">
        <ele>75</ele>
        <time>2023-06-11T01:33:08Z</time>
      </trkpt>
      <trkpt lat="36.70697410647736" lon="117.21443208416682">
        <ele>75.2</ele>
        <time>2023-06-11T01:33:09Z</time>
      </trkpt>
      <trkpt lat="36.70696065612264" lon="117.21443078630824">
        <ele>75.2</ele>
        <time>2023-06-11T01:33:10Z</time>
      </trkpt>
      <trkpt lat="36.70694719856109" lon="117.2144296176432">
        <ele>75.2</ele>
        <time>2023-06-11T01:33:11Z</time>
      </trkpt>
      <trkpt lat="36.70693374642856" lon="117.21442871693755">
        <ele>75.2</ele>
        <time>2023-06-11T01:33:12Z</time>
      </trkpt>
      <trkpt lat="36.70692024280055" lon="117.21442808195957">
        <ele>75.2</ele>
        <time>2023-06-11T01:33:13Z</time>
      </trkpt>
      <trkpt lat="36.70690665627914" lon="117.21442768224875">
        <ele>75.2</ele>
        <time>2023-06-11T01:33:14Z</time>
      </trkpt>
      <trkpt lat="36.706892976173904" lon="117.21442745526161">
        <ele>75.2</ele>
        <time>2023-06-11T01:33:15Z</time>
      </trkpt>
      <trkpt lat="36.706879205248725" lon="117.21442700720218">
        <ele>75.2</ele>
        <time>2023-06-11T01:33:16Z</time>
      </trkpt>
      <trkpt lat="36.70686537889731" lon="117.21442625052865">
        <ele>75.2</ele>
        <time>2023-06-11T01:33:17Z</time>
      </trkpt>
      <trkpt lat="36.70685152279539" lon="117.21442519282306">
        <ele>75.2</ele>
        <time>2023-06-11T01:33:18Z</time>
      </trkpt>
      <trkpt lat="36.706837646010115" lon="117.21442387909669">
        <ele>75.4</ele>
        <time>2023-06-11T01:33:19Z</time>
      </trkpt>
      <trkpt lat="36.706823698906724" lon="117.2144225575446">
        <ele>75.4</ele>
        <time>2023-06-11T01:33:20Z</time>
      </trkpt>
      <trkpt lat="36.70680971983026" lon="117.21442127491555">
        <ele>75.4</ele>
        <time>2023-06-11T01:33:21Z</time>
      </trkpt>
      <trkpt lat="36.7067957424618" lon="117.21442012757196">
        <ele>75.4</ele>
        <time>2023-06-11T01:33:22Z</time>
      </trkpt>
      <trkpt lat="36.706781778091035" lon="117.21441915604848">
        <ele>75.4</ele>
        <time>2023-06-11T01:33:23Z</time>
      </trkpt>
      <trkpt lat="36.7067678981709" lon="117.21441835884487">
        <ele>75.4</ele>
        <time>2023-06-11T01:33:24Z</time>
      </trkpt>
      <trkpt lat="36.70675410331287" lon="117.21441767776834">
        <ele>75.4</ele>
        <time>2023-06-11T01:33:25Z</time>
      </trkpt>
      <trkpt lat="36.7067404094879" lon="117.2144169526627">
        <ele>75.4</ele>
        <time>2023-06-11T01:33:26Z</time>
      </trkpt>
      <trkpt lat="36.70672680113697" lon="117.21441642885941">
        <ele>75.4</ele>
        <time>2023-06-11T01:33:27Z</time>
      </trkpt>
      <trkpt lat="36.706713230309205" lon="117.21441615485787">
        <ele>75.4</ele>
        <time>2023-06-11T01:33:28Z</time>
      </trkpt>
      <trkpt lat="36.70669965138057" lon="117.21441586792552">
        <ele>75.5</ele>
        <time>2023-06-11T01:33:29Z</time>
      </trkpt>
      <trkpt lat="36.70668603365228" lon="117.21441551596597">
        <ele>75.5</ele>
        <time>2023-06-11T01:33:30Z</time>
      </trkpt>
      <trkpt lat="36.706672392724606" lon="117.21441494130987">
        <ele>75.5</ele>
        <time>2023-06-11T01:33:31Z</time>
      </trkpt>
      <trkpt lat="36.70665874150456" lon="117.21441404062632">
        <ele>75.5</ele>
        <time>2023-06-11T01:33:32Z</time>
      </trkpt>
      <trkpt lat="36.70664508519658" lon="117.21441272165187">
        <ele>75.5</ele>
        <time>2023-06-11T01:33:33Z</time>
      </trkpt>
      <trkpt lat="36.70663149792625" lon="117.21441083690661">
        <ele>75.5</ele>
        <time>2023-06-11T01:33:34Z</time>
      </trkpt>
      <trkpt lat="36.70661796882403" lon="117.21440843898895">
        <ele>75.5</ele>
        <time>2023-06-11T01:33:35Z</time>
      </trkpt>
      <trkpt lat="36.70660453938708" lon="117.21440566268244">
        <ele>75.5</ele>
        <time>2023-06-11T01:33:36Z</time>
      </trkpt>
      <trkpt lat="36.70659118290059" lon="117.21440263805331">
        <ele>75.5</ele>
        <time>2023-06-11T01:33:37Z</time>
      </trkpt>
      <trkpt lat="36.70657802567441" lon="117.21439919610421">
        <ele>75.5</ele>
        <time>2023-06-11T01:33:38Z</time>
      </trkpt>
      <trkpt lat="36.70656513202065" lon="117.21439530039501">
        <ele>75.8</ele>
        <time>2023-06-11T01:33:39Z</time>
      </trkpt>
      <trkpt lat="36.70655261741163" lon="117.21439105685315">
        <ele>75.8</ele>
        <time>2023-06-11T01:33:40Z</time>
      </trkpt>
      <trkpt lat="36.70654046045639" lon="117.2143865224302">
        <ele>75.8</ele>
        <time>2023-06-11T01:33:41Z</time>
      </trkpt>
      <trkpt lat="36.70652869651327" lon="117.21438181512413">
        <ele>75.8</ele>
        <time>2023-06-11T01:33:42Z</time>
      </trkpt>
      <trkpt lat="36.70651747659969" lon="117.21437659632991">
        <ele>75.8</ele>
        <time>2023-06-11T01:33:43Z</time>
      </trkpt>
      <trkpt lat="36.706507101259966" lon="117.21437057430276">
        <ele>75.8</ele>
        <time>2023-06-11T01:33:44Z</time>
      </trkpt>
      <trkpt lat="36.70649776131242" lon="117.21436363711108">
        <ele>75.8</ele>
        <time>2023-06-11T01:33:45Z</time>
      </trkpt>
      <trkpt lat="36.70648942975035" lon="117.21435575416864">
        <ele>75.8</ele>
        <time>2023-06-11T01:33:46Z</time>
      </trkpt>
      <trkpt lat="36.706482149119765" lon="117.21434680112597">
        <ele>75.8</ele>
        <time>2023-06-11T01:33:47Z</time>
      </trkpt>
      <trkpt lat="36.70647609876924" lon="117.21433666829031">
        <ele>75.8</ele>
        <time>2023-06-11T01:33:48Z</time>
      </trkpt>
      <trkpt lat="36.70647112960013" lon="117.21432555413011">
        <ele>75.8</ele>
        <time>2023-06-11T01:33:49Z</time>
      </trkpt>
      <trkpt lat="36.70646716557207" lon="117.21431344074725">
        <ele>75.8</ele>
        <time>2023-06-11T01:33:50Z</time>
      </trkpt>
      <trkpt lat="36.70646404233513" lon="117.21430048122652">
        <ele>75.8</ele>
        <time>2023-06-11T01:33:51Z</time>
      </trkpt>
      <trkpt lat="36.70646172951573" lon="117.21428666214095">
        <ele>75.8</ele>
        <time>2023-06-11T01:33:52Z</time>
      </trkpt>
      <trkpt lat="36.70646021898047" lon="117.21427194034271">
        <ele>75.8</ele>
        <time>2023-06-11T01:33:53Z</time>
      </trkpt>
      <trkpt lat="36.70645923572843" lon="117.21425661988317">
        <ele>75.8</ele>
        <time>2023-06-11T01:33:54Z</time>
      </trkpt>
      <trkpt lat="36.706458476425254" lon="117.21424113251922">
        <ele>75.8</ele>
        <time>2023-06-11T01:33:55Z</time>
      </trkpt>
      <trkpt lat="36.706457401221606" lon="117.21422570225613">
        <ele>75.8</ele>
        <time>2023-06-11T01:33:56Z</time>
      </trkpt>
      <trkpt lat="36.70645602735442" lon="117.2142103216314">
        <ele>75.8</ele>
        <time>2023-06-11T01:33:57Z</time>
      </trkpt>
      <trkpt lat="36.70645417715942" lon="117.21419511699935">
        <ele>75.8</ele>
        <time>2023-06-11T01:33:58Z</time>
      </trkpt>
      <trkpt lat="36.70645174814048" lon="117.21418016061614">
        <ele>76.8</ele>
        <time>2023-06-11T01:33:59Z</time>
      </trkpt>
      <trkpt lat="36.70644886307804" lon="117.21416538333263">
        <ele>76.8</ele>
        <time>2023-06-11T01:34:01Z</time>
      </trkpt>
      <trkpt lat="36.706445582064774" lon="117.21415085402923">
        <ele>76.8</ele>
        <time>2023-06-11T01:34:02Z</time>
      </trkpt>
      <trkpt lat="36.706441979053736" lon="117.21413657021102">
        <ele>76.8</ele>
        <time>2023-06-11T01:34:03Z</time>
      </trkpt>
      <trkpt lat="36.70643836304904" lon="117.21412245474951">
        <ele>76.8</ele>
        <time>2023-06-11T01:34:04Z</time>
      </trkpt>
      <trkpt lat="36.70643491226785" lon="117.21410843401246">
        <ele>76.8</ele>
        <time>2023-06-11T01:34:05Z</time>
      </trkpt>
      <trkpt lat="36.70643178729061" lon="117.21409453521335">
        <ele>76.8</ele>
        <time>2023-06-11T01:34:06Z</time>
      </trkpt>
      <trkpt lat="36.70642902557491" lon="117.21408059893771">
        <ele>76.8</ele>
        <time>2023-06-11T01:34:07Z</time>
      </trkpt>
      <trkpt lat="36.70642697437885" lon="117.21406665026372">
        <ele>76.8</ele>
        <time>2023-06-11T01:34:08Z</time>
      </trkpt>
      <trkpt lat="36.70642560789617" lon="117.21405266407656">
        <ele>76.9</ele>
        <time>2023-06-11T01:34:09Z</time>
      </trkpt>
      <trkpt lat="36.70642489792455" lon="117.21403865579823">
        <ele>76.9</ele>
        <time>2023-06-11T01:34:10Z</time>
      </trkpt>
      <trkpt lat="36.70642453224276" lon="117.21402476634742">
        <ele>76.9</ele>
        <time>2023-06-11T01:34:11Z</time>
      </trkpt>
      <trkpt lat="36.70642437708793" lon="117.21401096129584">
        <ele>76.9</ele>
        <time>2023-06-11T01:34:12Z</time>
      </trkpt>
      <trkpt lat="36.70642376087717" lon="117.21399803304924">
        <ele>76.9</ele>
        <time>2023-06-11T01:34:13Z</time>
      </trkpt>
      <trkpt lat="36.7064226805565" lon="117.21398627083683">
        <ele>76.9</ele>
        <time>2023-06-11T01:34:14Z</time>
      </trkpt>
      <trkpt lat="36.70642084576877" lon="117.21397571100213">
        <ele>76.9</ele>
        <time>2023-06-11T01:34:15Z</time>
      </trkpt>
      <trkpt lat="36.70641828140056" lon="117.21396670942079">
        <ele>76.9</ele>
        <time>2023-06-11T01:34:16Z</time>
      </trkpt>
      <trkpt lat="36.706414882917194" lon="117.21395926784714">
        <ele>76.9</ele>
        <time>2023-06-11T01:34:17Z</time>
      </trkpt>
      <trkpt lat="36.70641059455792" lon="117.21395338939752">
        <ele>76.9</ele>
        <time>2023-06-11T01:34:18Z</time>
      </trkpt>
      <trkpt lat="36.70640677075325" lon="117.21394878257699">
        <ele>76.7</ele>
        <time>2023-06-11T01:34:19Z</time>
      </trkpt>
      <trkpt lat="36.70640346453132" lon="117.21394551800852">
        <ele>76.7</ele>
        <time>2023-06-11T01:34:20Z</time>
      </trkpt>
      <trkpt lat="36.70640060458464" lon="117.21394367577933">
        <ele>76.7</ele>
        <time>2023-06-11T01:34:21Z</time>
      </trkpt>
      <trkpt lat="36.70639843044502" lon="117.21394313574459">
        <ele>76.7</ele>
        <time>2023-06-11T01:34:22Z</time>
      </trkpt>
      <trkpt lat="36.70639688590763" lon="117.21394381111742">
        <ele>76.7</ele>
        <time>2023-06-11T01:34:23Z</time>
      </trkpt>
      <trkpt lat="36.70639657529794" lon="117.21394489097078">
        <ele>76.7</ele>
        <time>2023-06-11T01:34:24Z</time>
      </trkpt>
      <trkpt lat="36.70639696423824" lon="117.21394642920703">
        <ele>76.7</ele>
        <time>2023-06-11T01:34:25Z</time>
      </trkpt>
      <trkpt lat="36.70639808158124" lon="117.213948437387">
        <ele>76.7</ele>
        <time>2023-06-11T01:34:26Z</time>
      </trkpt>
      <trkpt lat="36.706399757200394" lon="117.213950613743">
        <ele>76.7</ele>
        <time>2023-06-11T01:34:27Z</time>
      </trkpt>
      <trkpt lat="36.706402010837856" lon="117.21395301422831">
        <ele>76.7</ele>
        <time>2023-06-11T01:34:28Z</time>
      </trkpt>
      <trkpt lat="36.70640482453647" lon="117.21395562392338">
        <ele>76.9</ele>
        <time>2023-06-11T01:34:29Z</time>
      </trkpt>
      <trkpt lat="36.70640678095124" lon="117.21395867912176">
        <ele>76.9</ele>
        <time>2023-06-11T01:34:30Z</time>
      </trkpt>
      <trkpt lat="36.706407853282116" lon="117.21396213269934">
        <ele>76.9</ele>
        <time>2023-06-11T01:34:31Z</time>
      </trkpt>
      <trkpt lat="36.70640823673879" lon="117.21396581403161">
        <ele>76.9</ele>
        <time>2023-06-11T01:34:32Z</time>
      </trkpt>
      <trkpt lat="36.706407942549106" lon="117.21396972809103">
        <ele>76.9</ele>
        <time>2023-06-11T01:34:33Z</time>
      </trkpt>
      <trkpt lat="36.70640705682157" lon="117.2139740260719">
        <ele>76.9</ele>
        <time>2023-06-11T01:34:34Z</time>
      </trkpt>
      <trkpt lat="36.70640559892537" lon="117.21397871704897">
        <ele>76.9</ele>
        <time>2023-06-11T01:34:35Z</time>
      </trkpt>
      <trkpt lat="36.70640407363783" lon="117.21398361643597">
        <ele>76.9</ele>
        <time>2023-06-11T01:34:36Z</time>
      </trkpt>
      <trkpt lat="36.70640248634606" lon="117.21398866491937">
        <ele>76.9</ele>
        <time>2023-06-11T01:34:37Z</time>
      </trkpt>
      <trkpt lat="36.706400812178565" lon="117.21399385081341">
        <ele>76.9</ele>
        <time>2023-06-11T01:34:38Z</time>
      </trkpt>
      <trkpt lat="36.70639907241249" lon="117.21399912810779">
        <ele>77.1</ele>
        <time>2023-06-11T01:34:39Z</time>
      </trkpt>
      <trkpt lat="36.70639729209995" lon="117.21400451470535">
        <ele>77.1</ele>
        <time>2023-06-11T01:34:40Z</time>
      </trkpt>
      <trkpt lat="36.706395461526064" lon="117.21401014303494">
        <ele>77.1</ele>
        <time>2023-06-11T01:34:41Z</time>
      </trkpt>
      <trkpt lat="36.706393588942895" lon="117.2140158858902">
        <ele>77.1</ele>
        <time>2023-06-11T01:34:42Z</time>
      </trkpt>
      <trkpt lat="36.706391674846614" lon="117.21402174190317">
        <ele>77.1</ele>
        <time>2023-06-11T01:34:43Z</time>
      </trkpt>
      <trkpt lat="36.706389720055085" lon="117.21402770796506">
        <ele>77.1</ele>
        <time>2023-06-11T01:34:44Z</time>
      </trkpt>
      <trkpt lat="36.70638811280882" lon="117.21403224438843">
        <ele>77.1</ele>
        <time>2023-06-11T01:34:45Z</time>
      </trkpt>
      <trkpt lat="36.706386684360524" lon="117.21403581612016">
        <ele>77.1</ele>
        <time>2023-06-11T01:34:46Z</time>
      </trkpt>
      <trkpt lat="36.70638528244266" lon="117.21403837343985">
        <ele>77.1</ele>
        <time>2023-06-11T01:34:47Z</time>
      </trkpt>
      <trkpt lat="36.70638381744826" lon="117.21403994023227">
        <ele>77.1</ele>
        <time>2023-06-11T01:34:48Z</time>
      </trkpt>
      <trkpt lat="36.7063822660645" lon="117.21404021173004">
        <ele>77.1</ele>
        <time>2023-06-11T01:34:49Z</time>
      </trkpt>
      <trkpt lat="36.706380997017746" lon="117.21403896966538">
        <ele>77.1</ele>
        <time>2023-06-11T01:34:50Z</time>
      </trkpt>
      <trkpt lat="36.706380007023185" lon="117.2140362377884">
        <ele>77.1</ele>
        <time>2023-06-11T01:34:51Z</time>
      </trkpt>
      <trkpt lat="36.70637929066477" lon="117.21403181155125">
        <ele>77.1</ele>
        <time>2023-06-11T01:34:52Z</time>
      </trkpt>
      <trkpt lat="36.706378762814055" lon="117.21402573883569">
        <ele>77.1</ele>
        <time>2023-06-11T01:34:53Z</time>
      </trkpt>
      <trkpt lat="36.70637850740039" lon="117.21401796889816">
        <ele>77.1</ele>
        <time>2023-06-11T01:34:54Z</time>
      </trkpt>
      <trkpt lat="36.70637851579109" lon="117.21400848122116">
        <ele>77.1</ele>
        <time>2023-06-11T01:34:55Z</time>
      </trkpt>
      <trkpt lat="36.706378639895895" lon="117.21400131828975">
        <ele>77.1</ele>
        <time>2023-06-11T01:34:56Z</time>
      </trkpt>
      <trkpt lat="36.70637967342365" lon="117.213996036351">
        <ele>77.1</ele>
        <time>2023-06-11T01:34:57Z</time>
      </trkpt>
      <trkpt lat="36.70638175046834" lon="117.21399239217106">
        <ele>77.1</ele>
        <time>2023-06-11T01:34:58Z</time>
      </trkpt>
      <trkpt lat="36.70638485851038" lon="117.21399064264978">
        <ele>77.1</ele>
        <time>2023-06-11T01:34:59Z</time>
      </trkpt>
      <trkpt lat="36.706389225084635" lon="117.21399111416854">
        <ele>77.1</ele>
        <time>2023-06-11T01:35:00Z</time>
      </trkpt>
      <trkpt lat="36.70639446756368" lon="117.21399386782433">
        <ele>77.1</ele>
        <time>2023-06-11T01:35:01Z</time>
      </trkpt>
      <trkpt lat="36.70640007341537" lon="117.21399947616118">
        <ele>77.1</ele>
        <time>2023-06-11T01:35:02Z</time>
      </trkpt>
      <trkpt lat="36.70640576078273" lon="117.21400808693159">
        <ele>77.1</ele>
        <time>2023-06-11T01:35:03Z</time>
      </trkpt>
      <trkpt lat="36.70641151623308" lon="117.21401980159993">
        <ele>77.1</ele>
        <time>2023-06-11T01:35:04Z</time>
      </trkpt>
      <trkpt lat="36.70641726832722" lon="117.21403462613887">
        <ele>77.1</ele>
        <time>2023-06-11T01:35:05Z</time>
      </trkpt>
      <trkpt lat="36.70642311287175" lon="117.21405249649442">
        <ele>77.1</ele>
        <time>2023-06-11T01:35:06Z</time>
      </trkpt>
      <trkpt lat="36.70642880054806" lon="117.21407080392873">
        <ele>77.1</ele>
        <time>2023-06-11T01:35:07Z</time>
      </trkpt>
      <trkpt lat="36.70643389916653" lon="117.21408952188023">
        <ele>77.1</ele>
        <time>2023-06-11T01:35:08Z</time>
      </trkpt>
      <trkpt lat="36.706438496101455" lon="117.21410872842667">
        <ele>76.8</ele>
        <time>2023-06-11T01:35:09Z</time>
      </trkpt>
      <trkpt lat="36.70644259276987" lon="117.21412820932072">
        <ele>76.8</ele>
        <time>2023-06-11T01:35:10Z</time>
      </trkpt>
      <trkpt lat="36.70644588673208" lon="117.2141479183399">
        <ele>76.8</ele>
        <time>2023-06-11T01:35:11Z</time>
      </trkpt>
      <trkpt lat="36.70644838567442" lon="117.21416799586795">
        <ele>76.8</ele>
        <time>2023-06-11T01:35:12Z</time>
      </trkpt>
      <trkpt lat="36.706450331800134" lon="117.21418780672454">
        <ele>76.8</ele>
        <time>2023-06-11T01:35:13Z</time>
      </trkpt>
      <trkpt lat="36.706451688847885" lon="117.21420713107337">
        <ele>76.8</ele>
        <time>2023-06-11T01:35:14Z</time>
      </trkpt>
      <trkpt lat="36.70645234278701" lon="117.21422576599849">
        <ele>76.8</ele>
        <time>2023-06-11T01:35:15Z</time>
      </trkpt>
      <trkpt lat="36.70645229179479" lon="117.21424370441395">
        <ele>76.8</ele>
        <time>2023-06-11T01:35:16Z</time>
      </trkpt>
      <trkpt lat="36.706451084548654" lon="117.21426051514676">
        <ele>76.8</ele>
        <time>2023-06-11T01:35:17Z</time>
      </trkpt>
      <trkpt lat="36.706448719853945" lon="117.21427629170607">
        <ele>76.8</ele>
        <time>2023-06-11T01:35:18Z</time>
      </trkpt>
      <trkpt lat="36.70644490808504" lon="117.21429057877867">
        <ele>76</ele>
        <time>2023-06-11T01:35:19Z</time>
      </trkpt>
      <trkpt lat="36.70643960467548" lon="117.21430327975682">
        <ele>76</ele>
        <time>2023-06-11T01:35:20Z</time>
      </trkpt>
      <trkpt lat="36.706432925070544" lon="117.21431435297447">
        <ele>76</ele>
        <time>2023-06-11T01:35:21Z</time>
      </trkpt>
      <trkpt lat="36.70642498483384" lon="117.2143238466659">
        <ele>76</ele>
        <time>2023-06-11T01:35:22Z</time>
      </trkpt>
      <trkpt lat="36.70641582032945" lon="117.21433188716213">
        <ele>76</ele>
        <time>2023-06-11T01:35:23Z</time>
      </trkpt>
      <trkpt lat="36.70640570123213" lon="117.21433850353023">
        <ele>76</ele>
        <time>2023-06-11T01:35:24Z</time>
      </trkpt>
      <trkpt lat="36.706394967165" lon="117.21434384395046">
        <ele>76</ele>
        <time>2023-06-11T01:35:25Z</time>
      </trkpt>
      <trkpt lat="36.70638381216414" lon="117.21434806594513">
        <ele>76</ele>
        <time>2023-06-11T01:35:26Z</time>
      </trkpt>
      <trkpt lat="36.70637220583265" lon="117.21435120396147">
        <ele>76</ele>
        <time>2023-06-11T01:35:27Z</time>
      </trkpt>
      <trkpt lat="36.706360467246476" lon="117.21435372437702">
        <ele>76</ele>
        <time>2023-06-11T01:35:28Z</time>
      </trkpt>
      <trkpt lat="36.70634850216894" lon="117.21435565020627">
        <ele>76.3</ele>
        <time>2023-06-11T01:35:29Z</time>
      </trkpt>
      <trkpt lat="36.70633640572111" lon="117.21435744946838">
        <ele>76.3</ele>
        <time>2023-06-11T01:35:30Z</time>
      </trkpt>
      <trkpt lat="36.706324189136154" lon="117.21435927572662">
        <ele>76.3</ele>
        <time>2023-06-11T01:35:31Z</time>
      </trkpt>
      <trkpt lat="36.70631190132273" lon="117.21436106829569">
        <ele>76.3</ele>
        <time>2023-06-11T01:35:32Z</time>
      </trkpt>
      <trkpt lat="36.70629955621386" lon="117.21436280131051">
        <ele>76.3</ele>
        <time>2023-06-11T01:35:33Z</time>
      </trkpt>
      <trkpt lat="36.70628712948777" lon="117.21436415409146">
        <ele>76.3</ele>
        <time>2023-06-11T01:35:34Z</time>
      </trkpt>
      <trkpt lat="36.70627464375457" lon="117.21436509356052">
        <ele>76.3</ele>
        <time>2023-06-11T01:35:35Z</time>
      </trkpt>
      <trkpt lat="36.70626208812924" lon="117.21436560939853">
        <ele>76.3</ele>
        <time>2023-06-11T01:35:36Z</time>
      </trkpt>
      <trkpt lat="36.70624946484848" lon="117.21436572274362">
        <ele>76.3</ele>
        <time>2023-06-11T01:35:37Z</time>
      </trkpt>
      <trkpt lat="36.706236801453805" lon="117.21436545261733">
        <ele>76.3</ele>
        <time>2023-06-11T01:35:38Z</time>
      </trkpt>
      <trkpt lat="36.70622415661109" lon="117.21436488443702">
        <ele>76.3</ele>
        <time>2023-06-11T01:35:39Z</time>
      </trkpt>
      <trkpt lat="36.70621164282317" lon="117.21436399630545">
        <ele>76.3</ele>
        <time>2023-06-11T01:35:40Z</time>
      </trkpt>
      <trkpt lat="36.70619923809317" lon="117.21436278884677">
        <ele>76.3</ele>
        <time>2023-06-11T01:35:41Z</time>
      </trkpt>
      <trkpt lat="36.706186974961746" lon="117.21436125472097">
        <ele>76.3</ele>
        <time>2023-06-11T01:35:42Z</time>
      </trkpt>
      <trkpt lat="36.706174798250494" lon="117.21435950348106">
        <ele>76.3</ele>
        <time>2023-06-11T01:35:43Z</time>
      </trkpt>
      <trkpt lat="36.70616269729599" lon="117.21435749869555">
        <ele>76.3</ele>
        <time>2023-06-11T01:35:44Z</time>
      </trkpt>
      <trkpt lat="36.70615065659074" lon="117.21435547500275">
        <ele>76.3</ele>
        <time>2023-06-11T01:35:45Z</time>
      </trkpt>
      <trkpt lat="36.70613865889579" lon="117.2143534378758">
        <ele>76.3</ele>
        <time>2023-06-11T01:35:46Z</time>
      </trkpt>
      <trkpt lat="36.7061266949569" lon="117.21435143767496">
        <ele>76.3</ele>
        <time>2023-06-11T01:35:47Z</time>
      </trkpt>
      <trkpt lat="36.70611478927462" lon="117.2143494884483">
        <ele>76.3</ele>
        <time>2023-06-11T01:35:48Z</time>
      </trkpt>
      <trkpt lat="36.70610294539435" lon="117.21434762550905">
        <ele>76.4</ele>
        <time>2023-06-11T01:35:49Z</time>
      </trkpt>
      <trkpt lat="36.706091138593614" lon="117.21434581280033">
        <ele>76.4</ele>
        <time>2023-06-11T01:35:50Z</time>
      </trkpt>
      <trkpt lat="36.70607939241547" lon="117.21434429204386">
        <ele>76.4</ele>
        <time>2023-06-11T01:35:51Z</time>
      </trkpt>
      <trkpt lat="36.70606775050956" lon="117.21434287485381">
        <ele>76.4</ele>
        <time>2023-06-11T01:35:52Z</time>
      </trkpt>
      <trkpt lat="36.706056166718106" lon="117.21434153935097">
        <ele>76.4</ele>
        <time>2023-06-11T01:35:53Z</time>
      </trkpt>
      <trkpt lat="36.70604462538112" lon="117.2143402300798">
        <ele>76.4</ele>
        <time>2023-06-11T01:35:54Z</time>
      </trkpt>
      <trkpt lat="36.70603299069486" lon="117.2143389359891">
        <ele>76.4</ele>
        <time>2023-06-11T01:35:55Z</time>
      </trkpt>
      <trkpt lat="36.7060209746201" lon="117.21433755527407">
        <ele>76.4</ele>
        <time>2023-06-11T01:35:56Z</time>
      </trkpt>
      <trkpt lat="36.70600860065127" lon="117.21433618728275">
        <ele>76.4</ele>
        <time>2023-06-11T01:35:57Z</time>
      </trkpt>
      <trkpt lat="36.70599587804487" lon="117.214334783893">
        <ele>76.4</ele>
        <time>2023-06-11T01:35:58Z</time>
      </trkpt>
      <trkpt lat="36.70598290847786" lon="117.21433334583932">
        <ele>76.6</ele>
        <time>2023-06-11T01:35:59Z</time>
      </trkpt>
      <trkpt lat="36.705969742896606" lon="117.21433180982493">
        <ele>76.6</ele>
        <time>2023-06-11T01:36:00Z</time>
      </trkpt>
      <trkpt lat="36.70595637179396" lon="117.21433017448305">
        <ele>76.6</ele>
        <time>2023-06-11T01:36:01Z</time>
      </trkpt>
      <trkpt lat="36.70594283717456" lon="117.21432803395047">
        <ele>76.6</ele>
        <time>2023-06-11T01:36:02Z</time>
      </trkpt>
      <trkpt lat="36.70592913930796" lon="117.21432557548897">
        <ele>76.6</ele>
        <time>2023-06-11T01:36:03Z</time>
      </trkpt>
      <trkpt lat="36.70591528980518" lon="117.21432283751935">
        <ele>76.6</ele>
        <time>2023-06-11T01:36:04Z</time>
      </trkpt>
      <trkpt lat="36.705901291748845" lon="117.21431991280181">
        <ele>76.6</ele>
        <time>2023-06-11T01:36:05Z</time>
      </trkpt>
      <trkpt lat="36.7058872606506" lon="117.21431684907118">
        <ele>76.6</ele>
        <time>2023-06-11T01:36:06Z</time>
      </trkpt>
      <trkpt lat="36.70587346879319" lon="117.21431379115712">
        <ele>76.6</ele>
        <time>2023-06-11T01:36:07Z</time>
      </trkpt>
      <trkpt lat="36.70585986067579" lon="117.21431063449273">
        <ele>76.6</ele>
        <time>2023-06-11T01:36:08Z</time>
      </trkpt>
      <trkpt lat="36.70584644886702" lon="117.21430738119034">
        <ele>76.8</ele>
        <time>2023-06-11T01:36:09Z</time>
      </trkpt>
      <trkpt lat="36.705833133894195" lon="117.21430402056767">
        <ele>76.8</ele>
        <time>2023-06-11T01:36:10Z</time>
      </trkpt>
      <trkpt lat="36.70581983873146" lon="117.21430054330763">
        <ele>76.8</ele>
        <time>2023-06-11T01:36:11Z</time>
      </trkpt>
      <trkpt lat="36.70580659383982" lon="117.21429695226661">
        <ele>76.8</ele>
        <time>2023-06-11T01:36:12Z</time>
      </trkpt>
      <trkpt lat="36.705793318553255" lon="117.21429356552582">
        <ele>76.8</ele>
        <time>2023-06-11T01:36:13Z</time>
      </trkpt>
      <trkpt lat="36.705780018278155" lon="117.21429043705008">
        <ele>76.8</ele>
        <time>2023-06-11T01:36:14Z</time>
      </trkpt>
      <trkpt lat="36.705766665004134" lon="117.21428764704457">
        <ele>76.8</ele>
        <time>2023-06-11T01:36:15Z</time>
      </trkpt>
      <trkpt lat="36.70575327387412" lon="117.21428516056696">
        <ele>76.8</ele>
        <time>2023-06-11T01:36:16Z</time>
      </trkpt>
      <trkpt lat="36.70573986278836" lon="117.21428296194797">
        <ele>76.8</ele>
        <time>2023-06-11T01:36:17Z</time>
      </trkpt>
      <trkpt lat="36.70572643517985" lon="117.21428102631845">
        <ele>76.8</ele>
        <time>2023-06-11T01:36:18Z</time>
      </trkpt>
      <trkpt lat="36.70571301803683" lon="117.21427939085429">
        <ele>77.1</ele>
        <time>2023-06-11T01:36:19Z</time>
      </trkpt>
      <trkpt lat="36.70569961447604" lon="117.2142779899015">
        <ele>77.1</ele>
        <time>2023-06-11T01:36:20Z</time>
      </trkpt>
      <trkpt lat="36.70568621078328" lon="117.21427682047742">
        <ele>77.1</ele>
        <time>2023-06-11T01:36:21Z</time>
      </trkpt>
      <trkpt lat="36.705672828282516" lon="117.21427585708909">
        <ele>77.1</ele>
        <time>2023-06-11T01:36:22Z</time>
      </trkpt>
      <trkpt lat="36.70565948396074" lon="117.2142750912792">
        <ele>77.1</ele>
        <time>2023-06-11T01:36:23Z</time>
      </trkpt>
      <trkpt lat="36.70564616165012" lon="117.21427441026952">
        <ele>77.1</ele>
        <time>2023-06-11T01:36:24Z</time>
      </trkpt>
      <trkpt lat="36.70563281050674" lon="117.21427383234436">
        <ele>77.1</ele>
        <time>2023-06-11T01:36:25Z</time>
      </trkpt>
      <trkpt lat="36.705619431255585" lon="117.2142733129885">
        <ele>77.1</ele>
        <time>2023-06-11T01:36:26Z</time>
      </trkpt>
      <trkpt lat="36.70560608607476" lon="117.2142728453559">
        <ele>77.1</ele>
        <time>2023-06-11T01:36:27Z</time>
      </trkpt>
      <trkpt lat="36.705592755227286" lon="117.21427240184444">
        <ele>77.1</ele>
        <time>2023-06-11T01:36:28Z</time>
      </trkpt>
      <trkpt lat="36.7055794736757" lon="117.21427186357711">
        <ele>77.3</ele>
        <time>2023-06-11T01:36:29Z</time>
      </trkpt>
      <trkpt lat="36.705566283728615" lon="117.21427116452236">
        <ele>77.3</ele>
        <time>2023-06-11T01:36:30Z</time>
      </trkpt>
      <trkpt lat="36.70555314848576" lon="117.21427033116969">
        <ele>77.3</ele>
        <time>2023-06-11T01:36:31Z</time>
      </trkpt>
      <trkpt lat="36.70554005473356" lon="117.21426936339624">
        <ele>77.3</ele>
        <time>2023-06-11T01:36:32Z</time>
      </trkpt>
      <trkpt lat="36.705527024098444" lon="117.21426826331336">
        <ele>77.3</ele>
        <time>2023-06-11T01:36:33Z</time>
      </trkpt>
      <trkpt lat="36.70551404784103" lon="117.21426702607265">
        <ele>77.3</ele>
        <time>2023-06-11T01:36:34Z</time>
      </trkpt>
      <trkpt lat="36.70550114565769" lon="117.21426566423057">
        <ele>77.3</ele>
        <time>2023-06-11T01:36:35Z</time>
      </trkpt>
      <trkpt lat="36.705488345843946" lon="117.21426408465013">
        <ele>77.3</ele>
        <time>2023-06-11T01:36:36Z</time>
      </trkpt>
      <trkpt lat="36.705475690214726" lon="117.21426220128033">
        <ele>77.3</ele>
        <time>2023-06-11T01:36:37Z</time>
      </trkpt>
      <trkpt lat="36.705463095274894" lon="117.21426000542652">
        <ele>77.3</ele>
        <time>2023-06-11T01:36:38Z</time>
      </trkpt>
      <trkpt lat="36.70545055815333" lon="117.21425753575997">
        <ele>77.1</ele>
        <time>2023-06-11T01:36:39Z</time>
      </trkpt>
      <trkpt lat="36.705438065267124" lon="117.21425486751043">
        <ele>77.1</ele>
        <time>2023-06-11T01:36:40Z</time>
      </trkpt>
      <trkpt lat="36.70542555142867" lon="117.21425205664015">
        <ele>77.1</ele>
        <time>2023-06-11T01:36:41Z</time>
      </trkpt>
      <trkpt lat="36.70541298891605" lon="117.21424926902749">
        <ele>77.1</ele>
        <time>2023-06-11T01:36:42Z</time>
      </trkpt>
      <trkpt lat="36.705400374881926" lon="117.21424654222474">
        <ele>77.1</ele>
        <time>2023-06-11T01:36:43Z</time>
      </trkpt>
      <trkpt lat="36.70538767718363" lon="117.2142439549455">
        <ele>77.1</ele>
        <time>2023-06-11T01:36:44Z</time>
      </trkpt>
      <trkpt lat="36.70537487891005" lon="117.21424151676626">
        <ele>77.1</ele>
        <time>2023-06-11T01:36:45Z</time>
      </trkpt>
      <trkpt lat="36.7053620065178" lon="117.21423918466091">
        <ele>77.1</ele>
        <time>2023-06-11T01:36:46Z</time>
      </trkpt>
      <trkpt lat="36.70534905466762" lon="117.21423696895067">
        <ele>77.1</ele>
        <time>2023-06-11T01:36:47Z</time>
      </trkpt>
      <trkpt lat="36.705336009801904" lon="117.21423482599224">
        <ele>77.1</ele>
        <time>2023-06-11T01:36:48Z</time>
      </trkpt>
      <trkpt lat="36.705322900384374" lon="117.21423275230076">
        <ele>77.1</ele>
        <time>2023-06-11T01:36:49Z</time>
      </trkpt>
      <trkpt lat="36.70530973039908" lon="117.2142307979866">
        <ele>77.1</ele>
        <time>2023-06-11T01:36:50Z</time>
      </trkpt>
      <trkpt lat="36.70529648925638" lon="117.21422899737">
        <ele>77.1</ele>
        <time>2023-06-11T01:36:51Z</time>
      </trkpt>
      <trkpt lat="36.70528318624414" lon="117.214227403918">
        <ele>77.1</ele>
        <time>2023-06-11T01:36:52Z</time>
      </trkpt>
      <trkpt lat="36.70526985745392" lon="117.21422593158027">
        <ele>77.1</ele>
        <time>2023-06-11T01:36:53Z</time>
      </trkpt>
      <trkpt lat="36.70525653502405" lon="117.21422454516369">
        <ele>77.1</ele>
        <time>2023-06-11T01:36:54Z</time>
      </trkpt>
      <trkpt lat="36.705243192675425" lon="117.2142232431791">
        <ele>77.1</ele>
        <time>2023-06-11T01:36:55Z</time>
      </trkpt>
      <trkpt lat="36.70522981754891" lon="117.21422200747375">
        <ele>77.1</ele>
        <time>2023-06-11T01:36:56Z</time>
      </trkpt>
      <trkpt lat="36.70521639372531" lon="117.2142208205169">
        <ele>77.1</ele>
        <time>2023-06-11T01:36:57Z</time>
      </trkpt>
      <trkpt lat="36.70520294969892" lon="117.21421968429476">
        <ele>77.1</ele>
        <time>2023-06-11T01:36:58Z</time>
      </trkpt>
      <trkpt lat="36.70518948947061" lon="117.21421868883232">
        <ele>77.5</ele>
        <time>2023-06-11T01:36:59Z</time>
      </trkpt>
      <trkpt lat="36.705176016595175" lon="117.21421787827141">
        <ele>77.5</ele>
        <time>2023-06-11T01:37:00Z</time>
      </trkpt>
      <trkpt lat="36.70516257768837" lon="117.21421721256782">
        <ele>77.5</ele>
        <time>2023-06-11T01:37:01Z</time>
      </trkpt>
      <trkpt lat="36.70514922418623" lon="117.21421664471356">
        <ele>77.5</ele>
        <time>2023-06-11T01:37:02Z</time>
      </trkpt>
      <trkpt lat="36.705135987729754" lon="117.21421613988859">
        <ele>77.5</ele>
        <time>2023-06-11T01:37:03Z</time>
      </trkpt>
      <trkpt lat="36.70512288559604" lon="117.214215657679">
        <ele>77.5</ele>
        <time>2023-06-11T01:37:04Z</time>
      </trkpt>
      <trkpt lat="36.70510991895733" lon="117.21421493870224">
        <ele>77.5</ele>
        <time>2023-06-11T01:37:05Z</time>
      </trkpt>
      <trkpt lat="36.7050968016858" lon="117.21421390104783">
        <ele>77.5</ele>
        <time>2023-06-11T01:37:06Z</time>
      </trkpt>
      <trkpt lat="36.70508357884031" lon="117.21421258649033">
        <ele>77.5</ele>
        <time>2023-06-11T01:37:07Z</time>
      </trkpt>
      <trkpt lat="36.7050702917333" lon="117.21421109499799">
        <ele>77.5</ele>
        <time>2023-06-11T01:37:08Z</time>
      </trkpt>
      <trkpt lat="36.705056913317854" lon="117.21420942856328">
        <ele>77.6</ele>
        <time>2023-06-11T01:37:09Z</time>
      </trkpt>
      <trkpt lat="36.705043505188236" lon="117.2142077360195">
        <ele>77.6</ele>
        <time>2023-06-11T01:37:10Z</time>
      </trkpt>
      <trkpt lat="36.7050300745742" lon="117.21420603017332">
        <ele>77.6</ele>
        <time>2023-06-11T01:37:11Z</time>
      </trkpt>
      <trkpt lat="36.705016596600146" lon="117.21420431910997">
        <ele>77.6</ele>
        <time>2023-06-11T01:37:12Z</time>
      </trkpt>
      <trkpt lat="36.7050030303208" lon="117.21420261613893">
        <ele>77.6</ele>
        <time>2023-06-11T01:37:13Z</time>
      </trkpt>
      <trkpt lat="36.70498938007916" lon="117.21420081482083">
        <ele>77.6</ele>
        <time>2023-06-11T01:37:14Z</time>
      </trkpt>
      <trkpt lat="36.704975672958845" lon="117.21419885310469">
        <ele>77.6</ele>
        <time>2023-06-11T01:37:15Z</time>
      </trkpt>
      <trkpt lat="36.70496188853257" lon="117.21419692385112">
        <ele>77.6</ele>
        <time>2023-06-11T01:37:16Z</time>
      </trkpt>
      <trkpt lat="36.70494835391122" lon="117.21419506034724">
        <ele>77.6</ele>
        <time>2023-06-11T01:37:17Z</time>
      </trkpt>
      <trkpt lat="36.70493502357177" lon="117.21419322914957">
        <ele>77.6</ele>
        <time>2023-06-11T01:37:18Z</time>
      </trkpt>
      <trkpt lat="36.704921869973724" lon="117.2141913647317">
        <ele>77.6</ele>
        <time>2023-06-11T01:37:19Z</time>
      </trkpt>
      <trkpt lat="36.704908890697084" lon="117.21418946112533">
        <ele>77.6</ele>
        <time>2023-06-11T01:37:20Z</time>
      </trkpt>
      <trkpt lat="36.704896079221896" lon="117.21418708971555">
        <ele>77.6</ele>
        <time>2023-06-11T01:37:21Z</time>
      </trkpt>
      <trkpt lat="36.70488336611866" lon="117.21418460464345">
        <ele>77.6</ele>
        <time>2023-06-11T01:37:22Z</time>
      </trkpt>
      <trkpt lat="36.704870429378964" lon="117.21418197386468">
        <ele>77.6</ele>
        <time>2023-06-11T01:37:23Z</time>
      </trkpt>
      <trkpt lat="36.70485726096055" lon="117.21417919290376">
        <ele>77.6</ele>
        <time>2023-06-11T01:37:24Z</time>
      </trkpt>
      <trkpt lat="36.70484391319137" lon="117.21417644901761">
        <ele>77.6</ele>
        <time>2023-06-11T01:37:25Z</time>
      </trkpt>
      <trkpt lat="36.704830417396444" lon="117.21417380972184">
        <ele>77.6</ele>
        <time>2023-06-11T01:37:26Z</time>
      </trkpt>
      <trkpt lat="36.70481683618891" lon="117.21417135098392">
        <ele>77.6</ele>
        <time>2023-06-11T01:37:27Z</time>
      </trkpt>
      <trkpt lat="36.70480318200838" lon="117.21416907043992">
        <ele>77.6</ele>
        <time>2023-06-11T01:37:28Z</time>
      </trkpt>
      <trkpt lat="36.70478946753299" lon="117.2141669796525">
        <ele>77.8</ele>
        <time>2023-06-11T01:37:29Z</time>
      </trkpt>
      <trkpt lat="36.70477567043602" lon="117.21416507315308">
        <ele>77.8</ele>
        <time>2023-06-11T01:37:30Z</time>
      </trkpt>
      <trkpt lat="36.70476179701185" lon="117.2141633734474">
        <ele>77.8</ele>
        <time>2023-06-11T01:37:31Z</time>
      </trkpt>
      <trkpt lat="36.7047477920413" lon="117.21416214067077">
        <ele>77.8</ele>
        <time>2023-06-11T01:37:32Z</time>
      </trkpt>
      <trkpt lat="36.70473369499766" lon="117.21416097741324">
        <ele>77.8</ele>
        <time>2023-06-11T01:37:33Z</time>
      </trkpt>
      <trkpt lat="36.70471982502773" lon="117.21415986821977">
        <ele>77.8</ele>
        <time>2023-06-11T01:37:34Z</time>
      </trkpt>
      <trkpt lat="36.704706193549335" lon="117.21415876173471">
        <ele>77.8</ele>
        <time>2023-06-11T01:37:35Z</time>
      </trkpt>
      <trkpt lat="36.70469274087638" lon="117.21415757316176">
        <ele>77.8</ele>
        <time>2023-06-11T01:37:36Z</time>
      </trkpt>
      <trkpt lat="36.704679434974594" lon="117.21415619929849">
        <ele>77.8</ele>
        <time>2023-06-11T01:37:37Z</time>
      </trkpt>
      <trkpt lat="36.7046662391246" lon="117.21415462547633">
        <ele>77.8</ele>
        <time>2023-06-11T01:37:38Z</time>
      </trkpt>
      <trkpt lat="36.70465313128441" lon="117.21415288054575">
        <ele>77.9</ele>
        <time>2023-06-11T01:37:39Z</time>
      </trkpt>
      <trkpt lat="36.704640149312915" lon="117.21415068907885">
        <ele>77.9</ele>
        <time>2023-06-11T01:37:40Z</time>
      </trkpt>
      <trkpt lat="36.70462729719907" lon="117.21414801078737">
        <ele>77.9</ele>
        <time>2023-06-11T01:37:41Z</time>
      </trkpt>
      <trkpt lat="36.70461453049707" lon="117.21414484306499">
        <ele>77.9</ele>
        <time>2023-06-11T01:37:42Z</time>
      </trkpt>
      <trkpt lat="36.70460186271036" lon="117.21414120157743">
        <ele>77.9</ele>
        <time>2023-06-11T01:37:43Z</time>
      </trkpt>
      <trkpt lat="36.70458926080707" lon="117.21413738512875">
        <ele>77.9</ele>
        <time>2023-06-11T01:37:44Z</time>
      </trkpt>
      <trkpt lat="36.704576727183166" lon="117.21413344805731">
        <ele>77.9</ele>
        <time>2023-06-11T01:37:45Z</time>
      </trkpt>
      <trkpt lat="36.704564270021294" lon="117.21412943388277">
        <ele>77.9</ele>
        <time>2023-06-11T01:37:46Z</time>
      </trkpt>
      <trkpt lat="36.704551870082234" lon="117.2141255052504">
        <ele>77.9</ele>
        <time>2023-06-11T01:37:47Z</time>
      </trkpt>
      <trkpt lat="36.70453952073727" lon="117.21412184295832">
        <ele>77.9</ele>
        <time>2023-06-11T01:37:48Z</time>
      </trkpt>
      <trkpt lat="36.70452721316369" lon="117.21411838632746">
        <ele>78</ele>
        <time>2023-06-11T01:37:49Z</time>
      </trkpt>
      <trkpt lat="36.704514946048185" lon="117.21411514058043">
        <ele>78</ele>
        <time>2023-06-11T01:37:50Z</time>
      </trkpt>
      <trkpt lat="36.70450268546127" lon="117.21411230740867">
        <ele>78</ele>
        <time>2023-06-11T01:37:51Z</time>
      </trkpt>
      <trkpt lat="36.70449041804668" lon="117.21411008278139">
        <ele>78</ele>
        <time>2023-06-11T01:37:52Z</time>
      </trkpt>
      <trkpt lat="36.70447818377453" lon="117.21410859128777">
        <ele>78</ele>
        <time>2023-06-11T01:37:53Z</time>
      </trkpt>
      <trkpt lat="36.704465979064494" lon="117.21410788316375">
        <ele>78</ele>
        <time>2023-06-11T01:37:54Z</time>
      </trkpt>
      <trkpt lat="36.70445388240133" lon="117.2141076263995">
        <ele>78</ele>
        <time>2023-06-11T01:37:55Z</time>
      </trkpt>
      <trkpt lat="36.70444185617464" lon="117.2141077634276">
        <ele>78</ele>
        <time>2023-06-11T01:37:56Z</time>
      </trkpt>
      <trkpt lat="36.70442994052024" lon="117.21410838712917">
        <ele>78</ele>
        <time>2023-06-11T01:37:57Z</time>
      </trkpt>
      <trkpt lat="36.70441815047768" lon="117.21410936420467">
        <ele>78</ele>
        <time>2023-06-11T01:37:58Z</time>
      </trkpt>
      <trkpt lat="36.704406496565404" lon="117.21411061631561">
        <ele>78</ele>
        <time>2023-06-11T01:37:59Z</time>
      </trkpt>
      <trkpt lat="36.704394938895945" lon="117.21411216883278">
        <ele>78</ele>
        <time>2023-06-11T01:38:00Z</time>
      </trkpt>
      <trkpt lat="36.70438346365408" lon="117.21411411240521">
        <ele>78</ele>
        <time>2023-06-11T01:38:01Z</time>
      </trkpt>
      <trkpt lat="36.70437200872085" lon="117.21411629670686">
        <ele>78</ele>
        <time>2023-06-11T01:38:02Z</time>
      </trkpt>
      <trkpt lat="36.70436055202843" lon="117.21411851221912">
        <ele>78</ele>
        <time>2023-06-11T01:38:03Z</time>
      </trkpt>
      <trkpt lat="36.7043498444182" lon="117.21412188877827">
        <ele>78</ele>
        <time>2023-06-11T01:38:04Z</time>
      </trkpt>
      <trkpt lat="36.70434015951826" lon="117.21412642946136">
        <ele>78</ele>
        <time>2023-06-11T01:38:05Z</time>
      </trkpt>
      <trkpt lat="36.70433168331436" lon="117.21413218435764">
        <ele>78</ele>
        <time>2023-06-11T01:38:06Z</time>
      </trkpt>
      <trkpt lat="36.70432447469598" lon="117.21413921476156">
        <ele>78</ele>
        <time>2023-06-11T01:38:07Z</time>
      </trkpt>
      <trkpt lat="36.704318473636" lon="117.21414746745938">
        <ele>78</ele>
        <time>2023-06-11T01:38:08Z</time>
      </trkpt>
      <trkpt lat="36.70431366508494" lon="117.2141568771707">
        <ele>78.2</ele>
        <time>2023-06-11T01:38:09Z</time>
      </trkpt>
      <trkpt lat="36.70431004970573" lon="117.214167507683">
        <ele>78.2</ele>
        <time>2023-06-11T01:38:10Z</time>
      </trkpt>
      <trkpt lat="36.70430755558058" lon="117.21417940501051">
        <ele>78.2</ele>
        <time>2023-06-11T01:38:11Z</time>
      </trkpt>
      <trkpt lat="36.704306111571526" lon="117.21419245687646">
        <ele>78.2</ele>
        <time>2023-06-11T01:38:12Z</time>
      </trkpt>
      <trkpt lat="36.70430571476649" lon="117.214206925895">
        <ele>78.2</ele>
        <time>2023-06-11T01:38:13Z</time>
      </trkpt>
      <trkpt lat="36.704306339073334" lon="117.21422280087567">
        <ele>78.2</ele>
        <time>2023-06-11T01:38:14Z</time>
      </trkpt>
      <trkpt lat="36.704307014775644" lon="117.2142387643741">
        <ele>78.2</ele>
        <time>2023-06-11T01:38:15Z</time>
      </trkpt>
      <trkpt lat="36.704307307501885" lon="117.21425467804437">
        <ele>78.2</ele>
        <time>2023-06-11T01:38:16Z</time>
      </trkpt>
      <trkpt lat="36.704306824281915" lon="117.21427039781639">
        <ele>78.2</ele>
        <time>2023-06-11T01:38:17Z</time>
      </trkpt>
      <trkpt lat="36.704305528682994" lon="117.21428587333527">
        <ele>78.2</ele>
        <time>2023-06-11T01:38:18Z</time>
      </trkpt>
      <trkpt lat="36.704303190016844" lon="117.21430085307978">
        <ele>78.5</ele>
        <time>2023-06-11T01:38:19Z</time>
      </trkpt>
      <trkpt lat="36.70429967257078" lon="117.21431505455674">
        <ele>78.5</ele>
        <time>2023-06-11T01:38:20Z</time>
      </trkpt>
      <trkpt lat="36.704294952918325" lon="117.21432839495704">
        <ele>78.5</ele>
        <time>2023-06-11T01:38:21Z</time>
      </trkpt>
      <trkpt lat="36.70428906282892" lon="117.21434050746413">
        <ele>78.5</ele>
        <time>2023-06-11T01:38:22Z</time>
      </trkpt>
      <trkpt lat="36.70428209319192" lon="117.21435135513924">
        <ele>78.5</ele>
        <time>2023-06-11T01:38:23Z</time>
      </trkpt>
      <trkpt lat="36.70427411556087" lon="117.21436082855335">
        <ele>78.5</ele>
        <time>2023-06-11T01:38:24Z</time>
      </trkpt>
      <trkpt lat="36.70426519583262" lon="117.21436897805962">
        <ele>78.5</ele>
        <time>2023-06-11T01:38:25Z</time>
      </trkpt>
      <trkpt lat="36.70425561036071" lon="117.21437598554265">
        <ele>78.5</ele>
        <time>2023-06-11T01:38:26Z</time>
      </trkpt>
      <trkpt lat="36.70424560877215" lon="117.2143821757605">
        <ele>78.5</ele>
        <time>2023-06-11T01:38:27Z</time>
      </trkpt>
      <trkpt lat="36.7042354901113" lon="117.2143878714757">
        <ele>78.5</ele>
        <time>2023-06-11T01:38:28Z</time>
      </trkpt>
      <trkpt lat="36.70422525185965" lon="117.21439309134043">
        <ele>78.9</ele>
        <time>2023-06-11T01:38:29Z</time>
      </trkpt>
      <trkpt lat="36.704215463511" lon="117.21439835902518">
        <ele>78.9</ele>
        <time>2023-06-11T01:38:30Z</time>
      </trkpt>
      <trkpt lat="36.704206381090394" lon="117.21440402689043">
        <ele>78.9</ele>
        <time>2023-06-11T01:38:31Z</time>
      </trkpt>
      <trkpt lat="36.704197921728735" lon="117.21441013809248">
        <ele>78.9</ele>
        <time>2023-06-11T01:38:32Z</time>
      </trkpt>
      <trkpt lat="36.70419014548286" lon="117.2144170634164">
        <ele>78.9</ele>
        <time>2023-06-11T01:38:33Z</time>
      </trkpt>
      <trkpt lat="36.70418283606159" lon="117.2144245168963">
        <ele>78.9</ele>
        <time>2023-06-11T01:38:34Z</time>
      </trkpt>
      <trkpt lat="36.704175903423994" lon="117.21443244097092">
        <ele>78.9</ele>
        <time>2023-06-11T01:38:35Z</time>
      </trkpt>
      <trkpt lat="36.70416929803223" lon="117.21444081811315">
        <ele>78.9</ele>
        <time>2023-06-11T01:38:36Z</time>
      </trkpt>
      <trkpt lat="36.70416284199865" lon="117.2144494890589">
        <ele>78.9</ele>
        <time>2023-06-11T01:38:37Z</time>
      </trkpt>
      <trkpt lat="36.704156390457314" lon="117.21445822291896">
        <ele>78.9</ele>
        <time>2023-06-11T01:38:38Z</time>
      </trkpt>
      <trkpt lat="36.704149820887736" lon="117.21446683617664">
        <ele>79.4</ele>
        <time>2023-06-11T01:38:39Z</time>
      </trkpt>
      <trkpt lat="36.70414309354709" lon="117.21447530185405">
        <ele>79.4</ele>
        <time>2023-06-11T01:38:40Z</time>
      </trkpt>
      <trkpt lat="36.70413587380457" lon="117.21448329358864">
        <ele>79.4</ele>
        <time>2023-06-11T01:38:41Z</time>
      </trkpt>
      <trkpt lat="36.70412807169295" lon="117.21449092019134">
        <ele>79.4</ele>
        <time>2023-06-11T01:38:42Z</time>
      </trkpt>
      <trkpt lat="36.70411978070243" lon="117.21449820614738">
        <ele>79.4</ele>
        <time>2023-06-11T01:38:43Z</time>
      </trkpt>
      <trkpt lat="36.70411104479865" lon="117.21450521897034">
        <ele>79.4</ele>
        <time>2023-06-11T01:38:44Z</time>
      </trkpt>
      <trkpt lat="36.70410214205611" lon="117.21451236212187">
        <ele>79.4</ele>
        <time>2023-06-11T01:38:45Z</time>
      </trkpt>
      <trkpt lat="36.70409317136919" lon="117.21451978480219">
        <ele>79.4</ele>
        <time>2023-06-11T01:38:46Z</time>
      </trkpt>
      <trkpt lat="36.70408418107349" lon="117.2145274975747">
        <ele>79.4</ele>
        <time>2023-06-11T01:38:47Z</time>
      </trkpt>
      <trkpt lat="36.70407529875988" lon="117.21453543837754">
        <ele>79.4</ele>
        <time>2023-06-11T01:38:48Z</time>
      </trkpt>
      <trkpt lat="36.70406650102247" lon="117.21454349679672">
        <ele>79.9</ele>
        <time>2023-06-11T01:38:49Z</time>
      </trkpt>
      <trkpt lat="36.70405777659515" lon="117.214551558811">
        <ele>79.9</ele>
        <time>2023-06-11T01:38:50Z</time>
      </trkpt>
      <trkpt lat="36.70404913580285" lon="117.21455955031095">
        <ele>79.9</ele>
        <time>2023-06-11T01:38:51Z</time>
      </trkpt>
      <trkpt lat="36.70404056505066" lon="117.21456751146084">
        <ele>79.9</ele>
        <time>2023-06-11T01:38:52Z</time>
      </trkpt>
      <trkpt lat="36.70403187504803" lon="117.21457537252603">
        <ele>79.9</ele>
        <time>2023-06-11T01:38:53Z</time>
      </trkpt>
      <trkpt lat="36.704023020766215" lon="117.2145830963332">
        <ele>79.9</ele>
        <time>2023-06-11T01:38:54Z</time>
      </trkpt>
      <trkpt lat="36.70401378178833" lon="117.21459083336217">
        <ele>79.9</ele>
        <time>2023-06-11T01:38:55Z</time>
      </trkpt>
      <trkpt lat="36.70400415147254" lon="117.21459841711892">
        <ele>79.9</ele>
        <time>2023-06-11T01:38:56Z</time>
      </trkpt>
      <trkpt lat="36.703994145869856" lon="117.21460577598049">
        <ele>79.9</ele>
        <time>2023-06-11T01:38:57Z</time>
      </trkpt>
      <trkpt lat="36.70398373000461" lon="117.21461277615839">
        <ele>79.9</ele>
        <time>2023-06-11T01:38:58Z</time>
      </trkpt>
      <trkpt lat="36.703972879776764" lon="117.21461935734965">
        <ele>80.2</ele>
        <time>2023-06-11T01:38:59Z</time>
      </trkpt>
      <trkpt lat="36.70396170759419" lon="117.21462545326717">
        <ele>80.2</ele>
        <time>2023-06-11T01:39:00Z</time>
      </trkpt>
      <trkpt lat="36.70395025941907" lon="117.21463108902329">
        <ele>80.2</ele>
        <time>2023-06-11T01:39:01Z</time>
      </trkpt>
      <trkpt lat="36.70393853169823" lon="117.21463639008017">
        <ele>80.2</ele>
        <time>2023-06-11T01:39:02Z</time>
      </trkpt>
      <trkpt lat="36.70392659633335" lon="117.21464129512911">
        <ele>80.2</ele>
        <time>2023-06-11T01:39:03Z</time>
      </trkpt>
      <trkpt lat="36.703914633902194" lon="117.21464572581401">
        <ele>80.2</ele>
        <time>2023-06-11T01:39:04Z</time>
      </trkpt>
      <trkpt lat="36.703902586542796" lon="117.21464969979836">
        <ele>80.2</ele>
        <time>2023-06-11T01:39:05Z</time>
      </trkpt>
      <trkpt lat="36.70389066920969" lon="117.21465302954968">
        <ele>80.2</ele>
        <time>2023-06-11T01:39:06Z</time>
      </trkpt>
      <trkpt lat="36.703878831382085" lon="117.21465580547078">
        <ele>80.2</ele>
        <time>2023-06-11T01:39:07Z</time>
      </trkpt>
      <trkpt lat="36.7038670705848" lon="117.21465804024507">
        <ele>80.2</ele>
        <time>2023-06-11T01:39:08Z</time>
      </trkpt>
      <trkpt lat="36.703855406329644" lon="117.21465988121612">
        <ele>80.3</ele>
        <time>2023-06-11T01:39:09Z</time>
      </trkpt>
      <trkpt lat="36.703843738920405" lon="117.2146610082915">
        <ele>80.3</ele>
        <time>2023-06-11T01:39:10Z</time>
      </trkpt>
      <trkpt lat="36.70383212332317" lon="117.21466202343204">
        <ele>80.3</ele>
        <time>2023-06-11T01:39:11Z</time>
      </trkpt>
      <trkpt lat="36.70382059195466" lon="117.2146631330182">
        <ele>80.3</ele>
        <time>2023-06-11T01:39:12Z</time>
      </trkpt>
      <trkpt lat="36.70380924770253" lon="117.21466444706596">
        <ele>80.3</ele>
        <time>2023-06-11T01:39:13Z</time>
      </trkpt>
      <trkpt lat="36.703798021735274" lon="117.21466596906254">
        <ele>80.3</ele>
        <time>2023-06-11T01:39:14Z</time>
      </trkpt>
      <trkpt lat="36.703785332386325" lon="117.21466402330134">
        <ele>80.3</ele>
        <time>2023-06-11T01:39:15Z</time>
      </trkpt>
      <trkpt lat="36.70377387784572" lon="117.21466516782633">
        <ele>80.3</ele>
        <time>2023-06-11T01:39:16Z</time>
      </trkpt>
      <trkpt lat="36.70376323993049" lon="117.21466769890752">
        <ele>80.3</ele>
        <time>2023-06-11T01:39:17Z</time>
      </trkpt>
      <trkpt lat="36.703753406055306" lon="117.2146716330563">
        <ele>80.3</ele>
        <time>2023-06-11T01:39:18Z</time>
      </trkpt>
      <trkpt lat="36.70374340410387" lon="117.2146750884818">
        <ele>80.5</ele>
        <time>2023-06-11T01:39:19Z</time>
      </trkpt>
      <trkpt lat="36.70373285010374" lon="117.21467812843187">
        <ele>80.5</ele>
        <time>2023-06-11T01:39:20Z</time>
      </trkpt>
      <trkpt lat="36.703722703708344" lon="117.21468209791396">
        <ele>80.5</ele>
        <time>2023-06-11T01:39:21Z</time>
      </trkpt>
      <trkpt lat="36.70371287459839" lon="117.21468745607343">
        <ele>80.5</ele>
        <time>2023-06-11T01:39:22Z</time>
      </trkpt>
      <trkpt lat="36.70370299812727" lon="117.21469417041419">
        <ele>80.5</ele>
        <time>2023-06-11T01:39:23Z</time>
      </trkpt>
      <trkpt lat="36.70369305396067" lon="117.21470206074194">
        <ele>80.5</ele>
        <time>2023-06-11T01:39:24Z</time>
      </trkpt>
      <trkpt lat="36.703682936054356" lon="117.21471121153587">
        <ele>80.5</ele>
        <time>2023-06-11T01:39:25Z</time>
      </trkpt>
      <trkpt lat="36.70367215905792" lon="117.21471909901423">
        <ele>80.5</ele>
        <time>2023-06-11T01:39:26Z</time>
      </trkpt>
      <trkpt lat="36.70366104811371" lon="117.21472705271015">
        <ele>80.5</ele>
        <time>2023-06-11T01:39:27Z</time>
      </trkpt>
      <trkpt lat="36.703649564939745" lon="117.21473470306205">
        <ele>80.5</ele>
        <time>2023-06-11T01:39:28Z</time>
      </trkpt>
      <trkpt lat="36.70363773505984" lon="117.21474188101824">
        <ele>80.8</ele>
        <time>2023-06-11T01:39:29Z</time>
      </trkpt>
      <trkpt lat="36.70362555629792" lon="117.21474829906552">
        <ele>80.8</ele>
        <time>2023-06-11T01:39:30Z</time>
      </trkpt>
      <trkpt lat="36.70361319200758" lon="117.214754682923">
        <ele>80.8</ele>
        <time>2023-06-11T01:39:31Z</time>
      </trkpt>
      <trkpt lat="36.703600268818604" lon="117.21476009259983">
        <ele>80.8</ele>
        <time>2023-06-11T01:39:32Z</time>
      </trkpt>
      <trkpt lat="36.70358702788705" lon="117.21476479301622">
        <ele>80.8</ele>
        <time>2023-06-11T01:39:33Z</time>
      </trkpt>
      <trkpt lat="36.70357373694509" lon="117.21476813569798">
        <ele>80.8</ele>
        <time>2023-06-11T01:39:34Z</time>
      </trkpt>
      <trkpt lat="36.70356054782899" lon="117.21477042317368">
        <ele>80.8</ele>
        <time>2023-06-11T01:39:35Z</time>
      </trkpt>
      <trkpt lat="36.70354752535529" lon="117.21477183359299">
        <ele>80.8</ele>
        <time>2023-06-11T01:39:36Z</time>
      </trkpt>
      <trkpt lat="36.703534643387115" lon="117.21477249471523">
        <ele>80.8</ele>
        <time>2023-06-11T01:39:37Z</time>
      </trkpt>
      <trkpt lat="36.703521946301834" lon="117.21477269080756">
        <ele>80.8</ele>
        <time>2023-06-11T01:39:38Z</time>
      </trkpt>
      <trkpt lat="36.703509459893446" lon="117.21477267249163">
        <ele>80.9</ele>
        <time>2023-06-11T01:39:39Z</time>
      </trkpt>
      <trkpt lat="36.70349717205204" lon="117.21477241487496">
        <ele>80.9</ele>
        <time>2023-06-11T01:39:40Z</time>
      </trkpt>
      <trkpt lat="36.70348509965827" lon="117.21477195420938">
        <ele>80.9</ele>
        <time>2023-06-11T01:39:41Z</time>
      </trkpt>
      <trkpt lat="36.70347319340355" lon="117.2147712988105">
        <ele>80.9</ele>
        <time>2023-06-11T01:39:42Z</time>
      </trkpt>
      <trkpt lat="36.70346143903512" lon="117.21477044072641">
        <ele>80.9</ele>
        <time>2023-06-11T01:39:43Z</time>
      </trkpt>
      <trkpt lat="36.70344969154634" lon="117.21476881909898">
        <ele>80.9</ele>
        <time>2023-06-11T01:39:44Z</time>
      </trkpt>
      <trkpt lat="36.70343807271677" lon="117.21476722406021">
        <ele>80.9</ele>
        <time>2023-06-11T01:39:45Z</time>
      </trkpt>
      <trkpt lat="36.70342654960356" lon="117.21476564860848">
        <ele>80.9</ele>
        <time>2023-06-11T01:39:46Z</time>
      </trkpt>
      <trkpt lat="36.70341521231549" lon="117.21476470454411">
        <ele>80.9</ele>
        <time>2023-06-11T01:39:47Z</time>
      </trkpt>
      <trkpt lat="36.70340404192852" lon="117.2147643467237">
        <ele>80.9</ele>
        <time>2023-06-11T01:39:48Z</time>
      </trkpt>
      <trkpt lat="36.703393040975854" lon="117.21476456573656">
        <ele>80.7</ele>
        <time>2023-06-11T01:39:49Z</time>
      </trkpt>
      <trkpt lat="36.703382125844826" lon="117.21476514458412">
        <ele>80.7</ele>
        <time>2023-06-11T01:39:50Z</time>
      </trkpt>
      <trkpt lat="36.70337127203894" lon="117.21476594739926">
        <ele>80.7</ele>
        <time>2023-06-11T01:39:51Z</time>
      </trkpt>
      <trkpt lat="36.7033604868134" lon="117.21476704374845">
        <ele>80.7</ele>
        <time>2023-06-11T01:39:52Z</time>
      </trkpt>
      <trkpt lat="36.703349761532984" lon="117.21476849983712">
        <ele>80.7</ele>
        <time>2023-06-11T01:39:53Z</time>
      </trkpt>
      <trkpt lat="36.70333928297572" lon="117.21477004137182">
        <ele>80.7</ele>
        <time>2023-06-11T01:39:54Z</time>
      </trkpt>
      <trkpt lat="36.7033291028841" lon="117.21477154641762">
        <ele>80.7</ele>
        <time>2023-06-11T01:39:55Z</time>
      </trkpt>
      <trkpt lat="36.70331919242737" lon="117.21477288231631">
        <ele>80.7</ele>
        <time>2023-06-11T01:39:56Z</time>
      </trkpt>
      <trkpt lat="36.70330970572668" lon="117.2147736993139">
        <ele>80.7</ele>
        <time>2023-06-11T01:39:57Z</time>
      </trkpt>
      <trkpt lat="36.70330049590047" lon="117.21477332206408">
        <ele>80.7</ele>
        <time>2023-06-11T01:39:58Z</time>
      </trkpt>
      <trkpt lat="36.7032915168945" lon="117.21477183534596">
        <ele>81.1</ele>
        <time>2023-06-11T01:39:59Z</time>
      </trkpt>
      <trkpt lat="36.70328273618498" lon="117.21476922692538">
        <ele>81.1</ele>
        <time>2023-06-11T01:40:00Z</time>
      </trkpt>
      <trkpt lat="36.70327414046977" lon="117.21476591928915">
        <ele>81.1</ele>
        <time>2023-06-11T01:40:01Z</time>
      </trkpt>
      <trkpt lat="36.70326567991202" lon="117.21476221510166">
        <ele>81.1</ele>
        <time>2023-06-11T01:40:02Z</time>
      </trkpt>
      <trkpt lat="36.7032573008231" lon="117.21475830394981">
        <ele>81.1</ele>
        <time>2023-06-11T01:40:03Z</time>
      </trkpt>
      <trkpt lat="36.70324900567969" lon="117.21475418359474">
        <ele>81.1</ele>
        <time>2023-06-11T01:40:04Z</time>
      </trkpt>
      <trkpt lat="36.703240580288586" lon="117.21475008375332">
        <ele>81.1</ele>
        <time>2023-06-11T01:40:05Z</time>
      </trkpt>
      <trkpt lat="36.70323194427479" lon="117.2147459354316">
        <ele>81.1</ele>
        <time>2023-06-11T01:40:06Z</time>
      </trkpt>
      <trkpt lat="36.70322309862959" lon="117.2147415713405">
        <ele>81.1</ele>
        <time>2023-06-11T01:40:07Z</time>
      </trkpt>
      <trkpt lat="36.70321380971832" lon="117.21473727481595">
        <ele>81.1</ele>
        <time>2023-06-11T01:40:08Z</time>
      </trkpt>
      <trkpt lat="36.70320413067605" lon="117.21473306829509">
        <ele>81.1</ele>
        <time>2023-06-11T01:40:09Z</time>
      </trkpt>
      <trkpt lat="36.70319402995267" lon="117.21472897272345">
        <ele>81.1</ele>
        <time>2023-06-11T01:40:10Z</time>
      </trkpt>
      <trkpt lat="36.70318346252437" lon="117.2147252881957">
        <ele>81.1</ele>
        <time>2023-06-11T01:40:11Z</time>
      </trkpt>
      <trkpt lat="36.70317249134461" lon="117.21472211717112">
        <ele>81.1</ele>
        <time>2023-06-11T01:40:12Z</time>
      </trkpt>
      <trkpt lat="36.70316120306125" lon="117.21471937330118">
        <ele>81.1</ele>
        <time>2023-06-11T01:40:13Z</time>
      </trkpt>
      <trkpt lat="36.70314979401542" lon="117.21471754254605">
        <ele>81.1</ele>
        <time>2023-06-11T01:40:14Z</time>
      </trkpt>
      <trkpt lat="36.703138225406406" lon="117.21471653390871">
        <ele>81.1</ele>
        <time>2023-06-11T01:40:15Z</time>
      </trkpt>
      <trkpt lat="36.703126527907926" lon="117.21471634824589">
        <ele>81.1</ele>
        <time>2023-06-11T01:40:16Z</time>
      </trkpt>
      <trkpt lat="36.70311473554049" lon="117.2147170800724">
        <ele>81.1</ele>
        <time>2023-06-11T01:40:17Z</time>
      </trkpt>
      <trkpt lat="36.70310288339142" lon="117.2147188903906">
        <ele>81.1</ele>
        <time>2023-06-11T01:40:18Z</time>
      </trkpt>
      <trkpt lat="36.703091024885246" lon="117.2147217929145">
        <ele>81.4</ele>
        <time>2023-06-11T01:40:19Z</time>
      </trkpt>
      <trkpt lat="36.703079213732835" lon="117.21472592865261">
        <ele>81.4</ele>
        <time>2023-06-11T01:40:20Z</time>
      </trkpt>
      <trkpt lat="36.70306750821841" lon="117.21473118262871">
        <ele>81.4</ele>
        <time>2023-06-11T01:40:21Z</time>
      </trkpt>
      <trkpt lat="36.70305598647" lon="117.21473726936905">
        <ele>81.4</ele>
        <time>2023-06-11T01:40:22Z</time>
      </trkpt>
      <trkpt lat="36.70304461623487" lon="117.21474380527798">
        <ele>81.4</ele>
        <time>2023-06-11T01:40:23Z</time>
      </trkpt>
      <trkpt lat="36.70303330951016" lon="117.21475053018132">
        <ele>81.4</ele>
        <time>2023-06-11T01:40:24Z</time>
      </trkpt>
      <trkpt lat="36.70302189867266" lon="117.21475667165656">
        <ele>81.4</ele>
        <time>2023-06-11T01:40:25Z</time>
      </trkpt>
      <trkpt lat="36.7030104477688" lon="117.21476216375432">
        <ele>81.4</ele>
        <time>2023-06-11T01:40:26Z</time>
      </trkpt>
      <trkpt lat="36.702998957702356" lon="117.21476704416537">
        <ele>81.4</ele>
        <time>2023-06-11T01:40:27Z</time>
      </trkpt>
      <trkpt lat="36.70298745508076" lon="117.21477137327017">
        <ele>81.4</ele>
        <time>2023-06-11T01:40:28Z</time>
      </trkpt>
      <trkpt lat="36.702975982319195" lon="117.214775453895">
        <ele>81.2</ele>
        <time>2023-06-11T01:40:29Z</time>
      </trkpt>
      <trkpt lat="36.70296468816503" lon="117.2147797004277">
        <ele>81.2</ele>
        <time>2023-06-11T01:40:30Z</time>
      </trkpt>
      <trkpt lat="36.702953607113365" lon="117.21478414274844">
        <ele>81.2</ele>
        <time>2023-06-11T01:40:31Z</time>
      </trkpt>
      <trkpt lat="36.70294288167305" lon="117.21478893011925">
        <ele>81.2</ele>
        <time>2023-06-11T01:40:32Z</time>
      </trkpt>
      <trkpt lat="36.70293258109192" lon="117.21479411274025">
        <ele>81.2</ele>
        <time>2023-06-11T01:40:33Z</time>
      </trkpt>
      <trkpt lat="36.70292235582107" lon="117.21479910699884">
        <ele>81.2</ele>
        <time>2023-06-11T01:40:34Z</time>
      </trkpt>
      <trkpt lat="36.70291227215788" lon="117.21480408851662">
        <ele>81.2</ele>
        <time>2023-06-11T01:40:35Z</time>
      </trkpt>
      <trkpt lat="36.702902341173335" lon="117.21480923071643">
        <ele>81.2</ele>
        <time>2023-06-11T01:40:36Z</time>
      </trkpt>
      <trkpt lat="36.70289261575448" lon="117.21481496622613">
        <ele>81.2</ele>
        <time>2023-06-11T01:40:37Z</time>
      </trkpt>
      <trkpt lat="36.7028831107756" lon="117.2148213618978">
        <ele>81.2</ele>
        <time>2023-06-11T01:40:38Z</time>
      </trkpt>
      <trkpt lat="36.70287393583561" lon="117.21482859101134">
        <ele>81.1</ele>
        <time>2023-06-11T01:40:39Z</time>
      </trkpt>
      <trkpt lat="36.70286502064123" lon="117.21483634888479">
        <ele>81.1</ele>
        <time>2023-06-11T01:40:40Z</time>
      </trkpt>
      <trkpt lat="36.702856213775625" lon="117.21484420781354">
        <ele>81.1</ele>
        <time>2023-06-11T01:40:41Z</time>
      </trkpt>
      <trkpt lat="36.70284744579892" lon="117.2148519181977">
        <ele>81.1</ele>
        <time>2023-06-11T01:40:42Z</time>
      </trkpt>
      <trkpt lat="36.70283858523955" lon="117.2148593376554">
        <ele>81.1</ele>
        <time>2023-06-11T01:40:43Z</time>
      </trkpt>
      <trkpt lat="36.702829565297954" lon="117.21486646169717">
        <ele>81.1</ele>
        <time>2023-06-11T01:40:44Z</time>
      </trkpt>
      <trkpt lat="36.702820798726805" lon="117.2148739888267">
        <ele>81.1</ele>
        <time>2023-06-11T01:40:45Z</time>
      </trkpt>
      <trkpt lat="36.70281232252668" lon="117.2148820631458">
        <ele>81.1</ele>
        <time>2023-06-11T01:40:46Z</time>
      </trkpt>
      <trkpt lat="36.70280418177666" lon="117.21489075341832">
        <ele>81.1</ele>
        <time>2023-06-11T01:40:47Z</time>
      </trkpt>
      <trkpt lat="36.702796453021264" lon="117.21489993954532">
        <ele>81.1</ele>
        <time>2023-06-11T01:40:48Z</time>
      </trkpt>
      <trkpt lat="36.70278908654684" lon="117.21490955974059">
        <ele>81.2</ele>
        <time>2023-06-11T01:40:49Z</time>
      </trkpt>
      <trkpt lat="36.70278205713972" lon="117.21491951719428">
        <ele>81.2</ele>
        <time>2023-06-11T01:40:50Z</time>
      </trkpt>
      <trkpt lat="36.70277545049876" lon="117.21492991981292">
        <ele>81.2</ele>
        <time>2023-06-11T01:40:51Z</time>
      </trkpt>
      <trkpt lat="36.70276928020568" lon="117.21494083616756">
        <ele>81.2</ele>
        <time>2023-06-11T01:40:52Z</time>
      </trkpt>
      <trkpt lat="36.70276352956263" lon="117.21495238796521">
        <ele>81.2</ele>
        <time>2023-06-11T01:40:53Z</time>
      </trkpt>
      <trkpt lat="36.70275832951491" lon="117.2149646175059">
        <ele>81.2</ele>
        <time>2023-06-11T01:40:54Z</time>
      </trkpt>
      <trkpt lat="36.702753656195746" lon="117.21497744347224">
        <ele>81.2</ele>
        <time>2023-06-11T01:40:55Z</time>
      </trkpt>
      <trkpt lat="36.702749484782544" lon="117.21499078053556">
        <ele>81.2</ele>
        <time>2023-06-11T01:40:56Z</time>
      </trkpt>
      <trkpt lat="36.70274577922701" lon="117.21500455861666">
        <ele>81.2</ele>
        <time>2023-06-11T01:40:57Z</time>
      </trkpt>
      <trkpt lat="36.7027423445538" lon="117.21501862354792">
        <ele>81.2</ele>
        <time>2023-06-11T01:40:58Z</time>
      </trkpt>
      <trkpt lat="36.70273917058918" lon="117.21503286964787">
        <ele>81.1</ele>
        <time>2023-06-11T01:40:59Z</time>
      </trkpt>
      <trkpt lat="36.702736235838486" lon="117.21504725336176">
        <ele>81.1</ele>
        <time>2023-06-11T01:41:00Z</time>
      </trkpt>
      <trkpt lat="36.70273344034311" lon="117.21506162293635">
        <ele>81.1</ele>
        <time>2023-06-11T01:41:01Z</time>
      </trkpt>
      <trkpt lat="36.70273067965305" lon="117.21507587541937">
        <ele>81.1</ele>
        <time>2023-06-11T01:41:02Z</time>
      </trkpt>
      <trkpt lat="36.70272772462419" lon="117.2150898527164">
        <ele>81.1</ele>
        <time>2023-06-11T01:41:03Z</time>
      </trkpt>
      <trkpt lat="36.70272450547955" lon="117.21510346076153">
        <ele>81.1</ele>
        <time>2023-06-11T01:41:04Z</time>
      </trkpt>
      <trkpt lat="36.70272094671186" lon="117.21511672089838">
        <ele>81.1</ele>
        <time>2023-06-11T01:41:05Z</time>
      </trkpt>
      <trkpt lat="36.70271705204245" lon="117.2151296706072">
        <ele>81.1</ele>
        <time>2023-06-11T01:41:06Z</time>
      </trkpt>
      <trkpt lat="36.70271292322921" lon="117.21514245707357">
        <ele>81.1</ele>
        <time>2023-06-11T01:41:07Z</time>
      </trkpt>
      <trkpt lat="36.702708580462414" lon="117.21515513216491">
        <ele>81.1</ele>
        <time>2023-06-11T01:41:08Z</time>
      </trkpt>
      <trkpt lat="36.70270413320024" lon="117.21516778693766">
        <ele>81.1</ele>
        <time>2023-06-11T01:41:09Z</time>
      </trkpt>
      <trkpt lat="36.702699443414765" lon="117.21518040095897">
        <ele>81.1</ele>
        <time>2023-06-11T01:41:10Z</time>
      </trkpt>
      <trkpt lat="36.70269456368195" lon="117.21519300691423">
        <ele>81.1</ele>
        <time>2023-06-11T01:41:11Z</time>
      </trkpt>
      <trkpt lat="36.702689495167924" lon="117.2152056505144">
        <ele>81.1</ele>
        <time>2023-06-11T01:41:12Z</time>
      </trkpt>
      <trkpt lat="36.702684316765755" lon="117.21521837284963">
        <ele>81.1</ele>
        <time>2023-06-11T01:41:13Z</time>
      </trkpt>
      <trkpt lat="36.70267924204848" lon="117.21523133279439">
        <ele>81.1</ele>
        <time>2023-06-11T01:41:14Z</time>
      </trkpt>
      <trkpt lat="36.70267425551121" lon="117.21524454084047">
        <ele>81.1</ele>
        <time>2023-06-11T01:41:15Z</time>
      </trkpt>
      <trkpt lat="36.70266932288785" lon="117.21525793515235">
        <ele>81.1</ele>
        <time>2023-06-11T01:41:16Z</time>
      </trkpt>
      <trkpt lat="36.70266438446398" lon="117.21527147407794">
        <ele>81.1</ele>
        <time>2023-06-11T01:41:17Z</time>
      </trkpt>
      <trkpt lat="36.70265921822689" lon="117.21528493333805">
        <ele>81.1</ele>
        <time>2023-06-11T01:41:18Z</time>
      </trkpt>
      <trkpt lat="36.70265370307256" lon="117.21529815345758">
        <ele>81</ele>
        <time>2023-06-11T01:41:19Z</time>
      </trkpt>
      <trkpt lat="36.702647882631815" lon="117.2153111060729">
        <ele>81</ele>
        <time>2023-06-11T01:41:20Z</time>
      </trkpt>
      <trkpt lat="36.70264159794215" lon="117.2153235416168">
        <ele>81</ele>
        <time>2023-06-11T01:41:21Z</time>
      </trkpt>
      <trkpt lat="36.70263474343729" lon="117.21533523594584">
        <ele>81</ele>
        <time>2023-06-11T01:41:22Z</time>
      </trkpt>
      <trkpt lat="36.70262726534009" lon="117.21534596373384">
        <ele>81</ele>
        <time>2023-06-11T01:41:23Z</time>
      </trkpt>
      <trkpt lat="36.70261911276774" lon="117.21535548862802">
        <ele>81</ele>
        <time>2023-06-11T01:41:24Z</time>
      </trkpt>
      <trkpt lat="36.702610292876294" lon="117.21536380526328">
        <ele>81</ele>
        <time>2023-06-11T01:41:25Z</time>
      </trkpt>
      <trkpt lat="36.70260096439303" lon="117.2153705897423">
        <ele>81</ele>
        <time>2023-06-11T01:41:26Z</time>
      </trkpt>
      <trkpt lat="36.702591186140715" lon="117.21537573299095">
        <ele>81</ele>
        <time>2023-06-11T01:41:27Z</time>
      </trkpt>
      <trkpt lat="36.70258106523718" lon="117.21537931244795">
        <ele>81</ele>
        <time>2023-06-11T01:41:28Z</time>
      </trkpt>
      <trkpt lat="36.70257070956119" lon="117.21538143248856">
        <ele>80.8</ele>
        <time>2023-06-11T01:41:29Z</time>
      </trkpt>
      <trkpt lat="36.70256027985302" lon="117.21538220533401">
        <ele>80.8</ele>
        <time>2023-06-11T01:41:30Z</time>
      </trkpt>
      <trkpt lat="36.70254978587303" lon="117.21538176625067">
        <ele>80.8</ele>
        <time>2023-06-11T01:41:31Z</time>
      </trkpt>
      <trkpt lat="36.70253940082399" lon="117.21538047639035">
        <ele>80.8</ele>
        <time>2023-06-11T01:41:32Z</time>
      </trkpt>
      <trkpt lat="36.70252917365146" lon="117.21537853806376">
        <ele>80.8</ele>
        <time>2023-06-11T01:41:33Z</time>
      </trkpt>
      <trkpt lat="36.702519285769455" lon="117.21537695984435">
        <ele>80.8</ele>
        <time>2023-06-11T01:41:34Z</time>
      </trkpt>
      <trkpt lat="36.7025099615974" lon="117.21537624363562">
        <ele>80.8</ele>
        <time>2023-06-11T01:41:35Z</time>
      </trkpt>
      <trkpt lat="36.70250117076557" lon="117.21537634131758">
        <ele>80.8</ele>
        <time>2023-06-11T01:41:36Z</time>
      </trkpt>
      <trkpt lat="36.70249316440746" lon="117.21537788539955">
        <ele>80.8</ele>
        <time>2023-06-11T01:41:37Z</time>
      </trkpt>
      <trkpt lat="36.7024858369159" lon="117.21538097580033">
        <ele>80.8</ele>
        <time>2023-06-11T01:41:38Z</time>
      </trkpt>
      <trkpt lat="36.702479200245385" lon="117.21538561064924">
        <ele>80.7</ele>
        <time>2023-06-11T01:41:39Z</time>
      </trkpt>
      <trkpt lat="36.70247331612089" lon="117.21539182761825">
        <ele>80.7</ele>
        <time>2023-06-11T01:41:40Z</time>
      </trkpt>
      <trkpt lat="36.70246812612052" lon="117.21539962122674">
        <ele>80.7</ele>
        <time>2023-06-11T01:41:41Z</time>
      </trkpt>
      <trkpt lat="36.70246356293933" lon="117.2154088755859">
        <ele>80.7</ele>
        <time>2023-06-11T01:41:42Z</time>
      </trkpt>
      <trkpt lat="36.70245964856393" lon="117.21541946989333">
        <ele>80.7</ele>
        <time>2023-06-11T01:41:43Z</time>
      </trkpt>
      <trkpt lat="36.70245650034713" lon="117.21543144197318">
        <ele>80.7</ele>
        <time>2023-06-11T01:41:44Z</time>
      </trkpt>
      <trkpt lat="36.7024546077075" lon="117.21544386394797">
        <ele>80.7</ele>
        <time>2023-06-11T01:41:45Z</time>
      </trkpt>
      <trkpt lat="36.70245372978371" lon="117.21545638182293">
        <ele>80.7</ele>
        <time>2023-06-11T01:41:46Z</time>
      </trkpt>
      <trkpt lat="36.70245383392017" lon="117.21546916137987">
        <ele>80.7</ele>
        <time>2023-06-11T01:41:47Z</time>
      </trkpt>
      <trkpt lat="36.70245445263125" lon="117.21548201675199">
        <ele>80.7</ele>
        <time>2023-06-11T01:41:48Z</time>
      </trkpt>
      <trkpt lat="36.70245558526423" lon="117.21549499185096">
        <ele>80.6</ele>
        <time>2023-06-11T01:41:49Z</time>
      </trkpt>
      <trkpt lat="36.7024571308275" lon="117.21550801299166">
        <ele>80.6</ele>
        <time>2023-06-11T01:41:50Z</time>
      </trkpt>
      <trkpt lat="36.70245945099014" lon="117.21552086063684">
        <ele>80.6</ele>
        <time>2023-06-11T01:41:51Z</time>
      </trkpt>
      <trkpt lat="36.70246217456363" lon="117.21553380261139">
        <ele>80.6</ele>
        <time>2023-06-11T01:41:52Z</time>
      </trkpt>
      <trkpt lat="36.70246561320177" lon="117.21554685674435">
        <ele>80.6</ele>
        <time>2023-06-11T01:41:53Z</time>
      </trkpt>
      <trkpt lat="36.702469715432684" lon="117.21556006131927">
        <ele>80.6</ele>
        <time>2023-06-11T01:41:54Z</time>
      </trkpt>
      <trkpt lat="36.70247436335522" lon="117.21557335414583">
        <ele>80.6</ele>
        <time>2023-06-11T01:41:55Z</time>
      </trkpt>
      <trkpt lat="36.70247872522561" lon="117.2155869786541">
        <ele>80.6</ele>
        <time>2023-06-11T01:41:56Z</time>
      </trkpt>
      <trkpt lat="36.702482696632394" lon="117.21560102450452">
        <ele>80.6</ele>
        <time>2023-06-11T01:41:57Z</time>
      </trkpt>
      <trkpt lat="36.70248610154761" lon="117.21561534521791">
        <ele>80.6</ele>
        <time>2023-06-11T01:41:58Z</time>
      </trkpt>
      <trkpt lat="36.70248904679964" lon="117.2156298176726">
        <ele>80.7</ele>
        <time>2023-06-11T01:41:59Z</time>
      </trkpt>
      <trkpt lat="36.70249164085942" lon="117.21564446813603">
        <ele>80.7</ele>
        <time>2023-06-11T01:42:00Z</time>
      </trkpt>
      <trkpt lat="36.70249388463336" lon="117.21565931989613">
        <ele>80.7</ele>
        <time>2023-06-11T01:42:01Z</time>
      </trkpt>
      <trkpt lat="36.70249539293012" lon="117.21567451237676">
        <ele>80.7</ele>
        <time>2023-06-11T01:42:02Z</time>
      </trkpt>
      <trkpt lat="36.70249672523423" lon="117.21568977471789">
        <ele>80.7</ele>
        <time>2023-06-11T01:42:03Z</time>
      </trkpt>
      <trkpt lat="36.70249762630278" lon="117.21570507537675">
        <ele>80.7</ele>
        <time>2023-06-11T01:42:04Z</time>
      </trkpt>
      <trkpt lat="36.70249810483347" lon="117.21572029034998">
        <ele>80.7</ele>
        <time>2023-06-11T01:42:05Z</time>
      </trkpt>
      <trkpt lat="36.70249820722309" lon="117.21573545734289">
        <ele>80.7</ele>
        <time>2023-06-11T01:42:06Z</time>
      </trkpt>
      <trkpt lat="36.70249819050692" lon="117.21575039639976">
        <ele>80.7</ele>
        <time>2023-06-11T01:42:07Z</time>
      </trkpt>
      <trkpt lat="36.702498264971815" lon="117.21576541085052">
        <ele>80.7</ele>
        <time>2023-06-11T01:42:08Z</time>
      </trkpt>
      <trkpt lat="36.702498476933066" lon="117.21578053182628">
        <ele>80.6</ele>
        <time>2023-06-11T01:42:09Z</time>
      </trkpt>
      <trkpt lat="36.702498766261755" lon="117.21579580052519">
        <ele>80.6</ele>
        <time>2023-06-11T01:42:10Z</time>
      </trkpt>
      <trkpt lat="36.70249904011289" lon="117.21581106458557">
        <ele>80.6</ele>
        <time>2023-06-11T01:42:11Z</time>
      </trkpt>
      <trkpt lat="36.70249934118866" lon="117.21582633759321">
        <ele>80.6</ele>
        <time>2023-06-11T01:42:12Z</time>
      </trkpt>
      <trkpt lat="36.702499623693775" lon="117.21584163601119">
        <ele>80.6</ele>
        <time>2023-06-11T01:42:13Z</time>
      </trkpt>
      <trkpt lat="36.70249969991699" lon="117.21585696185787">
        <ele>80.6</ele>
        <time>2023-06-11T01:42:14Z</time>
      </trkpt>
      <trkpt lat="36.70249955873645" lon="117.21587232905918">
        <ele>80.6</ele>
        <time>2023-06-11T01:42:15Z</time>
      </trkpt>
      <trkpt lat="36.7024992454877" lon="117.21588774691891">
        <ele>80.6</ele>
        <time>2023-06-11T01:42:16Z</time>
      </trkpt>
      <trkpt lat="36.702498763710075" lon="117.21590315857993">
        <ele>80.6</ele>
        <time>2023-06-11T01:42:17Z</time>
      </trkpt>
      <trkpt lat="36.70249805644813" lon="117.21591860603266">
        <ele>80.6</ele>
        <time>2023-06-11T01:42:18Z</time>
      </trkpt>
      <trkpt lat="36.702497252829836" lon="117.21593371684686">
        <ele>80.8</ele>
        <time>2023-06-11T01:42:19Z</time>
      </trkpt>
      <trkpt lat="36.70249657152319" lon="117.21594843922365">
        <ele>80.8</ele>
        <time>2023-06-11T01:42:20Z</time>
      </trkpt>
      <trkpt lat="36.70249618058363" lon="117.21596273554329">
        <ele>80.8</ele>
        <time>2023-06-11T01:42:21Z</time>
      </trkpt>
      <trkpt lat="36.702496097964946" lon="117.21597670577918">
        <ele>80.8</ele>
        <time>2023-06-11T01:42:22Z</time>
      </trkpt>
      <trkpt lat="36.70249626298086" lon="117.21599036819158">
        <ele>80.8</ele>
        <time>2023-06-11T01:42:23Z</time>
      </trkpt>
      <trkpt lat="36.70249657915943" lon="117.21600377648573">
        <ele>80.8</ele>
        <time>2023-06-11T01:42:24Z</time>
      </trkpt>
      <trkpt lat="36.702497022017155" lon="117.21601694541317">
        <ele>80.8</ele>
        <time>2023-06-11T01:42:25Z</time>
      </trkpt>
      <trkpt lat="36.70249753752291" lon="117.21602987942505">
        <ele>80.8</ele>
        <time>2023-06-11T01:42:26Z</time>
      </trkpt>
      <trkpt lat="36.702498079246325" lon="117.21604263206542">
        <ele>80.8</ele>
        <time>2023-06-11T01:42:27Z</time>
      </trkpt>
      <trkpt lat="36.7024986211439" lon="117.21605528907641">
        <ele>80.8</ele>
        <time>2023-06-11T01:42:28Z</time>
      </trkpt>
      <trkpt lat="36.70249913932687" lon="117.21606786291693">
        <ele>80.6</ele>
        <time>2023-06-11T01:42:29Z</time>
      </trkpt>
      <trkpt lat="36.7024990144608" lon="117.21608014492048">
        <ele>80.6</ele>
        <time>2023-06-11T01:42:30Z</time>
      </trkpt>
      <trkpt lat="36.70249827522474" lon="117.21609226113607">
        <ele>80.6</ele>
        <time>2023-06-11T01:42:31Z</time>
      </trkpt>
      <trkpt lat="36.70249684018005" lon="117.21610423112357">
        <ele>80.6</ele>
        <time>2023-06-11T01:42:32Z</time>
      </trkpt>
      <trkpt lat="36.702495052534836" lon="117.2161161877882">
        <ele>80.6</ele>
        <time>2023-06-11T01:42:33Z</time>
      </trkpt>
      <trkpt lat="36.70249295040137" lon="117.21612804495179">
        <ele>80.6</ele>
        <time>2023-06-11T01:42:34Z</time>
      </trkpt>
      <trkpt lat="36.70249066980439" lon="117.21613976027359">
        <ele>80.6</ele>
        <time>2023-06-11T01:42:35Z</time>
      </trkpt>
      <trkpt lat="36.70248822749943" lon="117.21615135494177">
        <ele>80.6</ele>
        <time>2023-06-11T01:42:36Z</time>
      </trkpt>
      <trkpt lat="36.702485665475436" lon="117.21616278780743">
        <ele>80.6</ele>
        <time>2023-06-11T01:42:37Z</time>
      </trkpt>
      <trkpt lat="36.702483010672246" lon="117.21617402356681">
        <ele>80.6</ele>
        <time>2023-06-11T01:42:38Z</time>
      </trkpt>
      <trkpt lat="36.70248042986862" lon="117.21618496627562">
        <ele>80.6</ele>
        <time>2023-06-11T01:42:39Z</time>
      </trkpt>
      <trkpt lat="36.702477943872886" lon="117.21619568431137">
        <ele>80.6</ele>
        <time>2023-06-11T01:42:40Z</time>
      </trkpt>
      <trkpt lat="36.70247607846237" lon="117.2162063687506">
        <ele>80.6</ele>
        <time>2023-06-11T01:42:41Z</time>
      </trkpt>
      <trkpt lat="36.70247473381965" lon="117.21621688533243">
        <ele>80.6</ele>
        <time>2023-06-11T01:42:42Z</time>
      </trkpt>
      <trkpt lat="36.70247384278022" lon="117.21622723151602">
        <ele>80.6</ele>
        <time>2023-06-11T01:42:43Z</time>
      </trkpt>
      <trkpt lat="36.7024730716278" lon="117.21623727201053">
        <ele>80.6</ele>
        <time>2023-06-11T01:42:44Z</time>
      </trkpt>
      <trkpt lat="36.70247244035686" lon="117.21624705739926">
        <ele>80.6</ele>
        <time>2023-06-11T01:42:45Z</time>
      </trkpt>
      <trkpt lat="36.702471972773765" lon="117.21625659226422">
        <ele>80.6</ele>
        <time>2023-06-11T01:42:46Z</time>
      </trkpt>
      <trkpt lat="36.70247167020545" lon="117.21626583379089">
        <ele>80.6</ele>
        <time>2023-06-11T01:42:47Z</time>
      </trkpt>
      <trkpt lat="36.70247155068535" lon="117.2162748121576">
        <ele>80.6</ele>
        <time>2023-06-11T01:42:48Z</time>
      </trkpt>
      <trkpt lat="36.70247159476565" lon="117.21628356430716">
        <ele>80.7</ele>
        <time>2023-06-11T01:42:49Z</time>
      </trkpt>
      <trkpt lat="36.70247166437782" lon="117.21629216725982">
        <ele>80.7</ele>
        <time>2023-06-11T01:42:50Z</time>
      </trkpt>
      <trkpt lat="36.702471761790655" lon="117.21630053631856">
        <ele>80.7</ele>
        <time>2023-06-11T01:42:51Z</time>
      </trkpt>
      <trkpt lat="36.7024717650557" lon="117.21630871813514">
        <ele>80.7</ele>
        <time>2023-06-11T01:42:52Z</time>
      </trkpt>
      <trkpt lat="36.7024717253191" lon="117.21631677298635">
        <ele>80.7</ele>
        <time>2023-06-11T01:42:53Z</time>
      </trkpt>
      <trkpt lat="36.70247170660159" lon="117.21632472002673">
        <ele>80.7</ele>
        <time>2023-06-11T01:42:54Z</time>
      </trkpt>
      <trkpt lat="36.702471707470934" lon="117.2163325704614">
        <ele>80.7</ele>
        <time>2023-06-11T01:42:55Z</time>
      </trkpt>
      <trkpt lat="36.70247173636441" lon="117.21634035128368">
        <ele>80.7</ele>
        <time>2023-06-11T01:42:56Z</time>
      </trkpt>
      <trkpt lat="36.70247176130739" lon="117.21634808939821">
        <ele>80.7</ele>
        <time>2023-06-11T01:42:57Z</time>
      </trkpt>
      <trkpt lat="36.70247178598426" lon="117.21635579905542">
        <ele>80.7</ele>
        <time>2023-06-11T01:42:58Z</time>
      </trkpt>
      <trkpt lat="36.70247168712805" lon="117.2163635275597">
        <ele>80.7</ele>
        <time>2023-06-11T01:42:59Z</time>
      </trkpt>
      <trkpt lat="36.70247146805496" lon="117.21637128168632">
        <ele>80.7</ele>
        <time>2023-06-11T01:43:00Z</time>
      </trkpt>
      <trkpt lat="36.70247098107806" lon="117.21637917639096">
        <ele>80.7</ele>
        <time>2023-06-11T01:43:01Z</time>
      </trkpt>
      <trkpt lat="36.70246998212545" lon="117.2163872284385">
        <ele>80.7</ele>
        <time>2023-06-11T01:43:02Z</time>
      </trkpt>
      <trkpt lat="36.702468361587925" lon="117.21639544332712">
        <ele>80.7</ele>
        <time>2023-06-11T01:43:03Z</time>
      </trkpt>
      <trkpt lat="36.70246611133799" lon="117.21640392036241">
        <ele>80.7</ele>
        <time>2023-06-11T01:43:04Z</time>
      </trkpt>
      <trkpt lat="36.702463157555975" lon="117.2164126587444">
        <ele>80.7</ele>
        <time>2023-06-11T01:43:05Z</time>
      </trkpt>
      <trkpt lat="36.70245930625852" lon="117.21642155724753">
        <ele>80.7</ele>
        <time>2023-06-11T01:43:06Z</time>
      </trkpt>
      <trkpt lat="36.7024545693556" lon="117.21643065733274">
        <ele>80.7</ele>
        <time>2023-06-11T01:43:07Z</time>
      </trkpt>
      <trkpt lat="36.702448743384004" lon="117.21643965433314">
        <ele>80.7</ele>
        <time>2023-06-11T01:43:08Z</time>
      </trkpt>
      <trkpt lat="36.70244179265197" lon="117.21644847608219">
        <ele>80.3</ele>
        <time>2023-06-11T01:43:09Z</time>
      </trkpt>
      <trkpt lat="36.7024338255128" lon="117.21645704115046">
        <ele>80.3</ele>
        <time>2023-06-11T01:43:10Z</time>
      </trkpt>
      <trkpt lat="36.702424836416135" lon="117.21646534807793">
        <ele>80.3</ele>
        <time>2023-06-11T01:43:11Z</time>
      </trkpt>
      <trkpt lat="36.702414990193674" lon="117.21647333215056">
        <ele>80.3</ele>
        <time>2023-06-11T01:43:12Z</time>
      </trkpt>
      <trkpt lat="36.70240446854858" lon="117.21648080069097">
        <ele>80.3</ele>
        <time>2023-06-11T01:43:13Z</time>
      </trkpt>
      <trkpt lat="36.7023933665803" lon="117.21648765600055">
        <ele>80.3</ele>
        <time>2023-06-11T01:43:14Z</time>
      </trkpt>
      <trkpt lat="36.70238170314709" lon="117.21649384245782">
        <ele>80.3</ele>
        <time>2023-06-11T01:43:15Z</time>
      </trkpt>
      <trkpt lat="36.70236952487203" lon="117.21649914489831">
        <ele>80.3</ele>
        <time>2023-06-11T01:43:16Z</time>
      </trkpt>
      <trkpt lat="36.702357028852354" lon="117.21650365525386">
        <ele>80.3</ele>
        <time>2023-06-11T01:43:17Z</time>
      </trkpt>
      <trkpt lat="36.702344181428906" lon="117.21650721604033">
        <ele>80.3</ele>
        <time>2023-06-11T01:43:18Z</time>
      </trkpt>
      <trkpt lat="36.70233122060745" lon="117.21651030246247">
        <ele>80.1</ele>
        <time>2023-06-11T01:43:19Z</time>
      </trkpt>
      <trkpt lat="36.702318224028836" lon="117.21651318578827">
        <ele>80.1</ele>
        <time>2023-06-11T01:43:20Z</time>
      </trkpt>
      <trkpt lat="36.70230521199345" lon="117.21651592479">
        <ele>80.1</ele>
        <time>2023-06-11T01:43:21Z</time>
      </trkpt>
      <trkpt lat="36.70229223127414" lon="117.21651868919675">
        <ele>80.1</ele>
        <time>2023-06-11T01:43:22Z</time>
      </trkpt>
      <trkpt lat="36.70227926206455" lon="117.21652144199308">
        <ele>80.1</ele>
        <time>2023-06-11T01:43:23Z</time>
      </trkpt>
      <trkpt lat="36.70226633593066" lon="117.21652432461029">
        <ele>80.1</ele>
        <time>2023-06-11T01:43:24Z</time>
      </trkpt>
      <trkpt lat="36.70225345291782" lon="117.21652717881408">
        <ele>80.1</ele>
        <time>2023-06-11T01:43:25Z</time>
      </trkpt>
      <trkpt lat="36.70224062202568" lon="117.21652967564032">
        <ele>80.1</ele>
        <time>2023-06-11T01:43:26Z</time>
      </trkpt>
      <trkpt lat="36.70222790835401" lon="117.21653189494478">
        <ele>80.1</ele>
        <time>2023-06-11T01:43:27Z</time>
      </trkpt>
      <trkpt lat="36.702215303628606" lon="117.2165338492076">
        <ele>80.1</ele>
        <time>2023-06-11T01:43:28Z</time>
      </trkpt>
      <trkpt lat="36.7022028398785" lon="117.21653592608494">
        <ele>80.2</ele>
        <time>2023-06-11T01:43:29Z</time>
      </trkpt>
      <trkpt lat="36.70219053095635" lon="117.21653829697227">
        <ele>80.2</ele>
        <time>2023-06-11T01:43:30Z</time>
      </trkpt>
      <trkpt lat="36.70217839887268" lon="117.21654101377257">
        <ele>80.2</ele>
        <time>2023-06-11T01:43:31Z</time>
      </trkpt>
      <trkpt lat="36.70216652098974" lon="117.21654429194697">
        <ele>80.2</ele>
        <time>2023-06-11T01:43:32Z</time>
      </trkpt>
      <trkpt lat="36.70215485772832" lon="117.21654796395687">
        <ele>80.2</ele>
        <time>2023-06-11T01:43:33Z</time>
      </trkpt>
      <trkpt lat="36.70214342150064" lon="117.21655211459002">
        <ele>80.2</ele>
        <time>2023-06-11T01:43:34Z</time>
      </trkpt>
      <trkpt lat="36.7021321747571" lon="117.21655675740183">
        <ele>80.2</ele>
        <time>2023-06-11T01:43:35Z</time>
      </trkpt>
      <trkpt lat="36.702120936274376" lon="117.21656179784827">
        <ele>80.2</ele>
        <time>2023-06-11T01:43:36Z</time>
      </trkpt>
      <trkpt lat="36.70210969979163" lon="117.2165675157843">
        <ele>80.2</ele>
        <time>2023-06-11T01:43:37Z</time>
      </trkpt>
      <trkpt lat="36.7020983259882" lon="117.2165736221243">
        <ele>80.2</ele>
        <time>2023-06-11T01:43:38Z</time>
      </trkpt>
      <trkpt lat="36.7020868166186" lon="117.21658010446643">
        <ele>79.8</ele>
        <time>2023-06-11T01:43:39Z</time>
      </trkpt>
      <trkpt lat="36.70207512848875" lon="117.21658636465953">
        <ele>79.8</ele>
        <time>2023-06-11T01:43:40Z</time>
      </trkpt>
      <trkpt lat="36.70206321203526" lon="117.21659228012557">
        <ele>79.8</ele>
        <time>2023-06-11T01:43:41Z</time>
      </trkpt>
      <trkpt lat="36.70205102632516" lon="117.21659759528964">
        <ele>79.8</ele>
        <time>2023-06-11T01:43:42Z</time>
      </trkpt>
      <trkpt lat="36.70203848759821" lon="117.21660207832788">
        <ele>79.8</ele>
        <time>2023-06-11T01:43:43Z</time>
      </trkpt>
      <trkpt lat="36.70202560664389" lon="117.21660542291997">
        <ele>79.8</ele>
        <time>2023-06-11T01:43:44Z</time>
      </trkpt>
      <trkpt lat="36.70201236309448" lon="117.21660761576591">
        <ele>79.8</ele>
        <time>2023-06-11T01:43:45Z</time>
      </trkpt>
      <trkpt lat="36.70199884748227" lon="117.21660864782672">
        <ele>79.8</ele>
        <time>2023-06-11T01:43:46Z</time>
      </trkpt>
      <trkpt lat="36.70198526261958" lon="117.21660894990976">
        <ele>79.8</ele>
        <time>2023-06-11T01:43:47Z</time>
      </trkpt>
      <trkpt lat="36.70197161118452" lon="117.21660858941402">
        <ele>79.8</ele>
        <time>2023-06-11T01:43:48Z</time>
      </trkpt>
      <trkpt lat="36.7019580041472" lon="117.21660798963559">
        <ele>80.1</ele>
        <time>2023-06-11T01:43:49Z</time>
      </trkpt>
      <trkpt lat="36.701944446966365" lon="117.21660722422043">
        <ele>80.1</ele>
        <time>2023-06-11T01:43:50Z</time>
      </trkpt>
      <trkpt lat="36.701930996208276" lon="117.21660659343637">
        <ele>80.1</ele>
        <time>2023-06-11T01:43:51Z</time>
      </trkpt>
      <trkpt lat="36.701917680132105" lon="117.21660575386538">
        <ele>80.1</ele>
        <time>2023-06-11T01:43:52Z</time>
      </trkpt>
      <trkpt lat="36.70190448877715" lon="117.21660472390857">
        <ele>80.1</ele>
        <time>2023-06-11T01:43:53Z</time>
      </trkpt>
      <trkpt lat="36.70189142149295" lon="117.21660350000722">
        <ele>80.1</ele>
        <time>2023-06-11T01:43:54Z</time>
      </trkpt>
      <trkpt lat="36.701878474616095" lon="117.21660251319418">
        <ele>80.1</ele>
        <time>2023-06-11T01:43:55Z</time>
      </trkpt>
      <trkpt lat="36.70186568286926" lon="117.21660181161005">
        <ele>80.1</ele>
        <time>2023-06-11T01:43:56Z</time>
      </trkpt>
      <trkpt lat="36.701853016043515" lon="117.2166014341563">
        <ele>80.1</ele>
        <time>2023-06-11T01:43:57Z</time>
      </trkpt>
      <trkpt lat="36.70184046693001" lon="117.21660142711352">
        <ele>80.1</ele>
        <time>2023-06-11T01:43:58Z</time>
      </trkpt>
      <trkpt lat="36.70182802005299" lon="117.21660172850778">
        <ele>80.6</ele>
        <time>2023-06-11T01:43:59Z</time>
      </trkpt>
      <trkpt lat="36.70181561239359" lon="117.21660224859963">
        <ele>80.6</ele>
        <time>2023-06-11T01:44:00Z</time>
      </trkpt>
      <trkpt lat="36.701803213291484" lon="117.21660284292761">
        <ele>80.6</ele>
        <time>2023-06-11T01:44:01Z</time>
      </trkpt>
      <trkpt lat="36.70179078421953" lon="117.21660341484954">
        <ele>80.6</ele>
        <time>2023-06-11T01:44:02Z</time>
      </trkpt>
      <trkpt lat="36.701778302561806" lon="117.21660404528757">
        <ele>80.6</ele>
        <time>2023-06-11T01:44:03Z</time>
      </trkpt>
      <trkpt lat="36.70176575393672" lon="117.21660473570414">
        <ele>80.6</ele>
        <time>2023-06-11T01:44:04Z</time>
      </trkpt>
      <trkpt lat="36.701753139772286" lon="117.21660553457001">
        <ele>80.6</ele>
        <time>2023-06-11T01:44:05Z</time>
      </trkpt>
      <trkpt lat="36.70174045154594" lon="117.21660640360982">
        <ele>80.6</ele>
        <time>2023-06-11T01:44:06Z</time>
      </trkpt>
      <trkpt lat="36.70172767359915" lon="117.21660729769556">
        <ele>80.6</ele>
        <time>2023-06-11T01:44:07Z</time>
      </trkpt>
      <trkpt lat="36.70171482556745" lon="117.21660829589536">
        <ele>80.6</ele>
        <time>2023-06-11T01:44:08Z</time>
      </trkpt>
      <trkpt lat="36.70170191875109" lon="117.21660931127406">
        <ele>81</ele>
        <time>2023-06-11T01:44:09Z</time>
      </trkpt>
      <trkpt lat="36.70168896049619" lon="117.2166103493322">
        <ele>81</ele>
        <time>2023-06-11T01:44:10Z</time>
      </trkpt>
      <trkpt lat="36.701675992890735" lon="117.21661152205012">
        <ele>81</ele>
        <time>2023-06-11T01:44:11Z</time>
      </trkpt>
      <trkpt lat="36.70166303921138" lon="117.21661290403523">
        <ele>81</ele>
        <time>2023-06-11T01:44:12Z</time>
      </trkpt>
      <trkpt lat="36.70165010419126" lon="117.21661459056597">
        <ele>81</ele>
        <time>2023-06-11T01:44:13Z</time>
      </trkpt>
      <trkpt lat="36.701637197972815" lon="117.21661655822155">
        <ele>81</ele>
        <time>2023-06-11T01:44:14Z</time>
      </trkpt>
      <trkpt lat="36.70162431431122" lon="117.2166187953472">
        <ele>81</ele>
        <time>2023-06-11T01:44:15Z</time>
      </trkpt>
      <trkpt lat="36.70161145266505" lon="117.21662125681324">
        <ele>81</ele>
        <time>2023-06-11T01:44:16Z</time>
      </trkpt>
      <trkpt lat="36.70159858160129" lon="117.21662355261807">
        <ele>81</ele>
        <time>2023-06-11T01:44:17Z</time>
      </trkpt>
      <trkpt lat="36.701585695949056" lon="117.21662558505908">
        <ele>81</ele>
        <time>2023-06-11T01:44:18Z</time>
      </trkpt>
      <trkpt lat="36.70157276354537" lon="117.21662726386502">
        <ele>81.1</ele>
        <time>2023-06-11T01:44:19Z</time>
      </trkpt>
      <trkpt lat="36.70155978398722" lon="117.21662863536237">
        <ele>81.1</ele>
        <time>2023-06-11T01:44:20Z</time>
      </trkpt>
      <trkpt lat="36.7015467516382" lon="117.21662969933419">
        <ele>81.1</ele>
        <time>2023-06-11T01:44:21Z</time>
      </trkpt>
      <trkpt lat="36.70153368659093" lon="117.21663049298229">
        <ele>81.1</ele>
        <time>2023-06-11T01:44:22Z</time>
      </trkpt>
      <trkpt lat="36.70152061686192" lon="117.21663102604742">
        <ele>81.1</ele>
        <time>2023-06-11T01:44:23Z</time>
      </trkpt>
      <trkpt lat="36.70150757897321" lon="117.2166313803618">
        <ele>81.1</ele>
        <time>2023-06-11T01:44:24Z</time>
      </trkpt>
      <trkpt lat="36.70149458144459" lon="117.21663156568397">
        <ele>81.1</ele>
        <time>2023-06-11T01:44:25Z</time>
      </trkpt>
      <trkpt lat="36.70148165235858" lon="117.21663153139521">
        <ele>81.1</ele>
        <time>2023-06-11T01:44:26Z</time>
      </trkpt>
      <trkpt lat="36.70146879781348" lon="117.21663127925093">
        <ele>81.1</ele>
        <time>2023-06-11T01:44:27Z</time>
      </trkpt>
      <trkpt lat="36.70145603181725" lon="117.21663103876752">
        <ele>81.1</ele>
        <time>2023-06-11T01:44:28Z</time>
      </trkpt>
      <trkpt lat="36.70144335385226" lon="117.21663078935383">
        <ele>81.2</ele>
        <time>2023-06-11T01:44:29Z</time>
      </trkpt>
      <trkpt lat="36.70143078085593" lon="117.21663057344912">
        <ele>81.2</ele>
        <time>2023-06-11T01:44:30Z</time>
      </trkpt>
      <trkpt lat="36.701418298434724" lon="117.21663030308011">
        <ele>81.2</ele>
        <time>2023-06-11T01:44:31Z</time>
      </trkpt>
      <trkpt lat="36.70140593204263" lon="117.2166300013993">
        <ele>81.2</ele>
        <time>2023-06-11T01:44:32Z</time>
      </trkpt>
      <trkpt lat="36.701393680617755" lon="117.2166296125386">
        <ele>81.2</ele>
        <time>2023-06-11T01:44:33Z</time>
      </trkpt>
      <trkpt lat="36.7013814954659" lon="117.21662916634135">
        <ele>81.2</ele>
        <time>2023-06-11T01:44:34Z</time>
      </trkpt>
      <trkpt lat="36.701369354471346" lon="117.21662854075481">
        <ele>81.2</ele>
        <time>2023-06-11T01:44:35Z</time>
      </trkpt>
      <trkpt lat="36.70135722278476" lon="117.21662773668429">
        <ele>81.2</ele>
        <time>2023-06-11T01:44:36Z</time>
      </trkpt>
      <trkpt lat="36.70134502919188" lon="117.21662680977292">
        <ele>81.2</ele>
        <time>2023-06-11T01:44:37Z</time>
      </trkpt>
      <trkpt lat="36.70133278653371" lon="117.21662576088949">
        <ele>81.2</ele>
        <time>2023-06-11T01:44:38Z</time>
      </trkpt>
      <trkpt lat="36.701320518566334" lon="117.21662463289208">
        <ele>81.2</ele>
        <time>2023-06-11T01:44:39Z</time>
      </trkpt>
      <trkpt lat="36.70130822839516" lon="117.21662347195121">
        <ele>81.2</ele>
        <time>2023-06-11T01:44:40Z</time>
      </trkpt>
      <trkpt lat="36.7012959114132" lon="117.21662232591672">
        <ele>81.2</ele>
        <time>2023-06-11T01:44:41Z</time>
      </trkpt>
      <trkpt lat="36.70128359982584" lon="117.21662114890928">
        <ele>81.2</ele>
        <time>2023-06-11T01:44:42Z</time>
      </trkpt>
      <trkpt lat="36.70127128850465" lon="117.21661991284775">
        <ele>81.2</ele>
        <time>2023-06-11T01:44:43Z</time>
      </trkpt>
      <trkpt lat="36.70125898323787" lon="117.21661860766119">
        <ele>81.2</ele>
        <time>2023-06-11T01:44:44Z</time>
      </trkpt>
      <trkpt lat="36.70124672208853" lon="117.21661719767974">
        <ele>81.2</ele>
        <time>2023-06-11T01:44:45Z</time>
      </trkpt>
      <trkpt lat="36.70123448002587" lon="117.21661581413049">
        <ele>81.2</ele>
        <time>2023-06-11T01:44:46Z</time>
      </trkpt>
      <trkpt lat="36.701222275838596" lon="117.21661453535113">
        <ele>81.2</ele>
        <time>2023-06-11T01:44:47Z</time>
      </trkpt>
      <trkpt lat="36.7012101304209" lon="117.21661345534399">
        <ele>81.2</ele>
        <time>2023-06-11T01:44:48Z</time>
      </trkpt>
      <trkpt lat="36.70119804226205" lon="117.21661265860315">
        <ele>81.3</ele>
        <time>2023-06-11T01:44:49Z</time>
      </trkpt>
      <trkpt lat="36.70118600014929" lon="117.2166122838758">
        <ele>81.3</ele>
        <time>2023-06-11T01:44:50Z</time>
      </trkpt>
      <trkpt lat="36.70117393606732" lon="117.21661234961634">
        <ele>81.3</ele>
        <time>2023-06-11T01:44:51Z</time>
      </trkpt>
      <trkpt lat="36.70116186077709" lon="117.21661266164452">
        <ele>81.3</ele>
        <time>2023-06-11T01:44:52Z</time>
      </trkpt>
      <trkpt lat="36.70114974958307" lon="117.2166131320659">
        <ele>81.3</ele>
        <time>2023-06-11T01:44:53Z</time>
      </trkpt>
      <trkpt lat="36.70113759957786" lon="117.21661376507674">
        <ele>81.3</ele>
        <time>2023-06-11T01:44:54Z</time>
      </trkpt>
      <trkpt lat="36.7011253976487" lon="117.21661445909008">
        <ele>81.3</ele>
        <time>2023-06-11T01:44:55Z</time>
      </trkpt>
      <trkpt lat="36.70111280806726" lon="117.21661514556368">
        <ele>81.3</ele>
        <time>2023-06-11T01:44:56Z</time>
      </trkpt>
      <trkpt lat="36.70109989507936" lon="117.21661566519978">
        <ele>81.3</ele>
        <time>2023-06-11T01:44:57Z</time>
      </trkpt>
      <trkpt lat="36.70108672122465" lon="117.21661602402105">
        <ele>81.3</ele>
        <time>2023-06-11T01:44:58Z</time>
      </trkpt>
      <trkpt lat="36.701073419923794" lon="117.21661611097518">
        <ele>81.4</ele>
        <time>2023-06-11T01:44:59Z</time>
      </trkpt>
      <trkpt lat="36.70106005816645" lon="117.2166158249168">
        <ele>81.4</ele>
        <time>2023-06-11T01:45:00Z</time>
      </trkpt>
      <trkpt lat="36.70104662087435" lon="117.21661506466319">
        <ele>81.4</ele>
        <time>2023-06-11T01:45:01Z</time>
      </trkpt>
      <trkpt lat="36.70103323961778" lon="117.2166137870122">
        <ele>81.4</ele>
        <time>2023-06-11T01:45:02Z</time>
      </trkpt>
      <trkpt lat="36.70101990035156" lon="117.21661210965382">
        <ele>81.4</ele>
        <time>2023-06-11T01:45:03Z</time>
      </trkpt>
      <trkpt lat="36.70100670201953" lon="117.21661019147871">
        <ele>81.4</ele>
        <time>2023-06-11T01:45:04Z</time>
      </trkpt>
      <trkpt lat="36.70099333237453" lon="117.2166080827338">
        <ele>81.4</ele>
        <time>2023-06-11T01:45:05Z</time>
      </trkpt>
      <trkpt lat="36.70097977054218" lon="117.21660588970312">
        <ele>81.4</ele>
        <time>2023-06-11T01:45:06Z</time>
      </trkpt>
      <trkpt lat="36.70096622110557" lon="117.21660388031343">
        <ele>81.4</ele>
        <time>2023-06-11T01:45:07Z</time>
      </trkpt>
      <trkpt lat="36.700952712971656" lon="117.21660217430131">
        <ele>81.4</ele>
        <time>2023-06-11T01:45:08Z</time>
      </trkpt>
      <trkpt lat="36.700939144575756" lon="117.21660073293579">
        <ele>81.8</ele>
        <time>2023-06-11T01:45:09Z</time>
      </trkpt>
      <trkpt lat="36.70092534316766" lon="117.21659973120755">
        <ele>81.8</ele>
        <time>2023-06-11T01:45:10Z</time>
      </trkpt>
      <trkpt lat="36.70091118520101" lon="117.21659917251853">
        <ele>81.8</ele>
        <time>2023-06-11T01:45:11Z</time>
      </trkpt>
      <trkpt lat="36.700896881426964" lon="117.21659906458395">
        <ele>81.8</ele>
        <time>2023-06-11T01:45:12Z</time>
      </trkpt>
      <trkpt lat="36.700882346340684" lon="117.21659940433653">
        <ele>81.8</ele>
        <time>2023-06-11T01:45:13Z</time>
      </trkpt>
      <trkpt lat="36.70086765274369" lon="117.21660018203961">
        <ele>81.8</ele>
        <time>2023-06-11T01:45:14Z</time>
      </trkpt>
      <trkpt lat="36.70085274794455" lon="117.21660123153966">
        <ele>81.8</ele>
        <time>2023-06-11T01:45:15Z</time>
      </trkpt>
      <trkpt lat="36.700837980682365" lon="117.216602437797">
        <ele>81.8</ele>
        <time>2023-06-11T01:45:16Z</time>
      </trkpt>
      <trkpt lat="36.700823346332946" lon="117.21660380522565">
        <ele>81.8</ele>
        <time>2023-06-11T01:45:17Z</time>
      </trkpt>
      <trkpt lat="36.70080902478087" lon="117.21660509978014">
        <ele>81.8</ele>
        <time>2023-06-11T01:45:18Z</time>
      </trkpt>
      <trkpt lat="36.70079497231421" lon="117.21660630555198">
        <ele>81.7</ele>
        <time>2023-06-11T01:45:19Z</time>
      </trkpt>
      <trkpt lat="36.70078123927886" lon="117.21660747936717">
        <ele>81.7</ele>
        <time>2023-06-11T01:45:20Z</time>
      </trkpt>
      <trkpt lat="36.70076790949618" lon="117.21660842770542">
        <ele>81.7</ele>
        <time>2023-06-11T01:45:21Z</time>
      </trkpt>
      <trkpt lat="36.700755034681336" lon="117.2166091823413">
        <ele>81.7</ele>
        <time>2023-06-11T01:45:22Z</time>
      </trkpt>
      <trkpt lat="36.70074240935144" lon="117.21660972814615">
        <ele>81.7</ele>
        <time>2023-06-11T01:45:23Z</time>
      </trkpt>
      <trkpt lat="36.70072984042744" lon="117.2166100619095">
        <ele>81.7</ele>
        <time>2023-06-11T01:45:24Z</time>
      </trkpt>
      <trkpt lat="36.70071725326581" lon="117.21661019277772">
        <ele>81.7</ele>
        <time>2023-06-11T01:45:25Z</time>
      </trkpt>
      <trkpt lat="36.70070469950135" lon="117.21661027512457">
        <ele>81.7</ele>
        <time>2023-06-11T01:45:26Z</time>
      </trkpt>
      <trkpt lat="36.7006921558775" lon="117.21661037075741">
        <ele>81.7</ele>
        <time>2023-06-11T01:45:27Z</time>
      </trkpt>
      <trkpt lat="36.700679672660826" lon="117.21661058310835">
        <ele>81.7</ele>
        <time>2023-06-11T01:45:28Z</time>
      </trkpt>
      <trkpt lat="36.70066718736562" lon="117.21661093613244">
        <ele>81.7</ele>
        <time>2023-06-11T01:45:29Z</time>
      </trkpt>
      <trkpt lat="36.700654665237444" lon="117.21661141312755">
        <ele>81.7</ele>
        <time>2023-06-11T01:45:30Z</time>
      </trkpt>
      <trkpt lat="36.7006420194589" lon="117.21661196616104">
        <ele>81.7</ele>
        <time>2023-06-11T01:45:31Z</time>
      </trkpt>
      <trkpt lat="36.7006292253694" lon="117.21661254342352">
        <ele>81.7</ele>
        <time>2023-06-11T01:45:32Z</time>
      </trkpt>
      <trkpt lat="36.70061624120064" lon="117.21661310608394">
        <ele>81.7</ele>
        <time>2023-06-11T01:45:33Z</time>
      </trkpt>
      <trkpt lat="36.700603109475146" lon="117.216613675226">
        <ele>81.7</ele>
        <time>2023-06-11T01:45:34Z</time>
      </trkpt>
      <trkpt lat="36.70058995396765" lon="117.21661420057751">
        <ele>81.7</ele>
        <time>2023-06-11T01:45:35Z</time>
      </trkpt>
      <trkpt lat="36.7005767819753" lon="117.21661463703903">
        <ele>81.7</ele>
        <time>2023-06-11T01:45:36Z</time>
      </trkpt>
      <trkpt lat="36.70056351889249" lon="117.21661498152648">
        <ele>81.7</ele>
        <time>2023-06-11T01:45:37Z</time>
      </trkpt>
      <trkpt lat="36.70055017232671" lon="117.21661517537353">
        <ele>81.7</ele>
        <time>2023-06-11T01:45:38Z</time>
      </trkpt>
      <trkpt lat="36.70053671191618" lon="117.21661513823902">
        <ele>81.9</ele>
        <time>2023-06-11T01:45:39Z</time>
      </trkpt>
      <trkpt lat="36.70052309572231" lon="117.21661483533252">
        <ele>81.9</ele>
        <time>2023-06-11T01:45:40Z</time>
      </trkpt>
      <trkpt lat="36.70050933786975" lon="117.21661420540711">
        <ele>81.9</ele>
        <time>2023-06-11T01:45:41Z</time>
      </trkpt>
      <trkpt lat="36.70049555871554" lon="117.21661324075653">
        <ele>81.9</ele>
        <time>2023-06-11T01:45:42Z</time>
      </trkpt>
      <trkpt lat="36.700481710225695" lon="117.21661216478147">
        <ele>81.9</ele>
        <time>2023-06-11T01:45:43Z</time>
      </trkpt>
      <trkpt lat="36.70046785913093" lon="117.21661099438232">
        <ele>81.9</ele>
        <time>2023-06-11T01:45:44Z</time>
      </trkpt>
      <trkpt lat="36.70045399294012" lon="117.21660983306052">
        <ele>81.9</ele>
        <time>2023-06-11T01:45:45Z</time>
      </trkpt>
      <trkpt lat="36.70044021643593" lon="117.21660875333184">
        <ele>81.9</ele>
        <time>2023-06-11T01:45:46Z</time>
      </trkpt>
      <trkpt lat="36.700426587606586" lon="117.2166080205288">
        <ele>81.9</ele>
        <time>2023-06-11T01:45:47Z</time>
      </trkpt>
      <trkpt lat="36.700413065581216" lon="117.216607623125">
        <ele>81.9</ele>
        <time>2023-06-11T01:45:48Z</time>
      </trkpt>
      <trkpt lat="36.70039932445203" lon="117.21660732963463">
        <ele>82.2</ele>
        <time>2023-06-11T01:45:49Z</time>
      </trkpt>
      <trkpt lat="36.70038543315652" lon="117.2166070717025">
        <ele>82.2</ele>
        <time>2023-06-11T01:45:50Z</time>
      </trkpt>
      <trkpt lat="36.70037141378602" lon="117.2166067919971">
        <ele>82.2</ele>
        <time>2023-06-11T01:45:51Z</time>
      </trkpt>
      <trkpt lat="36.700357279152485" lon="117.21660640995484">
        <ele>82.2</ele>
        <time>2023-06-11T01:45:52Z</time>
      </trkpt>
      <trkpt lat="36.700342956223984" lon="117.21660592870764">
        <ele>82.2</ele>
        <time>2023-06-11T01:45:53Z</time>
      </trkpt>
      <trkpt lat="36.7003284609847" lon="117.21660545985026">
        <ele>82.2</ele>
        <time>2023-06-11T01:45:54Z</time>
      </trkpt>
      <trkpt lat="36.700313738259915" lon="117.21660499658226">
        <ele>82.2</ele>
        <time>2023-06-11T01:45:55Z</time>
      </trkpt>
      <trkpt lat="36.700298867549044" lon="117.21660471315066">
        <ele>82.2</ele>
        <time>2023-06-11T01:45:56Z</time>
      </trkpt>
      <trkpt lat="36.700283908288796" lon="117.21660477749529">
        <ele>82.2</ele>
        <time>2023-06-11T01:45:57Z</time>
      </trkpt>
      <trkpt lat="36.700268856264" lon="117.21660505110384">
        <ele>82.2</ele>
        <time>2023-06-11T01:45:58Z</time>
      </trkpt>
      <trkpt lat="36.70025370150218" lon="117.21660541182878">
        <ele>82.6</ele>
        <time>2023-06-11T01:45:59Z</time>
      </trkpt>
      <trkpt lat="36.700238746653255" lon="117.21660604881066">
        <ele>82.6</ele>
        <time>2023-06-11T01:46:00Z</time>
      </trkpt>
      <trkpt lat="36.700223903057015" lon="117.2166069127339">
        <ele>82.6</ele>
        <time>2023-06-11T01:46:01Z</time>
      </trkpt>
      <trkpt lat="36.70020918481729" lon="117.21660802362861">
        <ele>82.6</ele>
        <time>2023-06-11T01:46:02Z</time>
      </trkpt>
      <trkpt lat="36.70019458042462" lon="117.21660952226226">
        <ele>82.6</ele>
        <time>2023-06-11T01:46:03Z</time>
      </trkpt>
      <trkpt lat="36.70018011033224" lon="117.21661130435545">
        <ele>82.6</ele>
        <time>2023-06-11T01:46:04Z</time>
      </trkpt>
      <trkpt lat="36.700165795730044" lon="117.216613229699">
        <ele>82.6</ele>
        <time>2023-06-11T01:46:05Z</time>
      </trkpt>
      <trkpt lat="36.700151656136406" lon="117.21661528215965">
        <ele>82.6</ele>
        <time>2023-06-11T01:46:06Z</time>
      </trkpt>
      <trkpt lat="36.70013759659165" lon="117.21661710010436">
        <ele>82.6</ele>
        <time>2023-06-11T01:46:07Z</time>
      </trkpt>
      <trkpt lat="36.70012355842419" lon="117.21661845761172">
        <ele>82.6</ele>
        <time>2023-06-11T01:46:08Z</time>
      </trkpt>
      <trkpt lat="36.70010950758599" lon="117.21661927076673">
        <ele>82.8</ele>
        <time>2023-06-11T01:46:09Z</time>
      </trkpt>
      <trkpt lat="36.70009549714039" lon="117.21661949881617">
        <ele>82.8</ele>
        <time>2023-06-11T01:46:10Z</time>
      </trkpt>
      <trkpt lat="36.700081533767595" lon="117.2166192304802">
        <ele>82.8</ele>
        <time>2023-06-11T01:46:11Z</time>
      </trkpt>
      <trkpt lat="36.70006764599538" lon="117.21661865654664">
        <ele>82.8</ele>
        <time>2023-06-11T01:46:12Z</time>
      </trkpt>
      <trkpt lat="36.70005382820638" lon="117.21661788646809">
        <ele>82.8</ele>
        <time>2023-06-11T01:46:13Z</time>
      </trkpt>
      <trkpt lat="36.7000400675477" lon="117.2166170613695">
        <ele>82.8</ele>
        <time>2023-06-11T01:46:14Z</time>
      </trkpt>
      <trkpt lat="36.70002636641774" lon="117.21661642234646">
        <ele>82.8</ele>
        <time>2023-06-11T01:46:15Z</time>
      </trkpt>
      <trkpt lat="36.70001275358899" lon="117.21661584754237">
        <ele>82.8</ele>
        <time>2023-06-11T01:46:16Z</time>
      </trkpt>
      <trkpt lat="36.69999925356818" lon="117.21661551253139">
        <ele>82.8</ele>
        <time>2023-06-11T01:46:17Z</time>
      </trkpt>
      <trkpt lat="36.699985880519186" lon="117.21661557643147">
        <ele>82.8</ele>
        <time>2023-06-11T01:46:18Z</time>
      </trkpt>
      <trkpt lat="36.69997261549904" lon="117.21661605859269">
        <ele>83</ele>
        <time>2023-06-11T01:46:19Z</time>
      </trkpt>
      <trkpt lat="36.699959448878964" lon="117.21661696047693">
        <ele>83</ele>
        <time>2023-06-11T01:46:20Z</time>
      </trkpt>
      <trkpt lat="36.69994632588873" lon="117.21661825618429">
        <ele>83</ele>
        <time>2023-06-11T01:46:21Z</time>
      </trkpt>
      <trkpt lat="36.699933250370805" lon="117.21661995639064">
        <ele>83</ele>
        <time>2023-06-11T01:46:22Z</time>
      </trkpt>
      <trkpt lat="36.69992022799634" lon="117.21662180166169">
        <ele>83</ele>
        <time>2023-06-11T01:46:23Z</time>
      </trkpt>
      <trkpt lat="36.69990726289435" lon="117.21662373880166">
        <ele>83</ele>
        <time>2023-06-11T01:46:24Z</time>
      </trkpt>
      <trkpt lat="36.69989436149368" lon="117.21662562263026">
        <ele>83</ele>
        <time>2023-06-11T01:46:25Z</time>
      </trkpt>
      <trkpt lat="36.699881522915454" lon="117.21662731637541">
        <ele>83</ele>
        <time>2023-06-11T01:46:26Z</time>
      </trkpt>
      <trkpt lat="36.699868738412434" lon="117.21662875529636">
        <ele>83</ele>
        <time>2023-06-11T01:46:27Z</time>
      </trkpt>
      <trkpt lat="36.69985598596293" lon="117.21662976019779">
        <ele>83</ele>
        <time>2023-06-11T01:46:28Z</time>
      </trkpt>
      <trkpt lat="36.69984325046326" lon="117.216630280637">
        <ele>82.9</ele>
        <time>2023-06-11T01:46:29Z</time>
      </trkpt>
      <trkpt lat="36.69983052234294" lon="117.21663032682521">
        <ele>82.9</ele>
        <time>2023-06-11T01:46:30Z</time>
      </trkpt>
      <trkpt lat="36.69981780417002" lon="117.21662987820203">
        <ele>82.9</ele>
        <time>2023-06-11T01:46:31Z</time>
      </trkpt>
      <trkpt lat="36.699805116731866" lon="117.21662917556547">
        <ele>82.9</ele>
        <time>2023-06-11T01:46:32Z</time>
      </trkpt>
      <trkpt lat="36.69979243328071" lon="117.21662822171585">
        <ele>82.9</ele>
        <time>2023-06-11T01:46:33Z</time>
      </trkpt>
      <trkpt lat="36.699779734340225" lon="117.21662743617186">
        <ele>82.9</ele>
        <time>2023-06-11T01:46:34Z</time>
      </trkpt>
      <trkpt lat="36.699767006482915" lon="117.21662690631939">
        <ele>82.9</ele>
        <time>2023-06-11T01:46:35Z</time>
      </trkpt>
      <trkpt lat="36.699754243084804" lon="117.21662665290582">
        <ele>82.9</ele>
        <time>2023-06-11T01:46:36Z</time>
      </trkpt>
      <trkpt lat="36.69974144275113" lon="117.21662670032994">
        <ele>82.9</ele>
        <time>2023-06-11T01:46:37Z</time>
      </trkpt>
      <trkpt lat="36.699728599784436" lon="117.21662702392958">
        <ele>82.9</ele>
        <time>2023-06-11T01:46:38Z</time>
      </trkpt>
      <trkpt lat="36.69971571468837" lon="117.21662765559384">
        <ele>82.9</ele>
        <time>2023-06-11T01:46:39Z</time>
      </trkpt>
      <trkpt lat="36.699702508174305" lon="117.21662868385772">
        <ele>82.9</ele>
        <time>2023-06-11T01:46:40Z</time>
      </trkpt>
      <trkpt lat="36.69968899951837" lon="117.21662986801182">
        <ele>82.9</ele>
        <time>2023-06-11T01:46:41Z</time>
      </trkpt>
      <trkpt lat="36.69967522423073" lon="117.21663133713167">
        <ele>82.9</ele>
        <time>2023-06-11T01:46:42Z</time>
      </trkpt>
      <trkpt lat="36.69966124359282" lon="117.21663308277174">
        <ele>82.9</ele>
        <time>2023-06-11T01:46:43Z</time>
      </trkpt>
      <trkpt lat="36.69964705995174" lon="117.2166351132459">
        <ele>82.9</ele>
        <time>2023-06-11T01:46:44Z</time>
      </trkpt>
      <trkpt lat="36.69963270579947" lon="117.21663711310893">
        <ele>82.9</ele>
        <time>2023-06-11T01:46:45Z</time>
      </trkpt>
      <trkpt lat="36.699618227039714" lon="117.21663894597201">
        <ele>82.9</ele>
        <time>2023-06-11T01:46:46Z</time>
      </trkpt>
      <trkpt lat="36.6996036496052" lon="117.21664048679322">
        <ele>82.9</ele>
        <time>2023-06-11T01:46:47Z</time>
      </trkpt>
      <trkpt lat="36.699588973551144" lon="117.216641663993">
        <ele>82.9</ele>
        <time>2023-06-11T01:46:48Z</time>
      </trkpt>
      <trkpt lat="36.69957414313231" lon="117.21664254979453">
        <ele>83</ele>
        <time>2023-06-11T01:46:49Z</time>
      </trkpt>
      <trkpt lat="36.69955917381137" lon="117.21664315411093">
        <ele>83</ele>
        <time>2023-06-11T01:46:50Z</time>
      </trkpt>
      <trkpt lat="36.69954428679339" lon="117.21664346140763">
        <ele>83</ele>
        <time>2023-06-11T01:46:51Z</time>
      </trkpt>
      <trkpt lat="36.699529496126424" lon="117.21664379416427">
        <ele>83</ele>
        <time>2023-06-11T01:46:52Z</time>
      </trkpt>
      <trkpt lat="36.69951480692493" lon="117.2166440631311">
        <ele>83</ele>
        <time>2023-06-11T01:46:53Z</time>
      </trkpt>
      <trkpt lat="36.69950017310476" lon="117.21664424394584">
        <ele>83</ele>
        <time>2023-06-11T01:46:54Z</time>
      </trkpt>
      <trkpt lat="36.69948559879231" lon="117.21664435777417">
        <ele>83</ele>
        <time>2023-06-11T01:46:55Z</time>
      </trkpt>
      <trkpt lat="36.69947108101509" lon="117.21664447015081">
        <ele>83</ele>
        <time>2023-06-11T01:46:56Z</time>
      </trkpt>
      <trkpt lat="36.699456596815715" lon="117.21664464355122">
        <ele>83</ele>
        <time>2023-06-11T01:46:57Z</time>
      </trkpt>
      <trkpt lat="36.699442110194695" lon="117.21664498900095">
        <ele>83</ele>
        <time>2023-06-11T01:46:58Z</time>
      </trkpt>
      <trkpt lat="36.699427626675494" lon="117.21664555709927">
        <ele>83</ele>
        <time>2023-06-11T01:46:59Z</time>
      </trkpt>
      <trkpt lat="36.69941315346211" lon="117.21664625786578">
        <ele>83</ele>
        <time>2023-06-11T01:47:00Z</time>
      </trkpt>
      <trkpt lat="36.69939866217355" lon="117.21664694920122">
        <ele>83</ele>
        <time>2023-06-11T01:47:01Z</time>
      </trkpt>
      <trkpt lat="36.69938426598595" lon="117.2166471969219">
        <ele>83</ele>
        <time>2023-06-11T01:47:02Z</time>
      </trkpt>
      <trkpt lat="36.69936997878697" lon="117.21664695196483">
        <ele>83</ele>
        <time>2023-06-11T01:47:03Z</time>
      </trkpt>
      <trkpt lat="36.69935579061698" lon="117.21664597665452">
        <ele>83</ele>
        <time>2023-06-11T01:47:04Z</time>
      </trkpt>
      <trkpt lat="36.69934171953695" lon="117.21664421454568">
        <ele>83</ele>
        <time>2023-06-11T01:47:05Z</time>
      </trkpt>
      <trkpt lat="36.69932774328943" lon="117.21664168007784">
        <ele>83</ele>
        <time>2023-06-11T01:47:06Z</time>
      </trkpt>
      <trkpt lat="36.69931381328061" lon="117.21663853287293">
        <ele>83</ele>
        <time>2023-06-11T01:47:07Z</time>
      </trkpt>
      <trkpt lat="36.69929993935714" lon="117.2166347910965">
        <ele>83</ele>
        <time>2023-06-11T01:47:08Z</time>
      </trkpt>
      <trkpt lat="36.69928616148203" lon="117.21663063395705">
        <ele>83.3</ele>
        <time>2023-06-11T01:47:09Z</time>
      </trkpt>
      <trkpt lat="36.69927249458268" lon="117.2166262126775">
        <ele>83.3</ele>
        <time>2023-06-11T01:47:10Z</time>
      </trkpt>
      <trkpt lat="36.699259038901026" lon="117.21662174179889">
        <ele>83.3</ele>
        <time>2023-06-11T01:47:11Z</time>
      </trkpt>
      <trkpt lat="36.699245843207414" lon="117.21661744996348">
        <ele>83.3</ele>
        <time>2023-06-11T01:47:12Z</time>
      </trkpt>
      <trkpt lat="36.69923289771118" lon="117.21661373659526">
        <ele>83.3</ele>
        <time>2023-06-11T01:47:13Z</time>
      </trkpt>
      <trkpt lat="36.69922015336583" lon="117.21661060168455">
        <ele>83.3</ele>
        <time>2023-06-11T01:47:14Z</time>
      </trkpt>
      <trkpt lat="36.69920762693163" lon="117.21660841834239">
        <ele>83.3</ele>
        <time>2023-06-11T01:47:15Z</time>
      </trkpt>
      <trkpt lat="36.69919526865153" lon="117.21660719796587">
        <ele>83.3</ele>
        <time>2023-06-11T01:47:16Z</time>
      </trkpt>
      <trkpt lat="36.69918311133263" lon="117.21660682211697">
        <ele>83.3</ele>
        <time>2023-06-11T01:47:17Z</time>
      </trkpt>
      <trkpt lat="36.69917118271178" lon="117.21660697320617">
        <ele>83.3</ele>
        <time>2023-06-11T01:47:18Z</time>
      </trkpt>
      <trkpt lat="36.69915947221723" lon="117.21660765538395">
        <ele>83.6</ele>
        <time>2023-06-11T01:47:19Z</time>
      </trkpt>
      <trkpt lat="36.69914793254567" lon="117.21660869035911">
        <ele>83.6</ele>
        <time>2023-06-11T01:47:20Z</time>
      </trkpt>
      <trkpt lat="36.69913659587868" lon="117.2166097764706">
        <ele>83.6</ele>
        <time>2023-06-11T01:47:21Z</time>
      </trkpt>
      <trkpt lat="36.699125452021164" lon="117.21661066443383">
        <ele>83.6</ele>
        <time>2023-06-11T01:47:22Z</time>
      </trkpt>
      <trkpt lat="36.69911449733441" lon="117.21661127135603">
        <ele>83.6</ele>
        <time>2023-06-11T01:47:23Z</time>
      </trkpt>
      <trkpt lat="36.69910372437746" lon="117.2166114167503">
        <ele>83.6</ele>
        <time>2023-06-11T01:47:24Z</time>
      </trkpt>
      <trkpt lat="36.699093160239755" lon="117.21661106519667">
        <ele>83.6</ele>
        <time>2023-06-11T01:47:25Z</time>
      </trkpt>
      <trkpt lat="36.69908277153641" lon="117.21661002115239">
        <ele>83.6</ele>
        <time>2023-06-11T01:47:26Z</time>
      </trkpt>
      <trkpt lat="36.69907255612621" lon="117.21660830915609">
        <ele>83.6</ele>
        <time>2023-06-11T01:47:27Z</time>
      </trkpt>
      <trkpt lat="36.69906249027802" lon="117.21660609207521">
        <ele>83.6</ele>
        <time>2023-06-11T01:47:28Z</time>
      </trkpt>
      <trkpt lat="36.699052572824854" lon="117.21660350108742">
        <ele>83.6</ele>
        <time>2023-06-11T01:47:29Z</time>
      </trkpt>
      <trkpt lat="36.69904279388386" lon="117.21660045527413">
        <ele>83.6</ele>
        <time>2023-06-11T01:47:30Z</time>
      </trkpt>
      <trkpt lat="36.69903310300996" lon="117.21659707812609">
        <ele>83.6</ele>
        <time>2023-06-11T01:47:31Z</time>
      </trkpt>
      <trkpt lat="36.699023441962126" lon="117.21659351133292">
        <ele>83.6</ele>
        <time>2023-06-11T01:47:32Z</time>
      </trkpt>
      <trkpt lat="36.699013704856085" lon="117.21658998375669">
        <ele>83.6</ele>
        <time>2023-06-11T01:47:33Z</time>
      </trkpt>
      <trkpt lat="36.69900382706492" lon="117.21658646688788">
        <ele>83.6</ele>
        <time>2023-06-11T01:47:34Z</time>
      </trkpt>
      <trkpt lat="36.69899371373665" lon="117.21658317269484">
        <ele>83.6</ele>
        <time>2023-06-11T01:47:35Z</time>
      </trkpt>
      <trkpt lat="36.69898332176338" lon="117.2165800923089">
        <ele>83.6</ele>
        <time>2023-06-11T01:47:36Z</time>
      </trkpt>
      <trkpt lat="36.69897260684144" lon="117.2165772668089">
        <ele>83.6</ele>
        <time>2023-06-11T01:47:37Z</time>
      </trkpt>
      <trkpt lat="36.69896160435799" lon="117.21657469808682">
        <ele>83.6</ele>
        <time>2023-06-11T01:47:38Z</time>
      </trkpt>
      <trkpt lat="36.69895028727407" lon="117.21657262744407">
        <ele>83.9</ele>
        <time>2023-06-11T01:47:39Z</time>
      </trkpt>
      <trkpt lat="36.69893865444626" lon="117.21657115870738">
        <ele>83.9</ele>
        <time>2023-06-11T01:47:40Z</time>
      </trkpt>
      <trkpt lat="36.698926714723086" lon="117.21657048649027">
        <ele>83.9</ele>
        <time>2023-06-11T01:47:41Z</time>
      </trkpt>
      <trkpt lat="36.698914567718376" lon="117.21657058771929">
        <ele>83.9</ele>
        <time>2023-06-11T01:47:42Z</time>
      </trkpt>
      <trkpt lat="36.69890223374385" lon="117.21657146884145">
        <ele>83.9</ele>
        <time>2023-06-11T01:47:43Z</time>
      </trkpt>
      <trkpt lat="36.69888971881367" lon="117.2165725573729">
        <ele>83.9</ele>
        <time>2023-06-11T01:47:44Z</time>
      </trkpt>
      <trkpt lat="36.69887707290117" lon="117.2165737055328">
        <ele>83.9</ele>
        <time>2023-06-11T01:47:45Z</time>
      </trkpt>
      <trkpt lat="36.69886438096823" lon="117.21657466428955">
        <ele>83.9</ele>
        <time>2023-06-11T01:47:46Z</time>
      </trkpt>
      <trkpt lat="36.698851698666836" lon="117.21657539365103">
        <ele>83.9</ele>
        <time>2023-06-11T01:47:47Z</time>
      </trkpt>
      <trkpt lat="36.69883904267096" lon="117.21657599789245">
        <ele>83.9</ele>
        <time>2023-06-11T01:47:48Z</time>
      </trkpt>
      <trkpt lat="36.69882640566929" lon="117.2165764817701">
        <ele>84.4</ele>
        <time>2023-06-11T01:47:49Z</time>
      </trkpt>
      <trkpt lat="36.698813813180735" lon="117.21657673001677">
        <ele>84.4</ele>
        <time>2023-06-11T01:47:50Z</time>
      </trkpt>
      <trkpt lat="36.69880127461872" lon="117.21657675004424">
        <ele>84.4</ele>
        <time>2023-06-11T01:47:51Z</time>
      </trkpt>
      <trkpt lat="36.69878879717665" lon="117.21657641550699">
        <ele>84.4</ele>
        <time>2023-06-11T01:47:52Z</time>
      </trkpt>
      <trkpt lat="36.698776362752" lon="117.21657568862796">
        <ele>84.4</ele>
        <time>2023-06-11T01:47:53Z</time>
      </trkpt>
      <trkpt lat="36.69876395676501" lon="117.2165745718797">
        <ele>84.4</ele>
        <time>2023-06-11T01:47:54Z</time>
      </trkpt>
      <trkpt lat="36.698751658413435" lon="117.21657333873594">
        <ele>84.4</ele>
        <time>2023-06-11T01:47:55Z</time>
      </trkpt>
      <trkpt lat="36.6987394589017" lon="117.21657215702011">
        <ele>84.4</ele>
        <time>2023-06-11T01:47:56Z</time>
      </trkpt>
      <trkpt lat="36.69872734521225" lon="117.2165709978283">
        <ele>84.4</ele>
        <time>2023-06-11T01:47:57Z</time>
      </trkpt>
      <trkpt lat="36.698715305013636" lon="117.21656982126926">
        <ele>84.4</ele>
        <time>2023-06-11T01:47:58Z</time>
      </trkpt>
      <trkpt lat="36.698703345267155" lon="117.21656851826305">
        <ele>85.2</ele>
        <time>2023-06-11T01:47:59Z</time>
      </trkpt>
      <trkpt lat="36.69869142738481" lon="117.2165673272839">
        <ele>85.2</ele>
        <time>2023-06-11T01:48:00Z</time>
      </trkpt>
      <trkpt lat="36.698679585697775" lon="117.21656593122277">
        <ele>85.2</ele>
        <time>2023-06-11T01:48:01Z</time>
      </trkpt>
      <trkpt lat="36.69866782120798" lon="117.21656428557134">
        <ele>85.2</ele>
        <time>2023-06-11T01:48:02Z</time>
      </trkpt>
      <trkpt lat="36.69865612636727" lon="117.21656251011706">
        <ele>85.2</ele>
        <time>2023-06-11T01:48:03Z</time>
      </trkpt>
      <trkpt lat="36.69864449553699" lon="117.21656048700093">
        <ele>85.2</ele>
        <time>2023-06-11T01:48:04Z</time>
      </trkpt>
      <trkpt lat="36.69863292775377" lon="117.21655819794731">
        <ele>85.2</ele>
        <time>2023-06-11T01:48:05Z</time>
      </trkpt>
      <trkpt lat="36.69862138443283" lon="117.21655583341014">
        <ele>85.2</ele>
        <time>2023-06-11T01:48:06Z</time>
      </trkpt>
      <trkpt lat="36.69860983052512" lon="117.2165533808988">
        <ele>85.2</ele>
        <time>2023-06-11T01:48:07Z</time>
      </trkpt>
      <trkpt lat="36.69859822611876" lon="117.21655104791549">
        <ele>85.2</ele>
        <time>2023-06-11T01:48:08Z</time>
      </trkpt>
      <trkpt lat="36.69858655278959" lon="117.21654892685106">
        <ele>85.5</ele>
        <time>2023-06-11T01:48:09Z</time>
      </trkpt>
      <trkpt lat="36.69857480875349" lon="117.21654702539834">
        <ele>85.5</ele>
        <time>2023-06-11T01:48:10Z</time>
      </trkpt>
      <trkpt lat="36.698563057593766" lon="117.21654496341216">
        <ele>85.5</ele>
        <time>2023-06-11T01:48:11Z</time>
      </trkpt>
      <trkpt lat="36.69855131417484" lon="117.21654272410694">
        <ele>85.5</ele>
        <time>2023-06-11T01:48:12Z</time>
      </trkpt>
      <trkpt lat="36.6985396501943" lon="117.2165400833172">
        <ele>85.5</ele>
        <time>2023-06-11T01:48:13Z</time>
      </trkpt>
      <trkpt lat="36.6985281080695" lon="117.21653685134969">
        <ele>85.5</ele>
        <time>2023-06-11T01:48:14Z</time>
      </trkpt>
      <trkpt lat="36.698516547520434" lon="117.21653345575707">
        <ele>85.5</ele>
        <time>2023-06-11T01:48:15Z</time>
      </trkpt>
      <trkpt lat="36.69850497876486" lon="117.21652991235841">
        <ele>85.5</ele>
        <time>2023-06-11T01:48:16Z</time>
      </trkpt>
      <trkpt lat="36.69849338304553" lon="117.21652643168414">
        <ele>85.5</ele>
        <time>2023-06-11T01:48:17Z</time>
      </trkpt>
      <trkpt lat="36.69848179310736" lon="117.21652295978917">
        <ele>85.5</ele>
        <time>2023-06-11T01:48:18Z</time>
      </trkpt>
      <trkpt lat="36.69847029740226" lon="117.21651915205085">
        <ele>85.6</ele>
        <time>2023-06-11T01:48:19Z</time>
      </trkpt>
      <trkpt lat="36.69845888323013" lon="117.21651505036792">
        <ele>85.6</ele>
        <time>2023-06-11T01:48:20Z</time>
      </trkpt>
      <trkpt lat="36.698447551036686" lon="117.21651065259556">
        <ele>85.6</ele>
        <time>2023-06-11T01:48:21Z</time>
      </trkpt>
      <trkpt lat="36.698436219354065" lon="117.2165063202794">
        <ele>85.6</ele>
        <time>2023-06-11T01:48:22Z</time>
      </trkpt>
      <trkpt lat="36.69842485202493" lon="117.21650207833514">
        <ele>85.6</ele>
        <time>2023-06-11T01:48:23Z</time>
      </trkpt>
      <trkpt lat="36.69841337447318" lon="117.21649805650429">
        <ele>85.6</ele>
        <time>2023-06-11T01:48:24Z</time>
      </trkpt>
      <trkpt lat="36.69840175434945" lon="117.2164943059192">
        <ele>85.6</ele>
        <time>2023-06-11T01:48:25Z</time>
      </trkpt>
      <trkpt lat="36.69839012690992" lon="117.21649045369881">
        <ele>85.6</ele>
        <time>2023-06-11T01:48:26Z</time>
      </trkpt>
      <trkpt lat="36.69837853713502" lon="117.21648633593118">
        <ele>85.6</ele>
        <time>2023-06-11T01:48:27Z</time>
      </trkpt>
      <trkpt lat="36.69836699504001" lon="117.21648186254157">
        <ele>85.6</ele>
        <time>2023-06-11T01:48:28Z</time>
      </trkpt>
      <trkpt lat="36.69835548054894" lon="117.21647716732129">
        <ele>85.7</ele>
        <time>2023-06-11T01:48:29Z</time>
      </trkpt>
      <trkpt lat="36.698343896522225" lon="117.2164727191262">
        <ele>85.7</ele>
        <time>2023-06-11T01:48:30Z</time>
      </trkpt>
      <trkpt lat="36.69833224753957" lon="117.2164686723209">
        <ele>85.7</ele>
        <time>2023-06-11T01:48:31Z</time>
      </trkpt>
      <trkpt lat="36.69832054687489" lon="117.21646501210938">
        <ele>85.7</ele>
        <time>2023-06-11T01:48:32Z</time>
      </trkpt>
      <trkpt lat="36.698308846862915" lon="117.21646176734482">
        <ele>85.7</ele>
        <time>2023-06-11T01:48:33Z</time>
      </trkpt>
      <trkpt lat="36.69829714611224" lon="117.21645909341827">
        <ele>85.7</ele>
        <time>2023-06-11T01:48:34Z</time>
      </trkpt>
      <trkpt lat="36.69828540589089" lon="117.21645697765315">
        <ele>85.7</ele>
        <time>2023-06-11T01:48:35Z</time>
      </trkpt>
      <trkpt lat="36.69827360828447" lon="117.21645531993893">
        <ele>85.7</ele>
        <time>2023-06-11T01:48:36Z</time>
      </trkpt>
      <trkpt lat="36.69826174066202" lon="117.21645402847855">
        <ele>85.7</ele>
        <time>2023-06-11T01:48:37Z</time>
      </trkpt>
      <trkpt lat="36.698249761723034" lon="117.21645326395144">
        <ele>85.7</ele>
        <time>2023-06-11T01:48:38Z</time>
      </trkpt>
      <trkpt lat="36.69823769279597" lon="117.2164527991356">
        <ele>85.8</ele>
        <time>2023-06-11T01:48:39Z</time>
      </trkpt>
      <trkpt lat="36.69822554817231" lon="117.21645253994646">
        <ele>85.8</ele>
        <time>2023-06-11T01:48:40Z</time>
      </trkpt>
      <trkpt lat="36.698213355855884" lon="117.21645236800784">
        <ele>85.8</ele>
        <time>2023-06-11T01:48:41Z</time>
      </trkpt>
      <trkpt lat="36.69820111992492" lon="117.21645212710486">
        <ele>85.8</ele>
        <time>2023-06-11T01:48:42Z</time>
      </trkpt>
      <trkpt lat="36.69818883691127" lon="117.21645183332248">
        <ele>85.8</ele>
        <time>2023-06-11T01:48:43Z</time>
      </trkpt>
      <trkpt lat="36.69817652764663" lon="117.21645115817591">
        <ele>85.8</ele>
        <time>2023-06-11T01:48:44Z</time>
      </trkpt>
      <trkpt lat="36.698164207210745" lon="117.21644999940615">
        <ele>85.8</ele>
        <time>2023-06-11T01:48:45Z</time>
      </trkpt>
      <trkpt lat="36.69815192563212" lon="117.21644841980708">
        <ele>85.8</ele>
        <time>2023-06-11T01:48:46Z</time>
      </trkpt>
      <trkpt lat="36.69813969246588" lon="117.21644657232846">
        <ele>85.8</ele>
        <time>2023-06-11T01:48:47Z</time>
      </trkpt>
      <trkpt lat="36.69812751996732" lon="117.21644462295845">
        <ele>85.8</ele>
        <time>2023-06-11T01:48:48Z</time>
      </trkpt>
      <trkpt lat="36.69811540032548" lon="117.21644257441744">
        <ele>85.9</ele>
        <time>2023-06-11T01:48:49Z</time>
      </trkpt>
      <trkpt lat="36.69810335604582" lon="117.21644064155223">
        <ele>85.9</ele>
        <time>2023-06-11T01:48:50Z</time>
      </trkpt>
      <trkpt lat="36.698091400933855" lon="117.2164387934509">
        <ele>85.9</ele>
        <time>2023-06-11T01:48:51Z</time>
      </trkpt>
      <trkpt lat="36.698079548355956" lon="117.21643695713314">
        <ele>85.9</ele>
        <time>2023-06-11T01:48:52Z</time>
      </trkpt>
      <trkpt lat="36.698067807436146" lon="117.21643509836187">
        <ele>85.9</ele>
        <time>2023-06-11T01:48:53Z</time>
      </trkpt>
      <trkpt lat="36.6980561608738" lon="117.21643323637835">
        <ele>85.9</ele>
        <time>2023-06-11T01:48:54Z</time>
      </trkpt>
      <trkpt lat="36.698044588491946" lon="117.21643145202732">
        <ele>85.9</ele>
        <time>2023-06-11T01:48:55Z</time>
      </trkpt>
      <trkpt lat="36.69803305936666" lon="117.21642988023622">
        <ele>85.9</ele>
        <time>2023-06-11T01:48:56Z</time>
      </trkpt>
      <trkpt lat="36.698021559195375" lon="117.2164285525231">
        <ele>85.9</ele>
        <time>2023-06-11T01:48:57Z</time>
      </trkpt>
      <trkpt lat="36.69801009742966" lon="117.21642741322033">
        <ele>85.9</ele>
        <time>2023-06-11T01:48:58Z</time>
      </trkpt>
      <trkpt lat="36.69799869978066" lon="117.21642628954413">
        <ele>86</ele>
        <time>2023-06-11T01:48:59Z</time>
      </trkpt>
      <trkpt lat="36.69798735405175" lon="117.21642517799921">
        <ele>86</ele>
        <time>2023-06-11T01:49:00Z</time>
      </trkpt>
      <trkpt lat="36.697976132937185" lon="117.21642375444603">
        <ele>86</ele>
        <time>2023-06-11T01:49:01Z</time>
      </trkpt>
      <trkpt lat="36.697965084664915" lon="117.21642191927899">
        <ele>86</ele>
        <time>2023-06-11T01:49:02Z</time>
      </trkpt>
      <trkpt lat="36.697954246441846" lon="117.21641965224434">
        <ele>86</ele>
        <time>2023-06-11T01:49:03Z</time>
      </trkpt>
      <trkpt lat="36.697943603704225" lon="117.21641697228765">
        <ele>86</ele>
        <time>2023-06-11T01:49:04Z</time>
      </trkpt>
      <trkpt lat="36.69793317039732" lon="117.21641388989715">
        <ele>86</ele>
        <time>2023-06-11T01:49:05Z</time>
      </trkpt>
      <trkpt lat="36.69792296968601" lon="117.21641037731446">
        <ele>86</ele>
        <time>2023-06-11T01:49:06Z</time>
      </trkpt>
      <trkpt lat="36.697912964480146" lon="117.21640626853828">
        <ele>86</ele>
        <time>2023-06-11T01:49:07Z</time>
      </trkpt>
      <trkpt lat="36.69790314368853" lon="117.21640152010237">
        <ele>86</ele>
        <time>2023-06-11T01:49:08Z</time>
      </trkpt>
      <trkpt lat="36.697893477143126" lon="117.21639622573552">
        <ele>86.2</ele>
        <time>2023-06-11T01:49:09Z</time>
      </trkpt>
      <trkpt lat="36.69788390756977" lon="117.21639054815473">
        <ele>86.2</ele>
        <time>2023-06-11T01:49:10Z</time>
      </trkpt>
      <trkpt lat="36.69787444487017" lon="117.2163844853539">
        <ele>86.2</ele>
        <time>2023-06-11T01:49:11Z</time>
      </trkpt>
      <trkpt lat="36.697864884796545" lon="117.21637849799714">
        <ele>86.2</ele>
        <time>2023-06-11T01:49:12Z</time>
      </trkpt>
      <trkpt lat="36.69785512175897" lon="117.21637285993884">
        <ele>86.2</ele>
        <time>2023-06-11T01:49:13Z</time>
      </trkpt>
      <trkpt lat="36.69784509425112" lon="117.2163677314262">
        <ele>86.2</ele>
        <time>2023-06-11T01:49:14Z</time>
      </trkpt>
      <trkpt lat="36.69783480905442" lon="117.21636312543522">
        <ele>86.2</ele>
        <time>2023-06-11T01:49:15Z</time>
      </trkpt>
      <trkpt lat="36.697824236621884" lon="117.21635905752578">
        <ele>86.2</ele>
        <time>2023-06-11T01:49:16Z</time>
      </trkpt>
      <trkpt lat="36.697813363091456" lon="117.21635555135262">
        <ele>86.2</ele>
        <time>2023-06-11T01:49:17Z</time>
      </trkpt>
      <trkpt lat="36.69780224054946" lon="117.21635273791814">
        <ele>86.2</ele>
        <time>2023-06-11T01:49:18Z</time>
      </trkpt>
      <trkpt lat="36.697790869913256" lon="117.21635058813025">
        <ele>86.3</ele>
        <time>2023-06-11T01:49:19Z</time>
      </trkpt>
      <trkpt lat="36.69777925847217" lon="117.21634907460559">
        <ele>86.3</ele>
        <time>2023-06-11T01:49:20Z</time>
      </trkpt>
      <trkpt lat="36.69776745044762" lon="117.2163481231324">
        <ele>86.3</ele>
        <time>2023-06-11T01:49:21Z</time>
      </trkpt>
      <trkpt lat="36.697755465148596" lon="117.21634773249642">
        <ele>86.3</ele>
        <time>2023-06-11T01:49:22Z</time>
      </trkpt>
      <trkpt lat="36.69774342583387" lon="117.21634768108885">
        <ele>86.3</ele>
        <time>2023-06-11T01:49:23Z</time>
      </trkpt>
      <trkpt lat="36.697731404787035" lon="117.21634804024883">
        <ele>86.3</ele>
        <time>2023-06-11T01:49:24Z</time>
      </trkpt>
      <trkpt lat="36.697719456959014" lon="117.21634881677691">
        <ele>86.3</ele>
        <time>2023-06-11T01:49:25Z</time>
      </trkpt>
      <trkpt lat="36.697707652470505" lon="117.21635016055511">
        <ele>86.3</ele>
        <time>2023-06-11T01:49:26Z</time>
      </trkpt>
      <trkpt lat="36.6976960156548" lon="117.21635201720363">
        <ele>86.3</ele>
        <time>2023-06-11T01:49:27Z</time>
      </trkpt>
      <trkpt lat="36.697684591835994" lon="117.21635447344983">
        <ele>86.3</ele>
        <time>2023-06-11T01:49:28Z</time>
      </trkpt>
      <trkpt lat="36.697673446967556" lon="117.21635759102918">
        <ele>86.3</ele>
        <time>2023-06-11T01:49:29Z</time>
      </trkpt>
      <trkpt lat="36.69766263141116" lon="117.21636146807518">
        <ele>86.3</ele>
        <time>2023-06-11T01:49:30Z</time>
      </trkpt>
      <trkpt lat="36.69765213417949" lon="117.21636601468585">
        <ele>86.3</ele>
        <time>2023-06-11T01:49:31Z</time>
      </trkpt>
      <trkpt lat="36.69764189480035" lon="117.21637112548642">
        <ele>86.3</ele>
        <time>2023-06-11T01:49:32Z</time>
      </trkpt>
      <trkpt lat="36.6976318754975" lon="117.21637679866251">
        <ele>86.3</ele>
        <time>2023-06-11T01:49:33Z</time>
      </trkpt>
      <trkpt lat="36.69762200452965" lon="117.21638260085467">
        <ele>86.3</ele>
        <time>2023-06-11T01:49:34Z</time>
      </trkpt>
      <trkpt lat="36.697612276229194" lon="117.21638797724603">
        <ele>86.3</ele>
        <time>2023-06-11T01:49:35Z</time>
      </trkpt>
      <trkpt lat="36.69760276693179" lon="117.21639245924594">
        <ele>86.3</ele>
        <time>2023-06-11T01:49:36Z</time>
      </trkpt>
      <trkpt lat="36.697593384659285" lon="117.2163958870451">
        <ele>86.3</ele>
        <time>2023-06-11T01:49:37Z</time>
      </trkpt>
      <trkpt lat="36.69758472585917" lon="117.2163977230401">
        <ele>86.3</ele>
        <time>2023-06-11T01:49:38Z</time>
      </trkpt>
      <trkpt lat="36.69757700667501" lon="117.21639786445184">
        <ele>86.2</ele>
        <time>2023-06-11T01:49:39Z</time>
      </trkpt>
      <trkpt lat="36.697570140162796" lon="117.21639615955117">
        <ele>86.2</ele>
        <time>2023-06-11T01:49:40Z</time>
      </trkpt>
      <trkpt lat="36.69756408505683" lon="117.21639254969196">
        <ele>86.2</ele>
        <time>2023-06-11T01:49:41Z</time>
      </trkpt>
      <trkpt lat="36.697559163921035" lon="117.21638710208116">
        <ele>86.2</ele>
        <time>2023-06-11T01:49:42Z</time>
      </trkpt>
      <trkpt lat="36.69755541004232" lon="117.21637996234551">
        <ele>86.2</ele>
        <time>2023-06-11T01:49:43Z</time>
      </trkpt>
      <trkpt lat="36.697552831932924" lon="117.21637113357525">
        <ele>86.2</ele>
        <time>2023-06-11T01:49:44Z</time>
      </trkpt>
      <trkpt lat="36.69755141771355" lon="117.2163610406057">
        <ele>86.2</ele>
        <time>2023-06-11T01:49:45Z</time>
      </trkpt>
      <trkpt lat="36.69755112713208" lon="117.21635000107622">
        <ele>86.2</ele>
        <time>2023-06-11T01:49:46Z</time>
      </trkpt>
      <trkpt lat="36.697551873427415" lon="117.21633840819071">
        <ele>86.2</ele>
        <time>2023-06-11T01:49:47Z</time>
      </trkpt>
      <trkpt lat="36.69755364776017" lon="117.216326282401">
        <ele>86.2</ele>
        <time>2023-06-11T01:49:48Z</time>
      </trkpt>
      <trkpt lat="36.697555880246135" lon="117.21631419767418">
        <ele>86.6</ele>
        <time>2023-06-11T01:49:49Z</time>
      </trkpt>
      <trkpt lat="36.69755829972796" lon="117.21630213422671">
        <ele>86.6</ele>
        <time>2023-06-11T01:49:50Z</time>
      </trkpt>
      <trkpt lat="36.69756092599567" lon="117.21629017554122">
        <ele>86.6</ele>
        <time>2023-06-11T01:49:51Z</time>
      </trkpt>
      <trkpt lat="36.697563766131225" lon="117.21627828585775">
        <ele>86.6</ele>
        <time>2023-06-11T01:49:52Z</time>
      </trkpt>
      <trkpt lat="36.697566467700526" lon="117.2162664910608">
        <ele>86.6</ele>
        <time>2023-06-11T01:49:53Z</time>
      </trkpt>
      <trkpt lat="36.697569056580534" lon="117.21625473764071">
        <ele>86.6</ele>
        <time>2023-06-11T01:49:54Z</time>
      </trkpt>
      <trkpt lat="36.69757147900002" lon="117.2162430037067">
        <ele>86.6</ele>
        <time>2023-06-11T01:49:55Z</time>
      </trkpt>
      <trkpt lat="36.69757377949871" lon="117.21623118474213">
        <ele>86.6</ele>
        <time>2023-06-11T01:49:56Z</time>
      </trkpt>
      <trkpt lat="36.69757593397014" lon="117.21621921118908">
        <ele>86.6</ele>
        <time>2023-06-11T01:49:57Z</time>
      </trkpt>
      <trkpt lat="36.697577924563255" lon="117.21620704861103">
        <ele>86.6</ele>
        <time>2023-06-11T01:49:58Z</time>
      </trkpt>
      <trkpt lat="36.697579664757896" lon="117.21619457272232">
        <ele>86.7</ele>
        <time>2023-06-11T01:49:59Z</time>
      </trkpt>
      <trkpt lat="36.697581136897966" lon="117.21618169447571">
        <ele>86.7</ele>
        <time>2023-06-11T01:50:00Z</time>
      </trkpt>
      <trkpt lat="36.69758248591993" lon="117.21616842553306">
        <ele>86.7</ele>
        <time>2023-06-11T01:50:01Z</time>
      </trkpt>
      <trkpt lat="36.69758367173324" lon="117.21615468834187">
        <ele>86.7</ele>
        <time>2023-06-11T01:50:02Z</time>
      </trkpt>
      <trkpt lat="36.69758468710304" lon="117.21614051535151">
        <ele>86.7</ele>
        <time>2023-06-11T01:50:03Z</time>
      </trkpt>
      <trkpt lat="36.69758541030228" lon="117.21612581252192">
        <ele>86.7</ele>
        <time>2023-06-11T01:50:04Z</time>
      </trkpt>
      <trkpt lat="36.69758591640683" lon="117.2161106061699">
        <ele>86.7</ele>
        <time>2023-06-11T01:50:05Z</time>
      </trkpt>
      <trkpt lat="36.69758631060827" lon="117.21609492854536">
        <ele>86.7</ele>
        <time>2023-06-11T01:50:06Z</time>
      </trkpt>
      <trkpt lat="36.69758667897763" lon="117.21607890319525">
        <ele>86.7</ele>
        <time>2023-06-11T01:50:07Z</time>
      </trkpt>
      <trkpt lat="36.697587053139635" lon="117.21606265368081">
        <ele>86.7</ele>
        <time>2023-06-11T01:50:08Z</time>
      </trkpt>
      <trkpt lat="36.69758742872277" lon="117.2160461885806">
        <ele>86.9</ele>
        <time>2023-06-11T01:50:09Z</time>
      </trkpt>
      <trkpt lat="36.69758786590235" lon="117.21602961449017">
        <ele>86.9</ele>
        <time>2023-06-11T01:50:10Z</time>
      </trkpt>
      <trkpt lat="36.69758834419849" lon="117.21601300694033">
        <ele>86.9</ele>
        <time>2023-06-11T01:50:11Z</time>
      </trkpt>
      <trkpt lat="36.6975887201195" lon="117.21599640671894">
        <ele>86.9</ele>
        <time>2023-06-11T01:50:12Z</time>
      </trkpt>
      <trkpt lat="36.69758895818445" lon="117.215979968773">
        <ele>86.9</ele>
        <time>2023-06-11T01:50:13Z</time>
      </trkpt>
      <trkpt lat="36.69758902312871" lon="117.21596366388212">
        <ele>86.9</ele>
        <time>2023-06-11T01:50:14Z</time>
      </trkpt>
      <trkpt lat="36.697589086577246" lon="117.21594751573474">
        <ele>86.9</ele>
        <time>2023-06-11T01:50:15Z</time>
      </trkpt>
      <trkpt lat="36.69758900867733" lon="117.21593152042298">
        <ele>86.9</ele>
        <time>2023-06-11T01:50:16Z</time>
      </trkpt>
      <trkpt lat="36.69758871145014" lon="117.21591568597512">
        <ele>86.9</ele>
        <time>2023-06-11T01:50:17Z</time>
      </trkpt>
      <trkpt lat="36.69758809383778" lon="117.21590003399707">
        <ele>86.9</ele>
        <time>2023-06-11T01:50:18Z</time>
      </trkpt>
      <trkpt lat="36.69758716156124" lon="117.21588456180778">
        <ele>87.1</ele>
        <time>2023-06-11T01:50:19Z</time>
      </trkpt>
      <trkpt lat="36.69758587913145" lon="117.21586926488135">
        <ele>87.1</ele>
        <time>2023-06-11T01:50:20Z</time>
      </trkpt>
      <trkpt lat="36.69758445535746" lon="117.215854123807">
        <ele>87.1</ele>
        <time>2023-06-11T01:50:21Z</time>
      </trkpt>
      <trkpt lat="36.697583009020704" lon="117.21583912261089">
        <ele>87.1</ele>
        <time>2023-06-11T01:50:22Z</time>
      </trkpt>
      <trkpt lat="36.69758155676505" lon="117.21582423239283">
        <ele>87.1</ele>
        <time>2023-06-11T01:50:23Z</time>
      </trkpt>
      <trkpt lat="36.69758017013287" lon="117.2158093281951">
        <ele>87.1</ele>
        <time>2023-06-11T01:50:24Z</time>
      </trkpt>
      <trkpt lat="36.69757900055511" lon="117.21579444580703">
        <ele>87.1</ele>
        <time>2023-06-11T01:50:25Z</time>
      </trkpt>
      <trkpt lat="36.69757803905632" lon="117.21577961798235">
        <ele>87.1</ele>
        <time>2023-06-11T01:50:26Z</time>
      </trkpt>
      <trkpt lat="36.697577291661595" lon="117.21576484777434">
        <ele>87.1</ele>
        <time>2023-06-11T01:50:27Z</time>
      </trkpt>
      <trkpt lat="36.69757679030692" lon="117.2157501197316">
        <ele>87.1</ele>
        <time>2023-06-11T01:50:28Z</time>
      </trkpt>
      <trkpt lat="36.697576772913145" lon="117.21573546195653">
        <ele>87.3</ele>
        <time>2023-06-11T01:50:29Z</time>
      </trkpt>
      <trkpt lat="36.69757721041904" lon="117.2157208778483">
        <ele>87.3</ele>
        <time>2023-06-11T01:50:30Z</time>
      </trkpt>
      <trkpt lat="36.69757815268721" lon="117.2157063620008">
        <ele>87.3</ele>
        <time>2023-06-11T01:50:31Z</time>
      </trkpt>
      <trkpt lat="36.6975794677539" lon="117.215691936311">
        <ele>87.3</ele>
        <time>2023-06-11T01:50:32Z</time>
      </trkpt>
      <trkpt lat="36.69758104408813" lon="117.21567760056642">
        <ele>87.3</ele>
        <time>2023-06-11T01:50:33Z</time>
      </trkpt>
      <trkpt lat="36.697582997835944" lon="117.21566339112795">
        <ele>87.3</ele>
        <time>2023-06-11T01:50:34Z</time>
      </trkpt>
      <trkpt lat="36.6975852816211" lon="117.21564926127682">
        <ele>87.3</ele>
        <time>2023-06-11T01:50:35Z</time>
      </trkpt>
      <trkpt lat="36.6975878009984" lon="117.21563517629725">
        <ele>87.3</ele>
        <time>2023-06-11T01:50:36Z</time>
      </trkpt>
      <trkpt lat="36.697590749382854" lon="117.21562120100498">
        <ele>87.3</ele>
        <time>2023-06-11T01:50:37Z</time>
      </trkpt>
      <trkpt lat="36.69759416938213" lon="117.21560734120764">
        <ele>87.3</ele>
        <time>2023-06-11T01:50:38Z</time>
      </trkpt>
      <trkpt lat="36.697598319768716" lon="117.21559387201665">
        <ele>87.4</ele>
        <time>2023-06-11T01:50:39Z</time>
      </trkpt>
      <trkpt lat="36.69760315782335" lon="117.21558097367598">
        <ele>87.4</ele>
        <time>2023-06-11T01:50:40Z</time>
      </trkpt>
      <trkpt lat="36.69760881133658" lon="117.21556887924285">
        <ele>87.4</ele>
        <time>2023-06-11T01:50:41Z</time>
      </trkpt>
      <trkpt lat="36.697615254021414" lon="117.2155575785108">
        <ele>87.4</ele>
        <time>2023-06-11T01:50:42Z</time>
      </trkpt>
      <trkpt lat="36.69762247512683" lon="117.21554706960167">
        <ele>87.4</ele>
        <time>2023-06-11T01:50:43Z</time>
      </trkpt>
      <trkpt lat="36.69763053505689" lon="117.21553768433711">
        <ele>87.4</ele>
        <time>2023-06-11T01:50:44Z</time>
      </trkpt>
      <trkpt lat="36.69763929395161" lon="117.21552951009126">
        <ele>87.4</ele>
        <time>2023-06-11T01:50:45Z</time>
      </trkpt>
      <trkpt lat="36.69764877462696" lon="117.21552271667358">
        <ele>87.4</ele>
        <time>2023-06-11T01:50:46Z</time>
      </trkpt>
      <trkpt lat="36.697658951636264" lon="117.21551733781239">
        <ele>87.4</ele>
        <time>2023-06-11T01:50:47Z</time>
      </trkpt>
      <trkpt lat="36.697669643385666" lon="117.21551338365434">
        <ele>87.4</ele>
        <time>2023-06-11T01:50:48Z</time>
      </trkpt>
      <trkpt lat="36.69768087056997" lon="117.21551079528881">
        <ele>87.5</ele>
        <time>2023-06-11T01:50:49Z</time>
      </trkpt>
      <trkpt lat="36.69769239551839" lon="117.21550924819633">
        <ele>87.5</ele>
        <time>2023-06-11T01:50:50Z</time>
      </trkpt>
      <trkpt lat="36.69770407495151" lon="117.21550839894833">
        <ele>87.5</ele>
        <time>2023-06-11T01:50:51Z</time>
      </trkpt>
      <trkpt lat="36.69771579605469" lon="117.21550800980839">
        <ele>87.5</ele>
        <time>2023-06-11T01:50:52Z</time>
      </trkpt>
      <trkpt lat="36.69772757576892" lon="117.21550790216735">
        <ele>87.5</ele>
        <time>2023-06-11T01:50:53Z</time>
      </trkpt>
      <trkpt lat="36.697739307038866" lon="117.21550762631385">
        <ele>87.5</ele>
        <time>2023-06-11T01:50:54Z</time>
      </trkpt>
      <trkpt lat="36.69775092780392" lon="117.21550683583371">
        <ele>87.5</ele>
        <time>2023-06-11T01:50:55Z</time>
      </trkpt>
      <trkpt lat="36.69776250131395" lon="117.21550562419235">
        <ele>87.5</ele>
        <time>2023-06-11T01:50:56Z</time>
      </trkpt>
      <trkpt lat="36.6977740533728" lon="117.21550386647428">
        <ele>87.5</ele>
        <time>2023-06-11T01:50:57Z</time>
      </trkpt>
      <trkpt lat="36.69778558556691" lon="117.21550155666476">
        <ele>87.5</ele>
        <time>2023-06-11T01:50:58Z</time>
      </trkpt>
      <trkpt lat="36.697797118483486" lon="117.21549902493429">
        <ele>87.5</ele>
        <time>2023-06-11T01:50:59Z</time>
      </trkpt>
      <trkpt lat="36.69780861362666" lon="117.21549644471929">
        <ele>87.5</ele>
        <time>2023-06-11T01:51:00Z</time>
      </trkpt>
      <trkpt lat="36.697820054421754" lon="117.21549386377978">
        <ele>87.5</ele>
        <time>2023-06-11T01:51:01Z</time>
      </trkpt>
      <trkpt lat="36.697831458555136" lon="117.21549139970634">
        <ele>87.5</ele>
        <time>2023-06-11T01:51:02Z</time>
      </trkpt>
      <trkpt lat="36.69784285131823" lon="117.21548881383744">
        <ele>87.5</ele>
        <time>2023-06-11T01:51:03Z</time>
      </trkpt>
      <trkpt lat="36.6978541785848" lon="117.21548637551628">
        <ele>87.5</ele>
        <time>2023-06-11T01:51:04Z</time>
      </trkpt>
      <trkpt lat="36.69786554956751" lon="117.21548450175568">
        <ele>87.5</ele>
        <time>2023-06-11T01:51:05Z</time>
      </trkpt>
      <trkpt lat="36.69787695552018" lon="117.2154829577834">
        <ele>87.5</ele>
        <time>2023-06-11T01:51:06Z</time>
      </trkpt>
      <trkpt lat="36.6978883210399" lon="117.21548154160324">
        <ele>87.5</ele>
        <time>2023-06-11T01:51:07Z</time>
      </trkpt>
      <trkpt lat="36.69789961175773" lon="117.2154800759949">
        <ele>87.5</ele>
        <time>2023-06-11T01:51:08Z</time>
      </trkpt>
      <trkpt lat="36.69791078020105" lon="117.2154784682837">
        <ele>87.3</ele>
        <time>2023-06-11T01:51:09Z</time>
      </trkpt>
      <trkpt lat="36.697921615499226" lon="117.21547597357176">
        <ele>87.3</ele>
        <time>2023-06-11T01:51:10Z</time>
      </trkpt>
      <trkpt lat="36.69793189910918" lon="117.21547223529029">
        <ele>87.3</ele>
        <time>2023-06-11T01:51:11Z</time>
      </trkpt>
      <trkpt lat="36.69794161180048" lon="117.21546728363754">
        <ele>87.3</ele>
        <time>2023-06-11T01:51:12Z</time>
      </trkpt>
      <trkpt lat="36.69795041320387" lon="117.21546101669325">
        <ele>87.3</ele>
        <time>2023-06-11T01:51:13Z</time>
      </trkpt>
      <trkpt lat="36.697958185547684" lon="117.21545366301154">
        <ele>87.3</ele>
        <time>2023-06-11T01:51:14Z</time>
      </trkpt>
      <trkpt lat="36.69796459174153" lon="117.21544526351875">
        <ele>87.3</ele>
        <time>2023-06-11T01:51:15Z</time>
      </trkpt>
      <trkpt lat="36.69796963762873" lon="117.21543583932602">
        <ele>87.3</ele>
        <time>2023-06-11T01:51:16Z</time>
      </trkpt>
      <trkpt lat="36.69797327513294" lon="117.2154256878506">
        <ele>87.3</ele>
        <time>2023-06-11T01:51:17Z</time>
      </trkpt>
      <trkpt lat="36.697975440325735" lon="117.21541488296654">
        <ele>87.3</ele>
        <time>2023-06-11T01:51:18Z</time>
      </trkpt>
      <trkpt lat="36.697976037928655" lon="117.21540374946909">
        <ele>87.4</ele>
        <time>2023-06-11T01:51:19Z</time>
      </trkpt>
      <trkpt lat="36.697975047800725" lon="117.21539254975117">
        <ele>87.4</ele>
        <time>2023-06-11T01:51:20Z</time>
      </trkpt>
      <trkpt lat="36.69797264629865" lon="117.21538160732321">
        <ele>87.4</ele>
        <time>2023-06-11T01:51:21Z</time>
      </trkpt>
      <trkpt lat="36.69796898991964" lon="117.21537149011617">
        <ele>87.4</ele>
        <time>2023-06-11T01:51:22Z</time>
      </trkpt>
      <trkpt lat="36.69796411645182" lon="117.21536226052893">
        <ele>87.4</ele>
        <time>2023-06-11T01:51:23Z</time>
      </trkpt>
      <trkpt lat="36.697958323588296" lon="117.21535399545802">
        <ele>87.4</ele>
        <time>2023-06-11T01:51:24Z</time>
      </trkpt>
      <trkpt lat="36.697951797201" lon="117.21534673074471">
        <ele>87.4</ele>
        <time>2023-06-11T01:51:25Z</time>
      </trkpt>
      <trkpt lat="36.6979449308234" lon="117.21534038204523">
        <ele>87.4</ele>
        <time>2023-06-11T01:51:26Z</time>
      </trkpt>
      <trkpt lat="36.69793768006399" lon="117.21533495067469">
        <ele>87.4</ele>
        <time>2023-06-11T01:51:27Z</time>
      </trkpt>
      <trkpt lat="36.69793010977506" lon="117.21533039096197">
        <ele>87.4</ele>
        <time>2023-06-11T01:51:28Z</time>
      </trkpt>
      <trkpt lat="36.697922330166286" lon="117.21532642914651">
        <ele>87.9</ele>
        <time>2023-06-11T01:51:29Z</time>
      </trkpt>
      <trkpt lat="36.69791445360458" lon="117.21532330147095">
        <ele>87.9</ele>
        <time>2023-06-11T01:51:30Z</time>
      </trkpt>
      <trkpt lat="36.69790653754869" lon="117.21532083639569">
        <ele>87.9</ele>
        <time>2023-06-11T01:51:31Z</time>
      </trkpt>
      <trkpt lat="36.6978985583598" lon="117.21531903492212">
        <ele>87.9</ele>
        <time>2023-06-11T01:51:32Z</time>
      </trkpt>
      <trkpt lat="36.69789061162254" lon="117.2153176796554">
        <ele>87.9</ele>
        <time>2023-06-11T01:51:33Z</time>
      </trkpt>
      <trkpt lat="36.69788265604091" lon="117.21531668364267">
        <ele>87.9</ele>
        <time>2023-06-11T01:51:34Z</time>
      </trkpt>
      <trkpt lat="36.697874716954814" lon="117.21531605455853">
        <ele>87.9</ele>
        <time>2023-06-11T01:51:35Z</time>
      </trkpt>
      <trkpt lat="36.69786678389065" lon="117.21531591817234">
        <ele>87.9</ele>
        <time>2023-06-11T01:51:36Z</time>
      </trkpt>
      <trkpt lat="36.69785883257173" lon="117.21531623538101">
        <ele>87.9</ele>
        <time>2023-06-11T01:51:37Z</time>
      </trkpt>
      <trkpt lat="36.69785181471889" lon="117.21531749946257">
        <ele>87.9</ele>
        <time>2023-06-11T01:51:38Z</time>
      </trkpt>
      <trkpt lat="36.69784570417451" lon="117.21531968159469">
        <ele>87.8</ele>
        <time>2023-06-11T01:51:39Z</time>
      </trkpt>
      <trkpt lat="36.69784020291508" lon="117.21532287000014">
        <ele>87.8</ele>
        <time>2023-06-11T01:51:40Z</time>
      </trkpt>
      <trkpt lat="36.6978353211314" lon="117.21532670838896">
        <ele>87.8</ele>
        <time>2023-06-11T01:51:41Z</time>
      </trkpt>
      <trkpt lat="36.69783107296043" lon="117.21533119971599">
        <ele>87.8</ele>
        <time>2023-06-11T01:51:42Z</time>
      </trkpt>
      <trkpt lat="36.69782749812265" lon="117.21533634952074">
        <ele>87.8</ele>
        <time>2023-06-11T01:51:43Z</time>
      </trkpt>
      <trkpt lat="36.697824586696605" lon="117.21534204211835">
        <ele>87.8</ele>
        <time>2023-06-11T01:51:44Z</time>
      </trkpt>
      <trkpt lat="36.697822358738115" lon="117.21534827698562">
        <ele>87.8</ele>
        <time>2023-06-11T01:51:45Z</time>
      </trkpt>
      <trkpt lat="36.69782081320532" lon="117.21535505766954">
        <ele>87.8</ele>
        <time>2023-06-11T01:51:46Z</time>
      </trkpt>
      <trkpt lat="36.69781988125545" lon="117.21536222349609">
        <ele>87.8</ele>
        <time>2023-06-11T01:51:47Z</time>
      </trkpt>
      <trkpt lat="36.69781957218561" lon="117.21536976521683">
        <ele>87.8</ele>
        <time>2023-06-11T01:51:48Z</time>
      </trkpt>
      <trkpt lat="36.697818682759" lon="117.21537636293074">
        <ele>88</ele>
        <time>2023-06-11T01:51:49Z</time>
      </trkpt>
      <trkpt lat="36.697817245341376" lon="117.21538203223822">
        <ele>88</ele>
        <time>2023-06-11T01:51:50Z</time>
      </trkpt>
      <trkpt lat="36.69781552735258" lon="117.21538688574884">
        <ele>88</ele>
        <time>2023-06-11T01:51:51Z</time>
      </trkpt>
      <trkpt lat="36.697813535979925" lon="117.21539089422518">
        <ele>88</ele>
        <time>2023-06-11T01:51:52Z</time>
      </trkpt>
      <trkpt lat="36.697811139662385" lon="117.21539418242456">
        <ele>88</ele>
        <time>2023-06-11T01:51:53Z</time>
      </trkpt>
      <trkpt lat="36.697808337455385" lon="117.21539675114002">
        <ele>88</ele>
        <time>2023-06-11T01:51:54Z</time>
      </trkpt>
      <trkpt lat="36.697805129258974" lon="117.21539859979286">
        <ele>88</ele>
        <time>2023-06-11T01:51:55Z</time>
      </trkpt>
      <trkpt lat="36.69780151537083" lon="117.21539972731864">
        <ele>88</ele>
        <time>2023-06-11T01:51:56Z</time>
      </trkpt>
      <trkpt lat="36.697797490368956" lon="117.21540058099178">
        <ele>88</ele>
        <time>2023-06-11T01:51:57Z</time>
      </trkpt>
      <trkpt lat="36.69779287317505" lon="117.21540064591973">
        <ele>88</ele>
        <time>2023-06-11T01:51:58Z</time>
      </trkpt>
      <trkpt lat="36.697787830421866" lon="117.21539958454271">
        <ele>93.4</ele>
        <time>2023-06-11T01:51:59Z</time>
      </trkpt>
      <trkpt lat="36.697783682834874" lon="117.21539746879087">
        <ele>93.4</ele>
        <time>2023-06-11T01:52:00Z</time>
      </trkpt>
      <trkpt lat="36.69777834078081" lon="117.21539690747255">
        <ele>93.4</ele>
        <time>2023-06-11T01:52:01Z</time>
      </trkpt>
      <trkpt lat="36.69777293526522" lon="117.21540127912301">
        <ele>93.4</ele>
        <time>2023-06-11T01:52:02Z</time>
      </trkpt>
      <trkpt lat="36.69776553407196" lon="117.21540000319499">
        <ele>93.4</ele>
        <time>2023-06-11T01:52:03Z</time>
      </trkpt>
      <trkpt lat="36.69775996257071" lon="117.21539503077788">
        <ele>93.4</ele>
        <time>2023-06-11T01:52:04Z</time>
      </trkpt>
      <trkpt lat="36.69774457096943" lon="117.21538157979498">
        <ele>93.4</ele>
        <time>2023-06-11T01:52:33Z</time>
      </trkpt>
      <trkpt lat="36.69774598832679" lon="117.21538138037599">
        <ele>93.4</ele>
        <time>2023-06-11T01:52:34Z</time>
      </trkpt>
      <trkpt lat="36.69775049458575" lon="117.21537954142535">
        <ele>93.4</ele>
        <time>2023-06-11T01:52:35Z</time>
      </trkpt>
      <trkpt lat="36.69775388506917" lon="117.21538596757394">
        <ele>93.4</ele>
        <time>2023-06-11T01:52:36Z</time>
      </trkpt>
      <trkpt lat="36.69775721734545" lon="117.21539301708316">
        <ele>93.4</ele>
        <time>2023-06-11T01:52:37Z</time>
      </trkpt>
      <trkpt lat="36.697756859801224" lon="117.21539132732048">
        <ele>93.4</ele>
        <time>2023-06-11T01:52:38Z</time>
      </trkpt>
      <trkpt lat="36.69775807901949" lon="117.21539372805626">
        <ele>93.4</ele>
        <time>2023-06-11T01:52:39Z</time>
      </trkpt>
      <trkpt lat="36.69775923895072" lon="117.21539642253705">
        <ele>93.4</ele>
        <time>2023-06-11T01:52:40Z</time>
      </trkpt>
      <trkpt lat="36.697760206567715" lon="117.21539957113549">
        <ele>93.4</ele>
        <time>2023-06-11T01:52:41Z</time>
      </trkpt>
      <trkpt lat="36.69776106557899" lon="117.21540243261732">
        <ele>93.4</ele>
        <time>2023-06-11T01:52:42Z</time>
      </trkpt>
      <trkpt lat="36.69776180972819" lon="117.21540497338557">
        <ele>93.4</ele>
        <time>2023-06-11T01:52:43Z</time>
      </trkpt>
      <trkpt lat="36.69776234789588" lon="117.21540778806101">
        <ele>93.4</ele>
        <time>2023-06-11T01:52:44Z</time>
      </trkpt>
      <trkpt lat="36.69776264652853" lon="117.21541088179977">
        <ele>93.4</ele>
        <time>2023-06-11T01:52:45Z</time>
      </trkpt>
      <trkpt lat="36.69776326931818" lon="117.21541431419752">
        <ele>93.4</ele>
        <time>2023-06-11T01:52:46Z</time>
      </trkpt>
      <trkpt lat="36.69776433566537" lon="117.21541742429221">
        <ele>93.4</ele>
        <time>2023-06-11T01:52:47Z</time>
      </trkpt>
      <trkpt lat="36.69776582160576" lon="117.21542010456706">
        <ele>93.4</ele>
        <time>2023-06-11T01:52:48Z</time>
      </trkpt>
      <trkpt lat="36.69776776225296" lon="117.2154222001076">
        <ele>93.4</ele>
        <time>2023-06-11T01:52:49Z</time>
      </trkpt>
      <trkpt lat="36.69777007153707" lon="117.21542350979297">
        <ele>93.4</ele>
        <time>2023-06-11T01:52:50Z</time>
      </trkpt>
      <trkpt lat="36.69777262947221" lon="117.21542411325376">
        <ele>93.4</ele>
        <time>2023-06-11T01:52:51Z</time>
      </trkpt>
      <trkpt lat="36.69777507012057" lon="117.21542414524683">
        <ele>93.4</ele>
        <time>2023-06-11T01:52:52Z</time>
      </trkpt>
      <trkpt lat="36.6977773957166" lon="117.21542355586712">
        <ele>93.4</ele>
        <time>2023-06-11T01:52:53Z</time>
      </trkpt>
      <trkpt lat="36.69777961156524" lon="117.21542232654924">
        <ele>93.4</ele>
        <time>2023-06-11T01:52:54Z</time>
      </trkpt>
      <trkpt lat="36.69778172743456" lon="117.21542046458099">
        <ele>93.4</ele>
        <time>2023-06-11T01:52:55Z</time>
      </trkpt>
      <trkpt lat="36.697783848340286" lon="117.2154184680365">
        <ele>93.4</ele>
        <time>2023-06-11T01:52:56Z</time>
      </trkpt>
      <trkpt lat="36.69778603628435" lon="117.21541594142964">
        <ele>93.4</ele>
        <time>2023-06-11T01:52:57Z</time>
      </trkpt>
      <trkpt lat="36.69778823302654" lon="117.21541327913667">
        <ele>93.4</ele>
        <time>2023-06-11T01:52:58Z</time>
      </trkpt>
      <trkpt lat="36.69779044914983" lon="117.21541054779165">
        <ele>92.9</ele>
        <time>2023-06-11T01:52:59Z</time>
      </trkpt>
      <trkpt lat="36.697792537586615" lon="117.21540819852021">
        <ele>92.9</ele>
        <time>2023-06-11T01:53:00Z</time>
      </trkpt>
      <trkpt lat="36.69779441596291" lon="117.21540636443902">
        <ele>92.9</ele>
        <time>2023-06-11T01:53:01Z</time>
      </trkpt>
      <trkpt lat="36.69779608447656" lon="117.21540500564278">
        <ele>92.9</ele>
        <time>2023-06-11T01:53:02Z</time>
      </trkpt>
      <trkpt lat="36.69779771198504" lon="117.21540392874198">
        <ele>92.9</ele>
        <time>2023-06-11T01:53:03Z</time>
      </trkpt>
      <trkpt lat="36.69779932542904" lon="117.21540316811438">
        <ele>92.9</ele>
        <time>2023-06-11T01:53:04Z</time>
      </trkpt>
      <trkpt lat="36.697800886136726" lon="117.21540273739016">
        <ele>92.9</ele>
        <time>2023-06-11T01:53:05Z</time>
      </trkpt>
      <trkpt lat="36.697802394116984" lon="117.2154026546157">
        <ele>92.9</ele>
        <time>2023-06-11T01:53:06Z</time>
      </trkpt>
      <trkpt lat="36.69780370275171" lon="117.21540240982068">
        <ele>92.9</ele>
        <time>2023-06-11T01:53:07Z</time>
      </trkpt>
      <trkpt lat="36.697804741654636" lon="117.21540239220815">
        <ele>92.9</ele>
        <time>2023-06-11T01:53:08Z</time>
      </trkpt>
      <trkpt lat="36.697805500472455" lon="117.2154025833359">
        <ele>92.9</ele>
        <time>2023-06-11T01:53:09Z</time>
      </trkpt>
      <trkpt lat="36.69780597176553" lon="117.21540297775462">
        <ele>92.9</ele>
        <time>2023-06-11T01:53:10Z</time>
      </trkpt>
      <trkpt lat="36.697806268033524" lon="117.21540326035891">
        <ele>92.9</ele>
        <time>2023-06-11T01:53:11Z</time>
      </trkpt>
      <trkpt lat="36.697806463424314" lon="117.21540347055301">
        <ele>92.9</ele>
        <time>2023-06-11T01:53:12Z</time>
      </trkpt>
      <trkpt lat="36.69780654307065" lon="117.21540364949738">
        <ele>92.9</ele>
        <time>2023-06-11T01:53:13Z</time>
      </trkpt>
      <trkpt lat="36.69780655614157" lon="117.21540384453564">
        <ele>92.9</ele>
        <time>2023-06-11T01:53:14Z</time>
      </trkpt>
      <trkpt lat="36.6978064910216" lon="117.21540406104141">
        <ele>92.9</ele>
        <time>2023-06-11T01:53:15Z</time>
      </trkpt>
      <trkpt lat="36.69780639242948" lon="117.21540428082265">
        <ele>92.9</ele>
        <time>2023-06-11T01:53:16Z</time>
      </trkpt>
      <trkpt lat="36.69780626624073" lon="117.2154044820124">
        <ele>92.9</ele>
        <time>2023-06-11T01:53:17Z</time>
      </trkpt>
      <trkpt lat="36.69780614696962" lon="117.2154046598804">
        <ele>92.9</ele>
        <time>2023-06-11T01:53:18Z</time>
      </trkpt>
      <trkpt lat="36.69780604461262" lon="117.21540482294581">
        <ele>92.7</ele>
        <time>2023-06-11T01:53:19Z</time>
      </trkpt>
      <trkpt lat="36.69780594318282" lon="117.21540497392678">
        <ele>92.7</ele>
        <time>2023-06-11T01:53:20Z</time>
      </trkpt>
      <trkpt lat="36.697805852592985" lon="117.21540512161012">
        <ele>92.7</ele>
        <time>2023-06-11T01:53:21Z</time>
      </trkpt>
      <trkpt lat="36.69780575917985" lon="117.2154052641687">
        <ele>92.7</ele>
        <time>2023-06-11T01:53:22Z</time>
      </trkpt>
      <trkpt lat="36.697805666999166" lon="117.21540540894938">
        <ele>92.7</ele>
        <time>2023-06-11T01:53:23Z</time>
      </trkpt>
      <trkpt lat="36.69780557247714" lon="117.215405553065">
        <ele>92.7</ele>
        <time>2023-06-11T01:53:24Z</time>
      </trkpt>
      <trkpt lat="36.69780547553756" lon="117.21540569651295">
        <ele>92.7</ele>
        <time>2023-06-11T01:53:25Z</time>
      </trkpt>
      <trkpt lat="36.697805376157206" lon="117.21540583938422">
        <ele>92.7</ele>
        <time>2023-06-11T01:53:26Z</time>
      </trkpt>
      <trkpt lat="36.69780527435489" lon="117.21540598185247">
        <ele>92.7</ele>
        <time>2023-06-11T01:53:27Z</time>
      </trkpt>
      <trkpt lat="36.69780517018376" lon="117.21540612416365">
        <ele>92.7</ele>
        <time>2023-06-11T01:53:28Z</time>
      </trkpt>
      <trkpt lat="36.69780506372189" lon="117.21540626662367">
        <ele>92.7</ele>
        <time>2023-06-11T01:53:29Z</time>
      </trkpt>
      <trkpt lat="36.697804955062935" lon="117.21540640958536">
        <ele>92.7</ele>
        <time>2023-06-11T01:53:30Z</time>
      </trkpt>
      <trkpt lat="36.69780484431304" lon="117.21540655343499">
        <ele>92.7</ele>
        <time>2023-06-11T01:53:31Z</time>
      </trkpt>
      <trkpt lat="36.69780473158149" lon="117.21540669857833">
        <ele>92.7</ele>
        <time>2023-06-11T01:53:32Z</time>
      </trkpt>
      <trkpt lat="36.697804616979134" lon="117.2154068454281">
        <ele>92.7</ele>
        <time>2023-06-11T01:53:33Z</time>
      </trkpt>
      <trkpt lat="36.69780450060901" lon="117.21540699439399">
        <ele>92.7</ele>
        <time>2023-06-11T01:53:34Z</time>
      </trkpt>
      <trkpt lat="36.69780438256485" lon="117.21540714587218">
        <ele>92.7</ele>
        <time>2023-06-11T01:53:35Z</time>
      </trkpt>
      <trkpt lat="36.69780426292945" lon="117.21540730023955">
        <ele>92.7</ele>
        <time>2023-06-11T01:53:36Z</time>
      </trkpt>
      <trkpt lat="36.69780414177161" lon="117.21540745784792">
        <ele>92.7</ele>
        <time>2023-06-11T01:53:37Z</time>
      </trkpt>
      <trkpt lat="36.69780401914298" lon="117.2154076190224">
        <ele>92.7</ele>
        <time>2023-06-11T01:53:38Z</time>
      </trkpt>
      <trkpt lat="36.697803895081165" lon="117.21540778405776">
        <ele>92.7</ele>
        <time>2023-06-11T01:53:39Z</time>
      </trkpt>
      <trkpt lat="36.69780376960977" lon="117.21540795322183">
        <ele>92.7</ele>
        <time>2023-06-11T01:53:40Z</time>
      </trkpt>
      <trkpt lat="36.69780364273838" lon="117.21540812675234">
        <ele>92.7</ele>
        <time>2023-06-11T01:53:41Z</time>
      </trkpt>
      <trkpt lat="36.697803514464084" lon="117.21540830486">
        <ele>92.7</ele>
        <time>2023-06-11T01:53:42Z</time>
      </trkpt>
      <trkpt lat="36.69780338477464" lon="117.2154084877311">
        <ele>92.7</ele>
        <time>2023-06-11T01:53:43Z</time>
      </trkpt>
      <trkpt lat="36.69780325364842" lon="117.21540867552805">
        <ele>92.7</ele>
        <time>2023-06-11T01:53:44Z</time>
      </trkpt>
      <trkpt lat="36.697803121056026" lon="117.21540886839296">
        <ele>92.7</ele>
        <time>2023-06-11T01:53:45Z</time>
      </trkpt>
      <trkpt lat="36.69780298696337" lon="117.2154090664491">
        <ele>92.7</ele>
        <time>2023-06-11T01:53:46Z</time>
      </trkpt>
      <trkpt lat="36.69780285132855" lon="117.21540926978709">
        <ele>92.7</ele>
        <time>2023-06-11T01:53:47Z</time>
      </trkpt>
      <trkpt lat="36.69780271410033" lon="117.21540947849361">
        <ele>92.7</ele>
        <time>2023-06-11T01:53:48Z</time>
      </trkpt>
      <trkpt lat="36.69780257523056" lon="117.2154096926432">
        <ele>92.6</ele>
        <time>2023-06-11T01:53:49Z</time>
      </trkpt>
      <trkpt lat="36.697802434669555" lon="117.21540991230289">
        <ele>92.6</ele>
        <time>2023-06-11T01:53:50Z</time>
      </trkpt>
      <trkpt lat="36.69780229236759" lon="117.21541013752807">
        <ele>92.6</ele>
        <time>2023-06-11T01:53:51Z</time>
      </trkpt>
      <trkpt lat="36.697802148278065" lon="117.21541036836676">
        <ele>92.6</ele>
        <time>2023-06-11T01:53:52Z</time>
      </trkpt>
      <trkpt lat="36.69780200235592" lon="117.21541060486057">
        <ele>92.6</ele>
        <time>2023-06-11T01:53:53Z</time>
      </trkpt>
      <trkpt lat="36.69780185455607" lon="117.21541084704295">
        <ele>92.6</ele>
        <time>2023-06-11T01:53:54Z</time>
      </trkpt>
      <trkpt lat="36.69780170483813" lon="117.21541109494137">
        <ele>92.6</ele>
        <time>2023-06-11T01:53:55Z</time>
      </trkpt>
      <trkpt lat="36.69780155316322" lon="117.21541134857623">
        <ele>92.6</ele>
        <time>2023-06-11T01:53:56Z</time>
      </trkpt>
      <trkpt lat="36.69780139950027" lon="117.21541160797835">
        <ele>92.6</ele>
        <time>2023-06-11T01:53:57Z</time>
      </trkpt>
      <trkpt lat="36.697801243827534" lon="117.21541187317614">
        <ele>92.6</ele>
        <time>2023-06-11T01:53:58Z</time>
      </trkpt>
      <trkpt lat="36.69780108612792" lon="117.21541214417813">
        <ele>92.6</ele>
        <time>2023-06-11T01:53:59Z</time>
      </trkpt>
      <trkpt lat="36.697800926388965" lon="117.21541242098309">
        <ele>92.6</ele>
        <time>2023-06-11T01:54:00Z</time>
      </trkpt>
      <trkpt lat="36.6978007645998" lon="117.21541270357815">
        <ele>92.6</ele>
        <time>2023-06-11T01:54:01Z</time>
      </trkpt>
      <trkpt lat="36.697800600751044" lon="117.21541299194365">
        <ele>92.6</ele>
        <time>2023-06-11T01:54:02Z</time>
      </trkpt>
      <trkpt lat="36.6978004348349" lon="117.21541328605144">
        <ele>92.6</ele>
        <time>2023-06-11T01:54:03Z</time>
      </trkpt>
      <trkpt lat="36.69780026684668" lon="117.2154135858534">
        <ele>92.6</ele>
        <time>2023-06-11T01:54:04Z</time>
      </trkpt>
      <trkpt lat="36.697800096781634" lon="117.2154138913044">
        <ele>92.6</ele>
        <time>2023-06-11T01:54:05Z</time>
      </trkpt>
      <trkpt lat="36.69779992463663" lon="117.21541420235538">
        <ele>92.6</ele>
        <time>2023-06-11T01:54:06Z</time>
      </trkpt>
      <trkpt lat="36.6977997504116" lon="117.21541451895582">
        <ele>92.6</ele>
        <time>2023-06-11T01:54:07Z</time>
      </trkpt>
      <trkpt lat="36.697799574103364" lon="117.21541484103487">
        <ele>92.6</ele>
        <time>2023-06-11T01:54:08Z</time>
      </trkpt>
      <trkpt lat="36.69779939571188" lon="117.21541516854441">
        <ele>92.6</ele>
        <time>2023-06-11T01:54:09Z</time>
      </trkpt>
      <trkpt lat="36.697799215241766" lon="117.21541550142787">
        <ele>92.6</ele>
        <time>2023-06-11T01:54:10Z</time>
      </trkpt>
      <trkpt lat="36.6977990326976" lon="117.21541583962698">
        <ele>92.6</ele>
        <time>2023-06-11T01:54:11Z</time>
      </trkpt>
      <trkpt lat="36.69779884808868" lon="117.21541618308079">
        <ele>92.6</ele>
        <time>2023-06-11T01:54:12Z</time>
      </trkpt>
      <trkpt lat="36.69779866142581" lon="117.21541653172544">
        <ele>92.6</ele>
        <time>2023-06-11T01:54:13Z</time>
      </trkpt>
      <trkpt lat="36.69779847272294" lon="117.21541688549682">
        <ele>92.6</ele>
        <time>2023-06-11T01:54:14Z</time>
      </trkpt>
      <trkpt lat="36.697798281995546" lon="117.21541724433983">
        <ele>92.6</ele>
        <time>2023-06-11T01:54:15Z</time>
      </trkpt>
      <trkpt lat="36.69779808926535" lon="117.21541760818843">
        <ele>92.6</ele>
        <time>2023-06-11T01:54:16Z</time>
      </trkpt>
      <trkpt lat="36.69779789455405" lon="117.21541797697225">
        <ele>92.6</ele>
        <time>2023-06-11T01:54:17Z</time>
      </trkpt>
      <trkpt lat="36.69779769788801" lon="117.21541835061646">
        <ele>92.6</ele>
        <time>2023-06-11T01:54:18Z</time>
      </trkpt>
      <trkpt lat="36.69779749929514" lon="117.21541872904247">
        <ele>92.6</ele>
        <time>2023-06-11T01:54:19Z</time>
      </trkpt>
      <trkpt lat="36.6977972988018" lon="117.21541911215486">
        <ele>92.6</ele>
        <time>2023-06-11T01:54:20Z</time>
      </trkpt>
      <trkpt lat="36.697797096435885" lon="117.21541949986472">
        <ele>92.6</ele>
        <time>2023-06-11T01:54:21Z</time>
      </trkpt>
      <trkpt lat="36.69779689222685" lon="117.21541989208143">
        <ele>92.6</ele>
        <time>2023-06-11T01:54:22Z</time>
      </trkpt>
      <trkpt lat="36.6977966862026" lon="117.21542028871484">
        <ele>92.6</ele>
        <time>2023-06-11T01:54:23Z</time>
      </trkpt>
      <trkpt lat="36.69779647839726" lon="117.21542068967295">
        <ele>92.6</ele>
        <time>2023-06-11T01:54:24Z</time>
      </trkpt>
      <trkpt lat="36.697796268840285" lon="117.2154210948635">
        <ele>92.6</ele>
        <time>2023-06-11T01:54:25Z</time>
      </trkpt>
      <trkpt lat="36.69779605756579" lon="117.2154215041926">
        <ele>92.6</ele>
        <time>2023-06-11T01:54:26Z</time>
      </trkpt>
      <trkpt lat="36.697795844609466" lon="117.21542191756654">
        <ele>92.6</ele>
        <time>2023-06-11T01:54:27Z</time>
      </trkpt>
      <trkpt lat="36.69779563000855" lon="117.2154223348911">
        <ele>92.6</ele>
        <time>2023-06-11T01:54:28Z</time>
      </trkpt>
      <trkpt lat="36.69779541379869" lon="117.21542275606976">
        <ele>92.5</ele>
        <time>2023-06-11T01:54:29Z</time>
      </trkpt>
      <trkpt lat="36.697795196018674" lon="117.21542318100599">
        <ele>92.5</ele>
        <time>2023-06-11T01:54:30Z</time>
      </trkpt>
      <trkpt lat="36.697794976707314" lon="117.21542360960316">
        <ele>92.5</ele>
        <time>2023-06-11T01:54:31Z</time>
      </trkpt>
      <trkpt lat="36.69779475590491" lon="117.21542404176257">
        <ele>92.5</ele>
        <time>2023-06-11T01:54:32Z</time>
      </trkpt>
      <trkpt lat="36.69779453365027" lon="117.21542447738513">
        <ele>92.5</ele>
        <time>2023-06-11T01:54:33Z</time>
      </trkpt>
      <trkpt lat="36.69779430998683" lon="117.21542491637105">
        <ele>92.5</ele>
        <time>2023-06-11T01:54:34Z</time>
      </trkpt>
      <trkpt lat="36.69779408495493" lon="117.21542535862073">
        <ele>92.5</ele>
        <time>2023-06-11T01:54:35Z</time>
      </trkpt>
      <trkpt lat="36.69779385859957" lon="117.21542580403285">
        <ele>92.5</ele>
        <time>2023-06-11T01:54:36Z</time>
      </trkpt>
      <trkpt lat="36.6977936309642" lon="117.21542625250649">
        <ele>92.5</ele>
        <time>2023-06-11T01:54:37Z</time>
      </trkpt>
      <trkpt lat="36.69779340209225" lon="117.2154267039388">
        <ele>92.5</ele>
        <time>2023-06-11T01:54:38Z</time>
      </trkpt>
      <trkpt lat="36.697793172027176" lon="117.21542715822781">
        <ele>92.5</ele>
        <time>2023-06-11T01:54:39Z</time>
      </trkpt>
      <trkpt lat="36.697792940813976" lon="117.21542761527036">
        <ele>92.5</ele>
        <time>2023-06-11T01:54:40Z</time>
      </trkpt>
      <trkpt lat="36.697792708496095" lon="117.2154280749633">
        <ele>92.5</ele>
        <time>2023-06-11T01:54:41Z</time>
      </trkpt>
      <trkpt lat="36.69779247512163" lon="117.21542853720261">
        <ele>92.5</ele>
        <time>2023-06-11T01:54:42Z</time>
      </trkpt>
      <trkpt lat="36.69779224073404" lon="117.2154290018841">
        <ele>92.5</ele>
        <time>2023-06-11T01:54:43Z</time>
      </trkpt>
      <trkpt lat="36.69779200538141" lon="117.21542946890169">
        <ele>92.5</ele>
        <time>2023-06-11T01:54:44Z</time>
      </trkpt>
      <trkpt lat="36.69779176911031" lon="117.21542993814644">
        <ele>92.5</ele>
        <time>2023-06-11T01:54:45Z</time>
      </trkpt>
      <trkpt lat="36.697791531964164" lon="117.2154304095084">
        <ele>92.5</ele>
        <time>2023-06-11T01:54:46Z</time>
      </trkpt>
      <trkpt lat="36.697791293989525" lon="117.2154308828792">
        <ele>92.5</ele>
        <time>2023-06-11T01:54:47Z</time>
      </trkpt>
      <trkpt lat="36.69779105522982" lon="117.2154313581495">
        <ele>92.5</ele>
        <time>2023-06-11T01:54:48Z</time>
      </trkpt>
      <trkpt lat="36.69779081572851" lon="117.21543183521355">
        <ele>92.4</ele>
        <time>2023-06-11T01:54:49Z</time>
      </trkpt>
      <trkpt lat="36.69779057552901" lon="117.21543231396628">
        <ele>92.4</ele>
        <time>2023-06-11T01:54:50Z</time>
      </trkpt>
      <trkpt lat="36.697790334673236" lon="117.21543279430719">
        <ele>92.4</ele>
        <time>2023-06-11T01:54:51Z</time>
      </trkpt>
      <trkpt lat="36.69779009320773" lon="117.21543327613456">
        <ele>92.4</ele>
        <time>2023-06-11T01:54:52Z</time>
      </trkpt>
      <trkpt lat="36.697789851172836" lon="117.21543375935197">
        <ele>92.4</ele>
        <time>2023-06-11T01:54:53Z</time>
      </trkpt>
      <trkpt lat="36.69778960861356" lon="117.2154342438641">
        <ele>92.4</ele>
        <time>2023-06-11T01:54:54Z</time>
      </trkpt>
      <trkpt lat="36.697789365570245" lon="117.21543472958305">
        <ele>92.4</ele>
        <time>2023-06-11T01:54:55Z</time>
      </trkpt>
      <trkpt lat="36.6977891220848" lon="117.21543521642165">
        <ele>92.4</ele>
        <time>2023-06-11T01:54:56Z</time>
      </trkpt>
      <trkpt lat="36.69778887820381" lon="117.21543570430099">
        <ele>92.4</ele>
        <time>2023-06-11T01:54:57Z</time>
      </trkpt>
      <trkpt lat="36.69778863396916" lon="117.21543619312865">
        <ele>92.4</ele>
        <time>2023-06-11T01:54:58Z</time>
      </trkpt>
      <trkpt lat="36.6977879279391" lon="117.21543692357295">
        <ele>92.5</ele>
        <time>2023-06-11T01:54:59Z</time>
      </trkpt>
      <trkpt lat="36.697786822273734" lon="117.21543780389166">
        <ele>92.5</ele>
        <time>2023-06-11T01:55:00Z</time>
      </trkpt>
      <trkpt lat="36.697785315973704" lon="117.21543883477231">
        <ele>92.5</ele>
        <time>2023-06-11T01:55:01Z</time>
      </trkpt>
      <trkpt lat="36.69778340928612" lon="117.21544001604572">
        <ele>92.5</ele>
        <time>2023-06-11T01:55:02Z</time>
      </trkpt>
      <trkpt lat="36.69778110387549" lon="117.21544134658004">
        <ele>92.5</ele>
        <time>2023-06-11T01:55:03Z</time>
      </trkpt>
      <trkpt lat="36.69777840293099" lon="117.21544282417547">
        <ele>92.5</ele>
        <time>2023-06-11T01:55:04Z</time>
      </trkpt>
      <trkpt lat="36.69777531106472" lon="117.21544444572935">
        <ele>92.5</ele>
        <time>2023-06-11T01:55:05Z</time>
      </trkpt>
      <trkpt lat="36.69777183491317" lon="117.2154462068325">
        <ele>92.5</ele>
        <time>2023-06-11T01:55:06Z</time>
      </trkpt>
      <trkpt lat="36.69776798425823" lon="117.2154481013951">
        <ele>92.5</ele>
        <time>2023-06-11T01:55:07Z</time>
      </trkpt>
      <trkpt lat="36.697763770166794" lon="117.21545012292235">
        <ele>92.5</ele>
        <time>2023-06-11T01:55:08Z</time>
      </trkpt>
      <trkpt lat="36.697759205925124" lon="117.21545226414399">
        <ele>92.5</ele>
        <time>2023-06-11T01:55:09Z</time>
      </trkpt>
      <trkpt lat="36.69775476732706" lon="117.215454276679">
        <ele>92.5</ele>
        <time>2023-06-11T01:55:10Z</time>
      </trkpt>
      <trkpt lat="36.69775040740193" lon="117.2154562445433">
        <ele>92.5</ele>
        <time>2023-06-11T01:55:11Z</time>
      </trkpt>
      <trkpt lat="36.69774614302219" lon="117.2154581594409">
        <ele>92.5</ele>
        <time>2023-06-11T01:55:12Z</time>
      </trkpt>
      <trkpt lat="36.697741990338166" lon="117.21546001411994">
        <ele>92.5</ele>
        <time>2023-06-11T01:55:13Z</time>
      </trkpt>
      <trkpt lat="36.697737964435255" lon="117.21546180250064">
        <ele>92.5</ele>
        <time>2023-06-11T01:55:14Z</time>
      </trkpt>
      <trkpt lat="36.69773407906177" lon="117.21546351975621">
        <ele>92.5</ele>
        <time>2023-06-11T01:55:15Z</time>
      </trkpt>
      <trkpt lat="36.69773034655648" lon="117.2154651621165">
        <ele>92.5</ele>
        <time>2023-06-11T01:55:16Z</time>
      </trkpt>
      <trkpt lat="36.69772677708148" lon="117.21546672722897">
        <ele>92.5</ele>
        <time>2023-06-11T01:55:17Z</time>
      </trkpt>
      <trkpt lat="36.69772337734167" lon="117.21546821451379">
        <ele>92.5</ele>
        <time>2023-06-11T01:55:18Z</time>
      </trkpt>
      <trkpt lat="36.69772015230564" lon="117.21546962387016">
        <ele>92.5</ele>
        <time>2023-06-11T01:55:19Z</time>
      </trkpt>
      <trkpt lat="36.69771710415857" lon="117.21547095607806">
        <ele>92.5</ele>
        <time>2023-06-11T01:55:20Z</time>
      </trkpt>
      <trkpt lat="36.697714233406" lon="117.21547221238833">
        <ele>92.5</ele>
        <time>2023-06-11T01:55:21Z</time>
      </trkpt>
      <trkpt lat="36.6977115389887" lon="117.21547339422024">
        <ele>92.5</ele>
        <time>2023-06-11T01:55:22Z</time>
      </trkpt>
      <trkpt lat="36.697709018395244" lon="117.21547450307617">
        <ele>92.5</ele>
        <time>2023-06-11T01:55:23Z</time>
      </trkpt>
      <trkpt lat="36.69770666780246" lon="117.2154755405133">
        <ele>92.5</ele>
        <time>2023-06-11T01:55:24Z</time>
      </trkpt>
      <trkpt lat="36.69770448223942" lon="117.21547650816387">
        <ele>92.5</ele>
        <time>2023-06-11T01:55:25Z</time>
      </trkpt>
      <trkpt lat="36.69770245577302" lon="117.21547740778315">
        <ele>92.5</ele>
        <time>2023-06-11T01:55:26Z</time>
      </trkpt>
      <trkpt lat="36.69770058170205" lon="117.21547824130711">
        <ele>92.5</ele>
        <time>2023-06-11T01:55:27Z</time>
      </trkpt>
      <trkpt lat="36.69769885275743" lon="117.2154790108981">
        <ele>92.5</ele>
        <time>2023-06-11T01:55:28Z</time>
      </trkpt>
      <trkpt lat="36.69769726129673" lon="117.21547971897344">
        <ele>92.5</ele>
        <time>2023-06-11T01:55:29Z</time>
      </trkpt>
      <trkpt lat="36.69769579947906" lon="117.21548036820815">
        <ele>92.5</ele>
        <time>2023-06-11T01:55:30Z</time>
      </trkpt>
      <trkpt lat="36.69769445942607" lon="117.21548096151152">
        <ele>92.5</ele>
        <time>2023-06-11T01:55:31Z</time>
      </trkpt>
      <trkpt lat="36.69769323334705" lon="117.2154815019854">
        <ele>92.5</ele>
        <time>2023-06-11T01:55:32Z</time>
      </trkpt>
      <trkpt lat="36.69769211364862" lon="117.21548199286467">
        <ele>92.5</ele>
        <time>2023-06-11T01:55:33Z</time>
      </trkpt>
      <trkpt lat="36.697691093010356" lon="117.21548243745337">
        <ele>92.5</ele>
        <time>2023-06-11T01:55:34Z</time>
      </trkpt>
      <trkpt lat="36.69769016459352" lon="117.21548283898147">
        <ele>92.5</ele>
        <time>2023-06-11T01:55:35Z</time>
      </trkpt>
      <trkpt lat="36.69768932189411" lon="117.21548320063587">
        <ele>92.5</ele>
        <time>2023-06-11T01:55:36Z</time>
      </trkpt>
      <trkpt lat="36.69768855877428" lon="117.21548352550391">
        <ele>92.5</ele>
        <time>2023-06-11T01:55:37Z</time>
      </trkpt>
      <trkpt lat="36.697687869465035" lon="117.21548381653812">
        <ele>92.5</ele>
        <time>2023-06-11T01:55:38Z</time>
      </trkpt>
      <trkpt lat="36.697687248554146" lon="117.21548407653071">
        <ele>92.5</ele>
        <time>2023-06-11T01:55:39Z</time>
      </trkpt>
      <trkpt lat="36.69768669084702" lon="117.21548430817192">
        <ele>92.5</ele>
        <time>2023-06-11T01:55:40Z</time>
      </trkpt>
      <trkpt lat="36.69768619157226" lon="117.21548451391298">
        <ele>92.5</ele>
        <time>2023-06-11T01:55:41Z</time>
      </trkpt>
      <trkpt lat="36.69768574625453" lon="117.21548469602084">
        <ele>92.5</ele>
        <time>2023-06-11T01:55:42Z</time>
      </trkpt>
      <trkpt lat="36.697685350710344" lon="117.2154848565817">
        <ele>92.5</ele>
        <time>2023-06-11T01:55:43Z</time>
      </trkpt>
      <trkpt lat="36.69768500102158" lon="117.21548499751103">
        <ele>92.5</ele>
        <time>2023-06-11T01:55:44Z</time>
      </trkpt>
      <trkpt lat="36.69768469352271" lon="117.21548512056391">
        <ele>92.5</ele>
        <time>2023-06-11T01:55:45Z</time>
      </trkpt>
      <trkpt lat="36.69768442464452" lon="117.21548522741536">
        <ele>92.5</ele>
        <time>2023-06-11T01:55:46Z</time>
      </trkpt>
      <trkpt lat="36.697684191062244" lon="117.21548531959498">
        <ele>92.5</ele>
        <time>2023-06-11T01:55:47Z</time>
      </trkpt>
      <trkpt lat="36.69768398966288" lon="117.21548539850852">
        <ele>92.5</ele>
        <time>2023-06-11T01:55:48Z</time>
      </trkpt>
      <trkpt lat="36.69768381753277" lon="117.21548546544592">
        <ele>92.6</ele>
        <time>2023-06-11T01:55:49Z</time>
      </trkpt>
      <trkpt lat="36.69768367195141" lon="117.21548552159095">
        <ele>92.6</ele>
        <time>2023-06-11T01:55:50Z</time>
      </trkpt>
      <trkpt lat="36.69768355046563" lon="117.2154855679814">
        <ele>92.6</ele>
        <time>2023-06-11T01:55:51Z</time>
      </trkpt>
      <trkpt lat="36.69768345069261" lon="117.21548560562282">
        <ele>92.6</ele>
        <time>2023-06-11T01:55:52Z</time>
      </trkpt>
      <trkpt lat="36.697683370424414" lon="117.21548563543593">
        <ele>92.6</ele>
        <time>2023-06-11T01:55:53Z</time>
      </trkpt>
      <trkpt lat="36.69768330760974" lon="117.21548565826475">
        <ele>92.6</ele>
        <time>2023-06-11T01:55:54Z</time>
      </trkpt>
      <trkpt lat="36.69768326039002" lon="117.21548567486124">
        <ele>92.6</ele>
        <time>2023-06-11T01:55:55Z</time>
      </trkpt>
      <trkpt lat="36.697683227060985" lon="117.21548568590933">
        <ele>92.6</ele>
        <time>2023-06-11T01:55:56Z</time>
      </trkpt>
      <trkpt lat="36.697683206041575" lon="117.21548569204418">
        <ele>92.6</ele>
        <time>2023-06-11T01:55:57Z</time>
      </trkpt>
      <trkpt lat="36.69768319591044" lon="117.21548569383195">
        <ele>92.6</ele>
        <time>2023-06-11T01:55:58Z</time>
      </trkpt>
      <trkpt lat="36.69768319538154" lon="117.21548569178266">
        <ele>92.5</ele>
        <time>2023-06-11T01:55:59Z</time>
      </trkpt>
      <trkpt lat="36.69768320327216" lon="117.21548568636682">
        <ele>92.5</ele>
        <time>2023-06-11T01:56:00Z</time>
      </trkpt>
      <trkpt lat="36.69768321850727" lon="117.21548567801186">
        <ele>92.5</ele>
        <time>2023-06-11T01:56:01Z</time>
      </trkpt>
      <trkpt lat="36.69768324015719" lon="117.21548566707823">
        <ele>92.5</ele>
        <time>2023-06-11T01:56:02Z</time>
      </trkpt>
      <trkpt lat="36.69768326736996" lon="117.21548565389966">
        <ele>92.5</ele>
        <time>2023-06-11T01:56:03Z</time>
      </trkpt>
      <trkpt lat="36.697683299378376" lon="117.21548563877829">
        <ele>92.5</ele>
        <time>2023-06-11T01:56:04Z</time>
      </trkpt>
      <trkpt lat="36.69768333550267" lon="117.21548562198348">
        <ele>92.5</ele>
        <time>2023-06-11T01:56:05Z</time>
      </trkpt>
      <trkpt lat="36.69768337510388" lon="117.21548560377559">
        <ele>92.5</ele>
        <time>2023-06-11T01:56:06Z</time>
      </trkpt>
      <trkpt lat="36.69768341760563" lon="117.21548558438923">
        <ele>92.5</ele>
        <time>2023-06-11T01:56:07Z</time>
      </trkpt>
      <trkpt lat="36.69768346249802" lon="117.21548556403332">
        <ele>92.5</ele>
        <time>2023-06-11T01:56:08Z</time>
      </trkpt>
      <trkpt lat="36.69768350930532" lon="117.21548554290551">
        <ele>92.6</ele>
        <time>2023-06-11T01:56:09Z</time>
      </trkpt>
      <trkpt lat="36.69768355759924" lon="117.21548552118338">
        <ele>92.6</ele>
        <time>2023-06-11T01:56:10Z</time>
      </trkpt>
      <trkpt lat="36.697683607020664" lon="117.21548549901362">
        <ele>92.6</ele>
        <time>2023-06-11T01:56:11Z</time>
      </trkpt>
      <trkpt lat="36.69768365726256" lon="117.21548547652182">
        <ele>92.6</ele>
        <time>2023-06-11T01:56:12Z</time>
      </trkpt>
      <trkpt lat="36.69768370806218" lon="117.21548545381431">
        <ele>92.6</ele>
        <time>2023-06-11T01:56:13Z</time>
      </trkpt>
      <trkpt lat="36.69768375922521" lon="117.21548543096785">
        <ele>92.6</ele>
        <time>2023-06-11T01:56:14Z</time>
      </trkpt>
      <trkpt lat="36.69768381059811" lon="117.21548540804345">
        <ele>92.6</ele>
        <time>2023-06-11T01:56:15Z</time>
      </trkpt>
      <trkpt lat="36.697683862056145" lon="117.2154853850899">
        <ele>92.6</ele>
        <time>2023-06-11T01:56:16Z</time>
      </trkpt>
      <trkpt lat="36.697683913499795" lon="117.21548536214705">
        <ele>92.6</ele>
        <time>2023-06-11T01:56:17Z</time>
      </trkpt>
      <trkpt lat="36.69768396485523" lon="117.21548533924427">
        <ele>92.6</ele>
        <time>2023-06-11T01:56:18Z</time>
      </trkpt>
      <trkpt lat="36.6976840160653" lon="117.21548531640464">
        <ele>92.6</ele>
        <time>2023-06-11T01:56:19Z</time>
      </trkpt>
      <trkpt lat="36.69768406708727" lon="117.21548529364516">
        <ele>92.6</ele>
        <time>2023-06-11T01:56:20Z</time>
      </trkpt>
      <trkpt lat="36.69768411789044" lon="117.21548527097845">
        <ele>92.6</ele>
        <time>2023-06-11T01:56:21Z</time>
      </trkpt>
      <trkpt lat="36.69768416845419" lon="117.21548524841302">
        <ele>92.6</ele>
        <time>2023-06-11T01:56:22Z</time>
      </trkpt>
      <trkpt lat="36.6976842187661" lon="117.21548522595397">
        <ele>92.6</ele>
        <time>2023-06-11T01:56:23Z</time>
      </trkpt>
      <trkpt lat="36.69768426882073" lon="117.21548520360398">
        <ele>92.6</ele>
        <time>2023-06-11T01:56:24Z</time>
      </trkpt>
      <trkpt lat="36.69768431861846" lon="117.2154851813628">
        <ele>92.6</ele>
        <time>2023-06-11T01:56:25Z</time>
      </trkpt>
      <trkpt lat="36.69768436816511" lon="117.21548515922797">
        <ele>92.6</ele>
        <time>2023-06-11T01:56:26Z</time>
      </trkpt>
      <trkpt lat="36.697684417469254" lon="117.21548513719591">
        <ele>92.6</ele>
        <time>2023-06-11T01:56:27Z</time>
      </trkpt>
      <trkpt lat="36.69768446654021" lon="117.21548511526268">
        <ele>92.6</ele>
        <time>2023-06-11T01:56:28Z</time>
      </trkpt>
      <trkpt lat="36.697684515385355" lon="117.21548509342564">
        <ele>92.7</ele>
        <time>2023-06-11T01:56:29Z</time>
      </trkpt>
      <trkpt lat="36.69768456401285" lon="117.21548507168113">
        <ele>92.7</ele>
        <time>2023-06-11T01:56:30Z</time>
      </trkpt>
      <trkpt lat="36.69768461243165" lon="117.21548505002526">
        <ele>92.7</ele>
        <time>2023-06-11T01:56:31Z</time>
      </trkpt>
      <trkpt lat="36.69768466065341" lon="117.21548502845368">
        <ele>92.7</ele>
        <time>2023-06-11T01:56:32Z</time>
      </trkpt>
      <trkpt lat="36.69768470869017" lon="117.21548500696105">
        <ele>92.7</ele>
        <time>2023-06-11T01:56:33Z</time>
      </trkpt>
      <trkpt lat="36.69768475655475" lon="117.21548498554198">
        <ele>92.7</ele>
        <time>2023-06-11T01:56:34Z</time>
      </trkpt>
      <trkpt lat="36.69768480425999" lon="117.21548496419119">
        <ele>92.7</ele>
        <time>2023-06-11T01:56:35Z</time>
      </trkpt>
      <trkpt lat="36.69768485181793" lon="117.21548494290377">
        <ele>92.7</ele>
        <time>2023-06-11T01:56:36Z</time>
      </trkpt>
      <trkpt lat="36.697684899239455" lon="117.21548492167463">
        <ele>92.7</ele>
        <time>2023-06-11T01:56:37Z</time>
      </trkpt>
      <trkpt lat="36.69768494653584" lon="117.21548490049943">
        <ele>92.7</ele>
        <time>2023-06-11T01:56:38Z</time>
      </trkpt>
      <trkpt lat="36.69768499371951" lon="117.2154848793728">
        <ele>92.6</ele>
        <time>2023-06-11T01:56:39Z</time>
      </trkpt>
      <trkpt lat="36.69768504080331" lon="117.21548485828914">
        <ele>92.6</ele>
        <time>2023-06-11T01:56:40Z</time>
      </trkpt>
      <trkpt lat="36.69768508780004" lon="117.21548483724314">
        <ele>92.6</ele>
        <time>2023-06-11T01:56:41Z</time>
      </trkpt>
      <trkpt lat="36.69768513472216" lon="117.2154848162297">
        <ele>92.6</ele>
        <time>2023-06-11T01:56:42Z</time>
      </trkpt>
      <trkpt lat="36.69768518158014" lon="117.21548479524392">
        <ele>92.6</ele>
        <time>2023-06-11T01:56:43Z</time>
      </trkpt>
      <trkpt lat="36.69768522838411" lon="117.21548477428198">
        <ele>92.6</ele>
        <time>2023-06-11T01:56:44Z</time>
      </trkpt>
      <trkpt lat="36.697685275142994" lon="117.21548475333994">
        <ele>92.6</ele>
        <time>2023-06-11T01:56:45Z</time>
      </trkpt>
      <trkpt lat="36.69768532186457" lon="117.21548473241415">
        <ele>92.6</ele>
        <time>2023-06-11T01:56:46Z</time>
      </trkpt>
      <trkpt lat="36.69768536855622" lon="117.2154847115015">
        <ele>92.6</ele>
        <time>2023-06-11T01:56:47Z</time>
      </trkpt>
      <trkpt lat="36.697685415224164" lon="117.21548469059977">
        <ele>92.6</ele>
        <time>2023-06-11T01:56:48Z</time>
      </trkpt>
      <trkpt lat="36.697685461873846" lon="117.21548466970654">
        <ele>92.6</ele>
        <time>2023-06-11T01:56:49Z</time>
      </trkpt>
      <trkpt lat="36.69768550850992" lon="117.2154846488194">
        <ele>92.6</ele>
        <time>2023-06-11T01:56:50Z</time>
      </trkpt>
      <trkpt lat="36.697685555136275" lon="117.21548462793734">
        <ele>92.6</ele>
        <time>2023-06-11T01:56:51Z</time>
      </trkpt>
      <trkpt lat="36.69768560175603" lon="117.21548460705868">
        <ele>92.6</ele>
        <time>2023-06-11T01:56:52Z</time>
      </trkpt>
      <trkpt lat="36.697685648371504" lon="117.21548458618247">
        <ele>92.6</ele>
        <time>2023-06-11T01:56:53Z</time>
      </trkpt>
      <trkpt lat="36.69768569498504" lon="117.21548456530772">
        <ele>92.6</ele>
        <time>2023-06-11T01:56:54Z</time>
      </trkpt>
      <trkpt lat="36.697685741598576" lon="117.21548454443342">
        <ele>92.6</ele>
        <time>2023-06-11T01:56:55Z</time>
      </trkpt>
      <trkpt lat="36.69768578821328" lon="117.21548452355913">
        <ele>92.6</ele>
        <time>2023-06-11T01:56:56Z</time>
      </trkpt>
      <trkpt lat="36.6976858348307" lon="117.21548450268436">
        <ele>92.6</ele>
        <time>2023-06-11T01:56:57Z</time>
      </trkpt>
      <trkpt lat="36.697685881451235" lon="117.21548448180886">
        <ele>92.6</ele>
        <time>2023-06-11T01:56:58Z</time>
      </trkpt>
      <trkpt lat="36.69768592807604" lon="117.2154844609319">
        <ele>92.6</ele>
        <time>2023-06-11T01:56:59Z</time>
      </trkpt>
      <trkpt lat="36.69768597470551" lon="117.21548444005349">
        <ele>92.6</ele>
        <time>2023-06-11T01:57:00Z</time>
      </trkpt>
      <trkpt lat="36.69768602134003" lon="117.21548441917363">
        <ele>92.6</ele>
        <time>2023-06-11T01:57:01Z</time>
      </trkpt>
      <trkpt lat="36.69768606797961" lon="117.21548439829182">
        <ele>92.6</ele>
        <time>2023-06-11T01:57:02Z</time>
      </trkpt>
      <trkpt lat="36.69768611462424" lon="117.21548437740853">
        <ele>92.6</ele>
        <time>2023-06-11T01:57:03Z</time>
      </trkpt>
      <trkpt lat="36.69768616127431" lon="117.21548435652356">
        <ele>92.6</ele>
        <time>2023-06-11T01:57:04Z</time>
      </trkpt>
      <trkpt lat="36.69768620792983" lon="117.21548433563714">
        <ele>92.6</ele>
        <time>2023-06-11T01:57:05Z</time>
      </trkpt>
      <trkpt lat="36.697686254590394" lon="117.2154843147495">
        <ele>92.6</ele>
        <time>2023-06-11T01:57:06Z</time>
      </trkpt>
      <trkpt lat="36.697685929693804" lon="117.21548446277662">
        <ele>92.6</ele>
        <time>2023-06-11T01:57:07Z</time>
      </trkpt>
      <trkpt lat="36.69768559869476" lon="117.21548461353072">
        <ele>92.6</ele>
        <time>2023-06-11T01:57:08Z</time>
      </trkpt>
      <trkpt lat="36.69768526179228" lon="117.21548476692293">
        <ele>92.6</ele>
        <time>2023-06-11T01:57:09Z</time>
      </trkpt>
      <trkpt lat="36.697684919183374" lon="117.21548492286503">
        <ele>92.6</ele>
        <time>2023-06-11T01:57:10Z</time>
      </trkpt>
      <trkpt lat="36.697684571065494" lon="117.21548508126844">
        <ele>92.6</ele>
        <time>2023-06-11T01:57:11Z</time>
      </trkpt>
      <trkpt lat="36.697684217634496" lon="117.2154852420457">
        <ele>92.6</ele>
        <time>2023-06-11T01:57:12Z</time>
      </trkpt>
      <trkpt lat="36.697683859086645" lon="117.21548540510891">
        <ele>92.6</ele>
        <time>2023-06-11T01:57:13Z</time>
      </trkpt>
      <trkpt lat="36.69768349561822" lon="117.21548557036986">
        <ele>92.6</ele>
        <time>2023-06-11T01:57:14Z</time>
      </trkpt>
      <trkpt lat="36.69768312742625" lon="117.21548573774041">
        <ele>92.6</ele>
        <time>2023-06-11T01:57:15Z</time>
      </trkpt>
      <trkpt lat="36.69768275470545" lon="117.21548590713337">
        <ele>92.6</ele>
        <time>2023-06-11T01:57:16Z</time>
      </trkpt>
      <trkpt lat="36.69768237764974" lon="117.21548607846178">
        <ele>92.6</ele>
        <time>2023-06-11T01:57:17Z</time>
      </trkpt>
      <trkpt lat="36.69768236801451" lon="117.21548608272325">
        <ele>92.6</ele>
        <time>2023-06-11T01:57:18Z</time>
      </trkpt>
      <trkpt lat="36.69768236053702" lon="117.21548608601954">
        <ele>92.6</ele>
        <time>2023-06-11T01:57:19Z</time>
      </trkpt>
      <trkpt lat="36.697682355209096" lon="117.21548608835407">
        <ele>92.6</ele>
        <time>2023-06-11T01:57:20Z</time>
      </trkpt>
      <trkpt lat="36.697682352024145" lon="117.21548608972995">
        <ele>92.6</ele>
        <time>2023-06-11T01:57:21Z</time>
      </trkpt>
      <trkpt lat="36.69768235097554" lon="117.21548609015039">
        <ele>92.6</ele>
        <time>2023-06-11T01:57:22Z</time>
      </trkpt>
      <trkpt lat="36.697682352056695" lon="117.21548608961803">
        <ele>92.6</ele>
        <time>2023-06-11T01:57:23Z</time>
      </trkpt>
      <trkpt lat="36.69768235525944" lon="117.21548608813676">
        <ele>92.6</ele>
        <time>2023-06-11T01:57:24Z</time>
      </trkpt>
      <trkpt lat="36.697682360575214" lon="117.2154860857102">
        <ele>92.6</ele>
        <time>2023-06-11T01:57:25Z</time>
      </trkpt>
      <trkpt lat="36.69768236799432" lon="117.21548608234276">
        <ele>92.6</ele>
        <time>2023-06-11T01:57:26Z</time>
      </trkpt>
      <trkpt lat="36.69768237750742" lon="117.21548607803882">
        <ele>92.6</ele>
        <time>2023-06-11T01:57:27Z</time>
      </trkpt>
      <trkpt lat="36.69768238910441" lon="117.21548607280297">
        <ele>92.6</ele>
        <time>2023-06-11T01:57:28Z</time>
      </trkpt>
      <trkpt lat="36.697682402774795" lon="117.21548606663957">
        <ele>92.6</ele>
        <time>2023-06-11T01:57:29Z</time>
      </trkpt>
      <trkpt lat="36.69768241850614" lon="117.21548605955424">
        <ele>92.6</ele>
        <time>2023-06-11T01:57:30Z</time>
      </trkpt>
      <trkpt lat="36.69768276000492" lon="117.21548590858019">
        <ele>92.6</ele>
        <time>2023-06-11T01:57:31Z</time>
      </trkpt>
      <trkpt lat="36.69768310082592" lon="117.21548575791363">
        <ele>92.6</ele>
        <time>2023-06-11T01:57:32Z</time>
      </trkpt>
      <trkpt lat="36.69768344077792" lon="117.21548560764002">
        <ele>92.6</ele>
        <time>2023-06-11T01:57:33Z</time>
      </trkpt>
      <trkpt lat="36.697683779671266" lon="117.21548545784441">
        <ele>92.6</ele>
        <time>2023-06-11T01:57:34Z</time>
      </trkpt>
      <trkpt lat="36.69768411731747" lon="117.21548530861104">
        <ele>92.6</ele>
        <time>2023-06-11T01:57:35Z</time>
      </trkpt>
      <trkpt lat="36.69768445352843" lon="117.21548516002422">
        <ele>92.6</ele>
        <time>2023-06-11T01:57:36Z</time>
      </trkpt>
      <trkpt lat="36.69768478811642" lon="117.21548501216793">
        <ele>92.6</ele>
        <time>2023-06-11T01:57:37Z</time>
      </trkpt>
      <trkpt lat="36.69768512089569" lon="117.21548486512502">
        <ele>92.6</ele>
        <time>2023-06-11T01:57:38Z</time>
      </trkpt>
      <trkpt lat="36.697685451682005" lon="117.21548471897783">
        <ele>92.6</ele>
        <time>2023-06-11T01:57:39Z</time>
      </trkpt>
      <trkpt lat="36.69768578029234" lon="117.21548457380845">
        <ele>92.6</ele>
        <time>2023-06-11T01:57:40Z</time>
      </trkpt>
      <trkpt lat="36.697686106546335" lon="117.21548442969753">
        <ele>92.6</ele>
        <time>2023-06-11T01:57:41Z</time>
      </trkpt>
      <trkpt lat="36.697686106546335" lon="117.21548442969753">
        <ele>92.6</ele>
        <time>2023-06-11T01:57:42Z</time>
      </trkpt>
      <trkpt lat="36.697686106546335" lon="117.21548442969753">
        <ele>92.6</ele>
        <time>2023-06-11T01:57:43Z</time>
      </trkpt>
      <trkpt lat="36.697686106546335" lon="117.21548442969753">
        <ele>92.6</ele>
        <time>2023-06-11T01:57:44Z</time>
      </trkpt>
      <trkpt lat="36.697686106546335" lon="117.21548442969753">
        <ele>92.6</ele>
        <time>2023-06-11T01:57:45Z</time>
      </trkpt>
      <trkpt lat="36.697686106546335" lon="117.21548442969753">
        <ele>92.6</ele>
        <time>2023-06-11T01:57:46Z</time>
      </trkpt>
      <trkpt lat="36.697686106546335" lon="117.21548442969753">
        <ele>92.6</ele>
        <time>2023-06-11T01:57:47Z</time>
      </trkpt>
      <trkpt lat="36.697686106546335" lon="117.21548442969753">
        <ele>92.6</ele>
        <time>2023-06-11T01:57:48Z</time>
      </trkpt>
      <trkpt lat="36.697686106546335" lon="117.21548442969753">
        <ele>92.5</ele>
        <time>2023-06-11T01:57:49Z</time>
      </trkpt>
      <trkpt lat="36.697686106546335" lon="117.21548442969753">
        <ele>92.5</ele>
        <time>2023-06-11T01:57:50Z</time>
      </trkpt>
      <trkpt lat="36.697686106546335" lon="117.21548442969753">
        <ele>92.5</ele>
        <time>2023-06-11T01:57:51Z</time>
      </trkpt>
      <trkpt lat="36.697686106546335" lon="117.21548442969753">
        <ele>92.5</ele>
        <time>2023-06-11T01:57:52Z</time>
      </trkpt>
      <trkpt lat="36.697686106546335" lon="117.21548442969753">
        <ele>92.5</ele>
        <time>2023-06-11T01:57:53Z</time>
      </trkpt>
      <trkpt lat="36.697686106546335" lon="117.21548442969753">
        <ele>92.5</ele>
        <time>2023-06-11T01:57:54Z</time>
      </trkpt>
      <trkpt lat="36.697686106546335" lon="117.21548442969753">
        <ele>92.5</ele>
        <time>2023-06-11T01:57:55Z</time>
      </trkpt>
      <trkpt lat="36.697686106546335" lon="117.21548442969753">
        <ele>92.5</ele>
        <time>2023-06-11T01:57:56Z</time>
      </trkpt>
      <trkpt lat="36.697686106546335" lon="117.21548442969753">
        <ele>92.5</ele>
        <time>2023-06-11T01:57:57Z</time>
      </trkpt>
      <trkpt lat="36.697686106546335" lon="117.21548442969753">
        <ele>92.5</ele>
        <time>2023-06-11T01:57:58Z</time>
      </trkpt>
      <trkpt lat="36.697686106546335" lon="117.21548442969753">
        <ele>92.5</ele>
        <time>2023-06-11T01:57:59Z</time>
      </trkpt>
      <trkpt lat="36.697686106546335" lon="117.21548442969753">
        <ele>92.5</ele>
        <time>2023-06-11T01:58:00Z</time>
      </trkpt>
      <trkpt lat="36.697686106546335" lon="117.21548442969753">
        <ele>92.5</ele>
        <time>2023-06-11T01:58:01Z</time>
      </trkpt>
      <trkpt lat="36.697686106546335" lon="117.21548442969753">
        <ele>92.5</ele>
        <time>2023-06-11T01:58:02Z</time>
      </trkpt>
      <trkpt lat="36.697686106546335" lon="117.21548442969753">
        <ele>92.5</ele>
        <time>2023-06-11T01:58:03Z</time>
      </trkpt>
      <trkpt lat="36.697686106546335" lon="117.21548442969753">
        <ele>92.5</ele>
        <time>2023-06-11T01:58:04Z</time>
      </trkpt>
      <trkpt lat="36.697686106546335" lon="117.21548442969753">
        <ele>92.5</ele>
        <time>2023-06-11T01:58:05Z</time>
      </trkpt>
      <trkpt lat="36.697686106546335" lon="117.21548442969753">
        <ele>92.5</ele>
        <time>2023-06-11T01:58:06Z</time>
      </trkpt>
      <trkpt lat="36.697686106546335" lon="117.21548442969753">
        <ele>92.5</ele>
        <time>2023-06-11T01:58:07Z</time>
      </trkpt>
      <trkpt lat="36.697686106546335" lon="117.21548442969753">
        <ele>92.5</ele>
        <time>2023-06-11T01:58:08Z</time>
      </trkpt>
      <trkpt lat="36.697686106546335" lon="117.21548442969753">
        <ele>92.5</ele>
        <time>2023-06-11T01:58:09Z</time>
      </trkpt>
      <trkpt lat="36.697686106546335" lon="117.21548442969753">
        <ele>92.5</ele>
        <time>2023-06-11T01:58:10Z</time>
      </trkpt>
      <trkpt lat="36.697686106546335" lon="117.21548442969753">
        <ele>92.5</ele>
        <time>2023-06-11T01:58:11Z</time>
      </trkpt>
      <trkpt lat="36.697686106546335" lon="117.21548442969753">
        <ele>92.5</ele>
        <time>2023-06-11T01:58:12Z</time>
      </trkpt>
      <trkpt lat="36.697686106546335" lon="117.21548442969753">
        <ele>92.5</ele>
        <time>2023-06-11T01:58:13Z</time>
      </trkpt>
      <trkpt lat="36.697686106546335" lon="117.21548442969753">
        <ele>92.5</ele>
        <time>2023-06-11T01:58:14Z</time>
      </trkpt>
      <trkpt lat="36.697686106546335" lon="117.21548442969753">
        <ele>92.5</ele>
        <time>2023-06-11T01:58:15Z</time>
      </trkpt>
      <trkpt lat="36.697686106546335" lon="117.21548442969753">
        <ele>92.5</ele>
        <time>2023-06-11T01:58:16Z</time>
      </trkpt>
      <trkpt lat="36.697686106546335" lon="117.21548442969753">
        <ele>92.5</ele>
        <time>2023-06-11T01:58:17Z</time>
      </trkpt>
      <trkpt lat="36.697686106546335" lon="117.21548442969753">
        <ele>92.5</ele>
        <time>2023-06-11T01:58:18Z</time>
      </trkpt>
      <trkpt lat="36.697686106546335" lon="117.21548442969753">
        <ele>92.5</ele>
        <time>2023-06-11T01:58:19Z</time>
      </trkpt>
      <trkpt lat="36.697686106546335" lon="117.21548442969753">
        <ele>92.5</ele>
        <time>2023-06-11T01:58:20Z</time>
      </trkpt>
      <trkpt lat="36.697686106546335" lon="117.21548442969753">
        <ele>92.5</ele>
        <time>2023-06-11T01:58:21Z</time>
      </trkpt>
      <trkpt lat="36.697686106546335" lon="117.21548442969753">
        <ele>92.5</ele>
        <time>2023-06-11T01:58:22Z</time>
      </trkpt>
      <trkpt lat="36.697686106546335" lon="117.21548442969753">
        <ele>92.5</ele>
        <time>2023-06-11T01:58:23Z</time>
      </trkpt>
      <trkpt lat="36.697686106546335" lon="117.21548442969753">
        <ele>92.5</ele>
        <time>2023-06-11T01:58:24Z</time>
      </trkpt>
      <trkpt lat="36.697686106546335" lon="117.21548442969753">
        <ele>92.5</ele>
        <time>2023-06-11T01:58:25Z</time>
      </trkpt>
      <trkpt lat="36.697686106546335" lon="117.21548442969753">
        <ele>92.5</ele>
        <time>2023-06-11T01:58:26Z</time>
      </trkpt>
      <trkpt lat="36.697686106546335" lon="117.21548442969753">
        <ele>92.5</ele>
        <time>2023-06-11T01:58:27Z</time>
      </trkpt>
      <trkpt lat="36.697686106546335" lon="117.21548442969753">
        <ele>92.5</ele>
        <time>2023-06-11T01:58:28Z</time>
      </trkpt>
      <trkpt lat="36.697686106546335" lon="117.21548442969753">
        <ele>92.5</ele>
        <time>2023-06-11T01:58:29Z</time>
      </trkpt>
      <trkpt lat="36.697686106546335" lon="117.21548442969753">
        <ele>92.5</ele>
        <time>2023-06-11T01:58:30Z</time>
      </trkpt>
      <trkpt lat="36.697686106546335" lon="117.21548442969753">
        <ele>92.5</ele>
        <time>2023-06-11T01:58:31Z</time>
      </trkpt>
      <trkpt lat="36.697686106546335" lon="117.21548442969753">
        <ele>92.5</ele>
        <time>2023-06-11T01:58:32Z</time>
      </trkpt>
      <trkpt lat="36.697686106546335" lon="117.21548442969753">
        <ele>92.5</ele>
        <time>2023-06-11T01:58:33Z</time>
      </trkpt>
      <trkpt lat="36.697686106546335" lon="117.21548442969753">
        <ele>92.5</ele>
        <time>2023-06-11T01:58:34Z</time>
      </trkpt>
      <trkpt lat="36.697686106546335" lon="117.21548442969753">
        <ele>92.5</ele>
        <time>2023-06-11T01:58:35Z</time>
      </trkpt>
      <trkpt lat="36.697686106546335" lon="117.21548442969753">
        <ele>92.5</ele>
        <time>2023-06-11T01:58:36Z</time>
      </trkpt>
      <trkpt lat="36.697686106546335" lon="117.21548442969753">
        <ele>92.5</ele>
        <time>2023-06-11T01:58:37Z</time>
      </trkpt>
      <trkpt lat="36.697686106546335" lon="117.21548442969753">
        <ele>92.5</ele>
        <time>2023-06-11T01:58:38Z</time>
      </trkpt>
      <trkpt lat="36.697686106546335" lon="117.21548442969753">
        <ele>92.6</ele>
        <time>2023-06-11T01:58:39Z</time>
      </trkpt>
      <trkpt lat="36.697686106546335" lon="117.21548442969753">
        <ele>92.6</ele>
        <time>2023-06-11T01:58:40Z</time>
      </trkpt>
      <trkpt lat="36.697686106546335" lon="117.21548442969753">
        <ele>92.6</ele>
        <time>2023-06-11T01:58:41Z</time>
      </trkpt>
      <trkpt lat="36.697686106546335" lon="117.21548442969753">
        <ele>92.6</ele>
        <time>2023-06-11T01:58:42Z</time>
      </trkpt>
      <trkpt lat="36.697686106546335" lon="117.21548442969753">
        <ele>92.6</ele>
        <time>2023-06-11T01:58:43Z</time>
      </trkpt>
      <trkpt lat="36.697686106546335" lon="117.21548442969753">
        <ele>92.6</ele>
        <time>2023-06-11T01:58:44Z</time>
      </trkpt>
      <trkpt lat="36.697686106546335" lon="117.21548442969753">
        <ele>92.6</ele>
        <time>2023-06-11T01:58:45Z</time>
      </trkpt>
      <trkpt lat="36.697686106546335" lon="117.21548442969753">
        <ele>92.6</ele>
        <time>2023-06-11T01:58:46Z</time>
      </trkpt>
      <trkpt lat="36.697686106546335" lon="117.21548442969753">
        <ele>92.6</ele>
        <time>2023-06-11T01:58:47Z</time>
      </trkpt>
      <trkpt lat="36.697686106546335" lon="117.21548442969753">
        <ele>92.6</ele>
        <time>2023-06-11T01:58:48Z</time>
      </trkpt>
      <trkpt lat="36.697686106546335" lon="117.21548442969753">
        <ele>92.6</ele>
        <time>2023-06-11T01:58:49Z</time>
      </trkpt>
      <trkpt lat="36.697686106546335" lon="117.21548442969753">
        <ele>92.6</ele>
        <time>2023-06-11T01:58:50Z</time>
      </trkpt>
      <trkpt lat="36.697686106546335" lon="117.21548442969753">
        <ele>92.6</ele>
        <time>2023-06-11T01:58:51Z</time>
      </trkpt>
      <trkpt lat="36.697686106546335" lon="117.21548442969753">
        <ele>92.6</ele>
        <time>2023-06-11T01:58:52Z</time>
      </trkpt>
      <trkpt lat="36.697686106546335" lon="117.21548442969753">
        <ele>92.6</ele>
        <time>2023-06-11T01:58:53Z</time>
      </trkpt>
      <trkpt lat="36.697686106546335" lon="117.21548442969753">
        <ele>92.6</ele>
        <time>2023-06-11T01:58:54Z</time>
      </trkpt>
      <trkpt lat="36.697686106546335" lon="117.21548442969753">
        <ele>92.6</ele>
        <time>2023-06-11T01:58:55Z</time>
      </trkpt>
      <trkpt lat="36.697686106546335" lon="117.21548442969753">
        <ele>92.6</ele>
        <time>2023-06-11T01:58:56Z</time>
      </trkpt>
      <trkpt lat="36.697686106546335" lon="117.21548442969753">
        <ele>92.6</ele>
        <time>2023-06-11T01:58:57Z</time>
      </trkpt>
      <trkpt lat="36.697686106546335" lon="117.21548442969753">
        <ele>92.6</ele>
        <time>2023-06-11T01:58:58Z</time>
      </trkpt>
      <trkpt lat="36.697686106546335" lon="117.21548442969753">
        <ele>92.5</ele>
        <time>2023-06-11T01:58:59Z</time>
      </trkpt>
      <trkpt lat="36.697686106546335" lon="117.21548442969753">
        <ele>92.5</ele>
        <time>2023-06-11T01:59:00Z</time>
      </trkpt>
      <trkpt lat="36.697686106546335" lon="117.21548442969753">
        <ele>92.5</ele>
        <time>2023-06-11T01:59:01Z</time>
      </trkpt>
      <trkpt lat="36.697686106546335" lon="117.21548442969753">
        <ele>92.5</ele>
        <time>2023-06-11T01:59:02Z</time>
      </trkpt>
      <trkpt lat="36.697686106546335" lon="117.21548442969753">
        <ele>92.5</ele>
        <time>2023-06-11T01:59:03Z</time>
      </trkpt>
      <trkpt lat="36.697686106546335" lon="117.21548442969753">
        <ele>92.5</ele>
        <time>2023-06-11T01:59:04Z</time>
      </trkpt>
      <trkpt lat="36.697686106546335" lon="117.21548442969753">
        <ele>92.5</ele>
        <time>2023-06-11T01:59:05Z</time>
      </trkpt>
      <trkpt lat="36.697686106546335" lon="117.21548442969753">
        <ele>92.5</ele>
        <time>2023-06-11T01:59:06Z</time>
      </trkpt>
      <trkpt lat="36.697686106546335" lon="117.21548442969753">
        <ele>92.5</ele>
        <time>2023-06-11T01:59:07Z</time>
      </trkpt>
      <trkpt lat="36.697686106546335" lon="117.21548442969753">
        <ele>92.5</ele>
        <time>2023-06-11T01:59:08Z</time>
      </trkpt>
      <trkpt lat="36.697686106546335" lon="117.21548442969753">
        <ele>92.6</ele>
        <time>2023-06-11T01:59:09Z</time>
      </trkpt>
      <trkpt lat="36.697686106546335" lon="117.21548442969753">
        <ele>92.6</ele>
        <time>2023-06-11T01:59:10Z</time>
      </trkpt>
      <trkpt lat="36.697686106546335" lon="117.21548442969753">
        <ele>92.6</ele>
        <time>2023-06-11T01:59:11Z</time>
      </trkpt>
      <trkpt lat="36.697686106546335" lon="117.21548442969753">
        <ele>92.6</ele>
        <time>2023-06-11T01:59:12Z</time>
      </trkpt>
      <trkpt lat="36.697686106546335" lon="117.21548442969753">
        <ele>92.6</ele>
        <time>2023-06-11T01:59:13Z</time>
      </trkpt>
      <trkpt lat="36.697686106546335" lon="117.21548442969753">
        <ele>92.6</ele>
        <time>2023-06-11T01:59:14Z</time>
      </trkpt>
      <trkpt lat="36.697686106546335" lon="117.21548442969753">
        <ele>92.6</ele>
        <time>2023-06-11T01:59:15Z</time>
      </trkpt>
      <trkpt lat="36.697686106546335" lon="117.21548442969753">
        <ele>92.6</ele>
        <time>2023-06-11T01:59:16Z</time>
      </trkpt>
      <trkpt lat="36.697686106546335" lon="117.21548442969753">
        <ele>92.6</ele>
        <time>2023-06-11T01:59:17Z</time>
      </trkpt>
      <trkpt lat="36.697686106546335" lon="117.21548442969753">
        <ele>92.6</ele>
        <time>2023-06-11T01:59:18Z</time>
      </trkpt>
      <trkpt lat="36.697686106546335" lon="117.21548442969753">
        <ele>92.6</ele>
        <time>2023-06-11T01:59:19Z</time>
      </trkpt>
      <trkpt lat="36.697686106546335" lon="117.21548442969753">
        <ele>92.6</ele>
        <time>2023-06-11T01:59:20Z</time>
      </trkpt>
      <trkpt lat="36.697686106546335" lon="117.21548442969753">
        <ele>92.6</ele>
        <time>2023-06-11T01:59:21Z</time>
      </trkpt>
      <trkpt lat="36.697686106546335" lon="117.21548442969753">
        <ele>92.6</ele>
        <time>2023-06-11T01:59:22Z</time>
      </trkpt>
      <trkpt lat="36.697686106546335" lon="117.21548442969753">
        <ele>92.6</ele>
        <time>2023-06-11T01:59:23Z</time>
      </trkpt>
      <trkpt lat="36.697684880228685" lon="117.21548485656291">
        <ele>92.6</ele>
        <time>2023-06-11T01:59:24Z</time>
      </trkpt>
      <trkpt lat="36.69768384201095" lon="117.21548512245738">
        <ele>92.6</ele>
        <time>2023-06-11T01:59:25Z</time>
      </trkpt>
      <trkpt lat="36.6976827714051" lon="117.215485378103">
        <ele>92.6</ele>
        <time>2023-06-11T01:59:26Z</time>
      </trkpt>
      <trkpt lat="36.69768167533912" lon="117.21548562899919">
        <ele>92.6</ele>
        <time>2023-06-11T01:59:27Z</time>
      </trkpt>
      <trkpt lat="36.69768055322524" lon="117.21548587952101">
        <ele>92.6</ele>
        <time>2023-06-11T01:59:28Z</time>
      </trkpt>
      <trkpt lat="36.69767940441756" lon="117.21548613229042">
        <ele>92.6</ele>
        <time>2023-06-11T01:59:29Z</time>
      </trkpt>
      <trkpt lat="36.69767822839953" lon="117.21548638903778">
        <ele>92.6</ele>
        <time>2023-06-11T01:59:30Z</time>
      </trkpt>
      <trkpt lat="36.69767702474779" lon="117.2154866509961">
        <ele>92.6</ele>
        <time>2023-06-11T01:59:31Z</time>
      </trkpt>
      <trkpt lat="36.697675793099734" lon="117.2154869190954">
        <ele>92.6</ele>
        <time>2023-06-11T01:59:32Z</time>
      </trkpt>
      <trkpt lat="36.697674533139995" lon="117.21548719406513">
        <ele>92.6</ele>
        <time>2023-06-11T01:59:33Z</time>
      </trkpt>
      <trkpt lat="36.69767324458728" lon="117.21548747649877">
        <ele>92.6</ele>
        <time>2023-06-11T01:59:34Z</time>
      </trkpt>
      <trkpt lat="36.697673153503544" lon="117.21548734002486">
        <ele>92.6</ele>
        <time>2023-06-11T01:59:35Z</time>
      </trkpt>
      <trkpt lat="36.6976728452379" lon="117.21548737289831">
        <ele>92.6</ele>
        <time>2023-06-11T01:59:36Z</time>
      </trkpt>
      <trkpt lat="36.697672540065305" lon="117.21548742475835">
        <ele>92.6</ele>
        <time>2023-06-11T01:59:37Z</time>
      </trkpt>
      <trkpt lat="36.697672230860576" lon="117.21548749042174">
        <ele>92.6</ele>
        <time>2023-06-11T01:59:38Z</time>
      </trkpt>
      <trkpt lat="36.69767191803056" lon="117.21548756579222">
        <ele>92.5</ele>
        <time>2023-06-11T01:59:39Z</time>
      </trkpt>
      <trkpt lat="36.697671602054804" lon="117.2154876484955">
        <ele>92.5</ele>
        <time>2023-06-11T01:59:40Z</time>
      </trkpt>
      <trkpt lat="36.69767128329691" lon="117.2154877370237">
        <ele>92.5</ele>
        <time>2023-06-11T01:59:41Z</time>
      </trkpt>
      <trkpt lat="36.697670962041414" lon="117.21548783034284">
        <ele>92.5</ele>
        <time>2023-06-11T01:59:42Z</time>
      </trkpt>
      <trkpt lat="36.69767063852571" lon="117.2154879277036">
        <ele>92.5</ele>
        <time>2023-06-11T01:59:43Z</time>
      </trkpt>
      <trkpt lat="36.69767031295219" lon="117.21548802853926">
        <ele>92.5</ele>
        <time>2023-06-11T01:59:44Z</time>
      </trkpt>
      <trkpt lat="36.69766998550218" lon="117.21548813240395">
        <ele>92.5</ele>
        <time>2023-06-11T01:59:45Z</time>
      </trkpt>
      <trkpt lat="36.697669656345624" lon="117.21548823893735">
        <ele>92.5</ele>
        <time>2023-06-11T01:59:46Z</time>
      </trkpt>
      <trkpt lat="36.69766932564007" lon="117.21548834784174">
        <ele>92.5</ele>
        <time>2023-06-11T01:59:47Z</time>
      </trkpt>
      <trkpt lat="36.69766899353808" lon="117.2154884588641">
        <ele>92.5</ele>
        <time>2023-06-11T01:59:48Z</time>
      </trkpt>
      <trkpt lat="36.697668660189116" lon="117.21548857178585">
        <ele>92.5</ele>
        <time>2023-06-11T01:59:49Z</time>
      </trkpt>
      <trkpt lat="36.697668325739585" lon="117.21548868641521">
        <ele>92.5</ele>
        <time>2023-06-11T01:59:50Z</time>
      </trkpt>
      <trkpt lat="36.69766799033413" lon="117.2154888025807">
        <ele>92.5</ele>
        <time>2023-06-11T01:59:51Z</time>
      </trkpt>
      <trkpt lat="36.697667654116856" lon="117.2154889201269">
        <ele>92.5</ele>
        <time>2023-06-11T01:59:52Z</time>
      </trkpt>
      <trkpt lat="36.697667317231684" lon="117.21548903891299">
        <ele>92.5</ele>
        <time>2023-06-11T01:59:53Z</time>
      </trkpt>
      <trkpt lat="36.69766697982213" lon="117.21548915880683">
        <ele>92.5</ele>
        <time>2023-06-11T01:59:54Z</time>
      </trkpt>
      <trkpt lat="36.69766664203428" lon="117.21548927968556">
        <ele>92.5</ele>
        <time>2023-06-11T01:59:55Z</time>
      </trkpt>
      <trkpt lat="36.697666304013815" lon="117.21548940143312">
        <ele>92.5</ele>
        <time>2023-06-11T01:59:56Z</time>
      </trkpt>
      <trkpt lat="36.69766596590742" lon="117.21548952393923">
        <ele>92.5</ele>
        <time>2023-06-11T01:59:57Z</time>
      </trkpt>
      <trkpt lat="36.69766562786601" lon="117.21548964709751">
        <ele>92.5</ele>
        <time>2023-06-11T01:59:58Z</time>
      </trkpt>
      <trkpt lat="36.69766529003823" lon="117.21548977080695">
        <ele>92.6</ele>
        <time>2023-06-11T01:59:59Z</time>
      </trkpt>
      <trkpt lat="36.69766495257542" lon="117.21548989496802">
        <ele>92.6</ele>
        <time>2023-06-11T02:00:00Z</time>
      </trkpt>
      <trkpt lat="36.69766461563396" lon="117.21549001945921">
        <ele>92.6</ele>
        <time>2023-06-11T02:00:01Z</time>
      </trkpt>
      <trkpt lat="36.697664279377406" lon="117.21549014415818">
        <ele>92.6</ele>
        <time>2023-06-11T02:00:02Z</time>
      </trkpt>
      <trkpt lat="36.697663423599515" lon="117.21549013638982">
        <ele>92.6</ele>
        <time>2023-06-11T02:00:03Z</time>
      </trkpt>
      <trkpt lat="36.69766217675707" lon="117.21548996651933">
        <ele>92.6</ele>
        <time>2023-06-11T02:00:04Z</time>
      </trkpt>
      <trkpt lat="36.6976604532427" lon="117.21548965509983">
        <ele>92.6</ele>
        <time>2023-06-11T02:00:05Z</time>
      </trkpt>
      <trkpt lat="36.69765797284621" lon="117.21548909752813">
        <ele>92.6</ele>
        <time>2023-06-11T02:00:06Z</time>
      </trkpt>
      <trkpt lat="36.69765497948401" lon="117.21548837325568">
        <ele>92.6</ele>
        <time>2023-06-11T02:00:07Z</time>
      </trkpt>
      <trkpt lat="36.69765159850862" lon="117.21548747372998">
        <ele>92.6</ele>
        <time>2023-06-11T02:00:08Z</time>
      </trkpt>
      <trkpt lat="36.69764852547788" lon="117.21548644331192">
        <ele>92.8</ele>
        <time>2023-06-11T02:00:09Z</time>
      </trkpt>
      <trkpt lat="36.69764565158735" lon="117.21548524991212">
        <ele>92.8</ele>
        <time>2023-06-11T02:00:10Z</time>
      </trkpt>
      <trkpt lat="36.697642955584094" lon="117.21548389285942">
        <ele>92.8</ele>
        <time>2023-06-11T02:00:11Z</time>
      </trkpt>
      <trkpt lat="36.69764041769829" lon="117.21548237166364">
        <ele>92.8</ele>
        <time>2023-06-11T02:00:12Z</time>
      </trkpt>
      <trkpt lat="36.6976380195913" lon="117.21548068601768">
        <ele>92.8</ele>
        <time>2023-06-11T02:00:13Z</time>
      </trkpt>
      <trkpt lat="36.69763626809327" lon="117.2154789698157">
        <ele>92.8</ele>
        <time>2023-06-11T02:00:14Z</time>
      </trkpt>
      <trkpt lat="36.69763497923619" lon="117.21547717410704">
        <ele>92.8</ele>
        <time>2023-06-11T02:00:15Z</time>
      </trkpt>
      <trkpt lat="36.69763427015919" lon="117.21547524623656">
        <ele>92.8</ele>
        <time>2023-06-11T02:00:16Z</time>
      </trkpt>
      <trkpt lat="36.69763428867228" lon="117.21547335306467">
        <ele>92.8</ele>
        <time>2023-06-11T02:00:17Z</time>
      </trkpt>
      <trkpt lat="36.697634882582264" lon="117.21547147931858">
        <ele>92.8</ele>
        <time>2023-06-11T02:00:18Z</time>
      </trkpt>
      <trkpt lat="36.697635923411426" lon="117.215469639107">
        <ele>92.7</ele>
        <time>2023-06-11T02:00:19Z</time>
      </trkpt>
      <trkpt lat="36.697636626929395" lon="117.21546771276049">
        <ele>92.7</ele>
        <time>2023-06-11T02:00:20Z</time>
      </trkpt>
      <trkpt lat="36.697637018513454" lon="117.21546577762939">
        <ele>92.7</ele>
        <time>2023-06-11T02:00:21Z</time>
      </trkpt>
      <trkpt lat="36.697637064942654" lon="117.21546386002619">
        <ele>92.7</ele>
        <time>2023-06-11T02:00:22Z</time>
      </trkpt>
      <trkpt lat="36.69763686735923" lon="117.21546205265855">
        <ele>92.7</ele>
        <time>2023-06-11T02:00:23Z</time>
      </trkpt>
      <trkpt lat="36.69763644518134" lon="117.21546036240973">
        <ele>92.7</ele>
        <time>2023-06-11T02:00:24Z</time>
      </trkpt>
      <trkpt lat="36.697635813603604" lon="117.21545879554155">
        <ele>92.7</ele>
        <time>2023-06-11T02:00:25Z</time>
      </trkpt>
      <trkpt lat="36.69763502967725" lon="117.21545743764922">
        <ele>92.7</ele>
        <time>2023-06-11T02:00:26Z</time>
      </trkpt>
      <trkpt lat="36.69763406043263" lon="117.21545632103954">
        <ele>92.7</ele>
        <time>2023-06-11T02:00:27Z</time>
      </trkpt>
      <trkpt lat="36.6976330374963" lon="117.2154553850112">
        <ele>92.7</ele>
        <time>2023-06-11T02:00:28Z</time>
      </trkpt>
      <trkpt lat="36.697631868480535" lon="117.21545456705233">
        <ele>92.7</ele>
        <time>2023-06-11T02:00:29Z</time>
      </trkpt>
      <trkpt lat="36.69763046861" lon="117.21545378000675">
        <ele>92.7</ele>
        <time>2023-06-11T02:00:30Z</time>
      </trkpt>
      <trkpt lat="36.697628908902566" lon="117.21545310202886">
        <ele>92.7</ele>
        <time>2023-06-11T02:00:31Z</time>
      </trkpt>
      <trkpt lat="36.69762728410518" lon="117.21545249719763">
        <ele>92.7</ele>
        <time>2023-06-11T02:00:32Z</time>
      </trkpt>
      <trkpt lat="36.697625711107676" lon="117.21545204571649">
        <ele>92.7</ele>
        <time>2023-06-11T02:00:33Z</time>
      </trkpt>
      <trkpt lat="36.697624078566236" lon="117.21545155985379">
        <ele>92.7</ele>
        <time>2023-06-11T02:00:34Z</time>
      </trkpt>
      <trkpt lat="36.69762240539478" lon="117.21545103265977">
        <ele>92.7</ele>
        <time>2023-06-11T02:00:35Z</time>
      </trkpt>
      <trkpt lat="36.69762072319172" lon="117.21545055958995">
        <ele>92.7</ele>
        <time>2023-06-11T02:00:36Z</time>
      </trkpt>
      <trkpt lat="36.69761903119869" lon="117.21545013736352">
        <ele>92.7</ele>
        <time>2023-06-11T02:00:37Z</time>
      </trkpt>
      <trkpt lat="36.69761733162229" lon="117.21544976886847">
        <ele>92.7</ele>
        <time>2023-06-11T02:00:38Z</time>
      </trkpt>
      <trkpt lat="36.6976156260257" lon="117.21544945510719">
        <ele>92.9</ele>
        <time>2023-06-11T02:00:39Z</time>
      </trkpt>
      <trkpt lat="36.697613915911845" lon="117.21544919651855">
        <ele>92.9</ele>
        <time>2023-06-11T02:00:40Z</time>
      </trkpt>
      <trkpt lat="36.69761229008422" lon="117.21544907641963">
        <ele>92.9</ele>
        <time>2023-06-11T02:00:41Z</time>
      </trkpt>
      <trkpt lat="36.69761079476023" lon="117.21544900163667">
        <ele>92.9</ele>
        <time>2023-06-11T02:00:42Z</time>
      </trkpt>
      <trkpt lat="36.697609440967476" lon="117.2154489557749">
        <ele>92.9</ele>
        <time>2023-06-11T02:00:43Z</time>
      </trkpt>
      <trkpt lat="36.69760816166903" lon="117.21544891504968">
        <ele>92.9</ele>
        <time>2023-06-11T02:00:44Z</time>
      </trkpt>
      <trkpt lat="36.697607010121885" lon="117.21544888823485">
        <ele>92.9</ele>
        <time>2023-06-11T02:00:45Z</time>
      </trkpt>
      <trkpt lat="36.6976059786176" lon="117.21544886917137">
        <ele>92.9</ele>
        <time>2023-06-11T02:00:46Z</time>
      </trkpt>
      <trkpt lat="36.6976050242993" lon="117.215448837646">
        <ele>92.9</ele>
        <time>2023-06-11T02:00:47Z</time>
      </trkpt>
      <trkpt lat="36.69760414682191" lon="117.21544879000858">
        <ele>92.9</ele>
        <time>2023-06-11T02:00:48Z</time>
      </trkpt>
      <trkpt lat="36.69760334586145" lon="117.21544872324411">
        <ele>92.3</ele>
        <time>2023-06-11T02:00:49Z</time>
      </trkpt>
      <trkpt lat="36.697602621232015" lon="117.21544863557986">
        <ele>92.3</ele>
        <time>2023-06-11T02:00:50Z</time>
      </trkpt>
      <trkpt lat="36.69760197256693" lon="117.21544852542651">
        <ele>92.3</ele>
        <time>2023-06-11T02:00:51Z</time>
      </trkpt>
      <trkpt lat="36.697601399468056" lon="117.21544839146704">
        <ele>92.3</ele>
        <time>2023-06-11T02:00:52Z</time>
      </trkpt>
      <trkpt lat="36.69760087390785" lon="117.21544832433702">
        <ele>92.3</ele>
        <time>2023-06-11T02:00:53Z</time>
      </trkpt>
      <trkpt lat="36.69760037410461" lon="117.21544833132359">
        <ele>92.3</ele>
        <time>2023-06-11T02:00:54Z</time>
      </trkpt>
      <trkpt lat="36.69759990526912" lon="117.21544833054027">
        <ele>92.3</ele>
        <time>2023-06-11T02:00:55Z</time>
      </trkpt>
      <trkpt lat="36.69759944472499" lon="117.21544840887684">
        <ele>92.3</ele>
        <time>2023-06-11T02:00:56Z</time>
      </trkpt>
      <trkpt lat="36.697598980810966" lon="117.21544857297945">
        <ele>92.3</ele>
        <time>2023-06-11T02:00:57Z</time>
      </trkpt>
      <trkpt lat="36.697598523776534" lon="117.21544874008501">
        <ele>92.3</ele>
        <time>2023-06-11T02:00:58Z</time>
      </trkpt>
      <trkpt lat="36.697598074010976" lon="117.21544891004885">
        <ele>92</ele>
        <time>2023-06-11T02:00:59Z</time>
      </trkpt>
      <trkpt lat="36.69759763191168" lon="117.21544908270702">
        <ele>92</ele>
        <time>2023-06-11T02:01:00Z</time>
      </trkpt>
      <trkpt lat="36.697597197731056" lon="117.21544925717205">
        <ele>92</ele>
        <time>2023-06-11T02:01:01Z</time>
      </trkpt>
      <trkpt lat="36.697596771866046" lon="117.21544943281123">
        <ele>92</ele>
        <time>2023-06-11T02:01:02Z</time>
      </trkpt>
      <trkpt lat="36.69759635464971" lon="117.21544960910111">
        <ele>92</ele>
        <time>2023-06-11T02:01:03Z</time>
      </trkpt>
      <trkpt lat="36.697595946418346" lon="117.21544978561204">
        <ele>92</ele>
        <time>2023-06-11T02:01:04Z</time>
      </trkpt>
      <trkpt lat="36.69759554748653" lon="117.21544996198995">
        <ele>92</ele>
        <time>2023-06-11T02:01:05Z</time>
      </trkpt>
      <trkpt lat="36.69759515814986" lon="117.21545013794241">
        <ele>92</ele>
        <time>2023-06-11T02:01:06Z</time>
      </trkpt>
      <trkpt lat="36.697594778687645" lon="117.21545031322823">
        <ele>92</ele>
        <time>2023-06-11T02:01:07Z</time>
      </trkpt>
      <trkpt lat="36.697594409407955" lon="117.21545048756738">
        <ele>92</ele>
        <time>2023-06-11T02:01:08Z</time>
      </trkpt>
      <trkpt lat="36.69759405058075" lon="117.21545066072335">
        <ele>92</ele>
        <time>2023-06-11T02:01:09Z</time>
      </trkpt>
      <trkpt lat="36.697593702458185" lon="117.21545083249319">
        <ele>92</ele>
        <time>2023-06-11T02:01:10Z</time>
      </trkpt>
      <trkpt lat="36.69759382573287" lon="117.21545115875162">
        <ele>92</ele>
        <time>2023-06-11T02:01:11Z</time>
      </trkpt>
      <trkpt lat="36.69759398450965" lon="117.21545146891141">
        <ele>92</ele>
        <time>2023-06-11T02:01:12Z</time>
      </trkpt>
      <trkpt lat="36.6975941778741" lon="117.21545176305719">
        <ele>92</ele>
        <time>2023-06-11T02:01:13Z</time>
      </trkpt>
      <trkpt lat="36.6975944049274" lon="117.21545204128907">
        <ele>92</ele>
        <time>2023-06-11T02:01:14Z</time>
      </trkpt>
      <trkpt lat="36.69759466472287" lon="117.21545230371451">
        <ele>92</ele>
        <time>2023-06-11T02:01:15Z</time>
      </trkpt>
      <trkpt lat="36.69759495629211" lon="117.21545255044799">
        <ele>92</ele>
        <time>2023-06-11T02:01:16Z</time>
      </trkpt>
      <trkpt lat="36.69759527864607" lon="117.21545278161017">
        <ele>92</ele>
        <time>2023-06-11T02:01:17Z</time>
      </trkpt>
      <trkpt lat="36.69759563077436" lon="117.21545299732728">
        <ele>92</ele>
        <time>2023-06-11T02:01:18Z</time>
      </trkpt>
      <trkpt lat="36.69759601160328" lon="117.21545319781191">
        <ele>91.9</ele>
        <time>2023-06-11T02:01:19Z</time>
      </trkpt>
      <trkpt lat="36.69759642006226" lon="117.21545338327364">
        <ele>91.9</ele>
        <time>2023-06-11T02:01:20Z</time>
      </trkpt>
      <trkpt lat="36.697596855068255" lon="117.2154535539231">
        <ele>91.9</ele>
        <time>2023-06-11T02:01:21Z</time>
      </trkpt>
      <trkpt lat="36.697596855068255" lon="117.2154535539231">
        <ele>91.9</ele>
        <time>2023-06-11T02:01:22Z</time>
      </trkpt>
      <trkpt lat="36.697596855068255" lon="117.2154535539231">
        <ele>91.9</ele>
        <time>2023-06-11T02:01:23Z</time>
      </trkpt>
      <trkpt lat="36.697596855068255" lon="117.2154535539231">
        <ele>91.9</ele>
        <time>2023-06-11T02:01:24Z</time>
      </trkpt>
      <trkpt lat="36.697596855068255" lon="117.2154535539231">
        <ele>91.9</ele>
        <time>2023-06-11T02:01:25Z</time>
      </trkpt>
      <trkpt lat="36.697596855068255" lon="117.2154535539231">
        <ele>91.9</ele>
        <time>2023-06-11T02:01:26Z</time>
      </trkpt>
      <trkpt lat="36.697596855068255" lon="117.2154535539231">
        <ele>91.9</ele>
        <time>2023-06-11T02:01:27Z</time>
      </trkpt>
      <trkpt lat="36.697596855068255" lon="117.2154535539231">
        <ele>91.9</ele>
        <time>2023-06-11T02:01:28Z</time>
      </trkpt>
      <trkpt lat="36.697596855068255" lon="117.2154535539231">
        <ele>91.9</ele>
        <time>2023-06-11T02:01:29Z</time>
      </trkpt>
      <trkpt lat="36.697596855068255" lon="117.2154535539231">
        <ele>91.9</ele>
        <time>2023-06-11T02:01:30Z</time>
      </trkpt>
      <trkpt lat="36.697596855068255" lon="117.2154535539231">
        <ele>91.9</ele>
        <time>2023-06-11T02:01:31Z</time>
      </trkpt>
      <trkpt lat="36.697596855068255" lon="117.2154535539231">
        <ele>91.9</ele>
        <time>2023-06-11T02:01:32Z</time>
      </trkpt>
      <trkpt lat="36.697596855068255" lon="117.2154535539231">
        <ele>91.9</ele>
        <time>2023-06-11T02:01:33Z</time>
      </trkpt>
      <trkpt lat="36.697596855068255" lon="117.2154535539231">
        <ele>91.9</ele>
        <time>2023-06-11T02:01:34Z</time>
      </trkpt>
      <trkpt lat="36.697596855068255" lon="117.2154535539231">
        <ele>91.9</ele>
        <time>2023-06-11T02:01:35Z</time>
      </trkpt>
      <trkpt lat="36.697596855068255" lon="117.2154535539231">
        <ele>91.9</ele>
        <time>2023-06-11T02:01:36Z</time>
      </trkpt>
      <trkpt lat="36.697596855068255" lon="117.2154535539231">
        <ele>91.9</ele>
        <time>2023-06-11T02:01:37Z</time>
      </trkpt>
      <trkpt lat="36.697596855068255" lon="117.2154535539231">
        <ele>91.9</ele>
        <time>2023-06-11T02:01:38Z</time>
      </trkpt>
      <trkpt lat="36.697596855068255" lon="117.2154535539231">
        <ele>91.9</ele>
        <time>2023-06-11T02:01:39Z</time>
      </trkpt>
      <trkpt lat="36.697596855068255" lon="117.2154535539231">
        <ele>91.9</ele>
        <time>2023-06-11T02:01:40Z</time>
      </trkpt>
      <trkpt lat="36.697596855068255" lon="117.2154535539231">
        <ele>91.9</ele>
        <time>2023-06-11T02:01:41Z</time>
      </trkpt>
      <trkpt lat="36.697596855068255" lon="117.2154535539231">
        <ele>91.9</ele>
        <time>2023-06-11T02:01:42Z</time>
      </trkpt>
      <trkpt lat="36.697596855068255" lon="117.2154535539231">
        <ele>91.9</ele>
        <time>2023-06-11T02:01:43Z</time>
      </trkpt>
      <trkpt lat="36.697596855068255" lon="117.2154535539231">
        <ele>91.9</ele>
        <time>2023-06-11T02:01:44Z</time>
      </trkpt>
      <trkpt lat="36.697596855068255" lon="117.2154535539231">
        <ele>91.9</ele>
        <time>2023-06-11T02:01:45Z</time>
      </trkpt>
      <trkpt lat="36.697596855068255" lon="117.2154535539231">
        <ele>91.9</ele>
        <time>2023-06-11T02:01:46Z</time>
      </trkpt>
      <trkpt lat="36.697596855068255" lon="117.2154535539231">
        <ele>91.9</ele>
        <time>2023-06-11T02:01:47Z</time>
      </trkpt>
      <trkpt lat="36.697596855068255" lon="117.2154535539231">
        <ele>91.9</ele>
        <time>2023-06-11T02:01:48Z</time>
      </trkpt>
      <trkpt lat="36.697596855068255" lon="117.2154535539231">
        <ele>91.8</ele>
        <time>2023-06-11T02:01:49Z</time>
      </trkpt>
      <trkpt lat="36.697596855068255" lon="117.2154535539231">
        <ele>91.8</ele>
        <time>2023-06-11T02:01:50Z</time>
      </trkpt>
      <trkpt lat="36.697596855068255" lon="117.2154535539231">
        <ele>91.8</ele>
        <time>2023-06-11T02:01:51Z</time>
      </trkpt>
      <trkpt lat="36.697596855068255" lon="117.2154535539231">
        <ele>91.8</ele>
        <time>2023-06-11T02:01:52Z</time>
      </trkpt>
      <trkpt lat="36.697596855068255" lon="117.2154535539231">
        <ele>91.8</ele>
        <time>2023-06-11T02:01:53Z</time>
      </trkpt>
      <trkpt lat="36.697596855068255" lon="117.2154535539231">
        <ele>91.8</ele>
        <time>2023-06-11T02:01:54Z</time>
      </trkpt>
      <trkpt lat="36.697596855068255" lon="117.2154535539231">
        <ele>91.8</ele>
        <time>2023-06-11T02:01:55Z</time>
      </trkpt>
      <trkpt lat="36.697596855068255" lon="117.2154535539231">
        <ele>91.8</ele>
        <time>2023-06-11T02:01:56Z</time>
      </trkpt>
      <trkpt lat="36.697596855068255" lon="117.2154535539231">
        <ele>91.8</ele>
        <time>2023-06-11T02:01:57Z</time>
      </trkpt>
      <trkpt lat="36.697596855068255" lon="117.2154535539231">
        <ele>91.8</ele>
        <time>2023-06-11T02:01:58Z</time>
      </trkpt>
      <trkpt lat="36.697596855068255" lon="117.2154535539231">
        <ele>91.9</ele>
        <time>2023-06-11T02:01:59Z</time>
      </trkpt>
      <trkpt lat="36.697596855068255" lon="117.2154535539231">
        <ele>91.9</ele>
        <time>2023-06-11T02:02:00Z</time>
      </trkpt>
      <trkpt lat="36.697596855068255" lon="117.2154535539231">
        <ele>91.9</ele>
        <time>2023-06-11T02:02:01Z</time>
      </trkpt>
      <trkpt lat="36.697596855068255" lon="117.2154535539231">
        <ele>91.9</ele>
        <time>2023-06-11T02:02:02Z</time>
      </trkpt>
      <trkpt lat="36.697596855068255" lon="117.2154535539231">
        <ele>91.9</ele>
        <time>2023-06-11T02:02:03Z</time>
      </trkpt>
      <trkpt lat="36.697596855068255" lon="117.2154535539231">
        <ele>91.9</ele>
        <time>2023-06-11T02:02:04Z</time>
      </trkpt>
      <trkpt lat="36.697596855068255" lon="117.2154535539231">
        <ele>91.9</ele>
        <time>2023-06-11T02:02:05Z</time>
      </trkpt>
      <trkpt lat="36.697596855068255" lon="117.2154535539231">
        <ele>91.9</ele>
        <time>2023-06-11T02:02:06Z</time>
      </trkpt>
      <trkpt lat="36.697596855068255" lon="117.2154535539231">
        <ele>91.9</ele>
        <time>2023-06-11T02:02:07Z</time>
      </trkpt>
      <trkpt lat="36.697596855068255" lon="117.2154535539231">
        <ele>91.9</ele>
        <time>2023-06-11T02:02:08Z</time>
      </trkpt>
      <trkpt lat="36.697596855068255" lon="117.2154535539231">
        <ele>91.8</ele>
        <time>2023-06-11T02:02:09Z</time>
      </trkpt>
      <trkpt lat="36.697596855068255" lon="117.2154535539231">
        <ele>91.8</ele>
        <time>2023-06-11T02:02:10Z</time>
      </trkpt>
      <trkpt lat="36.697596855068255" lon="117.2154535539231">
        <ele>91.8</ele>
        <time>2023-06-11T02:02:11Z</time>
      </trkpt>
      <trkpt lat="36.697596855068255" lon="117.2154535539231">
        <ele>91.8</ele>
        <time>2023-06-11T02:02:12Z</time>
      </trkpt>
      <trkpt lat="36.697596855068255" lon="117.2154535539231">
        <ele>91.8</ele>
        <time>2023-06-11T02:02:13Z</time>
      </trkpt>
      <trkpt lat="36.697596855068255" lon="117.2154535539231">
        <ele>91.8</ele>
        <time>2023-06-11T02:02:14Z</time>
      </trkpt>
      <trkpt lat="36.697596855068255" lon="117.2154535539231">
        <ele>91.8</ele>
        <time>2023-06-11T02:02:15Z</time>
      </trkpt>
      <trkpt lat="36.697596855068255" lon="117.2154535539231">
        <ele>91.8</ele>
        <time>2023-06-11T02:02:16Z</time>
      </trkpt>
      <trkpt lat="36.697596855068255" lon="117.2154535539231">
        <ele>91.8</ele>
        <time>2023-06-11T02:02:17Z</time>
      </trkpt>
      <trkpt lat="36.697596855068255" lon="117.2154535539231">
        <ele>91.8</ele>
        <time>2023-06-11T02:02:18Z</time>
      </trkpt>
      <trkpt lat="36.697596855068255" lon="117.2154535539231">
        <ele>91.8</ele>
        <time>2023-06-11T02:02:19Z</time>
      </trkpt>
      <trkpt lat="36.697596855068255" lon="117.2154535539231">
        <ele>91.8</ele>
        <time>2023-06-11T02:02:20Z</time>
      </trkpt>
      <trkpt lat="36.69759682966707" lon="117.21545493574686">
        <ele>91.8</ele>
        <time>2023-06-11T02:02:21Z</time>
      </trkpt>
      <trkpt lat="36.69759544211096" lon="117.21545639702552">
        <ele>91.8</ele>
        <time>2023-06-11T02:02:22Z</time>
      </trkpt>
      <trkpt lat="36.69759407477553" lon="117.21545759346793">
        <ele>91.8</ele>
        <time>2023-06-11T02:02:23Z</time>
      </trkpt>
      <trkpt lat="36.69759268661368" lon="117.21545868371207">
        <ele>91.8</ele>
        <time>2023-06-11T02:02:24Z</time>
      </trkpt>
      <trkpt lat="36.697591284430004" lon="117.21545970132138">
        <ele>91.8</ele>
        <time>2023-06-11T02:02:25Z</time>
      </trkpt>
      <trkpt lat="36.697589873352435" lon="117.2154606616153">
        <ele>91.8</ele>
        <time>2023-06-11T02:02:26Z</time>
      </trkpt>
      <trkpt lat="36.69758845688194" lon="117.21546157353889">
        <ele>91.8</ele>
        <time>2023-06-11T02:02:27Z</time>
      </trkpt>
      <trkpt lat="36.697587037496945" lon="117.2154624430216">
        <ele>91.8</ele>
        <time>2023-06-11T02:02:28Z</time>
      </trkpt>
      <trkpt lat="36.6975856171773" lon="117.21546327430755">
        <ele>91.7</ele>
        <time>2023-06-11T02:02:29Z</time>
      </trkpt>
      <trkpt lat="36.69758419759737" lon="117.21546407060754">
        <ele>91.7</ele>
        <time>2023-06-11T02:02:30Z</time>
      </trkpt>
      <trkpt lat="36.69758278026752" lon="117.21546483445013">
        <ele>91.7</ele>
        <time>2023-06-11T02:02:31Z</time>
      </trkpt>
      <trkpt lat="36.697581392018414" lon="117.21546418606535">
        <ele>91.7</ele>
        <time>2023-06-11T02:02:32Z</time>
      </trkpt>
      <trkpt lat="36.697581370421936" lon="117.21546342836655">
        <ele>91.7</ele>
        <time>2023-06-11T02:02:33Z</time>
      </trkpt>
      <trkpt lat="36.69758133422011" lon="117.21546290592222">
        <ele>91.7</ele>
        <time>2023-06-11T02:02:34Z</time>
      </trkpt>
      <trkpt lat="36.6975813257392" lon="117.21546246037111">
        <ele>91.7</ele>
        <time>2023-06-11T02:02:35Z</time>
      </trkpt>
      <trkpt lat="36.697581339611965" lon="117.21546205842621">
        <ele>91.7</ele>
        <time>2023-06-11T02:02:36Z</time>
      </trkpt>
      <trkpt lat="36.69758137230178" lon="117.21546168504373">
        <ele>91.7</ele>
        <time>2023-06-11T02:02:37Z</time>
      </trkpt>
      <trkpt lat="36.697581422868495" lon="117.21546133289547">
        <ele>91.7</ele>
        <time>2023-06-11T02:02:38Z</time>
      </trkpt>
      <trkpt lat="36.69758149105847" lon="117.21546099757029">
        <ele>91.7</ele>
        <time>2023-06-11T02:02:39Z</time>
      </trkpt>
      <trkpt lat="36.69758157706506" lon="117.21546067609843">
        <ele>91.7</ele>
        <time>2023-06-11T02:02:40Z</time>
      </trkpt>
      <trkpt lat="36.69758168136826" lon="117.21546036635851">
        <ele>91.7</ele>
        <time>2023-06-11T02:02:41Z</time>
      </trkpt>
      <trkpt lat="36.69758180461658" lon="117.21546006676724">
        <ele>91.7</ele>
        <time>2023-06-11T02:02:42Z</time>
      </trkpt>
      <trkpt lat="36.69758194756193" lon="117.21545977610242">
        <ele>91.7</ele>
        <time>2023-06-11T02:02:43Z</time>
      </trkpt>
      <trkpt lat="36.69758211159996" lon="117.21545949455704">
        <ele>91.7</ele>
        <time>2023-06-11T02:02:44Z</time>
      </trkpt>
      <trkpt lat="36.697582297867164" lon="117.21545922251524">
        <ele>91.7</ele>
        <time>2023-06-11T02:02:45Z</time>
      </trkpt>
      <trkpt lat="36.69758250738647" lon="117.21545896029788">
        <ele>91.7</ele>
        <time>2023-06-11T02:02:46Z</time>
      </trkpt>
      <trkpt lat="36.697582741070676" lon="117.215458708172">
        <ele>91.7</ele>
        <time>2023-06-11T02:02:47Z</time>
      </trkpt>
      <trkpt lat="36.697582999733825" lon="117.21545846635856">
        <ele>91.7</ele>
        <time>2023-06-11T02:02:48Z</time>
      </trkpt>
      <trkpt lat="36.69758328327363" lon="117.21545823369654">
        <ele>91.7</ele>
        <time>2023-06-11T02:02:49Z</time>
      </trkpt>
      <trkpt lat="36.69758359197555" lon="117.21545800908832">
        <ele>91.7</ele>
        <time>2023-06-11T02:02:50Z</time>
      </trkpt>
      <trkpt lat="36.69758392600157" lon="117.2154577912155">
        <ele>91.7</ele>
        <time>2023-06-11T02:02:51Z</time>
      </trkpt>
      <trkpt lat="36.69758428571212" lon="117.21545757893331">
        <ele>91.7</ele>
        <time>2023-06-11T02:02:52Z</time>
      </trkpt>
      <trkpt lat="36.697584671587556" lon="117.21545737124082">
        <ele>91.7</ele>
        <time>2023-06-11T02:02:53Z</time>
      </trkpt>
      <trkpt lat="36.697585084204" lon="117.2154571672512">
        <ele>91.7</ele>
        <time>2023-06-11T02:02:54Z</time>
      </trkpt>
      <trkpt lat="36.69758552422047" lon="117.21545696617054">
        <ele>91.7</ele>
        <time>2023-06-11T02:02:55Z</time>
      </trkpt>
      <trkpt lat="36.69758599278265" lon="117.2154567678605">
        <ele>91.7</ele>
        <time>2023-06-11T02:02:56Z</time>
      </trkpt>
      <trkpt lat="36.69758649084418" lon="117.21545657219147">
        <ele>91.7</ele>
        <time>2023-06-11T02:02:57Z</time>
      </trkpt>
      <trkpt lat="36.69758701927201" lon="117.21545637903938">
        <ele>91.7</ele>
        <time>2023-06-11T02:02:58Z</time>
      </trkpt>
      <trkpt lat="36.69758757884206" lon="117.21545618828493">
        <ele>91.7</ele>
        <time>2023-06-11T02:02:59Z</time>
      </trkpt>
      <trkpt lat="36.697588170239726" lon="117.21545599981319">
        <ele>91.7</ele>
        <time>2023-06-11T02:03:00Z</time>
      </trkpt>
      <trkpt lat="36.69758879406561" lon="117.21545581351236">
        <ele>91.7</ele>
        <time>2023-06-11T02:03:01Z</time>
      </trkpt>
      <trkpt lat="36.69758945106034" lon="117.21545562970692">
        <ele>91.7</ele>
        <time>2023-06-11T02:03:02Z</time>
      </trkpt>
      <trkpt lat="36.69759014174875" lon="117.21545544870746">
        <ele>91.7</ele>
        <time>2023-06-11T02:03:03Z</time>
      </trkpt>
      <trkpt lat="36.69759086649464" lon="117.21545527080231">
        <ele>91.7</ele>
        <time>2023-06-11T02:03:04Z</time>
      </trkpt>
      <trkpt lat="36.69759162550245" lon="117.21545509625973">
        <ele>91.7</ele>
        <time>2023-06-11T02:03:05Z</time>
      </trkpt>
      <trkpt lat="36.697592418820996" lon="117.21545492532945">
        <ele>91.7</ele>
        <time>2023-06-11T02:03:06Z</time>
      </trkpt>
      <trkpt lat="36.697593245928175" lon="117.21545475766568">
        <ele>91.7</ele>
        <time>2023-06-11T02:03:07Z</time>
      </trkpt>
      <trkpt lat="36.69759410640063" lon="117.21545459296259">
        <ele>91.7</ele>
        <time>2023-06-11T02:03:08Z</time>
      </trkpt>
      <trkpt lat="36.69759499954532" lon="117.21545443067687">
        <ele>91.6</ele>
        <time>2023-06-11T02:03:09Z</time>
      </trkpt>
      <trkpt lat="36.69759592479839" lon="117.21545427032063">
        <ele>91.6</ele>
        <time>2023-06-11T02:03:10Z</time>
      </trkpt>
      <trkpt lat="36.69759688168501" lon="117.2154541114427">
        <ele>91.6</ele>
        <time>2023-06-11T02:03:11Z</time>
      </trkpt>
      <trkpt lat="36.6975978698142" lon="117.2154539536246">
        <ele>91.6</ele>
        <time>2023-06-11T02:03:12Z</time>
      </trkpt>
      <trkpt lat="36.6975988888753" lon="117.21545379647704">
        <ele>91.6</ele>
        <time>2023-06-11T02:03:13Z</time>
      </trkpt>
      <trkpt lat="36.69759993899583" lon="117.21545363998663">
        <ele>91.6</ele>
        <time>2023-06-11T02:03:14Z</time>
      </trkpt>
      <trkpt lat="36.69760102015201" lon="117.21545348411294">
        <ele>91.6</ele>
        <time>2023-06-11T02:03:15Z</time>
      </trkpt>
      <trkpt lat="36.69760213223184" lon="117.21545332881274">
        <ele>91.6</ele>
        <time>2023-06-11T02:03:16Z</time>
      </trkpt>
      <trkpt lat="36.69760327503522" lon="117.21545317404123">
        <ele>91.6</ele>
        <time>2023-06-11T02:03:17Z</time>
      </trkpt>
      <trkpt lat="36.697604448286825" lon="117.21545301975253">
        <ele>91.6</ele>
        <time>2023-06-11T02:03:18Z</time>
      </trkpt>
      <trkpt lat="36.697605651638035" lon="117.21545286590114">
        <ele>91.6</ele>
        <time>2023-06-11T02:03:19Z</time>
      </trkpt>
      <trkpt lat="36.69760688493608" lon="117.21545271271387">
        <ele>91.6</ele>
        <time>2023-06-11T02:03:20Z</time>
      </trkpt>
      <trkpt lat="36.6976081478219" lon="117.21545256039296">
        <ele>91.6</ele>
        <time>2023-06-11T02:03:21Z</time>
      </trkpt>
      <trkpt lat="36.69760943977778" lon="117.21545240913005">
        <ele>91.6</ele>
        <time>2023-06-11T02:03:22Z</time>
      </trkpt>
      <trkpt lat="36.6976107601299" lon="117.21545225910741">
        <ele>91.6</ele>
        <time>2023-06-11T02:03:23Z</time>
      </trkpt>
      <trkpt lat="36.69761210805656" lon="117.21545211049862">
        <ele>91.6</ele>
        <time>2023-06-11T02:03:24Z</time>
      </trkpt>
      <trkpt lat="36.69761348223193" lon="117.21545196311975">
        <ele>91.6</ele>
        <time>2023-06-11T02:03:25Z</time>
      </trkpt>
      <trkpt lat="36.69761488142088" lon="117.215451816831">
        <ele>91.6</ele>
        <time>2023-06-11T02:03:26Z</time>
      </trkpt>
      <trkpt lat="36.69761630426756" lon="117.21545167137519">
        <ele>91.6</ele>
        <time>2023-06-11T02:03:27Z</time>
      </trkpt>
      <trkpt lat="36.69761774955805" lon="117.21545152652854">
        <ele>91.6</ele>
        <time>2023-06-11T02:03:28Z</time>
      </trkpt>
      <trkpt lat="36.697619216195676" lon="117.21545138208666">
        <ele>91.6</ele>
        <time>2023-06-11T02:03:29Z</time>
      </trkpt>
      <trkpt lat="36.69762070320181" lon="117.21545123786142">
        <ele>91.6</ele>
        <time>2023-06-11T02:03:30Z</time>
      </trkpt>
      <trkpt lat="36.69762220970435" lon="117.21545109368016">
        <ele>91.6</ele>
        <time>2023-06-11T02:03:31Z</time>
      </trkpt>
      <trkpt lat="36.69762373511366" lon="117.21545094954517">
        <ele>91.6</ele>
        <time>2023-06-11T02:03:32Z</time>
      </trkpt>
      <trkpt lat="36.69762527880296" lon="117.21545080544345">
        <ele>91.6</ele>
        <time>2023-06-11T02:03:33Z</time>
      </trkpt>
      <trkpt lat="36.69762684012643" lon="117.21545066136238">
        <ele>91.6</ele>
        <time>2023-06-11T02:03:34Z</time>
      </trkpt>
      <trkpt lat="36.697628418402516" lon="117.21545051727213">
        <ele>91.6</ele>
        <time>2023-06-11T02:03:35Z</time>
      </trkpt>
      <trkpt lat="36.697630012963025" lon="117.21545037314849">
        <ele>91.6</ele>
        <time>2023-06-11T02:03:36Z</time>
      </trkpt>
      <trkpt lat="36.697631623149" lon="117.2154502289701">
        <ele>91.6</ele>
        <time>2023-06-11T02:03:37Z</time>
      </trkpt>
      <trkpt lat="36.697633248467135" lon="117.2154500848537">
        <ele>91.6</ele>
        <time>2023-06-11T02:03:38Z</time>
      </trkpt>
      <trkpt lat="36.69763488832985" lon="117.21544994090105">
        <ele>91.7</ele>
        <time>2023-06-11T02:03:39Z</time>
      </trkpt>
      <trkpt lat="36.69763654208269" lon="117.2154497972234">
        <ele>91.7</ele>
        <time>2023-06-11T02:03:40Z</time>
      </trkpt>
      <trkpt lat="36.69763820898563" lon="117.21544965392583">
        <ele>91.7</ele>
        <time>2023-06-11T02:03:41Z</time>
      </trkpt>
      <trkpt lat="36.69763988822268" lon="117.21544951110931">
        <ele>91.7</ele>
        <time>2023-06-11T02:03:42Z</time>
      </trkpt>
      <trkpt lat="36.69764157873365" lon="117.21544936870896">
        <ele>91.7</ele>
        <time>2023-06-11T02:03:43Z</time>
      </trkpt>
      <trkpt lat="36.697643279529736" lon="117.21544922668339">
        <ele>91.7</ele>
        <time>2023-06-11T02:03:44Z</time>
      </trkpt>
      <trkpt lat="36.69764498964621" lon="117.21544908494606">
        <ele>91.7</ele>
        <time>2023-06-11T02:03:45Z</time>
      </trkpt>
      <trkpt lat="36.69764670825036" lon="117.2154489434427">
        <ele>91.7</ele>
        <time>2023-06-11T02:03:46Z</time>
      </trkpt>
      <trkpt lat="36.697648434586675" lon="117.21544880212116">
        <ele>91.7</ele>
        <time>2023-06-11T02:03:47Z</time>
      </trkpt>
      <trkpt lat="36.69765016797312" lon="117.21544866093329">
        <ele>91.7</ele>
        <time>2023-06-11T02:03:48Z</time>
      </trkpt>
      <trkpt lat="36.69765190779903" lon="117.21544851983506">
        <ele>91.8</ele>
        <time>2023-06-11T02:03:49Z</time>
      </trkpt>
      <trkpt lat="36.69765365354902" lon="117.21544837884392">
        <ele>91.8</ele>
        <time>2023-06-11T02:03:50Z</time>
      </trkpt>
      <trkpt lat="36.69765540469957" lon="117.21544823795688">
        <ele>91.8</ele>
        <time>2023-06-11T02:03:51Z</time>
      </trkpt>
      <trkpt lat="36.69765716075318" lon="117.21544809717246">
        <ele>91.8</ele>
        <time>2023-06-11T02:03:52Z</time>
      </trkpt>
      <trkpt lat="36.697658921238606" lon="117.21544795648933">
        <ele>91.8</ele>
        <time>2023-06-11T02:03:53Z</time>
      </trkpt>
      <trkpt lat="36.69766068570988" lon="117.2154478159061">
        <ele>91.8</ele>
        <time>2023-06-11T02:03:54Z</time>
      </trkpt>
      <trkpt lat="36.697662453749786" lon="117.21544767542159">
        <ele>91.8</ele>
        <time>2023-06-11T02:03:55Z</time>
      </trkpt>
      <trkpt lat="36.697664224994845" lon="117.21544753508677">
        <ele>91.8</ele>
        <time>2023-06-11T02:03:56Z</time>
      </trkpt>
      <trkpt lat="36.69766599905941" lon="117.215447394944">
        <ele>91.8</ele>
        <time>2023-06-11T02:03:57Z</time>
      </trkpt>
      <trkpt lat="36.69766777553097" lon="117.21544725503334">
        <ele>91.8</ele>
        <time>2023-06-11T02:03:58Z</time>
      </trkpt>
      <trkpt lat="36.69766955398419" lon="117.21544711539231">
        <ele>91.8</ele>
        <time>2023-06-11T02:03:59Z</time>
      </trkpt>
      <trkpt lat="36.697671333985205" lon="117.21544697605536">
        <ele>91.8</ele>
        <time>2023-06-11T02:04:00Z</time>
      </trkpt>
      <trkpt lat="36.6976731150643" lon="117.21544683699575">
        <ele>91.8</ele>
        <time>2023-06-11T02:04:01Z</time>
      </trkpt>
      <trkpt lat="36.697674896806575" lon="117.21544669819548">
        <ele>91.8</ele>
        <time>2023-06-11T02:04:02Z</time>
      </trkpt>
      <trkpt lat="36.69767667888502" lon="117.21544655962667">
        <ele>91.8</ele>
        <time>2023-06-11T02:04:03Z</time>
      </trkpt>
      <trkpt lat="36.6976784610321" lon="117.21544642126514">
        <ele>91.8</ele>
        <time>2023-06-11T02:04:04Z</time>
      </trkpt>
      <trkpt lat="36.69768024303783" lon="117.21544628308801">
        <ele>91.8</ele>
        <time>2023-06-11T02:04:05Z</time>
      </trkpt>
      <trkpt lat="36.69768202484415" lon="117.21544614496612">
        <ele>91.8</ele>
        <time>2023-06-11T02:04:06Z</time>
      </trkpt>
      <trkpt lat="36.69768380654652" lon="117.2154460066977">
        <ele>91.8</ele>
        <time>2023-06-11T02:04:07Z</time>
      </trkpt>
      <trkpt lat="36.69768558845989" lon="117.21544586793648">
        <ele>91.8</ele>
        <time>2023-06-11T02:04:08Z</time>
      </trkpt>
      <trkpt lat="36.69768737122254" lon="117.21544572812373">
        <ele>91.8</ele>
        <time>2023-06-11T02:04:09Z</time>
      </trkpt>
      <trkpt lat="36.6976891559242" lon="117.21544558636641">
        <ele>91.8</ele>
        <time>2023-06-11T02:04:10Z</time>
      </trkpt>
      <trkpt lat="36.69769094415" lon="117.21544544142682">
        <ele>91.8</ele>
        <time>2023-06-11T02:04:11Z</time>
      </trkpt>
      <trkpt lat="36.69769273838979" lon="117.2154452912749">
        <ele>91.8</ele>
        <time>2023-06-11T02:04:12Z</time>
      </trkpt>
      <trkpt lat="36.69769454460839" lon="117.21544513010252">
        <ele>91.8</ele>
        <time>2023-06-11T02:04:13Z</time>
      </trkpt>
      <trkpt lat="36.69769636831519" lon="117.2154449531562">
        <ele>91.8</ele>
        <time>2023-06-11T02:04:14Z</time>
      </trkpt>
      <trkpt lat="36.69769821429592" lon="117.21544475636829">
        <ele>91.8</ele>
        <time>2023-06-11T02:04:15Z</time>
      </trkpt>
      <trkpt lat="36.69770008658066" lon="117.21544453626876">
        <ele>91.8</ele>
        <time>2023-06-11T02:04:16Z</time>
      </trkpt>
      <trkpt lat="36.697701988351724" lon="117.21544429001293">
        <ele>91.8</ele>
        <time>2023-06-11T02:04:17Z</time>
      </trkpt>
      <trkpt lat="36.6977039219657" lon="117.21544401527855">
        <ele>91.8</ele>
        <time>2023-06-11T02:04:18Z</time>
      </trkpt>
      <trkpt lat="36.69770588889247" lon="117.21544371027868">
        <ele>91.8</ele>
        <time>2023-06-11T02:04:19Z</time>
      </trkpt>
      <trkpt lat="36.69770788965726" lon="117.21544337377851">
        <ele>91.8</ele>
        <time>2023-06-11T02:04:20Z</time>
      </trkpt>
      <trkpt lat="36.69770992455459" lon="117.21544300637886">
        <ele>91.8</ele>
        <time>2023-06-11T02:04:21Z</time>
      </trkpt>
      <trkpt lat="36.69771199307903" lon="117.21544260887713">
        <ele>91.8</ele>
        <time>2023-06-11T02:04:22Z</time>
      </trkpt>
      <trkpt lat="36.69771409350316" lon="117.21544218288302">
        <ele>91.8</ele>
        <time>2023-06-11T02:04:23Z</time>
      </trkpt>
      <trkpt lat="36.697716220308095" lon="117.21544173380336">
        <ele>91.8</ele>
        <time>2023-06-11T02:04:24Z</time>
      </trkpt>
      <trkpt lat="36.697718368060684" lon="117.21544126602156">
        <ele>91.8</ele>
        <time>2023-06-11T02:04:25Z</time>
      </trkpt>
      <trkpt lat="36.697720531157195" lon="117.21544078172867">
        <ele>91.8</ele>
        <time>2023-06-11T02:04:26Z</time>
      </trkpt>
      <trkpt lat="36.69772270395423" lon="117.21544028312297">
        <ele>91.8</ele>
        <time>2023-06-11T02:04:27Z</time>
      </trkpt>
      <trkpt lat="36.69772488090226" lon="117.21543977217364">
        <ele>91.8</ele>
        <time>2023-06-11T02:04:28Z</time>
      </trkpt>
      <trkpt lat="36.69772705656979" lon="117.21543925066443">
        <ele>91.8</ele>
        <time>2023-06-11T02:04:29Z</time>
      </trkpt>
      <trkpt lat="36.69772922567213" lon="117.21543872023103">
        <ele>91.8</ele>
        <time>2023-06-11T02:04:30Z</time>
      </trkpt>
      <trkpt lat="36.69773138308388" lon="117.21543818239502">
        <ele>91.8</ele>
        <time>2023-06-11T02:04:31Z</time>
      </trkpt>
      <trkpt lat="36.69773352303603" lon="117.21543763738676">
        <ele>91.8</ele>
        <time>2023-06-11T02:04:32Z</time>
      </trkpt>
      <trkpt lat="36.69773563968605" lon="117.21543708578253">
        <ele>91.8</ele>
        <time>2023-06-11T02:04:33Z</time>
      </trkpt>
      <trkpt lat="36.69773772717836" lon="117.21543652832425">
        <ele>91.8</ele>
        <time>2023-06-11T02:04:34Z</time>
      </trkpt>
      <trkpt lat="36.69773977969718" lon="117.21543596590979">
        <ele>91.8</ele>
        <time>2023-06-11T02:04:35Z</time>
      </trkpt>
      <trkpt lat="36.69774179151941" lon="117.215435399582">
        <ele>91.8</ele>
        <time>2023-06-11T02:04:36Z</time>
      </trkpt>
      <trkpt lat="36.69774375761573" lon="117.21543483204226">
        <ele>91.8</ele>
        <time>2023-06-11T02:04:37Z</time>
      </trkpt>
      <trkpt lat="36.69774567359711" lon="117.21543426552964">
        <ele>91.8</ele>
        <time>2023-06-11T02:04:38Z</time>
      </trkpt>
      <trkpt lat="36.69774753714559" lon="117.21543370174342">
        <ele>91.7</ele>
        <time>2023-06-11T02:04:39Z</time>
      </trkpt>
      <trkpt lat="36.697749346526074" lon="117.21543314202924">
        <ele>91.7</ele>
        <time>2023-06-11T02:04:40Z</time>
      </trkpt>
      <trkpt lat="36.697751100503254" lon="117.21543258750717">
        <ele>91.7</ele>
        <time>2023-06-11T02:04:41Z</time>
      </trkpt>
      <trkpt lat="36.6977527982981" lon="117.21543203908874">
        <ele>91.7</ele>
        <time>2023-06-11T02:04:42Z</time>
      </trkpt>
      <trkpt lat="36.69775443954039" lon="117.2154314974923">
        <ele>91.7</ele>
        <time>2023-06-11T02:04:43Z</time>
      </trkpt>
      <trkpt lat="36.69775602371377" lon="117.215430963498">
        <ele>91.7</ele>
        <time>2023-06-11T02:04:44Z</time>
      </trkpt>
      <trkpt lat="36.697757550602816" lon="117.2154304378195">
        <ele>91.7</ele>
        <time>2023-06-11T02:04:45Z</time>
      </trkpt>
      <trkpt lat="36.69775902020741" lon="117.21542992113078">
        <ele>91.7</ele>
        <time>2023-06-11T02:04:46Z</time>
      </trkpt>
      <trkpt lat="36.69776043269388" lon="117.21542941412616">
        <ele>91.7</ele>
        <time>2023-06-11T02:04:47Z</time>
      </trkpt>
      <trkpt lat="36.69776178830725" lon="117.2154289176363">
        <ele>91.7</ele>
        <time>2023-06-11T02:04:48Z</time>
      </trkpt>
      <trkpt lat="36.69776308754906" lon="117.21542843240591">
        <ele>91.8</ele>
        <time>2023-06-11T02:04:49Z</time>
      </trkpt>
      <trkpt lat="36.69776432964971" lon="117.21542795945741">
        <ele>91.8</ele>
        <time>2023-06-11T02:04:50Z</time>
      </trkpt>
      <trkpt lat="36.697765514029435" lon="117.21542749991302">
        <ele>91.8</ele>
        <time>2023-06-11T02:04:51Z</time>
      </trkpt>
      <trkpt lat="36.69776664034487" lon="117.21542705487356">
        <ele>91.8</ele>
        <time>2023-06-11T02:04:52Z</time>
      </trkpt>
      <trkpt lat="36.69776770849208" lon="117.21542662540548">
        <ele>91.8</ele>
        <time>2023-06-11T02:04:53Z</time>
      </trkpt>
      <trkpt lat="36.69776871861442" lon="117.21542621253067">
        <ele>91.8</ele>
        <time>2023-06-11T02:04:54Z</time>
      </trkpt>
      <trkpt lat="36.697769671613905" lon="117.2154258169749">
        <ele>91.8</ele>
        <time>2023-06-11T02:04:55Z</time>
      </trkpt>
      <trkpt lat="36.69777056865519" lon="117.21542543930086">
        <ele>91.8</ele>
        <time>2023-06-11T02:04:56Z</time>
      </trkpt>
      <trkpt lat="36.69777141111197" lon="117.21542507911822">
        <ele>91.8</ele>
        <time>2023-06-11T02:04:57Z</time>
      </trkpt>
      <trkpt lat="36.69777220060198" lon="117.2154247359193">
        <ele>91.8</ele>
        <time>2023-06-11T02:04:58Z</time>
      </trkpt>
      <trkpt lat="36.69777293896741" lon="117.21542440890482">
        <ele>91.7</ele>
        <time>2023-06-11T02:04:59Z</time>
      </trkpt>
      <trkpt lat="36.69777362805737" lon="117.21542409721741">
        <ele>91.7</ele>
        <time>2023-06-11T02:05:00Z</time>
      </trkpt>
      <trkpt lat="36.697774269680515" lon="117.21542379997088">
        <ele>91.7</ele>
        <time>2023-06-11T02:05:01Z</time>
      </trkpt>
      <trkpt lat="36.69777486611234" lon="117.21542351730685">
        <ele>91.7</ele>
        <time>2023-06-11T02:05:02Z</time>
      </trkpt>
      <trkpt lat="36.6977754195378" lon="117.21542324903182">
        <ele>91.7</ele>
        <time>2023-06-11T02:05:03Z</time>
      </trkpt>
      <trkpt lat="36.69777593213472" lon="117.21542299484673">
        <ele>91.7</ele>
        <time>2023-06-11T02:05:04Z</time>
      </trkpt>
      <trkpt lat="36.697776406055205" lon="117.21542275436967">
        <ele>91.7</ele>
        <time>2023-06-11T02:05:05Z</time>
      </trkpt>
      <trkpt lat="36.69777684340696" lon="117.21542252715557">
        <ele>91.7</ele>
        <time>2023-06-11T02:05:06Z</time>
      </trkpt>
      <trkpt lat="36.697777246247114" lon="117.21542231271249">
        <ele>91.7</ele>
        <time>2023-06-11T02:05:07Z</time>
      </trkpt>
      <trkpt lat="36.69777761665762" lon="117.2154221112823">
        <ele>91.7</ele>
        <time>2023-06-11T02:05:08Z</time>
      </trkpt>
      <trkpt lat="36.69777795670085" lon="117.21542192296403">
        <ele>91.7</ele>
        <time>2023-06-11T02:05:09Z</time>
      </trkpt>
      <trkpt lat="36.69777826846944" lon="117.21542174778732">
        <ele>91.7</ele>
        <time>2023-06-11T02:05:10Z</time>
      </trkpt>
      <trkpt lat="36.6977785540684" lon="117.21542158571833">
        <ele>91.7</ele>
        <time>2023-06-11T02:05:11Z</time>
      </trkpt>
      <trkpt lat="36.69777881560814" lon="117.21542143666527">
        <ele>91.7</ele>
        <time>2023-06-11T02:05:12Z</time>
      </trkpt>
      <trkpt lat="36.69777905467226" lon="117.21542129944312">
        <ele>91.7</ele>
        <time>2023-06-11T02:05:13Z</time>
      </trkpt>
      <trkpt lat="36.697779272853246" lon="117.21542117315529">
        <ele>91.7</ele>
        <time>2023-06-11T02:05:14Z</time>
      </trkpt>
      <trkpt lat="36.697779471404246" lon="117.21542105666198">
        <ele>91.7</ele>
        <time>2023-06-11T02:05:15Z</time>
      </trkpt>
      <trkpt lat="36.69777965148063" lon="117.21542094899422">
        <ele>91.7</ele>
        <time>2023-06-11T02:05:16Z</time>
      </trkpt>
      <trkpt lat="36.697779814128985" lon="117.2154208492774">
        <ele>91.7</ele>
        <time>2023-06-11T02:05:17Z</time>
      </trkpt>
      <trkpt lat="36.69777996029568" lon="117.21542075672178">
        <ele>91.7</ele>
        <time>2023-06-11T02:05:18Z</time>
      </trkpt>
      <trkpt lat="36.697780090837696" lon="117.21542067061449">
        <ele>91.8</ele>
        <time>2023-06-11T02:05:19Z</time>
      </trkpt>
      <trkpt lat="36.697780206866064" lon="117.2154205907233">
        <ele>91.8</ele>
        <time>2023-06-11T02:05:20Z</time>
      </trkpt>
      <trkpt lat="36.69778030940455" lon="117.21542051669756">
        <ele>91.8</ele>
        <time>2023-06-11T02:05:21Z</time>
      </trkpt>
      <trkpt lat="36.69778039941786" lon="117.21542044819043">
        <ele>91.8</ele>
        <time>2023-06-11T02:05:22Z</time>
      </trkpt>
      <trkpt lat="36.69778047781703" lon="117.21542038486224">
        <ele>91.8</ele>
        <time>2023-06-11T02:05:23Z</time>
      </trkpt>
      <trkpt lat="36.69778054545866" lon="117.21542032638338">
        <ele>91.8</ele>
        <time>2023-06-11T02:05:24Z</time>
      </trkpt>
      <trkpt lat="36.69778060314653" lon="117.21542027243682">
        <ele>91.8</ele>
        <time>2023-06-11T02:05:25Z</time>
      </trkpt>
      <trkpt lat="36.69778065188222" lon="117.21542022303778">
        <ele>91.8</ele>
        <time>2023-06-11T02:05:26Z</time>
      </trkpt>
      <trkpt lat="36.69778069262838" lon="117.21542017811169">
        <ele>91.8</ele>
        <time>2023-06-11T02:05:27Z</time>
      </trkpt>
      <trkpt lat="36.69778072632584" lon="117.21542013756321">
        <ele>91.8</ele>
        <time>2023-06-11T02:05:28Z</time>
      </trkpt>
      <trkpt lat="36.69778075388896" lon="117.21542010128007">
        <ele>91.7</ele>
        <time>2023-06-11T02:05:29Z</time>
      </trkpt>
      <trkpt lat="36.69778077620415" lon="117.21542006913579">
        <ele>91.7</ele>
        <time>2023-06-11T02:05:30Z</time>
      </trkpt>
      <trkpt lat="36.697780793790294" lon="117.21542004058068">
        <ele>91.7</ele>
        <time>2023-06-11T02:05:31Z</time>
      </trkpt>
      <trkpt lat="36.69778080714313" lon="117.21542001523751">
        <ele>91.7</ele>
        <time>2023-06-11T02:05:32Z</time>
      </trkpt>
      <trkpt lat="36.69778081661219" lon="117.21541999268642">
        <ele>91.7</ele>
        <time>2023-06-11T02:05:33Z</time>
      </trkpt>
      <trkpt lat="36.69778082250349" lon="117.2154199725811">
        <ele>91.7</ele>
        <time>2023-06-11T02:05:34Z</time>
      </trkpt>
      <trkpt lat="36.69778082508114" lon="117.21541995461885">
        <ele>91.7</ele>
        <time>2023-06-11T02:05:35Z</time>
      </trkpt>
      <trkpt lat="36.69778082457037" lon="117.21541993853472">
        <ele>91.7</ele>
        <time>2023-06-11T02:05:36Z</time>
      </trkpt>
      <trkpt lat="36.69778082116537" lon="117.21541992409638">
        <ele>91.7</ele>
        <time>2023-06-11T02:05:37Z</time>
      </trkpt>
      <trkpt lat="36.69778081514752" lon="117.21541991120515">
        <ele>91.7</ele>
        <time>2023-06-11T02:05:38Z</time>
      </trkpt>
      <trkpt lat="36.69778080676868" lon="117.21541989973926">
        <ele>91.7</ele>
        <time>2023-06-11T02:05:39Z</time>
      </trkpt>
      <trkpt lat="36.697780796258876" lon="117.21541988958492">
        <ele>91.7</ele>
        <time>2023-06-11T02:05:40Z</time>
      </trkpt>
      <trkpt lat="36.697780783826445" lon="117.21541988063612">
        <ele>91.7</ele>
        <time>2023-06-11T02:05:41Z</time>
      </trkpt>
      <trkpt lat="36.69778076966101" lon="117.2154198727944">
        <ele>91.7</ele>
        <time>2023-06-11T02:05:42Z</time>
      </trkpt>
      <trkpt lat="36.697780753932" lon="117.21541986596864">
        <ele>91.7</ele>
        <time>2023-06-11T02:05:43Z</time>
      </trkpt>
      <trkpt lat="36.69778073689138" lon="117.21541986016383">
        <ele>91.7</ele>
        <time>2023-06-11T02:05:44Z</time>
      </trkpt>
      <trkpt lat="36.69778071877708" lon="117.21541985535711">
        <ele>91.7</ele>
        <time>2023-06-11T02:05:45Z</time>
      </trkpt>
      <trkpt lat="36.697780699816136" lon="117.2154198515216">
        <ele>91.7</ele>
        <time>2023-06-11T02:05:46Z</time>
      </trkpt>
      <trkpt lat="36.6977806802247" lon="117.21541984862709">
        <ele>91.7</ele>
        <time>2023-06-11T02:05:47Z</time>
      </trkpt>
      <trkpt lat="36.69778066020805" lon="117.2154198466406">
        <ele>91.7</ele>
        <time>2023-06-11T02:05:48Z</time>
      </trkpt>
      <trkpt lat="36.697780639842236" lon="117.21541984542206">
        <ele>91.8</ele>
        <time>2023-06-11T02:05:49Z</time>
      </trkpt>
      <trkpt lat="36.6977806191987" lon="117.21541984487772">
        <ele>91.8</ele>
        <time>2023-06-11T02:05:50Z</time>
      </trkpt>
      <trkpt lat="36.697780598306906" lon="117.21541984490692">
        <ele>91.8</ele>
        <time>2023-06-11T02:05:51Z</time>
      </trkpt>
      <trkpt lat="36.69778057718698" lon="117.21541984542748">
        <ele>91.8</ele>
        <time>2023-06-11T02:05:52Z</time>
      </trkpt>
      <trkpt lat="36.69778055585286" lon="117.21541984636865">
        <ele>91.8</ele>
        <time>2023-06-11T02:05:53Z</time>
      </trkpt>
      <trkpt lat="36.69778053431535" lon="117.21541984766891">
        <ele>91.8</ele>
        <time>2023-06-11T02:05:54Z</time>
      </trkpt>
      <trkpt lat="36.69778051258064" lon="117.21541984927539">
        <ele>91.8</ele>
        <time>2023-06-11T02:05:55Z</time>
      </trkpt>
      <trkpt lat="36.69778049068603" lon="117.21541985116357">
        <ele>91.8</ele>
        <time>2023-06-11T02:05:56Z</time>
      </trkpt>
      <trkpt lat="36.69778046866257" lon="117.2154198533056">
        <ele>91.8</ele>
        <time>2023-06-11T02:05:57Z</time>
      </trkpt>
      <trkpt lat="36.69778044653825" lon="117.21541985567627">
        <ele>91.8</ele>
        <time>2023-06-11T02:05:58Z</time>
      </trkpt>
      <trkpt lat="36.69778042433483" lon="117.21541985825286">
        <ele>91.7</ele>
        <time>2023-06-11T02:05:59Z</time>
      </trkpt>
      <trkpt lat="36.697780402072496" lon="117.21541986101458">
        <ele>91.7</ele>
        <time>2023-06-11T02:06:00Z</time>
      </trkpt>
      <trkpt lat="36.69778037976678" lon="117.215419863943">
        <ele>91.7</ele>
        <time>2023-06-11T02:06:01Z</time>
      </trkpt>
      <trkpt lat="36.697780357461234" lon="117.21541986704104">
        <ele>91.7</ele>
        <time>2023-06-11T02:06:02Z</time>
      </trkpt>
      <trkpt lat="36.6977803351994" lon="117.21541987030578">
        <ele>91.7</ele>
        <time>2023-06-11T02:06:03Z</time>
      </trkpt>
      <trkpt lat="36.697780313018605" lon="117.2154198737333">
        <ele>91.7</ele>
        <time>2023-06-11T02:06:04Z</time>
      </trkpt>
      <trkpt lat="36.6977802909515" lon="117.21541987731925">
        <ele>91.7</ele>
        <time>2023-06-11T02:06:05Z</time>
      </trkpt>
      <trkpt lat="36.69778026903076" lon="117.21541988105854">
        <ele>91.7</ele>
        <time>2023-06-11T02:06:06Z</time>
      </trkpt>
      <trkpt lat="36.69778024725011" lon="117.2154198849245">
        <ele>91.7</ele>
        <time>2023-06-11T02:06:07Z</time>
      </trkpt>
      <trkpt lat="36.69778022560332" lon="117.21541988889952">
        <ele>91.7</ele>
        <time>2023-06-11T02:06:08Z</time>
      </trkpt>
      <trkpt lat="36.697780204074824" lon="117.21541989296522">
        <ele>91.7</ele>
        <time>2023-06-11T02:06:09Z</time>
      </trkpt>
      <trkpt lat="36.6977801826506" lon="117.21541989710651">
        <ele>91.7</ele>
        <time>2023-06-11T02:06:10Z</time>
      </trkpt>
      <trkpt lat="36.69778016131664" lon="117.21541990131068">
        <ele>91.7</ele>
        <time>2023-06-11T02:06:11Z</time>
      </trkpt>
      <trkpt lat="36.69778014006206" lon="117.21541990556669">
        <ele>91.7</ele>
        <time>2023-06-11T02:06:12Z</time>
      </trkpt>
      <trkpt lat="36.697780118875954" lon="117.21541990986508">
        <ele>91.7</ele>
        <time>2023-06-11T02:06:13Z</time>
      </trkpt>
      <trkpt lat="36.69778009775366" lon="117.21541991420118">
        <ele>91.7</ele>
        <time>2023-06-11T02:06:14Z</time>
      </trkpt>
      <trkpt lat="36.69778007669515" lon="117.21541991857009">
        <ele>91.7</ele>
        <time>2023-06-11T02:06:15Z</time>
      </trkpt>
      <trkpt lat="36.69778005569889" lon="117.21541992296726">
        <ele>91.7</ele>
        <time>2023-06-11T02:06:16Z</time>
      </trkpt>
      <trkpt lat="36.69778003476175" lon="117.21541992738885">
        <ele>91.7</ele>
        <time>2023-06-11T02:06:17Z</time>
      </trkpt>
      <trkpt lat="36.69778001387907" lon="117.21541993183142">
        <ele>91.7</ele>
        <time>2023-06-11T02:06:18Z</time>
      </trkpt>
      <trkpt lat="36.69777999304773" lon="117.21541993629208">
        <ele>91.7</ele>
        <time>2023-06-11T02:06:19Z</time>
      </trkpt>
      <trkpt lat="36.69777997227239" lon="117.21541994077154">
        <ele>91.7</ele>
        <time>2023-06-11T02:06:20Z</time>
      </trkpt>
      <trkpt lat="36.69777995155773" lon="117.21541994526945">
        <ele>91.7</ele>
        <time>2023-06-11T02:06:21Z</time>
      </trkpt>
      <trkpt lat="36.69777993090841" lon="117.21541994978531">
        <ele>91.7</ele>
        <time>2023-06-11T02:06:22Z</time>
      </trkpt>
      <trkpt lat="36.69777991032754" lon="117.21541995431868">
        <ele>91.7</ele>
        <time>2023-06-11T02:06:23Z</time>
      </trkpt>
      <trkpt lat="36.69777988981667" lon="117.21541995886889">
        <ele>91.7</ele>
        <time>2023-06-11T02:06:24Z</time>
      </trkpt>
      <trkpt lat="36.697779869369576" lon="117.21541996343173">
        <ele>91.7</ele>
        <time>2023-06-11T02:06:25Z</time>
      </trkpt>
      <trkpt lat="36.697779848976936" lon="117.21541996800451">
        <ele>91.7</ele>
        <time>2023-06-11T02:06:26Z</time>
      </trkpt>
      <trkpt lat="36.697779828634054" lon="117.21541997258493">
        <ele>91.7</ele>
        <time>2023-06-11T02:06:27Z</time>
      </trkpt>
      <trkpt lat="36.69777980833319" lon="117.21541997717104">
        <ele>91.7</ele>
        <time>2023-06-11T02:06:28Z</time>
      </trkpt>
      <trkpt lat="36.6977797880681" lon="117.21541998176127">
        <ele>91.8</ele>
        <time>2023-06-11T02:06:29Z</time>
      </trkpt>
      <trkpt lat="36.6977797678341" lon="117.21541998635445">
        <ele>91.8</ele>
        <time>2023-06-11T02:06:30Z</time>
      </trkpt>
      <trkpt lat="36.697779747625" lon="117.21541999094943">
        <ele>91.8</ele>
        <time>2023-06-11T02:06:31Z</time>
      </trkpt>
      <trkpt lat="36.69777972744078" lon="117.21541999554563">
        <ele>91.8</ele>
        <time>2023-06-11T02:06:32Z</time>
      </trkpt>
      <trkpt lat="36.697779707278336" lon="117.21542000014219">
        <ele>91.8</ele>
        <time>2023-06-11T02:06:33Z</time>
      </trkpt>
      <trkpt lat="36.697779687134556" lon="117.21542000473849">
        <ele>91.8</ele>
        <time>2023-06-11T02:06:34Z</time>
      </trkpt>
      <trkpt lat="36.697779667007886" lon="117.21542000933407">
        <ele>91.8</ele>
        <time>2023-06-11T02:06:35Z</time>
      </trkpt>
      <trkpt lat="36.697779646895206" lon="117.21542001392844">
        <ele>91.8</ele>
        <time>2023-06-11T02:06:36Z</time>
      </trkpt>
      <trkpt lat="36.697779626794976" lon="117.21542001852123">
        <ele>91.8</ele>
        <time>2023-06-11T02:06:37Z</time>
      </trkpt>
      <trkpt lat="36.697779606705616" lon="117.21542002311203">
        <ele>91.8</ele>
        <time>2023-06-11T02:06:38Z</time>
      </trkpt>
      <trkpt lat="36.6977795866287" lon="117.21542002770082">
        <ele>91.7</ele>
        <time>2023-06-11T02:06:39Z</time>
      </trkpt>
      <trkpt lat="36.697779566565785" lon="117.21542003228704">
        <ele>91.7</ele>
        <time>2023-06-11T02:06:40Z</time>
      </trkpt>
      <trkpt lat="36.69777954651375" lon="117.21542003687023">
        <ele>91.7</ele>
        <time>2023-06-11T02:06:41Z</time>
      </trkpt>
      <trkpt lat="36.69777952647571" lon="117.21542004145014">
        <ele>91.7</ele>
        <time>2023-06-11T02:06:42Z</time>
      </trkpt>
      <trkpt lat="36.697779506446224" lon="117.21542004602617">
        <ele>91.7</ele>
        <time>2023-06-11T02:06:43Z</time>
      </trkpt>
      <trkpt lat="36.69777948642451" lon="117.21542005059807">
        <ele>91.7</ele>
        <time>2023-06-11T02:06:44Z</time>
      </trkpt>
      <trkpt lat="36.69777946640823" lon="117.21542005516582">
        <ele>91.7</ele>
        <time>2023-06-11T02:06:45Z</time>
      </trkpt>
      <trkpt lat="36.697779446395835" lon="117.21542005972958">
        <ele>91.7</ele>
        <time>2023-06-11T02:06:46Z</time>
      </trkpt>
      <trkpt lat="36.697779426388095" lon="117.21542006428957">
        <ele>91.7</ele>
        <time>2023-06-11T02:06:47Z</time>
      </trkpt>
      <trkpt lat="36.69777940638425" lon="117.21542006884617">
        <ele>91.7</ele>
        <time>2023-06-11T02:06:48Z</time>
      </trkpt>
      <trkpt lat="36.69777938638274" lon="117.21542007339986">
        <ele>91.7</ele>
        <time>2023-06-11T02:06:49Z</time>
      </trkpt>
      <trkpt lat="36.697779366381994" lon="117.21542007795026">
        <ele>91.7</ele>
        <time>2023-06-11T02:06:50Z</time>
      </trkpt>
      <trkpt lat="36.697779346380464" lon="117.21542008249739">
        <ele>91.7</ele>
        <time>2023-06-11T02:06:51Z</time>
      </trkpt>
      <trkpt lat="36.69777932637972" lon="117.21542008704121">
        <ele>91.7</ele>
        <time>2023-06-11T02:06:52Z</time>
      </trkpt>
      <trkpt lat="36.69777930637819" lon="117.21542009158166">
        <ele>91.7</ele>
        <time>2023-06-11T02:06:53Z</time>
      </trkpt>
      <trkpt lat="36.69777928637665" lon="117.21542009611872">
        <ele>91.7</ele>
        <time>2023-06-11T02:06:54Z</time>
      </trkpt>
      <trkpt lat="36.69777926637433" lon="117.21542010065237">
        <ele>91.7</ele>
        <time>2023-06-11T02:06:55Z</time>
      </trkpt>
      <trkpt lat="36.69777924637123" lon="117.21542010518223">
        <ele>91.7</ele>
        <time>2023-06-11T02:06:56Z</time>
      </trkpt>
      <trkpt lat="36.69777922636736" lon="117.21542010970799">
        <ele>91.7</ele>
        <time>2023-06-11T02:06:57Z</time>
      </trkpt>
      <trkpt lat="36.69777920636192" lon="117.21542011422926">
        <ele>91.7</ele>
        <time>2023-06-11T02:06:58Z</time>
      </trkpt>
      <trkpt lat="36.69777918635493" lon="117.21542011874541">
        <ele>91.8</ele>
        <time>2023-06-11T02:06:59Z</time>
      </trkpt>
      <trkpt lat="36.697779166347146" lon="117.21542012325612">
        <ele>91.8</ele>
        <time>2023-06-11T02:07:00Z</time>
      </trkpt>
      <trkpt lat="36.69777914633781" lon="117.21542012776149">
        <ele>91.8</ele>
        <time>2023-06-11T02:07:01Z</time>
      </trkpt>
      <trkpt lat="36.6977791263269" lon="117.21542013226151">
        <ele>91.8</ele>
        <time>2023-06-11T02:07:02Z</time>
      </trkpt>
      <trkpt lat="36.69777910631444" lon="117.21542013675644">
        <ele>91.8</ele>
        <time>2023-06-11T02:07:03Z</time>
      </trkpt>
      <trkpt lat="36.69777908630043" lon="117.21542014124675">
        <ele>91.8</ele>
        <time>2023-06-11T02:07:04Z</time>
      </trkpt>
      <trkpt lat="36.697779066284845" lon="117.2154201457328">
        <ele>91.8</ele>
        <time>2023-06-11T02:07:05Z</time>
      </trkpt>
      <trkpt lat="36.697779046267705" lon="117.2154201502151">
        <ele>91.8</ele>
        <time>2023-06-11T02:07:06Z</time>
      </trkpt>
      <trkpt lat="36.69777902715167" lon="117.21542015376453">
        <ele>91.8</ele>
        <time>2023-06-11T02:07:07Z</time>
      </trkpt>
      <trkpt lat="36.69777902041254" lon="117.21542014585796">
        <ele>91.8</ele>
        <time>2023-06-11T02:07:08Z</time>
      </trkpt>
      <trkpt lat="36.69777901384756" lon="117.21542013791655">
        <ele>91.7</ele>
        <time>2023-06-11T02:07:09Z</time>
      </trkpt>
      <trkpt lat="36.69777900745673" lon="117.21542012994038">
        <ele>91.7</ele>
        <time>2023-06-11T02:07:10Z</time>
      </trkpt>
      <trkpt lat="36.697779001238516" lon="117.2154201219296">
        <ele>91.7</ele>
        <time>2023-06-11T02:07:11Z</time>
      </trkpt>
      <trkpt lat="36.69777899554795" lon="117.21542011356655">
        <ele>91.7</ele>
        <time>2023-06-11T02:07:12Z</time>
      </trkpt>
      <trkpt lat="36.697778990032305" lon="117.2154201051685">
        <ele>91.7</ele>
        <time>2023-06-11T02:07:13Z</time>
      </trkpt>
      <trkpt lat="36.6977789846916" lon="117.21542009673549">
        <ele>91.7</ele>
        <time>2023-06-11T02:07:14Z</time>
      </trkpt>
      <trkpt lat="36.697778979525054" lon="117.21542008826701">
        <ele>91.7</ele>
        <time>2023-06-11T02:07:15Z</time>
      </trkpt>
      <trkpt lat="36.69777897651101" lon="117.21542007357424">
        <ele>91.7</ele>
        <time>2023-06-11T02:07:16Z</time>
      </trkpt>
      <trkpt lat="36.697778975864296" lon="117.2154200525676">
        <ele>91.7</ele>
        <time>2023-06-11T02:07:17Z</time>
      </trkpt>
      <trkpt lat="36.69777897680049" lon="117.21542002617176">
        <ele>91.7</ele>
        <time>2023-06-11T02:07:18Z</time>
      </trkpt>
      <trkpt lat="36.697778967993386" lon="117.21542000487646">
        <ele>91.7</ele>
        <time>2023-06-11T02:07:19Z</time>
      </trkpt>
      <trkpt lat="36.697778961795265" lon="117.21541997722731">
        <ele>91.7</ele>
        <time>2023-06-11T02:07:20Z</time>
      </trkpt>
      <trkpt lat="36.697778933037625" lon="117.2154200064985">
        <ele>91.7</ele>
        <time>2023-06-11T02:07:21Z</time>
      </trkpt>
      <trkpt lat="36.69777893905794" lon="117.21541994151556">
        <ele>91.7</ele>
        <time>2023-06-11T02:07:22Z</time>
      </trkpt>
      <trkpt lat="36.69777894637061" lon="117.21541987647777">
        <ele>91.7</ele>
        <time>2023-06-11T02:07:23Z</time>
      </trkpt>
      <trkpt lat="36.697778955328396" lon="117.21541981106824">
        <ele>91.7</ele>
        <time>2023-06-11T02:07:24Z</time>
      </trkpt>
      <trkpt lat="36.697778965931256" lon="117.21541974528728">
        <ele>91.7</ele>
        <time>2023-06-11T02:07:25Z</time>
      </trkpt>
      <trkpt lat="36.69777897817998" lon="117.21541967913535">
        <ele>91.7</ele>
        <time>2023-06-11T02:07:28Z</time>
      </trkpt>
      <trkpt lat="36.69777899207459" lon="117.21541961261283">
        <ele>91.7</ele>
        <time>2023-06-11T02:07:29Z</time>
      </trkpt>
      <trkpt lat="36.69777900761507" lon="117.21541954572007">
        <ele>91.7</ele>
        <time>2023-06-11T02:07:30Z</time>
      </trkpt>
      <trkpt lat="36.69777902480218" lon="117.21541947845755">
        <ele>91.7</ele>
        <time>2023-06-11T02:07:31Z</time>
      </trkpt>
      <trkpt lat="36.69777904363596" lon="117.21541941082566">
        <ele>91.7</ele>
        <time>2023-06-11T02:07:32Z</time>
      </trkpt>
      <trkpt lat="36.69777903918237" lon="117.21541943488195">
        <ele>91.7</ele>
        <time>2023-06-11T02:07:33Z</time>
      </trkpt>
      <trkpt lat="36.69777904699477" lon="117.21541940430829">
        <ele>91.7</ele>
        <time>2023-06-11T02:07:34Z</time>
      </trkpt>
      <trkpt lat="36.69777905354402" lon="117.21541937978213">
        <ele>91.7</ele>
        <time>2023-06-11T02:07:35Z</time>
      </trkpt>
      <trkpt lat="36.6977790586805" lon="117.21541936133713">
        <ele>91.7</ele>
        <time>2023-06-11T02:07:36Z</time>
      </trkpt>
      <trkpt lat="36.697779062254526" lon="117.2154193490069">
        <ele>91.7</ele>
        <time>2023-06-11T02:07:37Z</time>
      </trkpt>
      <trkpt lat="36.69777906411638" lon="117.215419342825">
        <ele>91.7</ele>
        <time>2023-06-11T02:07:38Z</time>
      </trkpt>
      <trkpt lat="36.697779064116375" lon="117.215419342825">
        <ele>91.7</ele>
        <time>2023-06-11T02:07:39Z</time>
      </trkpt>
      <trkpt lat="36.697779064116375" lon="117.215419342825">
        <ele>91.7</ele>
        <time>2023-06-11T02:07:40Z</time>
      </trkpt>
      <trkpt lat="36.697779064116375" lon="117.215419342825">
        <ele>91.7</ele>
        <time>2023-06-11T02:07:41Z</time>
      </trkpt>
      <trkpt lat="36.697779064116375" lon="117.215419342825">
        <ele>91.7</ele>
        <time>2023-06-11T02:07:42Z</time>
      </trkpt>
      <trkpt lat="36.697779064116375" lon="117.215419342825">
        <ele>91.7</ele>
        <time>2023-06-11T02:07:43Z</time>
      </trkpt>
      <trkpt lat="36.697779064116375" lon="117.215419342825">
        <ele>91.7</ele>
        <time>2023-06-11T02:07:44Z</time>
      </trkpt>
      <trkpt lat="36.697779064116375" lon="117.215419342825">
        <ele>91.7</ele>
        <time>2023-06-11T02:07:45Z</time>
      </trkpt>
      <trkpt lat="36.697779064116375" lon="117.215419342825">
        <ele>91.7</ele>
        <time>2023-06-11T02:07:46Z</time>
      </trkpt>
      <trkpt lat="36.697779064116375" lon="117.215419342825">
        <ele>91.7</ele>
        <time>2023-06-11T02:07:47Z</time>
      </trkpt>
      <trkpt lat="36.697779064116375" lon="117.215419342825">
        <ele>91.7</ele>
        <time>2023-06-11T02:07:48Z</time>
      </trkpt>
      <trkpt lat="36.697779064116375" lon="117.215419342825">
        <ele>91.7</ele>
        <time>2023-06-11T02:07:49Z</time>
      </trkpt>
      <trkpt lat="36.697779064116375" lon="117.215419342825">
        <ele>91.7</ele>
        <time>2023-06-11T02:07:50Z</time>
      </trkpt>
      <trkpt lat="36.697779064116375" lon="117.215419342825">
        <ele>91.7</ele>
        <time>2023-06-11T02:07:51Z</time>
      </trkpt>
      <trkpt lat="36.697779064116375" lon="117.215419342825">
        <ele>91.7</ele>
        <time>2023-06-11T02:07:52Z</time>
      </trkpt>
      <trkpt lat="36.697779064116375" lon="117.215419342825">
        <ele>91.7</ele>
        <time>2023-06-11T02:07:53Z</time>
      </trkpt>
      <trkpt lat="36.697779064116375" lon="117.215419342825">
        <ele>91.7</ele>
        <time>2023-06-11T02:07:54Z</time>
      </trkpt>
      <trkpt lat="36.697779064116375" lon="117.215419342825">
        <ele>91.7</ele>
        <time>2023-06-11T02:07:55Z</time>
      </trkpt>
      <trkpt lat="36.697779064116375" lon="117.215419342825">
        <ele>91.7</ele>
        <time>2023-06-11T02:07:56Z</time>
      </trkpt>
      <trkpt lat="36.697779064116375" lon="117.215419342825">
        <ele>91.7</ele>
        <time>2023-06-11T02:07:57Z</time>
      </trkpt>
      <trkpt lat="36.697779064116375" lon="117.215419342825">
        <ele>91.7</ele>
        <time>2023-06-11T02:07:58Z</time>
      </trkpt>
      <trkpt lat="36.697779064116375" lon="117.215419342825">
        <ele>91.6</ele>
        <time>2023-06-11T02:07:59Z</time>
      </trkpt>
      <trkpt lat="36.697779064116375" lon="117.215419342825">
        <ele>91.6</ele>
        <time>2023-06-11T02:08:00Z</time>
      </trkpt>
      <trkpt lat="36.697779064116375" lon="117.215419342825">
        <ele>91.6</ele>
        <time>2023-06-11T02:08:01Z</time>
      </trkpt>
      <trkpt lat="36.697779064116375" lon="117.215419342825">
        <ele>91.6</ele>
        <time>2023-06-11T02:08:02Z</time>
      </trkpt>
      <trkpt lat="36.697779064116375" lon="117.215419342825">
        <ele>91.6</ele>
        <time>2023-06-11T02:08:03Z</time>
      </trkpt>
      <trkpt lat="36.697779064116375" lon="117.215419342825">
        <ele>91.6</ele>
        <time>2023-06-11T02:08:04Z</time>
      </trkpt>
      <trkpt lat="36.697779064116375" lon="117.215419342825">
        <ele>91.6</ele>
        <time>2023-06-11T02:08:05Z</time>
      </trkpt>
      <trkpt lat="36.697779064116375" lon="117.215419342825">
        <ele>91.6</ele>
        <time>2023-06-11T02:08:06Z</time>
      </trkpt>
      <trkpt lat="36.697779064116375" lon="117.215419342825">
        <ele>91.6</ele>
        <time>2023-06-11T02:08:07Z</time>
      </trkpt>
      <trkpt lat="36.697779064116375" lon="117.215419342825">
        <ele>91.6</ele>
        <time>2023-06-11T02:08:08Z</time>
      </trkpt>
      <trkpt lat="36.697779064116375" lon="117.215419342825">
        <ele>91.6</ele>
        <time>2023-06-11T02:08:09Z</time>
      </trkpt>
      <trkpt lat="36.697779064116375" lon="117.215419342825">
        <ele>91.6</ele>
        <time>2023-06-11T02:08:10Z</time>
      </trkpt>
      <trkpt lat="36.697779064116375" lon="117.215419342825">
        <ele>91.6</ele>
        <time>2023-06-11T02:08:11Z</time>
      </trkpt>
      <trkpt lat="36.697779064116375" lon="117.215419342825">
        <ele>91.6</ele>
        <time>2023-06-11T02:08:12Z</time>
      </trkpt>
      <trkpt lat="36.697779064116375" lon="117.215419342825">
        <ele>91.6</ele>
        <time>2023-06-11T02:08:13Z</time>
      </trkpt>
      <trkpt lat="36.697779064116375" lon="117.215419342825">
        <ele>91.6</ele>
        <time>2023-06-11T02:08:14Z</time>
      </trkpt>
      <trkpt lat="36.697779064116375" lon="117.215419342825">
        <ele>91.6</ele>
        <time>2023-06-11T02:08:15Z</time>
      </trkpt>
      <trkpt lat="36.697779064116375" lon="117.215419342825">
        <ele>91.6</ele>
        <time>2023-06-11T02:08:16Z</time>
      </trkpt>
      <trkpt lat="36.697779064116375" lon="117.215419342825">
        <ele>91.6</ele>
        <time>2023-06-11T02:08:17Z</time>
      </trkpt>
      <trkpt lat="36.697779064116375" lon="117.215419342825">
        <ele>91.6</ele>
        <time>2023-06-11T02:08:18Z</time>
      </trkpt>
      <trkpt lat="36.697779064116375" lon="117.215419342825">
        <ele>91.6</ele>
        <time>2023-06-11T02:08:19Z</time>
      </trkpt>
      <trkpt lat="36.697779064116375" lon="117.215419342825">
        <ele>91.6</ele>
        <time>2023-06-11T02:08:20Z</time>
      </trkpt>
      <trkpt lat="36.697779064116375" lon="117.215419342825">
        <ele>91.6</ele>
        <time>2023-06-11T02:08:21Z</time>
      </trkpt>
      <trkpt lat="36.697779064116375" lon="117.215419342825">
        <ele>91.6</ele>
        <time>2023-06-11T02:08:22Z</time>
      </trkpt>
      <trkpt lat="36.697779064116375" lon="117.215419342825">
        <ele>91.6</ele>
        <time>2023-06-11T02:08:23Z</time>
      </trkpt>
      <trkpt lat="36.697779064116375" lon="117.215419342825">
        <ele>91.6</ele>
        <time>2023-06-11T02:08:24Z</time>
      </trkpt>
      <trkpt lat="36.697779064116375" lon="117.215419342825">
        <ele>91.6</ele>
        <time>2023-06-11T02:08:25Z</time>
      </trkpt>
      <trkpt lat="36.697779064116375" lon="117.215419342825">
        <ele>91.6</ele>
        <time>2023-06-11T02:08:26Z</time>
      </trkpt>
      <trkpt lat="36.697779064116375" lon="117.215419342825">
        <ele>91.6</ele>
        <time>2023-06-11T02:08:27Z</time>
      </trkpt>
      <trkpt lat="36.697779064116375" lon="117.215419342825">
        <ele>91.6</ele>
        <time>2023-06-11T02:08:28Z</time>
      </trkpt>
      <trkpt lat="36.697779064116375" lon="117.215419342825">
        <ele>91.5</ele>
        <time>2023-06-11T02:08:29Z</time>
      </trkpt>
      <trkpt lat="36.697779064116375" lon="117.215419342825">
        <ele>91.5</ele>
        <time>2023-06-11T02:08:30Z</time>
      </trkpt>
      <trkpt lat="36.697779064116375" lon="117.215419342825">
        <ele>91.5</ele>
        <time>2023-06-11T02:08:31Z</time>
      </trkpt>
      <trkpt lat="36.697779064116375" lon="117.215419342825">
        <ele>91.5</ele>
        <time>2023-06-11T02:08:32Z</time>
      </trkpt>
      <trkpt lat="36.697779064116375" lon="117.215419342825">
        <ele>91.5</ele>
        <time>2023-06-11T02:08:33Z</time>
      </trkpt>
      <trkpt lat="36.697779064116375" lon="117.215419342825">
        <ele>91.5</ele>
        <time>2023-06-11T02:08:34Z</time>
      </trkpt>
      <trkpt lat="36.697779064116375" lon="117.215419342825">
        <ele>91.5</ele>
        <time>2023-06-11T02:08:35Z</time>
      </trkpt>
      <trkpt lat="36.697779064116375" lon="117.215419342825">
        <ele>91.5</ele>
        <time>2023-06-11T02:08:36Z</time>
      </trkpt>
      <trkpt lat="36.697779064116375" lon="117.215419342825">
        <ele>91.5</ele>
        <time>2023-06-11T02:08:37Z</time>
      </trkpt>
      <trkpt lat="36.697779064116375" lon="117.215419342825">
        <ele>91.5</ele>
        <time>2023-06-11T02:08:38Z</time>
      </trkpt>
      <trkpt lat="36.697779064116375" lon="117.215419342825">
        <ele>91.5</ele>
        <time>2023-06-11T02:08:39Z</time>
      </trkpt>
      <trkpt lat="36.697779064116375" lon="117.215419342825">
        <ele>91.5</ele>
        <time>2023-06-11T02:08:40Z</time>
      </trkpt>
      <trkpt lat="36.697779064116375" lon="117.215419342825">
        <ele>91.5</ele>
        <time>2023-06-11T02:08:41Z</time>
      </trkpt>
      <trkpt lat="36.697779064116375" lon="117.215419342825">
        <ele>91.5</ele>
        <time>2023-06-11T02:08:42Z</time>
      </trkpt>
      <trkpt lat="36.697779064116375" lon="117.215419342825">
        <ele>91.5</ele>
        <time>2023-06-11T02:08:43Z</time>
      </trkpt>
      <trkpt lat="36.697779064116375" lon="117.215419342825">
        <ele>91.5</ele>
        <time>2023-06-11T02:08:44Z</time>
      </trkpt>
      <trkpt lat="36.697779064116375" lon="117.215419342825">
        <ele>91.5</ele>
        <time>2023-06-11T02:08:45Z</time>
      </trkpt>
      <trkpt lat="36.697779064116375" lon="117.215419342825">
        <ele>91.5</ele>
        <time>2023-06-11T02:08:46Z</time>
      </trkpt>
      <trkpt lat="36.697779064116375" lon="117.215419342825">
        <ele>91.5</ele>
        <time>2023-06-11T02:08:47Z</time>
      </trkpt>
      <trkpt lat="36.697779064116375" lon="117.215419342825">
        <ele>91.5</ele>
        <time>2023-06-11T02:08:48Z</time>
      </trkpt>
      <trkpt lat="36.697779064116375" lon="117.215419342825">
        <ele>91.5</ele>
        <time>2023-06-11T02:08:49Z</time>
      </trkpt>
      <trkpt lat="36.697779064116375" lon="117.215419342825">
        <ele>91.5</ele>
        <time>2023-06-11T02:08:50Z</time>
      </trkpt>
      <trkpt lat="36.697779064116375" lon="117.215419342825">
        <ele>91.5</ele>
        <time>2023-06-11T02:08:51Z</time>
      </trkpt>
      <trkpt lat="36.697779064116375" lon="117.215419342825">
        <ele>91.5</ele>
        <time>2023-06-11T02:08:52Z</time>
      </trkpt>
      <trkpt lat="36.697779064116375" lon="117.215419342825">
        <ele>91.5</ele>
        <time>2023-06-11T02:08:53Z</time>
      </trkpt>
      <trkpt lat="36.697779064116375" lon="117.215419342825">
        <ele>91.5</ele>
        <time>2023-06-11T02:08:54Z</time>
      </trkpt>
      <trkpt lat="36.697779064116375" lon="117.215419342825">
        <ele>91.5</ele>
        <time>2023-06-11T02:08:55Z</time>
      </trkpt>
      <trkpt lat="36.697779064116375" lon="117.215419342825">
        <ele>91.5</ele>
        <time>2023-06-11T02:08:56Z</time>
      </trkpt>
      <trkpt lat="36.697779064116375" lon="117.215419342825">
        <ele>91.5</ele>
        <time>2023-06-11T02:08:57Z</time>
      </trkpt>
      <trkpt lat="36.697779064116375" lon="117.215419342825">
        <ele>91.5</ele>
        <time>2023-06-11T02:08:58Z</time>
      </trkpt>
      <trkpt lat="36.697779064116375" lon="117.215419342825">
        <ele>91.4</ele>
        <time>2023-06-11T02:08:59Z</time>
      </trkpt>
      <trkpt lat="36.697779064116375" lon="117.215419342825">
        <ele>91.4</ele>
        <time>2023-06-11T02:09:00Z</time>
      </trkpt>
      <trkpt lat="36.697779064116375" lon="117.215419342825">
        <ele>91.4</ele>
        <time>2023-06-11T02:09:01Z</time>
      </trkpt>
      <trkpt lat="36.697779064116375" lon="117.215419342825">
        <ele>91.4</ele>
        <time>2023-06-11T02:09:02Z</time>
      </trkpt>
      <trkpt lat="36.697779064116375" lon="117.215419342825">
        <ele>91.4</ele>
        <time>2023-06-11T02:09:03Z</time>
      </trkpt>
      <trkpt lat="36.697779064116375" lon="117.215419342825">
        <ele>91.4</ele>
        <time>2023-06-11T02:09:04Z</time>
      </trkpt>
      <trkpt lat="36.697779064116375" lon="117.215419342825">
        <ele>91.4</ele>
        <time>2023-06-11T02:09:05Z</time>
      </trkpt>
      <trkpt lat="36.697779064116375" lon="117.215419342825">
        <ele>91.4</ele>
        <time>2023-06-11T02:09:06Z</time>
      </trkpt>
      <trkpt lat="36.697779064116375" lon="117.215419342825">
        <ele>91.4</ele>
        <time>2023-06-11T02:09:07Z</time>
      </trkpt>
      <trkpt lat="36.697779064116375" lon="117.215419342825">
        <ele>91.4</ele>
        <time>2023-06-11T02:09:08Z</time>
      </trkpt>
      <trkpt lat="36.697779064116375" lon="117.215419342825">
        <ele>91.5</ele>
        <time>2023-06-11T02:09:09Z</time>
      </trkpt>
      <trkpt lat="36.697779064116375" lon="117.215419342825">
        <ele>91.5</ele>
        <time>2023-06-11T02:09:10Z</time>
      </trkpt>
      <trkpt lat="36.697779064116375" lon="117.215419342825">
        <ele>91.5</ele>
        <time>2023-06-11T02:09:11Z</time>
      </trkpt>
      <trkpt lat="36.697779064116375" lon="117.215419342825">
        <ele>91.5</ele>
        <time>2023-06-11T02:09:12Z</time>
      </trkpt>
      <trkpt lat="36.697779064116375" lon="117.215419342825">
        <ele>91.5</ele>
        <time>2023-06-11T02:09:13Z</time>
      </trkpt>
      <trkpt lat="36.697779064116375" lon="117.215419342825">
        <ele>91.5</ele>
        <time>2023-06-11T02:09:14Z</time>
      </trkpt>
      <trkpt lat="36.697779064116375" lon="117.215419342825">
        <ele>91.5</ele>
        <time>2023-06-11T02:09:15Z</time>
      </trkpt>
      <trkpt lat="36.697779064116375" lon="117.215419342825">
        <ele>91.5</ele>
        <time>2023-06-11T02:09:16Z</time>
      </trkpt>
      <trkpt lat="36.697779064116375" lon="117.215419342825">
        <ele>91.5</ele>
        <time>2023-06-11T02:09:17Z</time>
      </trkpt>
      <trkpt lat="36.697779064116375" lon="117.215419342825">
        <ele>91.5</ele>
        <time>2023-06-11T02:09:18Z</time>
      </trkpt>
      <trkpt lat="36.697779064116375" lon="117.215419342825">
        <ele>91.5</ele>
        <time>2023-06-11T02:09:19Z</time>
      </trkpt>
      <trkpt lat="36.697779064116375" lon="117.215419342825">
        <ele>91.5</ele>
        <time>2023-06-11T02:09:20Z</time>
      </trkpt>
      <trkpt lat="36.697779064116375" lon="117.215419342825">
        <ele>91.5</ele>
        <time>2023-06-11T02:09:21Z</time>
      </trkpt>
      <trkpt lat="36.697779064116375" lon="117.215419342825">
        <ele>91.5</ele>
        <time>2023-06-11T02:09:22Z</time>
      </trkpt>
      <trkpt lat="36.697779064116375" lon="117.215419342825">
        <ele>91.5</ele>
        <time>2023-06-11T02:09:23Z</time>
      </trkpt>
      <trkpt lat="36.697779064116375" lon="117.215419342825">
        <ele>91.5</ele>
        <time>2023-06-11T02:09:24Z</time>
      </trkpt>
      <trkpt lat="36.697779064116375" lon="117.215419342825">
        <ele>91.5</ele>
        <time>2023-06-11T02:09:25Z</time>
      </trkpt>
      <trkpt lat="36.697779064116375" lon="117.215419342825">
        <ele>91.5</ele>
        <time>2023-06-11T02:09:26Z</time>
      </trkpt>
      <trkpt lat="36.697779064116375" lon="117.215419342825">
        <ele>91.5</ele>
        <time>2023-06-11T02:09:27Z</time>
      </trkpt>
      <trkpt lat="36.697779064116375" lon="117.215419342825">
        <ele>91.5</ele>
        <time>2023-06-11T02:09:28Z</time>
      </trkpt>
      <trkpt lat="36.697779064116375" lon="117.215419342825">
        <ele>91.5</ele>
        <time>2023-06-11T02:09:29Z</time>
      </trkpt>
      <trkpt lat="36.697779064116375" lon="117.215419342825">
        <ele>91.5</ele>
        <time>2023-06-11T02:09:30Z</time>
      </trkpt>
      <trkpt lat="36.697779064116375" lon="117.215419342825">
        <ele>91.5</ele>
        <time>2023-06-11T02:09:31Z</time>
      </trkpt>
      <trkpt lat="36.697779064116375" lon="117.215419342825">
        <ele>91.5</ele>
        <time>2023-06-11T02:09:32Z</time>
      </trkpt>
      <trkpt lat="36.697779064116375" lon="117.215419342825">
        <ele>91.5</ele>
        <time>2023-06-11T02:09:33Z</time>
      </trkpt>
      <trkpt lat="36.697779064116375" lon="117.215419342825">
        <ele>91.5</ele>
        <time>2023-06-11T02:09:34Z</time>
      </trkpt>
      <trkpt lat="36.697779064116375" lon="117.215419342825">
        <ele>91.5</ele>
        <time>2023-06-11T02:09:35Z</time>
      </trkpt>
      <trkpt lat="36.697779064116375" lon="117.215419342825">
        <ele>91.5</ele>
        <time>2023-06-11T02:09:36Z</time>
      </trkpt>
      <trkpt lat="36.697779064116375" lon="117.215419342825">
        <ele>91.5</ele>
        <time>2023-06-11T02:09:37Z</time>
      </trkpt>
      <trkpt lat="36.697779064116375" lon="117.215419342825">
        <ele>91.5</ele>
        <time>2023-06-11T02:09:38Z</time>
      </trkpt>
      <trkpt lat="36.697779064116375" lon="117.215419342825">
        <ele>91.5</ele>
        <time>2023-06-11T02:09:39Z</time>
      </trkpt>
      <trkpt lat="36.697779064116375" lon="117.215419342825">
        <ele>91.5</ele>
        <time>2023-06-11T02:09:40Z</time>
      </trkpt>
      <trkpt lat="36.697779064116375" lon="117.215419342825">
        <ele>91.5</ele>
        <time>2023-06-11T02:09:41Z</time>
      </trkpt>
      <trkpt lat="36.697779064116375" lon="117.215419342825">
        <ele>91.5</ele>
        <time>2023-06-11T02:09:42Z</time>
      </trkpt>
      <trkpt lat="36.697779064116375" lon="117.215419342825">
        <ele>91.5</ele>
        <time>2023-06-11T02:09:43Z</time>
      </trkpt>
      <trkpt lat="36.697779064116375" lon="117.215419342825">
        <ele>91.5</ele>
        <time>2023-06-11T02:09:44Z</time>
      </trkpt>
      <trkpt lat="36.697779064116375" lon="117.215419342825">
        <ele>91.5</ele>
        <time>2023-06-11T02:09:45Z</time>
      </trkpt>
      <trkpt lat="36.697779064116375" lon="117.215419342825">
        <ele>91.5</ele>
        <time>2023-06-11T02:09:46Z</time>
      </trkpt>
      <trkpt lat="36.697779064116375" lon="117.215419342825">
        <ele>91.5</ele>
        <time>2023-06-11T02:09:47Z</time>
      </trkpt>
      <trkpt lat="36.697779064116375" lon="117.215419342825">
        <ele>91.5</ele>
        <time>2023-06-11T02:09:48Z</time>
      </trkpt>
      <trkpt lat="36.697779064116375" lon="117.215419342825">
        <ele>91.5</ele>
        <time>2023-06-11T02:09:49Z</time>
      </trkpt>
      <trkpt lat="36.697779064116375" lon="117.215419342825">
        <ele>91.5</ele>
        <time>2023-06-11T02:09:50Z</time>
      </trkpt>
      <trkpt lat="36.697779064116375" lon="117.215419342825">
        <ele>91.5</ele>
        <time>2023-06-11T02:09:51Z</time>
      </trkpt>
      <trkpt lat="36.697779064116375" lon="117.215419342825">
        <ele>91.5</ele>
        <time>2023-06-11T02:09:52Z</time>
      </trkpt>
      <trkpt lat="36.697779064116375" lon="117.215419342825">
        <ele>91.5</ele>
        <time>2023-06-11T02:09:53Z</time>
      </trkpt>
      <trkpt lat="36.697779064116375" lon="117.215419342825">
        <ele>91.5</ele>
        <time>2023-06-11T02:09:54Z</time>
      </trkpt>
      <trkpt lat="36.697779064116375" lon="117.215419342825">
        <ele>91.5</ele>
        <time>2023-06-11T02:09:55Z</time>
      </trkpt>
      <trkpt lat="36.697779064116375" lon="117.215419342825">
        <ele>91.5</ele>
        <time>2023-06-11T02:09:56Z</time>
      </trkpt>
      <trkpt lat="36.697779064116375" lon="117.215419342825">
        <ele>91.5</ele>
        <time>2023-06-11T02:09:57Z</time>
      </trkpt>
      <trkpt lat="36.697779064116375" lon="117.215419342825">
        <ele>91.5</ele>
        <time>2023-06-11T02:09:58Z</time>
      </trkpt>
      <trkpt lat="36.697779064116375" lon="117.215419342825">
        <ele>91.6</ele>
        <time>2023-06-11T02:09:59Z</time>
      </trkpt>
      <trkpt lat="36.697779064116375" lon="117.215419342825">
        <ele>91.6</ele>
        <time>2023-06-11T02:10:00Z</time>
      </trkpt>
      <trkpt lat="36.697779064116375" lon="117.215419342825">
        <ele>91.6</ele>
        <time>2023-06-11T02:10:01Z</time>
      </trkpt>
      <trkpt lat="36.697779064116375" lon="117.215419342825">
        <ele>91.6</ele>
        <time>2023-06-11T02:10:02Z</time>
      </trkpt>
      <trkpt lat="36.697779064116375" lon="117.215419342825">
        <ele>91.6</ele>
        <time>2023-06-11T02:10:03Z</time>
      </trkpt>
      <trkpt lat="36.697779064116375" lon="117.215419342825">
        <ele>91.6</ele>
        <time>2023-06-11T02:10:04Z</time>
      </trkpt>
      <trkpt lat="36.697779064116375" lon="117.215419342825">
        <ele>91.6</ele>
        <time>2023-06-11T02:10:05Z</time>
      </trkpt>
      <trkpt lat="36.697779064116375" lon="117.215419342825">
        <ele>91.6</ele>
        <time>2023-06-11T02:10:06Z</time>
      </trkpt>
      <trkpt lat="36.697779064116375" lon="117.215419342825">
        <ele>91.6</ele>
        <time>2023-06-11T02:10:07Z</time>
      </trkpt>
      <trkpt lat="36.697779064116375" lon="117.215419342825">
        <ele>91.6</ele>
        <time>2023-06-11T02:10:08Z</time>
      </trkpt>
      <trkpt lat="36.69777906411637" lon="117.21541934282502">
        <ele>91.8</ele>
        <time>2023-06-11T02:10:09Z</time>
      </trkpt>
      <trkpt lat="36.69777906411637" lon="117.21541934282502">
        <ele>91.8</ele>
        <time>2023-06-11T02:10:10Z</time>
      </trkpt>
      <trkpt lat="36.69777906411637" lon="117.21541934282502">
        <ele>91.8</ele>
        <time>2023-06-11T02:10:11Z</time>
      </trkpt>
      <trkpt lat="36.69777906411637" lon="117.21541934282502">
        <ele>91.8</ele>
        <time>2023-06-11T02:10:12Z</time>
      </trkpt>
    </trkseg>
  </trk>
</gpx>