<?xml version="1.0" encoding="UTF-8"?>
<gpx xmlns="http://www.topografix.com/GPX/1/1" xmlns:gpxtpx="http://www.garmin.com/xmlschemas/TrackPointExtension/v1" xmlns:xsi="http://www.w3.org/2001/XMLSchema-instance" xsi:schemaLocation="http://www.topografix.com/GPX/1/1 http://www.topografix.com/GPX/1/1/gpx.xsd" version="1.1" creator="gpx.py -- https://github.com/tkrajina/gpxpy">
  <trk>
    <name>gpx from codoon</name>
    <type>Run</type>
    <trkseg>
      <trkpt lat="42.48669732740782" lon="117.28031783699124">
        <ele>1486.4</ele>
        <time>2023-08-09T22:05:47Z</time>
      </trkpt>
      <trkpt lat="42.48670091481322" lon="117.28026907094142">
        <ele>1486.4</ele>
        <time>2023-08-09T22:05:48Z</time>
      </trkpt>
      <trkpt lat="42.48670157682452" lon="117.2802653702341">
        <ele>1486.4</ele>
        <time>2023-08-09T22:05:49Z</time>
      </trkpt>
      <trkpt lat="42.486702501123794" lon="117.28026189739352">
        <ele>1486.4</ele>
        <time>2023-08-09T22:05:50Z</time>
      </trkpt>
      <trkpt lat="42.4867036129381" lon="117.28025755021173">
        <ele>1486.4</ele>
        <time>2023-08-09T22:05:51Z</time>
      </trkpt>
      <trkpt lat="42.48670448034994" lon="117.28025256128326">
        <ele>1486.7</ele>
        <time>2023-08-09T22:05:52Z</time>
      </trkpt>
      <trkpt lat="42.48670624555347" lon="117.28024120701713">
        <ele>1486.7</ele>
        <time>2023-08-09T22:05:53Z</time>
      </trkpt>
      <trkpt lat="42.4867085388374" lon="117.28023266747303">
        <ele>1486.7</ele>
        <time>2023-08-09T22:05:54Z</time>
      </trkpt>
      <trkpt lat="42.48671049415481" lon="117.2802245661062">
        <ele>1486.7</ele>
        <time>2023-08-09T22:05:55Z</time>
      </trkpt>
      <trkpt lat="42.486712032154145" lon="117.28021634892703">
        <ele>1486.7</ele>
        <time>2023-08-09T22:05:56Z</time>
      </trkpt>
      <trkpt lat="42.48671314808752" lon="117.28020851164625">
        <ele>1486.7</ele>
        <time>2023-08-09T22:05:57Z</time>
      </trkpt>
      <trkpt lat="42.48671427368954" lon="117.28020067156241">
        <ele>1486.7</ele>
        <time>2023-08-09T22:05:58Z</time>
      </trkpt>
      <trkpt lat="42.4867146349147" lon="117.2801937067022">
        <ele>1486.7</ele>
        <time>2023-08-09T22:05:59Z</time>
      </trkpt>
      <trkpt lat="42.486715098814855" lon="117.28018522970285">
        <ele>1486.7</ele>
        <time>2023-08-09T22:06:00Z</time>
      </trkpt>
      <trkpt lat="42.48671524386962" lon="117.28017662171544">
        <ele>1486.7</ele>
        <time>2023-08-09T22:06:01Z</time>
      </trkpt>
      <trkpt lat="42.486715758851226" lon="117.28016637187909">
        <ele>1486.4</ele>
        <time>2023-08-09T22:06:02Z</time>
      </trkpt>
      <trkpt lat="42.486716530444504" lon="117.28015579312338">
        <ele>1486.4</ele>
        <time>2023-08-09T22:06:03Z</time>
      </trkpt>
      <trkpt lat="42.48671777456515" lon="117.28014437880145">
        <ele>1486.4</ele>
        <time>2023-08-09T22:06:04Z</time>
      </trkpt>
      <trkpt lat="42.486719751649915" lon="117.28013143467753">
        <ele>1486.4</ele>
        <time>2023-08-09T22:06:05Z</time>
      </trkpt>
      <trkpt lat="42.486721762637664" lon="117.28011838354648">
        <ele>1486.4</ele>
        <time>2023-08-09T22:06:06Z</time>
      </trkpt>
      <trkpt lat="42.48672322851848" lon="117.28010530142292">
        <ele>1486.4</ele>
        <time>2023-08-09T22:06:07Z</time>
      </trkpt>
      <trkpt lat="42.48672456445846" lon="117.2800919900129">
        <ele>1486.4</ele>
        <time>2023-08-09T22:06:08Z</time>
      </trkpt>
      <trkpt lat="42.48672588038676" lon="117.2800774841304">
        <ele>1486.4</ele>
        <time>2023-08-09T22:06:09Z</time>
      </trkpt>
      <trkpt lat="42.48672704423097" lon="117.28006273289598">
        <ele>1486.4</ele>
        <time>2023-08-09T22:06:10Z</time>
      </trkpt>
      <trkpt lat="42.48672820550873" lon="117.28004733461026">
        <ele>1486.4</ele>
        <time>2023-08-09T22:06:11Z</time>
      </trkpt>
      <trkpt lat="42.48672956835541" lon="117.28003101135711">
        <ele>1486.2</ele>
        <time>2023-08-09T22:06:12Z</time>
      </trkpt>
      <trkpt lat="42.48673164350871" lon="117.28001254308913">
        <ele>1486.2</ele>
        <time>2023-08-09T22:06:13Z</time>
      </trkpt>
      <trkpt lat="42.486733873624054" lon="117.279992661027">
        <ele>1486.2</ele>
        <time>2023-08-09T22:06:14Z</time>
      </trkpt>
      <trkpt lat="42.48673622857905" lon="117.27997107003537">
        <ele>1486.2</ele>
        <time>2023-08-09T22:06:15Z</time>
      </trkpt>
      <trkpt lat="42.48673883443247" lon="117.27994758609356">
        <ele>1486.2</ele>
        <time>2023-08-09T22:06:16Z</time>
      </trkpt>
      <trkpt lat="42.486741681533374" lon="117.27992255860833">
        <ele>1486.2</ele>
        <time>2023-08-09T22:06:17Z</time>
      </trkpt>
      <trkpt lat="42.486744751582414" lon="117.2798961473299">
        <ele>1486.2</ele>
        <time>2023-08-09T22:06:18Z</time>
      </trkpt>
      <trkpt lat="42.48674812188932" lon="117.27986795000177">
        <ele>1486.2</ele>
        <time>2023-08-09T22:06:19Z</time>
      </trkpt>
      <trkpt lat="42.48675151944062" lon="117.27983993966252">
        <ele>1486.2</ele>
        <time>2023-08-09T22:06:20Z</time>
      </trkpt>
      <trkpt lat="42.48675490495433" lon="117.27981243026895">
        <ele>1486.2</ele>
        <time>2023-08-09T22:06:21Z</time>
      </trkpt>
      <trkpt lat="42.4867579860519" lon="117.2797856476594">
        <ele>1486.5</ele>
        <time>2023-08-09T22:06:22Z</time>
      </trkpt>
      <trkpt lat="42.48676054995523" lon="117.27975945103307">
        <ele>1486.5</ele>
        <time>2023-08-09T22:06:23Z</time>
      </trkpt>
      <trkpt lat="42.48676236449721" lon="117.27973391999527">
        <ele>1486.5</ele>
        <time>2023-08-09T22:06:24Z</time>
      </trkpt>
      <trkpt lat="42.486763220090666" lon="117.2797101816401">
        <ele>1486.5</ele>
        <time>2023-08-09T22:06:25Z</time>
      </trkpt>
      <trkpt lat="42.486763660886815" lon="117.27968656937414">
        <ele>1486.5</ele>
        <time>2023-08-09T22:06:26Z</time>
      </trkpt>
      <trkpt lat="42.486763764261134" lon="117.27966139243436">
        <ele>1486.5</ele>
        <time>2023-08-09T22:06:27Z</time>
      </trkpt>
      <trkpt lat="42.486763679226726" lon="117.27963578875773">
        <ele>1486.5</ele>
        <time>2023-08-09T22:06:28Z</time>
      </trkpt>
      <trkpt lat="42.4867635471143" lon="117.27960954002552">
        <ele>1486.5</ele>
        <time>2023-08-09T22:06:29Z</time>
      </trkpt>
      <trkpt lat="42.48676334141616" lon="117.27958324738789">
        <ele>1486.5</ele>
        <time>2023-08-09T22:06:30Z</time>
      </trkpt>
      <trkpt lat="42.48676350511202" lon="117.27955515863454">
        <ele>1486.5</ele>
        <time>2023-08-09T22:06:31Z</time>
      </trkpt>
      <trkpt lat="42.486763918819335" lon="117.27952671053875">
        <ele>1486.7</ele>
        <time>2023-08-09T22:06:32Z</time>
      </trkpt>
      <trkpt lat="42.48676433434456" lon="117.27949808303322">
        <ele>1486.7</ele>
        <time>2023-08-09T22:06:33Z</time>
      </trkpt>
      <trkpt lat="42.4867646914841" lon="117.27946928172607">
        <ele>1486.7</ele>
        <time>2023-08-09T22:06:34Z</time>
      </trkpt>
      <trkpt lat="42.48676525113241" lon="117.27944031530701">
        <ele>1486.7</ele>
        <time>2023-08-09T22:06:35Z</time>
      </trkpt>
      <trkpt lat="42.48676658696645" lon="117.2794103325287">
        <ele>1486.7</ele>
        <time>2023-08-09T22:06:36Z</time>
      </trkpt>
      <trkpt lat="42.48676869122732" lon="117.27937960389906">
        <ele>1486.7</ele>
        <time>2023-08-09T22:06:37Z</time>
      </trkpt>
      <trkpt lat="42.486771204884995" lon="117.27934787098454">
        <ele>1486.7</ele>
        <time>2023-08-09T22:06:38Z</time>
      </trkpt>
      <trkpt lat="42.48677432826442" lon="117.27931789339507">
        <ele>1486.7</ele>
        <time>2023-08-09T22:06:39Z</time>
      </trkpt>
      <trkpt lat="42.48677814281323" lon="117.27928744000117">
        <ele>1486.7</ele>
        <time>2023-08-09T22:06:40Z</time>
      </trkpt>
      <trkpt lat="42.486782608291506" lon="117.27925682552004">
        <ele>1486.7</ele>
        <time>2023-08-09T22:06:41Z</time>
      </trkpt>
      <trkpt lat="42.48678740389565" lon="117.2792260532435">
        <ele>1487.5</ele>
        <time>2023-08-09T22:06:42Z</time>
      </trkpt>
      <trkpt lat="42.486792200087336" lon="117.27919656484369">
        <ele>1487.5</ele>
        <time>2023-08-09T22:06:43Z</time>
      </trkpt>
      <trkpt lat="42.48679729699718" lon="117.27916712241702">
        <ele>1487.5</ele>
        <time>2023-08-09T22:06:44Z</time>
      </trkpt>
      <trkpt lat="42.486802998697954" lon="117.27913526116062">
        <ele>1487.5</ele>
        <time>2023-08-09T22:06:45Z</time>
      </trkpt>
      <trkpt lat="42.48680868878086" lon="117.27910317422432">
        <ele>1487.5</ele>
        <time>2023-08-09T22:06:46Z</time>
      </trkpt>
      <trkpt lat="42.48681414333571" lon="117.27907055215489">
        <ele>1487.5</ele>
        <time>2023-08-09T22:06:47Z</time>
      </trkpt>
      <trkpt lat="42.48681934923226" lon="117.27903787930494">
        <ele>1487.5</ele>
        <time>2023-08-09T22:06:48Z</time>
      </trkpt>
      <trkpt lat="42.48682450644763" lon="117.27900396017466">
        <ele>1487.5</ele>
        <time>2023-08-09T22:06:49Z</time>
      </trkpt>
      <trkpt lat="42.486829430345594" lon="117.27897019696667">
        <ele>1487.5</ele>
        <time>2023-08-09T22:06:50Z</time>
      </trkpt>
      <trkpt lat="42.486833731982074" lon="117.27893777396162">
        <ele>1487.5</ele>
        <time>2023-08-09T22:06:51Z</time>
      </trkpt>
      <trkpt lat="42.486838387877164" lon="117.27890186262401">
        <ele>1488.1</ele>
        <time>2023-08-09T22:06:53Z</time>
      </trkpt>
      <trkpt lat="42.486842889903734" lon="117.27886689073696">
        <ele>1488.1</ele>
        <time>2023-08-09T22:06:54Z</time>
      </trkpt>
      <trkpt lat="42.48684733078103" lon="117.27883268779199">
        <ele>1488.1</ele>
        <time>2023-08-09T22:06:55Z</time>
      </trkpt>
      <trkpt lat="42.48685168493269" lon="117.27879914329709">
        <ele>1488.1</ele>
        <time>2023-08-09T22:06:56Z</time>
      </trkpt>
      <trkpt lat="42.48685612351023" lon="117.27876650666619">
        <ele>1488.1</ele>
        <time>2023-08-09T22:06:57Z</time>
      </trkpt>
      <trkpt lat="42.48686073660036" lon="117.2787351012276">
        <ele>1488.1</ele>
        <time>2023-08-09T22:06:58Z</time>
      </trkpt>
      <trkpt lat="42.48686517939365" lon="117.27870752916941">
        <ele>1488.1</ele>
        <time>2023-08-09T22:06:59Z</time>
      </trkpt>
      <trkpt lat="42.486870316763536" lon="117.27868107302945">
        <ele>1488.1</ele>
        <time>2023-08-09T22:07:00Z</time>
      </trkpt>
      <trkpt lat="42.48687650735832" lon="117.27865570905983">
        <ele>1488.1</ele>
        <time>2023-08-09T22:07:01Z</time>
      </trkpt>
      <trkpt lat="42.486883195973896" lon="117.27863182924727">
        <ele>1488.7</ele>
        <time>2023-08-09T22:07:02Z</time>
      </trkpt>
      <trkpt lat="42.486891069550914" lon="117.27860985958118">
        <ele>1488.7</ele>
        <time>2023-08-09T22:07:03Z</time>
      </trkpt>
      <trkpt lat="42.48690104516979" lon="117.2785905926495">
        <ele>1488.7</ele>
        <time>2023-08-09T22:07:04Z</time>
      </trkpt>
      <trkpt lat="42.486913909473216" lon="117.27857554423801">
        <ele>1488.7</ele>
        <time>2023-08-09T22:07:05Z</time>
      </trkpt>
      <trkpt lat="42.4869304736736" lon="117.27856387706808">
        <ele>1488.7</ele>
        <time>2023-08-09T22:07:06Z</time>
      </trkpt>
      <trkpt lat="42.48694946575364" lon="117.27855498708945">
        <ele>1488.7</ele>
        <time>2023-08-09T22:07:07Z</time>
      </trkpt>
      <trkpt lat="42.486971446186786" lon="117.27854953638993">
        <ele>1488.7</ele>
        <time>2023-08-09T22:07:08Z</time>
      </trkpt>
      <trkpt lat="42.486995638309914" lon="117.27854537340087">
        <ele>1488.7</ele>
        <time>2023-08-09T22:07:09Z</time>
      </trkpt>
      <trkpt lat="42.487024137803765" lon="117.27854149553364">
        <ele>1488.7</ele>
        <time>2023-08-09T22:07:11Z</time>
      </trkpt>
      <trkpt lat="42.48705309615501" lon="117.27853736471542">
        <ele>1489.3</ele>
        <time>2023-08-09T22:07:12Z</time>
      </trkpt>
      <trkpt lat="42.487082965432165" lon="117.27853179091258">
        <ele>1489.3</ele>
        <time>2023-08-09T22:07:13Z</time>
      </trkpt>
      <trkpt lat="42.4871118985599" lon="117.27852558448556">
        <ele>1489.3</ele>
        <time>2023-08-09T22:07:14Z</time>
      </trkpt>
      <trkpt lat="42.48713872472737" lon="117.27851946615216">
        <ele>1489.3</ele>
        <time>2023-08-09T22:07:15Z</time>
      </trkpt>
      <trkpt lat="42.48716572225576" lon="117.27851235261656">
        <ele>1489.3</ele>
        <time>2023-08-09T22:07:16Z</time>
      </trkpt>
      <trkpt lat="42.48718906237577" lon="117.2785047375075">
        <ele>1489.3</ele>
        <time>2023-08-09T22:07:17Z</time>
      </trkpt>
      <trkpt lat="42.48721167497306" lon="117.27849667832537">
        <ele>1489.3</ele>
        <time>2023-08-09T22:07:18Z</time>
      </trkpt>
      <trkpt lat="42.48723329309387" lon="117.27848820681744">
        <ele>1489.3</ele>
        <time>2023-08-09T22:07:19Z</time>
      </trkpt>
      <trkpt lat="42.48725523589844" lon="117.27847952781956">
        <ele>1489.3</ele>
        <time>2023-08-09T22:07:20Z</time>
      </trkpt>
      <trkpt lat="42.487278736242224" lon="117.27846999455292">
        <ele>1489.3</ele>
        <time>2023-08-09T22:07:21Z</time>
      </trkpt>
      <trkpt lat="42.487302897794365" lon="117.27846033487923">
        <ele>1489.9</ele>
        <time>2023-08-09T22:07:22Z</time>
      </trkpt>
      <trkpt lat="42.487327448168536" lon="117.27845049525227">
        <ele>1489.9</ele>
        <time>2023-08-09T22:07:23Z</time>
      </trkpt>
      <trkpt lat="42.487352350925654" lon="117.27844055508947">
        <ele>1489.9</ele>
        <time>2023-08-09T22:07:24Z</time>
      </trkpt>
      <trkpt lat="42.48737625942846" lon="117.2784310922828">
        <ele>1489.9</ele>
        <time>2023-08-09T22:07:25Z</time>
      </trkpt>
      <trkpt lat="42.48740186069319" lon="117.27842110938418">
        <ele>1489.9</ele>
        <time>2023-08-09T22:07:26Z</time>
      </trkpt>
      <trkpt lat="42.48742755237969" lon="117.27841123556057">
        <ele>1489.9</ele>
        <time>2023-08-09T22:07:27Z</time>
      </trkpt>
      <trkpt lat="42.48745493061894" lon="117.27840089947446">
        <ele>1489.9</ele>
        <time>2023-08-09T22:07:29Z</time>
      </trkpt>
      <trkpt lat="42.48748196071377" lon="117.27839082225654">
        <ele>1489.9</ele>
        <time>2023-08-09T22:07:30Z</time>
      </trkpt>
      <trkpt lat="42.48750859004758" lon="117.27838099295992">
        <ele>1489.9</ele>
        <time>2023-08-09T22:07:31Z</time>
      </trkpt>
      <trkpt lat="42.487536087912304" lon="117.27837089751536">
        <ele>1489.5</ele>
        <time>2023-08-09T22:07:32Z</time>
      </trkpt>
      <trkpt lat="42.48756169928955" lon="117.2783615517272">
        <ele>1489.5</ele>
        <time>2023-08-09T22:07:33Z</time>
      </trkpt>
      <trkpt lat="42.48758693579742" lon="117.27835236477976">
        <ele>1489.5</ele>
        <time>2023-08-09T22:07:34Z</time>
      </trkpt>
      <trkpt lat="42.48761006862966" lon="117.27834394046904">
        <ele>1489.5</ele>
        <time>2023-08-09T22:07:35Z</time>
      </trkpt>
      <trkpt lat="42.487632909991504" lon="117.27833562039305">
        <ele>1489.5</ele>
        <time>2023-08-09T22:07:36Z</time>
      </trkpt>
      <trkpt lat="42.48765548997407" lon="117.27832739909509">
        <ele>1489.5</ele>
        <time>2023-08-09T22:07:37Z</time>
      </trkpt>
      <trkpt lat="42.48767661193327" lon="117.27831973658698">
        <ele>1489.5</ele>
        <time>2023-08-09T22:07:38Z</time>
      </trkpt>
      <trkpt lat="42.487698751828" lon="117.27831172119654">
        <ele>1489.5</ele>
        <time>2023-08-09T22:07:39Z</time>
      </trkpt>
      <trkpt lat="42.487720515697106" lon="117.2783038796308">
        <ele>1489.5</ele>
        <time>2023-08-09T22:07:40Z</time>
      </trkpt>
      <trkpt lat="42.48774082324461" lon="117.27829666638048">
        <ele>1489.5</ele>
        <time>2023-08-09T22:07:41Z</time>
      </trkpt>
      <trkpt lat="42.48776080747332" lon="117.2782896246036">
        <ele>1490.6</ele>
        <time>2023-08-09T22:07:42Z</time>
      </trkpt>
      <trkpt lat="42.48778149333605" lon="117.27828230186968">
        <ele>1490.6</ele>
        <time>2023-08-09T22:07:43Z</time>
      </trkpt>
      <trkpt lat="42.48780146186359" lon="117.27827514940145">
        <ele>1490.6</ele>
        <time>2023-08-09T22:07:44Z</time>
      </trkpt>
      <trkpt lat="42.487819460301594" lon="117.27826861090821">
        <ele>1490.6</ele>
        <time>2023-08-09T22:07:45Z</time>
      </trkpt>
      <trkpt lat="42.487839789260065" lon="117.2782616936422">
        <ele>1490.6</ele>
        <time>2023-08-09T22:07:47Z</time>
      </trkpt>
      <trkpt lat="42.48785821396918" lon="117.27825541399359">
        <ele>1490.6</ele>
        <time>2023-08-09T22:07:48Z</time>
      </trkpt>
      <trkpt lat="42.48787556302358" lon="117.27824896725433">
        <ele>1490.6</ele>
        <time>2023-08-09T22:07:49Z</time>
      </trkpt>
      <trkpt lat="42.48789072603174" lon="117.27824260485441">
        <ele>1490.6</ele>
        <time>2023-08-09T22:07:50Z</time>
      </trkpt>
      <trkpt lat="42.487904301214414" lon="117.27823665315388">
        <ele>1490.6</ele>
        <time>2023-08-09T22:07:51Z</time>
      </trkpt>
      <trkpt lat="42.48791714413008" lon="117.27823081647941">
        <ele>1490.7</ele>
        <time>2023-08-09T22:07:52Z</time>
      </trkpt>
      <trkpt lat="42.48792614577534" lon="117.27822582928651">
        <ele>1490.7</ele>
        <time>2023-08-09T22:07:53Z</time>
      </trkpt>
      <trkpt lat="42.4879353627453" lon="117.27822078571921">
        <ele>1490.7</ele>
        <time>2023-08-09T22:07:54Z</time>
      </trkpt>
      <trkpt lat="42.487944038639334" lon="117.27821640630722">
        <ele>1490.7</ele>
        <time>2023-08-09T22:07:55Z</time>
      </trkpt>
      <trkpt lat="42.48795170456603" lon="117.27821307345488">
        <ele>1490.7</ele>
        <time>2023-08-09T22:07:56Z</time>
      </trkpt>
      <trkpt lat="42.48795969828551" lon="117.27820942303951">
        <ele>1490.7</ele>
        <time>2023-08-09T22:07:57Z</time>
      </trkpt>
      <trkpt lat="42.487966786544" lon="117.27820615143959">
        <ele>1490.7</ele>
        <time>2023-08-09T22:07:58Z</time>
      </trkpt>
      <trkpt lat="42.48797369655" lon="117.27820279295364">
        <ele>1490.7</ele>
        <time>2023-08-09T22:07:59Z</time>
      </trkpt>
      <trkpt lat="42.487979841468736" lon="117.278199704603">
        <ele>1490.7</ele>
        <time>2023-08-09T22:08:00Z</time>
      </trkpt>
      <trkpt lat="42.48798610465722" lon="117.27819666243948">
        <ele>1490.7</ele>
        <time>2023-08-09T22:08:01Z</time>
      </trkpt>
      <trkpt lat="42.487992254797" lon="117.27819332829465">
        <ele>1491.7</ele>
        <time>2023-08-09T22:08:02Z</time>
      </trkpt>
      <trkpt lat="42.48799818899101" lon="117.27819055308777">
        <ele>1491.7</ele>
        <time>2023-08-09T22:08:03Z</time>
      </trkpt>
      <trkpt lat="42.48800421147727" lon="117.27818813368741">
        <ele>1491.7</ele>
        <time>2023-08-09T22:08:04Z</time>
      </trkpt>
      <trkpt lat="42.48800895003303" lon="117.27818611837463">
        <ele>1491.7</ele>
        <time>2023-08-09T22:08:05Z</time>
      </trkpt>
      <trkpt lat="42.488013472296" lon="117.27818453084357">
        <ele>1491.7</ele>
        <time>2023-08-09T22:08:06Z</time>
      </trkpt>
      <trkpt lat="42.48801637513571" lon="117.27818333675403">
        <ele>1491.7</ele>
        <time>2023-08-09T22:08:07Z</time>
      </trkpt>
      <trkpt lat="42.48801866121266" lon="117.2781826809221">
        <ele>1491.7</ele>
        <time>2023-08-09T22:08:08Z</time>
      </trkpt>
      <trkpt lat="42.48801988425951" lon="117.27818233277199">
        <ele>1491.7</ele>
        <time>2023-08-09T22:08:09Z</time>
      </trkpt>
      <trkpt lat="42.4880209647487" lon="117.27818200880668">
        <ele>1491.7</ele>
        <time>2023-08-09T22:08:10Z</time>
      </trkpt>
      <trkpt lat="42.48802255553383" lon="117.278181827252">
        <ele>1491.7</ele>
        <time>2023-08-09T22:08:11Z</time>
      </trkpt>
      <trkpt lat="42.488023698213404" lon="117.27818165554442">
        <ele>1492.5</ele>
        <time>2023-08-09T22:08:12Z</time>
      </trkpt>
      <trkpt lat="42.48802538760405" lon="117.27818114643416">
        <ele>1492.5</ele>
        <time>2023-08-09T22:08:13Z</time>
      </trkpt>
      <trkpt lat="42.48802699477023" lon="117.27818091122913">
        <ele>1492.5</ele>
        <time>2023-08-09T22:08:14Z</time>
      </trkpt>
      <trkpt lat="42.488028647519" lon="117.27818034587196">
        <ele>1492.5</ele>
        <time>2023-08-09T22:08:15Z</time>
      </trkpt>
      <trkpt lat="42.48802953568219" lon="117.27817979515414">
        <ele>1492.5</ele>
        <time>2023-08-09T22:08:16Z</time>
      </trkpt>
      <trkpt lat="42.48802982295991" lon="117.27817935275878">
        <ele>1492.5</ele>
        <time>2023-08-09T22:08:17Z</time>
      </trkpt>
      <trkpt lat="42.48803005968392" lon="117.27817870215671">
        <ele>1492.5</ele>
        <time>2023-08-09T22:08:18Z</time>
      </trkpt>
      <trkpt lat="42.488029868237895" lon="117.27817852031063">
        <ele>1492.5</ele>
        <time>2023-08-09T22:08:19Z</time>
      </trkpt>
      <trkpt lat="42.488029905761906" lon="117.27817800198223">
        <ele>1492.5</ele>
        <time>2023-08-09T22:08:20Z</time>
      </trkpt>
      <trkpt lat="42.48802977553531" lon="117.27817795113593">
        <ele>1492.5</ele>
        <time>2023-08-09T22:08:21Z</time>
      </trkpt>
      <trkpt lat="42.488029871923004" lon="117.27817778200519">
        <ele>1494.1</ele>
        <time>2023-08-09T22:08:22Z</time>
      </trkpt>
      <trkpt lat="42.48802993023051" lon="117.27817771661051">
        <ele>1494.1</ele>
        <time>2023-08-09T22:08:23Z</time>
      </trkpt>
      <trkpt lat="42.48802998429633" lon="117.27817769726155">
        <ele>1494.1</ele>
        <time>2023-08-09T22:08:24Z</time>
      </trkpt>
      <trkpt lat="42.48803006516821" lon="117.27817768516705">
        <ele>1494.1</ele>
        <time>2023-08-09T22:08:25Z</time>
      </trkpt>
      <trkpt lat="42.488030139563556" lon="117.27817758544873">
        <ele>1494.1</ele>
        <time>2023-08-09T22:08:26Z</time>
      </trkpt>
      <trkpt lat="42.48803028075716" lon="117.27817747674636">
        <ele>1494.1</ele>
        <time>2023-08-09T22:08:27Z</time>
      </trkpt>
      <trkpt lat="42.48803027721104" lon="117.27817756326627">
        <ele>1494.1</ele>
        <time>2023-08-09T22:08:28Z</time>
      </trkpt>
      <trkpt lat="42.488030347282006" lon="117.27817762739016">
        <ele>1494.1</ele>
        <time>2023-08-09T22:08:29Z</time>
      </trkpt>
      <trkpt lat="42.488030554058916" lon="117.27817741508422">
        <ele>1494.1</ele>
        <time>2023-08-09T22:08:30Z</time>
      </trkpt>
      <trkpt lat="42.48803082529916" lon="117.27817722699014">
        <ele>1494.1</ele>
        <time>2023-08-09T22:08:31Z</time>
      </trkpt>
      <trkpt lat="42.48803099926718" lon="117.27817734107386">
        <ele>1495.8</ele>
        <time>2023-08-09T22:08:32Z</time>
      </trkpt>
      <trkpt lat="42.48803132332845" lon="117.27817705090376">
        <ele>1495.8</ele>
        <time>2023-08-09T22:08:33Z</time>
      </trkpt>
      <trkpt lat="42.48803175190929" lon="117.27817678630691">
        <ele>1495.8</ele>
        <time>2023-08-09T22:08:34Z</time>
      </trkpt>
      <trkpt lat="42.48803231784562" lon="117.27817644055276">
        <ele>1495.8</ele>
        <time>2023-08-09T22:08:35Z</time>
      </trkpt>
      <trkpt lat="42.48803297039985" lon="117.27817625120296">
        <ele>1495.8</ele>
        <time>2023-08-09T22:08:36Z</time>
      </trkpt>
      <trkpt lat="42.488033835718504" lon="117.27817588144019">
        <ele>1495.8</ele>
        <time>2023-08-09T22:08:37Z</time>
      </trkpt>
      <trkpt lat="42.48803496097792" lon="117.27817529853733">
        <ele>1495.8</ele>
        <time>2023-08-09T22:08:38Z</time>
      </trkpt>
      <trkpt lat="42.48803637058355" lon="117.27817486494449">
        <ele>1495.8</ele>
        <time>2023-08-09T22:08:39Z</time>
      </trkpt>
      <trkpt lat="42.48803818420979" lon="117.27817416568077">
        <ele>1495.8</ele>
        <time>2023-08-09T22:08:40Z</time>
      </trkpt>
      <trkpt lat="42.48804049614514" lon="117.27817322836216">
        <ele>1495.8</ele>
        <time>2023-08-09T22:08:41Z</time>
      </trkpt>
      <trkpt lat="42.48804343006918" lon="117.27817200120037">
        <ele>1497.8</ele>
        <time>2023-08-09T22:08:42Z</time>
      </trkpt>
      <trkpt lat="42.48804722016896" lon="117.27817038830919">
        <ele>1497.8</ele>
        <time>2023-08-09T22:08:43Z</time>
      </trkpt>
      <trkpt lat="42.4880520521916" lon="117.2781683688438">
        <ele>1497.8</ele>
        <time>2023-08-09T22:08:44Z</time>
      </trkpt>
      <trkpt lat="42.48805817378589" lon="117.27816583672885">
        <ele>1497.8</ele>
        <time>2023-08-09T22:08:45Z</time>
      </trkpt>
      <trkpt lat="42.48806587020533" lon="117.2781627345753">
        <ele>1497.8</ele>
        <time>2023-08-09T22:08:46Z</time>
      </trkpt>
      <trkpt lat="42.48807549118224" lon="117.27815859117015">
        <ele>1497.8</ele>
        <time>2023-08-09T22:08:47Z</time>
      </trkpt>
      <trkpt lat="42.48808833148196" lon="117.27815309777316">
        <ele>1497.8</ele>
        <time>2023-08-09T22:08:48Z</time>
      </trkpt>
      <trkpt lat="42.48810367622636" lon="117.27814742175218">
        <ele>1497.8</ele>
        <time>2023-08-09T22:08:49Z</time>
      </trkpt>
      <trkpt lat="42.48812150548737" lon="117.27814133489593">
        <ele>1497.8</ele>
        <time>2023-08-09T22:08:50Z</time>
      </trkpt>
      <trkpt lat="42.48814093139411" lon="117.2781345315309">
        <ele>1497.8</ele>
        <time>2023-08-09T22:08:51Z</time>
      </trkpt>
      <trkpt lat="42.48816087989869" lon="117.2781284093602">
        <ele>1499.2</ele>
        <time>2023-08-09T22:08:52Z</time>
      </trkpt>
      <trkpt lat="42.48818214481617" lon="117.2781250538285">
        <ele>1499.2</ele>
        <time>2023-08-09T22:08:53Z</time>
      </trkpt>
      <trkpt lat="42.48820305550462" lon="117.27812290350916">
        <ele>1499.2</ele>
        <time>2023-08-09T22:08:54Z</time>
      </trkpt>
      <trkpt lat="42.4882241266511" lon="117.27812077709004">
        <ele>1499.2</ele>
        <time>2023-08-09T22:08:55Z</time>
      </trkpt>
      <trkpt lat="42.48824472746248" lon="117.27811891125285">
        <ele>1499.2</ele>
        <time>2023-08-09T22:08:56Z</time>
      </trkpt>
      <trkpt lat="42.48826507730603" lon="117.27811785559963">
        <ele>1499.2</ele>
        <time>2023-08-09T22:08:57Z</time>
      </trkpt>
      <trkpt lat="42.48828783185282" lon="117.27811625261447">
        <ele>1499.2</ele>
        <time>2023-08-09T22:08:59Z</time>
      </trkpt>
      <trkpt lat="42.48830940640383" lon="117.27811269056714">
        <ele>1499.2</ele>
        <time>2023-08-09T22:09:00Z</time>
      </trkpt>
      <trkpt lat="42.48833003328786" lon="117.2781089872188">
        <ele>1499.2</ele>
        <time>2023-08-09T22:09:01Z</time>
      </trkpt>
      <trkpt lat="42.48834923192468" lon="117.27810546154875">
        <ele>1501.5</ele>
        <time>2023-08-09T22:09:02Z</time>
      </trkpt>
      <trkpt lat="42.48836804612359" lon="117.27810217382073">
        <ele>1501.5</ele>
        <time>2023-08-09T22:09:03Z</time>
      </trkpt>
      <trkpt lat="42.48838586456227" lon="117.27809944498986">
        <ele>1501.5</ele>
        <time>2023-08-09T22:09:04Z</time>
      </trkpt>
      <trkpt lat="42.48839996206615" lon="117.2780978323348">
        <ele>1501.5</ele>
        <time>2023-08-09T22:09:05Z</time>
      </trkpt>
      <trkpt lat="42.48841308332921" lon="117.27809635204338">
        <ele>1501.5</ele>
        <time>2023-08-09T22:09:06Z</time>
      </trkpt>
      <trkpt lat="42.48842460193811" lon="117.27809513986855">
        <ele>1501.5</ele>
        <time>2023-08-09T22:09:07Z</time>
      </trkpt>
      <trkpt lat="42.488434485349224" lon="117.27809481347816">
        <ele>1501.5</ele>
        <time>2023-08-09T22:09:08Z</time>
      </trkpt>
      <trkpt lat="42.488441972920874" lon="117.27809466219948">
        <ele>1501.5</ele>
        <time>2023-08-09T22:09:09Z</time>
      </trkpt>
      <trkpt lat="42.48844830203816" lon="117.27809464319645">
        <ele>1501.5</ele>
        <time>2023-08-09T22:09:10Z</time>
      </trkpt>
      <trkpt lat="42.48845408013581" lon="117.27809330509328">
        <ele>1501.5</ele>
        <time>2023-08-09T22:09:11Z</time>
      </trkpt>
      <trkpt lat="42.488458862497275" lon="117.27809163305169">
        <ele>1504.1</ele>
        <time>2023-08-09T22:09:12Z</time>
      </trkpt>
      <trkpt lat="42.48846368206517" lon="117.27808906635794">
        <ele>1504.1</ele>
        <time>2023-08-09T22:09:13Z</time>
      </trkpt>
      <trkpt lat="42.4884691074585" lon="117.27808548898187">
        <ele>1504.1</ele>
        <time>2023-08-09T22:09:14Z</time>
      </trkpt>
      <trkpt lat="42.48847563085647" lon="117.27808096932928">
        <ele>1504.1</ele>
        <time>2023-08-09T22:09:15Z</time>
      </trkpt>
      <trkpt lat="42.48848392998286" lon="117.27807393082564">
        <ele>1504.1</ele>
        <time>2023-08-09T22:09:17Z</time>
      </trkpt>
      <trkpt lat="42.48849319199002" lon="117.27806595171721">
        <ele>1504.1</ele>
        <time>2023-08-09T22:09:18Z</time>
      </trkpt>
      <trkpt lat="42.48850264585368" lon="117.27805758606857">
        <ele>1504.1</ele>
        <time>2023-08-09T22:09:19Z</time>
      </trkpt>
      <trkpt lat="42.48851278448482" lon="117.27804875799318">
        <ele>1504.1</ele>
        <time>2023-08-09T22:09:20Z</time>
      </trkpt>
      <trkpt lat="42.488523388321816" lon="117.278038776354">
        <ele>1504.1</ele>
        <time>2023-08-09T22:09:21Z</time>
      </trkpt>
      <trkpt lat="42.48853345818604" lon="117.27802864513907">
        <ele>1506.6</ele>
        <time>2023-08-09T22:09:22Z</time>
      </trkpt>
      <trkpt lat="42.4885425600066" lon="117.2780191512746">
        <ele>1506.6</ele>
        <time>2023-08-09T22:09:23Z</time>
      </trkpt>
      <trkpt lat="42.48855145533886" lon="117.27800993916942">
        <ele>1506.6</ele>
        <time>2023-08-09T22:09:24Z</time>
      </trkpt>
      <trkpt lat="42.48856092850964" lon="117.27800030981457">
        <ele>1506.6</ele>
        <time>2023-08-09T22:09:25Z</time>
      </trkpt>
      <trkpt lat="42.48857002439739" lon="117.27799071285216">
        <ele>1506.6</ele>
        <time>2023-08-09T22:09:26Z</time>
      </trkpt>
      <trkpt lat="42.488578780294645" lon="117.27798071605757">
        <ele>1506.6</ele>
        <time>2023-08-09T22:09:27Z</time>
      </trkpt>
      <trkpt lat="42.48858759062925" lon="117.27797012647439">
        <ele>1506.6</ele>
        <time>2023-08-09T22:09:28Z</time>
      </trkpt>
      <trkpt lat="42.488595739491416" lon="117.27795927886923">
        <ele>1506.6</ele>
        <time>2023-08-09T22:09:29Z</time>
      </trkpt>
      <trkpt lat="42.48860337326962" lon="117.27794797861326">
        <ele>1506.6</ele>
        <time>2023-08-09T22:09:30Z</time>
      </trkpt>
      <trkpt lat="42.488610485036105" lon="117.27793657997546">
        <ele>1506.6</ele>
        <time>2023-08-09T22:09:31Z</time>
      </trkpt>
      <trkpt lat="42.488617015218615" lon="117.2779254366824">
        <ele>1509.4</ele>
        <time>2023-08-09T22:09:32Z</time>
      </trkpt>
      <trkpt lat="42.488623027391924" lon="117.27791544349493">
        <ele>1509.4</ele>
        <time>2023-08-09T22:09:33Z</time>
      </trkpt>
      <trkpt lat="42.48862823083922" lon="117.27790722915216">
        <ele>1509.4</ele>
        <time>2023-08-09T22:09:34Z</time>
      </trkpt>
      <trkpt lat="42.48863298824655" lon="117.277900591961">
        <ele>1509.4</ele>
        <time>2023-08-09T22:09:35Z</time>
      </trkpt>
      <trkpt lat="42.488637026729705" lon="117.2778958098458">
        <ele>1509.4</ele>
        <time>2023-08-09T22:09:36Z</time>
      </trkpt>
      <trkpt lat="42.48864053713969" lon="117.27789213510138">
        <ele>1509.4</ele>
        <time>2023-08-09T22:09:37Z</time>
      </trkpt>
      <trkpt lat="42.48864390744463" lon="117.27788912736833">
        <ele>1509.4</ele>
        <time>2023-08-09T22:09:38Z</time>
      </trkpt>
      <trkpt lat="42.48864724745204" lon="117.27788633996457">
        <ele>1509.4</ele>
        <time>2023-08-09T22:09:39Z</time>
      </trkpt>
      <trkpt lat="42.488650383419206" lon="117.27788340511296">
        <ele>1509.4</ele>
        <time>2023-08-09T22:09:40Z</time>
      </trkpt>
      <trkpt lat="42.48865362540386" lon="117.2778803894487">
        <ele>1509.4</ele>
        <time>2023-08-09T22:09:41Z</time>
      </trkpt>
      <trkpt lat="42.48865698978447" lon="117.27787717843805">
        <ele>1510</ele>
        <time>2023-08-09T22:09:42Z</time>
      </trkpt>
      <trkpt lat="42.488660446468145" lon="117.27787342712354">
        <ele>1510</ele>
        <time>2023-08-09T22:09:43Z</time>
      </trkpt>
      <trkpt lat="42.48866339881991" lon="117.27786994105227">
        <ele>1510</ele>
        <time>2023-08-09T22:09:44Z</time>
      </trkpt>
      <trkpt lat="42.488665796861596" lon="117.27786642002533">
        <ele>1510</ele>
        <time>2023-08-09T22:09:45Z</time>
      </trkpt>
      <trkpt lat="42.48866851041728" lon="117.27786206528086">
        <ele>1510</ele>
        <time>2023-08-09T22:09:46Z</time>
      </trkpt>
      <trkpt lat="42.48867099406313" lon="117.27785700042112">
        <ele>1510</ele>
        <time>2023-08-09T22:09:47Z</time>
      </trkpt>
      <trkpt lat="42.48867355672104" lon="117.27785086742888">
        <ele>1510</ele>
        <time>2023-08-09T22:09:48Z</time>
      </trkpt>
      <trkpt lat="42.488676117098926" lon="117.27784412274355">
        <ele>1510</ele>
        <time>2023-08-09T22:09:49Z</time>
      </trkpt>
      <trkpt lat="42.488678976740516" lon="117.27783593237837">
        <ele>1510</ele>
        <time>2023-08-09T22:09:50Z</time>
      </trkpt>
      <trkpt lat="42.488682569440996" lon="117.2778259042817">
        <ele>1510</ele>
        <time>2023-08-09T22:09:51Z</time>
      </trkpt>
      <trkpt lat="42.48868704611255" lon="117.27781288882173">
        <ele>1513.9</ele>
        <time>2023-08-09T22:09:52Z</time>
      </trkpt>
      <trkpt lat="42.48869204794287" lon="117.2777984254167">
        <ele>1513.9</ele>
        <time>2023-08-09T22:09:53Z</time>
      </trkpt>
      <trkpt lat="42.488697869418246" lon="117.27778269086492">
        <ele>1513.9</ele>
        <time>2023-08-09T22:09:54Z</time>
      </trkpt>
      <trkpt lat="42.48870451305648" lon="117.27776666873439">
        <ele>1513.9</ele>
        <time>2023-08-09T22:09:55Z</time>
      </trkpt>
      <trkpt lat="42.48871266040789" lon="117.27774925876373">
        <ele>1513.9</ele>
        <time>2023-08-09T22:09:56Z</time>
      </trkpt>
      <trkpt lat="42.48872214784717" lon="117.27773117796897">
        <ele>1513.9</ele>
        <time>2023-08-09T22:09:57Z</time>
      </trkpt>
      <trkpt lat="42.48873307928842" lon="117.2777133095494">
        <ele>1513.9</ele>
        <time>2023-08-09T22:09:58Z</time>
      </trkpt>
      <trkpt lat="42.48874554348766" lon="117.27769448452908">
        <ele>1513.9</ele>
        <time>2023-08-09T22:09:59Z</time>
      </trkpt>
      <trkpt lat="42.48875881947957" lon="117.2776747777745">
        <ele>1513.9</ele>
        <time>2023-08-09T22:10:00Z</time>
      </trkpt>
      <trkpt lat="42.488773377140404" lon="117.27765253385074">
        <ele>1513.9</ele>
        <time>2023-08-09T22:10:01Z</time>
      </trkpt>
      <trkpt lat="42.488787874139376" lon="117.27763072761807">
        <ele>1517.7</ele>
        <time>2023-08-09T22:10:02Z</time>
      </trkpt>
      <trkpt lat="42.48880214670869" lon="117.27760963659462">
        <ele>1517.7</ele>
        <time>2023-08-09T22:10:03Z</time>
      </trkpt>
      <trkpt lat="42.48881582599647" lon="117.27758979042905">
        <ele>1517.7</ele>
        <time>2023-08-09T22:10:04Z</time>
      </trkpt>
      <trkpt lat="42.48882941935077" lon="117.27757071058797">
        <ele>1517.7</ele>
        <time>2023-08-09T22:10:05Z</time>
      </trkpt>
      <trkpt lat="42.48884422328548" lon="117.27755130862877">
        <ele>1517.7</ele>
        <time>2023-08-09T22:10:06Z</time>
      </trkpt>
      <trkpt lat="42.48885888750288" lon="117.27753326328366">
        <ele>1517.7</ele>
        <time>2023-08-09T22:10:07Z</time>
      </trkpt>
      <trkpt lat="42.48887399745158" lon="117.27751474501125">
        <ele>1517.7</ele>
        <time>2023-08-09T22:10:08Z</time>
      </trkpt>
      <trkpt lat="42.48888925466972" lon="117.2774955020715">
        <ele>1517.7</ele>
        <time>2023-08-09T22:10:09Z</time>
      </trkpt>
      <trkpt lat="42.48890524959706" lon="117.27747465343506">
        <ele>1517.7</ele>
        <time>2023-08-09T22:10:10Z</time>
      </trkpt>
      <trkpt lat="42.48892103966297" lon="117.27745345595419">
        <ele>1517.7</ele>
        <time>2023-08-09T22:10:11Z</time>
      </trkpt>
      <trkpt lat="42.488935760644836" lon="117.27743258808678">
        <ele>1522.1</ele>
        <time>2023-08-09T22:10:12Z</time>
      </trkpt>
      <trkpt lat="42.48895039910177" lon="117.27741133535207">
        <ele>1522.1</ele>
        <time>2023-08-09T22:10:13Z</time>
      </trkpt>
      <trkpt lat="42.488965065038585" lon="117.27739020776059">
        <ele>1522.1</ele>
        <time>2023-08-09T22:10:14Z</time>
      </trkpt>
      <trkpt lat="42.48898058863041" lon="117.27736829387852">
        <ele>1522.1</ele>
        <time>2023-08-09T22:10:15Z</time>
      </trkpt>
      <trkpt lat="42.48899568170117" lon="117.27734767070429">
        <ele>1522.1</ele>
        <time>2023-08-09T22:10:16Z</time>
      </trkpt>
      <trkpt lat="42.4890112709659" lon="117.27732706437477">
        <ele>1522.1</ele>
        <time>2023-08-09T22:10:17Z</time>
      </trkpt>
      <trkpt lat="42.48902829149773" lon="117.27730594503011">
        <ele>1522.1</ele>
        <time>2023-08-09T22:10:18Z</time>
      </trkpt>
      <trkpt lat="42.48904589105462" lon="117.27728509912285">
        <ele>1522.1</ele>
        <time>2023-08-09T22:10:19Z</time>
      </trkpt>
      <trkpt lat="42.48906418018441" lon="117.27726409608862">
        <ele>1522.1</ele>
        <time>2023-08-09T22:10:20Z</time>
      </trkpt>
      <trkpt lat="42.48908236431521" lon="117.27724353699236">
        <ele>1522.1</ele>
        <time>2023-08-09T22:10:21Z</time>
      </trkpt>
      <trkpt lat="42.489101685919714" lon="117.27722160637786">
        <ele>1526.3</ele>
        <time>2023-08-09T22:10:22Z</time>
      </trkpt>
      <trkpt lat="42.48912131782745" lon="117.27719936487435">
        <ele>1526.3</ele>
        <time>2023-08-09T22:10:23Z</time>
      </trkpt>
      <trkpt lat="42.48914049374976" lon="117.2771774902685">
        <ele>1526.3</ele>
        <time>2023-08-09T22:10:24Z</time>
      </trkpt>
      <trkpt lat="42.48916005085324" lon="117.27715498722905">
        <ele>1526.3</ele>
        <time>2023-08-09T22:10:25Z</time>
      </trkpt>
      <trkpt lat="42.48917945563391" lon="117.27713085396007">
        <ele>1526.3</ele>
        <time>2023-08-09T22:10:26Z</time>
      </trkpt>
      <trkpt lat="42.48919874780287" lon="117.27710764844328">
        <ele>1526.3</ele>
        <time>2023-08-09T22:10:27Z</time>
      </trkpt>
      <trkpt lat="42.48921806309878" lon="117.27708639018273">
        <ele>1526.3</ele>
        <time>2023-08-09T22:10:28Z</time>
      </trkpt>
      <trkpt lat="42.48923824210364" lon="117.27706536091405">
        <ele>1526.3</ele>
        <time>2023-08-09T22:10:29Z</time>
      </trkpt>
      <trkpt lat="42.48925981868791" lon="117.27704368386699">
        <ele>1526.3</ele>
        <time>2023-08-09T22:10:30Z</time>
      </trkpt>
      <trkpt lat="42.489281493237215" lon="117.2770217012032">
        <ele>1526.3</ele>
        <time>2023-08-09T22:10:31Z</time>
      </trkpt>
      <trkpt lat="42.48930346995569" lon="117.2770007676804">
        <ele>1530.1</ele>
        <time>2023-08-09T22:10:32Z</time>
      </trkpt>
      <trkpt lat="42.489326483378704" lon="117.27697798986435">
        <ele>1530.1</ele>
        <time>2023-08-09T22:10:33Z</time>
      </trkpt>
      <trkpt lat="42.48934879513014" lon="117.276953842242">
        <ele>1530.1</ele>
        <time>2023-08-09T22:10:34Z</time>
      </trkpt>
      <trkpt lat="42.48937013506725" lon="117.27692919494116">
        <ele>1530.1</ele>
        <time>2023-08-09T22:10:35Z</time>
      </trkpt>
      <trkpt lat="42.48939033349543" lon="117.27690411472877">
        <ele>1530.1</ele>
        <time>2023-08-09T22:10:36Z</time>
      </trkpt>
      <trkpt lat="42.489409851293914" lon="117.27687942018866">
        <ele>1530.1</ele>
        <time>2023-08-09T22:10:37Z</time>
      </trkpt>
      <trkpt lat="42.48942902262845" lon="117.27685493904673">
        <ele>1530.1</ele>
        <time>2023-08-09T22:10:38Z</time>
      </trkpt>
      <trkpt lat="42.48944726762812" lon="117.27683145050835">
        <ele>1530.1</ele>
        <time>2023-08-09T22:10:39Z</time>
      </trkpt>
      <trkpt lat="42.48946623335468" lon="117.276807297021">
        <ele>1530.1</ele>
        <time>2023-08-09T22:10:40Z</time>
      </trkpt>
      <trkpt lat="42.4894853977329" lon="117.27678307619573">
        <ele>1530.1</ele>
        <time>2023-08-09T22:10:41Z</time>
      </trkpt>
      <trkpt lat="42.48950436769781" lon="117.27675990338737">
        <ele>1533.9</ele>
        <time>2023-08-09T22:10:42Z</time>
      </trkpt>
      <trkpt lat="42.48952384218628" lon="117.2767372156321">
        <ele>1533.9</ele>
        <time>2023-08-09T22:10:43Z</time>
      </trkpt>
      <trkpt lat="42.48954406253213" lon="117.27671671762498">
        <ele>1533.9</ele>
        <time>2023-08-09T22:10:44Z</time>
      </trkpt>
      <trkpt lat="42.48956307868662" lon="117.27669710598764">
        <ele>1533.9</ele>
        <time>2023-08-09T22:10:45Z</time>
      </trkpt>
      <trkpt lat="42.48958171266564" lon="117.27667486388778">
        <ele>1533.9</ele>
        <time>2023-08-09T22:10:47Z</time>
      </trkpt>
      <trkpt lat="42.48959989739442" lon="117.27665308240594">
        <ele>1533.9</ele>
        <time>2023-08-09T22:10:48Z</time>
      </trkpt>
      <trkpt lat="42.489617425779194" lon="117.27663183253397">
        <ele>1533.9</ele>
        <time>2023-08-09T22:10:49Z</time>
      </trkpt>
      <trkpt lat="42.48963416662771" lon="117.27661096884083">
        <ele>1533.9</ele>
        <time>2023-08-09T22:10:50Z</time>
      </trkpt>
      <trkpt lat="42.48964958720709" lon="117.27658891845562">
        <ele>1533.9</ele>
        <time>2023-08-09T22:10:51Z</time>
      </trkpt>
      <trkpt lat="42.489665405235165" lon="117.2765671135109">
        <ele>1537.9</ele>
        <time>2023-08-09T22:10:52Z</time>
      </trkpt>
      <trkpt lat="42.489679779947494" lon="117.27655040933604">
        <ele>1537.9</ele>
        <time>2023-08-09T22:10:53Z</time>
      </trkpt>
      <trkpt lat="42.48969332056222" lon="117.27653415527186">
        <ele>1537.9</ele>
        <time>2023-08-09T22:10:54Z</time>
      </trkpt>
      <trkpt lat="42.489705532810234" lon="117.2765183133551">
        <ele>1537.9</ele>
        <time>2023-08-09T22:10:55Z</time>
      </trkpt>
      <trkpt lat="42.48971664333245" lon="117.27650082609802">
        <ele>1537.9</ele>
        <time>2023-08-09T22:10:56Z</time>
      </trkpt>
      <trkpt lat="42.489727512397586" lon="117.2764825842911">
        <ele>1537.9</ele>
        <time>2023-08-09T22:10:57Z</time>
      </trkpt>
      <trkpt lat="42.489738400554884" lon="117.2764634111215">
        <ele>1537.9</ele>
        <time>2023-08-09T22:10:58Z</time>
      </trkpt>
      <trkpt lat="42.48974966384271" lon="117.27644289744211">
        <ele>1537.9</ele>
        <time>2023-08-09T22:10:59Z</time>
      </trkpt>
      <trkpt lat="42.48976131820691" lon="117.27642201771678">
        <ele>1537.9</ele>
        <time>2023-08-09T22:11:00Z</time>
      </trkpt>
      <trkpt lat="42.48977456176298" lon="117.27639957096237">
        <ele>1537.9</ele>
        <time>2023-08-09T22:11:01Z</time>
      </trkpt>
      <trkpt lat="42.489788554325045" lon="117.27637861917002">
        <ele>1541.1</ele>
        <time>2023-08-09T22:11:02Z</time>
      </trkpt>
      <trkpt lat="42.48980262001416" lon="117.27635811595616">
        <ele>1541.1</ele>
        <time>2023-08-09T22:11:03Z</time>
      </trkpt>
      <trkpt lat="42.48981660426664" lon="117.27633785953681">
        <ele>1541.1</ele>
        <time>2023-08-09T22:11:04Z</time>
      </trkpt>
      <trkpt lat="42.48983109760368" lon="117.276316959831">
        <ele>1541.1</ele>
        <time>2023-08-09T22:11:05Z</time>
      </trkpt>
      <trkpt lat="42.489845333119916" lon="117.27629632202172">
        <ele>1541.1</ele>
        <time>2023-08-09T22:11:06Z</time>
      </trkpt>
      <trkpt lat="42.4898586808319" lon="117.27627691691602">
        <ele>1541.1</ele>
        <time>2023-08-09T22:11:07Z</time>
      </trkpt>
      <trkpt lat="42.48987197425324" lon="117.2762574742223">
        <ele>1541.1</ele>
        <time>2023-08-09T22:11:08Z</time>
      </trkpt>
      <trkpt lat="42.48988579199895" lon="117.2762370146077">
        <ele>1541.1</ele>
        <time>2023-08-09T22:11:09Z</time>
      </trkpt>
      <trkpt lat="42.489899328630514" lon="117.27621649686931">
        <ele>1541.1</ele>
        <time>2023-08-09T22:11:10Z</time>
      </trkpt>
      <trkpt lat="42.48991202945085" lon="117.27619662339438">
        <ele>1541.1</ele>
        <time>2023-08-09T22:11:11Z</time>
      </trkpt>
      <trkpt lat="42.48992477499339" lon="117.27617627619315">
        <ele>1544</ele>
        <time>2023-08-09T22:11:12Z</time>
      </trkpt>
      <trkpt lat="42.489937651366525" lon="117.27615528519179">
        <ele>1544</ele>
        <time>2023-08-09T22:11:13Z</time>
      </trkpt>
      <trkpt lat="42.489951102762184" lon="117.27613235430331">
        <ele>1544</ele>
        <time>2023-08-09T22:11:14Z</time>
      </trkpt>
      <trkpt lat="42.48996380161669" lon="117.27610933594669">
        <ele>1544</ele>
        <time>2023-08-09T22:11:15Z</time>
      </trkpt>
      <trkpt lat="42.48997641735595" lon="117.2760854212151">
        <ele>1544</ele>
        <time>2023-08-09T22:11:16Z</time>
      </trkpt>
      <trkpt lat="42.48998951855039" lon="117.27605951957437">
        <ele>1544</ele>
        <time>2023-08-09T22:11:17Z</time>
      </trkpt>
      <trkpt lat="42.49000269442426" lon="117.27603287153171">
        <ele>1544</ele>
        <time>2023-08-09T22:11:18Z</time>
      </trkpt>
      <trkpt lat="42.49001597976933" lon="117.27600551483248">
        <ele>1544</ele>
        <time>2023-08-09T22:11:19Z</time>
      </trkpt>
      <trkpt lat="42.49002868489052" lon="117.27597865859997">
        <ele>1544</ele>
        <time>2023-08-09T22:11:20Z</time>
      </trkpt>
      <trkpt lat="42.49004131904633" lon="117.27595146025055">
        <ele>1544</ele>
        <time>2023-08-09T22:11:21Z</time>
      </trkpt>
      <trkpt lat="42.49005519522325" lon="117.27592044436355">
        <ele>1547.3</ele>
        <time>2023-08-09T22:11:23Z</time>
      </trkpt>
      <trkpt lat="42.4900683157741" lon="117.27589058761151">
        <ele>1547.3</ele>
        <time>2023-08-09T22:11:24Z</time>
      </trkpt>
      <trkpt lat="42.490080928648744" lon="117.2758612377099">
        <ele>1547.3</ele>
        <time>2023-08-09T22:11:25Z</time>
      </trkpt>
      <trkpt lat="42.49009341305166" lon="117.27583142556946">
        <ele>1547.3</ele>
        <time>2023-08-09T22:11:26Z</time>
      </trkpt>
      <trkpt lat="42.49010540180441" lon="117.27580242171629">
        <ele>1547.3</ele>
        <time>2023-08-09T22:11:27Z</time>
      </trkpt>
      <trkpt lat="42.49011710566529" lon="117.2757740715047">
        <ele>1547.3</ele>
        <time>2023-08-09T22:11:28Z</time>
      </trkpt>
      <trkpt lat="42.49012736905058" lon="117.2757496400145">
        <ele>1547.3</ele>
        <time>2023-08-09T22:11:29Z</time>
      </trkpt>
      <trkpt lat="42.49013748590632" lon="117.27572574386703">
        <ele>1547.3</ele>
        <time>2023-08-09T22:11:30Z</time>
      </trkpt>
      <trkpt lat="42.49014805661912" lon="117.2757010976874">
        <ele>1547.3</ele>
        <time>2023-08-09T22:11:31Z</time>
      </trkpt>
      <trkpt lat="42.490158082877045" lon="117.27567779586451">
        <ele>1549.7</ele>
        <time>2023-08-09T22:11:32Z</time>
      </trkpt>
      <trkpt lat="42.49016804506528" lon="117.27565460529131">
        <ele>1549.7</ele>
        <time>2023-08-09T22:11:33Z</time>
      </trkpt>
      <trkpt lat="42.49017848433377" lon="117.27563068221762">
        <ele>1549.7</ele>
        <time>2023-08-09T22:11:34Z</time>
      </trkpt>
      <trkpt lat="42.49018905017379" lon="117.27560710331107">
        <ele>1549.7</ele>
        <time>2023-08-09T22:11:35Z</time>
      </trkpt>
      <trkpt lat="42.490199786720275" lon="117.27558342315105">
        <ele>1549.7</ele>
        <time>2023-08-09T22:11:36Z</time>
      </trkpt>
      <trkpt lat="42.490210146253" lon="117.27556060100218">
        <ele>1549.7</ele>
        <time>2023-08-09T22:11:37Z</time>
      </trkpt>
      <trkpt lat="42.490220571881494" lon="117.27553777688854">
        <ele>1549.7</ele>
        <time>2023-08-09T22:11:38Z</time>
      </trkpt>
      <trkpt lat="42.49023134386157" lon="117.27551414626569">
        <ele>1549.7</ele>
        <time>2023-08-09T22:11:39Z</time>
      </trkpt>
      <trkpt lat="42.49024210883142" lon="117.27549022939978">
        <ele>1549.7</ele>
        <time>2023-08-09T22:11:41Z</time>
      </trkpt>
      <trkpt lat="42.49025205629424" lon="117.27546754840826">
        <ele>1552.2</ele>
        <time>2023-08-09T22:11:42Z</time>
      </trkpt>
      <trkpt lat="42.49026108374362" lon="117.27544660388504">
        <ele>1552.2</ele>
        <time>2023-08-09T22:11:43Z</time>
      </trkpt>
      <trkpt lat="42.49026943652172" lon="117.27542623150245">
        <ele>1552.2</ele>
        <time>2023-08-09T22:11:44Z</time>
      </trkpt>
      <trkpt lat="42.49027647041187" lon="117.27540777278503">
        <ele>1552.2</ele>
        <time>2023-08-09T22:11:45Z</time>
      </trkpt>
      <trkpt lat="42.49028172286921" lon="117.27539248108125">
        <ele>1552.2</ele>
        <time>2023-08-09T22:11:46Z</time>
      </trkpt>
      <trkpt lat="42.49028528951835" lon="117.2753808896811">
        <ele>1552.2</ele>
        <time>2023-08-09T22:11:47Z</time>
      </trkpt>
      <trkpt lat="42.49028823727337" lon="117.27537198050332">
        <ele>1552.2</ele>
        <time>2023-08-09T22:11:48Z</time>
      </trkpt>
      <trkpt lat="42.49029077972602" lon="117.27536436951229">
        <ele>1552.2</ele>
        <time>2023-08-09T22:11:49Z</time>
      </trkpt>
      <trkpt lat="42.49029247071933" lon="117.27536022464598">
        <ele>1552.2</ele>
        <time>2023-08-09T22:11:50Z</time>
      </trkpt>
      <trkpt lat="42.49029439893599" lon="117.27535734890007">
        <ele>1552.2</ele>
        <time>2023-08-09T22:11:51Z</time>
      </trkpt>
      <trkpt lat="42.490296414176676" lon="117.27535568386965">
        <ele>1555.6</ele>
        <time>2023-08-09T22:11:52Z</time>
      </trkpt>
      <trkpt lat="42.49029788533577" lon="117.27535539250711">
        <ele>1555.6</ele>
        <time>2023-08-09T22:11:53Z</time>
      </trkpt>
      <trkpt lat="42.49029864694669" lon="117.27535574033006">
        <ele>1555.6</ele>
        <time>2023-08-09T22:11:54Z</time>
      </trkpt>
      <trkpt lat="42.49029863341583" lon="117.2753579705831">
        <ele>1555.6</ele>
        <time>2023-08-09T22:11:55Z</time>
      </trkpt>
      <trkpt lat="42.49029861844213" lon="117.27536009647865">
        <ele>1555.6</ele>
        <time>2023-08-09T22:11:56Z</time>
      </trkpt>
      <trkpt lat="42.49029757573868" lon="117.27536348979518">
        <ele>1555.6</ele>
        <time>2023-08-09T22:11:57Z</time>
      </trkpt>
      <trkpt lat="42.49029613850065" lon="117.2753669115924">
        <ele>1555.6</ele>
        <time>2023-08-09T22:11:58Z</time>
      </trkpt>
      <trkpt lat="42.49029445376167" lon="117.27537084599463">
        <ele>1555.6</ele>
        <time>2023-08-09T22:11:59Z</time>
      </trkpt>
      <trkpt lat="42.49029251973062" lon="117.27537448551041">
        <ele>1555.6</ele>
        <time>2023-08-09T22:12:00Z</time>
      </trkpt>
      <trkpt lat="42.4902905942462" lon="117.27537752725668">
        <ele>1555.6</ele>
        <time>2023-08-09T22:12:01Z</time>
      </trkpt>
      <trkpt lat="42.49028812508383" lon="117.2753796576801">
        <ele>1558.1</ele>
        <time>2023-08-09T22:12:02Z</time>
      </trkpt>
      <trkpt lat="42.490286234012586" lon="117.27538014786843">
        <ele>1558.1</ele>
        <time>2023-08-09T22:12:03Z</time>
      </trkpt>
      <trkpt lat="42.49028489583985" lon="117.27537939005131">
        <ele>1558.1</ele>
        <time>2023-08-09T22:12:04Z</time>
      </trkpt>
      <trkpt lat="42.49028380329677" lon="117.27537747377781">
        <ele>1558.1</ele>
        <time>2023-08-09T22:12:05Z</time>
      </trkpt>
      <trkpt lat="42.49028358739789" lon="117.27537416470079">
        <ele>1558.1</ele>
        <time>2023-08-09T22:12:06Z</time>
      </trkpt>
      <trkpt lat="42.49028365697362" lon="117.275370493451">
        <ele>1558.1</ele>
        <time>2023-08-09T22:12:07Z</time>
      </trkpt>
      <trkpt lat="42.49028430334239" lon="117.27536775095317">
        <ele>1558.1</ele>
        <time>2023-08-09T22:12:08Z</time>
      </trkpt>
      <trkpt lat="42.49028529563349" lon="117.27536575039055">
        <ele>1558.1</ele>
        <time>2023-08-09T22:12:09Z</time>
      </trkpt>
      <trkpt lat="42.490286259977815" lon="117.27536449718065">
        <ele>1558.1</ele>
        <time>2023-08-09T22:12:10Z</time>
      </trkpt>
      <trkpt lat="42.49028745419684" lon="117.2753627208748">
        <ele>1558.1</ele>
        <time>2023-08-09T22:12:11Z</time>
      </trkpt>
      <trkpt lat="42.49028853189639" lon="117.27536200714142">
        <ele>1561</ele>
        <time>2023-08-09T22:12:12Z</time>
      </trkpt>
      <trkpt lat="42.49028973456886" lon="117.27536147081366">
        <ele>1561</ele>
        <time>2023-08-09T22:12:13Z</time>
      </trkpt>
      <trkpt lat="42.49029096947376" lon="117.27536084994405">
        <ele>1561</ele>
        <time>2023-08-09T22:12:14Z</time>
      </trkpt>
      <trkpt lat="42.49029136545955" lon="117.2753608529049">
        <ele>1561</ele>
        <time>2023-08-09T22:12:15Z</time>
      </trkpt>
      <trkpt lat="42.490290081072835" lon="117.27536362013106">
        <ele>1561</ele>
        <time>2023-08-09T22:12:17Z</time>
      </trkpt>
      <trkpt lat="42.49028800415422" lon="117.27536883300247">
        <ele>1561</ele>
        <time>2023-08-09T22:12:18Z</time>
      </trkpt>
      <trkpt lat="42.4902857759988" lon="117.27537445813236">
        <ele>1561</ele>
        <time>2023-08-09T22:12:19Z</time>
      </trkpt>
      <trkpt lat="42.49028413731343" lon="117.27537731940899">
        <ele>1561</ele>
        <time>2023-08-09T22:12:20Z</time>
      </trkpt>
      <trkpt lat="42.49028049099743" lon="117.27538241467504">
        <ele>1561</ele>
        <time>2023-08-09T22:12:21Z</time>
      </trkpt>
      <trkpt lat="42.49027901519141" lon="117.27538366390151">
        <ele>1563.1</ele>
        <time>2023-08-09T22:12:22Z</time>
      </trkpt>
      <trkpt lat="42.49027900057399" lon="117.2753828564454">
        <ele>1563.1</ele>
        <time>2023-08-09T22:12:23Z</time>
      </trkpt>
      <trkpt lat="42.49028005941296" lon="117.27537967347213">
        <ele>1563.1</ele>
        <time>2023-08-09T22:12:24Z</time>
      </trkpt>
      <trkpt lat="42.490281858294836" lon="117.27537427049509">
        <ele>1563.1</ele>
        <time>2023-08-09T22:12:25Z</time>
      </trkpt>
      <trkpt lat="42.490283287478114" lon="117.27537018757366">
        <ele>1563.1</ele>
        <time>2023-08-09T22:12:26Z</time>
      </trkpt>
      <trkpt lat="42.49028655765747" lon="117.27536350042291">
        <ele>1563.1</ele>
        <time>2023-08-09T22:12:27Z</time>
      </trkpt>
      <trkpt lat="42.49029117500088" lon="117.27535470173795">
        <ele>1563.1</ele>
        <time>2023-08-09T22:12:28Z</time>
      </trkpt>
      <trkpt lat="42.490298779241655" lon="117.27534165423188">
        <ele>1563.1</ele>
        <time>2023-08-09T22:12:29Z</time>
      </trkpt>
      <trkpt lat="42.490307965033345" lon="117.27532627257771">
        <ele>1563.1</ele>
        <time>2023-08-09T22:12:30Z</time>
      </trkpt>
      <trkpt lat="42.490318254824324" lon="117.27530861394585">
        <ele>1563.1</ele>
        <time>2023-08-09T22:12:31Z</time>
      </trkpt>
      <trkpt lat="42.4903297526133" lon="117.27528772143833">
        <ele>1565.8</ele>
        <time>2023-08-09T22:12:32Z</time>
      </trkpt>
      <trkpt lat="42.490341136563316" lon="117.27526398948126">
        <ele>1565.8</ele>
        <time>2023-08-09T22:12:33Z</time>
      </trkpt>
      <trkpt lat="42.490352396585806" lon="117.2752378942909">
        <ele>1565.8</ele>
        <time>2023-08-09T22:12:35Z</time>
      </trkpt>
      <trkpt lat="42.49036156330146" lon="117.27521202974215">
        <ele>1565.8</ele>
        <time>2023-08-09T22:12:36Z</time>
      </trkpt>
      <trkpt lat="42.490369682676075" lon="117.27518522295757">
        <ele>1565.8</ele>
        <time>2023-08-09T22:12:37Z</time>
      </trkpt>
      <trkpt lat="42.49037690617467" lon="117.27515632036855">
        <ele>1565.8</ele>
        <time>2023-08-09T22:12:38Z</time>
      </trkpt>
      <trkpt lat="42.490383360276496" lon="117.27512690202401">
        <ele>1565.8</ele>
        <time>2023-08-09T22:12:39Z</time>
      </trkpt>
      <trkpt lat="42.49038914612375" lon="117.2750984402947">
        <ele>1565.8</ele>
        <time>2023-08-09T22:12:40Z</time>
      </trkpt>
      <trkpt lat="42.490394438086305" lon="117.2750684521663">
        <ele>1565.8</ele>
        <time>2023-08-09T22:12:41Z</time>
      </trkpt>
      <trkpt lat="42.490399305376584" lon="117.27503786724986">
        <ele>1568.3</ele>
        <time>2023-08-09T22:12:42Z</time>
      </trkpt>
      <trkpt lat="42.49040351202581" lon="117.27500793810805">
        <ele>1568.3</ele>
        <time>2023-08-09T22:12:43Z</time>
      </trkpt>
      <trkpt lat="42.49040790785037" lon="117.27498081096525">
        <ele>1568.3</ele>
        <time>2023-08-09T22:12:44Z</time>
      </trkpt>
      <trkpt lat="42.49041371357384" lon="117.27495335524415">
        <ele>1568.3</ele>
        <time>2023-08-09T22:12:45Z</time>
      </trkpt>
      <trkpt lat="42.49041981869497" lon="117.2749256490967">
        <ele>1568.3</ele>
        <time>2023-08-09T22:12:46Z</time>
      </trkpt>
      <trkpt lat="42.49042666954855" lon="117.274897976851">
        <ele>1568.3</ele>
        <time>2023-08-09T22:12:47Z</time>
      </trkpt>
      <trkpt lat="42.49043528163185" lon="117.27487077737925">
        <ele>1568.3</ele>
        <time>2023-08-09T22:12:48Z</time>
      </trkpt>
      <trkpt lat="42.49044562580929" lon="117.27484359861477">
        <ele>1568.3</ele>
        <time>2023-08-09T22:12:49Z</time>
      </trkpt>
      <trkpt lat="42.490456935362836" lon="117.27481556612581">
        <ele>1568.3</ele>
        <time>2023-08-09T22:12:50Z</time>
      </trkpt>
      <trkpt lat="42.49046797921285" lon="117.27478861479712">
        <ele>1568.3</ele>
        <time>2023-08-09T22:12:51Z</time>
      </trkpt>
      <trkpt lat="42.49047979952188" lon="117.27476303103745">
        <ele>1572.1</ele>
        <time>2023-08-09T22:12:53Z</time>
      </trkpt>
      <trkpt lat="42.49049255243887" lon="117.274739311617">
        <ele>1572.1</ele>
        <time>2023-08-09T22:12:54Z</time>
      </trkpt>
      <trkpt lat="42.49050445144566" lon="117.27471696894857">
        <ele>1572.1</ele>
        <time>2023-08-09T22:12:55Z</time>
      </trkpt>
      <trkpt lat="42.49051582534352" lon="117.27469500468565">
        <ele>1572.1</ele>
        <time>2023-08-09T22:12:56Z</time>
      </trkpt>
      <trkpt lat="42.49052671326255" lon="117.27467339733948">
        <ele>1572.1</ele>
        <time>2023-08-09T22:12:57Z</time>
      </trkpt>
      <trkpt lat="42.490537244771716" lon="117.27465213719265">
        <ele>1572.1</ele>
        <time>2023-08-09T22:12:58Z</time>
      </trkpt>
      <trkpt lat="42.490547400693316" lon="117.27463107893374">
        <ele>1572.1</ele>
        <time>2023-08-09T22:12:59Z</time>
      </trkpt>
      <trkpt lat="42.49055663729528" lon="117.2746110016607">
        <ele>1572.1</ele>
        <time>2023-08-09T22:13:00Z</time>
      </trkpt>
      <trkpt lat="42.49056573630902" lon="117.27459088325448">
        <ele>1572.1</ele>
        <time>2023-08-09T22:13:01Z</time>
      </trkpt>
      <trkpt lat="42.49057476062649" lon="117.27457127046297">
        <ele>1572.1</ele>
        <time>2023-08-09T22:13:02Z</time>
      </trkpt>
      <trkpt lat="42.49058426716607" lon="117.27455158738428">
        <ele>1572.1</ele>
        <time>2023-08-09T22:13:03Z</time>
      </trkpt>
      <trkpt lat="42.49059382500551" lon="117.27453262791215">
        <ele>1572.1</ele>
        <time>2023-08-09T22:13:04Z</time>
      </trkpt>
      <trkpt lat="42.49060434447477" lon="117.27451308002762">
        <ele>1572.1</ele>
        <time>2023-08-09T22:13:05Z</time>
      </trkpt>
      <trkpt lat="42.49061481267894" lon="117.2744940176556">
        <ele>1572.1</ele>
        <time>2023-08-09T22:13:06Z</time>
      </trkpt>
      <trkpt lat="42.490625175109834" lon="117.27447518853205">
        <ele>1572.1</ele>
        <time>2023-08-09T22:13:07Z</time>
      </trkpt>
      <trkpt lat="42.490635253349794" lon="117.27445724522825">
        <ele>1572.1</ele>
        <time>2023-08-09T22:13:08Z</time>
      </trkpt>
      <trkpt lat="42.49064454844435" lon="117.27444041658113">
        <ele>1572.1</ele>
        <time>2023-08-09T22:13:09Z</time>
      </trkpt>
      <trkpt lat="42.49065363527322" lon="117.2744235518964">
        <ele>1572.1</ele>
        <time>2023-08-09T22:13:11Z</time>
      </trkpt>
      <trkpt lat="42.49066173793037" lon="117.2744081000906">
        <ele>1572.1</ele>
        <time>2023-08-09T22:13:12Z</time>
      </trkpt>
      <trkpt lat="42.49066939605944" lon="117.27439351643638">
        <ele>1572.1</ele>
        <time>2023-08-09T22:13:13Z</time>
      </trkpt>
      <trkpt lat="42.49067697782685" lon="117.2743794101983">
        <ele>1572.1</ele>
        <time>2023-08-09T22:13:14Z</time>
      </trkpt>
      <trkpt lat="42.49068435741962" lon="117.2743651593104">
        <ele>1572.1</ele>
        <time>2023-08-09T22:13:15Z</time>
      </trkpt>
      <trkpt lat="42.49069152874464" lon="117.27435201575123">
        <ele>1572.1</ele>
        <time>2023-08-09T22:13:16Z</time>
      </trkpt>
      <trkpt lat="42.49069760708319" lon="117.27433965972085">
        <ele>1572.1</ele>
        <time>2023-08-09T22:13:17Z</time>
      </trkpt>
      <trkpt lat="42.49070299125386" lon="117.27432838915358">
        <ele>1572.1</ele>
        <time>2023-08-09T22:13:18Z</time>
      </trkpt>
      <trkpt lat="42.49070736803225" lon="117.27431808309849">
        <ele>1572.1</ele>
        <time>2023-08-09T22:13:19Z</time>
      </trkpt>
      <trkpt lat="42.49071102562407" lon="117.27430984864634">
        <ele>1572.1</ele>
        <time>2023-08-09T22:13:20Z</time>
      </trkpt>
      <trkpt lat="42.490713922710924" lon="117.27430340836571">
        <ele>1572.1</ele>
        <time>2023-08-09T22:13:21Z</time>
      </trkpt>
      <trkpt lat="42.490716198510015" lon="117.27429811028033">
        <ele>1572.1</ele>
        <time>2023-08-09T22:13:22Z</time>
      </trkpt>
      <trkpt lat="42.49071848287137" lon="117.2742943914501">
        <ele>1572.1</ele>
        <time>2023-08-09T22:13:23Z</time>
      </trkpt>
      <trkpt lat="42.49072018042851" lon="117.27429168213796">
        <ele>1572.1</ele>
        <time>2023-08-09T22:13:24Z</time>
      </trkpt>
      <trkpt lat="42.490722066959044" lon="117.27428961159829">
        <ele>1572.1</ele>
        <time>2023-08-09T22:13:25Z</time>
      </trkpt>
      <trkpt lat="42.49072339682107" lon="117.27428814946356">
        <ele>1572.1</ele>
        <time>2023-08-09T22:13:26Z</time>
      </trkpt>
      <trkpt lat="42.49072450534555" lon="117.27428735308463">
        <ele>1572.1</ele>
        <time>2023-08-09T22:13:27Z</time>
      </trkpt>
      <trkpt lat="42.49072514242384" lon="117.27428730702704">
        <ele>1572.1</ele>
        <time>2023-08-09T22:13:28Z</time>
      </trkpt>
      <trkpt lat="42.49072529787373" lon="117.27428797065869">
        <ele>1572.1</ele>
        <time>2023-08-09T22:13:29Z</time>
      </trkpt>
      <trkpt lat="42.49072508871108" lon="117.27428907739487">
        <ele>1572.1</ele>
        <time>2023-08-09T22:13:30Z</time>
      </trkpt>
      <trkpt lat="42.49072478043284" lon="117.27429027263815">
        <ele>1572.1</ele>
        <time>2023-08-09T22:13:31Z</time>
      </trkpt>
      <trkpt lat="42.490724694298116" lon="117.27429072910111">
        <ele>1572.1</ele>
        <time>2023-08-09T22:13:32Z</time>
      </trkpt>
      <trkpt lat="42.49072551304581" lon="117.27429072961888">
        <ele>1572.1</ele>
        <time>2023-08-09T22:13:33Z</time>
      </trkpt>
      <trkpt lat="42.49072681915043" lon="117.27428918765848">
        <ele>1572.1</ele>
        <time>2023-08-09T22:13:34Z</time>
      </trkpt>
      <trkpt lat="42.490729284908035" lon="117.27428610742435">
        <ele>1572.1</ele>
        <time>2023-08-09T22:13:35Z</time>
      </trkpt>
      <trkpt lat="42.49073308770999" lon="117.27428157355524">
        <ele>1572.1</ele>
        <time>2023-08-09T22:13:36Z</time>
      </trkpt>
      <trkpt lat="42.4907381170489" lon="117.27427593174149">
        <ele>1572.1</ele>
        <time>2023-08-09T22:13:37Z</time>
      </trkpt>
      <trkpt lat="42.4907443520421" lon="117.27426963936618">
        <ele>1572.1</ele>
        <time>2023-08-09T22:13:38Z</time>
      </trkpt>
      <trkpt lat="42.49075122455948" lon="117.27426204270004">
        <ele>1572.1</ele>
        <time>2023-08-09T22:13:39Z</time>
      </trkpt>
      <trkpt lat="42.490760206870426" lon="117.27425298789869">
        <ele>1572.1</ele>
        <time>2023-08-09T22:13:40Z</time>
      </trkpt>
      <trkpt lat="42.49077020874027" lon="117.27424262859215">
        <ele>1572.1</ele>
        <time>2023-08-09T22:13:41Z</time>
      </trkpt>
      <trkpt lat="42.49078025011944" lon="117.27423126426007">
        <ele>1572.1</ele>
        <time>2023-08-09T22:13:42Z</time>
      </trkpt>
      <trkpt lat="42.49079075276286" lon="117.27421819945452">
        <ele>1572.1</ele>
        <time>2023-08-09T22:13:43Z</time>
      </trkpt>
      <trkpt lat="42.490801768906465" lon="117.27420371514225">
        <ele>1572.1</ele>
        <time>2023-08-09T22:13:44Z</time>
      </trkpt>
      <trkpt lat="42.49081298951799" lon="117.27418861399137">
        <ele>1572.1</ele>
        <time>2023-08-09T22:13:45Z</time>
      </trkpt>
      <trkpt lat="42.49082330560595" lon="117.27417354177285">
        <ele>1572.1</ele>
        <time>2023-08-09T22:13:46Z</time>
      </trkpt>
      <trkpt lat="42.49083246036015" lon="117.27415896784876">
        <ele>1572.1</ele>
        <time>2023-08-09T22:13:47Z</time>
      </trkpt>
      <trkpt lat="42.490841001051486" lon="117.27414271555872">
        <ele>1572.1</ele>
        <time>2023-08-09T22:13:48Z</time>
      </trkpt>
      <trkpt lat="42.49084949476518" lon="117.27412669730023">
        <ele>1572.1</ele>
        <time>2023-08-09T22:13:49Z</time>
      </trkpt>
      <trkpt lat="42.490857522443754" lon="117.2741107996277">
        <ele>1572.1</ele>
        <time>2023-08-09T22:13:50Z</time>
      </trkpt>
      <trkpt lat="42.490865442114576" lon="117.27409457163012">
        <ele>1572.1</ele>
        <time>2023-08-09T22:13:51Z</time>
      </trkpt>
      <trkpt lat="42.490873554643734" lon="117.27407838089596">
        <ele>1572.1</ele>
        <time>2023-08-09T22:13:52Z</time>
      </trkpt>
      <trkpt lat="42.490882452671805" lon="117.27406175948468">
        <ele>1572.1</ele>
        <time>2023-08-09T22:13:53Z</time>
      </trkpt>
      <trkpt lat="42.49089224755341" lon="117.2740470790093">
        <ele>1572.1</ele>
        <time>2023-08-09T22:13:54Z</time>
      </trkpt>
      <trkpt lat="42.490901047816365" lon="117.27403358768808">
        <ele>1572.1</ele>
        <time>2023-08-09T22:13:55Z</time>
      </trkpt>
      <trkpt lat="42.49090948115647" lon="117.2740202820892">
        <ele>1572.1</ele>
        <time>2023-08-09T22:13:56Z</time>
      </trkpt>
      <trkpt lat="42.49091726292827" lon="117.27400725732198">
        <ele>1572.1</ele>
        <time>2023-08-09T22:13:57Z</time>
      </trkpt>
      <trkpt lat="42.490924228492894" lon="117.27399487928759">
        <ele>1572.1</ele>
        <time>2023-08-09T22:13:58Z</time>
      </trkpt>
      <trkpt lat="42.49093041812568" lon="117.27398305000273">
        <ele>1572.1</ele>
        <time>2023-08-09T22:13:59Z</time>
      </trkpt>
      <trkpt lat="42.49093601904513" lon="117.27397095837833">
        <ele>1572.1</ele>
        <time>2023-08-09T22:14:00Z</time>
      </trkpt>
      <trkpt lat="42.49094184400542" lon="117.27395760670045">
        <ele>1572.1</ele>
        <time>2023-08-09T22:14:01Z</time>
      </trkpt>
      <trkpt lat="42.49094739527569" lon="117.27394391933724">
        <ele>1572.1</ele>
        <time>2023-08-09T22:14:02Z</time>
      </trkpt>
      <trkpt lat="42.490952390713545" lon="117.27393098236114">
        <ele>1572.1</ele>
        <time>2023-08-09T22:14:03Z</time>
      </trkpt>
      <trkpt lat="42.49095690113088" lon="117.27391785333448">
        <ele>1572.1</ele>
        <time>2023-08-09T22:14:04Z</time>
      </trkpt>
      <trkpt lat="42.490961151392355" lon="117.27390452375184">
        <ele>1572.1</ele>
        <time>2023-08-09T22:14:05Z</time>
      </trkpt>
      <trkpt lat="42.49096502454645" lon="117.27389226344071">
        <ele>1572.1</ele>
        <time>2023-08-09T22:14:06Z</time>
      </trkpt>
      <trkpt lat="42.49096901411886" lon="117.27388061571224">
        <ele>1572.1</ele>
        <time>2023-08-09T22:14:07Z</time>
      </trkpt>
      <trkpt lat="42.490973470634984" lon="117.273869719921">
        <ele>1572.1</ele>
        <time>2023-08-09T22:14:08Z</time>
      </trkpt>
      <trkpt lat="42.49097887405289" lon="117.27385826512639">
        <ele>1572.1</ele>
        <time>2023-08-09T22:14:09Z</time>
      </trkpt>
      <trkpt lat="42.49098423425078" lon="117.27384769241331">
        <ele>1572.1</ele>
        <time>2023-08-09T22:14:10Z</time>
      </trkpt>
      <trkpt lat="42.490989895748044" lon="117.2738375360805">
        <ele>1572.1</ele>
        <time>2023-08-09T22:14:11Z</time>
      </trkpt>
      <trkpt lat="42.49099612504806" lon="117.27382696923425">
        <ele>1572.1</ele>
        <time>2023-08-09T22:14:12Z</time>
      </trkpt>
      <trkpt lat="42.49100279614279" lon="117.27381649062842">
        <ele>1572.1</ele>
        <time>2023-08-09T22:14:13Z</time>
      </trkpt>
      <trkpt lat="42.49100935116401" lon="117.27380648841876">
        <ele>1572.1</ele>
        <time>2023-08-09T22:14:14Z</time>
      </trkpt>
      <trkpt lat="42.491016020966725" lon="117.2737964797135">
        <ele>1572.1</ele>
        <time>2023-08-09T22:14:15Z</time>
      </trkpt>
      <trkpt lat="42.49102334737824" lon="117.27378595218492">
        <ele>1572.1</ele>
        <time>2023-08-09T22:14:16Z</time>
      </trkpt>
      <trkpt lat="42.49103093055119" lon="117.27377564504599">
        <ele>1572.1</ele>
        <time>2023-08-09T22:14:17Z</time>
      </trkpt>
      <trkpt lat="42.491038122549064" lon="117.27376619947003">
        <ele>1572.1</ele>
        <time>2023-08-09T22:14:18Z</time>
      </trkpt>
      <trkpt lat="42.491044805735" lon="117.27375718776554">
        <ele>1572.1</ele>
        <time>2023-08-09T22:14:19Z</time>
      </trkpt>
      <trkpt lat="42.491050949544785" lon="117.27374902511447">
        <ele>1572.1</ele>
        <time>2023-08-09T22:14:20Z</time>
      </trkpt>
      <trkpt lat="42.49105635077686" lon="117.2737414063505">
        <ele>1572.1</ele>
        <time>2023-08-09T22:14:21Z</time>
      </trkpt>
      <trkpt lat="42.49106104190272" lon="117.27373495252783">
        <ele>1572.1</ele>
        <time>2023-08-09T22:14:22Z</time>
      </trkpt>
      <trkpt lat="42.49106475752435" lon="117.27372922655547">
        <ele>1572.1</ele>
        <time>2023-08-09T22:14:23Z</time>
      </trkpt>
      <trkpt lat="42.49106793780367" lon="117.27372351467586">
        <ele>1572.1</ele>
        <time>2023-08-09T22:14:24Z</time>
      </trkpt>
      <trkpt lat="42.49107086774843" lon="117.27371773696083">
        <ele>1572.1</ele>
        <time>2023-08-09T22:14:25Z</time>
      </trkpt>
      <trkpt lat="42.49107353195692" lon="117.2737118139046">
        <ele>1572.1</ele>
        <time>2023-08-09T22:14:26Z</time>
      </trkpt>
      <trkpt lat="42.49107593171038" lon="117.2737057180593">
        <ele>1572.1</ele>
        <time>2023-08-09T22:14:27Z</time>
      </trkpt>
      <trkpt lat="42.49107861371099" lon="117.27369886149043">
        <ele>1572.1</ele>
        <time>2023-08-09T22:14:28Z</time>
      </trkpt>
      <trkpt lat="42.491082039829344" lon="117.27369140025674">
        <ele>1572.1</ele>
        <time>2023-08-09T22:14:29Z</time>
      </trkpt>
      <trkpt lat="42.49108576217084" lon="117.27368416921817">
        <ele>1572.1</ele>
        <time>2023-08-09T22:14:30Z</time>
      </trkpt>
      <trkpt lat="42.49108982952904" lon="117.27367776609019">
        <ele>1572.1</ele>
        <time>2023-08-09T22:14:31Z</time>
      </trkpt>
      <trkpt lat="42.49109466154852" lon="117.27367111930062">
        <ele>1572.1</ele>
        <time>2023-08-09T22:14:32Z</time>
      </trkpt>
      <trkpt lat="42.49110027048523" lon="117.27366492156213">
        <ele>1572.1</ele>
        <time>2023-08-09T22:14:33Z</time>
      </trkpt>
      <trkpt lat="42.49110630051988" lon="117.27365851179724">
        <ele>1572.1</ele>
        <time>2023-08-09T22:14:34Z</time>
      </trkpt>
      <trkpt lat="42.49111183455155" lon="117.27365242441908">
        <ele>1572.1</ele>
        <time>2023-08-09T22:14:35Z</time>
      </trkpt>
      <trkpt lat="42.49111756761521" lon="117.27364488967403">
        <ele>1572.1</ele>
        <time>2023-08-09T22:14:36Z</time>
      </trkpt>
      <trkpt lat="42.491122764293756" lon="117.2736362665447">
        <ele>1572.1</ele>
        <time>2023-08-09T22:14:37Z</time>
      </trkpt>
      <trkpt lat="42.49112743948311" lon="117.27362664220495">
        <ele>1572.1</ele>
        <time>2023-08-09T22:14:38Z</time>
      </trkpt>
      <trkpt lat="42.49113181089375" lon="117.27361591458481">
        <ele>1572.1</ele>
        <time>2023-08-09T22:14:39Z</time>
      </trkpt>
      <trkpt lat="42.49113571365205" lon="117.27360532259229">
        <ele>1572.1</ele>
        <time>2023-08-09T22:14:40Z</time>
      </trkpt>
      <trkpt lat="42.49114045000797" lon="117.27359356391517">
        <ele>1572.1</ele>
        <time>2023-08-09T22:14:41Z</time>
      </trkpt>
      <trkpt lat="42.491145688796756" lon="117.27358196446673">
        <ele>1572.1</ele>
        <time>2023-08-09T22:14:42Z</time>
      </trkpt>
      <trkpt lat="42.49115162430855" lon="117.2735704881883">
        <ele>1572.1</ele>
        <time>2023-08-09T22:14:43Z</time>
      </trkpt>
      <trkpt lat="42.49115826821731" lon="117.27355910431056">
        <ele>1572.1</ele>
        <time>2023-08-09T22:14:44Z</time>
      </trkpt>
      <trkpt lat="42.491165494792924" lon="117.2735479088519">
        <ele>1572.1</ele>
        <time>2023-08-09T22:14:45Z</time>
      </trkpt>
      <trkpt lat="42.49117367855462" lon="117.27353590289398">
        <ele>1572.1</ele>
        <time>2023-08-09T22:14:46Z</time>
      </trkpt>
      <trkpt lat="42.491182071333725" lon="117.27352414193366">
        <ele>1572.1</ele>
        <time>2023-08-09T22:14:47Z</time>
      </trkpt>
      <trkpt lat="42.491190886145226" lon="117.27351247920217">
        <ele>1572.1</ele>
        <time>2023-08-09T22:14:48Z</time>
      </trkpt>
      <trkpt lat="42.49120027905371" lon="117.27350089756601">
        <ele>1572.1</ele>
        <time>2023-08-09T22:14:49Z</time>
      </trkpt>
      <trkpt lat="42.491209382755194" lon="117.27348991363314">
        <ele>1572.1</ele>
        <time>2023-08-09T22:14:50Z</time>
      </trkpt>
      <trkpt lat="42.49121871113225" lon="117.27347931814569">
        <ele>1572.1</ele>
        <time>2023-08-09T22:14:51Z</time>
      </trkpt>
      <trkpt lat="42.49122821371258" lon="117.27346933533615">
        <ele>1572.1</ele>
        <time>2023-08-09T22:14:52Z</time>
      </trkpt>
      <trkpt lat="42.49123818733804" lon="117.2734599320408">
        <ele>1572.1</ele>
        <time>2023-08-09T22:14:53Z</time>
      </trkpt>
      <trkpt lat="42.49124769778128" lon="117.27345134192839">
        <ele>1572.1</ele>
        <time>2023-08-09T22:14:54Z</time>
      </trkpt>
      <trkpt lat="42.49125708302882" lon="117.27344328071771">
        <ele>1572.1</ele>
        <time>2023-08-09T22:14:55Z</time>
      </trkpt>
      <trkpt lat="42.49126689282059" lon="117.27343525404011">
        <ele>1572.1</ele>
        <time>2023-08-09T22:14:56Z</time>
      </trkpt>
      <trkpt lat="42.49127591762539" lon="117.273428406535">
        <ele>1572.1</ele>
        <time>2023-08-09T22:14:57Z</time>
      </trkpt>
      <trkpt lat="42.49128428175003" lon="117.27342220201236">
        <ele>1572.1</ele>
        <time>2023-08-09T22:14:58Z</time>
      </trkpt>
      <trkpt lat="42.49129192194613" lon="117.27341645435882">
        <ele>1572.1</ele>
        <time>2023-08-09T22:14:59Z</time>
      </trkpt>
      <trkpt lat="42.49129996938726" lon="117.27341064056883">
        <ele>1572.1</ele>
        <time>2023-08-09T22:15:00Z</time>
      </trkpt>
      <trkpt lat="42.49130810949132" lon="117.27340484159927">
        <ele>1572.1</ele>
        <time>2023-08-09T22:15:01Z</time>
      </trkpt>
      <trkpt lat="42.4913159886385" lon="117.27339987291083">
        <ele>1572.1</ele>
        <time>2023-08-09T22:15:02Z</time>
      </trkpt>
      <trkpt lat="42.4913246657753" lon="117.27339425955716">
        <ele>1572.1</ele>
        <time>2023-08-09T22:15:03Z</time>
      </trkpt>
      <trkpt lat="42.491333939357595" lon="117.27338871301113">
        <ele>1572.1</ele>
        <time>2023-08-09T22:15:04Z</time>
      </trkpt>
      <trkpt lat="42.49134381208838" lon="117.2733833787064">
        <ele>1572.1</ele>
        <time>2023-08-09T22:15:05Z</time>
      </trkpt>
      <trkpt lat="42.49135374008312" lon="117.27337851652652">
        <ele>1572.1</ele>
        <time>2023-08-09T22:15:06Z</time>
      </trkpt>
      <trkpt lat="42.49136370748708" lon="117.27337401480159">
        <ele>1572.1</ele>
        <time>2023-08-09T22:15:07Z</time>
      </trkpt>
      <trkpt lat="42.49137372098542" lon="117.27336920793674">
        <ele>1572.1</ele>
        <time>2023-08-09T22:15:08Z</time>
      </trkpt>
      <trkpt lat="42.4913835935223" lon="117.2733641452142">
        <ele>1572.1</ele>
        <time>2023-08-09T22:15:09Z</time>
      </trkpt>
      <trkpt lat="42.49139332424318" lon="117.27335877190664">
        <ele>1572.1</ele>
        <time>2023-08-09T22:15:10Z</time>
      </trkpt>
      <trkpt lat="42.49140282437745" lon="117.27335301983452">
        <ele>1572.1</ele>
        <time>2023-08-09T22:15:11Z</time>
      </trkpt>
      <trkpt lat="42.491412477691874" lon="117.27334706845863">
        <ele>1572.1</ele>
        <time>2023-08-09T22:15:12Z</time>
      </trkpt>
      <trkpt lat="42.49142219495753" lon="117.27334076470082">
        <ele>1572.1</ele>
        <time>2023-08-09T22:15:13Z</time>
      </trkpt>
      <trkpt lat="42.49143197394493" lon="117.2733344281242">
        <ele>1572.1</ele>
        <time>2023-08-09T22:15:14Z</time>
      </trkpt>
      <trkpt lat="42.49144186099957" lon="117.27332777214839">
        <ele>1572.1</ele>
        <time>2023-08-09T22:15:15Z</time>
      </trkpt>
      <trkpt lat="42.49145182344581" lon="117.27332077608578">
        <ele>1572.1</ele>
        <time>2023-08-09T22:15:16Z</time>
      </trkpt>
      <trkpt lat="42.49146193920459" lon="117.2733133434239">
        <ele>1572.1</ele>
        <time>2023-08-09T22:15:17Z</time>
      </trkpt>
      <trkpt lat="42.49147143414781" lon="117.27330550840551">
        <ele>1572.1</ele>
        <time>2023-08-09T22:15:18Z</time>
      </trkpt>
      <trkpt lat="42.49148089902685" lon="117.27329744022336">
        <ele>1572.1</ele>
        <time>2023-08-09T22:15:19Z</time>
      </trkpt>
      <trkpt lat="42.49149101774784" lon="117.27328862456802">
        <ele>1572.1</ele>
        <time>2023-08-09T22:15:20Z</time>
      </trkpt>
      <trkpt lat="42.491501461329506" lon="117.27328005676067">
        <ele>1572.1</ele>
        <time>2023-08-09T22:15:21Z</time>
      </trkpt>
      <trkpt lat="42.491512343039034" lon="117.2732714407033">
        <ele>1572.1</ele>
        <time>2023-08-09T22:15:22Z</time>
      </trkpt>
      <trkpt lat="42.491522753951784" lon="117.27326332118054">
        <ele>1572.1</ele>
        <time>2023-08-09T22:15:23Z</time>
      </trkpt>
      <trkpt lat="42.49153379334436" lon="117.2732548916891">
        <ele>1572.1</ele>
        <time>2023-08-09T22:15:24Z</time>
      </trkpt>
      <trkpt lat="42.49154449977738" lon="117.27324665498328">
        <ele>1572.1</ele>
        <time>2023-08-09T22:15:25Z</time>
      </trkpt>
      <trkpt lat="42.491554778571775" lon="117.27323874995608">
        <ele>1572.1</ele>
        <time>2023-08-09T22:15:26Z</time>
      </trkpt>
      <trkpt lat="42.491564644216396" lon="117.27323084894824">
        <ele>1572.1</ele>
        <time>2023-08-09T22:15:27Z</time>
      </trkpt>
      <trkpt lat="42.49157410902618" lon="117.27322266416043">
        <ele>1572.1</ele>
        <time>2023-08-09T22:15:28Z</time>
      </trkpt>
      <trkpt lat="42.49158337789685" lon="117.27321399184103">
        <ele>1572.1</ele>
        <time>2023-08-09T22:15:29Z</time>
      </trkpt>
      <trkpt lat="42.491592268653896" lon="117.27320465359229">
        <ele>1572.1</ele>
        <time>2023-08-09T22:15:30Z</time>
      </trkpt>
      <trkpt lat="42.491600963694125" lon="117.27319443395783">
        <ele>1572.1</ele>
        <time>2023-08-09T22:15:31Z</time>
      </trkpt>
      <trkpt lat="42.491609316529285" lon="117.27318335004362">
        <ele>1572.1</ele>
        <time>2023-08-09T22:15:32Z</time>
      </trkpt>
      <trkpt lat="42.49161669506136" lon="117.27317239864385">
        <ele>1572.1</ele>
        <time>2023-08-09T22:15:33Z</time>
      </trkpt>
      <trkpt lat="42.49162345765654" lon="117.27316142141915">
        <ele>1572.1</ele>
        <time>2023-08-09T22:15:34Z</time>
      </trkpt>
      <trkpt lat="42.4916302151436" lon="117.27315002064263">
        <ele>1572.1</ele>
        <time>2023-08-09T22:15:35Z</time>
      </trkpt>
      <trkpt lat="42.49163645160156" lon="117.27313875412571">
        <ele>1572.1</ele>
        <time>2023-08-09T22:15:36Z</time>
      </trkpt>
      <trkpt lat="42.49164246440319" lon="117.27312744871682">
        <ele>1572.1</ele>
        <time>2023-08-09T22:15:37Z</time>
      </trkpt>
      <trkpt lat="42.49164786513218" lon="117.27311707367308">
        <ele>1572.1</ele>
        <time>2023-08-09T22:15:38Z</time>
      </trkpt>
      <trkpt lat="42.49165383667854" lon="117.27310618155865">
        <ele>1572.1</ele>
        <time>2023-08-09T22:15:39Z</time>
      </trkpt>
      <trkpt lat="42.4916598705018" lon="117.27309532437509">
        <ele>1572.1</ele>
        <time>2023-08-09T22:15:40Z</time>
      </trkpt>
      <trkpt lat="42.49166603923651" lon="117.27308428635875">
        <ele>1572.1</ele>
        <time>2023-08-09T22:15:41Z</time>
      </trkpt>
      <trkpt lat="42.491672544975316" lon="117.27307298202089">
        <ele>1572.1</ele>
        <time>2023-08-09T22:15:42Z</time>
      </trkpt>
      <trkpt lat="42.49167887615855" lon="117.27306271724656">
        <ele>1572.1</ele>
        <time>2023-08-09T22:15:43Z</time>
      </trkpt>
      <trkpt lat="42.49168603085351" lon="117.27305153500382">
        <ele>1572.1</ele>
        <time>2023-08-09T22:15:44Z</time>
      </trkpt>
      <trkpt lat="42.49169314615472" lon="117.27304119618664">
        <ele>1572.1</ele>
        <time>2023-08-09T22:15:45Z</time>
      </trkpt>
      <trkpt lat="42.49170081191006" lon="117.27303092122766">
        <ele>1572.1</ele>
        <time>2023-08-09T22:15:46Z</time>
      </trkpt>
      <trkpt lat="42.491708814702434" lon="117.2730208923767">
        <ele>1572.1</ele>
        <time>2023-08-09T22:15:47Z</time>
      </trkpt>
      <trkpt lat="42.491717060726" lon="117.27301105122055">
        <ele>1572.1</ele>
        <time>2023-08-09T22:15:48Z</time>
      </trkpt>
      <trkpt lat="42.49172550608796" lon="117.27300079975642">
        <ele>1572.1</ele>
        <time>2023-08-09T22:15:49Z</time>
      </trkpt>
      <trkpt lat="42.49173412915161" lon="117.27299027170947">
        <ele>1572.1</ele>
        <time>2023-08-09T22:15:50Z</time>
      </trkpt>
      <trkpt lat="42.49174313852834" lon="117.27297887490575">
        <ele>1572.1</ele>
        <time>2023-08-09T22:15:51Z</time>
      </trkpt>
      <trkpt lat="42.49175136165896" lon="117.27296798612048">
        <ele>1572.1</ele>
        <time>2023-08-09T22:15:52Z</time>
      </trkpt>
      <trkpt lat="42.49175955522541" lon="117.27295826034863">
        <ele>1572.1</ele>
        <time>2023-08-09T22:15:53Z</time>
      </trkpt>
      <trkpt lat="42.49176782779992" lon="117.27295005168055">
        <ele>1572.1</ele>
        <time>2023-08-09T22:15:54Z</time>
      </trkpt>
      <trkpt lat="42.49177657906667" lon="117.27294280661812">
        <ele>1572.1</ele>
        <time>2023-08-09T22:15:55Z</time>
      </trkpt>
      <trkpt lat="42.49178556589851" lon="117.27293688013769">
        <ele>1572.1</ele>
        <time>2023-08-09T22:15:56Z</time>
      </trkpt>
      <trkpt lat="42.491794014597836" lon="117.27293239141564">
        <ele>1572.1</ele>
        <time>2023-08-09T22:15:57Z</time>
      </trkpt>
      <trkpt lat="42.49180330079137" lon="117.27292836343516">
        <ele>1572.1</ele>
        <time>2023-08-09T22:15:58Z</time>
      </trkpt>
      <trkpt lat="42.49181268032923" lon="117.27292432440856">
        <ele>1572.1</ele>
        <time>2023-08-09T22:15:59Z</time>
      </trkpt>
      <trkpt lat="42.4918213811731" lon="117.27291987974417">
        <ele>1572.1</ele>
        <time>2023-08-09T22:16:00Z</time>
      </trkpt>
      <trkpt lat="42.491829971082765" lon="117.27291504787598">
        <ele>1572.1</ele>
        <time>2023-08-09T22:16:01Z</time>
      </trkpt>
      <trkpt lat="42.49183822507876" lon="117.27291037188492">
        <ele>1572.1</ele>
        <time>2023-08-09T22:16:02Z</time>
      </trkpt>
      <trkpt lat="42.49184641447508" lon="117.27290578567057">
        <ele>1572.1</ele>
        <time>2023-08-09T22:16:03Z</time>
      </trkpt>
      <trkpt lat="42.49185407101927" lon="117.27290093922684">
        <ele>1572.1</ele>
        <time>2023-08-09T22:16:04Z</time>
      </trkpt>
      <trkpt lat="42.491860952906976" lon="117.27289635622694">
        <ele>1572.1</ele>
        <time>2023-08-09T22:16:05Z</time>
      </trkpt>
      <trkpt lat="42.49186833567426" lon="117.27289147153705">
        <ele>1572.1</ele>
        <time>2023-08-09T22:16:06Z</time>
      </trkpt>
      <trkpt lat="42.49187545739077" lon="117.27288620732023">
        <ele>1572.1</ele>
        <time>2023-08-09T22:16:07Z</time>
      </trkpt>
      <trkpt lat="42.4918821054205" lon="117.27288035575815">
        <ele>1572.1</ele>
        <time>2023-08-09T22:16:08Z</time>
      </trkpt>
      <trkpt lat="42.491888790353" lon="117.27287367810993">
        <ele>1572.1</ele>
        <time>2023-08-09T22:16:09Z</time>
      </trkpt>
      <trkpt lat="42.4918943614974" lon="117.27286749550173">
        <ele>1572.1</ele>
        <time>2023-08-09T22:16:10Z</time>
      </trkpt>
      <trkpt lat="42.4919000864601" lon="117.27286092705363">
        <ele>1572.1</ele>
        <time>2023-08-09T22:16:11Z</time>
      </trkpt>
      <trkpt lat="42.49190554502521" lon="117.27285457656521">
        <ele>1572.1</ele>
        <time>2023-08-09T22:16:12Z</time>
      </trkpt>
      <trkpt lat="42.49191111986058" lon="117.27284868689658">
        <ele>1572.1</ele>
        <time>2023-08-09T22:16:13Z</time>
      </trkpt>
      <trkpt lat="42.49191636217786" lon="117.27284355919423">
        <ele>1572.1</ele>
        <time>2023-08-09T22:16:14Z</time>
      </trkpt>
      <trkpt lat="42.49192212033893" lon="117.2728392193282">
        <ele>1572.1</ele>
        <time>2023-08-09T22:16:15Z</time>
      </trkpt>
      <trkpt lat="42.49192928498302" lon="117.27283503900732">
        <ele>1572.1</ele>
        <time>2023-08-09T22:16:16Z</time>
      </trkpt>
      <trkpt lat="42.49193680502772" lon="117.27283104962268">
        <ele>1572.1</ele>
        <time>2023-08-09T22:16:17Z</time>
      </trkpt>
      <trkpt lat="42.49194405013397" lon="117.27282799126472">
        <ele>1572.1</ele>
        <time>2023-08-09T22:16:18Z</time>
      </trkpt>
      <trkpt lat="42.49195151101726" lon="117.27282483180167">
        <ele>1572.1</ele>
        <time>2023-08-09T22:16:19Z</time>
      </trkpt>
      <trkpt lat="42.49196010613338" lon="117.27282136651388">
        <ele>1572.1</ele>
        <time>2023-08-09T22:16:20Z</time>
      </trkpt>
      <trkpt lat="42.49196932095423" lon="117.27281740837189">
        <ele>1572.1</ele>
        <time>2023-08-09T22:16:21Z</time>
      </trkpt>
      <trkpt lat="42.49197844069231" lon="117.27281315285076">
        <ele>1572.1</ele>
        <time>2023-08-09T22:16:22Z</time>
      </trkpt>
      <trkpt lat="42.49198815635701" lon="117.27280840392942">
        <ele>1572.1</ele>
        <time>2023-08-09T22:16:23Z</time>
      </trkpt>
      <trkpt lat="42.49199875313194" lon="117.27280243779944">
        <ele>1572.1</ele>
        <time>2023-08-09T22:16:24Z</time>
      </trkpt>
      <trkpt lat="42.49200966091589" lon="117.27279647883879">
        <ele>1572.1</ele>
        <time>2023-08-09T22:16:25Z</time>
      </trkpt>
      <trkpt lat="42.49202010779106" lon="117.27279093730527">
        <ele>1572.1</ele>
        <time>2023-08-09T22:16:26Z</time>
      </trkpt>
      <trkpt lat="42.49203079235266" lon="117.27278600671987">
        <ele>1572.1</ele>
        <time>2023-08-09T22:16:27Z</time>
      </trkpt>
      <trkpt lat="42.49204263393222" lon="117.27278126304867">
        <ele>1572.1</ele>
        <time>2023-08-09T22:16:28Z</time>
      </trkpt>
      <trkpt lat="42.49205515211234" lon="117.27277713625884">
        <ele>1572.7</ele>
        <time>2023-08-09T22:16:29Z</time>
      </trkpt>
      <trkpt lat="42.49206860678325" lon="117.272773928333">
        <ele>1572.7</ele>
        <time>2023-08-09T22:16:30Z</time>
      </trkpt>
      <trkpt lat="42.49208304115489" lon="117.27277132889192">
        <ele>1572.7</ele>
        <time>2023-08-09T22:16:31Z</time>
      </trkpt>
      <trkpt lat="42.49209924948504" lon="117.27276893249953">
        <ele>1572.7</ele>
        <time>2023-08-09T22:16:32Z</time>
      </trkpt>
      <trkpt lat="42.492115452487546" lon="117.27276664369182">
        <ele>1572.7</ele>
        <time>2023-08-09T22:16:33Z</time>
      </trkpt>
      <trkpt lat="42.49213231995539" lon="117.27276452150045">
        <ele>1572.7</ele>
        <time>2023-08-09T22:16:34Z</time>
      </trkpt>
      <trkpt lat="42.492149396359075" lon="117.27276263551413">
        <ele>1572.7</ele>
        <time>2023-08-09T22:16:35Z</time>
      </trkpt>
      <trkpt lat="42.49216651375125" lon="117.27276108351626">
        <ele>1572.7</ele>
        <time>2023-08-09T22:16:36Z</time>
      </trkpt>
      <trkpt lat="42.492182963168545" lon="117.27275937048462">
        <ele>1572.7</ele>
        <time>2023-08-09T22:16:37Z</time>
      </trkpt>
      <trkpt lat="42.49219925692978" lon="117.27275779095932">
        <ele>1572.7</ele>
        <time>2023-08-09T22:16:38Z</time>
      </trkpt>
      <trkpt lat="42.492216080556524" lon="117.27275583912704">
        <ele>1573.5</ele>
        <time>2023-08-09T22:16:39Z</time>
      </trkpt>
      <trkpt lat="42.492232267776025" lon="117.27275358480244">
        <ele>1573.5</ele>
        <time>2023-08-09T22:16:40Z</time>
      </trkpt>
      <trkpt lat="42.49224781995436" lon="117.27275099876078">
        <ele>1573.5</ele>
        <time>2023-08-09T22:16:41Z</time>
      </trkpt>
      <trkpt lat="42.49226217136665" lon="117.27274820744823">
        <ele>1573.5</ele>
        <time>2023-08-09T22:16:42Z</time>
      </trkpt>
      <trkpt lat="42.49227658371988" lon="117.27274534411326">
        <ele>1573.5</ele>
        <time>2023-08-09T22:16:43Z</time>
      </trkpt>
      <trkpt lat="42.49229012754012" lon="117.27274212546635">
        <ele>1573.5</ele>
        <time>2023-08-09T22:16:44Z</time>
      </trkpt>
      <trkpt lat="42.492303081522714" lon="117.27273879629547">
        <ele>1573.5</ele>
        <time>2023-08-09T22:16:45Z</time>
      </trkpt>
      <trkpt lat="42.49231498709656" lon="117.2727358539695">
        <ele>1573.5</ele>
        <time>2023-08-09T22:16:46Z</time>
      </trkpt>
      <trkpt lat="42.49232674891967" lon="117.27273280102962">
        <ele>1573.5</ele>
        <time>2023-08-09T22:16:47Z</time>
      </trkpt>
      <trkpt lat="42.49233862516559" lon="117.27272929672">
        <ele>1573.5</ele>
        <time>2023-08-09T22:16:48Z</time>
      </trkpt>
      <trkpt lat="42.492349404127914" lon="117.2727257971607">
        <ele>1575.1</ele>
        <time>2023-08-09T22:16:49Z</time>
      </trkpt>
      <trkpt lat="42.492359456851155" lon="117.27272197622489">
        <ele>1575.1</ele>
        <time>2023-08-09T22:16:50Z</time>
      </trkpt>
      <trkpt lat="42.492368280557926" lon="117.27271855511688">
        <ele>1575.1</ele>
        <time>2023-08-09T22:16:51Z</time>
      </trkpt>
      <trkpt lat="42.49237731242826" lon="117.2727143963677">
        <ele>1575.1</ele>
        <time>2023-08-09T22:16:52Z</time>
      </trkpt>
      <trkpt lat="42.492385754484275" lon="117.27271029611356">
        <ele>1575.1</ele>
        <time>2023-08-09T22:16:53Z</time>
      </trkpt>
      <trkpt lat="42.492394113406135" lon="117.27270655464895">
        <ele>1575.1</ele>
        <time>2023-08-09T22:16:54Z</time>
      </trkpt>
      <trkpt lat="42.492402303806664" lon="117.2727032311925">
        <ele>1575.1</ele>
        <time>2023-08-09T22:16:55Z</time>
      </trkpt>
      <trkpt lat="42.49241096642158" lon="117.2727003693831">
        <ele>1575.1</ele>
        <time>2023-08-09T22:16:56Z</time>
      </trkpt>
      <trkpt lat="42.49242057093538" lon="117.27269721055423">
        <ele>1575.1</ele>
        <time>2023-08-09T22:16:57Z</time>
      </trkpt>
      <trkpt lat="42.49243043824061" lon="117.27269450530783">
        <ele>1575.1</ele>
        <time>2023-08-09T22:16:58Z</time>
      </trkpt>
      <trkpt lat="42.49244081114659" lon="117.27269169691354">
        <ele>1576.6</ele>
        <time>2023-08-09T22:16:59Z</time>
      </trkpt>
      <trkpt lat="42.492450828387284" lon="117.27268849326946">
        <ele>1576.6</ele>
        <time>2023-08-09T22:17:00Z</time>
      </trkpt>
      <trkpt lat="42.49246185159173" lon="117.27268466683157">
        <ele>1576.6</ele>
        <time>2023-08-09T22:17:01Z</time>
      </trkpt>
      <trkpt lat="42.49247251408639" lon="117.27268099809403">
        <ele>1576.6</ele>
        <time>2023-08-09T22:17:02Z</time>
      </trkpt>
      <trkpt lat="42.49248355625538" lon="117.27267769329947">
        <ele>1576.6</ele>
        <time>2023-08-09T22:17:03Z</time>
      </trkpt>
      <trkpt lat="42.49249489131363" lon="117.27267502877483">
        <ele>1576.6</ele>
        <time>2023-08-09T22:17:04Z</time>
      </trkpt>
      <trkpt lat="42.49250674873532" lon="117.27267343145853">
        <ele>1576.6</ele>
        <time>2023-08-09T22:17:05Z</time>
      </trkpt>
      <trkpt lat="42.49252018955519" lon="117.27267270860311">
        <ele>1576.6</ele>
        <time>2023-08-09T22:17:06Z</time>
      </trkpt>
      <trkpt lat="42.492533790422264" lon="117.27267262678683">
        <ele>1576.6</ele>
        <time>2023-08-09T22:17:07Z</time>
      </trkpt>
      <trkpt lat="42.492548131819404" lon="117.27267292352454">
        <ele>1576.6</ele>
        <time>2023-08-09T22:17:08Z</time>
      </trkpt>
      <trkpt lat="42.492562343845684" lon="117.27267352720251">
        <ele>1578.8</ele>
        <time>2023-08-09T22:17:09Z</time>
      </trkpt>
      <trkpt lat="42.49257653078745" lon="117.27267416287407">
        <ele>1578.8</ele>
        <time>2023-08-09T22:17:10Z</time>
      </trkpt>
      <trkpt lat="42.49258941457395" lon="117.272674488392">
        <ele>1578.8</ele>
        <time>2023-08-09T22:17:11Z</time>
      </trkpt>
      <trkpt lat="42.492601556289564" lon="117.2726747576414">
        <ele>1578.8</ele>
        <time>2023-08-09T22:17:12Z</time>
      </trkpt>
      <trkpt lat="42.49261371434612" lon="117.27267527069597">
        <ele>1578.8</ele>
        <time>2023-08-09T22:17:13Z</time>
      </trkpt>
      <trkpt lat="42.49262576251095" lon="117.27267580924419">
        <ele>1578.8</ele>
        <time>2023-08-09T22:17:14Z</time>
      </trkpt>
      <trkpt lat="42.49263761001342" lon="117.27267635424789">
        <ele>1578.8</ele>
        <time>2023-08-09T22:17:15Z</time>
      </trkpt>
      <trkpt lat="42.49264928603628" lon="117.27267694164308">
        <ele>1578.8</ele>
        <time>2023-08-09T22:17:16Z</time>
      </trkpt>
      <trkpt lat="42.49266318819433" lon="117.27267786377199">
        <ele>1578.8</ele>
        <time>2023-08-09T22:17:17Z</time>
      </trkpt>
      <trkpt lat="42.49267731688147" lon="117.27267897868734">
        <ele>1578.8</ele>
        <time>2023-08-09T22:17:18Z</time>
      </trkpt>
      <trkpt lat="42.49269047621443" lon="117.27268022321503">
        <ele>1581.1</ele>
        <time>2023-08-09T22:17:19Z</time>
      </trkpt>
      <trkpt lat="42.49270369286359" lon="117.27268168035253">
        <ele>1581.1</ele>
        <time>2023-08-09T22:17:20Z</time>
      </trkpt>
      <trkpt lat="42.49271696658457" lon="117.27268335759518">
        <ele>1581.1</ele>
        <time>2023-08-09T22:17:21Z</time>
      </trkpt>
      <trkpt lat="42.49273023454565" lon="117.27268523723495">
        <ele>1581.1</ele>
        <time>2023-08-09T22:17:23Z</time>
      </trkpt>
      <trkpt lat="42.49274216905272" lon="117.27268711825866">
        <ele>1581.1</ele>
        <time>2023-08-09T22:17:24Z</time>
      </trkpt>
      <trkpt lat="42.49275424176271" lon="117.27268909983158">
        <ele>1581.1</ele>
        <time>2023-08-09T22:17:25Z</time>
      </trkpt>
      <trkpt lat="42.49276723181767" lon="117.27269117567148">
        <ele>1581.1</ele>
        <time>2023-08-09T22:17:26Z</time>
      </trkpt>
      <trkpt lat="42.492779181415195" lon="117.2726931735073">
        <ele>1581.1</ele>
        <time>2023-08-09T22:17:27Z</time>
      </trkpt>
      <trkpt lat="42.492791090972794" lon="117.2726951137249">
        <ele>1581.1</ele>
        <time>2023-08-09T22:17:28Z</time>
      </trkpt>
      <trkpt lat="42.49280305698779" lon="117.2726969558239">
        <ele>1582.6</ele>
        <time>2023-08-09T22:17:29Z</time>
      </trkpt>
      <trkpt lat="42.49281505812279" lon="117.27269867900624">
        <ele>1582.6</ele>
        <time>2023-08-09T22:17:30Z</time>
      </trkpt>
      <trkpt lat="42.49282571325294" lon="117.2727001889803">
        <ele>1582.6</ele>
        <time>2023-08-09T22:17:31Z</time>
      </trkpt>
      <trkpt lat="42.49283616454455" lon="117.27270153219364">
        <ele>1582.6</ele>
        <time>2023-08-09T22:17:32Z</time>
      </trkpt>
      <trkpt lat="42.49284759639479" lon="117.27270274696801">
        <ele>1582.6</ele>
        <time>2023-08-09T22:17:33Z</time>
      </trkpt>
      <trkpt lat="42.49285914547415" lon="117.27270374608847">
        <ele>1582.6</ele>
        <time>2023-08-09T22:17:34Z</time>
      </trkpt>
      <trkpt lat="42.49286970649905" lon="117.2727044442301">
        <ele>1582.6</ele>
        <time>2023-08-09T22:17:35Z</time>
      </trkpt>
      <trkpt lat="42.49288024576845" lon="117.27270489199579">
        <ele>1582.6</ele>
        <time>2023-08-09T22:17:36Z</time>
      </trkpt>
      <trkpt lat="42.49289192081079" lon="117.27270517125524">
        <ele>1582.6</ele>
        <time>2023-08-09T22:17:37Z</time>
      </trkpt>
      <trkpt lat="42.49290402659621" lon="117.27270525908592">
        <ele>1582.6</ele>
        <time>2023-08-09T22:17:38Z</time>
      </trkpt>
      <trkpt lat="42.4929164551167" lon="117.27270517246127">
        <ele>1584.8</ele>
        <time>2023-08-09T22:17:39Z</time>
      </trkpt>
      <trkpt lat="42.49292889917973" lon="117.27270494003311">
        <ele>1584.8</ele>
        <time>2023-08-09T22:17:40Z</time>
      </trkpt>
      <trkpt lat="42.492942430052274" lon="117.27270468777851">
        <ele>1584.8</ele>
        <time>2023-08-09T22:17:41Z</time>
      </trkpt>
      <trkpt lat="42.492954992544604" lon="117.27270435788573">
        <ele>1584.8</ele>
        <time>2023-08-09T22:17:42Z</time>
      </trkpt>
      <trkpt lat="42.49296813385853" lon="117.27270352716201">
        <ele>1584.8</ele>
        <time>2023-08-09T22:17:43Z</time>
      </trkpt>
      <trkpt lat="42.492981283293375" lon="117.27270204942317">
        <ele>1584.8</ele>
        <time>2023-08-09T22:17:44Z</time>
      </trkpt>
      <trkpt lat="42.49299359436827" lon="117.27270066400565">
        <ele>1584.8</ele>
        <time>2023-08-09T22:17:45Z</time>
      </trkpt>
      <trkpt lat="42.49300539095262" lon="117.27269858729673">
        <ele>1584.8</ele>
        <time>2023-08-09T22:17:46Z</time>
      </trkpt>
      <trkpt lat="42.493016205988475" lon="117.27269607870392">
        <ele>1584.8</ele>
        <time>2023-08-09T22:17:47Z</time>
      </trkpt>
      <trkpt lat="42.49302789580343" lon="117.2726930478253">
        <ele>1584.8</ele>
        <time>2023-08-09T22:17:48Z</time>
      </trkpt>
      <trkpt lat="42.49303861126941" lon="117.27269047570577">
        <ele>1586.5</ele>
        <time>2023-08-09T22:17:49Z</time>
      </trkpt>
      <trkpt lat="42.49304893315793" lon="117.27268842195295">
        <ele>1586.5</ele>
        <time>2023-08-09T22:17:50Z</time>
      </trkpt>
      <trkpt lat="42.49305967557349" lon="117.2726862661388">
        <ele>1586.5</ele>
        <time>2023-08-09T22:17:51Z</time>
      </trkpt>
      <trkpt lat="42.493070363138116" lon="117.27268413352222">
        <ele>1586.5</ele>
        <time>2023-08-09T22:17:52Z</time>
      </trkpt>
      <trkpt lat="42.49308199913813" lon="117.27268255209654">
        <ele>1586.5</ele>
        <time>2023-08-09T22:17:53Z</time>
      </trkpt>
      <trkpt lat="42.493093795188976" lon="117.27268145080669">
        <ele>1586.5</ele>
        <time>2023-08-09T22:17:54Z</time>
      </trkpt>
      <trkpt lat="42.49310584836361" lon="117.27268059986162">
        <ele>1586.5</ele>
        <time>2023-08-09T22:17:55Z</time>
      </trkpt>
      <trkpt lat="42.493117909128934" lon="117.27268045446233">
        <ele>1586.5</ele>
        <time>2023-08-09T22:17:56Z</time>
      </trkpt>
      <trkpt lat="42.49313002155855" lon="117.2726802321707">
        <ele>1586.5</ele>
        <time>2023-08-09T22:17:57Z</time>
      </trkpt>
      <trkpt lat="42.49314181758955" lon="117.27268099652412">
        <ele>1586.5</ele>
        <time>2023-08-09T22:17:58Z</time>
      </trkpt>
      <trkpt lat="42.49315279505003" lon="117.27268153282999">
        <ele>1588.1</ele>
        <time>2023-08-09T22:17:59Z</time>
      </trkpt>
      <trkpt lat="42.49316326536521" lon="117.27268200918934">
        <ele>1588.1</ele>
        <time>2023-08-09T22:18:00Z</time>
      </trkpt>
      <trkpt lat="42.49317357375408" lon="117.27268238667108">
        <ele>1588.1</ele>
        <time>2023-08-09T22:18:01Z</time>
      </trkpt>
      <trkpt lat="42.493183691682134" lon="117.27268238804893">
        <ele>1588.1</ele>
        <time>2023-08-09T22:18:02Z</time>
      </trkpt>
      <trkpt lat="42.49319345388769" lon="117.27268248305118">
        <ele>1588.1</ele>
        <time>2023-08-09T22:18:03Z</time>
      </trkpt>
      <trkpt lat="42.49320371967852" lon="117.2726821610236">
        <ele>1588.1</ele>
        <time>2023-08-09T22:18:04Z</time>
      </trkpt>
      <trkpt lat="42.493213868039284" lon="117.27268201603916">
        <ele>1588.1</ele>
        <time>2023-08-09T22:18:05Z</time>
      </trkpt>
      <trkpt lat="42.493224406004465" lon="117.27268187874354">
        <ele>1588.1</ele>
        <time>2023-08-09T22:18:06Z</time>
      </trkpt>
      <trkpt lat="42.49323514218453" lon="117.27268153954319">
        <ele>1588.1</ele>
        <time>2023-08-09T22:18:07Z</time>
      </trkpt>
      <trkpt lat="42.49324632118194" lon="117.27268101239203">
        <ele>1588.1</ele>
        <time>2023-08-09T22:18:08Z</time>
      </trkpt>
      <trkpt lat="42.493258046425986" lon="117.27268059468635">
        <ele>1589.6</ele>
        <time>2023-08-09T22:18:09Z</time>
      </trkpt>
      <trkpt lat="42.49326930397409" lon="117.27268055295256">
        <ele>1589.6</ele>
        <time>2023-08-09T22:18:10Z</time>
      </trkpt>
      <trkpt lat="42.49328124549625" lon="117.27268074386016">
        <ele>1589.6</ele>
        <time>2023-08-09T22:18:11Z</time>
      </trkpt>
      <trkpt lat="42.49329294501083" lon="117.2726811893962">
        <ele>1589.6</ele>
        <time>2023-08-09T22:18:12Z</time>
      </trkpt>
      <trkpt lat="42.493304409499984" lon="117.27268180273475">
        <ele>1589.6</ele>
        <time>2023-08-09T22:18:13Z</time>
      </trkpt>
      <trkpt lat="42.49331565039294" lon="117.27268251879475">
        <ele>1589.6</ele>
        <time>2023-08-09T22:18:14Z</time>
      </trkpt>
      <trkpt lat="42.49332597370484" lon="117.27268283267723">
        <ele>1589.6</ele>
        <time>2023-08-09T22:18:15Z</time>
      </trkpt>
      <trkpt lat="42.49333707406755" lon="117.27268254075955">
        <ele>1589.6</ele>
        <time>2023-08-09T22:18:16Z</time>
      </trkpt>
      <trkpt lat="42.49334840129727" lon="117.27268144555241">
        <ele>1589.6</ele>
        <time>2023-08-09T22:18:17Z</time>
      </trkpt>
      <trkpt lat="42.493359432484915" lon="117.27268013226033">
        <ele>1589.6</ele>
        <time>2023-08-09T22:18:18Z</time>
      </trkpt>
      <trkpt lat="42.493370745470834" lon="117.2726780878282">
        <ele>1591.3</ele>
        <time>2023-08-09T22:18:19Z</time>
      </trkpt>
      <trkpt lat="42.49338204183853" lon="117.27267524449604">
        <ele>1591.3</ele>
        <time>2023-08-09T22:18:20Z</time>
      </trkpt>
      <trkpt lat="42.49339425027626" lon="117.27267178995525">
        <ele>1591.3</ele>
        <time>2023-08-09T22:18:21Z</time>
      </trkpt>
      <trkpt lat="42.49340597573994" lon="117.27266824151118">
        <ele>1591.3</ele>
        <time>2023-08-09T22:18:22Z</time>
      </trkpt>
      <trkpt lat="42.493417748686724" lon="117.27266458765159">
        <ele>1591.3</ele>
        <time>2023-08-09T22:18:23Z</time>
      </trkpt>
      <trkpt lat="42.49343021529188" lon="117.272660391349">
        <ele>1591.3</ele>
        <time>2023-08-09T22:18:24Z</time>
      </trkpt>
      <trkpt lat="42.493442775270736" lon="117.27265626628957">
        <ele>1591.3</ele>
        <time>2023-08-09T22:18:25Z</time>
      </trkpt>
      <trkpt lat="42.493455398681824" lon="117.27265235325031">
        <ele>1591.3</ele>
        <time>2023-08-09T22:18:26Z</time>
      </trkpt>
      <trkpt lat="42.49346700264163" lon="117.27264887911352">
        <ele>1591.3</ele>
        <time>2023-08-09T22:18:27Z</time>
      </trkpt>
      <trkpt lat="42.493478797367366" lon="117.27264510627627">
        <ele>1591.3</ele>
        <time>2023-08-09T22:18:28Z</time>
      </trkpt>
      <trkpt lat="42.493490012740764" lon="117.27264132830395">
        <ele>1592.9</ele>
        <time>2023-08-09T22:18:29Z</time>
      </trkpt>
      <trkpt lat="42.49350046864471" lon="117.27263732225472">
        <ele>1592.9</ele>
        <time>2023-08-09T22:18:30Z</time>
      </trkpt>
      <trkpt lat="42.49351026343076" lon="117.27263410994742">
        <ele>1592.9</ele>
        <time>2023-08-09T22:18:31Z</time>
      </trkpt>
      <trkpt lat="42.493518797511854" lon="117.27263099058713">
        <ele>1592.9</ele>
        <time>2023-08-09T22:18:32Z</time>
      </trkpt>
      <trkpt lat="42.49352681302695" lon="117.27262830265471">
        <ele>1592.9</ele>
        <time>2023-08-09T22:18:33Z</time>
      </trkpt>
      <trkpt lat="42.493533644770324" lon="117.27262631141579">
        <ele>1592.9</ele>
        <time>2023-08-09T22:18:34Z</time>
      </trkpt>
      <trkpt lat="42.49353976763786" lon="117.2726248433843">
        <ele>1592.9</ele>
        <time>2023-08-09T22:18:35Z</time>
      </trkpt>
      <trkpt lat="42.4935458725521" lon="117.27262405737766">
        <ele>1592.9</ele>
        <time>2023-08-09T22:18:36Z</time>
      </trkpt>
      <trkpt lat="42.49355188862812" lon="117.27262270793517">
        <ele>1592.9</ele>
        <time>2023-08-09T22:18:37Z</time>
      </trkpt>
      <trkpt lat="42.49355857325867" lon="117.27262125095885">
        <ele>1592.9</ele>
        <time>2023-08-09T22:18:38Z</time>
      </trkpt>
      <trkpt lat="42.4935659563523" lon="117.27261916227458">
        <ele>0</ele>
        <time>2023-08-09T22:18:39Z</time>
      </trkpt>
      <trkpt lat="42.49357352832112" lon="117.27261725308612">
        <ele>0</ele>
        <time>2023-08-09T22:18:40Z</time>
      </trkpt>
      <trkpt lat="42.49358145031441" lon="117.27261486724208">
        <ele>0</ele>
        <time>2023-08-09T22:18:41Z</time>
      </trkpt>
      <trkpt lat="42.49358555811926" lon="117.27261355298255">
        <ele>0</ele>
        <time>2023-08-09T22:18:42Z</time>
      </trkpt>
      <trkpt lat="42.49358903801305" lon="117.27261230102498">
        <ele>0</ele>
        <time>2023-08-09T22:18:43Z</time>
      </trkpt>
      <trkpt lat="42.493591604141116" lon="117.27261136204172">
        <ele>0</ele>
        <time>2023-08-09T22:18:44Z</time>
      </trkpt>
    </trkseg>
  </trk>
</gpx>