<?xml version="1.0" encoding="UTF-8"?>
<gpx xmlns="http://www.topografix.com/GPX/1/1" xmlns:gpxtpx="http://www.garmin.com/xmlschemas/TrackPointExtension/v1" xmlns:xsi="http://www.w3.org/2001/XMLSchema-instance" xsi:schemaLocation="http://www.topografix.com/GPX/1/1 http://www.topografix.com/GPX/1/1/gpx.xsd" version="1.1" creator="gpx.py -- https://github.com/tkrajina/gpxpy">
  <trk>
    <name>gpx from codoon</name>
    <type>Run</type>
    <trkseg>
      <trkpt lat="39.104427936714785" lon="117.0962966407484">
        <ele>1.8</ele>
        <time>2023-10-07T11:59:06Z</time>
      </trkpt>
      <trkpt lat="39.104400459338144" lon="117.09631600654525">
        <ele>1.8</ele>
        <time>2023-10-07T11:59:07Z</time>
      </trkpt>
      <trkpt lat="39.10438986977944" lon="117.09632195400543">
        <ele>1.8</ele>
        <time>2023-10-07T11:59:08Z</time>
      </trkpt>
      <trkpt lat="39.104369543766154" lon="117.09633222744877">
        <ele>1.8</ele>
        <time>2023-10-07T11:59:09Z</time>
      </trkpt>
      <trkpt lat="39.1043467557234" lon="117.09633866999918">
        <ele>1.8</ele>
        <time>2023-10-07T11:59:10Z</time>
      </trkpt>
      <trkpt lat="39.104320869138604" lon="117.09634140482392">
        <ele>1.9</ele>
        <time>2023-10-07T11:59:11Z</time>
      </trkpt>
      <trkpt lat="39.10429236955386" lon="117.09634058411213">
        <ele>1.9</ele>
        <time>2023-10-07T11:59:12Z</time>
      </trkpt>
      <trkpt lat="39.10426233192217" lon="117.09633675266386">
        <ele>1.9</ele>
        <time>2023-10-07T11:59:13Z</time>
      </trkpt>
      <trkpt lat="39.1042309429182" lon="117.09632978393904">
        <ele>1.9</ele>
        <time>2023-10-07T11:59:14Z</time>
      </trkpt>
      <trkpt lat="39.104199493751345" lon="117.09632231926177">
        <ele>1.9</ele>
        <time>2023-10-07T11:59:15Z</time>
      </trkpt>
      <trkpt lat="39.10416637123944" lon="117.09631603955023">
        <ele>1.9</ele>
        <time>2023-10-07T11:59:16Z</time>
      </trkpt>
      <trkpt lat="39.10413665590038" lon="117.09631307240274">
        <ele>1.9</ele>
        <time>2023-10-07T11:59:17Z</time>
      </trkpt>
      <trkpt lat="39.10410801901808" lon="117.09631240082122">
        <ele>1.9</ele>
        <time>2023-10-07T11:59:18Z</time>
      </trkpt>
      <trkpt lat="39.10407975338762" lon="117.09631333933099">
        <ele>1.9</ele>
        <time>2023-10-07T11:59:19Z</time>
      </trkpt>
      <trkpt lat="39.10405205279338" lon="117.09631428590687">
        <ele>1.9</ele>
        <time>2023-10-07T11:59:20Z</time>
      </trkpt>
      <trkpt lat="39.104020681545556" lon="117.09631461318865">
        <ele>1.7</ele>
        <time>2023-10-07T11:59:22Z</time>
      </trkpt>
      <trkpt lat="39.10399056128692" lon="117.09631418656662">
        <ele>1.7</ele>
        <time>2023-10-07T11:59:23Z</time>
      </trkpt>
      <trkpt lat="39.10395995665579" lon="117.09631274816948">
        <ele>1.7</ele>
        <time>2023-10-07T11:59:24Z</time>
      </trkpt>
      <trkpt lat="39.1039312575665" lon="117.09631040474268">
        <ele>1.7</ele>
        <time>2023-10-07T11:59:25Z</time>
      </trkpt>
      <trkpt lat="39.10390397237037" lon="117.09630755248492">
        <ele>1.7</ele>
        <time>2023-10-07T11:59:26Z</time>
      </trkpt>
      <trkpt lat="39.1038773199395" lon="117.09630505844606">
        <ele>1.7</ele>
        <time>2023-10-07T11:59:27Z</time>
      </trkpt>
      <trkpt lat="39.10385067290241" lon="117.09630346091791">
        <ele>1.7</ele>
        <time>2023-10-07T11:59:28Z</time>
      </trkpt>
      <trkpt lat="39.10382486713146" lon="117.09630264740284">
        <ele>1.7</ele>
        <time>2023-10-07T11:59:29Z</time>
      </trkpt>
      <trkpt lat="39.10379723061782" lon="117.09630234298426">
        <ele>1.7</ele>
        <time>2023-10-07T11:59:30Z</time>
      </trkpt>
      <trkpt lat="39.10377247374038" lon="117.09630238345763">
        <ele>2.3</ele>
        <time>2023-10-07T11:59:31Z</time>
      </trkpt>
      <trkpt lat="39.10374481777053" lon="117.0963028890502">
        <ele>2.3</ele>
        <time>2023-10-07T11:59:32Z</time>
      </trkpt>
      <trkpt lat="39.10371847723541" lon="117.09630362437909">
        <ele>2.3</ele>
        <time>2023-10-07T11:59:33Z</time>
      </trkpt>
      <trkpt lat="39.103690638513065" lon="117.09630434145762">
        <ele>2.3</ele>
        <time>2023-10-07T11:59:34Z</time>
      </trkpt>
      <trkpt lat="39.103662361535136" lon="117.09630438072016">
        <ele>2.3</ele>
        <time>2023-10-07T11:59:35Z</time>
      </trkpt>
      <trkpt lat="39.103633983513355" lon="117.09630425733654">
        <ele>2.3</ele>
        <time>2023-10-07T11:59:36Z</time>
      </trkpt>
      <trkpt lat="39.10360578718636" lon="117.09630421520116">
        <ele>2.3</ele>
        <time>2023-10-07T11:59:37Z</time>
      </trkpt>
      <trkpt lat="39.10357763636725" lon="117.09630518410303">
        <ele>2.3</ele>
        <time>2023-10-07T11:59:38Z</time>
      </trkpt>
      <trkpt lat="39.103547929968265" lon="117.09630702935178">
        <ele>2.3</ele>
        <time>2023-10-07T11:59:40Z</time>
      </trkpt>
      <trkpt lat="39.103515481403186" lon="117.09630987786777">
        <ele>2.2</ele>
        <time>2023-10-07T11:59:41Z</time>
      </trkpt>
      <trkpt lat="39.10348493707677" lon="117.09631281577872">
        <ele>2.2</ele>
        <time>2023-10-07T11:59:42Z</time>
      </trkpt>
      <trkpt lat="39.10345515182731" lon="117.09631585135259">
        <ele>2.2</ele>
        <time>2023-10-07T11:59:43Z</time>
      </trkpt>
      <trkpt lat="39.103425805075545" lon="117.09631873802726">
        <ele>2.2</ele>
        <time>2023-10-07T11:59:44Z</time>
      </trkpt>
      <trkpt lat="39.103397115909374" lon="117.09632140303702">
        <ele>2.2</ele>
        <time>2023-10-07T11:59:45Z</time>
      </trkpt>
      <trkpt lat="39.103366634975536" lon="117.09632416140501">
        <ele>2.2</ele>
        <time>2023-10-07T11:59:46Z</time>
      </trkpt>
      <trkpt lat="39.10333847365286" lon="117.0963264436925">
        <ele>2.2</ele>
        <time>2023-10-07T11:59:47Z</time>
      </trkpt>
      <trkpt lat="39.1033074369066" lon="117.09632849228366">
        <ele>2.2</ele>
        <time>2023-10-07T11:59:48Z</time>
      </trkpt>
      <trkpt lat="39.103279032169176" lon="117.09632899602423">
        <ele>2.2</ele>
        <time>2023-10-07T11:59:49Z</time>
      </trkpt>
      <trkpt lat="39.10325078097086" lon="117.0963289192675">
        <ele>2.2</ele>
        <time>2023-10-07T11:59:50Z</time>
      </trkpt>
      <trkpt lat="39.1032237090248" lon="117.09632834332679">
        <ele>2.2</ele>
        <time>2023-10-07T11:59:51Z</time>
      </trkpt>
      <trkpt lat="39.103198268860226" lon="117.09632854131308">
        <ele>2.2</ele>
        <time>2023-10-07T11:59:52Z</time>
      </trkpt>
      <trkpt lat="39.103175093099765" lon="117.09632878786152">
        <ele>2.2</ele>
        <time>2023-10-07T11:59:53Z</time>
      </trkpt>
      <trkpt lat="39.10315413643657" lon="117.09632616090094">
        <ele>2.2</ele>
        <time>2023-10-07T11:59:54Z</time>
      </trkpt>
      <trkpt lat="39.103134172174535" lon="117.096324003608">
        <ele>2.2</ele>
        <time>2023-10-07T11:59:55Z</time>
      </trkpt>
      <trkpt lat="39.10311331275542" lon="117.09632475929996">
        <ele>2</ele>
        <time>2023-10-07T11:59:56Z</time>
      </trkpt>
      <trkpt lat="39.10308656106263" lon="117.09633143603884">
        <ele>2</ele>
        <time>2023-10-07T11:59:58Z</time>
      </trkpt>
      <trkpt lat="39.1030564691306" lon="117.09633654646537">
        <ele>2</ele>
        <time>2023-10-07T11:59:59Z</time>
      </trkpt>
      <trkpt lat="39.103022838834725" lon="117.0963382360488">
        <ele>2.2</ele>
        <time>2023-10-07T12:00:00Z</time>
      </trkpt>
      <trkpt lat="39.10299556979417" lon="117.09633649600438">
        <ele>2.2</ele>
        <time>2023-10-07T12:00:01Z</time>
      </trkpt>
      <trkpt lat="39.102969633284154" lon="117.09633486061234">
        <ele>2.2</ele>
        <time>2023-10-07T12:00:02Z</time>
      </trkpt>
      <trkpt lat="39.10294722465243" lon="117.096333619352">
        <ele>2.2</ele>
        <time>2023-10-07T12:00:03Z</time>
      </trkpt>
      <trkpt lat="39.102923799904715" lon="117.09633247485282">
        <ele>2.2</ele>
        <time>2023-10-07T12:00:04Z</time>
      </trkpt>
      <trkpt lat="39.10289834364447" lon="117.0963318282024">
        <ele>2.2</ele>
        <time>2023-10-07T12:00:05Z</time>
      </trkpt>
      <trkpt lat="39.102873129826534" lon="117.09633154365655">
        <ele>2.2</ele>
        <time>2023-10-07T12:00:06Z</time>
      </trkpt>
      <trkpt lat="39.102846776943196" lon="117.09633192112096">
        <ele>2.2</ele>
        <time>2023-10-07T12:00:07Z</time>
      </trkpt>
      <trkpt lat="39.1028233284719" lon="117.09633255078049">
        <ele>2.2</ele>
        <time>2023-10-07T12:00:08Z</time>
      </trkpt>
      <trkpt lat="39.10279976541637" lon="117.09633304195756">
        <ele>2.2</ele>
        <time>2023-10-07T12:00:09Z</time>
      </trkpt>
      <trkpt lat="39.10277652064357" lon="117.09633320228177">
        <ele>2.2</ele>
        <time>2023-10-07T12:00:10Z</time>
      </trkpt>
      <trkpt lat="39.10275296210507" lon="117.0963326400142">
        <ele>2</ele>
        <time>2023-10-07T12:00:11Z</time>
      </trkpt>
      <trkpt lat="39.10272895143552" lon="117.0963313422183">
        <ele>2</ele>
        <time>2023-10-07T12:00:12Z</time>
      </trkpt>
      <trkpt lat="39.10270387029154" lon="117.0963293979227">
        <ele>2</ele>
        <time>2023-10-07T12:00:13Z</time>
      </trkpt>
      <trkpt lat="39.10267845384025" lon="117.09632768942676">
        <ele>2</ele>
        <time>2023-10-07T12:00:14Z</time>
      </trkpt>
      <trkpt lat="39.10264929486838" lon="117.09632692419078">
        <ele>2</ele>
        <time>2023-10-07T12:00:16Z</time>
      </trkpt>
      <trkpt lat="39.10262053266952" lon="117.09632802637212">
        <ele>2</ele>
        <time>2023-10-07T12:00:17Z</time>
      </trkpt>
      <trkpt lat="39.10258906612396" lon="117.09633039577304">
        <ele>2</ele>
        <time>2023-10-07T12:00:18Z</time>
      </trkpt>
      <trkpt lat="39.10256093954391" lon="117.09633308616061">
        <ele>2</ele>
        <time>2023-10-07T12:00:19Z</time>
      </trkpt>
      <trkpt lat="39.10253478195055" lon="117.0963348157808">
        <ele>2</ele>
        <time>2023-10-07T12:00:20Z</time>
      </trkpt>
      <trkpt lat="39.10250933159545" lon="117.09633581587238">
        <ele>2.1</ele>
        <time>2023-10-07T12:00:21Z</time>
      </trkpt>
      <trkpt lat="39.10248478640002" lon="117.09633635075194">
        <ele>2.1</ele>
        <time>2023-10-07T12:00:22Z</time>
      </trkpt>
      <trkpt lat="39.1024591029452" lon="117.0963370073917">
        <ele>2.1</ele>
        <time>2023-10-07T12:00:23Z</time>
      </trkpt>
      <trkpt lat="39.102436225091274" lon="117.09633779452192">
        <ele>2.1</ele>
        <time>2023-10-07T12:00:24Z</time>
      </trkpt>
      <trkpt lat="39.102413178027746" lon="117.09633870013697">
        <ele>2.1</ele>
        <time>2023-10-07T12:00:25Z</time>
      </trkpt>
      <trkpt lat="39.102389571629466" lon="117.09633978604506">
        <ele>2.1</ele>
        <time>2023-10-07T12:00:26Z</time>
      </trkpt>
      <trkpt lat="39.10236527325761" lon="117.0963411612676">
        <ele>2.1</ele>
        <time>2023-10-07T12:00:27Z</time>
      </trkpt>
      <trkpt lat="39.102340260729754" lon="117.0963430651742">
        <ele>2.1</ele>
        <time>2023-10-07T12:00:28Z</time>
      </trkpt>
      <trkpt lat="39.10231427604764" lon="117.09634550559787">
        <ele>2.1</ele>
        <time>2023-10-07T12:00:29Z</time>
      </trkpt>
      <trkpt lat="39.10228828814127" lon="117.09634882200582">
        <ele>2.1</ele>
        <time>2023-10-07T12:00:30Z</time>
      </trkpt>
      <trkpt lat="39.10226015584301" lon="117.09635416414014">
        <ele>2.1</ele>
        <time>2023-10-07T12:00:31Z</time>
      </trkpt>
      <trkpt lat="39.102235791544906" lon="117.09636243024816">
        <ele>2.1</ele>
        <time>2023-10-07T12:00:32Z</time>
      </trkpt>
      <trkpt lat="39.102209590340344" lon="117.09637640041">
        <ele>2.1</ele>
        <time>2023-10-07T12:00:34Z</time>
      </trkpt>
      <trkpt lat="39.102188677746675" lon="117.09639667539845">
        <ele>2.1</ele>
        <time>2023-10-07T12:00:35Z</time>
      </trkpt>
      <trkpt lat="39.102170791748485" lon="117.09642552972267">
        <ele>2.1</ele>
        <time>2023-10-07T12:00:36Z</time>
      </trkpt>
      <trkpt lat="39.102162285041224" lon="117.09646278616358">
        <ele>2.1</ele>
        <time>2023-10-07T12:00:38Z</time>
      </trkpt>
      <trkpt lat="39.102159031031306" lon="117.09650430051259">
        <ele>2.1</ele>
        <time>2023-10-07T12:00:39Z</time>
      </trkpt>
      <trkpt lat="39.10215947281898" lon="117.09654419941477">
        <ele>2.1</ele>
        <time>2023-10-07T12:00:40Z</time>
      </trkpt>
      <trkpt lat="39.102159891443165" lon="117.09657919977644">
        <ele>1.7</ele>
        <time>2023-10-07T12:00:41Z</time>
      </trkpt>
      <trkpt lat="39.10215925915878" lon="117.09661434980138">
        <ele>1.7</ele>
        <time>2023-10-07T12:00:42Z</time>
      </trkpt>
      <trkpt lat="39.1021580654281" lon="117.09664850826897">
        <ele>1.7</ele>
        <time>2023-10-07T12:00:43Z</time>
      </trkpt>
      <trkpt lat="39.102156743182285" lon="117.0966851637737">
        <ele>1.7</ele>
        <time>2023-10-07T12:00:44Z</time>
      </trkpt>
      <trkpt lat="39.10215601497102" lon="117.0967180236866">
        <ele>1.7</ele>
        <time>2023-10-07T12:00:45Z</time>
      </trkpt>
      <trkpt lat="39.1021556425731" lon="117.0967539829345">
        <ele>1.7</ele>
        <time>2023-10-07T12:00:46Z</time>
      </trkpt>
      <trkpt lat="39.10215588430052" lon="117.09678721103083">
        <ele>1.7</ele>
        <time>2023-10-07T12:00:47Z</time>
      </trkpt>
      <trkpt lat="39.10215659949218" lon="117.09682127988422">
        <ele>1.7</ele>
        <time>2023-10-07T12:00:48Z</time>
      </trkpt>
      <trkpt lat="39.102157985534234" lon="117.09685628280752">
        <ele>1.7</ele>
        <time>2023-10-07T12:00:49Z</time>
      </trkpt>
      <trkpt lat="39.102159087751446" lon="117.09689161105263">
        <ele>1.7</ele>
        <time>2023-10-07T12:00:50Z</time>
      </trkpt>
      <trkpt lat="39.102159694436274" lon="117.09693313862613">
        <ele>1.5</ele>
        <time>2023-10-07T12:00:52Z</time>
      </trkpt>
      <trkpt lat="39.102159578671746" lon="117.09697336038694">
        <ele>1.5</ele>
        <time>2023-10-07T12:00:53Z</time>
      </trkpt>
      <trkpt lat="39.10216131128886" lon="117.0970157185839">
        <ele>1.5</ele>
        <time>2023-10-07T12:00:54Z</time>
      </trkpt>
      <trkpt lat="39.102163501386684" lon="117.09704992913329">
        <ele>1.5</ele>
        <time>2023-10-07T12:00:55Z</time>
      </trkpt>
      <trkpt lat="39.102164832155125" lon="117.09708041948973">
        <ele>1</ele>
        <time>2023-10-07T12:00:56Z</time>
      </trkpt>
      <trkpt lat="39.10216207962084" lon="117.09711140342837">
        <ele>1</ele>
        <time>2023-10-07T12:00:57Z</time>
      </trkpt>
      <trkpt lat="39.10215969784351" lon="117.09714559066094">
        <ele>1</ele>
        <time>2023-10-07T12:00:58Z</time>
      </trkpt>
      <trkpt lat="39.10215911670939" lon="117.09718201672229">
        <ele>1</ele>
        <time>2023-10-07T12:00:59Z</time>
      </trkpt>
      <trkpt lat="39.10216193147388" lon="117.09721774131305">
        <ele>1.5</ele>
        <time>2023-10-07T12:01:00Z</time>
      </trkpt>
      <trkpt lat="39.10216440659182" lon="117.09725376010859">
        <ele>1.9</ele>
        <time>2023-10-07T12:01:01Z</time>
      </trkpt>
      <trkpt lat="39.10216646571088" lon="117.0972882126854">
        <ele>1.9</ele>
        <time>2023-10-07T12:01:02Z</time>
      </trkpt>
      <trkpt lat="39.10216768012299" lon="117.09731941931022">
        <ele>1.9</ele>
        <time>2023-10-07T12:01:03Z</time>
      </trkpt>
      <trkpt lat="39.10216906659586" lon="117.09735081644075">
        <ele>1.9</ele>
        <time>2023-10-07T12:01:04Z</time>
      </trkpt>
      <trkpt lat="39.10217155242149" lon="117.09738262558876">
        <ele>1.9</ele>
        <time>2023-10-07T12:01:05Z</time>
      </trkpt>
      <trkpt lat="39.10217572831588" lon="117.09741440402033">
        <ele>1.9</ele>
        <time>2023-10-07T12:01:06Z</time>
      </trkpt>
      <trkpt lat="39.10218337737408" lon="117.0974494408289">
        <ele>1.9</ele>
        <time>2023-10-07T12:01:08Z</time>
      </trkpt>
      <trkpt lat="39.10219392510331" lon="117.097480821632">
        <ele>1.9</ele>
        <time>2023-10-07T12:01:09Z</time>
      </trkpt>
      <trkpt lat="39.10221210716101" lon="117.09751106166756">
        <ele>1.9</ele>
        <time>2023-10-07T12:01:11Z</time>
      </trkpt>
      <trkpt lat="39.102233102156305" lon="117.09752655097932">
        <ele>1.9</ele>
        <time>2023-10-07T12:01:12Z</time>
      </trkpt>
      <trkpt lat="39.10225965394798" lon="117.0975359282048">
        <ele>1.9</ele>
        <time>2023-10-07T12:01:13Z</time>
      </trkpt>
      <trkpt lat="39.10228496126053" lon="117.09753705541442">
        <ele>1.9</ele>
        <time>2023-10-07T12:01:14Z</time>
      </trkpt>
      <trkpt lat="39.102314581319966" lon="117.0975376515595">
        <ele>1.9</ele>
        <time>2023-10-07T12:01:15Z</time>
      </trkpt>
      <trkpt lat="39.10234728834058" lon="117.09753864648049">
        <ele>1.9</ele>
        <time>2023-10-07T12:01:17Z</time>
      </trkpt>
      <trkpt lat="39.102383132667924" lon="117.09753978624568">
        <ele>1.9</ele>
        <time>2023-10-07T12:01:18Z</time>
      </trkpt>
      <trkpt lat="39.10242332692228" lon="117.09754070335038">
        <ele>1.9</ele>
        <time>2023-10-07T12:01:20Z</time>
      </trkpt>
      <trkpt lat="39.10245967196762" lon="117.09754071043372">
        <ele>2.1</ele>
        <time>2023-10-07T12:01:21Z</time>
      </trkpt>
      <trkpt lat="39.10249973942181" lon="117.09754002919998">
        <ele>2.1</ele>
        <time>2023-10-07T12:01:23Z</time>
      </trkpt>
      <trkpt lat="39.10253285919838" lon="117.09753889836819">
        <ele>2.1</ele>
        <time>2023-10-07T12:01:24Z</time>
      </trkpt>
      <trkpt lat="39.102565000815545" lon="117.09753778591711">
        <ele>2.1</ele>
        <time>2023-10-07T12:01:25Z</time>
      </trkpt>
      <trkpt lat="39.10259367495253" lon="117.09753670502148">
        <ele>2.1</ele>
        <time>2023-10-07T12:01:26Z</time>
      </trkpt>
      <trkpt lat="39.102622777965664" lon="117.09753612712385">
        <ele>2.1</ele>
        <time>2023-10-07T12:01:27Z</time>
      </trkpt>
      <trkpt lat="39.10265332920724" lon="117.09753553632207">
        <ele>2.1</ele>
        <time>2023-10-07T12:01:28Z</time>
      </trkpt>
      <trkpt lat="39.102683760394704" lon="117.0975353628566">
        <ele>2.1</ele>
        <time>2023-10-07T12:01:29Z</time>
      </trkpt>
      <trkpt lat="39.10271776582052" lon="117.09753530473493">
        <ele>2</ele>
        <time>2023-10-07T12:01:31Z</time>
      </trkpt>
      <trkpt lat="39.10275319724814" lon="117.09753578048246">
        <ele>2</ele>
        <time>2023-10-07T12:01:32Z</time>
      </trkpt>
      <trkpt lat="39.10278699001125" lon="117.09753620749701">
        <ele>2</ele>
        <time>2023-10-07T12:01:33Z</time>
      </trkpt>
      <trkpt lat="39.102824023327294" lon="117.09753615672896">
        <ele>2</ele>
        <time>2023-10-07T12:01:35Z</time>
      </trkpt>
      <trkpt lat="39.102858992072626" lon="117.09753610451385">
        <ele>2</ele>
        <time>2023-10-07T12:01:36Z</time>
      </trkpt>
      <trkpt lat="39.102897966820215" lon="117.0975367869352">
        <ele>2</ele>
        <time>2023-10-07T12:01:38Z</time>
      </trkpt>
      <trkpt lat="39.10292998344742" lon="117.09753918949923">
        <ele>2</ele>
        <time>2023-10-07T12:01:39Z</time>
      </trkpt>
      <trkpt lat="39.10295923746208" lon="117.09754485328524">
        <ele>2</ele>
        <time>2023-10-07T12:01:40Z</time>
      </trkpt>
      <trkpt lat="39.10297909933613" lon="117.09755530245714">
        <ele>1.7</ele>
        <time>2023-10-07T12:01:41Z</time>
      </trkpt>
      <trkpt lat="39.102995017979396" lon="117.09757586986875">
        <ele>1.7</ele>
        <time>2023-10-07T12:01:43Z</time>
      </trkpt>
      <trkpt lat="39.10300533507252" lon="117.0976050792307">
        <ele>1.7</ele>
        <time>2023-10-07T12:01:44Z</time>
      </trkpt>
      <trkpt lat="39.10301056253038" lon="117.09764497765667">
        <ele>1.7</ele>
        <time>2023-10-07T12:01:46Z</time>
      </trkpt>
      <trkpt lat="39.103010085371345" lon="117.09768951165681">
        <ele>1.7</ele>
        <time>2023-10-07T12:01:47Z</time>
      </trkpt>
      <trkpt lat="39.103009113468985" lon="117.09773665484697">
        <ele>1.7</ele>
        <time>2023-10-07T12:01:48Z</time>
      </trkpt>
      <trkpt lat="39.10300871982694" lon="117.09777998718077">
        <ele>1.7</ele>
        <time>2023-10-07T12:01:49Z</time>
      </trkpt>
      <trkpt lat="39.10300949448023" lon="117.09782187686966">
        <ele>1.7</ele>
        <time>2023-10-07T12:01:50Z</time>
      </trkpt>
      <trkpt lat="39.10301088100155" lon="117.0978611292064">
        <ele>1.7</ele>
        <time>2023-10-07T12:01:51Z</time>
      </trkpt>
      <trkpt lat="39.10301285075641" lon="117.09789965480122">
        <ele>1.7</ele>
        <time>2023-10-07T12:01:52Z</time>
      </trkpt>
      <trkpt lat="39.10301567084831" lon="117.0979387068991">
        <ele>1.7</ele>
        <time>2023-10-07T12:01:53Z</time>
      </trkpt>
      <trkpt lat="39.10301882745379" lon="117.09797676002731">
        <ele>1.7</ele>
        <time>2023-10-07T12:01:54Z</time>
      </trkpt>
      <trkpt lat="39.10302241649273" lon="117.09802127890886">
        <ele>1</ele>
        <time>2023-10-07T12:01:56Z</time>
      </trkpt>
      <trkpt lat="39.10302456973924" lon="117.09805935692026">
        <ele>1</ele>
        <time>2023-10-07T12:01:57Z</time>
      </trkpt>
      <trkpt lat="39.10302481018658" lon="117.09809620201071">
        <ele>1</ele>
        <time>2023-10-07T12:01:58Z</time>
      </trkpt>
      <trkpt lat="39.103024267308655" lon="117.09812287028222">
        <ele>1</ele>
        <time>2023-10-07T12:01:59Z</time>
      </trkpt>
      <trkpt lat="39.10302459156644" lon="117.09814847812163">
        <ele>1.7</ele>
        <time>2023-10-07T12:02:00Z</time>
      </trkpt>
      <trkpt lat="39.10302712935548" lon="117.09817473479644">
        <ele>1.9</ele>
        <time>2023-10-07T12:02:01Z</time>
      </trkpt>
      <trkpt lat="39.103031744561775" lon="117.0981994664233">
        <ele>1.9</ele>
        <time>2023-10-07T12:02:02Z</time>
      </trkpt>
      <trkpt lat="39.103040995550835" lon="117.09822573052035">
        <ele>1.9</ele>
        <time>2023-10-07T12:02:04Z</time>
      </trkpt>
      <trkpt lat="39.10305589530517" lon="117.09824511831643">
        <ele>1.9</ele>
        <time>2023-10-07T12:02:05Z</time>
      </trkpt>
      <trkpt lat="39.10307773519006" lon="117.09826088983853">
        <ele>1.9</ele>
        <time>2023-10-07T12:02:06Z</time>
      </trkpt>
      <trkpt lat="39.10310202459915" lon="117.09826819184904">
        <ele>1.9</ele>
        <time>2023-10-07T12:02:07Z</time>
      </trkpt>
      <trkpt lat="39.10312733736566" lon="117.09827178303071">
        <ele>1.9</ele>
        <time>2023-10-07T12:02:08Z</time>
      </trkpt>
      <trkpt lat="39.10315359241094" lon="117.09827223928606">
        <ele>1.9</ele>
        <time>2023-10-07T12:02:09Z</time>
      </trkpt>
      <trkpt lat="39.10318055922209" lon="117.09827108317587">
        <ele>1.9</ele>
        <time>2023-10-07T12:02:10Z</time>
      </trkpt>
      <trkpt lat="39.10320793906949" lon="117.09826928094819">
        <ele>1.4</ele>
        <time>2023-10-07T12:02:11Z</time>
      </trkpt>
      <trkpt lat="39.10323499265515" lon="117.09826726944738">
        <ele>1.4</ele>
        <time>2023-10-07T12:02:12Z</time>
      </trkpt>
      <trkpt lat="39.103260952685176" lon="117.09826592445206">
        <ele>1.4</ele>
        <time>2023-10-07T12:02:13Z</time>
      </trkpt>
      <trkpt lat="39.10328589868827" lon="117.09826502274912">
        <ele>1.4</ele>
        <time>2023-10-07T12:02:14Z</time>
      </trkpt>
      <trkpt lat="39.10331090830782" lon="117.09826439233453">
        <ele>1.4</ele>
        <time>2023-10-07T12:02:15Z</time>
      </trkpt>
      <trkpt lat="39.10333609452939" lon="117.09826344880803">
        <ele>1.4</ele>
        <time>2023-10-07T12:02:16Z</time>
      </trkpt>
      <trkpt lat="39.103364705005724" lon="117.09826209291062">
        <ele>1.4</ele>
        <time>2023-10-07T12:02:17Z</time>
      </trkpt>
      <trkpt lat="39.10339218380103" lon="117.0982604756331">
        <ele>1.4</ele>
        <time>2023-10-07T12:02:18Z</time>
      </trkpt>
      <trkpt lat="39.103426001317395" lon="117.09825778572251">
        <ele>1.4</ele>
        <time>2023-10-07T12:02:20Z</time>
      </trkpt>
      <trkpt lat="39.10346004780379" lon="117.09825664152658">
        <ele>1.4</ele>
        <time>2023-10-07T12:02:22Z</time>
      </trkpt>
      <trkpt lat="39.10349500819368" lon="117.09825609656419">
        <ele>1.4</ele>
        <time>2023-10-07T12:02:23Z</time>
      </trkpt>
      <trkpt lat="39.10352527567207" lon="117.09825596260555">
        <ele>1.4</ele>
        <time>2023-10-07T12:02:24Z</time>
      </trkpt>
      <trkpt lat="39.10355562107622" lon="117.09824994853194">
        <ele>1.4</ele>
        <time>2023-10-07T12:02:25Z</time>
      </trkpt>
      <trkpt lat="39.10358674819353" lon="117.0982434656588">
        <ele>1.4</ele>
        <time>2023-10-07T12:02:26Z</time>
      </trkpt>
      <trkpt lat="39.10362085099904" lon="117.09823751380097">
        <ele>1.4</ele>
        <time>2023-10-07T12:02:27Z</time>
      </trkpt>
      <trkpt lat="39.10365760653051" lon="117.09823684720544">
        <ele>1.4</ele>
        <time>2023-10-07T12:02:29Z</time>
      </trkpt>
      <trkpt lat="39.10369502456252" lon="117.09823754588245">
        <ele>1.4</ele>
        <time>2023-10-07T12:02:30Z</time>
      </trkpt>
      <trkpt lat="39.103731797341005" lon="117.09823986261894">
        <ele>2</ele>
        <time>2023-10-07T12:02:32Z</time>
      </trkpt>
      <trkpt lat="39.103763666347184" lon="117.09824346003413">
        <ele>2</ele>
        <time>2023-10-07T12:02:33Z</time>
      </trkpt>
      <trkpt lat="39.10378939530657" lon="117.09824718730424">
        <ele>2</ele>
        <time>2023-10-07T12:02:34Z</time>
      </trkpt>
      <trkpt lat="39.1038128887108" lon="117.09824990787337">
        <ele>2</ele>
        <time>2023-10-07T12:02:35Z</time>
      </trkpt>
      <trkpt lat="39.103835041570505" lon="117.09825015936136">
        <ele>2</ele>
        <time>2023-10-07T12:02:36Z</time>
      </trkpt>
      <trkpt lat="39.1038646252262" lon="117.09824762436796">
        <ele>2</ele>
        <time>2023-10-07T12:02:38Z</time>
      </trkpt>
      <trkpt lat="39.10389610072051" lon="117.09824322429456">
        <ele>2</ele>
        <time>2023-10-07T12:02:40Z</time>
      </trkpt>
      <trkpt lat="39.10393086520083" lon="117.0982390452723">
        <ele>1.4</ele>
        <time>2023-10-07T12:02:41Z</time>
      </trkpt>
      <trkpt lat="39.10396694379585" lon="117.09823693873953">
        <ele>1.4</ele>
        <time>2023-10-07T12:02:42Z</time>
      </trkpt>
      <trkpt lat="39.104005577803406" lon="117.09823528891323">
        <ele>1.4</ele>
        <time>2023-10-07T12:02:44Z</time>
      </trkpt>
      <trkpt lat="39.10404467562435" lon="117.09823330517476">
        <ele>1.4</ele>
        <time>2023-10-07T12:02:45Z</time>
      </trkpt>
      <trkpt lat="39.104079215148275" lon="117.09823033731068">
        <ele>1.4</ele>
        <time>2023-10-07T12:02:46Z</time>
      </trkpt>
      <trkpt lat="39.1041096565639" lon="117.0982277204158">
        <ele>1.4</ele>
        <time>2023-10-07T12:02:47Z</time>
      </trkpt>
      <trkpt lat="39.104139791120176" lon="117.09822553563588">
        <ele>1.4</ele>
        <time>2023-10-07T12:02:48Z</time>
      </trkpt>
      <trkpt lat="39.10417272985159" lon="117.09822436224296">
        <ele>1.4</ele>
        <time>2023-10-07T12:02:50Z</time>
      </trkpt>
      <trkpt lat="39.104202323001154" lon="117.09822420011062">
        <ele>1.9</ele>
        <time>2023-10-07T12:02:51Z</time>
      </trkpt>
      <trkpt lat="39.104228215234826" lon="117.09822508494929">
        <ele>1.9</ele>
        <time>2023-10-07T12:02:52Z</time>
      </trkpt>
      <trkpt lat="39.10424772886113" lon="117.09822571775574">
        <ele>1.9</ele>
        <time>2023-10-07T12:02:53Z</time>
      </trkpt>
      <trkpt lat="39.104266881840715" lon="117.09822616301962">
        <ele>1.9</ele>
        <time>2023-10-07T12:02:54Z</time>
      </trkpt>
      <trkpt lat="39.104287456586576" lon="117.09822560749224">
        <ele>1.9</ele>
        <time>2023-10-07T12:02:55Z</time>
      </trkpt>
      <trkpt lat="39.104308822313115" lon="117.09822460521065">
        <ele>1</ele>
        <time>2023-10-07T12:02:56Z</time>
      </trkpt>
      <trkpt lat="39.10433396453623" lon="117.09822279663247">
        <ele>1</ele>
        <time>2023-10-07T12:02:58Z</time>
      </trkpt>
      <trkpt lat="39.10435971488422" lon="117.09822188319595">
        <ele>1</ele>
        <time>2023-10-07T12:02:59Z</time>
      </trkpt>
      <trkpt lat="39.10439067623956" lon="117.09822214220782">
        <ele>1.9</ele>
        <time>2023-10-07T12:03:00Z</time>
      </trkpt>
      <trkpt lat="39.104420343737885" lon="117.09822174078828">
        <ele>1.4</ele>
        <time>2023-10-07T12:03:01Z</time>
      </trkpt>
      <trkpt lat="39.10444981334581" lon="117.09821832761638">
        <ele>1.4</ele>
        <time>2023-10-07T12:03:02Z</time>
      </trkpt>
      <trkpt lat="39.1044754402214" lon="117.09820827108078">
        <ele>1.4</ele>
        <time>2023-10-07T12:03:03Z</time>
      </trkpt>
      <trkpt lat="39.104496890396284" lon="117.09819287538814">
        <ele>1.4</ele>
        <time>2023-10-07T12:03:04Z</time>
      </trkpt>
      <trkpt lat="39.104512551823014" lon="117.0981688091518">
        <ele>1.4</ele>
        <time>2023-10-07T12:03:05Z</time>
      </trkpt>
      <trkpt lat="39.104519005883084" lon="117.09813611502175">
        <ele>1.4</ele>
        <time>2023-10-07T12:03:07Z</time>
      </trkpt>
      <trkpt lat="39.10451568025933" lon="117.09809484225458">
        <ele>1.4</ele>
        <time>2023-10-07T12:03:08Z</time>
      </trkpt>
      <trkpt lat="39.10450695030361" lon="117.09805409134802">
        <ele>1.4</ele>
        <time>2023-10-07T12:03:09Z</time>
      </trkpt>
      <trkpt lat="39.10450102990216" lon="117.09801744577233">
        <ele>1.4</ele>
        <time>2023-10-07T12:03:10Z</time>
      </trkpt>
      <trkpt lat="39.10450118788717" lon="117.09798216237311">
        <ele>1.4</ele>
        <time>2023-10-07T12:03:11Z</time>
      </trkpt>
      <trkpt lat="39.10450334082064" lon="117.09794593835103">
        <ele>1.4</ele>
        <time>2023-10-07T12:03:12Z</time>
      </trkpt>
      <trkpt lat="39.10450378460739" lon="117.09790129592157">
        <ele>1.4</ele>
        <time>2023-10-07T12:03:14Z</time>
      </trkpt>
      <trkpt lat="39.10450207496177" lon="117.09785498370064">
        <ele>1.4</ele>
        <time>2023-10-07T12:03:16Z</time>
      </trkpt>
      <trkpt lat="39.104499762339096" lon="117.09780669762216">
        <ele>1.4</ele>
        <time>2023-10-07T12:03:17Z</time>
      </trkpt>
      <trkpt lat="39.1044965844853" lon="117.09776316984787">
        <ele>1.4</ele>
        <time>2023-10-07T12:03:18Z</time>
      </trkpt>
      <trkpt lat="39.10449379660071" lon="117.09772265629151">
        <ele>1.4</ele>
        <time>2023-10-07T12:03:19Z</time>
      </trkpt>
      <trkpt lat="39.104490760757585" lon="117.09768410628814">
        <ele>1.4</ele>
        <time>2023-10-07T12:03:20Z</time>
      </trkpt>
      <trkpt lat="39.10448813774807" lon="117.09764560854755">
        <ele>1.4</ele>
        <time>2023-10-07T12:03:21Z</time>
      </trkpt>
      <trkpt lat="39.10448651673022" lon="117.09760917888549">
        <ele>1.4</ele>
        <time>2023-10-07T12:03:22Z</time>
      </trkpt>
      <trkpt lat="39.10448608573725" lon="117.0975742213922">
        <ele>1.4</ele>
        <time>2023-10-07T12:03:23Z</time>
      </trkpt>
      <trkpt lat="39.10448673461433" lon="117.09754044424395">
        <ele>1.4</ele>
        <time>2023-10-07T12:03:24Z</time>
      </trkpt>
      <trkpt lat="39.104488045154945" lon="117.09750781936033">
        <ele>1.4</ele>
        <time>2023-10-07T12:03:25Z</time>
      </trkpt>
      <trkpt lat="39.104489328310954" lon="117.09747234388935">
        <ele>1.4</ele>
        <time>2023-10-07T12:03:26Z</time>
      </trkpt>
      <trkpt lat="39.104490240750636" lon="117.09743734714272">
        <ele>1.4</ele>
        <time>2023-10-07T12:03:28Z</time>
      </trkpt>
      <trkpt lat="39.1044914789561" lon="117.09739867638474">
        <ele>1.4</ele>
        <time>2023-10-07T12:03:29Z</time>
      </trkpt>
      <trkpt lat="39.10449345625814" lon="117.09736325548492">
        <ele>1.4</ele>
        <time>2023-10-07T12:03:30Z</time>
      </trkpt>
      <trkpt lat="39.10449615420072" lon="117.09733017482202">
        <ele>1.3</ele>
        <time>2023-10-07T12:03:31Z</time>
      </trkpt>
      <trkpt lat="39.10449885592278" lon="117.09729828302363">
        <ele>1.3</ele>
        <time>2023-10-07T12:03:32Z</time>
      </trkpt>
      <trkpt lat="39.10450064157268" lon="117.09726241864406">
        <ele>1.3</ele>
        <time>2023-10-07T12:03:34Z</time>
      </trkpt>
      <trkpt lat="39.104500867552105" lon="117.09722502494598">
        <ele>1.3</ele>
        <time>2023-10-07T12:03:35Z</time>
      </trkpt>
      <trkpt lat="39.104499456773695" lon="117.09718950462832">
        <ele>1.3</ele>
        <time>2023-10-07T12:03:36Z</time>
      </trkpt>
      <trkpt lat="39.104496811090264" lon="117.09715545026552">
        <ele>1.3</ele>
        <time>2023-10-07T12:03:37Z</time>
      </trkpt>
      <trkpt lat="39.10449377674442" lon="117.09712314897818">
        <ele>1.3</ele>
        <time>2023-10-07T12:03:38Z</time>
      </trkpt>
      <trkpt lat="39.10449058974736" lon="117.09709120158267">
        <ele>1.3</ele>
        <time>2023-10-07T12:03:39Z</time>
      </trkpt>
      <trkpt lat="39.10448749283237" lon="117.09705916703534">
        <ele>1.3</ele>
        <time>2023-10-07T12:03:40Z</time>
      </trkpt>
      <trkpt lat="39.10448547122646" lon="117.097026795585">
        <ele>1.3</ele>
        <time>2023-10-07T12:03:41Z</time>
      </trkpt>
      <trkpt lat="39.104484812986044" lon="117.09699376646797">
        <ele>1.3</ele>
        <time>2023-10-07T12:03:42Z</time>
      </trkpt>
      <trkpt lat="39.1044861615918" lon="117.09695893347957">
        <ele>1.3</ele>
        <time>2023-10-07T12:03:43Z</time>
      </trkpt>
      <trkpt lat="39.10448855658335" lon="117.09692259614948">
        <ele>1.3</ele>
        <time>2023-10-07T12:03:44Z</time>
      </trkpt>
      <trkpt lat="39.1044913414814" lon="117.09688219993795">
        <ele>1.3</ele>
        <time>2023-10-07T12:03:45Z</time>
      </trkpt>
      <trkpt lat="39.104493457024454" lon="117.0968407749533">
        <ele>1.3</ele>
        <time>2023-10-07T12:03:47Z</time>
      </trkpt>
      <trkpt lat="39.10449459667103" lon="117.09679855585613">
        <ele>1.3</ele>
        <time>2023-10-07T12:03:48Z</time>
      </trkpt>
      <trkpt lat="39.10449505515296" lon="117.09676097756278">
        <ele>1.3</ele>
        <time>2023-10-07T12:03:49Z</time>
      </trkpt>
      <trkpt lat="39.10449544745847" lon="117.09672705436927">
        <ele>1.3</ele>
        <time>2023-10-07T12:03:50Z</time>
      </trkpt>
      <trkpt lat="39.10449542412393" lon="117.09669195805226">
        <ele>1.4</ele>
        <time>2023-10-07T12:03:52Z</time>
      </trkpt>
      <trkpt lat="39.104495972641544" lon="117.0966501825478">
        <ele>1.4</ele>
        <time>2023-10-07T12:03:53Z</time>
      </trkpt>
      <trkpt lat="39.104495902675126" lon="117.09660688292043">
        <ele>1.4</ele>
        <time>2023-10-07T12:03:54Z</time>
      </trkpt>
      <trkpt lat="39.10449668287021" lon="117.09655592620472">
        <ele>1</ele>
        <time>2023-10-07T12:03:56Z</time>
      </trkpt>
      <trkpt lat="39.10449609772334" lon="117.09651023700106">
        <ele>1</ele>
        <time>2023-10-07T12:03:57Z</time>
      </trkpt>
      <trkpt lat="39.10449532053968" lon="117.0964664621097">
        <ele>1</ele>
        <time>2023-10-07T12:03:58Z</time>
      </trkpt>
      <trkpt lat="39.10449379373513" lon="117.09643041991404">
        <ele>1</ele>
        <time>2023-10-07T12:03:59Z</time>
      </trkpt>
      <trkpt lat="39.10449231806345" lon="117.09639511649974">
        <ele>1.4</ele>
        <time>2023-10-07T12:04:00Z</time>
      </trkpt>
      <trkpt lat="39.10448968195435" lon="117.09636134741447">
        <ele>1.4</ele>
        <time>2023-10-07T12:04:01Z</time>
      </trkpt>
      <trkpt lat="39.104483072322374" lon="117.09633005962172">
        <ele>1.4</ele>
        <time>2023-10-07T12:04:02Z</time>
      </trkpt>
      <trkpt lat="39.104471570204744" lon="117.09630300751317">
        <ele>1.4</ele>
        <time>2023-10-07T12:04:03Z</time>
      </trkpt>
      <trkpt lat="39.104453737791935" lon="117.09628249798969">
        <ele>1.4</ele>
        <time>2023-10-07T12:04:04Z</time>
      </trkpt>
      <trkpt lat="39.10443324855198" lon="117.09627184677726">
        <ele>1.4</ele>
        <time>2023-10-07T12:04:05Z</time>
      </trkpt>
      <trkpt lat="39.104409175926214" lon="117.09626819023329">
        <ele>1.4</ele>
        <time>2023-10-07T12:04:06Z</time>
      </trkpt>
      <trkpt lat="39.10438580736329" lon="117.09627035036537">
        <ele>1.4</ele>
        <time>2023-10-07T12:04:07Z</time>
      </trkpt>
      <trkpt lat="39.10436218655814" lon="117.0962760599515">
        <ele>1.4</ele>
        <time>2023-10-07T12:04:08Z</time>
      </trkpt>
      <trkpt lat="39.104335773182335" lon="117.09628278287234">
        <ele>1.4</ele>
        <time>2023-10-07T12:04:10Z</time>
      </trkpt>
      <trkpt lat="39.10430754120999" lon="117.09628713301258">
        <ele>1.7</ele>
        <time>2023-10-07T12:04:11Z</time>
      </trkpt>
      <trkpt lat="39.104275667018996" lon="117.09628857195104">
        <ele>1.7</ele>
        <time>2023-10-07T12:04:12Z</time>
      </trkpt>
      <trkpt lat="39.10424702695221" lon="117.0962885320265">
        <ele>1.7</ele>
        <time>2023-10-07T12:04:13Z</time>
      </trkpt>
      <trkpt lat="39.10421826150834" lon="117.09628869884982">
        <ele>1.7</ele>
        <time>2023-10-07T12:04:14Z</time>
      </trkpt>
      <trkpt lat="39.1041895003399" lon="117.09628984876271">
        <ele>1.7</ele>
        <time>2023-10-07T12:04:15Z</time>
      </trkpt>
      <trkpt lat="39.10415551017022" lon="117.09629175411402">
        <ele>1.7</ele>
        <time>2023-10-07T12:04:17Z</time>
      </trkpt>
      <trkpt lat="39.10412298709973" lon="117.09629379338769">
        <ele>1.7</ele>
        <time>2023-10-07T12:04:18Z</time>
      </trkpt>
      <trkpt lat="39.104091054306" lon="117.09629588801296">
        <ele>1.7</ele>
        <time>2023-10-07T12:04:19Z</time>
      </trkpt>
      <trkpt lat="39.104064428621406" lon="117.0962977168941">
        <ele>1.7</ele>
        <time>2023-10-07T12:04:20Z</time>
      </trkpt>
      <trkpt lat="39.10403456673669" lon="117.09629962829047">
        <ele>1.9</ele>
        <time>2023-10-07T12:04:21Z</time>
      </trkpt>
      <trkpt lat="39.10400250395567" lon="117.09630201314523">
        <ele>1.9</ele>
        <time>2023-10-07T12:04:23Z</time>
      </trkpt>
      <trkpt lat="39.103969125356834" lon="117.09630401916196">
        <ele>1.9</ele>
        <time>2023-10-07T12:04:24Z</time>
      </trkpt>
      <trkpt lat="39.10393973957302" lon="117.09630482916911">
        <ele>1.9</ele>
        <time>2023-10-07T12:04:25Z</time>
      </trkpt>
      <trkpt lat="39.10391573701618" lon="117.0963039720914">
        <ele>1.9</ele>
        <time>2023-10-07T12:04:26Z</time>
      </trkpt>
      <trkpt lat="39.103893434649926" lon="117.09630096049355">
        <ele>1.9</ele>
        <time>2023-10-07T12:04:28Z</time>
      </trkpt>
      <trkpt lat="39.103867993136696" lon="117.09629800100994">
        <ele>1.9</ele>
        <time>2023-10-07T12:04:29Z</time>
      </trkpt>
      <trkpt lat="39.103843510166" lon="117.0962959146149">
        <ele>1.9</ele>
        <time>2023-10-07T12:04:30Z</time>
      </trkpt>
      <trkpt lat="39.10381915059842" lon="117.09629442591813">
        <ele>1.2</ele>
        <time>2023-10-07T12:04:32Z</time>
      </trkpt>
      <trkpt lat="39.10380274657291" lon="117.09629329333478">
        <ele>1.2</ele>
        <time>2023-10-07T12:04:33Z</time>
      </trkpt>
      <trkpt lat="39.10379270219107" lon="117.09629385995848">
        <ele>1.2</ele>
        <time>2023-10-07T12:04:35Z</time>
      </trkpt>
      <trkpt lat="39.10378427555861" lon="117.09630088005329">
        <ele>1.2</ele>
        <time>2023-10-07T12:04:36Z</time>
      </trkpt>
      <trkpt lat="39.10376898668032" lon="117.09630886795905">
        <ele>1.2</ele>
        <time>2023-10-07T12:04:37Z</time>
      </trkpt>
      <trkpt lat="39.10374131058427" lon="117.09631517268734">
        <ele>1.2</ele>
        <time>2023-10-07T12:04:38Z</time>
      </trkpt>
      <trkpt lat="39.10369972051384" lon="117.09631609475093">
        <ele>1.2</ele>
        <time>2023-10-07T12:04:39Z</time>
      </trkpt>
      <trkpt lat="39.10365127057358" lon="117.09631549906528">
        <ele>1.2</ele>
        <time>2023-10-07T12:04:40Z</time>
      </trkpt>
      <trkpt lat="39.10359940645187" lon="117.09631433604807">
        <ele>1</ele>
        <time>2023-10-07T12:04:41Z</time>
      </trkpt>
      <trkpt lat="39.10355529770509" lon="117.09631284426136">
        <ele>1</ele>
        <time>2023-10-07T12:04:42Z</time>
      </trkpt>
      <trkpt lat="39.103515137817965" lon="117.09631174972392">
        <ele>1</ele>
        <time>2023-10-07T12:04:43Z</time>
      </trkpt>
      <trkpt lat="39.10347855599528" lon="117.0963107847012">
        <ele>1</ele>
        <time>2023-10-07T12:04:44Z</time>
      </trkpt>
      <trkpt lat="39.10344303955334" lon="117.09630995256815">
        <ele>1</ele>
        <time>2023-10-07T12:04:46Z</time>
      </trkpt>
      <trkpt lat="39.1034083818786" lon="117.09630981965215">
        <ele>1</ele>
        <time>2023-10-07T12:04:47Z</time>
      </trkpt>
      <trkpt lat="39.10337105830402" lon="117.09630979438407">
        <ele>1</ele>
        <time>2023-10-07T12:04:48Z</time>
      </trkpt>
      <trkpt lat="39.10333556416806" lon="117.09631030719115">
        <ele>1</ele>
        <time>2023-10-07T12:04:49Z</time>
      </trkpt>
      <trkpt lat="39.103299119914595" lon="117.09631010889112">
        <ele>1</ele>
        <time>2023-10-07T12:04:50Z</time>
      </trkpt>
      <trkpt lat="39.103267797489885" lon="117.09631076579826">
        <ele>1.7</ele>
        <time>2023-10-07T12:04:51Z</time>
      </trkpt>
      <trkpt lat="39.10323094764684" lon="117.09631493532949">
        <ele>1.7</ele>
        <time>2023-10-07T12:04:53Z</time>
      </trkpt>
      <trkpt lat="39.10319730667841" lon="117.09632149877898">
        <ele>1.7</ele>
        <time>2023-10-07T12:04:54Z</time>
      </trkpt>
      <trkpt lat="39.10316487941371" lon="117.09632875024771">
        <ele>1.7</ele>
        <time>2023-10-07T12:04:55Z</time>
      </trkpt>
      <trkpt lat="39.10313736588743" lon="117.09633272409417">
        <ele>1</ele>
        <time>2023-10-07T12:04:56Z</time>
      </trkpt>
      <trkpt lat="39.1031115621239" lon="117.09633394818293">
        <ele>1</ele>
        <time>2023-10-07T12:04:57Z</time>
      </trkpt>
      <trkpt lat="39.10308456768062" lon="117.09633457440785">
        <ele>1</ele>
        <time>2023-10-07T12:04:58Z</time>
      </trkpt>
      <trkpt lat="39.10305968860511" lon="117.09633492982898">
        <ele>1</ele>
        <time>2023-10-07T12:04:59Z</time>
      </trkpt>
      <trkpt lat="39.103033360837166" lon="117.09633611147746">
        <ele>1.7</ele>
        <time>2023-10-07T12:05:00Z</time>
      </trkpt>
      <trkpt lat="39.10300375574031" lon="117.0963369159814">
        <ele>1.2</ele>
        <time>2023-10-07T12:05:02Z</time>
      </trkpt>
      <trkpt lat="39.102970850697325" lon="117.09633826968015">
        <ele>1.2</ele>
        <time>2023-10-07T12:05:04Z</time>
      </trkpt>
      <trkpt lat="39.10293690356823" lon="117.09633951552422">
        <ele>1.2</ele>
        <time>2023-10-07T12:05:05Z</time>
      </trkpt>
      <trkpt lat="39.1029046673429" lon="117.09633996183483">
        <ele>1.2</ele>
        <time>2023-10-07T12:05:06Z</time>
      </trkpt>
      <trkpt lat="39.10287052514648" lon="117.0963382911708">
        <ele>1.2</ele>
        <time>2023-10-07T12:05:08Z</time>
      </trkpt>
      <trkpt lat="39.10283593041128" lon="117.09633544413836">
        <ele>1.2</ele>
        <time>2023-10-07T12:05:10Z</time>
      </trkpt>
      <trkpt lat="39.10280140923475" lon="117.09633192861988">
        <ele>1.7</ele>
        <time>2023-10-07T12:05:11Z</time>
      </trkpt>
      <trkpt lat="39.102772158311325" lon="117.09632977830078">
        <ele>1.7</ele>
        <time>2023-10-07T12:05:12Z</time>
      </trkpt>
      <trkpt lat="39.102745252543464" lon="117.09632859733841">
        <ele>1.7</ele>
        <time>2023-10-07T12:05:13Z</time>
      </trkpt>
      <trkpt lat="39.1027198335449" lon="117.09632828680468">
        <ele>1.7</ele>
        <time>2023-10-07T12:05:14Z</time>
      </trkpt>
      <trkpt lat="39.10269594665587" lon="117.0963273738584">
        <ele>1.7</ele>
        <time>2023-10-07T12:05:15Z</time>
      </trkpt>
      <trkpt lat="39.102671234887545" lon="117.09632522523003">
        <ele>1.7</ele>
        <time>2023-10-07T12:05:16Z</time>
      </trkpt>
      <trkpt lat="39.10264803941494" lon="117.09632266696579">
        <ele>1.7</ele>
        <time>2023-10-07T12:05:17Z</time>
      </trkpt>
      <trkpt lat="39.102620899600936" lon="117.09632261501555">
        <ele>1.7</ele>
        <time>2023-10-07T12:05:18Z</time>
      </trkpt>
      <trkpt lat="39.10259424548772" lon="117.0963248151847">
        <ele>1.7</ele>
        <time>2023-10-07T12:05:19Z</time>
      </trkpt>
      <trkpt lat="39.102568085339904" lon="117.09632779430717">
        <ele>1.7</ele>
        <time>2023-10-07T12:05:20Z</time>
      </trkpt>
      <trkpt lat="39.10254085137475" lon="117.09632561761391">
        <ele>1.3</ele>
        <time>2023-10-07T12:05:22Z</time>
      </trkpt>
      <trkpt lat="39.10250864996416" lon="117.09632336266036">
        <ele>1.3</ele>
        <time>2023-10-07T12:05:23Z</time>
      </trkpt>
      <trkpt lat="39.10247504990558" lon="117.09632207309768">
        <ele>1.3</ele>
        <time>2023-10-07T12:05:24Z</time>
      </trkpt>
      <trkpt lat="39.10244499001979" lon="117.09632495049198">
        <ele>1.3</ele>
        <time>2023-10-07T12:05:25Z</time>
      </trkpt>
      <trkpt lat="39.10241816662765" lon="117.09632770421123">
        <ele>1.3</ele>
        <time>2023-10-07T12:05:26Z</time>
      </trkpt>
      <trkpt lat="39.10239198710621" lon="117.09632974058948">
        <ele>1.3</ele>
        <time>2023-10-07T12:05:27Z</time>
      </trkpt>
      <trkpt lat="39.102365394511175" lon="117.0963315094354">
        <ele>1.3</ele>
        <time>2023-10-07T12:05:28Z</time>
      </trkpt>
      <trkpt lat="39.10233717026935" lon="117.09633337982021">
        <ele>1.3</ele>
        <time>2023-10-07T12:05:29Z</time>
      </trkpt>
      <trkpt lat="39.10230827973641" lon="117.09633621536267">
        <ele>1.3</ele>
        <time>2023-10-07T12:05:30Z</time>
      </trkpt>
      <trkpt lat="39.102274240183355" lon="117.09634128417704">
        <ele>1.9</ele>
        <time>2023-10-07T12:05:32Z</time>
      </trkpt>
      <trkpt lat="39.10224265593414" lon="117.0963490212073">
        <ele>1.9</ele>
        <time>2023-10-07T12:05:33Z</time>
      </trkpt>
      <trkpt lat="39.10221400412618" lon="117.09636018061478">
        <ele>1.9</ele>
        <time>2023-10-07T12:05:34Z</time>
      </trkpt>
      <trkpt lat="39.102193904034934" lon="117.0963740134391">
        <ele>1.9</ele>
        <time>2023-10-07T12:05:35Z</time>
      </trkpt>
      <trkpt lat="39.10218016084921" lon="117.09639247190763">
        <ele>1.9</ele>
        <time>2023-10-07T12:05:36Z</time>
      </trkpt>
      <trkpt lat="39.102170934896634" lon="117.09641659093127">
        <ele>1.9</ele>
        <time>2023-10-07T12:05:37Z</time>
      </trkpt>
      <trkpt lat="39.10216582385932" lon="117.09645004422819">
        <ele>1.9</ele>
        <time>2023-10-07T12:05:38Z</time>
      </trkpt>
      <trkpt lat="39.10216322585086" lon="117.09648681828993">
        <ele>1.9</ele>
        <time>2023-10-07T12:05:39Z</time>
      </trkpt>
      <trkpt lat="39.10216320960376" lon="117.09653053146275">
        <ele>1.5</ele>
        <time>2023-10-07T12:05:41Z</time>
      </trkpt>
      <trkpt lat="39.10216405271799" lon="117.096570246867">
        <ele>1.5</ele>
        <time>2023-10-07T12:05:42Z</time>
      </trkpt>
      <trkpt lat="39.10216482437702" lon="117.09660942494183">
        <ele>1.5</ele>
        <time>2023-10-07T12:05:43Z</time>
      </trkpt>
      <trkpt lat="39.10216430722131" lon="117.0966444004383">
        <ele>1.5</ele>
        <time>2023-10-07T12:05:44Z</time>
      </trkpt>
      <trkpt lat="39.10216393314926" lon="117.09667958355092">
        <ele>1.5</ele>
        <time>2023-10-07T12:05:45Z</time>
      </trkpt>
      <trkpt lat="39.10216395111398" lon="117.09671497481216">
        <ele>1.5</ele>
        <time>2023-10-07T12:05:46Z</time>
      </trkpt>
      <trkpt lat="39.10216449850339" lon="117.0967500627448">
        <ele>1.5</ele>
        <time>2023-10-07T12:05:47Z</time>
      </trkpt>
      <trkpt lat="39.102165320585485" lon="117.09678653836512">
        <ele>1.5</ele>
        <time>2023-10-07T12:05:48Z</time>
      </trkpt>
      <trkpt lat="39.10216633918293" lon="117.09682233406102">
        <ele>1.5</ele>
        <time>2023-10-07T12:05:49Z</time>
      </trkpt>
      <trkpt lat="39.10216742430242" lon="117.09685561134779">
        <ele>1.5</ele>
        <time>2023-10-07T12:05:50Z</time>
      </trkpt>
      <trkpt lat="39.10216887493904" lon="117.09689007196533">
        <ele>1.8</ele>
        <time>2023-10-07T12:05:51Z</time>
      </trkpt>
      <trkpt lat="39.1021705844183" lon="117.09692456541724">
        <ele>1.8</ele>
        <time>2023-10-07T12:05:52Z</time>
      </trkpt>
      <trkpt lat="39.10217219912727" lon="117.09696156949059">
        <ele>1.8</ele>
        <time>2023-10-07T12:05:53Z</time>
      </trkpt>
      <trkpt lat="39.1021731397526" lon="117.0969956408522">
        <ele>1.8</ele>
        <time>2023-10-07T12:05:54Z</time>
      </trkpt>
      <trkpt lat="39.10217328953254" lon="117.09702990518508">
        <ele>1.8</ele>
        <time>2023-10-07T12:05:55Z</time>
      </trkpt>
      <trkpt lat="39.10217280931837" lon="117.09706523051133">
        <ele>1</ele>
        <time>2023-10-07T12:05:56Z</time>
      </trkpt>
      <trkpt lat="39.10217168344867" lon="117.09710209531228">
        <ele>1</ele>
        <time>2023-10-07T12:05:58Z</time>
      </trkpt>
      <trkpt lat="39.10217127036241" lon="117.0971460680601">
        <ele>1</ele>
        <time>2023-10-07T12:05:59Z</time>
      </trkpt>
      <trkpt lat="39.10217218266138" lon="117.09719091696142">
        <ele>1.8</ele>
        <time>2023-10-07T12:06:00Z</time>
      </trkpt>
      <trkpt lat="39.10217472613536" lon="117.09723881447464">
        <ele>1</ele>
        <time>2023-10-07T12:06:01Z</time>
      </trkpt>
      <trkpt lat="39.10217745465661" lon="117.09727937715505">
        <ele>1</ele>
        <time>2023-10-07T12:06:02Z</time>
      </trkpt>
      <trkpt lat="39.10218004341321" lon="117.09731792286723">
        <ele>1</ele>
        <time>2023-10-07T12:06:03Z</time>
      </trkpt>
      <trkpt lat="39.102182604307785" lon="117.09735156825806">
        <ele>1</ele>
        <time>2023-10-07T12:06:04Z</time>
      </trkpt>
      <trkpt lat="39.102185816330106" lon="117.09738827381719">
        <ele>1</ele>
        <time>2023-10-07T12:06:05Z</time>
      </trkpt>
      <trkpt lat="39.10218931213584" lon="117.09742235578665">
        <ele>1</ele>
        <time>2023-10-07T12:06:06Z</time>
      </trkpt>
      <trkpt lat="39.10219294893983" lon="117.09745543238675">
        <ele>1</ele>
        <time>2023-10-07T12:06:07Z</time>
      </trkpt>
      <trkpt lat="39.10219759024121" lon="117.09748569448419">
        <ele>1</ele>
        <time>2023-10-07T12:06:08Z</time>
      </trkpt>
      <trkpt lat="39.10220509988415" lon="117.09751091944806">
        <ele>1</ele>
        <time>2023-10-07T12:06:09Z</time>
      </trkpt>
      <trkpt lat="39.10221789389378" lon="117.09752867781688">
        <ele>1</ele>
        <time>2023-10-07T12:06:10Z</time>
      </trkpt>
      <trkpt lat="39.10223720779095" lon="117.09753506625773">
        <ele>1.4</ele>
        <time>2023-10-07T12:06:11Z</time>
      </trkpt>
      <trkpt lat="39.102259258837115" lon="117.09753350389278">
        <ele>1.4</ele>
        <time>2023-10-07T12:06:12Z</time>
      </trkpt>
      <trkpt lat="39.102283625696465" lon="117.09753163460438">
        <ele>1.4</ele>
        <time>2023-10-07T12:06:14Z</time>
      </trkpt>
      <trkpt lat="39.10230990864665" lon="117.09752824226875">
        <ele>1.4</ele>
        <time>2023-10-07T12:06:16Z</time>
      </trkpt>
      <trkpt lat="39.10234344680099" lon="117.09752713949487">
        <ele>1.4</ele>
        <time>2023-10-07T12:06:17Z</time>
      </trkpt>
      <trkpt lat="39.10238138127693" lon="117.09752492048834">
        <ele>1.4</ele>
        <time>2023-10-07T12:06:18Z</time>
      </trkpt>
      <trkpt lat="39.10241834316918" lon="117.09752492599516">
        <ele>1.4</ele>
        <time>2023-10-07T12:06:19Z</time>
      </trkpt>
      <trkpt lat="39.10245151628323" lon="117.09752542725212">
        <ele>1.6</ele>
        <time>2023-10-07T12:06:20Z</time>
      </trkpt>
      <trkpt lat="39.10248408352442" lon="117.097525705799">
        <ele>1.6</ele>
        <time>2023-10-07T12:06:21Z</time>
      </trkpt>
      <trkpt lat="39.10252068690861" lon="117.09752624235458">
        <ele>1.6</ele>
        <time>2023-10-07T12:06:23Z</time>
      </trkpt>
      <trkpt lat="39.102557996581425" lon="117.09752740219453">
        <ele>1.6</ele>
        <time>2023-10-07T12:06:24Z</time>
      </trkpt>
      <trkpt lat="39.10259615316643" lon="117.09752861674002">
        <ele>1.6</ele>
        <time>2023-10-07T12:06:26Z</time>
      </trkpt>
      <trkpt lat="39.10262748591833" lon="117.09752972146686">
        <ele>1.6</ele>
        <time>2023-10-07T12:06:27Z</time>
      </trkpt>
      <trkpt lat="39.10265397008306" lon="117.09753076243095">
        <ele>1.6</ele>
        <time>2023-10-07T12:06:28Z</time>
      </trkpt>
      <trkpt lat="39.102675705349746" lon="117.09753177338894">
        <ele>1.6</ele>
        <time>2023-10-07T12:06:29Z</time>
      </trkpt>
      <trkpt lat="39.102697577790025" lon="117.09753255268396">
        <ele>0.9</ele>
        <time>2023-10-07T12:06:30Z</time>
      </trkpt>
      <trkpt lat="39.10272059002165" lon="117.09753229286054">
        <ele>0.9</ele>
        <time>2023-10-07T12:06:31Z</time>
      </trkpt>
      <trkpt lat="39.1027450188757" lon="117.09753141333374">
        <ele>0.9</ele>
        <time>2023-10-07T12:06:32Z</time>
      </trkpt>
      <trkpt lat="39.1027737775878" lon="117.0975294029257">
        <ele>0.9</ele>
        <time>2023-10-07T12:06:34Z</time>
      </trkpt>
      <trkpt lat="39.10280794788289" lon="117.09752764480763">
        <ele>0.9</ele>
        <time>2023-10-07T12:06:35Z</time>
      </trkpt>
      <trkpt lat="39.102847585814295" lon="117.09752690370958">
        <ele>0.9</ele>
        <time>2023-10-07T12:06:36Z</time>
      </trkpt>
      <trkpt lat="39.10289180504444" lon="117.09752684571212">
        <ele>0.9</ele>
        <time>2023-10-07T12:06:38Z</time>
      </trkpt>
      <trkpt lat="39.10293444494959" lon="117.09752634300413">
        <ele>0.9</ele>
        <time>2023-10-07T12:06:39Z</time>
      </trkpt>
      <trkpt lat="39.102974736807795" lon="117.09752515894">
        <ele>1.4</ele>
        <time>2023-10-07T12:06:41Z</time>
      </trkpt>
      <trkpt lat="39.10300525347799" lon="117.09752827754663">
        <ele>1.4</ele>
        <time>2023-10-07T12:06:42Z</time>
      </trkpt>
      <trkpt lat="39.10302947165727" lon="117.09753860060347">
        <ele>1.4</ele>
        <time>2023-10-07T12:06:43Z</time>
      </trkpt>
      <trkpt lat="39.10304251650897" lon="117.09756130823186">
        <ele>1.4</ele>
        <time>2023-10-07T12:06:44Z</time>
      </trkpt>
      <trkpt lat="39.103046490135426" lon="117.09759006012861">
        <ele>1.4</ele>
        <time>2023-10-07T12:06:45Z</time>
      </trkpt>
      <trkpt lat="39.10304471822978" lon="117.09762559218282">
        <ele>1.4</ele>
        <time>2023-10-07T12:06:47Z</time>
      </trkpt>
      <trkpt lat="39.10303906928813" lon="117.0976602614425">
        <ele>1.4</ele>
        <time>2023-10-07T12:06:48Z</time>
      </trkpt>
      <trkpt lat="39.1030339535239" lon="117.09769949418326">
        <ele>1.4</ele>
        <time>2023-10-07T12:06:49Z</time>
      </trkpt>
      <trkpt lat="39.103027742793316" lon="117.09773654712944">
        <ele>1.4</ele>
        <time>2023-10-07T12:06:50Z</time>
      </trkpt>
      <trkpt lat="39.10302049227161" lon="117.09777925916221">
        <ele>1.4</ele>
        <time>2023-10-07T12:06:52Z</time>
      </trkpt>
      <trkpt lat="39.10301609022922" lon="117.09782167223469">
        <ele>1.4</ele>
        <time>2023-10-07T12:06:53Z</time>
      </trkpt>
      <trkpt lat="39.10301694950867" lon="117.09787069166345">
        <ele>1.4</ele>
        <time>2023-10-07T12:06:54Z</time>
      </trkpt>
      <trkpt lat="39.103022116257385" lon="117.09791365332426">
        <ele>1</ele>
        <time>2023-10-07T12:06:55Z</time>
      </trkpt>
      <trkpt lat="39.10302595225028" lon="117.09795327733192">
        <ele>1</ele>
        <time>2023-10-07T12:06:56Z</time>
      </trkpt>
      <trkpt lat="39.10302571813762" lon="117.09799121713944">
        <ele>1</ele>
        <time>2023-10-07T12:06:57Z</time>
      </trkpt>
      <trkpt lat="39.1030257991766" lon="117.09803101749362">
        <ele>1</ele>
        <time>2023-10-07T12:06:58Z</time>
      </trkpt>
      <trkpt lat="39.10302768785988" lon="117.09807586454286">
        <ele>1</ele>
        <time>2023-10-07T12:06:59Z</time>
      </trkpt>
      <trkpt lat="39.10303105777065" lon="117.09811537610531">
        <ele>1.5</ele>
        <time>2023-10-07T12:07:00Z</time>
      </trkpt>
      <trkpt lat="39.10303295409334" lon="117.09815890561907">
        <ele>1.5</ele>
        <time>2023-10-07T12:07:02Z</time>
      </trkpt>
      <trkpt lat="39.1030354900388" lon="117.09819399156181">
        <ele>1.5</ele>
        <time>2023-10-07T12:07:03Z</time>
      </trkpt>
      <trkpt lat="39.103040815823704" lon="117.09822300508333">
        <ele>1.5</ele>
        <time>2023-10-07T12:07:04Z</time>
      </trkpt>
      <trkpt lat="39.103051734659886" lon="117.09823944463383">
        <ele>1.5</ele>
        <time>2023-10-07T12:07:05Z</time>
      </trkpt>
      <trkpt lat="39.10307017853858" lon="117.09825253349037">
        <ele>1.5</ele>
        <time>2023-10-07T12:07:06Z</time>
      </trkpt>
      <trkpt lat="39.10309596497665" lon="117.09826257679104">
        <ele>1.5</ele>
        <time>2023-10-07T12:07:08Z</time>
      </trkpt>
      <trkpt lat="39.103126794657" lon="117.09826086052499">
        <ele>0.9</ele>
        <time>2023-10-07T12:07:10Z</time>
      </trkpt>
      <trkpt lat="39.10316028657464" lon="117.09825495430695">
        <ele>0.9</ele>
        <time>2023-10-07T12:07:11Z</time>
      </trkpt>
      <trkpt lat="39.10319663371055" lon="117.09824731716887">
        <ele>0.9</ele>
        <time>2023-10-07T12:07:12Z</time>
      </trkpt>
      <trkpt lat="39.103231194449165" lon="117.09824650989107">
        <ele>0.9</ele>
        <time>2023-10-07T12:07:13Z</time>
      </trkpt>
      <trkpt lat="39.10326443944518" lon="117.09824480123034">
        <ele>0.9</ele>
        <time>2023-10-07T12:07:14Z</time>
      </trkpt>
      <trkpt lat="39.10329266791949" lon="117.09824204090454">
        <ele>0.9</ele>
        <time>2023-10-07T12:07:15Z</time>
      </trkpt>
      <trkpt lat="39.10332063374464" lon="117.09823914981642">
        <ele>0.9</ele>
        <time>2023-10-07T12:07:16Z</time>
      </trkpt>
      <trkpt lat="39.103349436908445" lon="117.09823655358248">
        <ele>0.9</ele>
        <time>2023-10-07T12:07:17Z</time>
      </trkpt>
      <trkpt lat="39.1033788034258" lon="117.09823514500836">
        <ele>0.9</ele>
        <time>2023-10-07T12:07:18Z</time>
      </trkpt>
      <trkpt lat="39.103412777074226" lon="117.0982350288101">
        <ele>1.4</ele>
        <time>2023-10-07T12:07:20Z</time>
      </trkpt>
      <trkpt lat="39.103446137546996" lon="117.09823706700848">
        <ele>1.4</ele>
        <time>2023-10-07T12:07:22Z</time>
      </trkpt>
      <trkpt lat="39.10347756450611" lon="117.0982396314093">
        <ele>1.4</ele>
        <time>2023-10-07T12:07:23Z</time>
      </trkpt>
      <trkpt lat="39.103505095453194" lon="117.09824147305459">
        <ele>1.4</ele>
        <time>2023-10-07T12:07:24Z</time>
      </trkpt>
      <trkpt lat="39.10353351566189" lon="117.09824134372148">
        <ele>1.4</ele>
        <time>2023-10-07T12:07:26Z</time>
      </trkpt>
      <trkpt lat="39.103563704321736" lon="117.09824040723369">
        <ele>1.4</ele>
        <time>2023-10-07T12:07:28Z</time>
      </trkpt>
      <trkpt lat="39.10359511116153" lon="117.09823959420083">
        <ele>1.4</ele>
        <time>2023-10-07T12:07:29Z</time>
      </trkpt>
      <trkpt lat="39.10362265455506" lon="117.09823942220937">
        <ele>0.7</ele>
        <time>2023-10-07T12:07:30Z</time>
      </trkpt>
      <trkpt lat="39.10364877603254" lon="117.09823945947181">
        <ele>0.7</ele>
        <time>2023-10-07T12:07:31Z</time>
      </trkpt>
      <trkpt lat="39.103673901882175" lon="117.0982395145515">
        <ele>0.7</ele>
        <time>2023-10-07T12:07:32Z</time>
      </trkpt>
      <trkpt lat="39.103698386318136" lon="117.0982393426741">
        <ele>0.7</ele>
        <time>2023-10-07T12:07:33Z</time>
      </trkpt>
      <trkpt lat="39.10372294084819" lon="117.09823909729104">
        <ele>0.7</ele>
        <time>2023-10-07T12:07:34Z</time>
      </trkpt>
      <trkpt lat="39.103744834643855" lon="117.098238951567">
        <ele>0.7</ele>
        <time>2023-10-07T12:07:35Z</time>
      </trkpt>
      <trkpt lat="39.10376879257749" lon="117.09823943606271">
        <ele>0.7</ele>
        <time>2023-10-07T12:07:36Z</time>
      </trkpt>
      <trkpt lat="39.103792107571664" lon="117.09824020089962">
        <ele>0.7</ele>
        <time>2023-10-07T12:07:37Z</time>
      </trkpt>
      <trkpt lat="39.10381777383026" lon="117.09824120018442">
        <ele>0.7</ele>
        <time>2023-10-07T12:07:38Z</time>
      </trkpt>
      <trkpt lat="39.103841879972684" lon="117.09824164925723">
        <ele>0.7</ele>
        <time>2023-10-07T12:07:39Z</time>
      </trkpt>
      <trkpt lat="39.10386695641099" lon="117.09824177442898">
        <ele>0.9</ele>
        <time>2023-10-07T12:07:40Z</time>
      </trkpt>
      <trkpt lat="39.103893151585595" lon="117.09824140157217">
        <ele>0.9</ele>
        <time>2023-10-07T12:07:41Z</time>
      </trkpt>
      <trkpt lat="39.10391952192959" lon="117.0982410352381">
        <ele>0.9</ele>
        <time>2023-10-07T12:07:42Z</time>
      </trkpt>
      <trkpt lat="39.10394920105552" lon="117.09824037840934">
        <ele>0.9</ele>
        <time>2023-10-07T12:07:43Z</time>
      </trkpt>
      <trkpt lat="39.103977633235445" lon="117.09823934033501">
        <ele>0.9</ele>
        <time>2023-10-07T12:07:44Z</time>
      </trkpt>
      <trkpt lat="39.10401169134459" lon="117.09823663918914">
        <ele>0.9</ele>
        <time>2023-10-07T12:07:46Z</time>
      </trkpt>
      <trkpt lat="39.104046478969565" lon="117.09823431876382">
        <ele>0.9</ele>
        <time>2023-10-07T12:07:47Z</time>
      </trkpt>
      <trkpt lat="39.10408394032183" lon="117.09823335770436">
        <ele>0.9</ele>
        <time>2023-10-07T12:07:48Z</time>
      </trkpt>
      <trkpt lat="39.10412460891138" lon="117.09823421659269">
        <ele>1.5</ele>
        <time>2023-10-07T12:07:50Z</time>
      </trkpt>
      <trkpt lat="39.10416267693766" lon="117.09823482250066">
        <ele>1.5</ele>
        <time>2023-10-07T12:07:51Z</time>
      </trkpt>
      <trkpt lat="39.104197894608404" lon="117.09823391586949">
        <ele>1.5</ele>
        <time>2023-10-07T12:07:52Z</time>
      </trkpt>
      <trkpt lat="39.10422736590892" lon="117.0982319916511">
        <ele>1.5</ele>
        <time>2023-10-07T12:07:53Z</time>
      </trkpt>
      <trkpt lat="39.10425501187161" lon="117.09822947810636">
        <ele>1.5</ele>
        <time>2023-10-07T12:07:54Z</time>
      </trkpt>
      <trkpt lat="39.104282765476185" lon="117.09822643472445">
        <ele>1</ele>
        <time>2023-10-07T12:07:55Z</time>
      </trkpt>
      <trkpt lat="39.10430611784512" lon="117.09822371199667">
        <ele>1</ele>
        <time>2023-10-07T12:07:56Z</time>
      </trkpt>
      <trkpt lat="39.10432811848816" lon="117.09822135394755">
        <ele>1</ele>
        <time>2023-10-07T12:07:57Z</time>
      </trkpt>
      <trkpt lat="39.10434851083423" lon="117.09821947685603">
        <ele>1</ele>
        <time>2023-10-07T12:07:58Z</time>
      </trkpt>
      <trkpt lat="39.10436827175755" lon="117.09821754178986">
        <ele>1</ele>
        <time>2023-10-07T12:07:59Z</time>
      </trkpt>
      <trkpt lat="39.10438837552714" lon="117.09821461788721">
        <ele>0.8</ele>
        <time>2023-10-07T12:08:00Z</time>
      </trkpt>
      <trkpt lat="39.104411465538625" lon="117.09820981737066">
        <ele>0.8</ele>
        <time>2023-10-07T12:08:02Z</time>
      </trkpt>
      <trkpt lat="39.10443562151807" lon="117.09820027242344">
        <ele>0.8</ele>
        <time>2023-10-07T12:08:04Z</time>
      </trkpt>
      <trkpt lat="39.10446107442237" lon="117.09818476654152">
        <ele>0.8</ele>
        <time>2023-10-07T12:08:05Z</time>
      </trkpt>
      <trkpt lat="39.104480434611624" lon="117.09816289047481">
        <ele>0.8</ele>
        <time>2023-10-07T12:08:06Z</time>
      </trkpt>
      <trkpt lat="39.10449472007173" lon="117.09813667490685">
        <ele>0.8</ele>
        <time>2023-10-07T12:08:07Z</time>
      </trkpt>
      <trkpt lat="39.104500908675945" lon="117.09810462169516">
        <ele>0.8</ele>
        <time>2023-10-07T12:08:08Z</time>
      </trkpt>
      <trkpt lat="39.104501071983044" lon="117.09807004714011">
        <ele>0.8</ele>
        <time>2023-10-07T12:08:09Z</time>
      </trkpt>
      <trkpt lat="39.10449818915753" lon="117.09803383432602">
        <ele>0.7</ele>
        <time>2023-10-07T12:08:10Z</time>
      </trkpt>
      <trkpt lat="39.10449518390347" lon="117.09799532646367">
        <ele>0.7</ele>
        <time>2023-10-07T12:08:11Z</time>
      </trkpt>
      <trkpt lat="39.104493767036125" lon="117.09795658464029">
        <ele>0.7</ele>
        <time>2023-10-07T12:08:12Z</time>
      </trkpt>
      <trkpt lat="39.104495137250915" lon="117.097909380981">
        <ele>0.7</ele>
        <time>2023-10-07T12:08:14Z</time>
      </trkpt>
      <trkpt lat="39.10449742369984" lon="117.09786845613499">
        <ele>0.7</ele>
        <time>2023-10-07T12:08:15Z</time>
      </trkpt>
      <trkpt lat="39.10450052428108" lon="117.09782857985302">
        <ele>0.7</ele>
        <time>2023-10-07T12:08:16Z</time>
      </trkpt>
      <trkpt lat="39.10450185221312" lon="117.0978000531015">
        <ele>0.7</ele>
        <time>2023-10-07T12:08:17Z</time>
      </trkpt>
      <trkpt lat="39.10450205949349" lon="117.09777161177844">
        <ele>0.7</ele>
        <time>2023-10-07T12:08:18Z</time>
      </trkpt>
      <trkpt lat="39.10450039306792" lon="117.09774157721992">
        <ele>0.7</ele>
        <time>2023-10-07T12:08:19Z</time>
      </trkpt>
      <trkpt lat="39.10449800248003" lon="117.0977101903828">
        <ele>1.1</ele>
        <time>2023-10-07T12:08:20Z</time>
      </trkpt>
      <trkpt lat="39.10449457932396" lon="117.09767481859329">
        <ele>1.1</ele>
        <time>2023-10-07T12:08:22Z</time>
      </trkpt>
      <trkpt lat="39.10449211642307" lon="117.0976354639481">
        <ele>1.1</ele>
        <time>2023-10-07T12:08:23Z</time>
      </trkpt>
      <trkpt lat="39.10449049992202" lon="117.09759168047816">
        <ele>1.1</ele>
        <time>2023-10-07T12:08:24Z</time>
      </trkpt>
      <trkpt lat="39.10449045159873" lon="117.09754911740919">
        <ele>1.1</ele>
        <time>2023-10-07T12:08:25Z</time>
      </trkpt>
      <trkpt lat="39.10449068108794" lon="117.09750856383847">
        <ele>1.1</ele>
        <time>2023-10-07T12:08:26Z</time>
      </trkpt>
      <trkpt lat="39.10449123542449" lon="117.09747029056317">
        <ele>1.1</ele>
        <time>2023-10-07T12:08:27Z</time>
      </trkpt>
      <trkpt lat="39.10449238957814" lon="117.09743221562316">
        <ele>1.1</ele>
        <time>2023-10-07T12:08:28Z</time>
      </trkpt>
      <trkpt lat="39.104494269195015" lon="117.09739295509559">
        <ele>1.1</ele>
        <time>2023-10-07T12:08:29Z</time>
      </trkpt>
      <trkpt lat="39.10449652569013" lon="117.09735419713736">
        <ele>0.6</ele>
        <time>2023-10-07T12:08:30Z</time>
      </trkpt>
      <trkpt lat="39.10449974627034" lon="117.09730829841413">
        <ele>0.6</ele>
        <time>2023-10-07T12:08:32Z</time>
      </trkpt>
      <trkpt lat="39.10450275364176" lon="117.09726925586888">
        <ele>0.6</ele>
        <time>2023-10-07T12:08:33Z</time>
      </trkpt>
      <trkpt lat="39.104505962897186" lon="117.09723112572632">
        <ele>0.6</ele>
        <time>2023-10-07T12:08:34Z</time>
      </trkpt>
      <trkpt lat="39.10450741263629" lon="117.09720457069822">
        <ele>0.6</ele>
        <time>2023-10-07T12:08:35Z</time>
      </trkpt>
      <trkpt lat="39.104507924995985" lon="117.09717535271336">
        <ele>0.6</ele>
        <time>2023-10-07T12:08:36Z</time>
      </trkpt>
      <trkpt lat="39.10450731862912" lon="117.09714867128687">
        <ele>0.6</ele>
        <time>2023-10-07T12:08:37Z</time>
      </trkpt>
      <trkpt lat="39.104506533825585" lon="117.09711740874788">
        <ele>0.6</ele>
        <time>2023-10-07T12:08:38Z</time>
      </trkpt>
      <trkpt lat="39.10450463979739" lon="117.0970864915566">
        <ele>1.2</ele>
        <time>2023-10-07T12:08:40Z</time>
      </trkpt>
      <trkpt lat="39.104502035719705" lon="117.09704725488805">
        <ele>1.2</ele>
        <time>2023-10-07T12:08:41Z</time>
      </trkpt>
      <trkpt lat="39.10449970615479" lon="117.09700572509867">
        <ele>1.2</ele>
        <time>2023-10-07T12:08:42Z</time>
      </trkpt>
      <trkpt lat="39.10449978031502" lon="117.09696284614401">
        <ele>1.2</ele>
        <time>2023-10-07T12:08:43Z</time>
      </trkpt>
      <trkpt lat="39.104502440020106" lon="117.09692159554609">
        <ele>1.2</ele>
        <time>2023-10-07T12:08:44Z</time>
      </trkpt>
      <trkpt lat="39.1045064201723" lon="117.09688337754737">
        <ele>1.2</ele>
        <time>2023-10-07T12:08:45Z</time>
      </trkpt>
      <trkpt lat="39.10451035510295" lon="117.09684385451065">
        <ele>1.2</ele>
        <time>2023-10-07T12:08:46Z</time>
      </trkpt>
      <trkpt lat="39.10451218465924" lon="117.09680834984967">
        <ele>1.2</ele>
        <time>2023-10-07T12:08:47Z</time>
      </trkpt>
      <trkpt lat="39.10451250903378" lon="117.09677336876969">
        <ele>1.2</ele>
        <time>2023-10-07T12:08:48Z</time>
      </trkpt>
      <trkpt lat="39.10451134930886" lon="117.09674125157758">
        <ele>1.2</ele>
        <time>2023-10-07T12:08:49Z</time>
      </trkpt>
      <trkpt lat="39.10450965791023" lon="117.09671043705714">
        <ele>1.4</ele>
        <time>2023-10-07T12:08:50Z</time>
      </trkpt>
      <trkpt lat="39.104506657600844" lon="117.09667929325275">
        <ele>1.4</ele>
        <time>2023-10-07T12:08:51Z</time>
      </trkpt>
      <trkpt lat="39.10450271857299" lon="117.09665263537325">
        <ele>1.4</ele>
        <time>2023-10-07T12:08:52Z</time>
      </trkpt>
      <trkpt lat="39.10449872069502" lon="117.09662520078524">
        <ele>1.4</ele>
        <time>2023-10-07T12:08:53Z</time>
      </trkpt>
      <trkpt lat="39.10449595608217" lon="117.09660009529743">
        <ele>1.4</ele>
        <time>2023-10-07T12:08:54Z</time>
      </trkpt>
      <trkpt lat="39.104494257338054" lon="117.09657209415619">
        <ele>1</ele>
        <time>2023-10-07T12:08:55Z</time>
      </trkpt>
      <trkpt lat="39.10449319091203" lon="117.09654201026655">
        <ele>1</ele>
        <time>2023-10-07T12:08:56Z</time>
      </trkpt>
      <trkpt lat="39.10449218940082" lon="117.09651017055428">
        <ele>1</ele>
        <time>2023-10-07T12:08:58Z</time>
      </trkpt>
      <trkpt lat="39.104491582889885" lon="117.09647099418282">
        <ele>1</ele>
        <time>2023-10-07T12:08:59Z</time>
      </trkpt>
      <trkpt lat="39.104490358622954" lon="117.09643019678488">
        <ele>1.4</ele>
        <time>2023-10-07T12:09:00Z</time>
      </trkpt>
      <trkpt lat="39.104488174725596" lon="117.09638587054911">
        <ele>1.4</ele>
        <time>2023-10-07T12:09:01Z</time>
      </trkpt>
      <trkpt lat="39.10448253925447" lon="117.0963477583926">
        <ele>1.4</ele>
        <time>2023-10-07T12:09:02Z</time>
      </trkpt>
      <trkpt lat="39.104473245276566" lon="117.09631431755255">
        <ele>1.4</ele>
        <time>2023-10-07T12:09:03Z</time>
      </trkpt>
      <trkpt lat="39.10445500332588" lon="117.09628456488274">
        <ele>1.4</ele>
        <time>2023-10-07T12:09:05Z</time>
      </trkpt>
      <trkpt lat="39.10443359013067" lon="117.09625931444508">
        <ele>1.4</ele>
        <time>2023-10-07T12:09:06Z</time>
      </trkpt>
      <trkpt lat="39.104407696031366" lon="117.09624703587112">
        <ele>1.4</ele>
        <time>2023-10-07T12:09:07Z</time>
      </trkpt>
      <trkpt lat="39.104382043214294" lon="117.09624869675338">
        <ele>1.4</ele>
        <time>2023-10-07T12:09:08Z</time>
      </trkpt>
      <trkpt lat="39.104351408571596" lon="117.09625850652066">
        <ele>1.4</ele>
        <time>2023-10-07T12:09:09Z</time>
      </trkpt>
      <trkpt lat="39.1043227551702" lon="117.09626474234337">
        <ele>0.9</ele>
        <time>2023-10-07T12:09:10Z</time>
      </trkpt>
      <trkpt lat="39.10429448296758" lon="117.09626851799047">
        <ele>0.9</ele>
        <time>2023-10-07T12:09:11Z</time>
      </trkpt>
      <trkpt lat="39.10426978991733" lon="117.09627121944906">
        <ele>0.9</ele>
        <time>2023-10-07T12:09:12Z</time>
      </trkpt>
      <trkpt lat="39.104243615822945" lon="117.09627499312188">
        <ele>0.9</ele>
        <time>2023-10-07T12:09:13Z</time>
      </trkpt>
      <trkpt lat="39.104216647675514" lon="117.09627888062847">
        <ele>0.9</ele>
        <time>2023-10-07T12:09:14Z</time>
      </trkpt>
      <trkpt lat="39.1041858105316" lon="117.0962827459741">
        <ele>0.9</ele>
        <time>2023-10-07T12:09:16Z</time>
      </trkpt>
      <trkpt lat="39.10415417698388" lon="117.09628633926467">
        <ele>0.9</ele>
        <time>2023-10-07T12:09:17Z</time>
      </trkpt>
      <trkpt lat="39.1041240045229" lon="117.09628928716404">
        <ele>0.9</ele>
        <time>2023-10-07T12:09:18Z</time>
      </trkpt>
      <trkpt lat="39.1040970501718" lon="117.09629145650936">
        <ele>0.9</ele>
        <time>2023-10-07T12:09:19Z</time>
      </trkpt>
      <trkpt lat="39.10406787289679" lon="117.09629332868393">
        <ele>1.1</ele>
        <time>2023-10-07T12:09:20Z</time>
      </trkpt>
      <trkpt lat="39.104038736638756" lon="117.09629493915894">
        <ele>1.1</ele>
        <time>2023-10-07T12:09:21Z</time>
      </trkpt>
      <trkpt lat="39.104003995771215" lon="117.09629738349122">
        <ele>1.1</ele>
        <time>2023-10-07T12:09:23Z</time>
      </trkpt>
      <trkpt lat="39.10397279134354" lon="117.09629986824106">
        <ele>1.1</ele>
        <time>2023-10-07T12:09:24Z</time>
      </trkpt>
      <trkpt lat="39.10394278772945" lon="117.096302306845">
        <ele>1.1</ele>
        <time>2023-10-07T12:09:25Z</time>
      </trkpt>
      <trkpt lat="39.10391715285781" lon="117.09630358048263">
        <ele>1.1</ele>
        <time>2023-10-07T12:09:26Z</time>
      </trkpt>
      <trkpt lat="39.10389265805069" lon="117.09630427412164">
        <ele>1.1</ele>
        <time>2023-10-07T12:09:27Z</time>
      </trkpt>
      <trkpt lat="39.10386659608917" lon="117.09630468463723">
        <ele>1.1</ele>
        <time>2023-10-07T12:09:28Z</time>
      </trkpt>
      <trkpt lat="39.10384327146112" lon="117.09630493854898">
        <ele>1.1</ele>
        <time>2023-10-07T12:09:29Z</time>
      </trkpt>
      <trkpt lat="39.103819476519675" lon="117.09630511742772">
        <ele>1.4</ele>
        <time>2023-10-07T12:09:30Z</time>
      </trkpt>
      <trkpt lat="39.103795517771175" lon="117.09630474730038">
        <ele>1.4</ele>
        <time>2023-10-07T12:09:31Z</time>
      </trkpt>
      <trkpt lat="39.103770499437765" lon="117.09630570198362">
        <ele>1.4</ele>
        <time>2023-10-07T12:09:32Z</time>
      </trkpt>
      <trkpt lat="39.10374434682796" lon="117.09630852436678">
        <ele>1.4</ele>
        <time>2023-10-07T12:09:33Z</time>
      </trkpt>
      <trkpt lat="39.1037141887442" lon="117.09631506695486">
        <ele>1.4</ele>
        <time>2023-10-07T12:09:35Z</time>
      </trkpt>
      <trkpt lat="39.103683573065446" lon="117.09632080944691">
        <ele>1.4</ele>
        <time>2023-10-07T12:09:36Z</time>
      </trkpt>
      <trkpt lat="39.103653233085055" lon="117.096324595991">
        <ele>1.4</ele>
        <time>2023-10-07T12:09:37Z</time>
      </trkpt>
      <trkpt lat="39.10362575073867" lon="117.0963251714638">
        <ele>1.4</ele>
        <time>2023-10-07T12:09:38Z</time>
      </trkpt>
      <trkpt lat="39.103599117493054" lon="117.09632489853733">
        <ele>1.4</ele>
        <time>2023-10-07T12:09:39Z</time>
      </trkpt>
      <trkpt lat="39.103570568633245" lon="117.09632360719237">
        <ele>1.3</ele>
        <time>2023-10-07T12:09:40Z</time>
      </trkpt>
      <trkpt lat="39.103543858079746" lon="117.0963212650554">
        <ele>1.3</ele>
        <time>2023-10-07T12:09:41Z</time>
      </trkpt>
      <trkpt lat="39.10351613783328" lon="117.09631836224982">
        <ele>1.3</ele>
        <time>2023-10-07T12:09:42Z</time>
      </trkpt>
      <trkpt lat="39.10348470216031" lon="117.09631526824674">
        <ele>1.3</ele>
        <time>2023-10-07T12:09:44Z</time>
      </trkpt>
      <trkpt lat="39.103451950662695" lon="117.09631297860798">
        <ele>1.3</ele>
        <time>2023-10-07T12:09:45Z</time>
      </trkpt>
      <trkpt lat="39.1034195171838" lon="117.09631140879004">
        <ele>1.3</ele>
        <time>2023-10-07T12:09:46Z</time>
      </trkpt>
      <trkpt lat="39.10339162628308" lon="117.0963113329594">
        <ele>1.3</ele>
        <time>2023-10-07T12:09:47Z</time>
      </trkpt>
      <trkpt lat="39.10336213213472" lon="117.09631080945624">
        <ele>1.3</ele>
        <time>2023-10-07T12:09:48Z</time>
      </trkpt>
      <trkpt lat="39.10332859372563" lon="117.09631396567612">
        <ele>1</ele>
        <time>2023-10-07T12:09:50Z</time>
      </trkpt>
      <trkpt lat="39.10329580512137" lon="117.09631166308432">
        <ele>1</ele>
        <time>2023-10-07T12:09:52Z</time>
      </trkpt>
      <trkpt lat="39.10326163416966" lon="117.09631061525174">
        <ele>1</ele>
        <time>2023-10-07T12:09:53Z</time>
      </trkpt>
      <trkpt lat="39.10322737242482" lon="117.09630862831438">
        <ele>1</ele>
        <time>2023-10-07T12:09:54Z</time>
      </trkpt>
      <trkpt lat="39.10318971423243" lon="117.0963132290635">
        <ele>1</ele>
        <time>2023-10-07T12:09:55Z</time>
      </trkpt>
      <trkpt lat="39.10315720725631" lon="117.09631769561952">
        <ele>1</ele>
        <time>2023-10-07T12:09:56Z</time>
      </trkpt>
      <trkpt lat="39.103127061034456" lon="117.0963194235348">
        <ele>1</ele>
        <time>2023-10-07T12:09:57Z</time>
      </trkpt>
      <trkpt lat="39.103100784680244" lon="117.09631987071934">
        <ele>1</ele>
        <time>2023-10-07T12:09:58Z</time>
      </trkpt>
      <trkpt lat="39.10307449687719" lon="117.09632022498998">
        <ele>1</ele>
        <time>2023-10-07T12:09:59Z</time>
      </trkpt>
      <trkpt lat="39.10304854007388" lon="117.09632093372267">
        <ele>1</ele>
        <time>2023-10-07T12:10:00Z</time>
      </trkpt>
      <trkpt lat="39.103023998701154" lon="117.09632177227358">
        <ele>1</ele>
        <time>2023-10-07T12:10:01Z</time>
      </trkpt>
      <trkpt lat="39.10299832952014" lon="117.09632293685053">
        <ele>1</ele>
        <time>2023-10-07T12:10:02Z</time>
      </trkpt>
      <trkpt lat="39.10297644039364" lon="117.0963245916979">
        <ele>1</ele>
        <time>2023-10-07T12:10:03Z</time>
      </trkpt>
      <trkpt lat="39.102953868358206" lon="117.09632615213722">
        <ele>1</ele>
        <time>2023-10-07T12:10:04Z</time>
      </trkpt>
      <trkpt lat="39.10293409318165" lon="117.09632680792294">
        <ele>1</ele>
        <time>2023-10-07T12:10:05Z</time>
      </trkpt>
      <trkpt lat="39.102913810566385" lon="117.09632686841648">
        <ele>1</ele>
        <time>2023-10-07T12:10:06Z</time>
      </trkpt>
      <trkpt lat="39.102891886052134" lon="117.09632674909267">
        <ele>1</ele>
        <time>2023-10-07T12:10:07Z</time>
      </trkpt>
      <trkpt lat="39.10286975714069" lon="117.09632669979057">
        <ele>1</ele>
        <time>2023-10-07T12:10:08Z</time>
      </trkpt>
      <trkpt lat="39.10284457143802" lon="117.09632548165595">
        <ele>1.5</ele>
        <time>2023-10-07T12:10:10Z</time>
      </trkpt>
      <trkpt lat="39.10281910318729" lon="117.09632457619075">
        <ele>1.5</ele>
        <time>2023-10-07T12:10:11Z</time>
      </trkpt>
      <trkpt lat="39.10278775600017" lon="117.09632461183942">
        <ele>1.5</ele>
        <time>2023-10-07T12:10:12Z</time>
      </trkpt>
      <trkpt lat="39.10275710603919" lon="117.09632587037916">
        <ele>1.5</ele>
        <time>2023-10-07T12:10:13Z</time>
      </trkpt>
      <trkpt lat="39.102727119219956" lon="117.09632698153223">
        <ele>1.5</ele>
        <time>2023-10-07T12:10:14Z</time>
      </trkpt>
      <trkpt lat="39.1026983270546" lon="117.09632738763818">
        <ele>1.5</ele>
        <time>2023-10-07T12:10:15Z</time>
      </trkpt>
      <trkpt lat="39.102670319530084" lon="117.09632791718178">
        <ele>1.5</ele>
        <time>2023-10-07T12:10:16Z</time>
      </trkpt>
      <trkpt lat="39.102640290850424" lon="117.09632887735668">
        <ele>1.5</ele>
        <time>2023-10-07T12:10:17Z</time>
      </trkpt>
      <trkpt lat="39.10261318983422" lon="117.09633010244933">
        <ele>1.5</ele>
        <time>2023-10-07T12:10:18Z</time>
      </trkpt>
      <trkpt lat="39.102584039900904" lon="117.09633131202864">
        <ele>1.5</ele>
        <time>2023-10-07T12:10:19Z</time>
      </trkpt>
      <trkpt lat="39.102557694254045" lon="117.09633205357969">
        <ele>0.8</ele>
        <time>2023-10-07T12:10:20Z</time>
      </trkpt>
      <trkpt lat="39.102531621589165" lon="117.09633232892864">
        <ele>0.8</ele>
        <time>2023-10-07T12:10:21Z</time>
      </trkpt>
      <trkpt lat="39.10250521337149" lon="117.09633261831412">
        <ele>0.8</ele>
        <time>2023-10-07T12:10:23Z</time>
      </trkpt>
      <trkpt lat="39.102478457483436" lon="117.09633326725229">
        <ele>0.8</ele>
        <time>2023-10-07T12:10:24Z</time>
      </trkpt>
      <trkpt lat="39.10245331739356" lon="117.09633409556915">
        <ele>0.8</ele>
        <time>2023-10-07T12:10:25Z</time>
      </trkpt>
      <trkpt lat="39.102431695458854" lon="117.09633463560398">
        <ele>0.8</ele>
        <time>2023-10-07T12:10:26Z</time>
      </trkpt>
      <trkpt lat="39.1024089569787" lon="117.09633442418227">
        <ele>0.8</ele>
        <time>2023-10-07T12:10:28Z</time>
      </trkpt>
      <trkpt lat="39.10238128739823" lon="117.0963350900808">
        <ele>0.8</ele>
        <time>2023-10-07T12:10:29Z</time>
      </trkpt>
      <trkpt lat="39.10234695591422" lon="117.09633763312776">
        <ele>1.9</ele>
        <time>2023-10-07T12:10:30Z</time>
      </trkpt>
      <trkpt lat="39.1023059576779" lon="117.09634195365784">
        <ele>1.9</ele>
        <time>2023-10-07T12:10:32Z</time>
      </trkpt>
      <trkpt lat="39.102267242488026" lon="117.09634645949534">
        <ele>1.9</ele>
        <time>2023-10-07T12:10:33Z</time>
      </trkpt>
      <trkpt lat="39.10223311062959" lon="117.09635071421698">
        <ele>1.9</ele>
        <time>2023-10-07T12:10:34Z</time>
      </trkpt>
      <trkpt lat="39.10220705265331" lon="117.09635561425219">
        <ele>1.9</ele>
        <time>2023-10-07T12:10:35Z</time>
      </trkpt>
      <trkpt lat="39.10218110845732" lon="117.09636233150006">
        <ele>1.9</ele>
        <time>2023-10-07T12:10:36Z</time>
      </trkpt>
      <trkpt lat="39.102158924010496" lon="117.09637229566577">
        <ele>1.9</ele>
        <time>2023-10-07T12:10:37Z</time>
      </trkpt>
      <trkpt lat="39.10214156657219" lon="117.09638811663412">
        <ele>1.9</ele>
        <time>2023-10-07T12:10:38Z</time>
      </trkpt>
      <trkpt lat="39.10213137890516" lon="117.09641359746992">
        <ele>1.9</ele>
        <time>2023-10-07T12:10:39Z</time>
      </trkpt>
      <trkpt lat="39.10212895452755" lon="117.0964472313949">
        <ele>1</ele>
        <time>2023-10-07T12:10:40Z</time>
      </trkpt>
      <trkpt lat="39.10213215367299" lon="117.09648354039506">
        <ele>1</ele>
        <time>2023-10-07T12:10:41Z</time>
      </trkpt>
      <trkpt lat="39.10213934616105" lon="117.09652028118231">
        <ele>1</ele>
        <time>2023-10-07T12:10:42Z</time>
      </trkpt>
      <trkpt lat="39.10214576870358" lon="117.09655331715079">
        <ele>1</ele>
        <time>2023-10-07T12:10:43Z</time>
      </trkpt>
      <trkpt lat="39.10215174035718" lon="117.0965882547537">
        <ele>1</ele>
        <time>2023-10-07T12:10:44Z</time>
      </trkpt>
      <trkpt lat="39.10215811145277" lon="117.09662038856966">
        <ele>1</ele>
        <time>2023-10-07T12:10:46Z</time>
      </trkpt>
      <trkpt lat="39.102162836539" lon="117.09665951606888">
        <ele>1</ele>
        <time>2023-10-07T12:10:47Z</time>
      </trkpt>
      <trkpt lat="39.10216515666086" lon="117.09669998476984">
        <ele>1</ele>
        <time>2023-10-07T12:10:48Z</time>
      </trkpt>
      <trkpt lat="39.10216494706268" lon="117.09674259621855">
        <ele>1</ele>
        <time>2023-10-07T12:10:49Z</time>
      </trkpt>
      <trkpt lat="39.10216503142398" lon="117.09678051871944">
        <ele>1.4</ele>
        <time>2023-10-07T12:10:50Z</time>
      </trkpt>
      <trkpt lat="39.10216612441624" lon="117.09681858090013">
        <ele>1.4</ele>
        <time>2023-10-07T12:10:51Z</time>
      </trkpt>
      <trkpt lat="39.10216782753342" lon="117.09685585195068">
        <ele>1.4</ele>
        <time>2023-10-07T12:10:52Z</time>
      </trkpt>
      <trkpt lat="39.10216984531563" lon="117.09689251118608">
        <ele>1.4</ele>
        <time>2023-10-07T12:10:53Z</time>
      </trkpt>
      <trkpt lat="39.102171548400285" lon="117.09692935200022">
        <ele>1.4</ele>
        <time>2023-10-07T12:10:54Z</time>
      </trkpt>
      <trkpt lat="39.10217253543844" lon="117.09696237478524">
        <ele>1</ele>
        <time>2023-10-07T12:10:55Z</time>
      </trkpt>
      <trkpt lat="39.10217147905169" lon="117.09699740773127">
        <ele>1</ele>
        <time>2023-10-07T12:10:56Z</time>
      </trkpt>
      <trkpt lat="39.10216933329235" lon="117.09702835847423">
        <ele>1</ele>
        <time>2023-10-07T12:10:57Z</time>
      </trkpt>
      <trkpt lat="39.10216550544109" lon="117.09706839851106">
        <ele>1</ele>
        <time>2023-10-07T12:10:59Z</time>
      </trkpt>
      <trkpt lat="39.102162518323276" lon="117.09710429965432">
        <ele>1</ele>
        <time>2023-10-07T12:11:00Z</time>
      </trkpt>
      <trkpt lat="39.102159502734054" lon="117.09714190625948">
        <ele>1</ele>
        <time>2023-10-07T12:11:01Z</time>
      </trkpt>
      <trkpt lat="39.102158188159386" lon="117.09717186175571">
        <ele>1</ele>
        <time>2023-10-07T12:11:02Z</time>
      </trkpt>
      <trkpt lat="39.102157896069144" lon="117.09720286109841">
        <ele>1</ele>
        <time>2023-10-07T12:11:04Z</time>
      </trkpt>
      <trkpt lat="39.1021602258406" lon="117.09723753425972">
        <ele>1</ele>
        <time>2023-10-07T12:11:05Z</time>
      </trkpt>
      <trkpt lat="39.10216377828908" lon="117.09727318862244">
        <ele>1</ele>
        <time>2023-10-07T12:11:06Z</time>
      </trkpt>
      <trkpt lat="39.10216828494387" lon="117.09730883783365">
        <ele>1</ele>
        <time>2023-10-07T12:11:07Z</time>
      </trkpt>
      <trkpt lat="39.10217287860243" lon="117.09734125970664">
        <ele>1</ele>
        <time>2023-10-07T12:11:08Z</time>
      </trkpt>
      <trkpt lat="39.10217805967239" lon="117.09737403562893">
        <ele>1</ele>
        <time>2023-10-07T12:11:09Z</time>
      </trkpt>
      <trkpt lat="39.102183572726574" lon="117.09740606607212">
        <ele>1.6</ele>
        <time>2023-10-07T12:11:10Z</time>
      </trkpt>
      <trkpt lat="39.10218931608126" lon="117.09743497506528">
        <ele>1.6</ele>
        <time>2023-10-07T12:11:11Z</time>
      </trkpt>
      <trkpt lat="39.10219689764258" lon="117.0974638558426">
        <ele>1.6</ele>
        <time>2023-10-07T12:11:12Z</time>
      </trkpt>
      <trkpt lat="39.10220763399213" lon="117.09748876730667">
        <ele>1.6</ele>
        <time>2023-10-07T12:11:13Z</time>
      </trkpt>
      <trkpt lat="39.10222345021684" lon="117.09750574327296">
        <ele>1.6</ele>
        <time>2023-10-07T12:11:14Z</time>
      </trkpt>
      <trkpt lat="39.10224430698032" lon="117.0975120092313">
        <ele>1.6</ele>
        <time>2023-10-07T12:11:15Z</time>
      </trkpt>
      <trkpt lat="39.10227539809527" lon="117.09751429139034">
        <ele>1.6</ele>
        <time>2023-10-07T12:11:17Z</time>
      </trkpt>
      <trkpt lat="39.102308128228614" lon="117.0975166236042">
        <ele>1.6</ele>
        <time>2023-10-07T12:11:18Z</time>
      </trkpt>
      <trkpt lat="39.10234227887875" lon="117.09752001816831">
        <ele>1.6</ele>
        <time>2023-10-07T12:11:19Z</time>
      </trkpt>
      <trkpt lat="39.10237116688463" lon="117.09752291950431">
        <ele>0.9</ele>
        <time>2023-10-07T12:11:20Z</time>
      </trkpt>
      <trkpt lat="39.10240540140244" lon="117.09752542045845">
        <ele>0.9</ele>
        <time>2023-10-07T12:11:22Z</time>
      </trkpt>
      <trkpt lat="39.10244007957208" lon="117.09752740716904">
        <ele>0.9</ele>
        <time>2023-10-07T12:11:23Z</time>
      </trkpt>
      <trkpt lat="39.10247619168551" lon="117.09752902450137">
        <ele>0.9</ele>
        <time>2023-10-07T12:11:24Z</time>
      </trkpt>
      <trkpt lat="39.10250695558934" lon="117.09752993899205">
        <ele>0.9</ele>
        <time>2023-10-07T12:11:25Z</time>
      </trkpt>
      <trkpt lat="39.102535769587675" lon="117.09753060874823">
        <ele>0.9</ele>
        <time>2023-10-07T12:11:26Z</time>
      </trkpt>
      <trkpt lat="39.10256391067422" lon="117.09753091204426">
        <ele>0.9</ele>
        <time>2023-10-07T12:11:27Z</time>
      </trkpt>
      <trkpt lat="39.102592187740235" lon="117.09753089371993">
        <ele>0.9</ele>
        <time>2023-10-07T12:11:28Z</time>
      </trkpt>
      <trkpt lat="39.10261990999981" lon="117.09753039987466">
        <ele>0.9</ele>
        <time>2023-10-07T12:11:29Z</time>
      </trkpt>
      <trkpt lat="39.1026477253812" lon="117.09752945587786">
        <ele>1.6</ele>
        <time>2023-10-07T12:11:30Z</time>
      </trkpt>
      <trkpt lat="39.10267459206556" lon="117.09752823390743">
        <ele>1.6</ele>
        <time>2023-10-07T12:11:31Z</time>
      </trkpt>
      <trkpt lat="39.10270395800264" lon="117.09752711139159">
        <ele>1.6</ele>
        <time>2023-10-07T12:11:32Z</time>
      </trkpt>
      <trkpt lat="39.10273106170759" lon="117.09752645819901">
        <ele>1.6</ele>
        <time>2023-10-07T12:11:33Z</time>
      </trkpt>
      <trkpt lat="39.10275936866521" lon="117.09752645036443">
        <ele>1.6</ele>
        <time>2023-10-07T12:11:34Z</time>
      </trkpt>
      <trkpt lat="39.10278673927022" lon="117.09752676327787">
        <ele>1.6</ele>
        <time>2023-10-07T12:11:35Z</time>
      </trkpt>
      <trkpt lat="39.10281780729975" lon="117.09752709763788">
        <ele>1.6</ele>
        <time>2023-10-07T12:11:36Z</time>
      </trkpt>
      <trkpt lat="39.102852425874005" lon="117.0975273952614">
        <ele>1.6</ele>
        <time>2023-10-07T12:11:38Z</time>
      </trkpt>
      <trkpt lat="39.10289038438278" lon="117.09752736197909">
        <ele>0.8</ele>
        <time>2023-10-07T12:11:40Z</time>
      </trkpt>
      <trkpt lat="39.10292714870163" lon="117.09752863152524">
        <ele>0.8</ele>
        <time>2023-10-07T12:11:41Z</time>
      </trkpt>
      <trkpt lat="39.10296352860744" lon="117.09753294423267">
        <ele>0.8</ele>
        <time>2023-10-07T12:11:42Z</time>
      </trkpt>
      <trkpt lat="39.102998694862826" lon="117.09754346465624">
        <ele>0.8</ele>
        <time>2023-10-07T12:11:44Z</time>
      </trkpt>
      <trkpt lat="39.103026566750565" lon="117.09756156999762">
        <ele>0.8</ele>
        <time>2023-10-07T12:11:45Z</time>
      </trkpt>
      <trkpt lat="39.103043221438405" lon="117.0975873085502">
        <ele>0.8</ele>
        <time>2023-10-07T12:11:46Z</time>
      </trkpt>
      <trkpt lat="39.1030468691635" lon="117.0976207658968">
        <ele>0.8</ele>
        <time>2023-10-07T12:11:47Z</time>
      </trkpt>
      <trkpt lat="39.10304465977417" lon="117.09765657902638">
        <ele>0.8</ele>
        <time>2023-10-07T12:11:48Z</time>
      </trkpt>
      <trkpt lat="39.10303915331941" lon="117.09769290566194">
        <ele>0.8</ele>
        <time>2023-10-07T12:11:49Z</time>
      </trkpt>
      <trkpt lat="39.103033907026436" lon="117.09772664835194">
        <ele>1.4</ele>
        <time>2023-10-07T12:11:50Z</time>
      </trkpt>
      <trkpt lat="39.10303049683963" lon="117.09775910255145">
        <ele>1.4</ele>
        <time>2023-10-07T12:11:51Z</time>
      </trkpt>
      <trkpt lat="39.10303161296573" lon="117.09779147283551">
        <ele>1.4</ele>
        <time>2023-10-07T12:11:52Z</time>
      </trkpt>
      <trkpt lat="39.10303387412221" lon="117.09782171136943">
        <ele>1.4</ele>
        <time>2023-10-07T12:11:53Z</time>
      </trkpt>
      <trkpt lat="39.103036387005474" lon="117.09785503788416">
        <ele>1.4</ele>
        <time>2023-10-07T12:11:54Z</time>
      </trkpt>
      <trkpt lat="39.10303585372209" lon="117.09788791890003">
        <ele>1</ele>
        <time>2023-10-07T12:11:55Z</time>
      </trkpt>
      <trkpt lat="39.103034494051805" lon="117.09792271518904">
        <ele>1</ele>
        <time>2023-10-07T12:11:56Z</time>
      </trkpt>
      <trkpt lat="39.10303251819598" lon="117.09796067278268">
        <ele>1</ele>
        <time>2023-10-07T12:11:58Z</time>
      </trkpt>
      <trkpt lat="39.10303097033283" lon="117.09799970701906">
        <ele>1</ele>
        <time>2023-10-07T12:11:59Z</time>
      </trkpt>
      <trkpt lat="39.10303128244154" lon="117.0980436624428">
        <ele>0.9</ele>
        <time>2023-10-07T12:12:00Z</time>
      </trkpt>
      <trkpt lat="39.1030340276793" lon="117.09808603910015">
        <ele>0.9</ele>
        <time>2023-10-07T12:12:01Z</time>
      </trkpt>
      <trkpt lat="39.10303893792342" lon="117.09813269157799">
        <ele>0.9</ele>
        <time>2023-10-07T12:12:02Z</time>
      </trkpt>
      <trkpt lat="39.1030459972414" lon="117.09817488241504">
        <ele>0.9</ele>
        <time>2023-10-07T12:12:03Z</time>
      </trkpt>
      <trkpt lat="39.10305770380584" lon="117.09821710463984">
        <ele>0.9</ele>
        <time>2023-10-07T12:12:05Z</time>
      </trkpt>
      <trkpt lat="39.10307545494244" lon="117.09824789345659">
        <ele>0.9</ele>
        <time>2023-10-07T12:12:06Z</time>
      </trkpt>
      <trkpt lat="39.103103851883404" lon="117.0982701516956">
        <ele>0.9</ele>
        <time>2023-10-07T12:12:08Z</time>
      </trkpt>
      <trkpt lat="39.10313905694312" lon="117.0982736541939">
        <ele>1.3</ele>
        <time>2023-10-07T12:12:10Z</time>
      </trkpt>
      <trkpt lat="39.103175330880944" lon="117.09827257191183">
        <ele>1.3</ele>
        <time>2023-10-07T12:12:11Z</time>
      </trkpt>
      <trkpt lat="39.103208439788546" lon="117.0982678092654">
        <ele>1.3</ele>
        <time>2023-10-07T12:12:12Z</time>
      </trkpt>
      <trkpt lat="39.10323640558007" lon="117.09826634395958">
        <ele>1.3</ele>
        <time>2023-10-07T12:12:13Z</time>
      </trkpt>
      <trkpt lat="39.103265669972686" lon="117.09826382776873">
        <ele>1.3</ele>
        <time>2023-10-07T12:12:14Z</time>
      </trkpt>
      <trkpt lat="39.10329279220371" lon="117.09826064027698">
        <ele>1.3</ele>
        <time>2023-10-07T12:12:16Z</time>
      </trkpt>
      <trkpt lat="39.10332499003392" lon="117.09825795204603">
        <ele>1.3</ele>
        <time>2023-10-07T12:12:17Z</time>
      </trkpt>
      <trkpt lat="39.10335813686262" lon="117.09825595679918">
        <ele>1.3</ele>
        <time>2023-10-07T12:12:18Z</time>
      </trkpt>
      <trkpt lat="39.103393061426495" lon="117.09825496025124">
        <ele>1.3</ele>
        <time>2023-10-07T12:12:19Z</time>
      </trkpt>
      <trkpt lat="39.10342440404725" lon="117.09825324937596">
        <ele>0.9</ele>
        <time>2023-10-07T12:12:20Z</time>
      </trkpt>
      <trkpt lat="39.103455310375274" lon="117.09825093800536">
        <ele>0.9</ele>
        <time>2023-10-07T12:12:21Z</time>
      </trkpt>
      <trkpt lat="39.103484085685466" lon="117.09824815090863">
        <ele>0.9</ele>
        <time>2023-10-07T12:12:22Z</time>
      </trkpt>
      <trkpt lat="39.103511619326206" lon="117.09824507617769">
        <ele>0.9</ele>
        <time>2023-10-07T12:12:23Z</time>
      </trkpt>
      <trkpt lat="39.10353846518207" lon="117.09824120438755">
        <ele>0.9</ele>
        <time>2023-10-07T12:12:24Z</time>
      </trkpt>
      <trkpt lat="39.103567243431385" lon="117.09823769485008">
        <ele>0.9</ele>
        <time>2023-10-07T12:12:26Z</time>
      </trkpt>
      <trkpt lat="39.103597045717066" lon="117.09823623099629">
        <ele>0.9</ele>
        <time>2023-10-07T12:12:27Z</time>
      </trkpt>
      <trkpt lat="39.10362279820589" lon="117.0982368725187">
        <ele>0.9</ele>
        <time>2023-10-07T12:12:28Z</time>
      </trkpt>
      <trkpt lat="39.10364766135122" lon="117.09823833087371">
        <ele>0.9</ele>
        <time>2023-10-07T12:12:29Z</time>
      </trkpt>
      <trkpt lat="39.103670749082795" lon="117.0982392153686">
        <ele>1.2</ele>
        <time>2023-10-07T12:12:30Z</time>
      </trkpt>
      <trkpt lat="39.103695813691324" lon="117.0982397006148">
        <ele>1.2</ele>
        <time>2023-10-07T12:12:31Z</time>
      </trkpt>
      <trkpt lat="39.10371982595368" lon="117.09824049251596">
        <ele>1.2</ele>
        <time>2023-10-07T12:12:32Z</time>
      </trkpt>
      <trkpt lat="39.103747921122704" lon="117.09824137089959">
        <ele>1.2</ele>
        <time>2023-10-07T12:12:34Z</time>
      </trkpt>
      <trkpt lat="39.1037772571491" lon="117.09824218388675">
        <ele>1.2</ele>
        <time>2023-10-07T12:12:35Z</time>
      </trkpt>
      <trkpt lat="39.103808329905824" lon="117.0982423295557">
        <ele>1.2</ele>
        <time>2023-10-07T12:12:36Z</time>
      </trkpt>
      <trkpt lat="39.103835631713125" lon="117.0982420995034">
        <ele>1.2</ele>
        <time>2023-10-07T12:12:37Z</time>
      </trkpt>
      <trkpt lat="39.10386161984672" lon="117.09824184176489">
        <ele>1.2</ele>
        <time>2023-10-07T12:12:38Z</time>
      </trkpt>
      <trkpt lat="39.10388755608882" lon="117.09824193913622">
        <ele>1.2</ele>
        <time>2023-10-07T12:12:39Z</time>
      </trkpt>
      <trkpt lat="39.103913860550975" lon="117.09824220017757">
        <ele>0.9</ele>
        <time>2023-10-07T12:12:40Z</time>
      </trkpt>
      <trkpt lat="39.10394010815071" lon="117.09824257750104">
        <ele>0.9</ele>
        <time>2023-10-07T12:12:41Z</time>
      </trkpt>
      <trkpt lat="39.10396620836134" lon="117.09824276538961">
        <ele>0.9</ele>
        <time>2023-10-07T12:12:42Z</time>
      </trkpt>
      <trkpt lat="39.10399140385021" lon="117.09824298641139">
        <ele>0.9</ele>
        <time>2023-10-07T12:12:43Z</time>
      </trkpt>
      <trkpt lat="39.10401794379799" lon="117.0982434243605">
        <ele>0.9</ele>
        <time>2023-10-07T12:12:44Z</time>
      </trkpt>
      <trkpt lat="39.104042030266406" lon="117.09824405599461">
        <ele>0.9</ele>
        <time>2023-10-07T12:12:45Z</time>
      </trkpt>
      <trkpt lat="39.104066475448846" lon="117.09824451249582">
        <ele>0.9</ele>
        <time>2023-10-07T12:12:46Z</time>
      </trkpt>
      <trkpt lat="39.10409152474087" lon="117.09824425419555">
        <ele>0.9</ele>
        <time>2023-10-07T12:12:47Z</time>
      </trkpt>
      <trkpt lat="39.10411645921947" lon="117.0982433609635">
        <ele>0.9</ele>
        <time>2023-10-07T12:12:48Z</time>
      </trkpt>
      <trkpt lat="39.104142316894965" lon="117.09824185915379">
        <ele>0.9</ele>
        <time>2023-10-07T12:12:49Z</time>
      </trkpt>
      <trkpt lat="39.1041661157182" lon="117.09824006686173">
        <ele>1.3</ele>
        <time>2023-10-07T12:12:50Z</time>
      </trkpt>
      <trkpt lat="39.10419410471915" lon="117.098237581384">
        <ele>1.3</ele>
        <time>2023-10-07T12:12:52Z</time>
      </trkpt>
      <trkpt lat="39.10422216693036" lon="117.09823535307737">
        <ele>1.3</ele>
        <time>2023-10-07T12:12:53Z</time>
      </trkpt>
      <trkpt lat="39.10425367252551" lon="117.09823389809033">
        <ele>1.3</ele>
        <time>2023-10-07T12:12:54Z</time>
      </trkpt>
      <trkpt lat="39.104284135618826" lon="117.09823428879064">
        <ele>0</ele>
        <time>2023-10-07T12:12:55Z</time>
      </trkpt>
      <trkpt lat="39.10431545020312" lon="117.09823592429686">
        <ele>0</ele>
        <time>2023-10-07T12:12:56Z</time>
      </trkpt>
      <trkpt lat="39.10434623435842" lon="117.09823836812151">
        <ele>0</ele>
        <time>2023-10-07T12:12:57Z</time>
      </trkpt>
      <trkpt lat="39.10437950011173" lon="117.09824108161699">
        <ele>0</ele>
        <time>2023-10-07T12:12:59Z</time>
      </trkpt>
      <trkpt lat="39.10441222821909" lon="117.09824071925973">
        <ele>0.7</ele>
        <time>2023-10-07T12:13:00Z</time>
      </trkpt>
      <trkpt lat="39.1044423555227" lon="117.09823490931139">
        <ele>0.7</ele>
        <time>2023-10-07T12:13:01Z</time>
      </trkpt>
      <trkpt lat="39.10446888438513" lon="117.09821937970827">
        <ele>0.7</ele>
        <time>2023-10-07T12:13:02Z</time>
      </trkpt>
      <trkpt lat="39.10449101904635" lon="117.09819594294858">
        <ele>0.7</ele>
        <time>2023-10-07T12:13:03Z</time>
      </trkpt>
      <trkpt lat="39.1045080455147" lon="117.09815800926424">
        <ele>0.7</ele>
        <time>2023-10-07T12:13:05Z</time>
      </trkpt>
      <trkpt lat="39.104515094821856" lon="117.09811491340982">
        <ele>0.7</ele>
        <time>2023-10-07T12:13:06Z</time>
      </trkpt>
      <trkpt lat="39.10451574163102" lon="117.09807121241879">
        <ele>0.7</ele>
        <time>2023-10-07T12:13:07Z</time>
      </trkpt>
      <trkpt lat="39.10451137815216" lon="117.09803589391086">
        <ele>0.7</ele>
        <time>2023-10-07T12:13:08Z</time>
      </trkpt>
      <trkpt lat="39.10450395563642" lon="117.0979994935045">
        <ele>1.2</ele>
        <time>2023-10-07T12:13:10Z</time>
      </trkpt>
      <trkpt lat="39.104498778486615" lon="117.0979590768997">
        <ele>1.2</ele>
        <time>2023-10-07T12:13:11Z</time>
      </trkpt>
      <trkpt lat="39.10449746214185" lon="117.09791017302834">
        <ele>1.2</ele>
        <time>2023-10-07T12:13:12Z</time>
      </trkpt>
      <trkpt lat="39.10450148364871" lon="117.09786368139281">
        <ele>1.2</ele>
        <time>2023-10-07T12:13:13Z</time>
      </trkpt>
      <trkpt lat="39.10450569945948" lon="117.09781719475232">
        <ele>1.2</ele>
        <time>2023-10-07T12:13:14Z</time>
      </trkpt>
      <trkpt lat="39.10450758377942" lon="117.09777791501583">
        <ele>1.2</ele>
        <time>2023-10-07T12:13:15Z</time>
      </trkpt>
      <trkpt lat="39.10450714683932" lon="117.0977393756089">
        <ele>1.2</ele>
        <time>2023-10-07T12:13:16Z</time>
      </trkpt>
      <trkpt lat="39.10450528485688" lon="117.09769973588966">
        <ele>1.2</ele>
        <time>2023-10-07T12:13:17Z</time>
      </trkpt>
      <trkpt lat="39.10450298599575" lon="117.0976600870891">
        <ele>1.2</ele>
        <time>2023-10-07T12:13:18Z</time>
      </trkpt>
      <trkpt lat="39.104500125852034" lon="117.09761420789114">
        <ele>0.7</ele>
        <time>2023-10-07T12:13:20Z</time>
      </trkpt>
      <trkpt lat="39.10449830126241" lon="117.09757123817083">
        <ele>0.7</ele>
        <time>2023-10-07T12:13:21Z</time>
      </trkpt>
      <trkpt lat="39.10449835198773" lon="117.09752731220037">
        <ele>0.7</ele>
        <time>2023-10-07T12:13:23Z</time>
      </trkpt>
      <trkpt lat="39.10449906370097" lon="117.09749023193923">
        <ele>0.7</ele>
        <time>2023-10-07T12:13:24Z</time>
      </trkpt>
      <trkpt lat="39.104499404700846" lon="117.09745555613142">
        <ele>0.7</ele>
        <time>2023-10-07T12:13:25Z</time>
      </trkpt>
      <trkpt lat="39.10449702151348" lon="117.0974194735961">
        <ele>0.7</ele>
        <time>2023-10-07T12:13:26Z</time>
      </trkpt>
      <trkpt lat="39.10449783585452" lon="117.09737599322978">
        <ele>0.7</ele>
        <time>2023-10-07T12:13:28Z</time>
      </trkpt>
      <trkpt lat="39.104502949684885" lon="117.09733507466451">
        <ele>0.7</ele>
        <time>2023-10-07T12:13:29Z</time>
      </trkpt>
      <trkpt lat="39.10451161781428" lon="117.09729519645037">
        <ele>1.3</ele>
        <time>2023-10-07T12:13:30Z</time>
      </trkpt>
      <trkpt lat="39.10452040995026" lon="117.09726407422202">
        <ele>1.3</ele>
        <time>2023-10-07T12:13:31Z</time>
      </trkpt>
      <trkpt lat="39.10453051828631" lon="117.09723528046015">
        <ele>1.3</ele>
        <time>2023-10-07T12:13:32Z</time>
      </trkpt>
      <trkpt lat="39.10454271327178" lon="117.09721161694162">
        <ele>1.3</ele>
        <time>2023-10-07T12:13:33Z</time>
      </trkpt>
      <trkpt lat="39.104554304086705" lon="117.09719080170741">
        <ele>1.3</ele>
        <time>2023-10-07T12:13:34Z</time>
      </trkpt>
      <trkpt lat="39.10456198567309" lon="117.0971634919256">
        <ele>1.3</ele>
        <time>2023-10-07T12:13:35Z</time>
      </trkpt>
      <trkpt lat="39.1045642472108" lon="117.09712722725726">
        <ele>1.3</ele>
        <time>2023-10-07T12:13:36Z</time>
      </trkpt>
      <trkpt lat="39.10456200273239" lon="117.0970798860991">
        <ele>1.3</ele>
        <time>2023-10-07T12:13:38Z</time>
      </trkpt>
      <trkpt lat="39.10455862341735" lon="117.09703322688274">
        <ele>1.3</ele>
        <time>2023-10-07T12:13:39Z</time>
      </trkpt>
      <trkpt lat="39.10455240365024" lon="117.09698610319998">
        <ele>0.9</ele>
        <time>2023-10-07T12:13:40Z</time>
      </trkpt>
      <trkpt lat="39.104546331529576" lon="117.09694225873483">
        <ele>0.9</ele>
        <time>2023-10-07T12:13:41Z</time>
      </trkpt>
      <trkpt lat="39.10453930097104" lon="117.0969001154673">
        <ele>0.9</ele>
        <time>2023-10-07T12:13:42Z</time>
      </trkpt>
      <trkpt lat="39.10452743280262" lon="117.0968638488632">
        <ele>0.9</ele>
        <time>2023-10-07T12:13:43Z</time>
      </trkpt>
      <trkpt lat="39.10451669100074" lon="117.09682840400451">
        <ele>0.9</ele>
        <time>2023-10-07T12:13:44Z</time>
      </trkpt>
      <trkpt lat="39.10450731762026" lon="117.0967896831515">
        <ele>0.9</ele>
        <time>2023-10-07T12:13:46Z</time>
      </trkpt>
      <trkpt lat="39.10450216277263" lon="117.09674127919286">
        <ele>0.9</ele>
        <time>2023-10-07T12:13:47Z</time>
      </trkpt>
      <trkpt lat="39.104496041086904" lon="117.09669219554723">
        <ele>0.9</ele>
        <time>2023-10-07T12:13:48Z</time>
      </trkpt>
      <trkpt lat="39.1044893203886" lon="117.09664319210925">
        <ele>1.2</ele>
        <time>2023-10-07T12:13:50Z</time>
      </trkpt>
      <trkpt lat="39.10448441848553" lon="117.09660239726719">
        <ele>1.2</ele>
        <time>2023-10-07T12:13:51Z</time>
      </trkpt>
      <trkpt lat="39.10448060926448" lon="117.09655947604374">
        <ele>1.2</ele>
        <time>2023-10-07T12:13:52Z</time>
      </trkpt>
      <trkpt lat="39.10447820100921" lon="117.09651423372905">
        <ele>1.2</ele>
        <time>2023-10-07T12:13:53Z</time>
      </trkpt>
      <trkpt lat="39.104476265844646" lon="117.09646523750813">
        <ele>1.2</ele>
        <time>2023-10-07T12:13:54Z</time>
      </trkpt>
      <trkpt lat="39.10447347172316" lon="117.09642031086781">
        <ele>1</ele>
        <time>2023-10-07T12:13:56Z</time>
      </trkpt>
      <trkpt lat="39.10446933582623" lon="117.09638371967931">
        <ele>1</ele>
        <time>2023-10-07T12:13:57Z</time>
      </trkpt>
      <trkpt lat="39.10446318511566" lon="117.0963517726593">
        <ele>1</ele>
        <time>2023-10-07T12:13:58Z</time>
      </trkpt>
      <trkpt lat="39.10445505950414" lon="117.09632407106882">
        <ele>1</ele>
        <time>2023-10-07T12:13:59Z</time>
      </trkpt>
      <trkpt lat="39.10444525415101" lon="117.09630207505249">
        <ele>1.1</ele>
        <time>2023-10-07T12:14:00Z</time>
      </trkpt>
      <trkpt lat="39.104432928132155" lon="117.09629155511028">
        <ele>1.1</ele>
        <time>2023-10-07T12:14:01Z</time>
      </trkpt>
      <trkpt lat="39.10441293408451" lon="117.09628853870804">
        <ele>1.1</ele>
        <time>2023-10-07T12:14:02Z</time>
      </trkpt>
      <trkpt lat="39.10438342255304" lon="117.09629071903963">
        <ele>1.1</ele>
        <time>2023-10-07T12:14:04Z</time>
      </trkpt>
      <trkpt lat="39.104348180926046" lon="117.09629689969422">
        <ele>1.1</ele>
        <time>2023-10-07T12:14:05Z</time>
      </trkpt>
      <trkpt lat="39.10431138369466" lon="117.09629826297562">
        <ele>1.1</ele>
        <time>2023-10-07T12:14:06Z</time>
      </trkpt>
      <trkpt lat="39.10427589308576" lon="117.09629958358775">
        <ele>1.1</ele>
        <time>2023-10-07T12:14:08Z</time>
      </trkpt>
      <trkpt lat="39.10424087776136" lon="117.09629680580548">
        <ele>0.9</ele>
        <time>2023-10-07T12:14:10Z</time>
      </trkpt>
      <trkpt lat="39.10420647417616" lon="117.09629977198078">
        <ele>0.9</ele>
        <time>2023-10-07T12:14:11Z</time>
      </trkpt>
      <trkpt lat="39.104174525955756" lon="117.09630355940936">
        <ele>0.9</ele>
        <time>2023-10-07T12:14:12Z</time>
      </trkpt>
      <trkpt lat="39.10413925378105" lon="117.0963082761783">
        <ele>0.9</ele>
        <time>2023-10-07T12:14:13Z</time>
      </trkpt>
      <trkpt lat="39.10410595564914" lon="117.09631032982826">
        <ele>0.9</ele>
        <time>2023-10-07T12:14:14Z</time>
      </trkpt>
      <trkpt lat="39.10406932722088" lon="117.09631010960457">
        <ele>0.9</ele>
        <time>2023-10-07T12:14:16Z</time>
      </trkpt>
      <trkpt lat="39.104037702393114" lon="117.09630821175574">
        <ele>0.9</ele>
        <time>2023-10-07T12:14:17Z</time>
      </trkpt>
      <trkpt lat="39.104005852097266" lon="117.09630716867349">
        <ele>0.9</ele>
        <time>2023-10-07T12:14:18Z</time>
      </trkpt>
      <trkpt lat="39.10397544073052" lon="117.09630712340845">
        <ele>0.9</ele>
        <time>2023-10-07T12:14:19Z</time>
      </trkpt>
      <trkpt lat="39.10394319406697" lon="117.09630813377028">
        <ele>1.4</ele>
        <time>2023-10-07T12:14:20Z</time>
      </trkpt>
      <trkpt lat="39.103907837108785" lon="117.09631032780507">
        <ele>1.4</ele>
        <time>2023-10-07T12:14:22Z</time>
      </trkpt>
      <trkpt lat="39.10387247219334" lon="117.09631085650231">
        <ele>1.4</ele>
        <time>2023-10-07T12:14:23Z</time>
      </trkpt>
      <trkpt lat="39.10383785008261" lon="117.0963098941139">
        <ele>1.4</ele>
        <time>2023-10-07T12:14:24Z</time>
      </trkpt>
      <trkpt lat="39.10380525631748" lon="117.09630823865542">
        <ele>1.4</ele>
        <time>2023-10-07T12:14:25Z</time>
      </trkpt>
      <trkpt lat="39.10376961158042" lon="117.09631029351378">
        <ele>1.4</ele>
        <time>2023-10-07T12:14:26Z</time>
      </trkpt>
      <trkpt lat="39.103731421088824" lon="117.09631524110209">
        <ele>1.4</ele>
        <time>2023-10-07T12:14:27Z</time>
      </trkpt>
      <trkpt lat="39.10369489951129" lon="117.09632112372914">
        <ele>1.4</ele>
        <time>2023-10-07T12:14:29Z</time>
      </trkpt>
      <trkpt lat="39.10366086952096" lon="117.09632544972774">
        <ele>1.3</ele>
        <time>2023-10-07T12:14:30Z</time>
      </trkpt>
      <trkpt lat="39.10363101212126" lon="117.09632745111702">
        <ele>1.3</ele>
        <time>2023-10-07T12:14:31Z</time>
      </trkpt>
      <trkpt lat="39.103604280789526" lon="117.09632722368859">
        <ele>1.3</ele>
        <time>2023-10-07T12:14:32Z</time>
      </trkpt>
      <trkpt lat="39.103581244729455" lon="117.09632489966747">
        <ele>1.3</ele>
        <time>2023-10-07T12:14:33Z</time>
      </trkpt>
      <trkpt lat="39.10355835630582" lon="117.0963220698207">
        <ele>1.3</ele>
        <time>2023-10-07T12:14:34Z</time>
      </trkpt>
      <trkpt lat="39.10353335645066" lon="117.09631968986503">
        <ele>1.3</ele>
        <time>2023-10-07T12:14:35Z</time>
      </trkpt>
      <trkpt lat="39.10350688010927" lon="117.09631549956508">
        <ele>1.3</ele>
        <time>2023-10-07T12:14:36Z</time>
      </trkpt>
      <trkpt lat="39.10347880514396" lon="117.09631104281281">
        <ele>1.3</ele>
        <time>2023-10-07T12:14:38Z</time>
      </trkpt>
      <trkpt lat="39.10344934066986" lon="117.0963061539858">
        <ele>1.4</ele>
        <time>2023-10-07T12:14:40Z</time>
      </trkpt>
      <trkpt lat="39.10341724903416" lon="117.0963053212644">
        <ele>1.4</ele>
        <time>2023-10-07T12:14:41Z</time>
      </trkpt>
      <trkpt lat="39.10338522542937" lon="117.09630631866365">
        <ele>1.4</ele>
        <time>2023-10-07T12:14:42Z</time>
      </trkpt>
      <trkpt lat="39.103349461633165" lon="117.09630903482872">
        <ele>1.4</ele>
        <time>2023-10-07T12:14:43Z</time>
      </trkpt>
      <trkpt lat="39.10331475958954" lon="117.09631115565631">
        <ele>1.4</ele>
        <time>2023-10-07T12:14:44Z</time>
      </trkpt>
      <trkpt lat="39.10327664811703" lon="117.09631326169713">
        <ele>1.4</ele>
        <time>2023-10-07T12:14:46Z</time>
      </trkpt>
      <trkpt lat="39.10324282173902" lon="117.09631517915582">
        <ele>1.4</ele>
        <time>2023-10-07T12:14:47Z</time>
      </trkpt>
      <trkpt lat="39.103210677144084" lon="117.09631713886053">
        <ele>1.4</ele>
        <time>2023-10-07T12:14:48Z</time>
      </trkpt>
      <trkpt lat="39.10318368273019" lon="117.09631828614269">
        <ele>1.4</ele>
        <time>2023-10-07T12:14:49Z</time>
      </trkpt>
      <trkpt lat="39.10315841718101" lon="117.09631759496136">
        <ele>0.8</ele>
        <time>2023-10-07T12:14:50Z</time>
      </trkpt>
      <trkpt lat="39.10313711165542" lon="117.0963156992264">
        <ele>0.8</ele>
        <time>2023-10-07T12:14:51Z</time>
      </trkpt>
      <trkpt lat="39.103114840815785" lon="117.09631359304731">
        <ele>0.8</ele>
        <time>2023-10-07T12:14:52Z</time>
      </trkpt>
      <trkpt lat="39.103093871632545" lon="117.09631294055588">
        <ele>0.8</ele>
        <time>2023-10-07T12:14:53Z</time>
      </trkpt>
      <trkpt lat="39.103069611662804" lon="117.09631112230686">
        <ele>1</ele>
        <time>2023-10-07T12:14:55Z</time>
      </trkpt>
      <trkpt lat="39.103045405440156" lon="117.09630968709695">
        <ele>1</ele>
        <time>2023-10-07T12:14:56Z</time>
      </trkpt>
      <trkpt lat="39.10301466637147" lon="117.09631003150247">
        <ele>1</ele>
        <time>2023-10-07T12:14:58Z</time>
      </trkpt>
      <trkpt lat="39.10298241742326" lon="117.09631330353855">
        <ele>1</ele>
        <time>2023-10-07T12:14:59Z</time>
      </trkpt>
      <trkpt lat="39.102949080823876" lon="117.09631760637608">
        <ele>0.9</ele>
        <time>2023-10-07T12:15:00Z</time>
      </trkpt>
      <trkpt lat="39.10291718852086" lon="117.09632039215204">
        <ele>0.9</ele>
        <time>2023-10-07T12:15:01Z</time>
      </trkpt>
      <trkpt lat="39.10288022191871" lon="117.09632181153111">
        <ele>0.9</ele>
        <time>2023-10-07T12:15:02Z</time>
      </trkpt>
      <trkpt lat="39.10284259240933" lon="117.09632221319573">
        <ele>0.9</ele>
        <time>2023-10-07T12:15:03Z</time>
      </trkpt>
      <trkpt lat="39.102800505898074" lon="117.09632247997362">
        <ele>0.9</ele>
        <time>2023-10-07T12:15:05Z</time>
      </trkpt>
      <trkpt lat="39.10275960354429" lon="117.09632370257899">
        <ele>0.9</ele>
        <time>2023-10-07T12:15:06Z</time>
      </trkpt>
      <trkpt lat="39.10271917123905" lon="117.09632515693853">
        <ele>0.9</ele>
        <time>2023-10-07T12:15:08Z</time>
      </trkpt>
      <trkpt lat="39.10268636029686" lon="117.09632660710936">
        <ele>0.9</ele>
        <time>2023-10-07T12:15:10Z</time>
      </trkpt>
      <trkpt lat="39.10265840349276" lon="117.09632714974794">
        <ele>0.9</ele>
        <time>2023-10-07T12:15:11Z</time>
      </trkpt>
      <trkpt lat="39.1026341365528" lon="117.09632729123362">
        <ele>0.9</ele>
        <time>2023-10-07T12:15:12Z</time>
      </trkpt>
      <trkpt lat="39.102610232447155" lon="117.09632765814247">
        <ele>0.9</ele>
        <time>2023-10-07T12:15:13Z</time>
      </trkpt>
      <trkpt lat="39.10258719673679" lon="117.09632841944372">
        <ele>0.9</ele>
        <time>2023-10-07T12:15:14Z</time>
      </trkpt>
      <trkpt lat="39.10255822127092" lon="117.09632868098926">
        <ele>0.9</ele>
        <time>2023-10-07T12:15:16Z</time>
      </trkpt>
      <trkpt lat="39.10252318526783" lon="117.09632777613919">
        <ele>0.9</ele>
        <time>2023-10-07T12:15:17Z</time>
      </trkpt>
      <trkpt lat="39.10248597233872" lon="117.09632605485531">
        <ele>0.9</ele>
        <time>2023-10-07T12:15:18Z</time>
      </trkpt>
      <trkpt lat="39.10244844223864" lon="117.09632476407634">
        <ele>1.4</ele>
        <time>2023-10-07T12:15:20Z</time>
      </trkpt>
      <trkpt lat="39.10241509166098" lon="117.0963246985601">
        <ele>1.4</ele>
        <time>2023-10-07T12:15:21Z</time>
      </trkpt>
      <trkpt lat="39.10238212696028" lon="117.0963261158288">
        <ele>1.4</ele>
        <time>2023-10-07T12:15:22Z</time>
      </trkpt>
      <trkpt lat="39.10234695496314" lon="117.09632885802023">
        <ele>1.4</ele>
        <time>2023-10-07T12:15:23Z</time>
      </trkpt>
      <trkpt lat="39.10231329313139" lon="117.09633146838252">
        <ele>1.4</ele>
        <time>2023-10-07T12:15:24Z</time>
      </trkpt>
      <trkpt lat="39.10228071843015" lon="117.09633451858774">
        <ele>1.4</ele>
        <time>2023-10-07T12:15:26Z</time>
      </trkpt>
      <trkpt lat="39.10225681606748" lon="117.09633838449246">
        <ele>1.4</ele>
        <time>2023-10-07T12:15:27Z</time>
      </trkpt>
      <trkpt lat="39.10223237399003" lon="117.09634526897047">
        <ele>1.4</ele>
        <time>2023-10-07T12:15:28Z</time>
      </trkpt>
      <trkpt lat="39.10220810950484" lon="117.09635636037063">
        <ele>1.4</ele>
        <time>2023-10-07T12:15:29Z</time>
      </trkpt>
      <trkpt lat="39.10218857353819" lon="117.09637338156573">
        <ele>0.8</ele>
        <time>2023-10-07T12:15:30Z</time>
      </trkpt>
      <trkpt lat="39.10217499985739" lon="117.09640290969638">
        <ele>0.8</ele>
        <time>2023-10-07T12:15:32Z</time>
      </trkpt>
      <trkpt lat="39.102168797220706" lon="117.09643861687057">
        <ele>0.8</ele>
        <time>2023-10-07T12:15:33Z</time>
      </trkpt>
      <trkpt lat="39.102163307255324" lon="117.09647784887102">
        <ele>0.8</ele>
        <time>2023-10-07T12:15:35Z</time>
      </trkpt>
      <trkpt lat="39.102161226407816" lon="117.09651464497352">
        <ele>0.8</ele>
        <time>2023-10-07T12:15:36Z</time>
      </trkpt>
      <trkpt lat="39.10216102576196" lon="117.09655033876341">
        <ele>0.8</ele>
        <time>2023-10-07T12:15:37Z</time>
      </trkpt>
      <trkpt lat="39.10216245634897" lon="117.0965888330092">
        <ele>0.8</ele>
        <time>2023-10-07T12:15:38Z</time>
      </trkpt>
      <trkpt lat="39.10216437878668" lon="117.0966251373406">
        <ele>0.8</ele>
        <time>2023-10-07T12:15:39Z</time>
      </trkpt>
      <trkpt lat="39.102166897359936" lon="117.09666171189798">
        <ele>0.8</ele>
        <time>2023-10-07T12:15:40Z</time>
      </trkpt>
      <trkpt lat="39.102169614460884" lon="117.09669704481601">
        <ele>0.8</ele>
        <time>2023-10-07T12:15:41Z</time>
      </trkpt>
      <trkpt lat="39.10217220501086" lon="117.09673147158037">
        <ele>0.8</ele>
        <time>2023-10-07T12:15:42Z</time>
      </trkpt>
      <trkpt lat="39.10217389872861" lon="117.09676517352852">
        <ele>0.8</ele>
        <time>2023-10-07T12:15:43Z</time>
      </trkpt>
      <trkpt lat="39.10217419516836" lon="117.0967985906513">
        <ele>0.8</ele>
        <time>2023-10-07T12:15:44Z</time>
      </trkpt>
      <trkpt lat="39.102173577440844" lon="117.09683195443368">
        <ele>0.8</ele>
        <time>2023-10-07T12:15:45Z</time>
      </trkpt>
      <trkpt lat="39.10217243767778" lon="117.09686620972808">
        <ele>0.8</ele>
        <time>2023-10-07T12:15:46Z</time>
      </trkpt>
      <trkpt lat="39.10217132503182" lon="117.09689781171477">
        <ele>0.8</ele>
        <time>2023-10-07T12:15:47Z</time>
      </trkpt>
      <trkpt lat="39.10217024449028" lon="117.09693132360132">
        <ele>0.8</ele>
        <time>2023-10-07T12:15:48Z</time>
      </trkpt>
      <trkpt lat="39.10216950106136" lon="117.09696411865964">
        <ele>0.8</ele>
        <time>2023-10-07T12:15:49Z</time>
      </trkpt>
      <trkpt lat="39.102169093929625" lon="117.0970027079772">
        <ele>1.4</ele>
        <time>2023-10-07T12:15:50Z</time>
      </trkpt>
      <trkpt lat="39.10216885723246" lon="117.09704320792821">
        <ele>1.4</ele>
        <time>2023-10-07T12:15:51Z</time>
      </trkpt>
      <trkpt lat="39.1021687827271" lon="117.09708551530038">
        <ele>1.4</ele>
        <time>2023-10-07T12:15:53Z</time>
      </trkpt>
      <trkpt lat="39.10216877968755" lon="117.09712253538508">
        <ele>1.4</ele>
        <time>2023-10-07T12:15:54Z</time>
      </trkpt>
      <trkpt lat="39.1021691433556" lon="117.09715855635852">
        <ele>1.4</ele>
        <time>2023-10-07T12:15:55Z</time>
      </trkpt>
      <trkpt lat="39.10216975824869" lon="117.09719283630686">
        <ele>1.4</ele>
        <time>2023-10-07T12:15:56Z</time>
      </trkpt>
      <trkpt lat="39.10217070842161" lon="117.09722642482465">
        <ele>1.4</ele>
        <time>2023-10-07T12:15:57Z</time>
      </trkpt>
      <trkpt lat="39.10217162760032" lon="117.09725896222719">
        <ele>1.4</ele>
        <time>2023-10-07T12:15:58Z</time>
      </trkpt>
      <trkpt lat="39.102172452568546" lon="117.0972905209699">
        <ele>1.4</ele>
        <time>2023-10-07T12:15:59Z</time>
      </trkpt>
      <trkpt lat="39.102173162806785" lon="117.09732486092906">
        <ele>0.7</ele>
        <time>2023-10-07T12:16:00Z</time>
      </trkpt>
      <trkpt lat="39.10217398665925" lon="117.0973567343783">
        <ele>0.7</ele>
        <time>2023-10-07T12:16:01Z</time>
      </trkpt>
      <trkpt lat="39.102174905298654" lon="117.09738839533959">
        <ele>0.7</ele>
        <time>2023-10-07T12:16:02Z</time>
      </trkpt>
      <trkpt lat="39.10217634399574" lon="117.09741876502119">
        <ele>0.7</ele>
        <time>2023-10-07T12:16:03Z</time>
      </trkpt>
      <trkpt lat="39.102178565471654" lon="117.09744782047156">
        <ele>0.7</ele>
        <time>2023-10-07T12:16:04Z</time>
      </trkpt>
      <trkpt lat="39.10218240175448" lon="117.09747538960481">
        <ele>0.7</ele>
        <time>2023-10-07T12:16:05Z</time>
      </trkpt>
      <trkpt lat="39.10218807606433" lon="117.0974971640873">
        <ele>0.7</ele>
        <time>2023-10-07T12:16:06Z</time>
      </trkpt>
      <trkpt lat="39.10219975920729" lon="117.09751345552355">
        <ele>0.7</ele>
        <time>2023-10-07T12:16:07Z</time>
      </trkpt>
      <trkpt lat="39.10221747486202" lon="117.09752274686497">
        <ele>0.7</ele>
        <time>2023-10-07T12:16:08Z</time>
      </trkpt>
      <trkpt lat="39.102243704835814" lon="117.09752654462396">
        <ele>1.1</ele>
        <time>2023-10-07T12:16:10Z</time>
      </trkpt>
      <trkpt lat="39.10227143892576" lon="117.097527540421">
        <ele>1.1</ele>
        <time>2023-10-07T12:16:11Z</time>
      </trkpt>
      <trkpt lat="39.1023026148902" lon="117.09752764026247">
        <ele>1.1</ele>
        <time>2023-10-07T12:16:12Z</time>
      </trkpt>
      <trkpt lat="39.10233217037632" lon="117.09752749281876">
        <ele>1.1</ele>
        <time>2023-10-07T12:16:13Z</time>
      </trkpt>
      <trkpt lat="39.10237012360394" lon="117.09752696081893">
        <ele>1.1</ele>
        <time>2023-10-07T12:16:14Z</time>
      </trkpt>
      <trkpt lat="39.1024073529361" lon="117.0975266304069">
        <ele>1.1</ele>
        <time>2023-10-07T12:16:15Z</time>
      </trkpt>
      <trkpt lat="39.10244567676911" lon="117.09752611713397">
        <ele>1.1</ele>
        <time>2023-10-07T12:16:17Z</time>
      </trkpt>
      <trkpt lat="39.102478286155026" lon="117.09752524676468">
        <ele>1.1</ele>
        <time>2023-10-07T12:16:18Z</time>
      </trkpt>
      <trkpt lat="39.10250839979165" lon="117.0975238972214">
        <ele>1.1</ele>
        <time>2023-10-07T12:16:19Z</time>
      </trkpt>
      <trkpt lat="39.102537688142725" lon="117.09752320856616">
        <ele>0.3</ele>
        <time>2023-10-07T12:16:20Z</time>
      </trkpt>
      <trkpt lat="39.102564967842945" lon="117.09752295122686">
        <ele>0.3</ele>
        <time>2023-10-07T12:16:21Z</time>
      </trkpt>
      <trkpt lat="39.10259492451634" lon="117.09752224496711">
        <ele>0.3</ele>
        <time>2023-10-07T12:16:23Z</time>
      </trkpt>
      <trkpt lat="39.10262628405777" lon="117.09751899634003">
        <ele>0.3</ele>
        <time>2023-10-07T12:16:24Z</time>
      </trkpt>
      <trkpt lat="39.102659434353754" lon="117.09751539647601">
        <ele>0.3</ele>
        <time>2023-10-07T12:16:26Z</time>
      </trkpt>
      <trkpt lat="39.10269627847705" lon="117.0975129297949">
        <ele>0.3</ele>
        <time>2023-10-07T12:16:28Z</time>
      </trkpt>
      <trkpt lat="39.10273254282906" lon="117.09751273192553">
        <ele>0.3</ele>
        <time>2023-10-07T12:16:29Z</time>
      </trkpt>
      <trkpt lat="39.10276803769903" lon="117.09751327627343">
        <ele>0.7</ele>
        <time>2023-10-07T12:16:30Z</time>
      </trkpt>
      <trkpt lat="39.10280049938667" lon="117.0975130944232">
        <ele>0.7</ele>
        <time>2023-10-07T12:16:31Z</time>
      </trkpt>
      <trkpt lat="39.102836548054285" lon="117.0975127417591">
        <ele>0.7</ele>
        <time>2023-10-07T12:16:32Z</time>
      </trkpt>
      <trkpt lat="39.10287220149515" lon="117.0975123624697">
        <ele>0.7</ele>
        <time>2023-10-07T12:16:33Z</time>
      </trkpt>
      <trkpt lat="39.1029092524954" lon="117.09751265733004">
        <ele>0.7</ele>
        <time>2023-10-07T12:16:35Z</time>
      </trkpt>
      <trkpt lat="39.10294178936315" lon="117.09751328995772">
        <ele>0.7</ele>
        <time>2023-10-07T12:16:36Z</time>
      </trkpt>
      <trkpt lat="39.10297311869497" lon="117.09751512986205">
        <ele>0.7</ele>
        <time>2023-10-07T12:16:37Z</time>
      </trkpt>
      <trkpt lat="39.102997485106116" lon="117.09752451729727">
        <ele>0.7</ele>
        <time>2023-10-07T12:16:38Z</time>
      </trkpt>
      <trkpt lat="39.103014793603435" lon="117.09754082888952">
        <ele>0.7</ele>
        <time>2023-10-07T12:16:39Z</time>
      </trkpt>
      <trkpt lat="39.103024656045555" lon="117.09756393981526">
        <ele>0.6</ele>
        <time>2023-10-07T12:16:40Z</time>
      </trkpt>
      <trkpt lat="39.103028507762886" lon="117.09759081053673">
        <ele>0.6</ele>
        <time>2023-10-07T12:16:41Z</time>
      </trkpt>
      <trkpt lat="39.10302957817162" lon="117.09761954154737">
        <ele>0.6</ele>
        <time>2023-10-07T12:16:42Z</time>
      </trkpt>
      <trkpt lat="39.103028679259204" lon="117.09765583880832">
        <ele>0.6</ele>
        <time>2023-10-07T12:16:43Z</time>
      </trkpt>
      <trkpt lat="39.10302753495478" lon="117.09769297644395">
        <ele>0.6</ele>
        <time>2023-10-07T12:16:44Z</time>
      </trkpt>
      <trkpt lat="39.10302643030494" lon="117.09773308575596">
        <ele>0.6</ele>
        <time>2023-10-07T12:16:46Z</time>
      </trkpt>
      <trkpt lat="39.10302593994051" lon="117.09777136801158">
        <ele>0.6</ele>
        <time>2023-10-07T12:16:47Z</time>
      </trkpt>
      <trkpt lat="39.103025511114005" lon="117.09780812562228">
        <ele>0.6</ele>
        <time>2023-10-07T12:16:48Z</time>
      </trkpt>
      <trkpt lat="39.10302470102497" lon="117.09784738441945">
        <ele>0.6</ele>
        <time>2023-10-07T12:16:49Z</time>
      </trkpt>
      <trkpt lat="39.10302401823172" lon="117.09788577969857">
        <ele>0.7</ele>
        <time>2023-10-07T12:16:50Z</time>
      </trkpt>
      <trkpt lat="39.10302347309504" lon="117.09792691766317">
        <ele>0.7</ele>
        <time>2023-10-07T12:16:51Z</time>
      </trkpt>
      <trkpt lat="39.103023344401954" lon="117.09796442353608">
        <ele>0.7</ele>
        <time>2023-10-07T12:16:52Z</time>
      </trkpt>
      <trkpt lat="39.103023088004846" lon="117.09799944787758">
        <ele>0.7</ele>
        <time>2023-10-07T12:16:53Z</time>
      </trkpt>
      <trkpt lat="39.103022664950885" lon="117.09803383127097">
        <ele>0.7</ele>
        <time>2023-10-07T12:16:54Z</time>
      </trkpt>
      <trkpt lat="39.103021833097124" lon="117.09807006444157">
        <ele>0.7</ele>
        <time>2023-10-07T12:16:55Z</time>
      </trkpt>
      <trkpt lat="39.10302183437212" lon="117.09811147495536">
        <ele>0.7</ele>
        <time>2023-10-07T12:16:56Z</time>
      </trkpt>
      <trkpt lat="39.10302380478662" lon="117.09815214213833">
        <ele>0.7</ele>
        <time>2023-10-07T12:16:58Z</time>
      </trkpt>
      <trkpt lat="39.10303483019617" lon="117.09818723467082">
        <ele>0.7</ele>
        <time>2023-10-07T12:16:59Z</time>
      </trkpt>
      <trkpt lat="39.103049568934026" lon="117.09821188758538">
        <ele>0.7</ele>
        <time>2023-10-07T12:17:00Z</time>
      </trkpt>
      <trkpt lat="39.10307569102626" lon="117.09822926968602">
        <ele>0.7</ele>
        <time>2023-10-07T12:17:02Z</time>
      </trkpt>
      <trkpt lat="39.103105223100656" lon="117.09824077063773">
        <ele>0.7</ele>
        <time>2023-10-07T12:17:04Z</time>
      </trkpt>
      <trkpt lat="39.10314758961776" lon="117.09824909423196">
        <ele>0.7</ele>
        <time>2023-10-07T12:17:05Z</time>
      </trkpt>
      <trkpt lat="39.10319169532514" lon="117.09825298519985">
        <ele>0.7</ele>
        <time>2023-10-07T12:17:06Z</time>
      </trkpt>
      <trkpt lat="39.103238998308576" lon="117.09825506646996">
        <ele>0.7</ele>
        <time>2023-10-07T12:17:08Z</time>
      </trkpt>
      <trkpt lat="39.103281065724865" lon="117.09825451486066">
        <ele>0.5</ele>
        <time>2023-10-07T12:17:10Z</time>
      </trkpt>
      <trkpt lat="39.10331916706518" lon="117.09825268574845">
        <ele>0.5</ele>
        <time>2023-10-07T12:17:11Z</time>
      </trkpt>
      <trkpt lat="39.10335405244183" lon="117.09825013642192">
        <ele>0.5</ele>
        <time>2023-10-07T12:17:12Z</time>
      </trkpt>
      <trkpt lat="39.10338596340782" lon="117.09824746033927">
        <ele>0.5</ele>
        <time>2023-10-07T12:17:13Z</time>
      </trkpt>
      <trkpt lat="39.103419880682765" lon="117.09824325658221">
        <ele>0.5</ele>
        <time>2023-10-07T12:17:14Z</time>
      </trkpt>
      <trkpt lat="39.10344949809119" lon="117.0982386591608">
        <ele>0.5</ele>
        <time>2023-10-07T12:17:15Z</time>
      </trkpt>
      <trkpt lat="39.10347727050635" lon="117.09823300640649">
        <ele>0.5</ele>
        <time>2023-10-07T12:17:17Z</time>
      </trkpt>
      <trkpt lat="39.103499988379326" lon="117.09822803713548">
        <ele>0.5</ele>
        <time>2023-10-07T12:17:18Z</time>
      </trkpt>
      <trkpt lat="39.103522658161246" lon="117.09822464029631">
        <ele>0.5</ele>
        <time>2023-10-07T12:17:19Z</time>
      </trkpt>
      <trkpt lat="39.10354718655963" lon="117.09822388076947">
        <ele>0.3</ele>
        <time>2023-10-07T12:17:20Z</time>
      </trkpt>
      <trkpt lat="39.103576511998035" lon="117.09822668388918">
        <ele>0.3</ele>
        <time>2023-10-07T12:17:22Z</time>
      </trkpt>
      <trkpt lat="39.103614504192954" lon="117.09823142247468">
        <ele>0.3</ele>
        <time>2023-10-07T12:17:23Z</time>
      </trkpt>
      <trkpt lat="39.10365714399166" lon="117.0982364044239">
        <ele>0.3</ele>
        <time>2023-10-07T12:17:24Z</time>
      </trkpt>
      <trkpt lat="39.1037057036725" lon="117.09823956441932">
        <ele>0.3</ele>
        <time>2023-10-07T12:17:26Z</time>
      </trkpt>
      <trkpt lat="39.10374991664315" lon="117.0982400697468">
        <ele>0.3</ele>
        <time>2023-10-07T12:17:27Z</time>
      </trkpt>
      <trkpt lat="39.103791395040545" lon="117.0982381227039">
        <ele>0.3</ele>
        <time>2023-10-07T12:17:29Z</time>
      </trkpt>
      <trkpt lat="39.103826210295594" lon="117.09823475940337">
        <ele>0.8</ele>
        <time>2023-10-07T12:17:30Z</time>
      </trkpt>
      <trkpt lat="39.10385794777539" lon="117.09823174331333">
        <ele>0.8</ele>
        <time>2023-10-07T12:17:31Z</time>
      </trkpt>
      <trkpt lat="39.10388564137919" lon="117.09823174439234">
        <ele>0.8</ele>
        <time>2023-10-07T12:17:32Z</time>
      </trkpt>
      <trkpt lat="39.1039100781823" lon="117.0982340229443">
        <ele>0.8</ele>
        <time>2023-10-07T12:17:33Z</time>
      </trkpt>
      <trkpt lat="39.10393187324877" lon="117.09823738929828">
        <ele>0.8</ele>
        <time>2023-10-07T12:17:34Z</time>
      </trkpt>
      <trkpt lat="39.10395804419487" lon="117.09823974431481">
        <ele>0.8</ele>
        <time>2023-10-07T12:17:35Z</time>
      </trkpt>
      <trkpt lat="39.1039847694593" lon="117.0982404700864">
        <ele>0.8</ele>
        <time>2023-10-07T12:17:36Z</time>
      </trkpt>
      <trkpt lat="39.10401567465649" lon="117.09823989197903">
        <ele>0.8</ele>
        <time>2023-10-07T12:17:38Z</time>
      </trkpt>
      <trkpt lat="39.104046426547185" lon="117.09823810012149">
        <ele>0.5</ele>
        <time>2023-10-07T12:17:40Z</time>
      </trkpt>
      <trkpt lat="39.10408318065979" lon="117.09823722561005">
        <ele>0.5</ele>
        <time>2023-10-07T12:17:41Z</time>
      </trkpt>
      <trkpt lat="39.104123278694985" lon="117.09823642559513">
        <ele>0.5</ele>
        <time>2023-10-07T12:17:42Z</time>
      </trkpt>
      <trkpt lat="39.10416170719578" lon="117.09823548626889">
        <ele>0.5</ele>
        <time>2023-10-07T12:17:44Z</time>
      </trkpt>
      <trkpt lat="39.10419690990928" lon="117.09823385713497">
        <ele>0.5</ele>
        <time>2023-10-07T12:17:45Z</time>
      </trkpt>
      <trkpt lat="39.10422777157576" lon="117.09823262247428">
        <ele>0.5</ele>
        <time>2023-10-07T12:17:46Z</time>
      </trkpt>
      <trkpt lat="39.10425961239402" lon="117.09823032854568">
        <ele>0.5</ele>
        <time>2023-10-07T12:17:47Z</time>
      </trkpt>
      <trkpt lat="39.10428576389866" lon="117.09822759400748">
        <ele>0.5</ele>
        <time>2023-10-07T12:17:48Z</time>
      </trkpt>
      <trkpt lat="39.104308719282365" lon="117.09822395801338">
        <ele>0.5</ele>
        <time>2023-10-07T12:17:49Z</time>
      </trkpt>
      <trkpt lat="39.104328429923825" lon="117.09822106021468">
        <ele>0.2</ele>
        <time>2023-10-07T12:17:50Z</time>
      </trkpt>
      <trkpt lat="39.10434956532449" lon="117.0982177482085">
        <ele>0.2</ele>
        <time>2023-10-07T12:17:51Z</time>
      </trkpt>
      <trkpt lat="39.10437429253365" lon="117.09821566258593">
        <ele>0.2</ele>
        <time>2023-10-07T12:17:52Z</time>
      </trkpt>
      <trkpt lat="39.10439913797779" lon="117.09821443026858">
        <ele>0.2</ele>
        <time>2023-10-07T12:17:53Z</time>
      </trkpt>
      <trkpt lat="39.104420207462546" lon="117.09821336437471">
        <ele>0.2</ele>
        <time>2023-10-07T12:17:54Z</time>
      </trkpt>
      <trkpt lat="39.104436759541585" lon="117.09820115005223">
        <ele>0.2</ele>
        <time>2023-10-07T12:17:55Z</time>
      </trkpt>
      <trkpt lat="39.10445089140822" lon="117.09817888918614">
        <ele>0.2</ele>
        <time>2023-10-07T12:17:56Z</time>
      </trkpt>
      <trkpt lat="39.10446513008229" lon="117.09814391772083">
        <ele>0.2</ele>
        <time>2023-10-07T12:17:58Z</time>
      </trkpt>
      <trkpt lat="39.10447656608504" lon="117.0981082548292">
        <ele>0.2</ele>
        <time>2023-10-07T12:17:59Z</time>
      </trkpt>
      <trkpt lat="39.10448517535773" lon="117.09807073855904">
        <ele>0.5</ele>
        <time>2023-10-07T12:18:00Z</time>
      </trkpt>
      <trkpt lat="39.104490932662536" lon="117.09803224555421">
        <ele>0.5</ele>
        <time>2023-10-07T12:18:01Z</time>
      </trkpt>
      <trkpt lat="39.104494612361066" lon="117.097992902099">
        <ele>0.5</ele>
        <time>2023-10-07T12:18:02Z</time>
      </trkpt>
      <trkpt lat="39.10449655031957" lon="117.09794998796646">
        <ele>0.5</ele>
        <time>2023-10-07T12:18:03Z</time>
      </trkpt>
      <trkpt lat="39.104498187169014" lon="117.09791001145612">
        <ele>0.5</ele>
        <time>2023-10-07T12:18:04Z</time>
      </trkpt>
      <trkpt lat="39.10449994151562" lon="117.09786740703545">
        <ele>0.5</ele>
        <time>2023-10-07T12:18:05Z</time>
      </trkpt>
      <trkpt lat="39.104501065868334" lon="117.097828251007">
        <ele>0.5</ele>
        <time>2023-10-07T12:18:06Z</time>
      </trkpt>
      <trkpt lat="39.10450112375385" lon="117.0977892566141">
        <ele>0.5</ele>
        <time>2023-10-07T12:18:07Z</time>
      </trkpt>
      <trkpt lat="39.104500795080426" lon="117.09775193920734">
        <ele>0.5</ele>
        <time>2023-10-07T12:18:08Z</time>
      </trkpt>
      <trkpt lat="39.104500243637766" lon="117.097715800709">
        <ele>0.5</ele>
        <time>2023-10-07T12:18:09Z</time>
      </trkpt>
      <trkpt lat="39.10449954796808" lon="117.09768049335422">
        <ele>0.3</ele>
        <time>2023-10-07T12:18:10Z</time>
      </trkpt>
      <trkpt lat="39.10449842867019" lon="117.09764525134945">
        <ele>0.3</ele>
        <time>2023-10-07T12:18:11Z</time>
      </trkpt>
      <trkpt lat="39.10449812895763" lon="117.0976108981374">
        <ele>0.3</ele>
        <time>2023-10-07T12:18:12Z</time>
      </trkpt>
      <trkpt lat="39.10449807250224" lon="117.09757433376268">
        <ele>0.3</ele>
        <time>2023-10-07T12:18:13Z</time>
      </trkpt>
      <trkpt lat="39.10449965700048" lon="117.09753785362568">
        <ele>0.3</ele>
        <time>2023-10-07T12:18:14Z</time>
      </trkpt>
      <trkpt lat="39.10450260147711" lon="117.09749199542422">
        <ele>0.3</ele>
        <time>2023-10-07T12:18:16Z</time>
      </trkpt>
      <trkpt lat="39.10450623069507" lon="117.09744411107552">
        <ele>0.3</ele>
        <time>2023-10-07T12:18:17Z</time>
      </trkpt>
      <trkpt lat="39.104508935425585" lon="117.09739507017288">
        <ele>0.3</ele>
        <time>2023-10-07T12:18:18Z</time>
      </trkpt>
      <trkpt lat="39.10451028016616" lon="117.09734919135771">
        <ele>0.3</ele>
        <time>2023-10-07T12:18:19Z</time>
      </trkpt>
      <trkpt lat="39.10451141243504" lon="117.09730555032348">
        <ele>0.4</ele>
        <time>2023-10-07T12:18:20Z</time>
      </trkpt>
      <trkpt lat="39.10451251254564" lon="117.09726063277202">
        <ele>0.4</ele>
        <time>2023-10-07T12:18:21Z</time>
      </trkpt>
      <trkpt lat="39.10451353876959" lon="117.09722014303154">
        <ele>0.4</ele>
        <time>2023-10-07T12:18:22Z</time>
      </trkpt>
      <trkpt lat="39.104514036326634" lon="117.09717762584236">
        <ele>0.4</ele>
        <time>2023-10-07T12:18:23Z</time>
      </trkpt>
      <trkpt lat="39.10451350394327" lon="117.09713887907365">
        <ele>0.4</ele>
        <time>2023-10-07T12:18:24Z</time>
      </trkpt>
      <trkpt lat="39.10451206336766" lon="117.09710025928013">
        <ele>0.4</ele>
        <time>2023-10-07T12:18:25Z</time>
      </trkpt>
      <trkpt lat="39.104509092699324" lon="117.0970641404229">
        <ele>0.4</ele>
        <time>2023-10-07T12:18:26Z</time>
      </trkpt>
      <trkpt lat="39.104505756489715" lon="117.09703004390357">
        <ele>0.4</ele>
        <time>2023-10-07T12:18:27Z</time>
      </trkpt>
      <trkpt lat="39.104502374588584" lon="117.09699784961659">
        <ele>0.4</ele>
        <time>2023-10-07T12:18:28Z</time>
      </trkpt>
      <trkpt lat="39.104501194205646" lon="117.09696206550386">
        <ele>0.4</ele>
        <time>2023-10-07T12:18:29Z</time>
      </trkpt>
      <trkpt lat="39.104501172080745" lon="117.0969211669394">
        <ele>1.5</ele>
        <time>2023-10-07T12:18:30Z</time>
      </trkpt>
      <trkpt lat="39.104500943620664" lon="117.09687840546921">
        <ele>1.5</ele>
        <time>2023-10-07T12:18:32Z</time>
      </trkpt>
      <trkpt lat="39.104500424960094" lon="117.09683693735262">
        <ele>1.5</ele>
        <time>2023-10-07T12:18:34Z</time>
      </trkpt>
      <trkpt lat="39.104500776027834" lon="117.09679713062592">
        <ele>1.5</ele>
        <time>2023-10-07T12:18:35Z</time>
      </trkpt>
      <trkpt lat="39.10450203357216" lon="117.09675277629523">
        <ele>1.5</ele>
        <time>2023-10-07T12:18:36Z</time>
      </trkpt>
      <trkpt lat="39.104503305476996" lon="117.09671082027405">
        <ele>1.5</ele>
        <time>2023-10-07T12:18:37Z</time>
      </trkpt>
      <trkpt lat="39.10450327297131" lon="117.09666084671792">
        <ele>1.5</ele>
        <time>2023-10-07T12:18:38Z</time>
      </trkpt>
      <trkpt lat="39.10450334803356" lon="117.09661382830907">
        <ele>1.5</ele>
        <time>2023-10-07T12:18:39Z</time>
      </trkpt>
      <trkpt lat="39.10450289965995" lon="117.09656224278655">
        <ele>1</ele>
        <time>2023-10-07T12:18:41Z</time>
      </trkpt>
      <trkpt lat="39.104502135430955" lon="117.09651942412837">
        <ele>1</ele>
        <time>2023-10-07T12:18:42Z</time>
      </trkpt>
      <trkpt lat="39.10450065073767" lon="117.09647777651229">
        <ele>1</ele>
        <time>2023-10-07T12:18:43Z</time>
      </trkpt>
      <trkpt lat="39.10449829825397" lon="117.09643690289086">
        <ele>1</ele>
        <time>2023-10-07T12:18:44Z</time>
      </trkpt>
      <trkpt lat="39.10449547324148" lon="117.09639918532517">
        <ele>1</ele>
        <time>2023-10-07T12:18:45Z</time>
      </trkpt>
      <trkpt lat="39.104490057908905" lon="117.0963621539334">
        <ele>1</ele>
        <time>2023-10-07T12:18:47Z</time>
      </trkpt>
      <trkpt lat="39.10448256575371" lon="117.09633471960417">
        <ele>1</ele>
        <time>2023-10-07T12:18:48Z</time>
      </trkpt>
      <trkpt lat="39.10446856678921" lon="117.0963116061057">
        <ele>1</ele>
        <time>2023-10-07T12:18:49Z</time>
      </trkpt>
      <trkpt lat="39.10444726385224" lon="117.09629796185399">
        <ele>1</ele>
        <time>2023-10-07T12:18:50Z</time>
      </trkpt>
      <trkpt lat="39.104421017467786" lon="117.09628961652152">
        <ele>1</ele>
        <time>2023-10-07T12:18:52Z</time>
      </trkpt>
      <trkpt lat="39.10438788070184" lon="117.09628597109169">
        <ele>1</ele>
        <time>2023-10-07T12:18:53Z</time>
      </trkpt>
      <trkpt lat="39.104356138267235" lon="117.09628413283768">
        <ele>1</ele>
        <time>2023-10-07T12:18:54Z</time>
      </trkpt>
      <trkpt lat="39.104323129331" lon="117.09628388472792">
        <ele>1</ele>
        <time>2023-10-07T12:18:56Z</time>
      </trkpt>
      <trkpt lat="39.10429388364901" lon="117.09628485214814">
        <ele>1</ele>
        <time>2023-10-07T12:18:57Z</time>
      </trkpt>
      <trkpt lat="39.10426515367375" lon="117.09628668846571">
        <ele>1</ele>
        <time>2023-10-07T12:18:58Z</time>
      </trkpt>
      <trkpt lat="39.104237900098994" lon="117.09628911649517">
        <ele>1</ele>
        <time>2023-10-07T12:18:59Z</time>
      </trkpt>
      <trkpt lat="39.10421120920606" lon="117.09629194694007">
        <ele>1.6</ele>
        <time>2023-10-07T12:19:00Z</time>
      </trkpt>
      <trkpt lat="39.10418546637597" lon="117.09629499936693">
        <ele>1.6</ele>
        <time>2023-10-07T12:19:01Z</time>
      </trkpt>
      <trkpt lat="39.104157505315214" lon="117.09629822053259">
        <ele>1.6</ele>
        <time>2023-10-07T12:19:02Z</time>
      </trkpt>
      <trkpt lat="39.10413180301488" lon="117.09630113773798">
        <ele>1.6</ele>
        <time>2023-10-07T12:19:03Z</time>
      </trkpt>
      <trkpt lat="39.104105247526995" lon="117.09630383705483">
        <ele>1.6</ele>
        <time>2023-10-07T12:19:04Z</time>
      </trkpt>
      <trkpt lat="39.10407762441661" lon="117.09630618580779">
        <ele>1.6</ele>
        <time>2023-10-07T12:19:05Z</time>
      </trkpt>
      <trkpt lat="39.104047873236766" lon="117.09630735231396">
        <ele>1.6</ele>
        <time>2023-10-07T12:19:06Z</time>
      </trkpt>
      <trkpt lat="39.104014269652545" lon="117.0963080009797">
        <ele>1.6</ele>
        <time>2023-10-07T12:19:08Z</time>
      </trkpt>
      <trkpt lat="39.1039811201315" lon="117.09630766725428">
        <ele>1</ele>
        <time>2023-10-07T12:19:10Z</time>
      </trkpt>
      <trkpt lat="39.10393999288498" lon="117.09630755866195">
        <ele>1</ele>
        <time>2023-10-07T12:19:11Z</time>
      </trkpt>
      <trkpt lat="39.103899795285976" lon="117.0963073026505">
        <ele>1</ele>
        <time>2023-10-07T12:19:12Z</time>
      </trkpt>
      <trkpt lat="39.1038593317457" lon="117.09630721057785">
        <ele>1</ele>
        <time>2023-10-07T12:19:14Z</time>
      </trkpt>
      <trkpt lat="39.10382447659051" lon="117.09630726853774">
        <ele>1</ele>
        <time>2023-10-07T12:19:15Z</time>
      </trkpt>
      <trkpt lat="39.103791357389305" lon="117.09630713165262">
        <ele>1</ele>
        <time>2023-10-07T12:19:16Z</time>
      </trkpt>
      <trkpt lat="39.10375728922293" lon="117.09630690445499">
        <ele>1</ele>
        <time>2023-10-07T12:19:17Z</time>
      </trkpt>
      <trkpt lat="39.10372634755424" lon="117.09630588408591">
        <ele>1</ele>
        <time>2023-10-07T12:19:18Z</time>
      </trkpt>
      <trkpt lat="39.103695544121905" lon="117.09630455214203">
        <ele>1</ele>
        <time>2023-10-07T12:19:19Z</time>
      </trkpt>
      <trkpt lat="39.10367066182139" lon="117.0963042879963">
        <ele>1.4</ele>
        <time>2023-10-07T12:19:20Z</time>
      </trkpt>
      <trkpt lat="39.103648581167775" lon="117.09630557777595">
        <ele>1.4</ele>
        <time>2023-10-07T12:19:21Z</time>
      </trkpt>
      <trkpt lat="39.10362672069295" lon="117.09630803552153">
        <ele>1.4</ele>
        <time>2023-10-07T12:19:22Z</time>
      </trkpt>
      <trkpt lat="39.10360182789066" lon="117.09630895520867">
        <ele>1.4</ele>
        <time>2023-10-07T12:19:23Z</time>
      </trkpt>
      <trkpt lat="39.10357772258327" lon="117.09630697591805">
        <ele>1.4</ele>
        <time>2023-10-07T12:19:25Z</time>
      </trkpt>
      <trkpt lat="39.10355146450789" lon="117.09630292481071">
        <ele>1.4</ele>
        <time>2023-10-07T12:19:26Z</time>
      </trkpt>
      <trkpt lat="39.10352302096376" lon="117.09629930189209">
        <ele>1.4</ele>
        <time>2023-10-07T12:19:28Z</time>
      </trkpt>
      <trkpt lat="39.10348960930453" lon="117.09629743854515">
        <ele>1.4</ele>
        <time>2023-10-07T12:19:29Z</time>
      </trkpt>
      <trkpt lat="39.10345553610021" lon="117.09629653616103">
        <ele>0.8</ele>
        <time>2023-10-07T12:19:30Z</time>
      </trkpt>
      <trkpt lat="39.103423093869196" lon="117.09629531701634">
        <ele>0.8</ele>
        <time>2023-10-07T12:19:31Z</time>
      </trkpt>
      <trkpt lat="39.10338418955937" lon="117.09629474039673">
        <ele>0.8</ele>
        <time>2023-10-07T12:19:32Z</time>
      </trkpt>
      <trkpt lat="39.10334666403185" lon="117.09629479325737">
        <ele>0.8</ele>
        <time>2023-10-07T12:19:33Z</time>
      </trkpt>
      <trkpt lat="39.1033080408439" lon="117.09629604213565">
        <ele>0.8</ele>
        <time>2023-10-07T12:19:35Z</time>
      </trkpt>
      <trkpt lat="39.103275194497485" lon="117.09629821372954">
        <ele>0.8</ele>
        <time>2023-10-07T12:19:36Z</time>
      </trkpt>
      <trkpt lat="39.10324464702179" lon="117.09630111747184">
        <ele>0.8</ele>
        <time>2023-10-07T12:19:37Z</time>
      </trkpt>
      <trkpt lat="39.1032182453233" lon="117.09630367368676">
        <ele>0.8</ele>
        <time>2023-10-07T12:19:38Z</time>
      </trkpt>
      <trkpt lat="39.10319432486288" lon="117.09630566481377">
        <ele>0.8</ele>
        <time>2023-10-07T12:19:39Z</time>
      </trkpt>
      <trkpt lat="39.10317159463974" lon="117.09630781835449">
        <ele>1.6</ele>
        <time>2023-10-07T12:19:40Z</time>
      </trkpt>
      <trkpt lat="39.103145455673264" lon="117.0963055326259">
        <ele>1.6</ele>
        <time>2023-10-07T12:19:41Z</time>
      </trkpt>
      <trkpt lat="39.103125165580046" lon="117.09630293775123">
        <ele>1.6</ele>
        <time>2023-10-07T12:19:42Z</time>
      </trkpt>
      <trkpt lat="39.103101112628416" lon="117.09630214882306">
        <ele>1.6</ele>
        <time>2023-10-07T12:19:44Z</time>
      </trkpt>
      <trkpt lat="39.10307715959437" lon="117.09630670610528">
        <ele>1.6</ele>
        <time>2023-10-07T12:19:46Z</time>
      </trkpt>
      <trkpt lat="39.10304362117023" lon="117.09631175084608">
        <ele>1.6</ele>
        <time>2023-10-07T12:19:47Z</time>
      </trkpt>
      <trkpt lat="39.103010956307756" lon="117.0963138591811">
        <ele>1.6</ele>
        <time>2023-10-07T12:19:48Z</time>
      </trkpt>
      <trkpt lat="39.10297777415363" lon="117.09631505851377">
        <ele>1.6</ele>
        <time>2023-10-07T12:19:49Z</time>
      </trkpt>
      <trkpt lat="39.102947361353" lon="117.09631616000777">
        <ele>1</ele>
        <time>2023-10-07T12:19:50Z</time>
      </trkpt>
      <trkpt lat="39.10291790098687" lon="117.0963178523001">
        <ele>1</ele>
        <time>2023-10-07T12:19:51Z</time>
      </trkpt>
      <trkpt lat="39.102887868996405" lon="117.09631999234492">
        <ele>1</ele>
        <time>2023-10-07T12:19:52Z</time>
      </trkpt>
      <trkpt lat="39.102859066313655" lon="117.0963215772624">
        <ele>1</ele>
        <time>2023-10-07T12:19:53Z</time>
      </trkpt>
      <trkpt lat="39.10282863416392" lon="117.09632273811894">
        <ele>1</ele>
        <time>2023-10-07T12:19:54Z</time>
      </trkpt>
      <trkpt lat="39.10280086016853" lon="117.09632283301009">
        <ele>1</ele>
        <time>2023-10-07T12:19:55Z</time>
      </trkpt>
      <trkpt lat="39.10276898054369" lon="117.0963210360461">
        <ele>1</ele>
        <time>2023-10-07T12:19:56Z</time>
      </trkpt>
      <trkpt lat="39.10273998808942" lon="117.09631857274215">
        <ele>1</ele>
        <time>2023-10-07T12:19:57Z</time>
      </trkpt>
      <trkpt lat="39.10271164488123" lon="117.09631618234941">
        <ele>1</ele>
        <time>2023-10-07T12:19:59Z</time>
      </trkpt>
      <trkpt lat="39.10268714503898" lon="117.09631574574345">
        <ele>1.2</ele>
        <time>2023-10-07T12:20:00Z</time>
      </trkpt>
      <trkpt lat="39.10266449455834" lon="117.09631545736">
        <ele>1.2</ele>
        <time>2023-10-07T12:20:01Z</time>
      </trkpt>
      <trkpt lat="39.10263922629135" lon="117.09631684003438">
        <ele>1.2</ele>
        <time>2023-10-07T12:20:02Z</time>
      </trkpt>
      <trkpt lat="39.10261284272733" lon="117.09631953162878">
        <ele>1.2</ele>
        <time>2023-10-07T12:20:04Z</time>
      </trkpt>
      <trkpt lat="39.102576407625854" lon="117.09632316677735">
        <ele>1.2</ele>
        <time>2023-10-07T12:20:05Z</time>
      </trkpt>
      <trkpt lat="39.102540316087" lon="117.09632589494717">
        <ele>1.2</ele>
        <time>2023-10-07T12:20:06Z</time>
      </trkpt>
      <trkpt lat="39.10250258010417" lon="117.09632704289908">
        <ele>1.2</ele>
        <time>2023-10-07T12:20:08Z</time>
      </trkpt>
      <trkpt lat="39.102471928689766" lon="117.09632726806001">
        <ele>1.2</ele>
        <time>2023-10-07T12:20:09Z</time>
      </trkpt>
      <trkpt lat="39.102439783173644" lon="117.09632628003186">
        <ele>1</ele>
        <time>2023-10-07T12:20:10Z</time>
      </trkpt>
      <trkpt lat="39.10240619058662" lon="117.09632493970618">
        <ele>1</ele>
        <time>2023-10-07T12:20:11Z</time>
      </trkpt>
      <trkpt lat="39.10237111651019" lon="117.09632413297">
        <ele>1</ele>
        <time>2023-10-07T12:20:12Z</time>
      </trkpt>
      <trkpt lat="39.10233987529075" lon="117.09632398718465">
        <ele>1</ele>
        <time>2023-10-07T12:20:14Z</time>
      </trkpt>
      <trkpt lat="39.1023145387584" lon="117.09632436621737">
        <ele>1</ele>
        <time>2023-10-07T12:20:15Z</time>
      </trkpt>
      <trkpt lat="39.10229064983385" lon="117.09632574559208">
        <ele>1</ele>
        <time>2023-10-07T12:20:16Z</time>
      </trkpt>
      <trkpt lat="39.102267659480304" lon="117.09632900598507">
        <ele>1</ele>
        <time>2023-10-07T12:20:17Z</time>
      </trkpt>
      <trkpt lat="39.10224551491638" lon="117.09633462025518">
        <ele>1</ele>
        <time>2023-10-07T12:20:18Z</time>
      </trkpt>
      <trkpt lat="39.10222270201466" lon="117.09634816810657">
        <ele>1</ele>
        <time>2023-10-07T12:20:19Z</time>
      </trkpt>
      <trkpt lat="39.102200817751495" lon="117.09636943289928">
        <ele>1.8</ele>
        <time>2023-10-07T12:20:20Z</time>
      </trkpt>
      <trkpt lat="39.10218084547527" lon="117.09640158556164">
        <ele>1.8</ele>
        <time>2023-10-07T12:20:22Z</time>
      </trkpt>
      <trkpt lat="39.10216769757091" lon="117.0964399870565">
        <ele>1.8</ele>
        <time>2023-10-07T12:20:23Z</time>
      </trkpt>
      <trkpt lat="39.10215892957592" lon="117.09648184346027">
        <ele>1.8</ele>
        <time>2023-10-07T12:20:24Z</time>
      </trkpt>
      <trkpt lat="39.10215424038966" lon="117.09652342998066">
        <ele>1.8</ele>
        <time>2023-10-07T12:20:25Z</time>
      </trkpt>
      <trkpt lat="39.10215313200503" lon="117.0965704625904">
        <ele>1.8</ele>
        <time>2023-10-07T12:20:26Z</time>
      </trkpt>
      <trkpt lat="39.10215420329044" lon="117.0966208786148">
        <ele>1.8</ele>
        <time>2023-10-07T12:20:27Z</time>
      </trkpt>
      <trkpt lat="39.10215618795812" lon="117.09667238230854">
        <ele>1.8</ele>
        <time>2023-10-07T12:20:29Z</time>
      </trkpt>
      <trkpt lat="39.10215817418594" lon="117.09671600157176">
        <ele>1</ele>
        <time>2023-10-07T12:20:30Z</time>
      </trkpt>
      <trkpt lat="39.10216066853198" lon="117.09675803228625">
        <ele>1</ele>
        <time>2023-10-07T12:20:31Z</time>
      </trkpt>
      <trkpt lat="39.10216343070819" lon="117.09679557256973">
        <ele>1</ele>
        <time>2023-10-07T12:20:32Z</time>
      </trkpt>
      <trkpt lat="39.10216589926002" lon="117.09683326530597">
        <ele>1</ele>
        <time>2023-10-07T12:20:33Z</time>
      </trkpt>
      <trkpt lat="39.102167584438" lon="117.09686568272207">
        <ele>1</ele>
        <time>2023-10-07T12:20:34Z</time>
      </trkpt>
      <trkpt lat="39.102168782425196" lon="117.09690080003301">
        <ele>1</ele>
        <time>2023-10-07T12:20:35Z</time>
      </trkpt>
      <trkpt lat="39.10216975766376" lon="117.09693124558834">
        <ele>1</ele>
        <time>2023-10-07T12:20:36Z</time>
      </trkpt>
      <trkpt lat="39.10216969227948" lon="117.09696380045393">
        <ele>1</ele>
        <time>2023-10-07T12:20:37Z</time>
      </trkpt>
      <trkpt lat="39.102169450333506" lon="117.09699579047867">
        <ele>1</ele>
        <time>2023-10-07T12:20:38Z</time>
      </trkpt>
      <trkpt lat="39.10217116368522" lon="117.09703782731917">
        <ele>1.3</ele>
        <time>2023-10-07T12:20:40Z</time>
      </trkpt>
      <trkpt lat="39.10217411820293" lon="117.09708630614439">
        <ele>1.3</ele>
        <time>2023-10-07T12:20:41Z</time>
      </trkpt>
      <trkpt lat="39.102175183899774" lon="117.09714099459438">
        <ele>1.3</ele>
        <time>2023-10-07T12:20:42Z</time>
      </trkpt>
      <trkpt lat="39.10217481172532" lon="117.09719181832891">
        <ele>1.3</ele>
        <time>2023-10-07T12:20:44Z</time>
      </trkpt>
      <trkpt lat="39.1021742130129" lon="117.09724147443228">
        <ele>1.3</ele>
        <time>2023-10-07T12:20:45Z</time>
      </trkpt>
      <trkpt lat="39.10217561970995" lon="117.09728715285196">
        <ele>1.3</ele>
        <time>2023-10-07T12:20:46Z</time>
      </trkpt>
      <trkpt lat="39.10217628847623" lon="117.097331744577">
        <ele>1.3</ele>
        <time>2023-10-07T12:20:47Z</time>
      </trkpt>
      <trkpt lat="39.102175382632936" lon="117.0973749557296">
        <ele>1.3</ele>
        <time>2023-10-07T12:20:48Z</time>
      </trkpt>
      <trkpt lat="39.10217374993664" lon="117.09741626641046">
        <ele>1.3</ele>
        <time>2023-10-07T12:20:49Z</time>
      </trkpt>
      <trkpt lat="39.10217496456632" lon="117.09745338495945">
        <ele>1.8</ele>
        <time>2023-10-07T12:20:50Z</time>
      </trkpt>
      <trkpt lat="39.10218127947199" lon="117.09748175485136">
        <ele>1.8</ele>
        <time>2023-10-07T12:20:51Z</time>
      </trkpt>
      <trkpt lat="39.102195261480304" lon="117.09750240471176">
        <ele>1.8</ele>
        <time>2023-10-07T12:20:52Z</time>
      </trkpt>
      <trkpt lat="39.10221321285305" lon="117.09751547065797">
        <ele>1.8</ele>
        <time>2023-10-07T12:20:53Z</time>
      </trkpt>
      <trkpt lat="39.10223438808278" lon="117.09752189267545">
        <ele>1.8</ele>
        <time>2023-10-07T12:20:54Z</time>
      </trkpt>
      <trkpt lat="39.102259139063264" lon="117.09752083324696">
        <ele>1.8</ele>
        <time>2023-10-07T12:20:55Z</time>
      </trkpt>
      <trkpt lat="39.10228852197155" lon="117.0975182274248">
        <ele>1.8</ele>
        <time>2023-10-07T12:20:56Z</time>
      </trkpt>
      <trkpt lat="39.10232587358323" lon="117.09751741344407">
        <ele>1.8</ele>
        <time>2023-10-07T12:20:58Z</time>
      </trkpt>
      <trkpt lat="39.102370392913606" lon="117.0975209581871">
        <ele>1.8</ele>
        <time>2023-10-07T12:20:59Z</time>
      </trkpt>
      <trkpt lat="39.10241872824711" lon="117.09752484113501">
        <ele>1.6</ele>
        <time>2023-10-07T12:21:00Z</time>
      </trkpt>
      <trkpt lat="39.10247033025609" lon="117.09752703476083">
        <ele>1.6</ele>
        <time>2023-10-07T12:21:02Z</time>
      </trkpt>
      <trkpt lat="39.102519066956134" lon="117.0975278434561">
        <ele>1.6</ele>
        <time>2023-10-07T12:21:03Z</time>
      </trkpt>
      <trkpt lat="39.102565328805184" lon="117.09752777134416">
        <ele>1.6</ele>
        <time>2023-10-07T12:21:05Z</time>
      </trkpt>
      <trkpt lat="39.102604680877526" lon="117.09752689012936">
        <ele>1.6</ele>
        <time>2023-10-07T12:21:06Z</time>
      </trkpt>
      <trkpt lat="39.10263879292927" lon="117.09752546509561">
        <ele>1.6</ele>
        <time>2023-10-07T12:21:07Z</time>
      </trkpt>
      <trkpt lat="39.10267356175347" lon="117.09752413807918">
        <ele>1.6</ele>
        <time>2023-10-07T12:21:08Z</time>
      </trkpt>
      <trkpt lat="39.10270765445391" lon="117.09752315802821">
        <ele>1.6</ele>
        <time>2023-10-07T12:21:09Z</time>
      </trkpt>
      <trkpt lat="39.10274057108464" lon="117.09752253618305">
        <ele>0.6</ele>
        <time>2023-10-07T12:21:11Z</time>
      </trkpt>
      <trkpt lat="39.102767837635646" lon="117.09752190554102">
        <ele>0.6</ele>
        <time>2023-10-07T12:21:12Z</time>
      </trkpt>
      <trkpt lat="39.10279371935495" lon="117.09752100678645">
        <ele>0.6</ele>
        <time>2023-10-07T12:21:13Z</time>
      </trkpt>
      <trkpt lat="39.10282404788934" lon="117.09751993376464">
        <ele>0.6</ele>
        <time>2023-10-07T12:21:14Z</time>
      </trkpt>
      <trkpt lat="39.10286011510121" lon="117.09751838010284">
        <ele>0.6</ele>
        <time>2023-10-07T12:21:16Z</time>
      </trkpt>
      <trkpt lat="39.10289778166759" lon="117.0975168215534">
        <ele>0.6</ele>
        <time>2023-10-07T12:21:17Z</time>
      </trkpt>
      <trkpt lat="39.102934408541955" lon="117.0975160555556">
        <ele>0.6</ele>
        <time>2023-10-07T12:21:18Z</time>
      </trkpt>
      <trkpt lat="39.10296667167886" lon="117.09751726905505">
        <ele>0.6</ele>
        <time>2023-10-07T12:21:19Z</time>
      </trkpt>
      <trkpt lat="39.10299740747805" lon="117.09752590463802">
        <ele>1.2</ele>
        <time>2023-10-07T12:21:20Z</time>
      </trkpt>
      <trkpt lat="39.10302042939062" lon="117.09754208659574">
        <ele>1.2</ele>
        <time>2023-10-07T12:21:21Z</time>
      </trkpt>
      <trkpt lat="39.10303527632521" lon="117.09757675655034">
        <ele>1.2</ele>
        <time>2023-10-07T12:21:23Z</time>
      </trkpt>
      <trkpt lat="39.10304003615252" lon="117.09762007822566">
        <ele>1.2</ele>
        <time>2023-10-07T12:21:24Z</time>
      </trkpt>
      <trkpt lat="39.10303988256811" lon="117.09766873354214">
        <ele>1.2</ele>
        <time>2023-10-07T12:21:26Z</time>
      </trkpt>
      <trkpt lat="39.10303830192832" lon="117.09770909179305">
        <ele>1.2</ele>
        <time>2023-10-07T12:21:27Z</time>
      </trkpt>
      <trkpt lat="39.10303653861215" lon="117.09774731860904">
        <ele>1.2</ele>
        <time>2023-10-07T12:21:28Z</time>
      </trkpt>
      <trkpt lat="39.10303505629182" lon="117.09778299514242">
        <ele>1.2</ele>
        <time>2023-10-07T12:21:29Z</time>
      </trkpt>
      <trkpt lat="39.103033737349335" lon="117.09781688055577">
        <ele>0.7</ele>
        <time>2023-10-07T12:21:30Z</time>
      </trkpt>
      <trkpt lat="39.10303020601485" lon="117.09785165586493">
        <ele>0.7</ele>
        <time>2023-10-07T12:21:31Z</time>
      </trkpt>
      <trkpt lat="39.10302562454213" lon="117.09789273011941">
        <ele>0.7</ele>
        <time>2023-10-07T12:21:32Z</time>
      </trkpt>
      <trkpt lat="39.10302006696995" lon="117.09794027835913">
        <ele>0.7</ele>
        <time>2023-10-07T12:21:34Z</time>
      </trkpt>
      <trkpt lat="39.103017406821394" lon="117.09798860094725">
        <ele>0.7</ele>
        <time>2023-10-07T12:21:35Z</time>
      </trkpt>
      <trkpt lat="39.103016224442484" lon="117.09803446334438">
        <ele>0.7</ele>
        <time>2023-10-07T12:21:36Z</time>
      </trkpt>
      <trkpt lat="39.103017026316806" lon="117.09807755706129">
        <ele>0.7</ele>
        <time>2023-10-07T12:21:37Z</time>
      </trkpt>
      <trkpt lat="39.103019310103015" lon="117.09812113428063">
        <ele>0.7</ele>
        <time>2023-10-07T12:21:38Z</time>
      </trkpt>
      <trkpt lat="39.1030236605628" lon="117.09816257881768">
        <ele>0.7</ele>
        <time>2023-10-07T12:21:39Z</time>
      </trkpt>
      <trkpt lat="39.10303179059282" lon="117.0982024079293">
        <ele>1.1</ele>
        <time>2023-10-07T12:21:40Z</time>
      </trkpt>
      <trkpt lat="39.10304226453887" lon="117.09823965517255">
        <ele>1.1</ele>
        <time>2023-10-07T12:21:41Z</time>
      </trkpt>
      <trkpt lat="39.103056262589675" lon="117.0982684521096">
        <ele>1.1</ele>
        <time>2023-10-07T12:21:42Z</time>
      </trkpt>
      <trkpt lat="39.10307561615863" lon="117.09828372357096">
        <ele>1.1</ele>
        <time>2023-10-07T12:21:43Z</time>
      </trkpt>
      <trkpt lat="39.10310377998277" lon="117.09828487021497">
        <ele>1.1</ele>
        <time>2023-10-07T12:21:44Z</time>
      </trkpt>
      <trkpt lat="39.10313734975167" lon="117.09828003852697">
        <ele>1.1</ele>
        <time>2023-10-07T12:21:45Z</time>
      </trkpt>
      <trkpt lat="39.10317031352884" lon="117.09827581982458">
        <ele>1.1</ele>
        <time>2023-10-07T12:21:47Z</time>
      </trkpt>
      <trkpt lat="39.1031989541485" lon="117.09827117511225">
        <ele>1.1</ele>
        <time>2023-10-07T12:21:48Z</time>
      </trkpt>
      <trkpt lat="39.10322833925029" lon="117.09826526169948">
        <ele>1.1</ele>
        <time>2023-10-07T12:21:49Z</time>
      </trkpt>
      <trkpt lat="39.10326059880555" lon="117.09825889106325">
        <ele>0.7</ele>
        <time>2023-10-07T12:21:50Z</time>
      </trkpt>
      <trkpt lat="39.1032980658388" lon="117.09825189403425">
        <ele>0.7</ele>
        <time>2023-10-07T12:21:52Z</time>
      </trkpt>
      <trkpt lat="39.10333724026919" lon="117.09824603501613">
        <ele>0.7</ele>
        <time>2023-10-07T12:21:53Z</time>
      </trkpt>
      <trkpt lat="39.1033748906137" lon="117.09824050467053">
        <ele>0.7</ele>
        <time>2023-10-07T12:21:54Z</time>
      </trkpt>
      <trkpt lat="39.10340920426145" lon="117.09823586785619">
        <ele>0.7</ele>
        <time>2023-10-07T12:21:55Z</time>
      </trkpt>
      <trkpt lat="39.10344125054917" lon="117.09823188794813">
        <ele>0.7</ele>
        <time>2023-10-07T12:21:56Z</time>
      </trkpt>
      <trkpt lat="39.10347169608099" lon="117.09822780854115">
        <ele>0.7</ele>
        <time>2023-10-07T12:21:57Z</time>
      </trkpt>
      <trkpt lat="39.103502948667845" lon="117.09822305863793">
        <ele>0.7</ele>
        <time>2023-10-07T12:21:58Z</time>
      </trkpt>
      <trkpt lat="39.1035312393574" lon="117.09821858265241">
        <ele>0.7</ele>
        <time>2023-10-07T12:21:59Z</time>
      </trkpt>
      <trkpt lat="39.103559068181326" lon="117.09821434227648">
        <ele>1.3</ele>
        <time>2023-10-07T12:22:00Z</time>
      </trkpt>
      <trkpt lat="39.103586049095775" lon="117.09821162587167">
        <ele>1.3</ele>
        <time>2023-10-07T12:22:01Z</time>
      </trkpt>
      <trkpt lat="39.10361173154767" lon="117.09821044172341">
        <ele>1.3</ele>
        <time>2023-10-07T12:22:02Z</time>
      </trkpt>
      <trkpt lat="39.1036360520447" lon="117.09821065214167">
        <ele>1.3</ele>
        <time>2023-10-07T12:22:03Z</time>
      </trkpt>
      <trkpt lat="39.10365682444219" lon="117.0982121761609">
        <ele>1.3</ele>
        <time>2023-10-07T12:22:04Z</time>
      </trkpt>
      <trkpt lat="39.10367578975975" lon="117.09821474673159">
        <ele>1.3</ele>
        <time>2023-10-07T12:22:05Z</time>
      </trkpt>
      <trkpt lat="39.10369388766409" lon="117.09821814579279">
        <ele>1.3</ele>
        <time>2023-10-07T12:22:06Z</time>
      </trkpt>
      <trkpt lat="39.10371622337035" lon="117.09822135579276">
        <ele>1.3</ele>
        <time>2023-10-07T12:22:07Z</time>
      </trkpt>
      <trkpt lat="39.10374475432739" lon="117.09822406344979">
        <ele>1.3</ele>
        <time>2023-10-07T12:22:08Z</time>
      </trkpt>
      <trkpt lat="39.10377572485153" lon="117.0982265937836">
        <ele>0.6</ele>
        <time>2023-10-07T12:22:10Z</time>
      </trkpt>
      <trkpt lat="39.10380405328788" lon="117.09822907742223">
        <ele>0.6</ele>
        <time>2023-10-07T12:22:11Z</time>
      </trkpt>
      <trkpt lat="39.103830958650065" lon="117.09823139024608">
        <ele>0.6</ele>
        <time>2023-10-07T12:22:12Z</time>
      </trkpt>
      <trkpt lat="39.10385697706651" lon="117.09823311084894">
        <ele>0.6</ele>
        <time>2023-10-07T12:22:13Z</time>
      </trkpt>
      <trkpt lat="39.10388259520974" lon="117.09823444405588">
        <ele>0.6</ele>
        <time>2023-10-07T12:22:14Z</time>
      </trkpt>
      <trkpt lat="39.10390781573244" lon="117.09823493877326">
        <ele>0.6</ele>
        <time>2023-10-07T12:22:15Z</time>
      </trkpt>
      <trkpt lat="39.10393249136277" lon="117.0982349082782">
        <ele>0.6</ele>
        <time>2023-10-07T12:22:16Z</time>
      </trkpt>
      <trkpt lat="39.10395977148407" lon="117.09823406686863">
        <ele>0.6</ele>
        <time>2023-10-07T12:22:17Z</time>
      </trkpt>
      <trkpt lat="39.10398514885725" lon="117.09823309636913">
        <ele>0.6</ele>
        <time>2023-10-07T12:22:18Z</time>
      </trkpt>
      <trkpt lat="39.104010736251176" lon="117.09823212790712">
        <ele>0.6</ele>
        <time>2023-10-07T12:22:19Z</time>
      </trkpt>
      <trkpt lat="39.10403549549825" lon="117.09823163504566">
        <ele>1.3</ele>
        <time>2023-10-07T12:22:20Z</time>
      </trkpt>
      <trkpt lat="39.10405961505818" lon="117.09823143421546">
        <ele>1.3</ele>
        <time>2023-10-07T12:22:21Z</time>
      </trkpt>
      <trkpt lat="39.104085778979986" lon="117.09823119117338">
        <ele>1.3</ele>
        <time>2023-10-07T12:22:22Z</time>
      </trkpt>
      <trkpt lat="39.10411498032896" lon="117.09823111036988">
        <ele>1.3</ele>
        <time>2023-10-07T12:22:23Z</time>
      </trkpt>
      <trkpt lat="39.10414626623557" lon="117.09823059546541">
        <ele>1.3</ele>
        <time>2023-10-07T12:22:24Z</time>
      </trkpt>
      <trkpt lat="39.10418115732799" lon="117.0982296957906">
        <ele>1.3</ele>
        <time>2023-10-07T12:22:26Z</time>
      </trkpt>
      <trkpt lat="39.10421551825343" lon="117.09822781378793">
        <ele>1.3</ele>
        <time>2023-10-07T12:22:28Z</time>
      </trkpt>
      <trkpt lat="39.104258280743174" lon="117.09822641615686">
        <ele>1.3</ele>
        <time>2023-10-07T12:22:29Z</time>
      </trkpt>
      <trkpt lat="39.10429886820218" lon="117.09822576315365">
        <ele>0.7</ele>
        <time>2023-10-07T12:22:30Z</time>
      </trkpt>
      <trkpt lat="39.10434099949498" lon="117.09822595926539">
        <ele>0.7</ele>
        <time>2023-10-07T12:22:32Z</time>
      </trkpt>
      <trkpt lat="39.1043755345186" lon="117.09822566110206">
        <ele>0.7</ele>
        <time>2023-10-07T12:22:33Z</time>
      </trkpt>
      <trkpt lat="39.10440856214268" lon="117.09822452783534">
        <ele>0.7</ele>
        <time>2023-10-07T12:22:34Z</time>
      </trkpt>
      <trkpt lat="39.10443831111646" lon="117.09822099832365">
        <ele>0.7</ele>
        <time>2023-10-07T12:22:35Z</time>
      </trkpt>
      <trkpt lat="39.10446573129857" lon="117.09821504075443">
        <ele>0.7</ele>
        <time>2023-10-07T12:22:36Z</time>
      </trkpt>
      <trkpt lat="39.104492284758386" lon="117.09820252909286">
        <ele>0.7</ele>
        <time>2023-10-07T12:22:37Z</time>
      </trkpt>
      <trkpt lat="39.104511154714416" lon="117.0981830557678">
        <ele>0.7</ele>
        <time>2023-10-07T12:22:38Z</time>
      </trkpt>
      <trkpt lat="39.10452409503408" lon="117.09815711277723">
        <ele>0.7</ele>
        <time>2023-10-07T12:22:39Z</time>
      </trkpt>
      <trkpt lat="39.10452858717438" lon="117.09812641450138">
        <ele>0.8</ele>
        <time>2023-10-07T12:22:40Z</time>
      </trkpt>
      <trkpt lat="39.104530626572554" lon="117.09809690058142">
        <ele>0.8</ele>
        <time>2023-10-07T12:22:41Z</time>
      </trkpt>
      <trkpt lat="39.10453008524821" lon="117.09806517124866">
        <ele>0.8</ele>
        <time>2023-10-07T12:22:42Z</time>
      </trkpt>
      <trkpt lat="39.104528826961435" lon="117.09803348956375">
        <ele>0.8</ele>
        <time>2023-10-07T12:22:43Z</time>
      </trkpt>
      <trkpt lat="39.10452706876045" lon="117.09799480490453">
        <ele>0.8</ele>
        <time>2023-10-07T12:22:44Z</time>
      </trkpt>
      <trkpt lat="39.10452592283901" lon="117.09795587913224">
        <ele>0.8</ele>
        <time>2023-10-07T12:22:46Z</time>
      </trkpt>
      <trkpt lat="39.10452565618662" lon="117.09791778148063">
        <ele>0.8</ele>
        <time>2023-10-07T12:22:47Z</time>
      </trkpt>
      <trkpt lat="39.10452584651198" lon="117.09788097556839">
        <ele>0.8</ele>
        <time>2023-10-07T12:22:48Z</time>
      </trkpt>
      <trkpt lat="39.104526087769294" lon="117.09784519925043">
        <ele>0.8</ele>
        <time>2023-10-07T12:22:49Z</time>
      </trkpt>
      <trkpt lat="39.10452481946903" lon="117.09780663241736">
        <ele>1.1</ele>
        <time>2023-10-07T12:22:50Z</time>
      </trkpt>
      <trkpt lat="39.10452256815875" lon="117.09777122913164">
        <ele>1.1</ele>
        <time>2023-10-07T12:22:51Z</time>
      </trkpt>
      <trkpt lat="39.10451887849151" lon="117.09773272054574">
        <ele>1.1</ele>
        <time>2023-10-07T12:22:52Z</time>
      </trkpt>
      <trkpt lat="39.10451553550565" lon="117.09769709441335">
        <ele>1.1</ele>
        <time>2023-10-07T12:22:53Z</time>
      </trkpt>
      <trkpt lat="39.10451241844613" lon="117.09766082507144">
        <ele>1.1</ele>
        <time>2023-10-07T12:22:54Z</time>
      </trkpt>
      <trkpt lat="39.104510866373055" lon="117.09762494216403">
        <ele>1.1</ele>
        <time>2023-10-07T12:22:55Z</time>
      </trkpt>
      <trkpt lat="39.10451029777751" lon="117.09758966461786">
        <ele>1.1</ele>
        <time>2023-10-07T12:22:56Z</time>
      </trkpt>
      <trkpt lat="39.10451031632138" lon="117.09755211698761">
        <ele>1.1</ele>
        <time>2023-10-07T12:22:57Z</time>
      </trkpt>
      <trkpt lat="39.10451038249352" lon="117.09751789646556">
        <ele>1.1</ele>
        <time>2023-10-07T12:22:58Z</time>
      </trkpt>
      <trkpt lat="39.10450995230803" lon="117.09747568340674">
        <ele>1.1</ele>
        <time>2023-10-07T12:22:59Z</time>
      </trkpt>
      <trkpt lat="39.10450787413768" lon="117.09743130101972">
        <ele>0.7</ele>
        <time>2023-10-07T12:23:00Z</time>
      </trkpt>
      <trkpt lat="39.10450449099861" lon="117.09738071824586">
        <ele>0.7</ele>
        <time>2023-10-07T12:23:02Z</time>
      </trkpt>
      <trkpt lat="39.10450020574992" lon="117.09733124116057">
        <ele>0.7</ele>
        <time>2023-10-07T12:23:04Z</time>
      </trkpt>
      <trkpt lat="39.10449690712814" lon="117.09727890719186">
        <ele>0.7</ele>
        <time>2023-10-07T12:23:05Z</time>
      </trkpt>
      <trkpt lat="39.104494366192796" lon="117.09722812759281">
        <ele>0.7</ele>
        <time>2023-10-07T12:23:06Z</time>
      </trkpt>
      <trkpt lat="39.10449201009565" lon="117.09717787368105">
        <ele>0.7</ele>
        <time>2023-10-07T12:23:07Z</time>
      </trkpt>
      <trkpt lat="39.104489401818874" lon="117.09713320669893">
        <ele>0.7</ele>
        <time>2023-10-07T12:23:08Z</time>
      </trkpt>
      <trkpt lat="39.10448637477304" lon="117.0970874567645">
        <ele>0.7</ele>
        <time>2023-10-07T12:23:09Z</time>
      </trkpt>
      <trkpt lat="39.10448420818266" lon="117.09704608060962">
        <ele>1.1</ele>
        <time>2023-10-07T12:23:10Z</time>
      </trkpt>
      <trkpt lat="39.10448269343274" lon="117.09700596708181">
        <ele>1.1</ele>
        <time>2023-10-07T12:23:11Z</time>
      </trkpt>
      <trkpt lat="39.10448191310677" lon="117.09696747501344">
        <ele>1.1</ele>
        <time>2023-10-07T12:23:12Z</time>
      </trkpt>
      <trkpt lat="39.10448161715208" lon="117.09693056897096">
        <ele>1.1</ele>
        <time>2023-10-07T12:23:13Z</time>
      </trkpt>
      <trkpt lat="39.104483193697625" lon="117.09689216139591">
        <ele>1.1</ele>
        <time>2023-10-07T12:23:14Z</time>
      </trkpt>
      <trkpt lat="39.104486044444464" lon="117.09685779451327">
        <ele>1.1</ele>
        <time>2023-10-07T12:23:15Z</time>
      </trkpt>
      <trkpt lat="39.104489631955815" lon="117.09682419072807">
        <ele>1.1</ele>
        <time>2023-10-07T12:23:16Z</time>
      </trkpt>
      <trkpt lat="39.10449184781859" lon="117.09679156735781">
        <ele>1.1</ele>
        <time>2023-10-07T12:23:17Z</time>
      </trkpt>
      <trkpt lat="39.104492787081014" lon="117.09676038469367">
        <ele>1.1</ele>
        <time>2023-10-07T12:23:18Z</time>
      </trkpt>
      <trkpt lat="39.10449421804294" lon="117.0967279287991">
        <ele>1.1</ele>
        <time>2023-10-07T12:23:19Z</time>
      </trkpt>
      <trkpt lat="39.10449719626743" lon="117.09669445068054">
        <ele>1.2</ele>
        <time>2023-10-07T12:23:20Z</time>
      </trkpt>
      <trkpt lat="39.10450254480673" lon="117.09665405138051">
        <ele>1.2</ele>
        <time>2023-10-07T12:23:22Z</time>
      </trkpt>
      <trkpt lat="39.10450670986976" lon="117.09660887685375">
        <ele>1.2</ele>
        <time>2023-10-07T12:23:23Z</time>
      </trkpt>
      <trkpt lat="39.10450948369209" lon="117.09656338080931">
        <ele>1.2</ele>
        <time>2023-10-07T12:23:25Z</time>
      </trkpt>
      <trkpt lat="39.10451004918624" lon="117.09652040736617">
        <ele>1.2</ele>
        <time>2023-10-07T12:23:26Z</time>
      </trkpt>
      <trkpt lat="39.10450942252731" lon="117.09647942379765">
        <ele>1.2</ele>
        <time>2023-10-07T12:23:27Z</time>
      </trkpt>
      <trkpt lat="39.104507074355226" lon="117.09643987503026">
        <ele>1.2</ele>
        <time>2023-10-07T12:23:28Z</time>
      </trkpt>
      <trkpt lat="39.10450132435189" lon="117.0964018311205">
        <ele>1.2</ele>
        <time>2023-10-07T12:23:29Z</time>
      </trkpt>
      <trkpt lat="39.10449161123137" lon="117.09636410650992">
        <ele>1.5</ele>
        <time>2023-10-07T12:23:30Z</time>
      </trkpt>
      <trkpt lat="39.10448009243433" lon="117.09633112262888">
        <ele>1.5</ele>
        <time>2023-10-07T12:23:31Z</time>
      </trkpt>
      <trkpt lat="39.10446639974442" lon="117.0963062885451">
        <ele>1.5</ele>
        <time>2023-10-07T12:23:32Z</time>
      </trkpt>
      <trkpt lat="39.10444838026158" lon="117.09629480083562">
        <ele>1.5</ele>
        <time>2023-10-07T12:23:33Z</time>
      </trkpt>
      <trkpt lat="39.10442548512937" lon="117.09628954603555">
        <ele>1.5</ele>
        <time>2023-10-07T12:23:34Z</time>
      </trkpt>
      <trkpt lat="39.104396995618984" lon="117.09628651330554">
        <ele>1.5</ele>
        <time>2023-10-07T12:23:35Z</time>
      </trkpt>
      <trkpt lat="39.10436944797656" lon="117.0962833291959">
        <ele>1.5</ele>
        <time>2023-10-07T12:23:36Z</time>
      </trkpt>
      <trkpt lat="39.104336668403185" lon="117.09628225242376">
        <ele>1.5</ele>
        <time>2023-10-07T12:23:37Z</time>
      </trkpt>
      <trkpt lat="39.10430531785069" lon="117.09628438453247">
        <ele>1.5</ele>
        <time>2023-10-07T12:23:38Z</time>
      </trkpt>
      <trkpt lat="39.1042703270515" lon="117.09628931052907">
        <ele>1.3</ele>
        <time>2023-10-07T12:23:40Z</time>
      </trkpt>
      <trkpt lat="39.104239690971305" lon="117.09629438446778">
        <ele>1.3</ele>
        <time>2023-10-07T12:23:41Z</time>
      </trkpt>
      <trkpt lat="39.10421035134436" lon="117.09629784086562">
        <ele>1.3</ele>
        <time>2023-10-07T12:23:42Z</time>
      </trkpt>
      <trkpt lat="39.10418278881049" lon="117.09629931375781">
        <ele>1.3</ele>
        <time>2023-10-07T12:23:43Z</time>
      </trkpt>
      <trkpt lat="39.104156432942474" lon="117.09630004730867">
        <ele>1.3</ele>
        <time>2023-10-07T12:23:44Z</time>
      </trkpt>
      <trkpt lat="39.10412824255547" lon="117.09630068790496">
        <ele>1.3</ele>
        <time>2023-10-07T12:23:45Z</time>
      </trkpt>
      <trkpt lat="39.104102265407754" lon="117.09630120251373">
        <ele>1.3</ele>
        <time>2023-10-07T12:23:46Z</time>
      </trkpt>
      <trkpt lat="39.10407581587589" lon="117.09630149830812">
        <ele>1.3</ele>
        <time>2023-10-07T12:23:47Z</time>
      </trkpt>
      <trkpt lat="39.10404931205988" lon="117.09630190605763">
        <ele>1.3</ele>
        <time>2023-10-07T12:23:48Z</time>
      </trkpt>
      <trkpt lat="39.10402244983085" lon="117.09630262453831">
        <ele>1.3</ele>
        <time>2023-10-07T12:23:49Z</time>
      </trkpt>
      <trkpt lat="39.10399577891531" lon="117.09630384095621">
        <ele>1.9</ele>
        <time>2023-10-07T12:23:50Z</time>
      </trkpt>
      <trkpt lat="39.10396958774487" lon="117.096305288029">
        <ele>1.9</ele>
        <time>2023-10-07T12:23:51Z</time>
      </trkpt>
      <trkpt lat="39.10394137026135" lon="117.0963069592959">
        <ele>1.9</ele>
        <time>2023-10-07T12:23:52Z</time>
      </trkpt>
      <trkpt lat="39.103912902856365" lon="117.09630831360609">
        <ele>1.9</ele>
        <time>2023-10-07T12:23:53Z</time>
      </trkpt>
      <trkpt lat="39.103886718339666" lon="117.09630917425388">
        <ele>1.9</ele>
        <time>2023-10-07T12:23:54Z</time>
      </trkpt>
      <trkpt lat="39.10386045997055" lon="117.09630884733674">
        <ele>1.9</ele>
        <time>2023-10-07T12:23:55Z</time>
      </trkpt>
      <trkpt lat="39.10383012916842" lon="117.09630759710194">
        <ele>1.9</ele>
        <time>2023-10-07T12:23:56Z</time>
      </trkpt>
      <trkpt lat="39.103796243137886" lon="117.09630592989559">
        <ele>1.9</ele>
        <time>2023-10-07T12:23:58Z</time>
      </trkpt>
      <trkpt lat="39.10376262793568" lon="117.09630393112604">
        <ele>1.9</ele>
        <time>2023-10-07T12:23:59Z</time>
      </trkpt>
      <trkpt lat="39.10372914342684" lon="117.0963014930197">
        <ele>1</ele>
        <time>2023-10-07T12:24:00Z</time>
      </trkpt>
      <trkpt lat="39.10369634631334" lon="117.09629907199502">
        <ele>1</ele>
        <time>2023-10-07T12:24:01Z</time>
      </trkpt>
      <trkpt lat="39.10366354432732" lon="117.0962976269636">
        <ele>1</ele>
        <time>2023-10-07T12:24:02Z</time>
      </trkpt>
      <trkpt lat="39.10363080691433" lon="117.0962980466868">
        <ele>1</ele>
        <time>2023-10-07T12:24:03Z</time>
      </trkpt>
      <trkpt lat="39.103598949552186" lon="117.0962993969241">
        <ele>1</ele>
        <time>2023-10-07T12:24:04Z</time>
      </trkpt>
      <trkpt lat="39.103565111204524" lon="117.09630123147602">
        <ele>1</ele>
        <time>2023-10-07T12:24:05Z</time>
      </trkpt>
      <trkpt lat="39.10353395008247" lon="117.09630262911261">
        <ele>1</ele>
        <time>2023-10-07T12:24:06Z</time>
      </trkpt>
      <trkpt lat="39.103500501988336" lon="117.09630349137704">
        <ele>1</ele>
        <time>2023-10-07T12:24:07Z</time>
      </trkpt>
      <trkpt lat="39.103467050964596" lon="117.09630319488019">
        <ele>1</ele>
        <time>2023-10-07T12:24:08Z</time>
      </trkpt>
      <trkpt lat="39.1034342898714" lon="117.09630687693227">
        <ele>1</ele>
        <time>2023-10-07T12:24:09Z</time>
      </trkpt>
      <trkpt lat="39.10340889566166" lon="117.09631202607108">
        <ele>1.4</ele>
        <time>2023-10-07T12:24:11Z</time>
      </trkpt>
      <trkpt lat="39.10339321085153" lon="117.096314668492">
        <ele>1.4</ele>
        <time>2023-10-07T12:24:12Z</time>
      </trkpt>
      <trkpt lat="39.103375931207665" lon="117.09631152197538">
        <ele>1.4</ele>
        <time>2023-10-07T12:24:13Z</time>
      </trkpt>
      <trkpt lat="39.10334957015994" lon="117.0963057457034">
        <ele>1.4</ele>
        <time>2023-10-07T12:24:14Z</time>
      </trkpt>
      <trkpt lat="39.10331162690696" lon="117.09630301715394">
        <ele>1.4</ele>
        <time>2023-10-07T12:24:16Z</time>
      </trkpt>
      <trkpt lat="39.103272150347195" lon="117.09630119721183">
        <ele>1.4</ele>
        <time>2023-10-07T12:24:17Z</time>
      </trkpt>
      <trkpt lat="39.10323365101719" lon="117.0962985349168">
        <ele>1.4</ele>
        <time>2023-10-07T12:24:18Z</time>
      </trkpt>
      <trkpt lat="39.103199461318106" lon="117.09629429484403">
        <ele>1.4</ele>
        <time>2023-10-07T12:24:19Z</time>
      </trkpt>
      <trkpt lat="39.10316865026242" lon="117.09629045965826">
        <ele>1.4</ele>
        <time>2023-10-07T12:24:20Z</time>
      </trkpt>
      <trkpt lat="39.10314103376542" lon="117.09629026585249">
        <ele>1.4</ele>
        <time>2023-10-07T12:24:21Z</time>
      </trkpt>
      <trkpt lat="39.10311494003051" lon="117.09629350876436">
        <ele>1.4</ele>
        <time>2023-10-07T12:24:22Z</time>
      </trkpt>
      <trkpt lat="39.10308175422069" lon="117.09630040986433">
        <ele>1.4</ele>
        <time>2023-10-07T12:24:23Z</time>
      </trkpt>
      <trkpt lat="39.10304837261904" lon="117.09630672448759">
        <ele>1.4</ele>
        <time>2023-10-07T12:24:24Z</time>
      </trkpt>
      <trkpt lat="39.10301162264544" lon="117.09631026605022">
        <ele>1.4</ele>
        <time>2023-10-07T12:24:26Z</time>
      </trkpt>
      <trkpt lat="39.102982431149414" lon="117.09630962734123">
        <ele>1.4</ele>
        <time>2023-10-07T12:24:27Z</time>
      </trkpt>
      <trkpt lat="39.10295276740648" lon="117.09630694510086">
        <ele>1.4</ele>
        <time>2023-10-07T12:24:28Z</time>
      </trkpt>
      <trkpt lat="39.102927188038535" lon="117.09630478663159">
        <ele>1.4</ele>
        <time>2023-10-07T12:24:29Z</time>
      </trkpt>
      <trkpt lat="39.10290222843207" lon="117.09630300025222">
        <ele>1.3</ele>
        <time>2023-10-07T12:24:30Z</time>
      </trkpt>
      <trkpt lat="39.10287579600202" lon="117.09630151511018">
        <ele>1.3</ele>
        <time>2023-10-07T12:24:31Z</time>
      </trkpt>
      <trkpt lat="39.10284768020112" lon="117.09630021677964">
        <ele>1.3</ele>
        <time>2023-10-07T12:24:32Z</time>
      </trkpt>
      <trkpt lat="39.102812111345294" lon="117.09629894109193">
        <ele>1.3</ele>
        <time>2023-10-07T12:24:34Z</time>
      </trkpt>
      <trkpt lat="39.10277495068625" lon="117.09629831042473">
        <ele>1.3</ele>
        <time>2023-10-07T12:24:35Z</time>
      </trkpt>
      <trkpt lat="39.102734973133025" lon="117.09629835741094">
        <ele>1.3</ele>
        <time>2023-10-07T12:24:37Z</time>
      </trkpt>
      <trkpt lat="39.10269639088437" lon="117.0963003422813">
        <ele>1.3</ele>
        <time>2023-10-07T12:24:38Z</time>
      </trkpt>
      <trkpt lat="39.102659651982485" lon="117.09630355200404">
        <ele>1.3</ele>
        <time>2023-10-07T12:24:39Z</time>
      </trkpt>
      <trkpt lat="39.10262422992964" lon="117.09630697683087">
        <ele>1.1</ele>
        <time>2023-10-07T12:24:40Z</time>
      </trkpt>
      <trkpt lat="39.102585864673074" lon="117.0963080297237">
        <ele>1.1</ele>
        <time>2023-10-07T12:24:41Z</time>
      </trkpt>
      <trkpt lat="39.102548922252474" lon="117.0963084656372">
        <ele>1.1</ele>
        <time>2023-10-07T12:24:42Z</time>
      </trkpt>
      <trkpt lat="39.10251005710557" lon="117.09631105204286">
        <ele>1.1</ele>
        <time>2023-10-07T12:24:44Z</time>
      </trkpt>
      <trkpt lat="39.102477433238946" lon="117.0963159135061">
        <ele>1.1</ele>
        <time>2023-10-07T12:24:45Z</time>
      </trkpt>
      <trkpt lat="39.10244648205805" lon="117.09632178987164">
        <ele>1.1</ele>
        <time>2023-10-07T12:24:47Z</time>
      </trkpt>
      <trkpt lat="39.102420597629596" lon="117.09632624245243">
        <ele>1.1</ele>
        <time>2023-10-07T12:24:48Z</time>
      </trkpt>
      <trkpt lat="39.10239466560581" lon="117.09633023646003">
        <ele>1.1</ele>
        <time>2023-10-07T12:24:49Z</time>
      </trkpt>
      <trkpt lat="39.10236694084696" lon="117.09633296313733">
        <ele>1.3</ele>
        <time>2023-10-07T12:24:50Z</time>
      </trkpt>
      <trkpt lat="39.10233581493006" lon="117.09633441113138">
        <ele>1.3</ele>
        <time>2023-10-07T12:24:52Z</time>
      </trkpt>
      <trkpt lat="39.10230268615423" lon="117.09633528357978">
        <ele>1.3</ele>
        <time>2023-10-07T12:24:53Z</time>
      </trkpt>
      <trkpt lat="39.10226993067682" lon="117.09633669246824">
        <ele>1.3</ele>
        <time>2023-10-07T12:24:54Z</time>
      </trkpt>
      <trkpt lat="39.10223409518527" lon="117.0963454145415">
        <ele>1.3</ele>
        <time>2023-10-07T12:24:55Z</time>
      </trkpt>
      <trkpt lat="39.10220103115892" lon="117.0963632395167">
        <ele>1.3</ele>
        <time>2023-10-07T12:24:56Z</time>
      </trkpt>
      <trkpt lat="39.102171393275995" lon="117.09639206204426">
        <ele>1.3</ele>
        <time>2023-10-07T12:24:58Z</time>
      </trkpt>
      <trkpt lat="39.10215273256993" lon="117.09642946295006">
        <ele>1.3</ele>
        <time>2023-10-07T12:24:59Z</time>
      </trkpt>
      <trkpt lat="39.1021427697245" lon="117.09647032015536">
        <ele>1.1</ele>
        <time>2023-10-07T12:25:00Z</time>
      </trkpt>
      <trkpt lat="39.102139176530336" lon="117.0965116131693">
        <ele>1.1</ele>
        <time>2023-10-07T12:25:01Z</time>
      </trkpt>
      <trkpt lat="39.10213913381785" lon="117.09655017998952">
        <ele>1.1</ele>
        <time>2023-10-07T12:25:02Z</time>
      </trkpt>
      <trkpt lat="39.10214067419258" lon="117.09658635249153">
        <ele>1.1</ele>
        <time>2023-10-07T12:25:03Z</time>
      </trkpt>
      <trkpt lat="39.10214328622898" lon="117.09662352553406">
        <ele>1.1</ele>
        <time>2023-10-07T12:25:04Z</time>
      </trkpt>
      <trkpt lat="39.10214687430801" lon="117.09666199920632">
        <ele>1.1</ele>
        <time>2023-10-07T12:25:05Z</time>
      </trkpt>
      <trkpt lat="39.10215042030278" lon="117.09670377694287">
        <ele>1.1</ele>
        <time>2023-10-07T12:25:06Z</time>
      </trkpt>
      <trkpt lat="39.10215275559009" lon="117.09674737828477">
        <ele>1.1</ele>
        <time>2023-10-07T12:25:08Z</time>
      </trkpt>
      <trkpt lat="39.10215207845779" lon="117.09679292389617">
        <ele>1.5</ele>
        <time>2023-10-07T12:25:10Z</time>
      </trkpt>
      <trkpt lat="39.10214958282652" lon="117.09684914691054">
        <ele>1.5</ele>
        <time>2023-10-07T12:25:11Z</time>
      </trkpt>
      <trkpt lat="39.10214607154462" lon="117.09690576511836">
        <ele>1.5</ele>
        <time>2023-10-07T12:25:12Z</time>
      </trkpt>
      <trkpt lat="39.102143743179404" lon="117.09696433968402">
        <ele>1.5</ele>
        <time>2023-10-07T12:25:14Z</time>
      </trkpt>
      <trkpt lat="39.10214270159551" lon="117.09701202616249">
        <ele>1.5</ele>
        <time>2023-10-07T12:25:15Z</time>
      </trkpt>
      <trkpt lat="39.102143381421286" lon="117.09706126545103">
        <ele>1.5</ele>
        <time>2023-10-07T12:25:16Z</time>
      </trkpt>
      <trkpt lat="39.10214458644816" lon="117.0971054506535">
        <ele>1.5</ele>
        <time>2023-10-07T12:25:17Z</time>
      </trkpt>
      <trkpt lat="39.10214558422515" lon="117.09714848538344">
        <ele>1.5</ele>
        <time>2023-10-07T12:25:18Z</time>
      </trkpt>
      <trkpt lat="39.10214658769487" lon="117.09718863234407">
        <ele>1.5</ele>
        <time>2023-10-07T12:25:19Z</time>
      </trkpt>
      <trkpt lat="39.10214794556669" lon="117.09722500523127">
        <ele>0.9</ele>
        <time>2023-10-07T12:25:20Z</time>
      </trkpt>
      <trkpt lat="39.10215033182192" lon="117.09726183643491">
        <ele>0.9</ele>
        <time>2023-10-07T12:25:21Z</time>
      </trkpt>
      <trkpt lat="39.10215254611862" lon="117.09729413659471">
        <ele>0.9</ele>
        <time>2023-10-07T12:25:22Z</time>
      </trkpt>
      <trkpt lat="39.102154666891245" lon="117.09732937561138">
        <ele>0.9</ele>
        <time>2023-10-07T12:25:23Z</time>
      </trkpt>
      <trkpt lat="39.10215654992854" lon="117.09735990777494">
        <ele>0.9</ele>
        <time>2023-10-07T12:25:24Z</time>
      </trkpt>
      <trkpt lat="39.102159710335826" lon="117.09739294393161">
        <ele>0.9</ele>
        <time>2023-10-07T12:25:25Z</time>
      </trkpt>
      <trkpt lat="39.10216406559241" lon="117.09742553030792">
        <ele>0.9</ele>
        <time>2023-10-07T12:25:26Z</time>
      </trkpt>
      <trkpt lat="39.10217038146182" lon="117.09745884576355">
        <ele>0.9</ele>
        <time>2023-10-07T12:25:28Z</time>
      </trkpt>
      <trkpt lat="39.10218176495302" lon="117.09748178007172">
        <ele>0.9</ele>
        <time>2023-10-07T12:25:29Z</time>
      </trkpt>
      <trkpt lat="39.10219857598213" lon="117.09749421696766">
        <ele>1.8</ele>
        <time>2023-10-07T12:25:30Z</time>
      </trkpt>
      <trkpt lat="39.10222282888927" lon="117.09749638126306">
        <ele>1.8</ele>
        <time>2023-10-07T12:25:31Z</time>
      </trkpt>
      <trkpt lat="39.10224867998986" lon="117.09749502481817">
        <ele>1.8</ele>
        <time>2023-10-07T12:25:32Z</time>
      </trkpt>
      <trkpt lat="39.1022768347784" lon="117.0974899941672">
        <ele>1.8</ele>
        <time>2023-10-07T12:25:33Z</time>
      </trkpt>
      <trkpt lat="39.102307065571544" lon="117.09748451971441">
        <ele>1.8</ele>
        <time>2023-10-07T12:25:34Z</time>
      </trkpt>
      <trkpt lat="39.102345206644166" lon="117.0974805634913">
        <ele>1.8</ele>
        <time>2023-10-07T12:25:35Z</time>
      </trkpt>
      <trkpt lat="39.10239126860721" lon="117.09748291643274">
        <ele>1.8</ele>
        <time>2023-10-07T12:25:36Z</time>
      </trkpt>
      <trkpt lat="39.10243820046619" lon="117.09749115598925">
        <ele>1.8</ele>
        <time>2023-10-07T12:25:38Z</time>
      </trkpt>
      <trkpt lat="39.10247943533737" lon="117.09750242431765">
        <ele>0.7</ele>
        <time>2023-10-07T12:25:40Z</time>
      </trkpt>
      <trkpt lat="39.102514378953344" lon="117.09751139263966">
        <ele>0.7</ele>
        <time>2023-10-07T12:25:41Z</time>
      </trkpt>
      <trkpt lat="39.10254375342147" lon="117.0975167877814">
        <ele>0.7</ele>
        <time>2023-10-07T12:25:42Z</time>
      </trkpt>
      <trkpt lat="39.10257197814679" lon="117.09751911515383">
        <ele>0.7</ele>
        <time>2023-10-07T12:25:43Z</time>
      </trkpt>
      <trkpt lat="39.10260044284571" lon="117.09751974711321">
        <ele>0.7</ele>
        <time>2023-10-07T12:25:44Z</time>
      </trkpt>
      <trkpt lat="39.10263691486644" lon="117.09752002204166">
        <ele>0.7</ele>
        <time>2023-10-07T12:25:46Z</time>
      </trkpt>
      <trkpt lat="39.10267559547681" lon="117.09752056377482">
        <ele>0.7</ele>
        <time>2023-10-07T12:25:47Z</time>
      </trkpt>
      <trkpt lat="39.10271400372898" lon="117.0975206760322">
        <ele>0.7</ele>
        <time>2023-10-07T12:25:48Z</time>
      </trkpt>
      <trkpt lat="39.10274964318957" lon="117.09751981422835">
        <ele>0.7</ele>
        <time>2023-10-07T12:25:49Z</time>
      </trkpt>
      <trkpt lat="39.10278435831785" lon="117.09751853713965">
        <ele>1.2</ele>
        <time>2023-10-07T12:25:50Z</time>
      </trkpt>
      <trkpt lat="39.102819485999035" lon="117.09751682382462">
        <ele>1.2</ele>
        <time>2023-10-07T12:25:51Z</time>
      </trkpt>
      <trkpt lat="39.10285263259873" lon="117.09751518614726">
        <ele>1.2</ele>
        <time>2023-10-07T12:25:52Z</time>
      </trkpt>
      <trkpt lat="39.10288448456763" lon="117.09751312907818">
        <ele>1.2</ele>
        <time>2023-10-07T12:25:53Z</time>
      </trkpt>
      <trkpt lat="39.10291615237631" lon="117.09751014225385">
        <ele>1.2</ele>
        <time>2023-10-07T12:25:54Z</time>
      </trkpt>
      <trkpt lat="39.102945395247815" lon="117.09750701641306">
        <ele>1.2</ele>
        <time>2023-10-07T12:25:55Z</time>
      </trkpt>
      <trkpt lat="39.10297454115176" lon="117.09751244578153">
        <ele>1.2</ele>
        <time>2023-10-07T12:25:56Z</time>
      </trkpt>
      <trkpt lat="39.10299667522942" lon="117.09752545848727">
        <ele>1.2</ele>
        <time>2023-10-07T12:25:57Z</time>
      </trkpt>
      <trkpt lat="39.10301271636679" lon="117.09755043136974">
        <ele>1.2</ele>
        <time>2023-10-07T12:25:59Z</time>
      </trkpt>
      <trkpt lat="39.103019607350745" lon="117.09757659396817">
        <ele>1.1</ele>
        <time>2023-10-07T12:26:00Z</time>
      </trkpt>
      <trkpt lat="39.103018748278544" lon="117.09761241738849">
        <ele>1.1</ele>
        <time>2023-10-07T12:26:01Z</time>
      </trkpt>
      <trkpt lat="39.103015115984284" lon="117.09765186560799">
        <ele>1.1</ele>
        <time>2023-10-07T12:26:02Z</time>
      </trkpt>
      <trkpt lat="39.103011939517195" lon="117.09770059442828">
        <ele>1.1</ele>
        <time>2023-10-07T12:26:04Z</time>
      </trkpt>
      <trkpt lat="39.10301685860357" lon="117.09775660470656">
        <ele>1.1</ele>
        <time>2023-10-07T12:26:05Z</time>
      </trkpt>
      <trkpt lat="39.103025042300686" lon="117.09781999442343">
        <ele>1.1</ele>
        <time>2023-10-07T12:26:06Z</time>
      </trkpt>
      <trkpt lat="39.10303468089944" lon="117.09788387805794">
        <ele>1.1</ele>
        <time>2023-10-07T12:26:08Z</time>
      </trkpt>
      <trkpt lat="39.103041172829336" lon="117.09794427159905">
        <ele>1</ele>
        <time>2023-10-07T12:26:10Z</time>
      </trkpt>
      <trkpt lat="39.103045292601976" lon="117.09799691019087">
        <ele>1</ele>
        <time>2023-10-07T12:26:11Z</time>
      </trkpt>
      <trkpt lat="39.1030458241017" lon="117.0980478736001">
        <ele>1</ele>
        <time>2023-10-07T12:26:12Z</time>
      </trkpt>
      <trkpt lat="39.10304354828009" lon="117.09809210531638">
        <ele>1</ele>
        <time>2023-10-07T12:26:13Z</time>
      </trkpt>
      <trkpt lat="39.10303999780633" lon="117.09813178860873">
        <ele>1</ele>
        <time>2023-10-07T12:26:14Z</time>
      </trkpt>
      <trkpt lat="39.10303910950733" lon="117.09816568779344">
        <ele>1</ele>
        <time>2023-10-07T12:26:15Z</time>
      </trkpt>
      <trkpt lat="39.10304220519217" lon="117.09819382000096">
        <ele>1</ele>
        <time>2023-10-07T12:26:16Z</time>
      </trkpt>
      <trkpt lat="39.10305031124075" lon="117.098217249603">
        <ele>1</ele>
        <time>2023-10-07T12:26:17Z</time>
      </trkpt>
      <trkpt lat="39.10306457403125" lon="117.09823220832422">
        <ele>1</ele>
        <time>2023-10-07T12:26:18Z</time>
      </trkpt>
      <trkpt lat="39.10308496933416" lon="117.09824078704906">
        <ele>1</ele>
        <time>2023-10-07T12:26:19Z</time>
      </trkpt>
      <trkpt lat="39.103109337030716" lon="117.09824379241599">
        <ele>0.9</ele>
        <time>2023-10-07T12:26:20Z</time>
      </trkpt>
      <trkpt lat="39.103135300002506" lon="117.0982437815193">
        <ele>0.9</ele>
        <time>2023-10-07T12:26:22Z</time>
      </trkpt>
      <trkpt lat="39.10316310199097" lon="117.09824313898736">
        <ele>0.9</ele>
        <time>2023-10-07T12:26:23Z</time>
      </trkpt>
      <trkpt lat="39.10319446269495" lon="117.09824317111175">
        <ele>0.9</ele>
        <time>2023-10-07T12:26:24Z</time>
      </trkpt>
      <trkpt lat="39.10322587865312" lon="117.0982441314211">
        <ele>0.9</ele>
        <time>2023-10-07T12:26:25Z</time>
      </trkpt>
      <trkpt lat="39.10325549987794" lon="117.09824587073763">
        <ele>0.9</ele>
        <time>2023-10-07T12:26:26Z</time>
      </trkpt>
      <trkpt lat="39.10328472901163" lon="117.09824713087666">
        <ele>0.9</ele>
        <time>2023-10-07T12:26:27Z</time>
      </trkpt>
      <trkpt lat="39.103314205714085" lon="117.09824623438976">
        <ele>0.9</ele>
        <time>2023-10-07T12:26:28Z</time>
      </trkpt>
      <trkpt lat="39.10334713053746" lon="117.09824211552447">
        <ele>0.9</ele>
        <time>2023-10-07T12:26:29Z</time>
      </trkpt>
      <trkpt lat="39.10337887775265" lon="117.09823656280687">
        <ele>0.7</ele>
        <time>2023-10-07T12:26:30Z</time>
      </trkpt>
      <trkpt lat="39.10341133275744" lon="117.0982315244808">
        <ele>0.7</ele>
        <time>2023-10-07T12:26:31Z</time>
      </trkpt>
      <trkpt lat="39.103446712108735" lon="117.09822922179632">
        <ele>0.7</ele>
        <time>2023-10-07T12:26:32Z</time>
      </trkpt>
      <trkpt lat="39.10348128211653" lon="117.09822793341333">
        <ele>0.7</ele>
        <time>2023-10-07T12:26:33Z</time>
      </trkpt>
      <trkpt lat="39.10351737152035" lon="117.09822631811721">
        <ele>0.7</ele>
        <time>2023-10-07T12:26:35Z</time>
      </trkpt>
      <trkpt lat="39.10354646330657" lon="117.098223675858">
        <ele>0.7</ele>
        <time>2023-10-07T12:26:36Z</time>
      </trkpt>
      <trkpt lat="39.10357785877115" lon="117.09822071167244">
        <ele>0.7</ele>
        <time>2023-10-07T12:26:37Z</time>
      </trkpt>
      <trkpt lat="39.10361069226253" lon="117.09821848415073">
        <ele>0.7</ele>
        <time>2023-10-07T12:26:38Z</time>
      </trkpt>
      <trkpt lat="39.103645676889556" lon="117.09821706642659">
        <ele>0.7</ele>
        <time>2023-10-07T12:26:40Z</time>
      </trkpt>
      <trkpt lat="39.10368142218764" lon="117.09821690745524">
        <ele>0.7</ele>
        <time>2023-10-07T12:26:41Z</time>
      </trkpt>
      <trkpt lat="39.103714621666185" lon="117.09821741494832">
        <ele>0.7</ele>
        <time>2023-10-07T12:26:42Z</time>
      </trkpt>
      <trkpt lat="39.10374789851456" lon="117.09821779334176">
        <ele>0.7</ele>
        <time>2023-10-07T12:26:43Z</time>
      </trkpt>
      <trkpt lat="39.10378091174952" lon="117.0982171403354">
        <ele>0.7</ele>
        <time>2023-10-07T12:26:44Z</time>
      </trkpt>
      <trkpt lat="39.10381332546742" lon="117.09821589920804">
        <ele>0.7</ele>
        <time>2023-10-07T12:26:45Z</time>
      </trkpt>
      <trkpt lat="39.10384501749089" lon="117.09821421105256">
        <ele>0.7</ele>
        <time>2023-10-07T12:26:46Z</time>
      </trkpt>
      <trkpt lat="39.103876361941644" lon="117.09821285688393">
        <ele>0.7</ele>
        <time>2023-10-07T12:26:47Z</time>
      </trkpt>
      <trkpt lat="39.10390718666641" lon="117.09821201158047">
        <ele>0.7</ele>
        <time>2023-10-07T12:26:48Z</time>
      </trkpt>
      <trkpt lat="39.1039405792988" lon="117.09821212743125">
        <ele>0.7</ele>
        <time>2023-10-07T12:26:49Z</time>
      </trkpt>
      <trkpt lat="39.10397716929319" lon="117.09821312970372">
        <ele>1</ele>
        <time>2023-10-07T12:26:50Z</time>
      </trkpt>
      <trkpt lat="39.104017099321915" lon="117.09821409204929">
        <ele>1</ele>
        <time>2023-10-07T12:26:51Z</time>
      </trkpt>
      <trkpt lat="39.104060881218054" lon="117.09821547870872">
        <ele>1</ele>
        <time>2023-10-07T12:26:53Z</time>
      </trkpt>
      <trkpt lat="39.104104913540105" lon="117.09821853941592">
        <ele>1</ele>
        <time>2023-10-07T12:26:54Z</time>
      </trkpt>
      <trkpt lat="39.10415055557418" lon="117.09822086655956">
        <ele>1</ele>
        <time>2023-10-07T12:26:56Z</time>
      </trkpt>
      <trkpt lat="39.10419415542101" lon="117.0982206512695">
        <ele>1</ele>
        <time>2023-10-07T12:26:58Z</time>
      </trkpt>
      <trkpt lat="39.10423724428914" lon="117.09821639891963">
        <ele>1</ele>
        <time>2023-10-07T12:26:59Z</time>
      </trkpt>
      <trkpt lat="39.10427821911055" lon="117.0982126437324">
        <ele>0.4</ele>
        <time>2023-10-07T12:27:00Z</time>
      </trkpt>
      <trkpt lat="39.104316579852394" lon="117.09821105026482">
        <ele>0.4</ele>
        <time>2023-10-07T12:27:01Z</time>
      </trkpt>
      <trkpt lat="39.10435341157026" lon="117.09821125964632">
        <ele>0.4</ele>
        <time>2023-10-07T12:27:02Z</time>
      </trkpt>
      <trkpt lat="39.10438861831213" lon="117.09821079905544">
        <ele>0.4</ele>
        <time>2023-10-07T12:27:03Z</time>
      </trkpt>
      <trkpt lat="39.104422598509046" lon="117.09820849501405">
        <ele>0.4</ele>
        <time>2023-10-07T12:27:04Z</time>
      </trkpt>
      <trkpt lat="39.104454449170724" lon="117.09820230232214">
        <ele>0.4</ele>
        <time>2023-10-07T12:27:05Z</time>
      </trkpt>
      <trkpt lat="39.10448357354975" lon="117.09819194954187">
        <ele>0.4</ele>
        <time>2023-10-07T12:27:06Z</time>
      </trkpt>
      <trkpt lat="39.10450866243983" lon="117.09817214685722">
        <ele>0.4</ele>
        <time>2023-10-07T12:27:07Z</time>
      </trkpt>
      <trkpt lat="39.10452325541216" lon="117.0981360487491">
        <ele>0.4</ele>
        <time>2023-10-07T12:27:08Z</time>
      </trkpt>
      <trkpt lat="39.104530214293455" lon="117.0980909917365">
        <ele>0.4</ele>
        <time>2023-10-07T12:27:09Z</time>
      </trkpt>
      <trkpt lat="39.10453024649548" lon="117.09804235746967">
        <ele>0.5</ele>
        <time>2023-10-07T12:27:11Z</time>
      </trkpt>
      <trkpt lat="39.10452830883828" lon="117.09799839420825">
        <ele>0.5</ele>
        <time>2023-10-07T12:27:12Z</time>
      </trkpt>
      <trkpt lat="39.10452257470487" lon="117.09795380686339">
        <ele>0.5</ele>
        <time>2023-10-07T12:27:13Z</time>
      </trkpt>
      <trkpt lat="39.104516158543554" lon="117.09790466538907">
        <ele>0.5</ele>
        <time>2023-10-07T12:27:14Z</time>
      </trkpt>
      <trkpt lat="39.10451039665468" lon="117.09785380764163">
        <ele>0.5</ele>
        <time>2023-10-07T12:27:16Z</time>
      </trkpt>
      <trkpt lat="39.10450653024672" lon="117.09780001832398">
        <ele>0.5</ele>
        <time>2023-10-07T12:27:17Z</time>
      </trkpt>
      <trkpt lat="39.10450333254386" lon="117.09775381579591">
        <ele>0.5</ele>
        <time>2023-10-07T12:27:18Z</time>
      </trkpt>
      <trkpt lat="39.10449983929337" lon="117.09771210768065">
        <ele>0.5</ele>
        <time>2023-10-07T12:27:19Z</time>
      </trkpt>
      <trkpt lat="39.10449760761755" lon="117.0976720060976">
        <ele>0.7</ele>
        <time>2023-10-07T12:27:20Z</time>
      </trkpt>
      <trkpt lat="39.10449513390705" lon="117.09762941754097">
        <ele>0.7</ele>
        <time>2023-10-07T12:27:21Z</time>
      </trkpt>
      <trkpt lat="39.104492706301585" lon="117.09758179013326">
        <ele>0.7</ele>
        <time>2023-10-07T12:27:22Z</time>
      </trkpt>
      <trkpt lat="39.10449060595559" lon="117.0975343847844">
        <ele>0.7</ele>
        <time>2023-10-07T12:27:23Z</time>
      </trkpt>
      <trkpt lat="39.104489447498054" lon="117.09748370536842">
        <ele>0.7</ele>
        <time>2023-10-07T12:27:24Z</time>
      </trkpt>
      <trkpt lat="39.10449319833971" lon="117.09743528502901">
        <ele>0.7</ele>
        <time>2023-10-07T12:27:25Z</time>
      </trkpt>
      <trkpt lat="39.10449540976737" lon="117.09739056165697">
        <ele>0.7</ele>
        <time>2023-10-07T12:27:26Z</time>
      </trkpt>
      <trkpt lat="39.10449474099696" lon="117.09734693073537">
        <ele>0.7</ele>
        <time>2023-10-07T12:27:27Z</time>
      </trkpt>
      <trkpt lat="39.10448929290345" lon="117.09730517623369">
        <ele>0.7</ele>
        <time>2023-10-07T12:27:28Z</time>
      </trkpt>
      <trkpt lat="39.10448494900664" lon="117.09725345746867">
        <ele>0.7</ele>
        <time>2023-10-07T12:27:29Z</time>
      </trkpt>
      <trkpt lat="39.10448245478549" lon="117.09720426472624">
        <ele>0.5</ele>
        <time>2023-10-07T12:27:30Z</time>
      </trkpt>
      <trkpt lat="39.10447985506693" lon="117.09714975472995">
        <ele>0.5</ele>
        <time>2023-10-07T12:27:32Z</time>
      </trkpt>
      <trkpt lat="39.104476887372726" lon="117.09710087875779">
        <ele>0.5</ele>
        <time>2023-10-07T12:27:34Z</time>
      </trkpt>
      <trkpt lat="39.104473694635" lon="117.09705128381808">
        <ele>0.5</ele>
        <time>2023-10-07T12:27:35Z</time>
      </trkpt>
      <trkpt lat="39.10446965856716" lon="117.09700548413775">
        <ele>0.5</ele>
        <time>2023-10-07T12:27:36Z</time>
      </trkpt>
      <trkpt lat="39.10446561073287" lon="117.096963279666">
        <ele>0.5</ele>
        <time>2023-10-07T12:27:37Z</time>
      </trkpt>
      <trkpt lat="39.10446325980624" lon="117.09691292768947">
        <ele>0.5</ele>
        <time>2023-10-07T12:27:38Z</time>
      </trkpt>
      <trkpt lat="39.104463574443486" lon="117.09686144014542">
        <ele>0.5</ele>
        <time>2023-10-07T12:27:39Z</time>
      </trkpt>
      <trkpt lat="39.10446619536789" lon="117.09680861214325">
        <ele>1.1</ele>
        <time>2023-10-07T12:27:41Z</time>
      </trkpt>
      <trkpt lat="39.10446989181489" lon="117.09676436497931">
        <ele>1.1</ele>
        <time>2023-10-07T12:27:42Z</time>
      </trkpt>
      <trkpt lat="39.104472252819555" lon="117.09671974165639">
        <ele>1.1</ele>
        <time>2023-10-07T12:27:43Z</time>
      </trkpt>
      <trkpt lat="39.104472261629304" lon="117.09667569353354">
        <ele>1.1</ele>
        <time>2023-10-07T12:27:44Z</time>
      </trkpt>
      <trkpt lat="39.104471695807604" lon="117.09663427402631">
        <ele>1.1</ele>
        <time>2023-10-07T12:27:45Z</time>
      </trkpt>
      <trkpt lat="39.10447477735207" lon="117.09659524025219">
        <ele>1.1</ele>
        <time>2023-10-07T12:27:46Z</time>
      </trkpt>
      <trkpt lat="39.10447964592983" lon="117.09655715157513">
        <ele>1.1</ele>
        <time>2023-10-07T12:27:47Z</time>
      </trkpt>
      <trkpt lat="39.10448422535417" lon="117.09651816838623">
        <ele>1.1</ele>
        <time>2023-10-07T12:27:48Z</time>
      </trkpt>
      <trkpt lat="39.10448464849241" lon="117.09647551742533">
        <ele>1.1</ele>
        <time>2023-10-07T12:27:49Z</time>
      </trkpt>
      <trkpt lat="39.10448272230036" lon="117.09643115548104">
        <ele>0.7</ele>
        <time>2023-10-07T12:27:50Z</time>
      </trkpt>
      <trkpt lat="39.10447831152573" lon="117.09638684313738">
        <ele>0.7</ele>
        <time>2023-10-07T12:27:52Z</time>
      </trkpt>
      <trkpt lat="39.10447586118616" lon="117.0963665110237">
        <ele>0.7</ele>
        <time>2023-10-07T12:27:53Z</time>
      </trkpt>
    </trkseg>
  </trk>
</gpx>