<?xml version="1.0" encoding="UTF-8"?>
<gpx xmlns="http://www.topografix.com/GPX/1/1" xmlns:gpxtpx="http://www.garmin.com/xmlschemas/TrackPointExtension/v1" xmlns:xsi="http://www.w3.org/2001/XMLSchema-instance" xsi:schemaLocation="http://www.topografix.com/GPX/1/1 http://www.topografix.com/GPX/1/1/gpx.xsd" version="1.1" creator="gpx.py -- https://github.com/tkrajina/gpxpy">
  <trk>
    <name>gpx from codoon</name>
    <type>Run</type>
    <trkseg>
      <trkpt lat="39.26600207956819" lon="118.4322096212632">
        <ele>3.7</ele>
        <time>2024-04-25T11:22:27Z</time>
      </trkpt>
      <trkpt lat="39.266011960017586" lon="118.4322261500932">
        <ele>3.7</ele>
        <time>2024-04-25T11:22:28Z</time>
      </trkpt>
      <trkpt lat="39.26601545796914" lon="118.43223260613946">
        <ele>3.7</ele>
        <time>2024-04-25T11:22:29Z</time>
      </trkpt>
      <trkpt lat="39.2660219404352" lon="118.43224451354955">
        <ele>3.7</ele>
        <time>2024-04-25T11:22:30Z</time>
      </trkpt>
      <trkpt lat="39.2660287941984" lon="118.43226050817267">
        <ele>3.7</ele>
        <time>2024-04-25T11:22:31Z</time>
      </trkpt>
      <trkpt lat="39.266033189078954" lon="118.43227824517415">
        <ele>4.1</ele>
        <time>2024-04-25T11:22:32Z</time>
      </trkpt>
      <trkpt lat="39.26603472210092" lon="118.43230079454592">
        <ele>4.1</ele>
        <time>2024-04-25T11:22:33Z</time>
      </trkpt>
      <trkpt lat="39.26603214343506" lon="118.43232586749934">
        <ele>4.1</ele>
        <time>2024-04-25T11:22:34Z</time>
      </trkpt>
      <trkpt lat="39.26602602013735" lon="118.4323584786344">
        <ele>4.1</ele>
        <time>2024-04-25T11:22:35Z</time>
      </trkpt>
      <trkpt lat="39.26601838675187" lon="118.43239399010804">
        <ele>4.1</ele>
        <time>2024-04-25T11:22:36Z</time>
      </trkpt>
      <trkpt lat="39.26601007846887" lon="118.43243079577628">
        <ele>4.1</ele>
        <time>2024-04-25T11:22:37Z</time>
      </trkpt>
      <trkpt lat="39.26600299598927" lon="118.43246822503811">
        <ele>4.1</ele>
        <time>2024-04-25T11:22:38Z</time>
      </trkpt>
      <trkpt lat="39.26599765612004" lon="118.43250664479515">
        <ele>4.1</ele>
        <time>2024-04-25T11:22:39Z</time>
      </trkpt>
      <trkpt lat="39.265993881049184" lon="118.43254640063897">
        <ele>4.1</ele>
        <time>2024-04-25T11:22:40Z</time>
      </trkpt>
      <trkpt lat="39.26599161517451" lon="118.43258717761826">
        <ele>4.1</ele>
        <time>2024-04-25T11:22:41Z</time>
      </trkpt>
      <trkpt lat="39.26598988791195" lon="118.43262827263284">
        <ele>3.7</ele>
        <time>2024-04-25T11:22:42Z</time>
      </trkpt>
      <trkpt lat="39.265989324217806" lon="118.43267474812544">
        <ele>3.7</ele>
        <time>2024-04-25T11:22:43Z</time>
      </trkpt>
      <trkpt lat="39.265990542159656" lon="118.43272021472781">
        <ele>3.7</ele>
        <time>2024-04-25T11:22:44Z</time>
      </trkpt>
      <trkpt lat="39.26599397709699" lon="118.43277635874249">
        <ele>3.7</ele>
        <time>2024-04-25T11:22:46Z</time>
      </trkpt>
      <trkpt lat="39.26599798242078" lon="118.43282741172413">
        <ele>3.7</ele>
        <time>2024-04-25T11:22:47Z</time>
      </trkpt>
      <trkpt lat="39.26600170967948" lon="118.43287677227833">
        <ele>3.7</ele>
        <time>2024-04-25T11:22:48Z</time>
      </trkpt>
      <trkpt lat="39.266003188343404" lon="118.43291452960457">
        <ele>3.7</ele>
        <time>2024-04-25T11:22:49Z</time>
      </trkpt>
      <trkpt lat="39.26600297374259" lon="118.43295344893014">
        <ele>3.7</ele>
        <time>2024-04-25T11:22:50Z</time>
      </trkpt>
      <trkpt lat="39.266001248046145" lon="118.43298939155554">
        <ele>3.7</ele>
        <time>2024-04-25T11:22:51Z</time>
      </trkpt>
      <trkpt lat="39.26599908761192" lon="118.43302281717575">
        <ele>4</ele>
        <time>2024-04-25T11:22:52Z</time>
      </trkpt>
      <trkpt lat="39.26599696511854" lon="118.43305396744707">
        <ele>4</ele>
        <time>2024-04-25T11:22:53Z</time>
      </trkpt>
      <trkpt lat="39.26599569192862" lon="118.43308449629198">
        <ele>4</ele>
        <time>2024-04-25T11:22:54Z</time>
      </trkpt>
      <trkpt lat="39.26599511936855" lon="118.43311540594266">
        <ele>4</ele>
        <time>2024-04-25T11:22:55Z</time>
      </trkpt>
      <trkpt lat="39.26599509615003" lon="118.43314775038193">
        <ele>4</ele>
        <time>2024-04-25T11:22:56Z</time>
      </trkpt>
      <trkpt lat="39.26599529998388" lon="118.4331801650527">
        <ele>4</ele>
        <time>2024-04-25T11:22:57Z</time>
      </trkpt>
      <trkpt lat="39.26599591514119" lon="118.43321546805723">
        <ele>4</ele>
        <time>2024-04-25T11:22:58Z</time>
      </trkpt>
      <trkpt lat="39.265997021111296" lon="118.43324811367795">
        <ele>4</ele>
        <time>2024-04-25T11:22:59Z</time>
      </trkpt>
      <trkpt lat="39.26599808687508" lon="118.43328254062833">
        <ele>4</ele>
        <time>2024-04-25T11:23:00Z</time>
      </trkpt>
      <trkpt lat="39.26599904827923" lon="118.43331981836393">
        <ele>4</ele>
        <time>2024-04-25T11:23:01Z</time>
      </trkpt>
      <trkpt lat="39.265999946644" lon="118.43335921808294">
        <ele>3.5</ele>
        <time>2024-04-25T11:23:02Z</time>
      </trkpt>
      <trkpt lat="39.266001164055126" lon="118.43340560104052">
        <ele>3.5</ele>
        <time>2024-04-25T11:23:04Z</time>
      </trkpt>
      <trkpt lat="39.266002766319424" lon="118.43345028895591">
        <ele>3.5</ele>
        <time>2024-04-25T11:23:05Z</time>
      </trkpt>
      <trkpt lat="39.26600481344757" lon="118.43349307435066">
        <ele>3.5</ele>
        <time>2024-04-25T11:23:06Z</time>
      </trkpt>
      <trkpt lat="39.26600730790472" lon="118.43352825365622">
        <ele>3.5</ele>
        <time>2024-04-25T11:23:07Z</time>
      </trkpt>
      <trkpt lat="39.266009609657765" lon="118.43356323480073">
        <ele>3.5</ele>
        <time>2024-04-25T11:23:08Z</time>
      </trkpt>
      <trkpt lat="39.26601167442172" lon="118.43359845683807">
        <ele>3.5</ele>
        <time>2024-04-25T11:23:09Z</time>
      </trkpt>
      <trkpt lat="39.26601349134764" lon="118.43363433018068">
        <ele>3.5</ele>
        <time>2024-04-25T11:23:10Z</time>
      </trkpt>
      <trkpt lat="39.266015528264255" lon="118.43367121390271">
        <ele>3.5</ele>
        <time>2024-04-25T11:23:11Z</time>
      </trkpt>
      <trkpt lat="39.26601764223716" lon="118.43370834646912">
        <ele>4.1</ele>
        <time>2024-04-25T11:23:12Z</time>
      </trkpt>
      <trkpt lat="39.266019962664195" lon="118.43374855152524">
        <ele>4.1</ele>
        <time>2024-04-25T11:23:13Z</time>
      </trkpt>
      <trkpt lat="39.26602258011202" lon="118.43378459494853">
        <ele>4.1</ele>
        <time>2024-04-25T11:23:14Z</time>
      </trkpt>
      <trkpt lat="39.26602584712875" lon="118.433820427736">
        <ele>4.1</ele>
        <time>2024-04-25T11:23:15Z</time>
      </trkpt>
      <trkpt lat="39.26602996467064" lon="118.43385550058824">
        <ele>4.1</ele>
        <time>2024-04-25T11:23:16Z</time>
      </trkpt>
      <trkpt lat="39.26603447863215" lon="118.43389110567952">
        <ele>4.1</ele>
        <time>2024-04-25T11:23:17Z</time>
      </trkpt>
      <trkpt lat="39.266039510071934" lon="118.43392638798908">
        <ele>4.1</ele>
        <time>2024-04-25T11:23:18Z</time>
      </trkpt>
      <trkpt lat="39.26604470778101" lon="118.43395652366682">
        <ele>4.1</ele>
        <time>2024-04-25T11:23:19Z</time>
      </trkpt>
      <trkpt lat="39.26605105409973" lon="118.43398728315454">
        <ele>4.1</ele>
        <time>2024-04-25T11:23:20Z</time>
      </trkpt>
      <trkpt lat="39.26605857854816" lon="118.43401476689286">
        <ele>3.5</ele>
        <time>2024-04-25T11:23:22Z</time>
      </trkpt>
      <trkpt lat="39.26606530623606" lon="118.43404875775892">
        <ele>3.5</ele>
        <time>2024-04-25T11:23:23Z</time>
      </trkpt>
      <trkpt lat="39.266069447510304" lon="118.4340874300646">
        <ele>3.5</ele>
        <time>2024-04-25T11:23:24Z</time>
      </trkpt>
      <trkpt lat="39.266071742432736" lon="118.43413722450929">
        <ele>3.5</ele>
        <time>2024-04-25T11:23:25Z</time>
      </trkpt>
      <trkpt lat="39.26607469312996" lon="118.43419120545367">
        <ele>3.5</ele>
        <time>2024-04-25T11:23:26Z</time>
      </trkpt>
      <trkpt lat="39.266078679614736" lon="118.43424485814216">
        <ele>3.5</ele>
        <time>2024-04-25T11:23:27Z</time>
      </trkpt>
      <trkpt lat="39.26608220389521" lon="118.43429672333755">
        <ele>3.5</ele>
        <time>2024-04-25T11:23:28Z</time>
      </trkpt>
      <trkpt lat="39.26608388242486" lon="118.43434227035861">
        <ele>3.5</ele>
        <time>2024-04-25T11:23:29Z</time>
      </trkpt>
      <trkpt lat="39.266084205265386" lon="118.43438478994874">
        <ele>3.5</ele>
        <time>2024-04-25T11:23:30Z</time>
      </trkpt>
      <trkpt lat="39.26608388140716" lon="118.4344247734964">
        <ele>3.5</ele>
        <time>2024-04-25T11:23:31Z</time>
      </trkpt>
      <trkpt lat="39.266084618787986" lon="118.4344620373758">
        <ele>3.6</ele>
        <time>2024-04-25T11:23:32Z</time>
      </trkpt>
      <trkpt lat="39.2660870014512" lon="118.4344952910956">
        <ele>3.6</ele>
        <time>2024-04-25T11:23:33Z</time>
      </trkpt>
      <trkpt lat="39.266091942876066" lon="118.43452321909295">
        <ele>3.6</ele>
        <time>2024-04-25T11:23:34Z</time>
      </trkpt>
      <trkpt lat="39.26609805487133" lon="118.43454940015555">
        <ele>3.6</ele>
        <time>2024-04-25T11:23:35Z</time>
      </trkpt>
      <trkpt lat="39.26610436363125" lon="118.43457276745339">
        <ele>3.6</ele>
        <time>2024-04-25T11:23:36Z</time>
      </trkpt>
      <trkpt lat="39.266109477942905" lon="118.43459190257475">
        <ele>3.6</ele>
        <time>2024-04-25T11:23:37Z</time>
      </trkpt>
      <trkpt lat="39.266115006143956" lon="118.43461001496381">
        <ele>3.6</ele>
        <time>2024-04-25T11:23:38Z</time>
      </trkpt>
      <trkpt lat="39.2661215062569" lon="118.43462246317064">
        <ele>3.6</ele>
        <time>2024-04-25T11:23:40Z</time>
      </trkpt>
      <trkpt lat="39.266127626018296" lon="118.43464201871559">
        <ele>3.6</ele>
        <time>2024-04-25T11:23:41Z</time>
      </trkpt>
      <trkpt lat="39.26613129610684" lon="118.43466549309585">
        <ele>3.7</ele>
        <time>2024-04-25T11:23:42Z</time>
      </trkpt>
      <trkpt lat="39.26613269219632" lon="118.43470556683195">
        <ele>3.7</ele>
        <time>2024-04-25T11:23:43Z</time>
      </trkpt>
      <trkpt lat="39.26613317915476" lon="118.43474738979486">
        <ele>3.7</ele>
        <time>2024-04-25T11:23:44Z</time>
      </trkpt>
      <trkpt lat="39.26613363378897" lon="118.4347915088404">
        <ele>3.7</ele>
        <time>2024-04-25T11:23:45Z</time>
      </trkpt>
      <trkpt lat="39.26613372654478" lon="118.43483509172026">
        <ele>3.7</ele>
        <time>2024-04-25T11:23:46Z</time>
      </trkpt>
      <trkpt lat="39.26613362279495" lon="118.4348791042273">
        <ele>3.7</ele>
        <time>2024-04-25T11:23:47Z</time>
      </trkpt>
      <trkpt lat="39.26613346390188" lon="118.43492382840468">
        <ele>3.7</ele>
        <time>2024-04-25T11:23:48Z</time>
      </trkpt>
      <trkpt lat="39.266132952273274" lon="118.43496746379128">
        <ele>3.7</ele>
        <time>2024-04-25T11:23:49Z</time>
      </trkpt>
      <trkpt lat="39.2661311500164" lon="118.435013442747">
        <ele>3.7</ele>
        <time>2024-04-25T11:23:50Z</time>
      </trkpt>
      <trkpt lat="39.266127557691306" lon="118.43505852609279">
        <ele>3.7</ele>
        <time>2024-04-25T11:23:51Z</time>
      </trkpt>
      <trkpt lat="39.266122564600934" lon="118.43510028194136">
        <ele>3.6</ele>
        <time>2024-04-25T11:23:52Z</time>
      </trkpt>
      <trkpt lat="39.266118046576615" lon="118.43514040548344">
        <ele>3.6</ele>
        <time>2024-04-25T11:23:53Z</time>
      </trkpt>
      <trkpt lat="39.26611555004081" lon="118.43517887079136">
        <ele>3.6</ele>
        <time>2024-04-25T11:23:54Z</time>
      </trkpt>
      <trkpt lat="39.266115563862705" lon="118.43521711670503">
        <ele>3.6</ele>
        <time>2024-04-25T11:23:55Z</time>
      </trkpt>
      <trkpt lat="39.266117408771166" lon="118.4352551034932">
        <ele>3.6</ele>
        <time>2024-04-25T11:23:56Z</time>
      </trkpt>
      <trkpt lat="39.26612016030832" lon="118.43529454270524">
        <ele>3.6</ele>
        <time>2024-04-25T11:23:58Z</time>
      </trkpt>
      <trkpt lat="39.26612164475221" lon="118.4353404711206">
        <ele>3.6</ele>
        <time>2024-04-25T11:23:59Z</time>
      </trkpt>
      <trkpt lat="39.266120820476466" lon="118.43539209067113">
        <ele>3.6</ele>
        <time>2024-04-25T11:24:00Z</time>
      </trkpt>
      <trkpt lat="39.26611828928353" lon="118.43544787724177">
        <ele>3.6</ele>
        <time>2024-04-25T11:24:01Z</time>
      </trkpt>
      <trkpt lat="39.26611567719178" lon="118.43549816894614">
        <ele>3.4</ele>
        <time>2024-04-25T11:24:02Z</time>
      </trkpt>
      <trkpt lat="39.26611355834632" lon="118.4355398395448">
        <ele>3.4</ele>
        <time>2024-04-25T11:24:03Z</time>
      </trkpt>
      <trkpt lat="39.26611026102114" lon="118.43557685790459">
        <ele>3.4</ele>
        <time>2024-04-25T11:24:04Z</time>
      </trkpt>
      <trkpt lat="39.2661057678963" lon="118.43561228527358">
        <ele>3.4</ele>
        <time>2024-04-25T11:24:05Z</time>
      </trkpt>
      <trkpt lat="39.266100793273296" lon="118.4356448071401">
        <ele>3.4</ele>
        <time>2024-04-25T11:24:06Z</time>
      </trkpt>
      <trkpt lat="39.26609657790286" lon="118.43567403640135">
        <ele>3.4</ele>
        <time>2024-04-25T11:24:07Z</time>
      </trkpt>
      <trkpt lat="39.266093767382614" lon="118.43570418298732">
        <ele>3.4</ele>
        <time>2024-04-25T11:24:08Z</time>
      </trkpt>
      <trkpt lat="39.266092357619655" lon="118.43573495261892">
        <ele>3.4</ele>
        <time>2024-04-25T11:24:09Z</time>
      </trkpt>
      <trkpt lat="39.266092246661906" lon="118.43576472210225">
        <ele>3.4</ele>
        <time>2024-04-25T11:24:10Z</time>
      </trkpt>
      <trkpt lat="39.26609257670707" lon="118.43579430089522">
        <ele>3.4</ele>
        <time>2024-04-25T11:24:11Z</time>
      </trkpt>
      <trkpt lat="39.26609316190224" lon="118.43582303912464">
        <ele>3.6</ele>
        <time>2024-04-25T11:24:12Z</time>
      </trkpt>
      <trkpt lat="39.266093842131674" lon="118.43585592756078">
        <ele>3.6</ele>
        <time>2024-04-25T11:24:13Z</time>
      </trkpt>
      <trkpt lat="39.26609502249795" lon="118.43588638208644">
        <ele>3.6</ele>
        <time>2024-04-25T11:24:14Z</time>
      </trkpt>
      <trkpt lat="39.26609680669346" lon="118.43592368013203">
        <ele>3.6</ele>
        <time>2024-04-25T11:24:16Z</time>
      </trkpt>
      <trkpt lat="39.26609871918908" lon="118.43596208384457">
        <ele>3.6</ele>
        <time>2024-04-25T11:24:17Z</time>
      </trkpt>
      <trkpt lat="39.266100978685294" lon="118.43600777885578">
        <ele>3.6</ele>
        <time>2024-04-25T11:24:18Z</time>
      </trkpt>
      <trkpt lat="39.26610355068772" lon="118.43605526939199">
        <ele>3.6</ele>
        <time>2024-04-25T11:24:19Z</time>
      </trkpt>
      <trkpt lat="39.26610646514776" lon="118.43610398302329">
        <ele>3.6</ele>
        <time>2024-04-25T11:24:20Z</time>
      </trkpt>
      <trkpt lat="39.26610883677332" lon="118.43614804065452">
        <ele>3.6</ele>
        <time>2024-04-25T11:24:21Z</time>
      </trkpt>
      <trkpt lat="39.26610991720201" lon="118.43618754812958">
        <ele>3.2</ele>
        <time>2024-04-25T11:24:22Z</time>
      </trkpt>
      <trkpt lat="39.266109780414084" lon="118.43622813344975">
        <ele>3.2</ele>
        <time>2024-04-25T11:24:23Z</time>
      </trkpt>
      <trkpt lat="39.26610916816999" lon="118.43626878736907">
        <ele>3.2</ele>
        <time>2024-04-25T11:24:24Z</time>
      </trkpt>
      <trkpt lat="39.26610881352521" lon="118.43631209088252">
        <ele>3.2</ele>
        <time>2024-04-25T11:24:25Z</time>
      </trkpt>
      <trkpt lat="39.2661086030575" lon="118.43635099219429">
        <ele>3.2</ele>
        <time>2024-04-25T11:24:26Z</time>
      </trkpt>
      <trkpt lat="39.26610838837462" lon="118.43638799818437">
        <ele>3.2</ele>
        <time>2024-04-25T11:24:27Z</time>
      </trkpt>
      <trkpt lat="39.26610734136747" lon="118.43642120696941">
        <ele>3.2</ele>
        <time>2024-04-25T11:24:28Z</time>
      </trkpt>
      <trkpt lat="39.26610641954395" lon="118.43645119298947">
        <ele>3.2</ele>
        <time>2024-04-25T11:24:29Z</time>
      </trkpt>
      <trkpt lat="39.26610602337798" lon="118.43647955851858">
        <ele>3.2</ele>
        <time>2024-04-25T11:24:30Z</time>
      </trkpt>
      <trkpt lat="39.266106772402914" lon="118.43650919796698">
        <ele>3.2</ele>
        <time>2024-04-25T11:24:31Z</time>
      </trkpt>
      <trkpt lat="39.26610796260818" lon="118.43654006642669">
        <ele>3.6</ele>
        <time>2024-04-25T11:24:32Z</time>
      </trkpt>
      <trkpt lat="39.26610954200769" lon="118.43657971414729">
        <ele>3.6</ele>
        <time>2024-04-25T11:24:34Z</time>
      </trkpt>
      <trkpt lat="39.26611186994359" lon="118.43661697965777">
        <ele>3.6</ele>
        <time>2024-04-25T11:24:35Z</time>
      </trkpt>
      <trkpt lat="39.26611544838542" lon="118.43665549313607">
        <ele>3.6</ele>
        <time>2024-04-25T11:24:36Z</time>
      </trkpt>
      <trkpt lat="39.266119966970216" lon="118.4366868175018">
        <ele>3.6</ele>
        <time>2024-04-25T11:24:37Z</time>
      </trkpt>
      <trkpt lat="39.266124557616756" lon="118.43671706152448">
        <ele>3.6</ele>
        <time>2024-04-25T11:24:38Z</time>
      </trkpt>
      <trkpt lat="39.26612849732051" lon="118.43674636756978">
        <ele>3.6</ele>
        <time>2024-04-25T11:24:39Z</time>
      </trkpt>
      <trkpt lat="39.266131655782246" lon="118.43677738233787">
        <ele>3.6</ele>
        <time>2024-04-25T11:24:40Z</time>
      </trkpt>
      <trkpt lat="39.26613388548341" lon="118.43680799560536">
        <ele>3.6</ele>
        <time>2024-04-25T11:24:41Z</time>
      </trkpt>
      <trkpt lat="39.266135371696166" lon="118.43683735965435">
        <ele>3.3</ele>
        <time>2024-04-25T11:24:42Z</time>
      </trkpt>
      <trkpt lat="39.26613633518674" lon="118.43686537326775">
        <ele>3.3</ele>
        <time>2024-04-25T11:24:43Z</time>
      </trkpt>
      <trkpt lat="39.26613738455985" lon="118.43689235932759">
        <ele>3.3</ele>
        <time>2024-04-25T11:24:44Z</time>
      </trkpt>
      <trkpt lat="39.26613893796522" lon="118.43691826609512">
        <ele>3.3</ele>
        <time>2024-04-25T11:24:45Z</time>
      </trkpt>
      <trkpt lat="39.266141395712644" lon="118.43694394676317">
        <ele>3.3</ele>
        <time>2024-04-25T11:24:46Z</time>
      </trkpt>
      <trkpt lat="39.26614457152871" lon="118.43696897283053">
        <ele>3.3</ele>
        <time>2024-04-25T11:24:47Z</time>
      </trkpt>
      <trkpt lat="39.26614814247121" lon="118.4369976597583">
        <ele>3.3</ele>
        <time>2024-04-25T11:24:48Z</time>
      </trkpt>
      <trkpt lat="39.26615143582607" lon="118.43702483170792">
        <ele>3.3</ele>
        <time>2024-04-25T11:24:49Z</time>
      </trkpt>
      <trkpt lat="39.26615456191678" lon="118.43705517970261">
        <ele>3.3</ele>
        <time>2024-04-25T11:24:50Z</time>
      </trkpt>
      <trkpt lat="39.26615816243251" lon="118.43708849510114">
        <ele>3.4</ele>
        <time>2024-04-25T11:24:52Z</time>
      </trkpt>
      <trkpt lat="39.26616093977703" lon="118.43712517199936">
        <ele>3.4</ele>
        <time>2024-04-25T11:24:53Z</time>
      </trkpt>
      <trkpt lat="39.26616314394947" lon="118.43716053690684">
        <ele>3.4</ele>
        <time>2024-04-25T11:24:54Z</time>
      </trkpt>
      <trkpt lat="39.26616160664682" lon="118.4371918002343">
        <ele>3.4</ele>
        <time>2024-04-25T11:24:55Z</time>
      </trkpt>
      <trkpt lat="39.26616078363345" lon="118.43721805496415">
        <ele>3.4</ele>
        <time>2024-04-25T11:24:56Z</time>
      </trkpt>
      <trkpt lat="39.26616194552783" lon="118.43724428481369">
        <ele>3.4</ele>
        <time>2024-04-25T11:24:57Z</time>
      </trkpt>
      <trkpt lat="39.26616833088784" lon="118.43727362312806">
        <ele>3.4</ele>
        <time>2024-04-25T11:24:58Z</time>
      </trkpt>
      <trkpt lat="39.26617442343849" lon="118.43730710750317">
        <ele>3.4</ele>
        <time>2024-04-25T11:24:59Z</time>
      </trkpt>
      <trkpt lat="39.26617868623903" lon="118.43734243336071">
        <ele>3.4</ele>
        <time>2024-04-25T11:25:00Z</time>
      </trkpt>
      <trkpt lat="39.266180747358135" lon="118.43737731132586">
        <ele>3.4</ele>
        <time>2024-04-25T11:25:01Z</time>
      </trkpt>
      <trkpt lat="39.26618295119936" lon="118.43741037595281">
        <ele>3.5</ele>
        <time>2024-04-25T11:25:02Z</time>
      </trkpt>
      <trkpt lat="39.26618538115378" lon="118.4374430909013">
        <ele>3.5</ele>
        <time>2024-04-25T11:25:03Z</time>
      </trkpt>
      <trkpt lat="39.26618773954244" lon="118.437474279432">
        <ele>3.5</ele>
        <time>2024-04-25T11:25:04Z</time>
      </trkpt>
      <trkpt lat="39.26619050351533" lon="118.43750936785321">
        <ele>3.5</ele>
        <time>2024-04-25T11:25:05Z</time>
      </trkpt>
      <trkpt lat="39.26619346867839" lon="118.43754967759371">
        <ele>3.5</ele>
        <time>2024-04-25T11:25:06Z</time>
      </trkpt>
      <trkpt lat="39.266195955942834" lon="118.43758824930401">
        <ele>3.5</ele>
        <time>2024-04-25T11:25:07Z</time>
      </trkpt>
      <trkpt lat="39.26619922541531" lon="118.43763217478018">
        <ele>3.5</ele>
        <time>2024-04-25T11:25:08Z</time>
      </trkpt>
      <trkpt lat="39.266203680929124" lon="118.43768217577804">
        <ele>3.5</ele>
        <time>2024-04-25T11:25:10Z</time>
      </trkpt>
      <trkpt lat="39.26620997738424" lon="118.43773425532935">
        <ele>3.5</ele>
        <time>2024-04-25T11:25:11Z</time>
      </trkpt>
      <trkpt lat="39.26621729271346" lon="118.43778189259132">
        <ele>3.3</ele>
        <time>2024-04-25T11:25:12Z</time>
      </trkpt>
      <trkpt lat="39.266224095244" lon="118.43781863653122">
        <ele>3.3</ele>
        <time>2024-04-25T11:25:13Z</time>
      </trkpt>
      <trkpt lat="39.2662292165124" lon="118.43785691897564">
        <ele>3.3</ele>
        <time>2024-04-25T11:25:14Z</time>
      </trkpt>
      <trkpt lat="39.26623124795574" lon="118.43789025593273">
        <ele>3.3</ele>
        <time>2024-04-25T11:25:15Z</time>
      </trkpt>
      <trkpt lat="39.266230503343486" lon="118.43792104997887">
        <ele>3.3</ele>
        <time>2024-04-25T11:25:16Z</time>
      </trkpt>
      <trkpt lat="39.26622901226424" lon="118.43794757390872">
        <ele>3.3</ele>
        <time>2024-04-25T11:25:17Z</time>
      </trkpt>
      <trkpt lat="39.26622749203892" lon="118.43797204746247">
        <ele>3.3</ele>
        <time>2024-04-25T11:25:18Z</time>
      </trkpt>
      <trkpt lat="39.26622624660565" lon="118.43799631378663">
        <ele>3.3</ele>
        <time>2024-04-25T11:25:19Z</time>
      </trkpt>
      <trkpt lat="39.266224569485715" lon="118.43802009028678">
        <ele>3.3</ele>
        <time>2024-04-25T11:25:20Z</time>
      </trkpt>
      <trkpt lat="39.266222121057424" lon="118.43804467320015">
        <ele>3.3</ele>
        <time>2024-04-25T11:25:21Z</time>
      </trkpt>
      <trkpt lat="39.2662197550373" lon="118.43807141135528">
        <ele>3.3</ele>
        <time>2024-04-25T11:25:22Z</time>
      </trkpt>
      <trkpt lat="39.266217456073996" lon="118.43809878662319">
        <ele>3.3</ele>
        <time>2024-04-25T11:25:23Z</time>
      </trkpt>
      <trkpt lat="39.26621710274873" lon="118.43812747871918">
        <ele>3.3</ele>
        <time>2024-04-25T11:25:24Z</time>
      </trkpt>
      <trkpt lat="39.26621834360342" lon="118.43815688669228">
        <ele>3.3</ele>
        <time>2024-04-25T11:25:25Z</time>
      </trkpt>
      <trkpt lat="39.26622074248823" lon="118.4381854300669">
        <ele>3.3</ele>
        <time>2024-04-25T11:25:26Z</time>
      </trkpt>
      <trkpt lat="39.26622178853536" lon="118.4382211027553">
        <ele>3.3</ele>
        <time>2024-04-25T11:25:28Z</time>
      </trkpt>
      <trkpt lat="39.266221604947745" lon="118.43825428014694">
        <ele>3.3</ele>
        <time>2024-04-25T11:25:29Z</time>
      </trkpt>
      <trkpt lat="39.266220706583766" lon="118.43828797733164">
        <ele>3.3</ele>
        <time>2024-04-25T11:25:30Z</time>
      </trkpt>
      <trkpt lat="39.26622033111748" lon="118.43831360454723">
        <ele>3.3</ele>
        <time>2024-04-25T11:25:31Z</time>
      </trkpt>
      <trkpt lat="39.26622073763941" lon="118.43834018907981">
        <ele>3.4</ele>
        <time>2024-04-25T11:25:32Z</time>
      </trkpt>
      <trkpt lat="39.26622182846581" lon="118.43836740119241">
        <ele>3.4</ele>
        <time>2024-04-25T11:25:33Z</time>
      </trkpt>
      <trkpt lat="39.266223683401364" lon="118.43839731694098">
        <ele>3.4</ele>
        <time>2024-04-25T11:25:34Z</time>
      </trkpt>
      <trkpt lat="39.26622595560725" lon="118.43842693653541">
        <ele>3.4</ele>
        <time>2024-04-25T11:25:35Z</time>
      </trkpt>
      <trkpt lat="39.26622809339158" lon="118.43845968245894">
        <ele>3.4</ele>
        <time>2024-04-25T11:25:36Z</time>
      </trkpt>
      <trkpt lat="39.266229907670905" lon="118.43848999396138">
        <ele>3.4</ele>
        <time>2024-04-25T11:25:37Z</time>
      </trkpt>
      <trkpt lat="39.266229117530855" lon="118.43852130411663">
        <ele>3.4</ele>
        <time>2024-04-25T11:25:38Z</time>
      </trkpt>
      <trkpt lat="39.26622878854997" lon="118.43854695349509">
        <ele>3.4</ele>
        <time>2024-04-25T11:25:39Z</time>
      </trkpt>
      <trkpt lat="39.26623028039071" lon="118.43857155824983">
        <ele>3.4</ele>
        <time>2024-04-25T11:25:40Z</time>
      </trkpt>
      <trkpt lat="39.266237071330664" lon="118.43859904504568">
        <ele>3.4</ele>
        <time>2024-04-25T11:25:41Z</time>
      </trkpt>
      <trkpt lat="39.266243463850195" lon="118.43863164741275">
        <ele>3</ele>
        <time>2024-04-25T11:25:42Z</time>
      </trkpt>
      <trkpt lat="39.26624766582519" lon="118.43867177904653">
        <ele>3</ele>
        <time>2024-04-25T11:25:43Z</time>
      </trkpt>
      <trkpt lat="39.266248135430615" lon="118.43870975949132">
        <ele>3</ele>
        <time>2024-04-25T11:25:44Z</time>
      </trkpt>
      <trkpt lat="39.266253657644135" lon="118.43874427857283">
        <ele>3</ele>
        <time>2024-04-25T11:25:46Z</time>
      </trkpt>
      <trkpt lat="39.266260997699426" lon="118.4387808886521">
        <ele>3</ele>
        <time>2024-04-25T11:25:47Z</time>
      </trkpt>
      <trkpt lat="39.26626935230862" lon="118.43882785300116">
        <ele>3</ele>
        <time>2024-04-25T11:25:48Z</time>
      </trkpt>
      <trkpt lat="39.26627241573299" lon="118.43889084095625">
        <ele>3</ele>
        <time>2024-04-25T11:25:49Z</time>
      </trkpt>
      <trkpt lat="39.26627350490238" lon="118.4389495427336">
        <ele>3</ele>
        <time>2024-04-25T11:25:50Z</time>
      </trkpt>
      <trkpt lat="39.2662735707193" lon="118.43900445634019">
        <ele>3</ele>
        <time>2024-04-25T11:25:51Z</time>
      </trkpt>
      <trkpt lat="39.26627316962055" lon="118.439046942076">
        <ele>3.1</ele>
        <time>2024-04-25T11:25:52Z</time>
      </trkpt>
      <trkpt lat="39.2662731028961" lon="118.43908982621036">
        <ele>3.1</ele>
        <time>2024-04-25T11:25:53Z</time>
      </trkpt>
      <trkpt lat="39.26627347832159" lon="118.43912946917811">
        <ele>3.1</ele>
        <time>2024-04-25T11:25:54Z</time>
      </trkpt>
      <trkpt lat="39.26627420811762" lon="118.43917359598605">
        <ele>3.1</ele>
        <time>2024-04-25T11:25:55Z</time>
      </trkpt>
      <trkpt lat="39.2662748198624" lon="118.43921751105421">
        <ele>3.1</ele>
        <time>2024-04-25T11:25:56Z</time>
      </trkpt>
      <trkpt lat="39.26627566468835" lon="118.43925874588119">
        <ele>3.1</ele>
        <time>2024-04-25T11:25:57Z</time>
      </trkpt>
      <trkpt lat="39.2662767994221" lon="118.4392965681272">
        <ele>3.1</ele>
        <time>2024-04-25T11:25:58Z</time>
      </trkpt>
      <trkpt lat="39.26627853039888" lon="118.4393304318375">
        <ele>3.1</ele>
        <time>2024-04-25T11:25:59Z</time>
      </trkpt>
      <trkpt lat="39.266279591191434" lon="118.43936448966795">
        <ele>3.1</ele>
        <time>2024-04-25T11:26:00Z</time>
      </trkpt>
      <trkpt lat="39.266280375933604" lon="118.43939121491172">
        <ele>3.1</ele>
        <time>2024-04-25T11:26:01Z</time>
      </trkpt>
      <trkpt lat="39.26628012369512" lon="118.43941253898065">
        <ele>3.1</ele>
        <time>2024-04-25T11:26:02Z</time>
      </trkpt>
      <trkpt lat="39.2662841914564" lon="118.4394207341504">
        <ele>3.1</ele>
        <time>2024-04-25T11:26:04Z</time>
      </trkpt>
      <trkpt lat="39.26629034400407" lon="118.43943474912071">
        <ele>3.1</ele>
        <time>2024-04-25T11:26:05Z</time>
      </trkpt>
      <trkpt lat="39.266297048477504" lon="118.43945898398526">
        <ele>3.1</ele>
        <time>2024-04-25T11:26:06Z</time>
      </trkpt>
      <trkpt lat="39.26629908021306" lon="118.43949988416958">
        <ele>3.1</ele>
        <time>2024-04-25T11:26:07Z</time>
      </trkpt>
      <trkpt lat="39.266297958221365" lon="118.43954487844931">
        <ele>3.1</ele>
        <time>2024-04-25T11:26:08Z</time>
      </trkpt>
      <trkpt lat="39.266296483705666" lon="118.43958817683881">
        <ele>3.1</ele>
        <time>2024-04-25T11:26:09Z</time>
      </trkpt>
      <trkpt lat="39.26629638233811" lon="118.43963029619859">
        <ele>3.1</ele>
        <time>2024-04-25T11:26:10Z</time>
      </trkpt>
      <trkpt lat="39.26630020960169" lon="118.43967339682075">
        <ele>3.1</ele>
        <time>2024-04-25T11:26:11Z</time>
      </trkpt>
      <trkpt lat="39.26630429464014" lon="118.43971734080203">
        <ele>3.8</ele>
        <time>2024-04-25T11:26:12Z</time>
      </trkpt>
      <trkpt lat="39.266307531859226" lon="118.43976274231932">
        <ele>3.8</ele>
        <time>2024-04-25T11:26:13Z</time>
      </trkpt>
      <trkpt lat="39.2663069971528" lon="118.43980374956817">
        <ele>3.8</ele>
        <time>2024-04-25T11:26:14Z</time>
      </trkpt>
      <trkpt lat="39.26630522999289" lon="118.43984357707352">
        <ele>3.8</ele>
        <time>2024-04-25T11:26:15Z</time>
      </trkpt>
      <trkpt lat="39.266302078701635" lon="118.43988156121888">
        <ele>3.8</ele>
        <time>2024-04-25T11:26:16Z</time>
      </trkpt>
      <trkpt lat="39.266299109456405" lon="118.43991805587154">
        <ele>3.8</ele>
        <time>2024-04-25T11:26:17Z</time>
      </trkpt>
      <trkpt lat="39.26629693808783" lon="118.4399524210144">
        <ele>3.8</ele>
        <time>2024-04-25T11:26:18Z</time>
      </trkpt>
      <trkpt lat="39.2662963566795" lon="118.43998767109274">
        <ele>3.8</ele>
        <time>2024-04-25T11:26:19Z</time>
      </trkpt>
      <trkpt lat="39.266296644891845" lon="118.44002353189228">
        <ele>3.8</ele>
        <time>2024-04-25T11:26:20Z</time>
      </trkpt>
      <trkpt lat="39.26629749552573" lon="118.44006859422637">
        <ele>3.1</ele>
        <time>2024-04-25T11:26:22Z</time>
      </trkpt>
      <trkpt lat="39.266299011131146" lon="118.44011181120835">
        <ele>3.1</ele>
        <time>2024-04-25T11:26:23Z</time>
      </trkpt>
      <trkpt lat="39.266301322737085" lon="118.44015905404879">
        <ele>3.1</ele>
        <time>2024-04-25T11:26:24Z</time>
      </trkpt>
      <trkpt lat="39.266304484503266" lon="118.4402049940691">
        <ele>3.1</ele>
        <time>2024-04-25T11:26:25Z</time>
      </trkpt>
      <trkpt lat="39.266308187967105" lon="118.44025793290238">
        <ele>3.1</ele>
        <time>2024-04-25T11:26:26Z</time>
      </trkpt>
      <trkpt lat="39.2663116515182" lon="118.44030994295541">
        <ele>3.1</ele>
        <time>2024-04-25T11:26:27Z</time>
      </trkpt>
      <trkpt lat="39.2663148295584" lon="118.44035982036158">
        <ele>3.1</ele>
        <time>2024-04-25T11:26:28Z</time>
      </trkpt>
      <trkpt lat="39.26631709781931" lon="118.44040188871745">
        <ele>3.1</ele>
        <time>2024-04-25T11:26:29Z</time>
      </trkpt>
      <trkpt lat="39.26631885109481" lon="118.44044033726003">
        <ele>3.1</ele>
        <time>2024-04-25T11:26:30Z</time>
      </trkpt>
      <trkpt lat="39.266320268628014" lon="118.44047581859103">
        <ele>3.1</ele>
        <time>2024-04-25T11:26:31Z</time>
      </trkpt>
      <trkpt lat="39.2663215715125" lon="118.4405086611579">
        <ele>3.1</ele>
        <time>2024-04-25T11:26:32Z</time>
      </trkpt>
      <trkpt lat="39.26632313084192" lon="118.44054244672867">
        <ele>3.1</ele>
        <time>2024-04-25T11:26:33Z</time>
      </trkpt>
      <trkpt lat="39.266324112410274" lon="118.44057188366438">
        <ele>3.1</ele>
        <time>2024-04-25T11:26:34Z</time>
      </trkpt>
      <trkpt lat="39.26632463986753" lon="118.44060078617174">
        <ele>3.1</ele>
        <time>2024-04-25T11:26:35Z</time>
      </trkpt>
      <trkpt lat="39.26632299875054" lon="118.44062948331646">
        <ele>3.1</ele>
        <time>2024-04-25T11:26:36Z</time>
      </trkpt>
      <trkpt lat="39.26632108296943" lon="118.44065928764908">
        <ele>3.1</ele>
        <time>2024-04-25T11:26:37Z</time>
      </trkpt>
      <trkpt lat="39.26631626851136" lon="118.44068860732253">
        <ele>3.1</ele>
        <time>2024-04-25T11:26:38Z</time>
      </trkpt>
      <trkpt lat="39.26631782133184" lon="118.44072062424955">
        <ele>3.1</ele>
        <time>2024-04-25T11:26:40Z</time>
      </trkpt>
      <trkpt lat="39.26632093915589" lon="118.44075608367201">
        <ele>3.1</ele>
        <time>2024-04-25T11:26:41Z</time>
      </trkpt>
      <trkpt lat="39.26632856860689" lon="118.44080025253913">
        <ele>3.1</ele>
        <time>2024-04-25T11:26:42Z</time>
      </trkpt>
      <trkpt lat="39.26633210015871" lon="118.44084293586529">
        <ele>3.1</ele>
        <time>2024-04-25T11:26:43Z</time>
      </trkpt>
      <trkpt lat="39.266335002390555" lon="118.44088419621944">
        <ele>3.1</ele>
        <time>2024-04-25T11:26:44Z</time>
      </trkpt>
      <trkpt lat="39.26633719269534" lon="118.44092185655995">
        <ele>3.1</ele>
        <time>2024-04-25T11:26:45Z</time>
      </trkpt>
      <trkpt lat="39.26633910733283" lon="118.44095638303848">
        <ele>3.1</ele>
        <time>2024-04-25T11:26:46Z</time>
      </trkpt>
      <trkpt lat="39.266340740242605" lon="118.44099266912163">
        <ele>3.1</ele>
        <time>2024-04-25T11:26:47Z</time>
      </trkpt>
      <trkpt lat="39.26634186122868" lon="118.44102549648439">
        <ele>3.1</ele>
        <time>2024-04-25T11:26:48Z</time>
      </trkpt>
      <trkpt lat="39.266342861461055" lon="118.44105841346759">
        <ele>3.1</ele>
        <time>2024-04-25T11:26:49Z</time>
      </trkpt>
      <trkpt lat="39.26634377317138" lon="118.44109058116625">
        <ele>3.1</ele>
        <time>2024-04-25T11:26:50Z</time>
      </trkpt>
      <trkpt lat="39.26634447022837" lon="118.44112313924998">
        <ele>3.1</ele>
        <time>2024-04-25T11:26:51Z</time>
      </trkpt>
      <trkpt lat="39.266344815886605" lon="118.44115682154924">
        <ele>3.9</ele>
        <time>2024-04-25T11:26:52Z</time>
      </trkpt>
      <trkpt lat="39.266344682786354" lon="118.44119218821503">
        <ele>3.9</ele>
        <time>2024-04-25T11:26:53Z</time>
      </trkpt>
      <trkpt lat="39.26634451574573" lon="118.44123137534652">
        <ele>3.9</ele>
        <time>2024-04-25T11:26:54Z</time>
      </trkpt>
      <trkpt lat="39.26634484278912" lon="118.44127193829655">
        <ele>3.9</ele>
        <time>2024-04-25T11:26:55Z</time>
      </trkpt>
      <trkpt lat="39.26634548568805" lon="118.44131037756883">
        <ele>3.9</ele>
        <time>2024-04-25T11:26:56Z</time>
      </trkpt>
      <trkpt lat="39.26634660111778" lon="118.4413538144834">
        <ele>3.9</ele>
        <time>2024-04-25T11:26:58Z</time>
      </trkpt>
      <trkpt lat="39.2663467466286" lon="118.44139854575255">
        <ele>3.9</ele>
        <time>2024-04-25T11:26:59Z</time>
      </trkpt>
      <trkpt lat="39.26634606112772" lon="118.44144199088217">
        <ele>3.9</ele>
        <time>2024-04-25T11:27:00Z</time>
      </trkpt>
      <trkpt lat="39.2663451575469" lon="118.441477773123">
        <ele>3.9</ele>
        <time>2024-04-25T11:27:01Z</time>
      </trkpt>
      <trkpt lat="39.26634580280104" lon="118.44151462573046">
        <ele>3.2</ele>
        <time>2024-04-25T11:27:02Z</time>
      </trkpt>
      <trkpt lat="39.26634841798256" lon="118.44155215308484">
        <ele>3.2</ele>
        <time>2024-04-25T11:27:03Z</time>
      </trkpt>
      <trkpt lat="39.2663517826815" lon="118.44158957260024">
        <ele>3.2</ele>
        <time>2024-04-25T11:27:04Z</time>
      </trkpt>
      <trkpt lat="39.26635519855721" lon="118.44162571713865">
        <ele>3.2</ele>
        <time>2024-04-25T11:27:05Z</time>
      </trkpt>
      <trkpt lat="39.26635804352212" lon="118.44166003949186">
        <ele>3.2</ele>
        <time>2024-04-25T11:27:06Z</time>
      </trkpt>
      <trkpt lat="39.26636093003038" lon="118.44169353680704">
        <ele>3.2</ele>
        <time>2024-04-25T11:27:07Z</time>
      </trkpt>
      <trkpt lat="39.26636372249246" lon="118.4417243011206">
        <ele>3.2</ele>
        <time>2024-04-25T11:27:08Z</time>
      </trkpt>
      <trkpt lat="39.26636653127438" lon="118.44175618333033">
        <ele>3.2</ele>
        <time>2024-04-25T11:27:09Z</time>
      </trkpt>
      <trkpt lat="39.266368895636916" lon="118.44178916189938">
        <ele>3.2</ele>
        <time>2024-04-25T11:27:10Z</time>
      </trkpt>
      <trkpt lat="39.26637051148034" lon="118.4418215875759">
        <ele>3.2</ele>
        <time>2024-04-25T11:27:11Z</time>
      </trkpt>
      <trkpt lat="39.26637146011433" lon="118.44185352713961">
        <ele>3</ele>
        <time>2024-04-25T11:27:12Z</time>
      </trkpt>
      <trkpt lat="39.266373050615734" lon="118.44188861326705">
        <ele>3</ele>
        <time>2024-04-25T11:27:13Z</time>
      </trkpt>
      <trkpt lat="39.266375146965125" lon="118.44192671260325">
        <ele>3</ele>
        <time>2024-04-25T11:27:14Z</time>
      </trkpt>
      <trkpt lat="39.266378325681906" lon="118.44197154126687">
        <ele>3</ele>
        <time>2024-04-25T11:27:16Z</time>
      </trkpt>
      <trkpt lat="39.266378695815156" lon="118.44201926560598">
        <ele>3</ele>
        <time>2024-04-25T11:27:17Z</time>
      </trkpt>
      <trkpt lat="39.26637858775206" lon="118.44207809851106">
        <ele>3</ele>
        <time>2024-04-25T11:27:18Z</time>
      </trkpt>
      <trkpt lat="39.26637825469397" lon="118.442135052368">
        <ele>3</ele>
        <time>2024-04-25T11:27:19Z</time>
      </trkpt>
      <trkpt lat="39.266380383379314" lon="118.44218958643985">
        <ele>3</ele>
        <time>2024-04-25T11:27:20Z</time>
      </trkpt>
      <trkpt lat="39.266382620939495" lon="118.44223121734636">
        <ele>3</ele>
        <time>2024-04-25T11:27:21Z</time>
      </trkpt>
      <trkpt lat="39.26638437087349" lon="118.44226888885981">
        <ele>2.9</ele>
        <time>2024-04-25T11:27:22Z</time>
      </trkpt>
      <trkpt lat="39.266385922447355" lon="118.44230242228842">
        <ele>2.9</ele>
        <time>2024-04-25T11:27:23Z</time>
      </trkpt>
      <trkpt lat="39.26638827692961" lon="118.44233732929654">
        <ele>2.9</ele>
        <time>2024-04-25T11:27:24Z</time>
      </trkpt>
      <trkpt lat="39.26639108026687" lon="118.44236999306769">
        <ele>2.9</ele>
        <time>2024-04-25T11:27:25Z</time>
      </trkpt>
      <trkpt lat="39.2663939697314" lon="118.44240009570527">
        <ele>2.9</ele>
        <time>2024-04-25T11:27:26Z</time>
      </trkpt>
      <trkpt lat="39.26639731491084" lon="118.44242903547038">
        <ele>2.9</ele>
        <time>2024-04-25T11:27:27Z</time>
      </trkpt>
      <trkpt lat="39.26640072667166" lon="118.44245584281357">
        <ele>2.9</ele>
        <time>2024-04-25T11:27:28Z</time>
      </trkpt>
      <trkpt lat="39.266407003357465" lon="118.44248386241564">
        <ele>2.9</ele>
        <time>2024-04-25T11:27:29Z</time>
      </trkpt>
      <trkpt lat="39.26641301897133" lon="118.4425075773972">
        <ele>2.9</ele>
        <time>2024-04-25T11:27:30Z</time>
      </trkpt>
      <trkpt lat="39.26641829550672" lon="118.4425318889965">
        <ele>2.9</ele>
        <time>2024-04-25T11:27:31Z</time>
      </trkpt>
      <trkpt lat="39.26641767004509" lon="118.44255669575405">
        <ele>2.8</ele>
        <time>2024-04-25T11:27:32Z</time>
      </trkpt>
      <trkpt lat="39.26641764497865" lon="118.44258956504615">
        <ele>2.8</ele>
        <time>2024-04-25T11:27:34Z</time>
      </trkpt>
      <trkpt lat="39.266419170359455" lon="118.44262788147628">
        <ele>2.8</ele>
        <time>2024-04-25T11:27:35Z</time>
      </trkpt>
      <trkpt lat="39.26642469838515" lon="118.44267052808667">
        <ele>2.8</ele>
        <time>2024-04-25T11:27:36Z</time>
      </trkpt>
      <trkpt lat="39.26642991501107" lon="118.44271555819796">
        <ele>2.8</ele>
        <time>2024-04-25T11:27:37Z</time>
      </trkpt>
      <trkpt lat="39.26643390527596" lon="118.44275932296149">
        <ele>2.8</ele>
        <time>2024-04-25T11:27:38Z</time>
      </trkpt>
      <trkpt lat="39.26643603586183" lon="118.44280151483063">
        <ele>2.8</ele>
        <time>2024-04-25T11:27:39Z</time>
      </trkpt>
      <trkpt lat="39.26643599606955" lon="118.44283768063376">
        <ele>2.8</ele>
        <time>2024-04-25T11:27:40Z</time>
      </trkpt>
      <trkpt lat="39.26643426667539" lon="118.44287576684214">
        <ele>2.8</ele>
        <time>2024-04-25T11:27:41Z</time>
      </trkpt>
      <trkpt lat="39.26643162847925" lon="118.44291026821446">
        <ele>2.8</ele>
        <time>2024-04-25T11:27:42Z</time>
      </trkpt>
      <trkpt lat="39.26642844887529" lon="118.44294392854644">
        <ele>2.8</ele>
        <time>2024-04-25T11:27:43Z</time>
      </trkpt>
      <trkpt lat="39.266426793861825" lon="118.44297122138151">
        <ele>2.8</ele>
        <time>2024-04-25T11:27:44Z</time>
      </trkpt>
      <trkpt lat="39.266427126433136" lon="118.44299583603069">
        <ele>2.8</ele>
        <time>2024-04-25T11:27:45Z</time>
      </trkpt>
      <trkpt lat="39.26643027163157" lon="118.44301858793754">
        <ele>2.8</ele>
        <time>2024-04-25T11:27:46Z</time>
      </trkpt>
      <trkpt lat="39.26643433349512" lon="118.44304080293266">
        <ele>2.8</ele>
        <time>2024-04-25T11:27:47Z</time>
      </trkpt>
      <trkpt lat="39.26643906259684" lon="118.44306747517066">
        <ele>2.8</ele>
        <time>2024-04-25T11:27:48Z</time>
      </trkpt>
      <trkpt lat="39.26644277856741" lon="118.44309510346193">
        <ele>2.8</ele>
        <time>2024-04-25T11:27:49Z</time>
      </trkpt>
      <trkpt lat="39.266445646918854" lon="118.44312687759079">
        <ele>2.8</ele>
        <time>2024-04-25T11:27:50Z</time>
      </trkpt>
      <trkpt lat="39.26644728938417" lon="118.44316437929037">
        <ele>2.8</ele>
        <time>2024-04-25T11:27:52Z</time>
      </trkpt>
      <trkpt lat="39.26644872852919" lon="118.44320350825403">
        <ele>2.8</ele>
        <time>2024-04-25T11:27:53Z</time>
      </trkpt>
      <trkpt lat="39.2664500888245" lon="118.44323960756414">
        <ele>2.8</ele>
        <time>2024-04-25T11:27:54Z</time>
      </trkpt>
      <trkpt lat="39.266451585859684" lon="118.44327013075657">
        <ele>2.8</ele>
        <time>2024-04-25T11:27:55Z</time>
      </trkpt>
      <trkpt lat="39.26645282584804" lon="118.44329681648412">
        <ele>2.8</ele>
        <time>2024-04-25T11:27:56Z</time>
      </trkpt>
      <trkpt lat="39.26645415061108" lon="118.44332665367983">
        <ele>2.8</ele>
        <time>2024-04-25T11:27:57Z</time>
      </trkpt>
      <trkpt lat="39.26645513106171" lon="118.44335278949235">
        <ele>2.8</ele>
        <time>2024-04-25T11:27:58Z</time>
      </trkpt>
      <trkpt lat="39.26645588811139" lon="118.44338184620875">
        <ele>2.8</ele>
        <time>2024-04-25T11:27:59Z</time>
      </trkpt>
      <trkpt lat="39.266455981972804" lon="118.44340773393743">
        <ele>2.8</ele>
        <time>2024-04-25T11:28:00Z</time>
      </trkpt>
      <trkpt lat="39.266455405021226" lon="118.44343374030896">
        <ele>2.8</ele>
        <time>2024-04-25T11:28:01Z</time>
      </trkpt>
      <trkpt lat="39.266454012768385" lon="118.44346034289748">
        <ele>3</ele>
        <time>2024-04-25T11:28:02Z</time>
      </trkpt>
      <trkpt lat="39.26645217089593" lon="118.4434866072222">
        <ele>3</ele>
        <time>2024-04-25T11:28:03Z</time>
      </trkpt>
      <trkpt lat="39.26644988825999" lon="118.44351645539015">
        <ele>3</ele>
        <time>2024-04-25T11:28:04Z</time>
      </trkpt>
      <trkpt lat="39.266447766186886" lon="118.44354451840746">
        <ele>3</ele>
        <time>2024-04-25T11:28:05Z</time>
      </trkpt>
      <trkpt lat="39.26644565580124" lon="118.44357508942385">
        <ele>3</ele>
        <time>2024-04-25T11:28:06Z</time>
      </trkpt>
      <trkpt lat="39.266443439085215" lon="118.44360822379942">
        <ele>3</ele>
        <time>2024-04-25T11:28:07Z</time>
      </trkpt>
      <trkpt lat="39.266441139996665" lon="118.44364289695682">
        <ele>3</ele>
        <time>2024-04-25T11:28:08Z</time>
      </trkpt>
      <trkpt lat="39.26643853400024" lon="118.44368478416973">
        <ele>3</ele>
        <time>2024-04-25T11:28:10Z</time>
      </trkpt>
      <trkpt lat="39.266436668407586" lon="118.44372282550917">
        <ele>3</ele>
        <time>2024-04-25T11:28:11Z</time>
      </trkpt>
      <trkpt lat="39.26643549102975" lon="118.44375983793603">
        <ele>3.1</ele>
        <time>2024-04-25T11:28:12Z</time>
      </trkpt>
      <trkpt lat="39.26643550687877" lon="118.443792474854">
        <ele>3.1</ele>
        <time>2024-04-25T11:28:13Z</time>
      </trkpt>
      <trkpt lat="39.26643624948283" lon="118.4438242558121">
        <ele>3.1</ele>
        <time>2024-04-25T11:28:14Z</time>
      </trkpt>
      <trkpt lat="39.26643773409177" lon="118.44385852325478">
        <ele>3.1</ele>
        <time>2024-04-25T11:28:15Z</time>
      </trkpt>
      <trkpt lat="39.266439753352095" lon="118.44388950801027">
        <ele>3.1</ele>
        <time>2024-04-25T11:28:16Z</time>
      </trkpt>
      <trkpt lat="39.26644215759519" lon="118.44392049427624">
        <ele>3.1</ele>
        <time>2024-04-25T11:28:17Z</time>
      </trkpt>
      <trkpt lat="39.266444531765856" lon="118.44394833900267">
        <ele>3.1</ele>
        <time>2024-04-25T11:28:18Z</time>
      </trkpt>
      <trkpt lat="39.26644656963711" lon="118.44397547961651">
        <ele>3.1</ele>
        <time>2024-04-25T11:28:19Z</time>
      </trkpt>
      <trkpt lat="39.26644823228896" lon="118.44400403359728">
        <ele>3.1</ele>
        <time>2024-04-25T11:28:20Z</time>
      </trkpt>
      <trkpt lat="39.266449654778754" lon="118.44403270583682">
        <ele>3.1</ele>
        <time>2024-04-25T11:28:21Z</time>
      </trkpt>
      <trkpt lat="39.2664512891246" lon="118.44406246852144">
        <ele>3</ele>
        <time>2024-04-25T11:28:22Z</time>
      </trkpt>
      <trkpt lat="39.26645354750806" lon="118.44409447776614">
        <ele>3</ele>
        <time>2024-04-25T11:28:23Z</time>
      </trkpt>
      <trkpt lat="39.266456393173456" lon="118.44412960320275">
        <ele>3</ele>
        <time>2024-04-25T11:28:24Z</time>
      </trkpt>
      <trkpt lat="39.26645964019053" lon="118.44416593752055">
        <ele>3</ele>
        <time>2024-04-25T11:28:25Z</time>
      </trkpt>
      <trkpt lat="39.26646310714434" lon="118.44420081067594">
        <ele>3</ele>
        <time>2024-04-25T11:28:26Z</time>
      </trkpt>
      <trkpt lat="39.26646776140759" lon="118.4442412739408">
        <ele>3</ele>
        <time>2024-04-25T11:28:28Z</time>
      </trkpt>
      <trkpt lat="39.26647296148084" lon="118.44428337341313">
        <ele>3</ele>
        <time>2024-04-25T11:28:29Z</time>
      </trkpt>
      <trkpt lat="39.266477940729615" lon="118.44432473256416">
        <ele>3</ele>
        <time>2024-04-25T11:28:30Z</time>
      </trkpt>
      <trkpt lat="39.266481649920145" lon="118.4443583501709">
        <ele>3</ele>
        <time>2024-04-25T11:28:31Z</time>
      </trkpt>
      <trkpt lat="39.266484986873174" lon="118.44439282719524">
        <ele>2.7</ele>
        <time>2024-04-25T11:28:32Z</time>
      </trkpt>
      <trkpt lat="39.26648821698666" lon="118.44442665015144">
        <ele>2.7</ele>
        <time>2024-04-25T11:28:33Z</time>
      </trkpt>
      <trkpt lat="39.26649170478406" lon="118.44446345447457">
        <ele>2.7</ele>
        <time>2024-04-25T11:28:34Z</time>
      </trkpt>
      <trkpt lat="39.26649466654718" lon="118.4444975704904">
        <ele>2.7</ele>
        <time>2024-04-25T11:28:35Z</time>
      </trkpt>
      <trkpt lat="39.266497266883555" lon="118.44453321953915">
        <ele>2.7</ele>
        <time>2024-04-25T11:28:36Z</time>
      </trkpt>
      <trkpt lat="39.266499157715124" lon="118.44456962247779">
        <ele>2.7</ele>
        <time>2024-04-25T11:28:37Z</time>
      </trkpt>
      <trkpt lat="39.266500907473784" lon="118.4446068039382">
        <ele>2.7</ele>
        <time>2024-04-25T11:28:38Z</time>
      </trkpt>
      <trkpt lat="39.2665027842773" lon="118.44464476414642">
        <ele>2.7</ele>
        <time>2024-04-25T11:28:39Z</time>
      </trkpt>
      <trkpt lat="39.266507173480576" lon="118.44468212373361">
        <ele>2.7</ele>
        <time>2024-04-25T11:28:40Z</time>
      </trkpt>
      <trkpt lat="39.266512306260616" lon="118.44471744716849">
        <ele>2.7</ele>
        <time>2024-04-25T11:28:41Z</time>
      </trkpt>
      <trkpt lat="39.266515904163484" lon="118.44475130489957">
        <ele>2.5</ele>
        <time>2024-04-25T11:28:42Z</time>
      </trkpt>
      <trkpt lat="39.26651521527509" lon="118.44479106677338">
        <ele>2.5</ele>
        <time>2024-04-25T11:28:43Z</time>
      </trkpt>
      <trkpt lat="39.2665146673602" lon="118.44483943870416">
        <ele>2.5</ele>
        <time>2024-04-25T11:28:44Z</time>
      </trkpt>
      <trkpt lat="39.26651728030942" lon="118.44491035885603">
        <ele>2.5</ele>
        <time>2024-04-25T11:28:46Z</time>
      </trkpt>
      <trkpt lat="39.26652037120451" lon="118.44498046308267">
        <ele>2.5</ele>
        <time>2024-04-25T11:28:47Z</time>
      </trkpt>
      <trkpt lat="39.26651981895848" lon="118.44505566936637">
        <ele>2.5</ele>
        <time>2024-04-25T11:28:48Z</time>
      </trkpt>
      <trkpt lat="39.266516551523715" lon="118.44511598124234">
        <ele>2.5</ele>
        <time>2024-04-25T11:28:49Z</time>
      </trkpt>
      <trkpt lat="39.26651437025037" lon="118.44517239512065">
        <ele>2.5</ele>
        <time>2024-04-25T11:28:50Z</time>
      </trkpt>
      <trkpt lat="39.266515293673606" lon="118.44522271144771">
        <ele>2.5</ele>
        <time>2024-04-25T11:28:51Z</time>
      </trkpt>
      <trkpt lat="39.26651757820002" lon="118.44526851500862">
        <ele>2.5</ele>
        <time>2024-04-25T11:28:52Z</time>
      </trkpt>
      <trkpt lat="39.26652092349202" lon="118.44531620275878">
        <ele>2.5</ele>
        <time>2024-04-25T11:28:53Z</time>
      </trkpt>
      <trkpt lat="39.26652430985621" lon="118.44535808804275">
        <ele>2.5</ele>
        <time>2024-04-25T11:28:54Z</time>
      </trkpt>
      <trkpt lat="39.266527363628825" lon="118.44540003422102">
        <ele>2.5</ele>
        <time>2024-04-25T11:28:55Z</time>
      </trkpt>
      <trkpt lat="39.26652916724585" lon="118.4454344778279">
        <ele>2.5</ele>
        <time>2024-04-25T11:28:56Z</time>
      </trkpt>
      <trkpt lat="39.26652960381294" lon="118.44546851868351">
        <ele>2.5</ele>
        <time>2024-04-25T11:28:57Z</time>
      </trkpt>
      <trkpt lat="39.26652813581924" lon="118.44549458389116">
        <ele>2.5</ele>
        <time>2024-04-25T11:28:58Z</time>
      </trkpt>
      <trkpt lat="39.266525664495276" lon="118.44552118258663">
        <ele>2.5</ele>
        <time>2024-04-25T11:28:59Z</time>
      </trkpt>
      <trkpt lat="39.2665242181678" lon="118.44554462417425">
        <ele>2.5</ele>
        <time>2024-04-25T11:29:00Z</time>
      </trkpt>
      <trkpt lat="39.26652526589034" lon="118.44556970776014">
        <ele>2.5</ele>
        <time>2024-04-25T11:29:01Z</time>
      </trkpt>
      <trkpt lat="39.26652934008057" lon="118.44559622273158">
        <ele>2.6</ele>
        <time>2024-04-25T11:29:02Z</time>
      </trkpt>
      <trkpt lat="39.266537128612384" lon="118.44562518336991">
        <ele>2.6</ele>
        <time>2024-04-25T11:29:04Z</time>
      </trkpt>
      <trkpt lat="39.266544412795724" lon="118.44566013751228">
        <ele>2.6</ele>
        <time>2024-04-25T11:29:05Z</time>
      </trkpt>
      <trkpt lat="39.266550192847504" lon="118.4457026045271">
        <ele>2.6</ele>
        <time>2024-04-25T11:29:06Z</time>
      </trkpt>
      <trkpt lat="39.26655236142079" lon="118.44575220569594">
        <ele>2.6</ele>
        <time>2024-04-25T11:29:07Z</time>
      </trkpt>
      <trkpt lat="39.26655445418222" lon="118.44580128494482">
        <ele>2.6</ele>
        <time>2024-04-25T11:29:08Z</time>
      </trkpt>
      <trkpt lat="39.26655629495239" lon="118.44584408713176">
        <ele>2.6</ele>
        <time>2024-04-25T11:29:09Z</time>
      </trkpt>
      <trkpt lat="39.26655750095425" lon="118.44588368113587">
        <ele>2.6</ele>
        <time>2024-04-25T11:29:10Z</time>
      </trkpt>
      <trkpt lat="39.266557821021486" lon="118.44592156652328">
        <ele>2.6</ele>
        <time>2024-04-25T11:29:11Z</time>
      </trkpt>
      <trkpt lat="39.266557618432515" lon="118.44595799952333">
        <ele>3.5</ele>
        <time>2024-04-25T11:29:12Z</time>
      </trkpt>
      <trkpt lat="39.26655779256207" lon="118.44599309156011">
        <ele>3.5</ele>
        <time>2024-04-25T11:29:13Z</time>
      </trkpt>
      <trkpt lat="39.26655832347609" lon="118.44602513255647">
        <ele>3.5</ele>
        <time>2024-04-25T11:29:14Z</time>
      </trkpt>
      <trkpt lat="39.26656158229789" lon="118.44605453849132">
        <ele>3.5</ele>
        <time>2024-04-25T11:29:15Z</time>
      </trkpt>
      <trkpt lat="39.266564017592074" lon="118.44607362025387">
        <ele>3.5</ele>
        <time>2024-04-25T11:29:16Z</time>
      </trkpt>
      <trkpt lat="39.2665653081118" lon="118.4460887519964">
        <ele>3.5</ele>
        <time>2024-04-25T11:29:17Z</time>
      </trkpt>
      <trkpt lat="39.26656163065482" lon="118.44610530064487">
        <ele>3.5</ele>
        <time>2024-04-25T11:29:18Z</time>
      </trkpt>
      <trkpt lat="39.2665600227006" lon="118.44612917196048">
        <ele>3.5</ele>
        <time>2024-04-25T11:29:19Z</time>
      </trkpt>
      <trkpt lat="39.26656234136161" lon="118.44616284926624">
        <ele>3.5</ele>
        <time>2024-04-25T11:29:20Z</time>
      </trkpt>
      <trkpt lat="39.26657185790117" lon="118.4462003990277">
        <ele>2.9</ele>
        <time>2024-04-25T11:29:22Z</time>
      </trkpt>
      <trkpt lat="39.26658479875963" lon="118.446244529726">
        <ele>2.9</ele>
        <time>2024-04-25T11:29:23Z</time>
      </trkpt>
      <trkpt lat="39.266597333078536" lon="118.4462898615191">
        <ele>2.9</ele>
        <time>2024-04-25T11:29:24Z</time>
      </trkpt>
      <trkpt lat="39.26660247153193" lon="118.44633935439809">
        <ele>2.9</ele>
        <time>2024-04-25T11:29:25Z</time>
      </trkpt>
      <trkpt lat="39.26660181565237" lon="118.44638561913445">
        <ele>2.9</ele>
        <time>2024-04-25T11:29:26Z</time>
      </trkpt>
      <trkpt lat="39.26659800453285" lon="118.44643097359362">
        <ele>2.9</ele>
        <time>2024-04-25T11:29:27Z</time>
      </trkpt>
      <trkpt lat="39.26659666587488" lon="118.44646880060286">
        <ele>2.9</ele>
        <time>2024-04-25T11:29:28Z</time>
      </trkpt>
      <trkpt lat="39.26659552814597" lon="118.44650720734666">
        <ele>2.9</ele>
        <time>2024-04-25T11:29:29Z</time>
      </trkpt>
      <trkpt lat="39.266595007002834" lon="118.44654195322563">
        <ele>2.9</ele>
        <time>2024-04-25T11:29:30Z</time>
      </trkpt>
      <trkpt lat="39.266594829899994" lon="118.44658118871484">
        <ele>2.9</ele>
        <time>2024-04-25T11:29:31Z</time>
      </trkpt>
      <trkpt lat="39.26659556601928" lon="118.44661826865693">
        <ele>2.5</ele>
        <time>2024-04-25T11:29:32Z</time>
      </trkpt>
      <trkpt lat="39.26659699350865" lon="118.44665604218437">
        <ele>2.5</ele>
        <time>2024-04-25T11:29:33Z</time>
      </trkpt>
      <trkpt lat="39.26659864198893" lon="118.44669255993449">
        <ele>2.5</ele>
        <time>2024-04-25T11:29:34Z</time>
      </trkpt>
      <trkpt lat="39.26660040507149" lon="118.44672678918043">
        <ele>2.5</ele>
        <time>2024-04-25T11:29:35Z</time>
      </trkpt>
      <trkpt lat="39.2666025055313" lon="118.4467618057453">
        <ele>2.5</ele>
        <time>2024-04-25T11:29:36Z</time>
      </trkpt>
      <trkpt lat="39.26660514784641" lon="118.44679359439037">
        <ele>2.5</ele>
        <time>2024-04-25T11:29:37Z</time>
      </trkpt>
      <trkpt lat="39.26660806538984" lon="118.44682491203396">
        <ele>2.5</ele>
        <time>2024-04-25T11:29:38Z</time>
      </trkpt>
      <trkpt lat="39.26661144220316" lon="118.44686150974334">
        <ele>2.5</ele>
        <time>2024-04-25T11:29:40Z</time>
      </trkpt>
      <trkpt lat="39.26661370812301" lon="118.44689475546892">
        <ele>2.5</ele>
        <time>2024-04-25T11:29:41Z</time>
      </trkpt>
      <trkpt lat="39.26661485162879" lon="118.44692869533976">
        <ele>2.6</ele>
        <time>2024-04-25T11:29:42Z</time>
      </trkpt>
      <trkpt lat="39.266614391250734" lon="118.44695208560132">
        <ele>2.6</ele>
        <time>2024-04-25T11:29:43Z</time>
      </trkpt>
      <trkpt lat="39.26661399596361" lon="118.44697582027153">
        <ele>2.6</ele>
        <time>2024-04-25T11:29:44Z</time>
      </trkpt>
      <trkpt lat="39.26661404901434" lon="118.44699996766272">
        <ele>2.6</ele>
        <time>2024-04-25T11:29:45Z</time>
      </trkpt>
      <trkpt lat="39.26661446423387" lon="118.44702337478041">
        <ele>2.6</ele>
        <time>2024-04-25T11:29:46Z</time>
      </trkpt>
      <trkpt lat="39.26661530078109" lon="118.44705009250994">
        <ele>2.6</ele>
        <time>2024-04-25T11:29:47Z</time>
      </trkpt>
      <trkpt lat="39.26661598158708" lon="118.44707374155247">
        <ele>2.6</ele>
        <time>2024-04-25T11:29:48Z</time>
      </trkpt>
      <trkpt lat="39.26661613222522" lon="118.44710183590341">
        <ele>2.6</ele>
        <time>2024-04-25T11:29:49Z</time>
      </trkpt>
      <trkpt lat="39.26661534761467" lon="118.44712812670984">
        <ele>2.6</ele>
        <time>2024-04-25T11:29:50Z</time>
      </trkpt>
      <trkpt lat="39.266613863414776" lon="118.44715616448093">
        <ele>2.6</ele>
        <time>2024-04-25T11:29:51Z</time>
      </trkpt>
      <trkpt lat="39.266611618088035" lon="118.44718590790137">
        <ele>2.8</ele>
        <time>2024-04-25T11:29:52Z</time>
      </trkpt>
      <trkpt lat="39.26660935677859" lon="118.44721642284235">
        <ele>2.8</ele>
        <time>2024-04-25T11:29:53Z</time>
      </trkpt>
      <trkpt lat="39.26660733177795" lon="118.44725076342998">
        <ele>2.8</ele>
        <time>2024-04-25T11:29:54Z</time>
      </trkpt>
      <trkpt lat="39.26660621473536" lon="118.4472817507393">
        <ele>2.8</ele>
        <time>2024-04-25T11:29:55Z</time>
      </trkpt>
      <trkpt lat="39.26660558179952" lon="118.44731578403858">
        <ele>2.8</ele>
        <time>2024-04-25T11:29:56Z</time>
      </trkpt>
      <trkpt lat="39.26660483288814" lon="118.44734997876853">
        <ele>2.8</ele>
        <time>2024-04-25T11:29:58Z</time>
      </trkpt>
      <trkpt lat="39.266603857038994" lon="118.44738734957456">
        <ele>2.8</ele>
        <time>2024-04-25T11:29:59Z</time>
      </trkpt>
      <trkpt lat="39.26660182103358" lon="118.44743101153526">
        <ele>2.8</ele>
        <time>2024-04-25T11:30:00Z</time>
      </trkpt>
      <trkpt lat="39.26660188500344" lon="118.44747739118222">
        <ele>2.8</ele>
        <time>2024-04-25T11:30:01Z</time>
      </trkpt>
      <trkpt lat="39.266604856477045" lon="118.44752730438482">
        <ele>2.7</ele>
        <time>2024-04-25T11:30:02Z</time>
      </trkpt>
      <trkpt lat="39.266609451266994" lon="118.4475758920242">
        <ele>2.7</ele>
        <time>2024-04-25T11:30:03Z</time>
      </trkpt>
      <trkpt lat="39.26661483609802" lon="118.44761978586514">
        <ele>2.7</ele>
        <time>2024-04-25T11:30:04Z</time>
      </trkpt>
      <trkpt lat="39.26662387801362" lon="118.44766261250771">
        <ele>2.7</ele>
        <time>2024-04-25T11:30:05Z</time>
      </trkpt>
      <trkpt lat="39.26663461750053" lon="118.4477029677495">
        <ele>2.7</ele>
        <time>2024-04-25T11:30:06Z</time>
      </trkpt>
      <trkpt lat="39.266644888888386" lon="118.44774612121867">
        <ele>2.7</ele>
        <time>2024-04-25T11:30:07Z</time>
      </trkpt>
      <trkpt lat="39.26665136136357" lon="118.44779013258692">
        <ele>2.7</ele>
        <time>2024-04-25T11:30:08Z</time>
      </trkpt>
      <trkpt lat="39.26665718082216" lon="118.44783089063624">
        <ele>2.7</ele>
        <time>2024-04-25T11:30:09Z</time>
      </trkpt>
      <trkpt lat="39.266661607320486" lon="118.44786931560719">
        <ele>2.7</ele>
        <time>2024-04-25T11:30:10Z</time>
      </trkpt>
      <trkpt lat="39.26666428654513" lon="118.4479033314244">
        <ele>2.7</ele>
        <time>2024-04-25T11:30:11Z</time>
      </trkpt>
      <trkpt lat="39.266666017372735" lon="118.44794048445624">
        <ele>2.8</ele>
        <time>2024-04-25T11:30:12Z</time>
      </trkpt>
      <trkpt lat="39.266667388882496" lon="118.44797896151476">
        <ele>2.8</ele>
        <time>2024-04-25T11:30:13Z</time>
      </trkpt>
      <trkpt lat="39.26666803828812" lon="118.44801960687325">
        <ele>2.8</ele>
        <time>2024-04-25T11:30:14Z</time>
      </trkpt>
      <trkpt lat="39.26666729565117" lon="118.44806659028323">
        <ele>2.8</ele>
        <time>2024-04-25T11:30:16Z</time>
      </trkpt>
      <trkpt lat="39.26666515952386" lon="118.4481097189646">
        <ele>2.8</ele>
        <time>2024-04-25T11:30:17Z</time>
      </trkpt>
      <trkpt lat="39.26666194084885" lon="118.44814681352005">
        <ele>2.8</ele>
        <time>2024-04-25T11:30:18Z</time>
      </trkpt>
      <trkpt lat="39.26665614762101" lon="118.44816840501183">
        <ele>2.8</ele>
        <time>2024-04-25T11:30:19Z</time>
      </trkpt>
      <trkpt lat="39.26665246228924" lon="118.44818731752389">
        <ele>2.8</ele>
        <time>2024-04-25T11:30:20Z</time>
      </trkpt>
      <trkpt lat="39.26665205235462" lon="118.44820673013692">
        <ele>2.8</ele>
        <time>2024-04-25T11:30:21Z</time>
      </trkpt>
      <trkpt lat="39.26665776729951" lon="118.44823075064973">
        <ele>2.8</ele>
        <time>2024-04-25T11:30:22Z</time>
      </trkpt>
      <trkpt lat="39.26666292015224" lon="118.44825815968717">
        <ele>2.8</ele>
        <time>2024-04-25T11:30:23Z</time>
      </trkpt>
      <trkpt lat="39.26666638847885" lon="118.44828626096842">
        <ele>2.8</ele>
        <time>2024-04-25T11:30:24Z</time>
      </trkpt>
      <trkpt lat="39.266668012602906" lon="118.44831526101822">
        <ele>2.8</ele>
        <time>2024-04-25T11:30:25Z</time>
      </trkpt>
      <trkpt lat="39.26666929899621" lon="118.44833948570546">
        <ele>2.8</ele>
        <time>2024-04-25T11:30:26Z</time>
      </trkpt>
      <trkpt lat="39.26667022309366" lon="118.44836268767328">
        <ele>2.8</ele>
        <time>2024-04-25T11:30:27Z</time>
      </trkpt>
      <trkpt lat="39.26667035178055" lon="118.44838285589071">
        <ele>2.8</ele>
        <time>2024-04-25T11:30:28Z</time>
      </trkpt>
      <trkpt lat="39.2666707971526" lon="118.44840805336176">
        <ele>2.8</ele>
        <time>2024-04-25T11:30:29Z</time>
      </trkpt>
      <trkpt lat="39.2666715344096" lon="118.44843548062788">
        <ele>2.8</ele>
        <time>2024-04-25T11:30:30Z</time>
      </trkpt>
      <trkpt lat="39.26667330407197" lon="118.44846758973415">
        <ele>2.8</ele>
        <time>2024-04-25T11:30:31Z</time>
      </trkpt>
      <trkpt lat="39.26667616859468" lon="118.44849899458339">
        <ele>2.4</ele>
        <time>2024-04-25T11:30:32Z</time>
      </trkpt>
      <trkpt lat="39.266679863807965" lon="118.44852897496384">
        <ele>2.4</ele>
        <time>2024-04-25T11:30:33Z</time>
      </trkpt>
      <trkpt lat="39.26668384164043" lon="118.44855730397882">
        <ele>2.4</ele>
        <time>2024-04-25T11:30:34Z</time>
      </trkpt>
      <trkpt lat="39.266687749497855" lon="118.4485842237677">
        <ele>2.4</ele>
        <time>2024-04-25T11:30:35Z</time>
      </trkpt>
      <trkpt lat="39.266691996345536" lon="118.44861307738628">
        <ele>2.4</ele>
        <time>2024-04-25T11:30:36Z</time>
      </trkpt>
      <trkpt lat="39.26669623412366" lon="118.44863832798033">
        <ele>2.4</ele>
        <time>2024-04-25T11:30:37Z</time>
      </trkpt>
      <trkpt lat="39.26670012347213" lon="118.44866305347786">
        <ele>2.4</ele>
        <time>2024-04-25T11:30:38Z</time>
      </trkpt>
      <trkpt lat="39.26670386729918" lon="118.44868715408919">
        <ele>2.4</ele>
        <time>2024-04-25T11:30:39Z</time>
      </trkpt>
      <trkpt lat="39.26670663148596" lon="118.44870999352152">
        <ele>2.4</ele>
        <time>2024-04-25T11:30:40Z</time>
      </trkpt>
      <trkpt lat="39.26670917164484" lon="118.44873477543662">
        <ele>2.4</ele>
        <time>2024-04-25T11:30:41Z</time>
      </trkpt>
      <trkpt lat="39.26671059062794" lon="118.44875612103235">
        <ele>2.4</ele>
        <time>2024-04-25T11:30:42Z</time>
      </trkpt>
      <trkpt lat="39.26671229663429" lon="118.44877758665255">
        <ele>2.4</ele>
        <time>2024-04-25T11:30:43Z</time>
      </trkpt>
      <trkpt lat="39.26671498574269" lon="118.44879951107598">
        <ele>2.4</ele>
        <time>2024-04-25T11:30:44Z</time>
      </trkpt>
      <trkpt lat="39.26671861259613" lon="118.4488219064856">
        <ele>2.4</ele>
        <time>2024-04-25T11:30:45Z</time>
      </trkpt>
      <trkpt lat="39.2667230615743" lon="118.44884806896562">
        <ele>2.4</ele>
        <time>2024-04-25T11:30:46Z</time>
      </trkpt>
      <trkpt lat="39.26672687855683" lon="118.44887270690978">
        <ele>2.4</ele>
        <time>2024-04-25T11:30:47Z</time>
      </trkpt>
      <trkpt lat="39.26673053471919" lon="118.44889847085665">
        <ele>2.4</ele>
        <time>2024-04-25T11:30:48Z</time>
      </trkpt>
      <trkpt lat="39.26673244793057" lon="118.44892491911344">
        <ele>2.4</ele>
        <time>2024-04-25T11:30:49Z</time>
      </trkpt>
      <trkpt lat="39.26673320893621" lon="118.44895108713231">
        <ele>2.4</ele>
        <time>2024-04-25T11:30:50Z</time>
      </trkpt>
      <trkpt lat="39.266730958226354" lon="118.44897552313778">
        <ele>2.6</ele>
        <time>2024-04-25T11:30:52Z</time>
      </trkpt>
      <trkpt lat="39.26673114547921" lon="118.44899709175078">
        <ele>2.6</ele>
        <time>2024-04-25T11:30:53Z</time>
      </trkpt>
      <trkpt lat="39.26673427655401" lon="118.44902317852386">
        <ele>2.6</ele>
        <time>2024-04-25T11:30:54Z</time>
      </trkpt>
      <trkpt lat="39.26673899141134" lon="118.44905361610373">
        <ele>2.6</ele>
        <time>2024-04-25T11:30:55Z</time>
      </trkpt>
      <trkpt lat="39.266743356025586" lon="118.4490886310222">
        <ele>2.6</ele>
        <time>2024-04-25T11:30:56Z</time>
      </trkpt>
      <trkpt lat="39.266744214852956" lon="118.44912033280569">
        <ele>2.6</ele>
        <time>2024-04-25T11:30:57Z</time>
      </trkpt>
      <trkpt lat="39.26674456077712" lon="118.44914891577193">
        <ele>2.6</ele>
        <time>2024-04-25T11:30:58Z</time>
      </trkpt>
      <trkpt lat="39.26674134400056" lon="118.44917489896889">
        <ele>2.6</ele>
        <time>2024-04-25T11:30:59Z</time>
      </trkpt>
      <trkpt lat="39.26673686389005" lon="118.44920539786969">
        <ele>2.6</ele>
        <time>2024-04-25T11:31:00Z</time>
      </trkpt>
      <trkpt lat="39.26673325832866" lon="118.44923824978233">
        <ele>2.6</ele>
        <time>2024-04-25T11:31:01Z</time>
      </trkpt>
      <trkpt lat="39.266728467694584" lon="118.44927162759059">
        <ele>2.6</ele>
        <time>2024-04-25T11:31:02Z</time>
      </trkpt>
      <trkpt lat="39.26672561082211" lon="118.44929859845472">
        <ele>2.6</ele>
        <time>2024-04-25T11:31:03Z</time>
      </trkpt>
      <trkpt lat="39.26672436043722" lon="118.44932422462209">
        <ele>2.6</ele>
        <time>2024-04-25T11:31:04Z</time>
      </trkpt>
      <trkpt lat="39.26672822405824" lon="118.44935304010315">
        <ele>2.6</ele>
        <time>2024-04-25T11:31:05Z</time>
      </trkpt>
      <trkpt lat="39.266731662024995" lon="118.44938618214013">
        <ele>2.6</ele>
        <time>2024-04-25T11:31:06Z</time>
      </trkpt>
      <trkpt lat="39.26673267057547" lon="118.44942684019681">
        <ele>2.6</ele>
        <time>2024-04-25T11:31:07Z</time>
      </trkpt>
      <trkpt lat="39.26673154863858" lon="118.44946764490622">
        <ele>2.6</ele>
        <time>2024-04-25T11:31:08Z</time>
      </trkpt>
      <trkpt lat="39.26672885962869" lon="118.44951606398581">
        <ele>2.6</ele>
        <time>2024-04-25T11:31:10Z</time>
      </trkpt>
      <trkpt lat="39.266731164944304" lon="118.44956454849341">
        <ele>2.6</ele>
        <time>2024-04-25T11:31:11Z</time>
      </trkpt>
      <trkpt lat="39.26673673407589" lon="118.44962083128105">
        <ele>2.5</ele>
        <time>2024-04-25T11:31:12Z</time>
      </trkpt>
      <trkpt lat="39.26674664608425" lon="118.44968323197905">
        <ele>2.5</ele>
        <time>2024-04-25T11:31:13Z</time>
      </trkpt>
      <trkpt lat="39.266752975929556" lon="118.44974684163999">
        <ele>2.5</ele>
        <time>2024-04-25T11:31:14Z</time>
      </trkpt>
      <trkpt lat="39.26675647526946" lon="118.44980355768084">
        <ele>2.5</ele>
        <time>2024-04-25T11:31:15Z</time>
      </trkpt>
      <trkpt lat="39.266756412906275" lon="118.44985045759366">
        <ele>2.5</ele>
        <time>2024-04-25T11:31:16Z</time>
      </trkpt>
      <trkpt lat="39.26675611769179" lon="118.44988884625644">
        <ele>2.5</ele>
        <time>2024-04-25T11:31:17Z</time>
      </trkpt>
      <trkpt lat="39.26675991037492" lon="118.44992237226134">
        <ele>2.5</ele>
        <time>2024-04-25T11:31:18Z</time>
      </trkpt>
      <trkpt lat="39.26676535364005" lon="118.44995164754167">
        <ele>2.5</ele>
        <time>2024-04-25T11:31:19Z</time>
      </trkpt>
      <trkpt lat="39.26677066002857" lon="118.44998460388608">
        <ele>2.5</ele>
        <time>2024-04-25T11:31:20Z</time>
      </trkpt>
      <trkpt lat="39.266770576013364" lon="118.45001714259854">
        <ele>2.5</ele>
        <time>2024-04-25T11:31:21Z</time>
      </trkpt>
      <trkpt lat="39.266769018668704" lon="118.45004694907074">
        <ele>2.1</ele>
        <time>2024-04-25T11:31:22Z</time>
      </trkpt>
      <trkpt lat="39.266766974547245" lon="118.45007580933876">
        <ele>2.1</ele>
        <time>2024-04-25T11:31:23Z</time>
      </trkpt>
      <trkpt lat="39.266765460685455" lon="118.45010236567363">
        <ele>2.1</ele>
        <time>2024-04-25T11:31:24Z</time>
      </trkpt>
      <trkpt lat="39.2667642457215" lon="118.45013006955583">
        <ele>2.1</ele>
        <time>2024-04-25T11:31:25Z</time>
      </trkpt>
      <trkpt lat="39.26676201872061" lon="118.45015272861244">
        <ele>2.1</ele>
        <time>2024-04-25T11:31:26Z</time>
      </trkpt>
      <trkpt lat="39.26675726307337" lon="118.45017755046386">
        <ele>2.1</ele>
        <time>2024-04-25T11:31:28Z</time>
      </trkpt>
      <trkpt lat="39.26675100722468" lon="118.45020788670456">
        <ele>2.1</ele>
        <time>2024-04-25T11:31:29Z</time>
      </trkpt>
      <trkpt lat="39.26674372547633" lon="118.45024885198035">
        <ele>2.1</ele>
        <time>2024-04-25T11:31:30Z</time>
      </trkpt>
      <trkpt lat="39.26673871411962" lon="118.45029556078472">
        <ele>2.1</ele>
        <time>2024-04-25T11:31:31Z</time>
      </trkpt>
      <trkpt lat="39.266736050158194" lon="118.4503439794129">
        <ele>2</ele>
        <time>2024-04-25T11:31:32Z</time>
      </trkpt>
      <trkpt lat="39.26673617284363" lon="118.45038742940227">
        <ele>2</ele>
        <time>2024-04-25T11:31:33Z</time>
      </trkpt>
      <trkpt lat="39.26673740392251" lon="118.45043088107049">
        <ele>2</ele>
        <time>2024-04-25T11:31:34Z</time>
      </trkpt>
      <trkpt lat="39.26673888217032" lon="118.45046881847837">
        <ele>2</ele>
        <time>2024-04-25T11:31:35Z</time>
      </trkpt>
      <trkpt lat="39.266740403061036" lon="118.45050869587882">
        <ele>2</ele>
        <time>2024-04-25T11:31:36Z</time>
      </trkpt>
      <trkpt lat="39.266742026740175" lon="118.45054453878289">
        <ele>2</ele>
        <time>2024-04-25T11:31:37Z</time>
      </trkpt>
      <trkpt lat="39.26674430480978" lon="118.45058002364986">
        <ele>2</ele>
        <time>2024-04-25T11:31:38Z</time>
      </trkpt>
      <trkpt lat="39.266747093831206" lon="118.45061532475884">
        <ele>2</ele>
        <time>2024-04-25T11:31:39Z</time>
      </trkpt>
      <trkpt lat="39.26674964927995" lon="118.4506493164426">
        <ele>2</ele>
        <time>2024-04-25T11:31:40Z</time>
      </trkpt>
      <trkpt lat="39.26675050688246" lon="118.45068446863111">
        <ele>2</ele>
        <time>2024-04-25T11:31:41Z</time>
      </trkpt>
      <trkpt lat="39.266750611056494" lon="118.45071469678595">
        <ele>2.9</ele>
        <time>2024-04-25T11:31:42Z</time>
      </trkpt>
      <trkpt lat="39.266748533879856" lon="118.45074379537887">
        <ele>2.9</ele>
        <time>2024-04-25T11:31:43Z</time>
      </trkpt>
      <trkpt lat="39.266749788027205" lon="118.45076886477902">
        <ele>2.9</ele>
        <time>2024-04-25T11:31:44Z</time>
      </trkpt>
      <trkpt lat="39.26675667645525" lon="118.45080230380056">
        <ele>2.9</ele>
        <time>2024-04-25T11:31:46Z</time>
      </trkpt>
      <trkpt lat="39.26676609199132" lon="118.45083795936047">
        <ele>2.9</ele>
        <time>2024-04-25T11:31:47Z</time>
      </trkpt>
      <trkpt lat="39.26677429211784" lon="118.45087871228783">
        <ele>2.9</ele>
        <time>2024-04-25T11:31:48Z</time>
      </trkpt>
      <trkpt lat="39.26677768818068" lon="118.45091189699886">
        <ele>2.9</ele>
        <time>2024-04-25T11:31:49Z</time>
      </trkpt>
      <trkpt lat="39.26678173034385" lon="118.45094669441046">
        <ele>2.9</ele>
        <time>2024-04-25T11:31:50Z</time>
      </trkpt>
      <trkpt lat="39.26678553509347" lon="118.45097826785623">
        <ele>2.9</ele>
        <time>2024-04-25T11:31:51Z</time>
      </trkpt>
      <trkpt lat="39.2667895889813" lon="118.45101006354838">
        <ele>2.2</ele>
        <time>2024-04-25T11:31:52Z</time>
      </trkpt>
      <trkpt lat="39.266794062296036" lon="118.45104305249312">
        <ele>2.2</ele>
        <time>2024-04-25T11:31:53Z</time>
      </trkpt>
      <trkpt lat="39.266798680451764" lon="118.45107597061879">
        <ele>2.2</ele>
        <time>2024-04-25T11:31:54Z</time>
      </trkpt>
      <trkpt lat="39.26680352334693" lon="118.45111138078637">
        <ele>2.2</ele>
        <time>2024-04-25T11:31:55Z</time>
      </trkpt>
      <trkpt lat="39.26680725296795" lon="118.45114280549535">
        <ele>2.2</ele>
        <time>2024-04-25T11:31:56Z</time>
      </trkpt>
      <trkpt lat="39.266810243293754" lon="118.4511758967652">
        <ele>2.2</ele>
        <time>2024-04-25T11:31:57Z</time>
      </trkpt>
      <trkpt lat="39.266812104657184" lon="118.45120870215287">
        <ele>2.2</ele>
        <time>2024-04-25T11:31:58Z</time>
      </trkpt>
      <trkpt lat="39.26681395362463" lon="118.45124842776879">
        <ele>2.2</ele>
        <time>2024-04-25T11:31:59Z</time>
      </trkpt>
      <trkpt lat="39.2668157993155" lon="118.45129074079071">
        <ele>2.2</ele>
        <time>2024-04-25T11:32:00Z</time>
      </trkpt>
      <trkpt lat="39.26681775911723" lon="118.45134104403978">
        <ele>2.2</ele>
        <time>2024-04-25T11:32:01Z</time>
      </trkpt>
      <trkpt lat="39.26681878641189" lon="118.45139260727531">
        <ele>1.8</ele>
        <time>2024-04-25T11:32:02Z</time>
      </trkpt>
      <trkpt lat="39.2668190787978" lon="118.45145635077598">
        <ele>1.8</ele>
        <time>2024-04-25T11:32:04Z</time>
      </trkpt>
      <trkpt lat="39.26681841691577" lon="118.45151789978672">
        <ele>1.8</ele>
        <time>2024-04-25T11:32:05Z</time>
      </trkpt>
      <trkpt lat="39.26681803950373" lon="118.4515805637855">
        <ele>1.8</ele>
        <time>2024-04-25T11:32:06Z</time>
      </trkpt>
      <trkpt lat="39.26681803341335" lon="118.4516313227014">
        <ele>1.8</ele>
        <time>2024-04-25T11:32:07Z</time>
      </trkpt>
      <trkpt lat="39.26681912244715" lon="118.45168092340337">
        <ele>1.8</ele>
        <time>2024-04-25T11:32:08Z</time>
      </trkpt>
      <trkpt lat="39.26682104373192" lon="118.45172528800401">
        <ele>1.8</ele>
        <time>2024-04-25T11:32:09Z</time>
      </trkpt>
      <trkpt lat="39.26682370391537" lon="118.45176880263102">
        <ele>1.8</ele>
        <time>2024-04-25T11:32:10Z</time>
      </trkpt>
      <trkpt lat="39.266827021057175" lon="118.45181062163905">
        <ele>1.8</ele>
        <time>2024-04-25T11:32:11Z</time>
      </trkpt>
      <trkpt lat="39.26683026751661" lon="118.45185266616772">
        <ele>2.1</ele>
        <time>2024-04-25T11:32:12Z</time>
      </trkpt>
      <trkpt lat="39.26683273268073" lon="118.45189217236775">
        <ele>2.1</ele>
        <time>2024-04-25T11:32:13Z</time>
      </trkpt>
      <trkpt lat="39.2668337983248" lon="118.45192700134379">
        <ele>2.1</ele>
        <time>2024-04-25T11:32:14Z</time>
      </trkpt>
      <trkpt lat="39.266833648664445" lon="118.4519604287745">
        <ele>2.1</ele>
        <time>2024-04-25T11:32:15Z</time>
      </trkpt>
      <trkpt lat="39.26683335832737" lon="118.45199144798791">
        <ele>2.1</ele>
        <time>2024-04-25T11:32:16Z</time>
      </trkpt>
      <trkpt lat="39.266832270225805" lon="118.45202363648333">
        <ele>2.1</ele>
        <time>2024-04-25T11:32:17Z</time>
      </trkpt>
      <trkpt lat="39.26683221505793" lon="118.45205175995038">
        <ele>2.1</ele>
        <time>2024-04-25T11:32:18Z</time>
      </trkpt>
      <trkpt lat="39.26683313605191" lon="118.45207978319434">
        <ele>2.1</ele>
        <time>2024-04-25T11:32:19Z</time>
      </trkpt>
      <trkpt lat="39.266840750630834" lon="118.45210437424544">
        <ele>2.1</ele>
        <time>2024-04-25T11:32:21Z</time>
      </trkpt>
      <trkpt lat="39.266850539580425" lon="118.45214080918694">
        <ele>2.4</ele>
        <time>2024-04-25T11:32:22Z</time>
      </trkpt>
      <trkpt lat="39.26686077414826" lon="118.45218606558389">
        <ele>2.4</ele>
        <time>2024-04-25T11:32:23Z</time>
      </trkpt>
      <trkpt lat="39.26686522413317" lon="118.45223976292415">
        <ele>2.4</ele>
        <time>2024-04-25T11:32:24Z</time>
      </trkpt>
      <trkpt lat="39.26686636104157" lon="118.45228568486694">
        <ele>2.4</ele>
        <time>2024-04-25T11:32:25Z</time>
      </trkpt>
      <trkpt lat="39.266865916453995" lon="118.45232686374176">
        <ele>2.4</ele>
        <time>2024-04-25T11:32:26Z</time>
      </trkpt>
      <trkpt lat="39.26686583026889" lon="118.45236732459327">
        <ele>2.4</ele>
        <time>2024-04-25T11:32:27Z</time>
      </trkpt>
      <trkpt lat="39.26686670511552" lon="118.45241125515707">
        <ele>2.4</ele>
        <time>2024-04-25T11:32:28Z</time>
      </trkpt>
      <trkpt lat="39.26686844985908" lon="118.45245629740558">
        <ele>2.4</ele>
        <time>2024-04-25T11:32:29Z</time>
      </trkpt>
      <trkpt lat="39.266870708724326" lon="118.45249911245777">
        <ele>2.4</ele>
        <time>2024-04-25T11:32:30Z</time>
      </trkpt>
      <trkpt lat="39.26687354064083" lon="118.45253910498758">
        <ele>2.4</ele>
        <time>2024-04-25T11:32:31Z</time>
      </trkpt>
      <trkpt lat="39.26687646040209" lon="118.45257744820205">
        <ele>1.9</ele>
        <time>2024-04-25T11:32:32Z</time>
      </trkpt>
      <trkpt lat="39.26687899092182" lon="118.45261537357669">
        <ele>1.9</ele>
        <time>2024-04-25T11:32:33Z</time>
      </trkpt>
      <trkpt lat="39.26688035547892" lon="118.45265111950553">
        <ele>1.9</ele>
        <time>2024-04-25T11:32:34Z</time>
      </trkpt>
      <trkpt lat="39.266880573517184" lon="118.45268617353969">
        <ele>1.9</ele>
        <time>2024-04-25T11:32:35Z</time>
      </trkpt>
      <trkpt lat="39.2668798132411" lon="118.45272230914841">
        <ele>1.9</ele>
        <time>2024-04-25T11:32:36Z</time>
      </trkpt>
      <trkpt lat="39.26687920943442" lon="118.45275956101351">
        <ele>1.9</ele>
        <time>2024-04-25T11:32:37Z</time>
      </trkpt>
      <trkpt lat="39.266879397730854" lon="118.45280102832994">
        <ele>1.9</ele>
        <time>2024-04-25T11:32:38Z</time>
      </trkpt>
      <trkpt lat="39.266881281212754" lon="118.45284595825063">
        <ele>1.9</ele>
        <time>2024-04-25T11:32:40Z</time>
      </trkpt>
      <trkpt lat="39.26688238811699" lon="118.45289271227887">
        <ele>1.9</ele>
        <time>2024-04-25T11:32:41Z</time>
      </trkpt>
      <trkpt lat="39.26688238953353" lon="118.45293378418594">
        <ele>2.5</ele>
        <time>2024-04-25T11:32:42Z</time>
      </trkpt>
      <trkpt lat="39.26688156159633" lon="118.45296484349186">
        <ele>2.5</ele>
        <time>2024-04-25T11:32:43Z</time>
      </trkpt>
      <trkpt lat="39.26688345633967" lon="118.45299080782951">
        <ele>2.5</ele>
        <time>2024-04-25T11:32:44Z</time>
      </trkpt>
      <trkpt lat="39.26688862126043" lon="118.45301966588536">
        <ele>2.5</ele>
        <time>2024-04-25T11:32:45Z</time>
      </trkpt>
      <trkpt lat="39.26689315749149" lon="118.45305054332806">
        <ele>2.5</ele>
        <time>2024-04-25T11:32:46Z</time>
      </trkpt>
      <trkpt lat="39.266895772917906" lon="118.45308492331333">
        <ele>2.5</ele>
        <time>2024-04-25T11:32:47Z</time>
      </trkpt>
      <trkpt lat="39.266895795620826" lon="118.45311591223738">
        <ele>2.5</ele>
        <time>2024-04-25T11:32:48Z</time>
      </trkpt>
      <trkpt lat="39.266896106465836" lon="118.45314604240893">
        <ele>2.5</ele>
        <time>2024-04-25T11:32:49Z</time>
      </trkpt>
      <trkpt lat="39.26689627447715" lon="118.45317653004957">
        <ele>2.5</ele>
        <time>2024-04-25T11:32:50Z</time>
      </trkpt>
      <trkpt lat="39.266896277593645" lon="118.45320728293389">
        <ele>2.5</ele>
        <time>2024-04-25T11:32:51Z</time>
      </trkpt>
      <trkpt lat="39.26689632045494" lon="118.45324223132118">
        <ele>2.4</ele>
        <time>2024-04-25T11:32:52Z</time>
      </trkpt>
      <trkpt lat="39.26689702440321" lon="118.45327555569125">
        <ele>2.4</ele>
        <time>2024-04-25T11:32:53Z</time>
      </trkpt>
      <trkpt lat="39.266898989677024" lon="118.45331051947355">
        <ele>2.4</ele>
        <time>2024-04-25T11:32:54Z</time>
      </trkpt>
      <trkpt lat="39.26690285950615" lon="118.45334755853999">
        <ele>2.4</ele>
        <time>2024-04-25T11:32:55Z</time>
      </trkpt>
      <trkpt lat="39.26690795016216" lon="118.45338530271793">
        <ele>2.4</ele>
        <time>2024-04-25T11:32:56Z</time>
      </trkpt>
      <trkpt lat="39.26691507812013" lon="118.45343031111369">
        <ele>2.4</ele>
        <time>2024-04-25T11:32:58Z</time>
      </trkpt>
      <trkpt lat="39.266921371076336" lon="118.45347331102735">
        <ele>2.4</ele>
        <time>2024-04-25T11:32:59Z</time>
      </trkpt>
      <trkpt lat="39.26692661090207" lon="118.45351437657321">
        <ele>2.4</ele>
        <time>2024-04-25T11:33:00Z</time>
      </trkpt>
      <trkpt lat="39.266926654157906" lon="118.45354878934933">
        <ele>2.4</ele>
        <time>2024-04-25T11:33:01Z</time>
      </trkpt>
      <trkpt lat="39.26692544004859" lon="118.45357780523806">
        <ele>2.3</ele>
        <time>2024-04-25T11:33:02Z</time>
      </trkpt>
      <trkpt lat="39.266925536814476" lon="118.45360584071115">
        <ele>2.3</ele>
        <time>2024-04-25T11:33:03Z</time>
      </trkpt>
      <trkpt lat="39.26692999139044" lon="118.45363669623782">
        <ele>2.3</ele>
        <time>2024-04-25T11:33:04Z</time>
      </trkpt>
      <trkpt lat="39.26693434759633" lon="118.453671170928">
        <ele>2.3</ele>
        <time>2024-04-25T11:33:05Z</time>
      </trkpt>
      <trkpt lat="39.26693797619789" lon="118.45371065454569">
        <ele>2.3</ele>
        <time>2024-04-25T11:33:06Z</time>
      </trkpt>
      <trkpt lat="39.26693955168031" lon="118.45374701640311">
        <ele>2.3</ele>
        <time>2024-04-25T11:33:07Z</time>
      </trkpt>
      <trkpt lat="39.26694164424053" lon="118.45378363183951">
        <ele>2.3</ele>
        <time>2024-04-25T11:33:08Z</time>
      </trkpt>
      <trkpt lat="39.26694340986899" lon="118.4538207177342">
        <ele>2.3</ele>
        <time>2024-04-25T11:33:09Z</time>
      </trkpt>
      <trkpt lat="39.26694624886389" lon="118.45385692501807">
        <ele>2.3</ele>
        <time>2024-04-25T11:33:10Z</time>
      </trkpt>
      <trkpt lat="39.266952701445135" lon="118.45389200204586">
        <ele>2.3</ele>
        <time>2024-04-25T11:33:11Z</time>
      </trkpt>
      <trkpt lat="39.2669579701302" lon="118.45392154987323">
        <ele>1.5</ele>
        <time>2024-04-25T11:33:12Z</time>
      </trkpt>
      <trkpt lat="39.266959722362266" lon="118.45395570091286">
        <ele>1.5</ele>
        <time>2024-04-25T11:33:13Z</time>
      </trkpt>
      <trkpt lat="39.26695888004816" lon="118.45399315607348">
        <ele>1.5</ele>
        <time>2024-04-25T11:33:14Z</time>
      </trkpt>
      <trkpt lat="39.26696054516817" lon="118.45404352626485">
        <ele>1.5</ele>
        <time>2024-04-25T11:33:16Z</time>
      </trkpt>
      <trkpt lat="39.266965395822886" lon="118.45409005213295">
        <ele>1.5</ele>
        <time>2024-04-25T11:33:17Z</time>
      </trkpt>
      <trkpt lat="39.26696976707666" lon="118.45413762555098">
        <ele>1.5</ele>
        <time>2024-04-25T11:33:18Z</time>
      </trkpt>
      <trkpt lat="39.26697211976133" lon="118.45417542773565">
        <ele>1.5</ele>
        <time>2024-04-25T11:33:19Z</time>
      </trkpt>
      <trkpt lat="39.266973401121" lon="118.45421713764071">
        <ele>1.5</ele>
        <time>2024-04-25T11:33:20Z</time>
      </trkpt>
      <trkpt lat="39.26697354309751" lon="118.45425725137535">
        <ele>1.5</ele>
        <time>2024-04-25T11:33:21Z</time>
      </trkpt>
      <trkpt lat="39.2669727510219" lon="118.45429885468548">
        <ele>1.5</ele>
        <time>2024-04-25T11:33:22Z</time>
      </trkpt>
      <trkpt lat="39.266971450664535" lon="118.45434188147256">
        <ele>1.5</ele>
        <time>2024-04-25T11:33:23Z</time>
      </trkpt>
      <trkpt lat="39.26696986178005" lon="118.4543846261004">
        <ele>1.5</ele>
        <time>2024-04-25T11:33:24Z</time>
      </trkpt>
      <trkpt lat="39.26696943124227" lon="118.45442932394047">
        <ele>1.5</ele>
        <time>2024-04-25T11:33:25Z</time>
      </trkpt>
      <trkpt lat="39.266970179204364" lon="118.45446819985935">
        <ele>1.5</ele>
        <time>2024-04-25T11:33:26Z</time>
      </trkpt>
      <trkpt lat="39.26697088781711" lon="118.45450244170746">
        <ele>1.5</ele>
        <time>2024-04-25T11:33:27Z</time>
      </trkpt>
      <trkpt lat="39.26696921957094" lon="118.45453137933738">
        <ele>1.5</ele>
        <time>2024-04-25T11:33:28Z</time>
      </trkpt>
      <trkpt lat="39.26696584279221" lon="118.45456465495637">
        <ele>1.5</ele>
        <time>2024-04-25T11:33:29Z</time>
      </trkpt>
      <trkpt lat="39.26696485974104" lon="118.45460261359557">
        <ele>1.5</ele>
        <time>2024-04-25T11:33:30Z</time>
      </trkpt>
      <trkpt lat="39.26696672285237" lon="118.45464513124575">
        <ele>1.5</ele>
        <time>2024-04-25T11:33:31Z</time>
      </trkpt>
      <trkpt lat="39.26697407035251" lon="118.45468647166705">
        <ele>1.5</ele>
        <time>2024-04-25T11:33:32Z</time>
      </trkpt>
      <trkpt lat="39.26697706376155" lon="118.45473700934689">
        <ele>1.5</ele>
        <time>2024-04-25T11:33:34Z</time>
      </trkpt>
      <trkpt lat="39.26698069051429" lon="118.4547915348329">
        <ele>1.5</ele>
        <time>2024-04-25T11:33:35Z</time>
      </trkpt>
      <trkpt lat="39.26698389521999" lon="118.45485558130393">
        <ele>1.5</ele>
        <time>2024-04-25T11:33:36Z</time>
      </trkpt>
      <trkpt lat="39.26699205665957" lon="118.45491540515354">
        <ele>1.5</ele>
        <time>2024-04-25T11:33:37Z</time>
      </trkpt>
      <trkpt lat="39.26699722350999" lon="118.45497284175893">
        <ele>1.5</ele>
        <time>2024-04-25T11:33:38Z</time>
      </trkpt>
      <trkpt lat="39.266997351076675" lon="118.45502896999558">
        <ele>1.5</ele>
        <time>2024-04-25T11:33:39Z</time>
      </trkpt>
      <trkpt lat="39.26699526556411" lon="118.45508430346662">
        <ele>1.5</ele>
        <time>2024-04-25T11:33:40Z</time>
      </trkpt>
      <trkpt lat="39.26699435648025" lon="118.45514190992846">
        <ele>1.5</ele>
        <time>2024-04-25T11:33:41Z</time>
      </trkpt>
      <trkpt lat="39.26699451852109" lon="118.4551914248253">
        <ele>1.2</ele>
        <time>2024-04-25T11:33:42Z</time>
      </trkpt>
      <trkpt lat="39.26699458505632" lon="118.45524068771384">
        <ele>1.2</ele>
        <time>2024-04-25T11:33:43Z</time>
      </trkpt>
      <trkpt lat="39.266995355644134" lon="118.45528407196834">
        <ele>1.2</ele>
        <time>2024-04-25T11:33:44Z</time>
      </trkpt>
      <trkpt lat="39.26699712878116" lon="118.45532829740024">
        <ele>1.2</ele>
        <time>2024-04-25T11:33:45Z</time>
      </trkpt>
      <trkpt lat="39.26699956596789" lon="118.45536687082699">
        <ele>1.2</ele>
        <time>2024-04-25T11:33:46Z</time>
      </trkpt>
      <trkpt lat="39.26700196238652" lon="118.45540433578643">
        <ele>1.2</ele>
        <time>2024-04-25T11:33:47Z</time>
      </trkpt>
      <trkpt lat="39.26700363468638" lon="118.45544133996539">
        <ele>1.2</ele>
        <time>2024-04-25T11:33:48Z</time>
      </trkpt>
      <trkpt lat="39.267004669529534" lon="118.45547767775652">
        <ele>1.2</ele>
        <time>2024-04-25T11:33:49Z</time>
      </trkpt>
      <trkpt lat="39.26700529269469" lon="118.45551662087593">
        <ele>1.2</ele>
        <time>2024-04-25T11:33:50Z</time>
      </trkpt>
      <trkpt lat="39.26700604168406" lon="118.4555540705927">
        <ele>1.8</ele>
        <time>2024-04-25T11:33:52Z</time>
      </trkpt>
      <trkpt lat="39.26700744201401" lon="118.45560054866368">
        <ele>1.8</ele>
        <time>2024-04-25T11:33:53Z</time>
      </trkpt>
      <trkpt lat="39.267009048017385" lon="118.455652668522">
        <ele>1.8</ele>
        <time>2024-04-25T11:33:54Z</time>
      </trkpt>
      <trkpt lat="39.267010795352434" lon="118.45571128267753">
        <ele>1.8</ele>
        <time>2024-04-25T11:33:55Z</time>
      </trkpt>
      <trkpt lat="39.26701309492356" lon="118.45576392142908">
        <ele>1.8</ele>
        <time>2024-04-25T11:33:56Z</time>
      </trkpt>
      <trkpt lat="39.26701612842226" lon="118.45580848746283">
        <ele>1.8</ele>
        <time>2024-04-25T11:33:57Z</time>
      </trkpt>
      <trkpt lat="39.26701798212459" lon="118.4558472861307">
        <ele>1.8</ele>
        <time>2024-04-25T11:33:58Z</time>
      </trkpt>
      <trkpt lat="39.26701861850621" lon="118.45589047937179">
        <ele>1.8</ele>
        <time>2024-04-25T11:33:59Z</time>
      </trkpt>
      <trkpt lat="39.267019972035484" lon="118.45593578595118">
        <ele>1.8</ele>
        <time>2024-04-25T11:34:00Z</time>
      </trkpt>
      <trkpt lat="39.26702341632883" lon="118.4559833978446">
        <ele>1.8</ele>
        <time>2024-04-25T11:34:01Z</time>
      </trkpt>
      <trkpt lat="39.267027188247965" lon="118.45602534844534">
        <ele>1.7</ele>
        <time>2024-04-25T11:34:02Z</time>
      </trkpt>
      <trkpt lat="39.267028970976874" lon="118.45606532514398">
        <ele>1.7</ele>
        <time>2024-04-25T11:34:03Z</time>
      </trkpt>
      <trkpt lat="39.26702928575417" lon="118.45610268156058">
        <ele>1.7</ele>
        <time>2024-04-25T11:34:04Z</time>
      </trkpt>
      <trkpt lat="39.26702899021384" lon="118.45613773933273">
        <ele>1.7</ele>
        <time>2024-04-25T11:34:05Z</time>
      </trkpt>
      <trkpt lat="39.267031466933666" lon="118.45617285930227">
        <ele>1.7</ele>
        <time>2024-04-25T11:34:06Z</time>
      </trkpt>
      <trkpt lat="39.26703479490146" lon="118.45620402433623">
        <ele>1.7</ele>
        <time>2024-04-25T11:34:07Z</time>
      </trkpt>
      <trkpt lat="39.26703708703303" lon="118.45623545777478">
        <ele>1.7</ele>
        <time>2024-04-25T11:34:08Z</time>
      </trkpt>
      <trkpt lat="39.26703550832156" lon="118.45627551369333">
        <ele>1.7</ele>
        <time>2024-04-25T11:34:10Z</time>
      </trkpt>
      <trkpt lat="39.26703410849265" lon="118.45632048973653">
        <ele>1.7</ele>
        <time>2024-04-25T11:34:11Z</time>
      </trkpt>
      <trkpt lat="39.267034165714236" lon="118.45636557116971">
        <ele>1.3</ele>
        <time>2024-04-25T11:34:12Z</time>
      </trkpt>
      <trkpt lat="39.26703649432747" lon="118.45640368937244">
        <ele>1.3</ele>
        <time>2024-04-25T11:34:13Z</time>
      </trkpt>
      <trkpt lat="39.26703854896126" lon="118.45643870730143">
        <ele>1.3</ele>
        <time>2024-04-25T11:34:14Z</time>
      </trkpt>
      <trkpt lat="39.26704379908596" lon="118.4564746848325">
        <ele>1.3</ele>
        <time>2024-04-25T11:34:15Z</time>
      </trkpt>
      <trkpt lat="39.26704677577495" lon="118.4565086457083">
        <ele>1.3</ele>
        <time>2024-04-25T11:34:16Z</time>
      </trkpt>
      <trkpt lat="39.26704698282554" lon="118.45655108363272">
        <ele>1.3</ele>
        <time>2024-04-25T11:34:17Z</time>
      </trkpt>
      <trkpt lat="39.26704523171542" lon="118.45659893843528">
        <ele>1.3</ele>
        <time>2024-04-25T11:34:18Z</time>
      </trkpt>
      <trkpt lat="39.2670463537289" lon="118.45664992090182">
        <ele>1.3</ele>
        <time>2024-04-25T11:34:19Z</time>
      </trkpt>
      <trkpt lat="39.26705129526107" lon="118.45669734831716">
        <ele>1.3</ele>
        <time>2024-04-25T11:34:20Z</time>
      </trkpt>
      <trkpt lat="39.26705617989686" lon="118.45673913675597">
        <ele>1.3</ele>
        <time>2024-04-25T11:34:21Z</time>
      </trkpt>
      <trkpt lat="39.267061328529635" lon="118.45678102774934">
        <ele>1.7</ele>
        <time>2024-04-25T11:34:22Z</time>
      </trkpt>
      <trkpt lat="39.267065754049234" lon="118.4568181450607">
        <ele>1.7</ele>
        <time>2024-04-25T11:34:23Z</time>
      </trkpt>
      <trkpt lat="39.26706994573798" lon="118.45685948721643">
        <ele>1.7</ele>
        <time>2024-04-25T11:34:24Z</time>
      </trkpt>
      <trkpt lat="39.26707301720497" lon="118.45689969385053">
        <ele>1.7</ele>
        <time>2024-04-25T11:34:25Z</time>
      </trkpt>
      <trkpt lat="39.26707544256087" lon="118.4569427720162">
        <ele>1.7</ele>
        <time>2024-04-25T11:34:26Z</time>
      </trkpt>
      <trkpt lat="39.26707689948985" lon="118.45699452210953">
        <ele>1.7</ele>
        <time>2024-04-25T11:34:28Z</time>
      </trkpt>
      <trkpt lat="39.26707873978438" lon="118.45704706949932">
        <ele>1.7</ele>
        <time>2024-04-25T11:34:29Z</time>
      </trkpt>
      <trkpt lat="39.26708123837862" lon="118.45709977746981">
        <ele>1.7</ele>
        <time>2024-04-25T11:34:30Z</time>
      </trkpt>
      <trkpt lat="39.267087173517616" lon="118.45714330429035">
        <ele>1.7</ele>
        <time>2024-04-25T11:34:31Z</time>
      </trkpt>
      <trkpt lat="39.26709214551799" lon="118.45718279651443">
        <ele>2.2</ele>
        <time>2024-04-25T11:34:32Z</time>
      </trkpt>
      <trkpt lat="39.26709312305075" lon="118.45722347847638">
        <ele>2.2</ele>
        <time>2024-04-25T11:34:33Z</time>
      </trkpt>
      <trkpt lat="39.26709101862593" lon="118.45726395499722">
        <ele>2.2</ele>
        <time>2024-04-25T11:34:34Z</time>
      </trkpt>
      <trkpt lat="39.267089776945234" lon="118.45730707079692">
        <ele>2.2</ele>
        <time>2024-04-25T11:34:35Z</time>
      </trkpt>
      <trkpt lat="39.26709257914352" lon="118.45734993342779">
        <ele>2.2</ele>
        <time>2024-04-25T11:34:36Z</time>
      </trkpt>
      <trkpt lat="39.26709567779199" lon="118.45738885870693">
        <ele>2.2</ele>
        <time>2024-04-25T11:34:37Z</time>
      </trkpt>
      <trkpt lat="39.26709877862725" lon="118.457429069037">
        <ele>2.2</ele>
        <time>2024-04-25T11:34:38Z</time>
      </trkpt>
      <trkpt lat="39.26710125778711" lon="118.45746495910342">
        <ele>2.2</ele>
        <time>2024-04-25T11:34:39Z</time>
      </trkpt>
      <trkpt lat="39.26710313580376" lon="118.45750459736323">
        <ele>2.2</ele>
        <time>2024-04-25T11:34:40Z</time>
      </trkpt>
      <trkpt lat="39.2671045894047" lon="118.45754157897937">
        <ele>2.2</ele>
        <time>2024-04-25T11:34:41Z</time>
      </trkpt>
      <trkpt lat="39.26710690635338" lon="118.45757884813212">
        <ele>1.4</ele>
        <time>2024-04-25T11:34:42Z</time>
      </trkpt>
      <trkpt lat="39.267111848057134" lon="118.4576144290128">
        <ele>1.4</ele>
        <time>2024-04-25T11:34:43Z</time>
      </trkpt>
      <trkpt lat="39.26712084205493" lon="118.45764891390098">
        <ele>1.4</ele>
        <time>2024-04-25T11:34:44Z</time>
      </trkpt>
      <trkpt lat="39.26713038743434" lon="118.45768622843201">
        <ele>1.4</ele>
        <time>2024-04-25T11:34:46Z</time>
      </trkpt>
      <trkpt lat="39.26713851789129" lon="118.45772482594117">
        <ele>1.4</ele>
        <time>2024-04-25T11:34:47Z</time>
      </trkpt>
      <trkpt lat="39.26714304527861" lon="118.45776485918731">
        <ele>1.4</ele>
        <time>2024-04-25T11:34:48Z</time>
      </trkpt>
      <trkpt lat="39.267146829233646" lon="118.4578068991784">
        <ele>1.4</ele>
        <time>2024-04-25T11:34:49Z</time>
      </trkpt>
      <trkpt lat="39.26714909390354" lon="118.4578491049637">
        <ele>1.4</ele>
        <time>2024-04-25T11:34:50Z</time>
      </trkpt>
      <trkpt lat="39.267149226244086" lon="118.45789418419533">
        <ele>1.4</ele>
        <time>2024-04-25T11:34:51Z</time>
      </trkpt>
      <trkpt lat="39.26714575389918" lon="118.45794347738189">
        <ele>1</ele>
        <time>2024-04-25T11:34:52Z</time>
      </trkpt>
      <trkpt lat="39.26713922250919" lon="118.45799530053033">
        <ele>1</ele>
        <time>2024-04-25T11:34:53Z</time>
      </trkpt>
      <trkpt lat="39.26712962291255" lon="118.45805208688947">
        <ele>1</ele>
        <time>2024-04-25T11:34:54Z</time>
      </trkpt>
      <trkpt lat="39.267120778197395" lon="118.45810416606706">
        <ele>1</ele>
        <time>2024-04-25T11:34:55Z</time>
      </trkpt>
      <trkpt lat="39.26711446205892" lon="118.45815740012132">
        <ele>1</ele>
        <time>2024-04-25T11:34:56Z</time>
      </trkpt>
      <trkpt lat="39.26711264052714" lon="118.45820483719393">
        <ele>1</ele>
        <time>2024-04-25T11:34:57Z</time>
      </trkpt>
      <trkpt lat="39.267113517962414" lon="118.4582505404847">
        <ele>1</ele>
        <time>2024-04-25T11:34:58Z</time>
      </trkpt>
      <trkpt lat="39.26711612189313" lon="118.45829160158553">
        <ele>1</ele>
        <time>2024-04-25T11:34:59Z</time>
      </trkpt>
      <trkpt lat="39.26711977810242" lon="118.45833450731217">
        <ele>1</ele>
        <time>2024-04-25T11:35:00Z</time>
      </trkpt>
      <trkpt lat="39.26712390531916" lon="118.45837664157649">
        <ele>1</ele>
        <time>2024-04-25T11:35:01Z</time>
      </trkpt>
      <trkpt lat="39.267128337600816" lon="118.45841873969945">
        <ele>2.2</ele>
        <time>2024-04-25T11:35:02Z</time>
      </trkpt>
      <trkpt lat="39.26713348754884" lon="118.4584641572429">
        <ele>2.2</ele>
        <time>2024-04-25T11:35:04Z</time>
      </trkpt>
      <trkpt lat="39.26713777803155" lon="118.45851080082024">
        <ele>2.2</ele>
        <time>2024-04-25T11:35:05Z</time>
      </trkpt>
      <trkpt lat="39.26714112554752" lon="118.45855629379561">
        <ele>2.2</ele>
        <time>2024-04-25T11:35:06Z</time>
      </trkpt>
      <trkpt lat="39.26714306378712" lon="118.4585990617546">
        <ele>2.2</ele>
        <time>2024-04-25T11:35:07Z</time>
      </trkpt>
      <trkpt lat="39.267145100788255" lon="118.45864159039046">
        <ele>2.2</ele>
        <time>2024-04-25T11:35:08Z</time>
      </trkpt>
      <trkpt lat="39.26714761051264" lon="118.4586874901613">
        <ele>2.2</ele>
        <time>2024-04-25T11:35:09Z</time>
      </trkpt>
      <trkpt lat="39.26715061973362" lon="118.45873650142104">
        <ele>2.2</ele>
        <time>2024-04-25T11:35:10Z</time>
      </trkpt>
      <trkpt lat="39.26715318434524" lon="118.4587872236693">
        <ele>2.2</ele>
        <time>2024-04-25T11:35:11Z</time>
      </trkpt>
      <trkpt lat="39.26715467446791" lon="118.45884121139866">
        <ele>1.8</ele>
        <time>2024-04-25T11:35:12Z</time>
      </trkpt>
      <trkpt lat="39.267154882575234" lon="118.45889028454044">
        <ele>1.8</ele>
        <time>2024-04-25T11:35:13Z</time>
      </trkpt>
      <trkpt lat="39.26715499099032" lon="118.45894067238946">
        <ele>1.8</ele>
        <time>2024-04-25T11:35:14Z</time>
      </trkpt>
      <trkpt lat="39.26715610413329" lon="118.4589850369903">
        <ele>1.8</ele>
        <time>2024-04-25T11:35:15Z</time>
      </trkpt>
      <trkpt lat="39.26715902518447" lon="118.45902936167084">
        <ele>1.8</ele>
        <time>2024-04-25T11:35:16Z</time>
      </trkpt>
      <trkpt lat="39.26716268521436" lon="118.45906899387789">
        <ele>1.8</ele>
        <time>2024-04-25T11:35:17Z</time>
      </trkpt>
      <trkpt lat="39.26716596903422" lon="118.4591082183489">
        <ele>1.8</ele>
        <time>2024-04-25T11:35:18Z</time>
      </trkpt>
      <trkpt lat="39.26716828267401" lon="118.45914938410971">
        <ele>1.8</ele>
        <time>2024-04-25T11:35:19Z</time>
      </trkpt>
      <trkpt lat="39.26716998860362" lon="118.459190445524">
        <ele>1.8</ele>
        <time>2024-04-25T11:35:20Z</time>
      </trkpt>
      <trkpt lat="39.26717167896828" lon="118.4592456894867">
        <ele>1.1</ele>
        <time>2024-04-25T11:35:22Z</time>
      </trkpt>
      <trkpt lat="39.26717297426177" lon="118.45930522799269">
        <ele>1.1</ele>
        <time>2024-04-25T11:35:23Z</time>
      </trkpt>
      <trkpt lat="39.267174337489266" lon="118.45937591643859">
        <ele>1.1</ele>
        <time>2024-04-25T11:35:24Z</time>
      </trkpt>
      <trkpt lat="39.267175963670695" lon="118.45943393096327">
        <ele>1.1</ele>
        <time>2024-04-25T11:35:25Z</time>
      </trkpt>
      <trkpt lat="39.26717822262765" lon="118.45948630827911">
        <ele>1.1</ele>
        <time>2024-04-25T11:35:26Z</time>
      </trkpt>
      <trkpt lat="39.26718093441449" lon="118.4595274319818">
        <ele>1.1</ele>
        <time>2024-04-25T11:35:27Z</time>
      </trkpt>
      <trkpt lat="39.26718372096041" lon="118.4595685431062">
        <ele>1.1</ele>
        <time>2024-04-25T11:35:28Z</time>
      </trkpt>
      <trkpt lat="39.26718627020329" lon="118.45960777189568">
        <ele>1.1</ele>
        <time>2024-04-25T11:35:29Z</time>
      </trkpt>
      <trkpt lat="39.267188241078706" lon="118.45965051068605">
        <ele>1.1</ele>
        <time>2024-04-25T11:35:30Z</time>
      </trkpt>
      <trkpt lat="39.267189114446005" lon="118.45969087667883">
        <ele>1.1</ele>
        <time>2024-04-25T11:35:31Z</time>
      </trkpt>
      <trkpt lat="39.26718689262032" lon="118.45972988471212">
        <ele>1.3</ele>
        <time>2024-04-25T11:35:32Z</time>
      </trkpt>
      <trkpt lat="39.26718328769943" lon="118.4597585648468">
        <ele>1.3</ele>
        <time>2024-04-25T11:35:33Z</time>
      </trkpt>
      <trkpt lat="39.26718081032734" lon="118.45978157209893">
        <ele>1.3</ele>
        <time>2024-04-25T11:35:34Z</time>
      </trkpt>
      <trkpt lat="39.267183646392326" lon="118.45980316839443">
        <ele>1.3</ele>
        <time>2024-04-25T11:35:35Z</time>
      </trkpt>
      <trkpt lat="39.2671873994578" lon="118.4598286989134">
        <ele>1.3</ele>
        <time>2024-04-25T11:35:36Z</time>
      </trkpt>
      <trkpt lat="39.26719010756146" lon="118.45985621593826">
        <ele>1.3</ele>
        <time>2024-04-25T11:35:37Z</time>
      </trkpt>
      <trkpt lat="39.267190735430304" lon="118.45988324829985">
        <ele>1.3</ele>
        <time>2024-04-25T11:35:38Z</time>
      </trkpt>
      <trkpt lat="39.26719179638592" lon="118.45990764656433">
        <ele>1.3</ele>
        <time>2024-04-25T11:35:40Z</time>
      </trkpt>
      <trkpt lat="39.26719452035318" lon="118.45993878944572">
        <ele>1.3</ele>
        <time>2024-04-25T11:35:41Z</time>
      </trkpt>
      <trkpt lat="39.2671991948985" lon="118.45998356290644">
        <ele>1.5</ele>
        <time>2024-04-25T11:35:42Z</time>
      </trkpt>
      <trkpt lat="39.26720604190872" lon="118.4600383248206">
        <ele>1.5</ele>
        <time>2024-04-25T11:35:43Z</time>
      </trkpt>
      <trkpt lat="39.26721212060415" lon="118.46009094324849">
        <ele>1.5</ele>
        <time>2024-04-25T11:35:44Z</time>
      </trkpt>
      <trkpt lat="39.267213898279735" lon="118.46013448938044">
        <ele>1.5</ele>
        <time>2024-04-25T11:35:45Z</time>
      </trkpt>
      <trkpt lat="39.2672124257261" lon="118.46017964717073">
        <ele>1.5</ele>
        <time>2024-04-25T11:35:46Z</time>
      </trkpt>
      <trkpt lat="39.26721139003457" lon="118.46022693067087">
        <ele>1.5</ele>
        <time>2024-04-25T11:35:47Z</time>
      </trkpt>
      <trkpt lat="39.26721320679214" lon="118.46027290905742">
        <ele>1.5</ele>
        <time>2024-04-25T11:35:48Z</time>
      </trkpt>
      <trkpt lat="39.26721788947131" lon="118.46031579526168">
        <ele>1.5</ele>
        <time>2024-04-25T11:35:49Z</time>
      </trkpt>
      <trkpt lat="39.267223170490965" lon="118.46035418931443">
        <ele>1.5</ele>
        <time>2024-04-25T11:35:50Z</time>
      </trkpt>
      <trkpt lat="39.26722940707847" lon="118.4603913494697">
        <ele>1.5</ele>
        <time>2024-04-25T11:35:51Z</time>
      </trkpt>
      <trkpt lat="39.26723527575781" lon="118.46041972547775">
        <ele>1.6</ele>
        <time>2024-04-25T11:35:52Z</time>
      </trkpt>
      <trkpt lat="39.2672400590183" lon="118.46044595984088">
        <ele>1.6</ele>
        <time>2024-04-25T11:35:53Z</time>
      </trkpt>
      <trkpt lat="39.26724213568363" lon="118.46046385758795">
        <ele>1.6</ele>
        <time>2024-04-25T11:35:54Z</time>
      </trkpt>
      <trkpt lat="39.26724222292407" lon="118.46047834235193">
        <ele>1.6</ele>
        <time>2024-04-25T11:35:55Z</time>
      </trkpt>
      <trkpt lat="39.267238698285986" lon="118.46048740444787">
        <ele>1.6</ele>
        <time>2024-04-25T11:35:56Z</time>
      </trkpt>
      <trkpt lat="39.26723823069745" lon="118.46048921145572">
        <ele>1.6</ele>
        <time>2024-04-25T11:35:58Z</time>
      </trkpt>
      <trkpt lat="39.26723984485827" lon="118.46049922152832">
        <ele>1.6</ele>
        <time>2024-04-25T11:35:59Z</time>
      </trkpt>
      <trkpt lat="39.26724544889026" lon="118.46052556808951">
        <ele>1.6</ele>
        <time>2024-04-25T11:36:00Z</time>
      </trkpt>
      <trkpt lat="39.267247483595604" lon="118.46056856864827">
        <ele>1.6</ele>
        <time>2024-04-25T11:36:01Z</time>
      </trkpt>
      <trkpt lat="39.2672468365807" lon="118.46061529929474">
        <ele>1</ele>
        <time>2024-04-25T11:36:02Z</time>
      </trkpt>
      <trkpt lat="39.267244311194034" lon="118.46065560579301">
        <ele>1</ele>
        <time>2024-04-25T11:36:03Z</time>
      </trkpt>
      <trkpt lat="39.26724214063057" lon="118.46069515169019">
        <ele>1</ele>
        <time>2024-04-25T11:36:04Z</time>
      </trkpt>
      <trkpt lat="39.267240441674616" lon="118.46073641419748">
        <ele>1</ele>
        <time>2024-04-25T11:36:05Z</time>
      </trkpt>
      <trkpt lat="39.26723945334923" lon="118.46077809442001">
        <ele>1</ele>
        <time>2024-04-25T11:36:06Z</time>
      </trkpt>
      <trkpt lat="39.26723852466012" lon="118.46082281316386">
        <ele>1</ele>
        <time>2024-04-25T11:36:07Z</time>
      </trkpt>
      <trkpt lat="39.26723748691046" lon="118.46086159434282">
        <ele>1</ele>
        <time>2024-04-25T11:36:08Z</time>
      </trkpt>
      <trkpt lat="39.267235512143294" lon="118.46089709227238">
        <ele>1</ele>
        <time>2024-04-25T11:36:09Z</time>
      </trkpt>
      <trkpt lat="39.26723424290056" lon="118.46092017787531">
        <ele>1</ele>
        <time>2024-04-25T11:36:10Z</time>
      </trkpt>
      <trkpt lat="39.26723563046539" lon="118.4609408792468">
        <ele>1</ele>
        <time>2024-04-25T11:36:11Z</time>
      </trkpt>
      <trkpt lat="39.26724130018118" lon="118.46096578345947">
        <ele>0.9</ele>
        <time>2024-04-25T11:36:12Z</time>
      </trkpt>
      <trkpt lat="39.26724706068203" lon="118.46100046494908">
        <ele>0.9</ele>
        <time>2024-04-25T11:36:13Z</time>
      </trkpt>
      <trkpt lat="39.26725159744679" lon="118.46104121171861">
        <ele>0.9</ele>
        <time>2024-04-25T11:36:14Z</time>
      </trkpt>
      <trkpt lat="39.26725092778778" lon="118.4610845206504">
        <ele>0.9</ele>
        <time>2024-04-25T11:36:16Z</time>
      </trkpt>
      <trkpt lat="39.267250248504666" lon="118.4611208806392">
        <ele>0.9</ele>
        <time>2024-04-25T11:36:17Z</time>
      </trkpt>
      <trkpt lat="39.26725297815957" lon="118.4611497850653">
        <ele>0.9</ele>
        <time>2024-04-25T11:36:18Z</time>
      </trkpt>
      <trkpt lat="39.26725866784208" lon="118.46117262927419">
        <ele>0.9</ele>
        <time>2024-04-25T11:36:19Z</time>
      </trkpt>
      <trkpt lat="39.267264376152724" lon="118.46119906628675">
        <ele>0.9</ele>
        <time>2024-04-25T11:36:20Z</time>
      </trkpt>
      <trkpt lat="39.26726619572884" lon="118.46123051215734">
        <ele>0.9</ele>
        <time>2024-04-25T11:36:21Z</time>
      </trkpt>
      <trkpt lat="39.26726673468713" lon="118.46125941407091">
        <ele>0.9</ele>
        <time>2024-04-25T11:36:22Z</time>
      </trkpt>
      <trkpt lat="39.267266892711156" lon="118.46128982207743">
        <ele>0.9</ele>
        <time>2024-04-25T11:36:23Z</time>
      </trkpt>
      <trkpt lat="39.26726666880722" lon="118.4613166529399">
        <ele>0.9</ele>
        <time>2024-04-25T11:36:24Z</time>
      </trkpt>
      <trkpt lat="39.26726661947173" lon="118.46134450664992">
        <ele>0.9</ele>
        <time>2024-04-25T11:36:25Z</time>
      </trkpt>
      <trkpt lat="39.26726656558272" lon="118.46137319483213">
        <ele>0.9</ele>
        <time>2024-04-25T11:36:26Z</time>
      </trkpt>
      <trkpt lat="39.267266505046294" lon="118.46140246212542">
        <ele>0.9</ele>
        <time>2024-04-25T11:36:27Z</time>
      </trkpt>
      <trkpt lat="39.26726655328325" lon="118.4614323754331">
        <ele>0.9</ele>
        <time>2024-04-25T11:36:28Z</time>
      </trkpt>
      <trkpt lat="39.26726606379975" lon="118.46146238884243">
        <ele>0.9</ele>
        <time>2024-04-25T11:36:29Z</time>
      </trkpt>
      <trkpt lat="39.267263298032766" lon="118.4614928866641">
        <ele>0.9</ele>
        <time>2024-04-25T11:36:30Z</time>
      </trkpt>
      <trkpt lat="39.26726057324601" lon="118.46152189464696">
        <ele>0.9</ele>
        <time>2024-04-25T11:36:31Z</time>
      </trkpt>
      <trkpt lat="39.267260158114404" lon="118.46154738487346">
        <ele>1.1</ele>
        <time>2024-04-25T11:36:32Z</time>
      </trkpt>
      <trkpt lat="39.267265299247974" lon="118.46157978584637">
        <ele>1.1</ele>
        <time>2024-04-25T11:36:34Z</time>
      </trkpt>
      <trkpt lat="39.2672704350655" lon="118.46161657183539">
        <ele>1.1</ele>
        <time>2024-04-25T11:36:35Z</time>
      </trkpt>
      <trkpt lat="39.26727408920629" lon="118.46165420956663">
        <ele>1.1</ele>
        <time>2024-04-25T11:36:36Z</time>
      </trkpt>
      <trkpt lat="39.26727505368152" lon="118.46168478829685">
        <ele>1.1</ele>
        <time>2024-04-25T11:36:37Z</time>
      </trkpt>
      <trkpt lat="39.26727689884522" lon="118.46171574089861">
        <ele>1.1</ele>
        <time>2024-04-25T11:36:38Z</time>
      </trkpt>
      <trkpt lat="39.26727924795033" lon="118.46174668783092">
        <ele>1.1</ele>
        <time>2024-04-25T11:36:39Z</time>
      </trkpt>
      <trkpt lat="39.26728211826724" lon="118.46178122802378">
        <ele>1.1</ele>
        <time>2024-04-25T11:36:40Z</time>
      </trkpt>
      <trkpt lat="39.26728455900648" lon="118.4618133817875">
        <ele>1.1</ele>
        <time>2024-04-25T11:36:41Z</time>
      </trkpt>
      <trkpt lat="39.26728671045636" lon="118.46184640321505">
        <ele>0.9</ele>
        <time>2024-04-25T11:36:42Z</time>
      </trkpt>
      <trkpt lat="39.26728587250972" lon="118.46187821503563">
        <ele>0.9</ele>
        <time>2024-04-25T11:36:43Z</time>
      </trkpt>
      <trkpt lat="39.26728483825596" lon="118.46190709358575">
        <ele>0.9</ele>
        <time>2024-04-25T11:36:44Z</time>
      </trkpt>
      <trkpt lat="39.26728609999087" lon="118.46193443908453">
        <ele>0.9</ele>
        <time>2024-04-25T11:36:45Z</time>
      </trkpt>
      <trkpt lat="39.26729106315144" lon="118.46196125293503">
        <ele>0.9</ele>
        <time>2024-04-25T11:36:46Z</time>
      </trkpt>
      <trkpt lat="39.26729615531888" lon="118.46199181542495">
        <ele>0.9</ele>
        <time>2024-04-25T11:36:47Z</time>
      </trkpt>
      <trkpt lat="39.26729858004208" lon="118.4620233872579">
        <ele>0.9</ele>
        <time>2024-04-25T11:36:48Z</time>
      </trkpt>
      <trkpt lat="39.2672992751045" lon="118.4620527036101">
        <ele>0.9</ele>
        <time>2024-04-25T11:36:49Z</time>
      </trkpt>
      <trkpt lat="39.26730155598032" lon="118.46207552050309">
        <ele>0.9</ele>
        <time>2024-04-25T11:36:50Z</time>
      </trkpt>
      <trkpt lat="39.26730705857931" lon="118.46210774517185">
        <ele>1</ele>
        <time>2024-04-25T11:36:52Z</time>
      </trkpt>
      <trkpt lat="39.26731162455323" lon="118.46214875706798">
        <ele>1</ele>
        <time>2024-04-25T11:36:53Z</time>
      </trkpt>
      <trkpt lat="39.26731256294384" lon="118.46220105895804">
        <ele>1</ele>
        <time>2024-04-25T11:36:54Z</time>
      </trkpt>
      <trkpt lat="39.26730572046694" lon="118.46225115757093">
        <ele>1</ele>
        <time>2024-04-25T11:36:55Z</time>
      </trkpt>
      <trkpt lat="39.26729980692013" lon="118.46229568927824">
        <ele>1</ele>
        <time>2024-04-25T11:36:56Z</time>
      </trkpt>
      <trkpt lat="39.26729843436325" lon="118.4623430465842">
        <ele>1</ele>
        <time>2024-04-25T11:36:57Z</time>
      </trkpt>
      <trkpt lat="39.2673012149544" lon="118.46239069952438">
        <ele>1</ele>
        <time>2024-04-25T11:36:58Z</time>
      </trkpt>
      <trkpt lat="39.267303573513026" lon="118.46244261049364">
        <ele>1</ele>
        <time>2024-04-25T11:36:59Z</time>
      </trkpt>
      <trkpt lat="39.267302736416" lon="118.46249005680473">
        <ele>1</ele>
        <time>2024-04-25T11:37:00Z</time>
      </trkpt>
      <trkpt lat="39.267300319992245" lon="118.4625358857595">
        <ele>1</ele>
        <time>2024-04-25T11:37:01Z</time>
      </trkpt>
      <trkpt lat="39.26729731154289" lon="118.46257487285156">
        <ele>1.8</ele>
        <time>2024-04-25T11:37:02Z</time>
      </trkpt>
      <trkpt lat="39.26729450867421" lon="118.46260548374842">
        <ele>1.8</ele>
        <time>2024-04-25T11:37:03Z</time>
      </trkpt>
      <trkpt lat="39.267297663462834" lon="118.46262922713716">
        <ele>1.8</ele>
        <time>2024-04-25T11:37:04Z</time>
      </trkpt>
      <trkpt lat="39.26730217940918" lon="118.46265296146501">
        <ele>1.8</ele>
        <time>2024-04-25T11:37:05Z</time>
      </trkpt>
      <trkpt lat="39.26730671536782" lon="118.46268266107862">
        <ele>1.8</ele>
        <time>2024-04-25T11:37:06Z</time>
      </trkpt>
      <trkpt lat="39.2673066954308" lon="118.46271036564809">
        <ele>1.8</ele>
        <time>2024-04-25T11:37:07Z</time>
      </trkpt>
      <trkpt lat="39.26730555654708" lon="118.46273446395256">
        <ele>1.8</ele>
        <time>2024-04-25T11:37:08Z</time>
      </trkpt>
      <trkpt lat="39.26730551228699" lon="118.46274553978799">
        <ele>1.8</ele>
        <time>2024-04-25T11:37:10Z</time>
      </trkpt>
      <trkpt lat="39.267309646331654" lon="118.46276534545156">
        <ele>1.8</ele>
        <time>2024-04-25T11:37:11Z</time>
      </trkpt>
      <trkpt lat="39.267314971861026" lon="118.462796726314">
        <ele>1.1</ele>
        <time>2024-04-25T11:37:12Z</time>
      </trkpt>
      <trkpt lat="39.267319398343524" lon="118.46284580324665">
        <ele>1.1</ele>
        <time>2024-04-25T11:37:13Z</time>
      </trkpt>
      <trkpt lat="39.26731965967606" lon="118.46288965923428">
        <ele>1.1</ele>
        <time>2024-04-25T11:37:14Z</time>
      </trkpt>
      <trkpt lat="39.267318589109166" lon="118.4629322514639">
        <ele>1.1</ele>
        <time>2024-04-25T11:37:15Z</time>
      </trkpt>
      <trkpt lat="39.267316836618946" lon="118.46297091800277">
        <ele>1.1</ele>
        <time>2024-04-25T11:37:16Z</time>
      </trkpt>
      <trkpt lat="39.26731518762913" lon="118.46301511042753">
        <ele>1.1</ele>
        <time>2024-04-25T11:37:17Z</time>
      </trkpt>
      <trkpt lat="39.2673143560916" lon="118.46305512635065">
        <ele>1.1</ele>
        <time>2024-04-25T11:37:18Z</time>
      </trkpt>
      <trkpt lat="39.267314201888226" lon="118.46309445766423">
        <ele>1.1</ele>
        <time>2024-04-25T11:37:19Z</time>
      </trkpt>
      <trkpt lat="39.26731533349355" lon="118.46313225171004">
        <ele>1.1</ele>
        <time>2024-04-25T11:37:20Z</time>
      </trkpt>
      <trkpt lat="39.26731753063765" lon="118.4631669374329">
        <ele>1.1</ele>
        <time>2024-04-25T11:37:21Z</time>
      </trkpt>
      <trkpt lat="39.26732150992452" lon="118.46320023205325">
        <ele>0.5</ele>
        <time>2024-04-25T11:37:22Z</time>
      </trkpt>
      <trkpt lat="39.26732569954345" lon="118.4632281676954">
        <ele>0.5</ele>
        <time>2024-04-25T11:37:23Z</time>
      </trkpt>
      <trkpt lat="39.26732995703334" lon="118.4632567945779">
        <ele>0.5</ele>
        <time>2024-04-25T11:37:24Z</time>
      </trkpt>
      <trkpt lat="39.26733393877169" lon="118.46328860688118">
        <ele>0.5</ele>
        <time>2024-04-25T11:37:25Z</time>
      </trkpt>
      <trkpt lat="39.26733805638618" lon="118.46332231922507">
        <ele>0.5</ele>
        <time>2024-04-25T11:37:26Z</time>
      </trkpt>
      <trkpt lat="39.26734283711838" lon="118.4633628906236">
        <ele>0.5</ele>
        <time>2024-04-25T11:37:28Z</time>
      </trkpt>
      <trkpt lat="39.2673466644312" lon="118.46340156694326">
        <ele>0.5</ele>
        <time>2024-04-25T11:37:29Z</time>
      </trkpt>
      <trkpt lat="39.26734968645277" lon="118.46343764632525">
        <ele>0.5</ele>
        <time>2024-04-25T11:37:30Z</time>
      </trkpt>
      <trkpt lat="39.26735108243527" lon="118.46346863682025">
        <ele>0.5</ele>
        <time>2024-04-25T11:37:31Z</time>
      </trkpt>
      <trkpt lat="39.26735203230708" lon="118.46349632751854">
        <ele>1.3</ele>
        <time>2024-04-25T11:37:32Z</time>
      </trkpt>
      <trkpt lat="39.2673514619181" lon="118.46352724857638">
        <ele>1.3</ele>
        <time>2024-04-25T11:37:33Z</time>
      </trkpt>
      <trkpt lat="39.26735056549921" lon="118.46355344219685">
        <ele>1.3</ele>
        <time>2024-04-25T11:37:34Z</time>
      </trkpt>
      <trkpt lat="39.26735122723793" lon="118.46357764029777">
        <ele>1.3</ele>
        <time>2024-04-25T11:37:35Z</time>
      </trkpt>
      <trkpt lat="39.26735693854942" lon="118.46360183537308">
        <ele>1.3</ele>
        <time>2024-04-25T11:37:36Z</time>
      </trkpt>
      <trkpt lat="39.26736326448955" lon="118.46362922516258">
        <ele>1.3</ele>
        <time>2024-04-25T11:37:37Z</time>
      </trkpt>
      <trkpt lat="39.26736817236782" lon="118.46366252749364">
        <ele>1.3</ele>
        <time>2024-04-25T11:37:38Z</time>
      </trkpt>
      <trkpt lat="39.26736973845393" lon="118.46369337831477">
        <ele>1.3</ele>
        <time>2024-04-25T11:37:39Z</time>
      </trkpt>
      <trkpt lat="39.267371668525726" lon="118.46372294551415">
        <ele>1.3</ele>
        <time>2024-04-25T11:37:40Z</time>
      </trkpt>
      <trkpt lat="39.267374063979084" lon="118.46375148123656">
        <ele>1.3</ele>
        <time>2024-04-25T11:37:41Z</time>
      </trkpt>
      <trkpt lat="39.267376393291045" lon="118.46377900311484">
        <ele>1</ele>
        <time>2024-04-25T11:37:42Z</time>
      </trkpt>
      <trkpt lat="39.267378523939776" lon="118.46380969733156">
        <ele>1</ele>
        <time>2024-04-25T11:37:43Z</time>
      </trkpt>
      <trkpt lat="39.2673804672977" lon="118.46383798703711">
        <ele>1</ele>
        <time>2024-04-25T11:37:44Z</time>
      </trkpt>
      <trkpt lat="39.26738315812542" lon="118.46387356567855">
        <ele>1</ele>
        <time>2024-04-25T11:37:46Z</time>
      </trkpt>
      <trkpt lat="39.267386597101535" lon="118.46390886536707">
        <ele>1</ele>
        <time>2024-04-25T11:37:47Z</time>
      </trkpt>
      <trkpt lat="39.2673905454417" lon="118.4639442465167">
        <ele>1</ele>
        <time>2024-04-25T11:37:48Z</time>
      </trkpt>
      <trkpt lat="39.2673946925263" lon="118.46397682965907">
        <ele>1</ele>
        <time>2024-04-25T11:37:49Z</time>
      </trkpt>
      <trkpt lat="39.2673983890965" lon="118.46400722913268">
        <ele>1</ele>
        <time>2024-04-25T11:37:50Z</time>
      </trkpt>
      <trkpt lat="39.267401421819315" lon="118.46403744078675">
        <ele>1</ele>
        <time>2024-04-25T11:37:51Z</time>
      </trkpt>
      <trkpt lat="39.26740348254754" lon="118.46406691163725">
        <ele>0.8</ele>
        <time>2024-04-25T11:37:52Z</time>
      </trkpt>
      <trkpt lat="39.26740457134589" lon="118.46409468640057">
        <ele>0.8</ele>
        <time>2024-04-25T11:37:53Z</time>
      </trkpt>
      <trkpt lat="39.26740474227676" lon="118.46412470356708">
        <ele>0.8</ele>
        <time>2024-04-25T11:37:54Z</time>
      </trkpt>
      <trkpt lat="39.26740378850697" lon="118.46415183459023">
        <ele>0.8</ele>
        <time>2024-04-25T11:37:55Z</time>
      </trkpt>
      <trkpt lat="39.26740196346676" lon="118.46418074523051">
        <ele>0.8</ele>
        <time>2024-04-25T11:37:56Z</time>
      </trkpt>
      <trkpt lat="39.26739960840694" lon="118.46421203541526">
        <ele>0.8</ele>
        <time>2024-04-25T11:37:57Z</time>
      </trkpt>
      <trkpt lat="39.26739740551324" lon="118.46424534816754">
        <ele>0.8</ele>
        <time>2024-04-25T11:37:58Z</time>
      </trkpt>
      <trkpt lat="39.26739802676024" lon="118.46428269738907">
        <ele>0.8</ele>
        <time>2024-04-25T11:37:59Z</time>
      </trkpt>
      <trkpt lat="39.26740055878009" lon="118.46431670946406">
        <ele>0.8</ele>
        <time>2024-04-25T11:38:00Z</time>
      </trkpt>
      <trkpt lat="39.267402654920474" lon="118.46435220753438">
        <ele>0.8</ele>
        <time>2024-04-25T11:38:01Z</time>
      </trkpt>
      <trkpt lat="39.267402261411135" lon="118.46439020208228">
        <ele>0.6</ele>
        <time>2024-04-25T11:38:02Z</time>
      </trkpt>
      <trkpt lat="39.26740245501102" lon="118.46444490459044">
        <ele>0.6</ele>
        <time>2024-04-25T11:38:04Z</time>
      </trkpt>
      <trkpt lat="39.26740660982921" lon="118.46450615119174">
        <ele>0.6</ele>
        <time>2024-04-25T11:38:05Z</time>
      </trkpt>
      <trkpt lat="39.26741447496137" lon="118.46456967065534">
        <ele>0.6</ele>
        <time>2024-04-25T11:38:06Z</time>
      </trkpt>
      <trkpt lat="39.26742320183223" lon="118.46462181484965">
        <ele>0.6</ele>
        <time>2024-04-25T11:38:07Z</time>
      </trkpt>
      <trkpt lat="39.26743049971549" lon="118.46467259210417">
        <ele>0.6</ele>
        <time>2024-04-25T11:38:08Z</time>
      </trkpt>
      <trkpt lat="39.26743533822744" lon="118.46471768142177">
        <ele>0.6</ele>
        <time>2024-04-25T11:38:09Z</time>
      </trkpt>
      <trkpt lat="39.26743857598633" lon="118.4647634862567">
        <ele>0.6</ele>
        <time>2024-04-25T11:38:10Z</time>
      </trkpt>
      <trkpt lat="39.26744036015663" lon="118.46480419720261">
        <ele>0.6</ele>
        <time>2024-04-25T11:38:11Z</time>
      </trkpt>
      <trkpt lat="39.26744125634673" lon="118.46484743353938">
        <ele>1.4</ele>
        <time>2024-04-25T11:38:12Z</time>
      </trkpt>
      <trkpt lat="39.26744053970667" lon="118.46488658359317">
        <ele>1.4</ele>
        <time>2024-04-25T11:38:13Z</time>
      </trkpt>
      <trkpt lat="39.26743868273583" lon="118.46492495245975">
        <ele>1.4</ele>
        <time>2024-04-25T11:38:14Z</time>
      </trkpt>
      <trkpt lat="39.26743578147067" lon="118.46496106852295">
        <ele>1.4</ele>
        <time>2024-04-25T11:38:15Z</time>
      </trkpt>
      <trkpt lat="39.26743361112059" lon="118.46499501800872">
        <ele>1.4</ele>
        <time>2024-04-25T11:38:16Z</time>
      </trkpt>
      <trkpt lat="39.267433100065254" lon="118.46502447149747">
        <ele>1.4</ele>
        <time>2024-04-25T11:38:17Z</time>
      </trkpt>
      <trkpt lat="39.267433709013005" lon="118.46504773140506">
        <ele>1.4</ele>
        <time>2024-04-25T11:38:18Z</time>
      </trkpt>
      <trkpt lat="39.26743298814147" lon="118.46507048352704">
        <ele>1.4</ele>
        <time>2024-04-25T11:38:19Z</time>
      </trkpt>
      <trkpt lat="39.26742984811268" lon="118.46509967469592">
        <ele>1.4</ele>
        <time>2024-04-25T11:38:20Z</time>
      </trkpt>
      <trkpt lat="39.267428808539705" lon="118.46513704020269">
        <ele>0.7</ele>
        <time>2024-04-25T11:38:22Z</time>
      </trkpt>
      <trkpt lat="39.26742998321367" lon="118.46517584725854">
        <ele>0.7</ele>
        <time>2024-04-25T11:38:23Z</time>
      </trkpt>
      <trkpt lat="39.26743471130142" lon="118.46521470898041">
        <ele>0.7</ele>
        <time>2024-04-25T11:38:24Z</time>
      </trkpt>
      <trkpt lat="39.2674388465112" lon="118.46524877986089">
        <ele>0.7</ele>
        <time>2024-04-25T11:38:25Z</time>
      </trkpt>
      <trkpt lat="39.26744596247577" lon="118.46528197622649">
        <ele>0.7</ele>
        <time>2024-04-25T11:38:26Z</time>
      </trkpt>
      <trkpt lat="39.26745132235224" lon="118.46530851161286">
        <ele>0.7</ele>
        <time>2024-04-25T11:38:27Z</time>
      </trkpt>
      <trkpt lat="39.26745241946131" lon="118.46533582436858">
        <ele>0.7</ele>
        <time>2024-04-25T11:38:28Z</time>
      </trkpt>
      <trkpt lat="39.26745053404629" lon="118.46536462468264">
        <ele>0.7</ele>
        <time>2024-04-25T11:38:29Z</time>
      </trkpt>
      <trkpt lat="39.26745066372299" lon="118.46540146038994">
        <ele>0.7</ele>
        <time>2024-04-25T11:38:30Z</time>
      </trkpt>
      <trkpt lat="39.26745340357556" lon="118.46544027019047">
        <ele>0.7</ele>
        <time>2024-04-25T11:38:31Z</time>
      </trkpt>
      <trkpt lat="39.26745618032417" lon="118.46548114068952">
        <ele>0.5</ele>
        <time>2024-04-25T11:38:32Z</time>
      </trkpt>
      <trkpt lat="39.267457148574806" lon="118.46551825828146">
        <ele>0.5</ele>
        <time>2024-04-25T11:38:33Z</time>
      </trkpt>
      <trkpt lat="39.267458443978185" lon="118.46555375509438">
        <ele>0.5</ele>
        <time>2024-04-25T11:38:34Z</time>
      </trkpt>
      <trkpt lat="39.26745891119027" lon="118.46559000920834">
        <ele>0.5</ele>
        <time>2024-04-25T11:38:35Z</time>
      </trkpt>
      <trkpt lat="39.26745940996967" lon="118.46562568012546">
        <ele>0.5</ele>
        <time>2024-04-25T11:38:36Z</time>
      </trkpt>
      <trkpt lat="39.26746084513189" lon="118.4656650037539">
        <ele>0.5</ele>
        <time>2024-04-25T11:38:37Z</time>
      </trkpt>
      <trkpt lat="39.26746348733595" lon="118.46570067360389">
        <ele>0.5</ele>
        <time>2024-04-25T11:38:38Z</time>
      </trkpt>
      <trkpt lat="39.26746689785854" lon="118.4657467965954">
        <ele>0.5</ele>
        <time>2024-04-25T11:38:40Z</time>
      </trkpt>
      <trkpt lat="39.267469066426976" lon="118.46579017029204">
        <ele>0.5</ele>
        <time>2024-04-25T11:38:41Z</time>
      </trkpt>
      <trkpt lat="39.26746928832717" lon="118.46583774818234">
        <ele>0.9</ele>
        <time>2024-04-25T11:38:42Z</time>
      </trkpt>
      <trkpt lat="39.26746752271779" lon="118.46587257957769">
        <ele>0.9</ele>
        <time>2024-04-25T11:38:43Z</time>
      </trkpt>
      <trkpt lat="39.267464068145046" lon="118.46589984169847">
        <ele>0.9</ele>
        <time>2024-04-25T11:38:44Z</time>
      </trkpt>
      <trkpt lat="39.26746093994665" lon="118.46591177294749">
        <ele>0.9</ele>
        <time>2024-04-25T11:38:45Z</time>
      </trkpt>
      <trkpt lat="39.2674587659044" lon="118.46591030027771">
        <ele>0.9</ele>
        <time>2024-04-25T11:38:46Z</time>
      </trkpt>
      <trkpt lat="39.26745800070523" lon="118.46589624822121">
        <ele>0.9</ele>
        <time>2024-04-25T11:38:47Z</time>
      </trkpt>
      <trkpt lat="39.26745810535381" lon="118.46586953877616">
        <ele>0.9</ele>
        <time>2024-04-25T11:38:48Z</time>
      </trkpt>
      <trkpt lat="39.26745714777984" lon="118.46583713630659">
        <ele>0.9</ele>
        <time>2024-04-25T11:38:49Z</time>
      </trkpt>
      <trkpt lat="39.26745552967836" lon="118.46579784191157">
        <ele>0.9</ele>
        <time>2024-04-25T11:38:50Z</time>
      </trkpt>
      <trkpt lat="39.26745201101873" lon="118.46575824753765">
        <ele>0.9</ele>
        <time>2024-04-25T11:38:51Z</time>
      </trkpt>
      <trkpt lat="39.26744798843123" lon="118.46571650798339">
        <ele>0.5</ele>
        <time>2024-04-25T11:38:52Z</time>
      </trkpt>
      <trkpt lat="39.26744334325117" lon="118.46567333179381">
        <ele>0.5</ele>
        <time>2024-04-25T11:38:53Z</time>
      </trkpt>
      <trkpt lat="39.267439189423314" lon="118.46563087848624">
        <ele>0.5</ele>
        <time>2024-04-25T11:38:54Z</time>
      </trkpt>
      <trkpt lat="39.267436041573475" lon="118.46558489799608">
        <ele>0.5</ele>
        <time>2024-04-25T11:38:55Z</time>
      </trkpt>
      <trkpt lat="39.26743450743356" lon="118.46554403422856">
        <ele>0.5</ele>
        <time>2024-04-25T11:38:56Z</time>
      </trkpt>
      <trkpt lat="39.2674348175863" lon="118.46549981961913">
        <ele>0.5</ele>
        <time>2024-04-25T11:38:58Z</time>
      </trkpt>
      <trkpt lat="39.26743515933257" lon="118.46546410963414">
        <ele>0.5</ele>
        <time>2024-04-25T11:38:59Z</time>
      </trkpt>
      <trkpt lat="39.26743449903696" lon="118.46542742393267">
        <ele>0.5</ele>
        <time>2024-04-25T11:39:00Z</time>
      </trkpt>
      <trkpt lat="39.267431717605014" lon="118.4653969763258">
        <ele>0.5</ele>
        <time>2024-04-25T11:39:01Z</time>
      </trkpt>
      <trkpt lat="39.26742879096159" lon="118.46535925016939">
        <ele>0.4</ele>
        <time>2024-04-25T11:39:02Z</time>
      </trkpt>
      <trkpt lat="39.26742741326353" lon="118.46531968932273">
        <ele>0.4</ele>
        <time>2024-04-25T11:39:03Z</time>
      </trkpt>
      <trkpt lat="39.26742807026646" lon="118.46527100312093">
        <ele>0.4</ele>
        <time>2024-04-25T11:39:04Z</time>
      </trkpt>
      <trkpt lat="39.26743026368649" lon="118.46522064581863">
        <ele>0.4</ele>
        <time>2024-04-25T11:39:05Z</time>
      </trkpt>
      <trkpt lat="39.26743339977573" lon="118.4651654166548">
        <ele>0.4</ele>
        <time>2024-04-25T11:39:06Z</time>
      </trkpt>
      <trkpt lat="39.26743674788718" lon="118.46510693508459">
        <ele>0.4</ele>
        <time>2024-04-25T11:39:07Z</time>
      </trkpt>
      <trkpt lat="39.26743960693588" lon="118.46504670654008">
        <ele>0.4</ele>
        <time>2024-04-25T11:39:08Z</time>
      </trkpt>
      <trkpt lat="39.26744062645184" lon="118.4649885415286">
        <ele>0.4</ele>
        <time>2024-04-25T11:39:09Z</time>
      </trkpt>
      <trkpt lat="39.26743972264069" lon="118.46493407570172">
        <ele>0.4</ele>
        <time>2024-04-25T11:39:10Z</time>
      </trkpt>
      <trkpt lat="39.26743774810332" lon="118.46488487896738">
        <ele>0.4</ele>
        <time>2024-04-25T11:39:11Z</time>
      </trkpt>
      <trkpt lat="39.26743520210109" lon="118.46483743541921">
        <ele>1.5</ele>
        <time>2024-04-25T11:39:12Z</time>
      </trkpt>
      <trkpt lat="39.267432121431874" lon="118.4647949221013">
        <ele>1.5</ele>
        <time>2024-04-25T11:39:13Z</time>
      </trkpt>
      <trkpt lat="39.26742802155267" lon="118.46475071956739">
        <ele>1.5</ele>
        <time>2024-04-25T11:39:14Z</time>
      </trkpt>
      <trkpt lat="39.26742347648379" lon="118.46470951920706">
        <ele>1.5</ele>
        <time>2024-04-25T11:39:16Z</time>
      </trkpt>
      <trkpt lat="39.26741888725748" lon="118.46466941723922">
        <ele>1.5</ele>
        <time>2024-04-25T11:39:17Z</time>
      </trkpt>
      <trkpt lat="39.267414589761664" lon="118.46462619895297">
        <ele>1.5</ele>
        <time>2024-04-25T11:39:18Z</time>
      </trkpt>
      <trkpt lat="39.26741157233623" lon="118.46457848766264">
        <ele>1.5</ele>
        <time>2024-04-25T11:39:19Z</time>
      </trkpt>
      <trkpt lat="39.26740988369933" lon="118.46452190525403">
        <ele>1.5</ele>
        <time>2024-04-25T11:39:20Z</time>
      </trkpt>
      <trkpt lat="39.26740956112532" lon="118.46446550908105">
        <ele>1.5</ele>
        <time>2024-04-25T11:39:21Z</time>
      </trkpt>
      <trkpt lat="39.26741031996409" lon="118.4644023474035">
        <ele>0.6</ele>
        <time>2024-04-25T11:39:22Z</time>
      </trkpt>
      <trkpt lat="39.26741153752407" lon="118.4643416443171">
        <ele>0.6</ele>
        <time>2024-04-25T11:39:23Z</time>
      </trkpt>
      <trkpt lat="39.26741310461426" lon="118.4642803744137">
        <ele>0.6</ele>
        <time>2024-04-25T11:39:24Z</time>
      </trkpt>
      <trkpt lat="39.267414499251515" lon="118.4642219315789">
        <ele>0.6</ele>
        <time>2024-04-25T11:39:25Z</time>
      </trkpt>
      <trkpt lat="39.26741510270622" lon="118.46416640885587">
        <ele>0.6</ele>
        <time>2024-04-25T11:39:26Z</time>
      </trkpt>
      <trkpt lat="39.26741432214585" lon="118.46411610441571">
        <ele>0.6</ele>
        <time>2024-04-25T11:39:27Z</time>
      </trkpt>
      <trkpt lat="39.26741106278533" lon="118.46407132241104">
        <ele>0.6</ele>
        <time>2024-04-25T11:39:28Z</time>
      </trkpt>
      <trkpt lat="39.26740666012879" lon="118.46402864885829">
        <ele>0.6</ele>
        <time>2024-04-25T11:39:29Z</time>
      </trkpt>
      <trkpt lat="39.26740329682503" lon="118.4639838486587">
        <ele>0.6</ele>
        <time>2024-04-25T11:39:30Z</time>
      </trkpt>
      <trkpt lat="39.26740085228909" lon="118.4639416108179">
        <ele>0.6</ele>
        <time>2024-04-25T11:39:31Z</time>
      </trkpt>
      <trkpt lat="39.26739624424921" lon="118.46390213177015">
        <ele>0.4</ele>
        <time>2024-04-25T11:39:32Z</time>
      </trkpt>
      <trkpt lat="39.26738615512073" lon="118.46385377399446">
        <ele>0.4</ele>
        <time>2024-04-25T11:39:34Z</time>
      </trkpt>
      <trkpt lat="39.26737598618619" lon="118.46380437443361">
        <ele>0.4</ele>
        <time>2024-04-25T11:39:35Z</time>
      </trkpt>
      <trkpt lat="39.26737010118426" lon="118.46375106616814">
        <ele>0.4</ele>
        <time>2024-04-25T11:39:36Z</time>
      </trkpt>
      <trkpt lat="39.26736921973241" lon="118.46371289292257">
        <ele>0.4</ele>
        <time>2024-04-25T11:39:37Z</time>
      </trkpt>
      <trkpt lat="39.26736422424521" lon="118.46367615608709">
        <ele>0.4</ele>
        <time>2024-04-25T11:39:38Z</time>
      </trkpt>
      <trkpt lat="39.267357605931394" lon="118.46363998990503">
        <ele>0.4</ele>
        <time>2024-04-25T11:39:39Z</time>
      </trkpt>
      <trkpt lat="39.26735100583938" lon="118.46359955185923">
        <ele>0.4</ele>
        <time>2024-04-25T11:39:40Z</time>
      </trkpt>
      <trkpt lat="39.26735005489497" lon="118.46355474126732">
        <ele>0.4</ele>
        <time>2024-04-25T11:39:41Z</time>
      </trkpt>
      <trkpt lat="39.267350024423536" lon="118.46351132402964">
        <ele>0.2</ele>
        <time>2024-04-25T11:39:42Z</time>
      </trkpt>
      <trkpt lat="39.26735015533998" lon="118.46346462470082">
        <ele>0.2</ele>
        <time>2024-04-25T11:39:43Z</time>
      </trkpt>
      <trkpt lat="39.26734890950003" lon="118.46341982092872">
        <ele>0.2</ele>
        <time>2024-04-25T11:39:44Z</time>
      </trkpt>
      <trkpt lat="39.26734639842923" lon="118.46337339871982">
        <ele>0.2</ele>
        <time>2024-04-25T11:39:45Z</time>
      </trkpt>
      <trkpt lat="39.267342267078824" lon="118.46332571565152">
        <ele>0.2</ele>
        <time>2024-04-25T11:39:46Z</time>
      </trkpt>
      <trkpt lat="39.26733816600198" lon="118.46327719391333">
        <ele>0.2</ele>
        <time>2024-04-25T11:39:47Z</time>
      </trkpt>
      <trkpt lat="39.26733499305183" lon="118.46322540281847">
        <ele>0.2</ele>
        <time>2024-04-25T11:39:48Z</time>
      </trkpt>
      <trkpt lat="39.26733402396765" lon="118.4631762656111">
        <ele>0.2</ele>
        <time>2024-04-25T11:39:49Z</time>
      </trkpt>
      <trkpt lat="39.26733430319489" lon="118.46312715618828">
        <ele>0.2</ele>
        <time>2024-04-25T11:39:50Z</time>
      </trkpt>
      <trkpt lat="39.267337104586424" lon="118.46307339597774">
        <ele>1.2</ele>
        <time>2024-04-25T11:39:52Z</time>
      </trkpt>
      <trkpt lat="39.26733738698522" lon="118.46301977156465">
        <ele>1.2</ele>
        <time>2024-04-25T11:39:53Z</time>
      </trkpt>
      <trkpt lat="39.26733697822866" lon="118.46296967917117">
        <ele>1.2</ele>
        <time>2024-04-25T11:39:54Z</time>
      </trkpt>
      <trkpt lat="39.26733675837687" lon="118.46292861085695">
        <ele>1.2</ele>
        <time>2024-04-25T11:39:55Z</time>
      </trkpt>
      <trkpt lat="39.26734047268893" lon="118.4628831023756">
        <ele>1.2</ele>
        <time>2024-04-25T11:39:56Z</time>
      </trkpt>
      <trkpt lat="39.26734323068796" lon="118.46283360376006">
        <ele>1.2</ele>
        <time>2024-04-25T11:39:57Z</time>
      </trkpt>
      <trkpt lat="39.26734167701212" lon="118.46277838539876">
        <ele>1.2</ele>
        <time>2024-04-25T11:39:58Z</time>
      </trkpt>
      <trkpt lat="39.26733634013054" lon="118.46272798840718">
        <ele>1.2</ele>
        <time>2024-04-25T11:39:59Z</time>
      </trkpt>
      <trkpt lat="39.26732983929997" lon="118.46267510224052">
        <ele>1.2</ele>
        <time>2024-04-25T11:40:00Z</time>
      </trkpt>
      <trkpt lat="39.26732369762322" lon="118.46262749249799">
        <ele>1.2</ele>
        <time>2024-04-25T11:40:01Z</time>
      </trkpt>
      <trkpt lat="39.26731787889017" lon="118.46257843049479">
        <ele>0.5</ele>
        <time>2024-04-25T11:40:02Z</time>
      </trkpt>
      <trkpt lat="39.26731325963592" lon="118.462536060946">
        <ele>0.5</ele>
        <time>2024-04-25T11:40:03Z</time>
      </trkpt>
      <trkpt lat="39.2673084322291" lon="118.46249419844338">
        <ele>0.5</ele>
        <time>2024-04-25T11:40:04Z</time>
      </trkpt>
      <trkpt lat="39.2673040909206" lon="118.46245867635459">
        <ele>0.5</ele>
        <time>2024-04-25T11:40:05Z</time>
      </trkpt>
      <trkpt lat="39.26730057095196" lon="118.46242640171626">
        <ele>0.5</ele>
        <time>2024-04-25T11:40:06Z</time>
      </trkpt>
      <trkpt lat="39.26729910102601" lon="118.46239732730463">
        <ele>0.5</ele>
        <time>2024-04-25T11:40:07Z</time>
      </trkpt>
      <trkpt lat="39.267302060603704" lon="118.4623721497749">
        <ele>0.5</ele>
        <time>2024-04-25T11:40:09Z</time>
      </trkpt>
      <trkpt lat="39.267304525721585" lon="118.46234610966711">
        <ele>0.5</ele>
        <time>2024-04-25T11:40:10Z</time>
      </trkpt>
      <trkpt lat="39.26730563249912" lon="118.46231819680304">
        <ele>0.5</ele>
        <time>2024-04-25T11:40:11Z</time>
      </trkpt>
      <trkpt lat="39.26730252478223" lon="118.46228673630783">
        <ele>0.3</ele>
        <time>2024-04-25T11:40:12Z</time>
      </trkpt>
      <trkpt lat="39.26729898886093" lon="118.46225365898938">
        <ele>0.3</ele>
        <time>2024-04-25T11:40:13Z</time>
      </trkpt>
      <trkpt lat="39.26729445203278" lon="118.46221740384973">
        <ele>0.3</ele>
        <time>2024-04-25T11:40:14Z</time>
      </trkpt>
      <trkpt lat="39.26728880649114" lon="118.46217661539393">
        <ele>0.3</ele>
        <time>2024-04-25T11:40:15Z</time>
      </trkpt>
      <trkpt lat="39.267281805631335" lon="118.46212901108123">
        <ele>0.3</ele>
        <time>2024-04-25T11:40:16Z</time>
      </trkpt>
      <trkpt lat="39.26727492390571" lon="118.4620785032227">
        <ele>0.3</ele>
        <time>2024-04-25T11:40:17Z</time>
      </trkpt>
      <trkpt lat="39.26726827168164" lon="118.46201990439812">
        <ele>0.3</ele>
        <time>2024-04-25T11:40:18Z</time>
      </trkpt>
      <trkpt lat="39.267263816240906" lon="118.46196003350305">
        <ele>0.3</ele>
        <time>2024-04-25T11:40:19Z</time>
      </trkpt>
      <trkpt lat="39.267261481925885" lon="118.46189664594978">
        <ele>0.3</ele>
        <time>2024-04-25T11:40:20Z</time>
      </trkpt>
      <trkpt lat="39.26726144010848" lon="118.46183750152484">
        <ele>0.3</ele>
        <time>2024-04-25T11:40:21Z</time>
      </trkpt>
      <trkpt lat="39.267262337069184" lon="118.4617791925924">
        <ele>0.6</ele>
        <time>2024-04-25T11:40:22Z</time>
      </trkpt>
      <trkpt lat="39.26726389572946" lon="118.46172284164267">
        <ele>0.6</ele>
        <time>2024-04-25T11:40:23Z</time>
      </trkpt>
      <trkpt lat="39.26726602995475" lon="118.46166990726888">
        <ele>0.6</ele>
        <time>2024-04-25T11:40:24Z</time>
      </trkpt>
      <trkpt lat="39.26726994480078" lon="118.46161833278839">
        <ele>0.6</ele>
        <time>2024-04-25T11:40:25Z</time>
      </trkpt>
      <trkpt lat="39.267275561010585" lon="118.46157418686306">
        <ele>0.6</ele>
        <time>2024-04-25T11:40:26Z</time>
      </trkpt>
      <trkpt lat="39.267284648387744" lon="118.4615297660795">
        <ele>0.6</ele>
        <time>2024-04-25T11:40:28Z</time>
      </trkpt>
      <trkpt lat="39.2672916908113" lon="118.4614877024791">
        <ele>0.6</ele>
        <time>2024-04-25T11:40:29Z</time>
      </trkpt>
      <trkpt lat="39.26729569075659" lon="118.46144604106895">
        <ele>0.6</ele>
        <time>2024-04-25T11:40:30Z</time>
      </trkpt>
      <trkpt lat="39.26729451113717" lon="118.46140536466956">
        <ele>0.6</ele>
        <time>2024-04-25T11:40:31Z</time>
      </trkpt>
      <trkpt lat="39.26729262465303" lon="118.46136692736451">
        <ele>1.5</ele>
        <time>2024-04-25T11:40:32Z</time>
      </trkpt>
      <trkpt lat="39.267290796006" lon="118.46132274088419">
        <ele>1.5</ele>
        <time>2024-04-25T11:40:33Z</time>
      </trkpt>
      <trkpt lat="39.26728890895164" lon="118.46127668655433">
        <ele>1.5</ele>
        <time>2024-04-25T11:40:34Z</time>
      </trkpt>
      <trkpt lat="39.267286018392774" lon="118.46122476104497">
        <ele>1.5</ele>
        <time>2024-04-25T11:40:35Z</time>
      </trkpt>
      <trkpt lat="39.26728208398943" lon="118.46117555709317">
        <ele>1.5</ele>
        <time>2024-04-25T11:40:36Z</time>
      </trkpt>
      <trkpt lat="39.267277229793294" lon="118.46112793308781">
        <ele>1.5</ele>
        <time>2024-04-25T11:40:37Z</time>
      </trkpt>
      <trkpt lat="39.26727111992981" lon="118.46108165005127">
        <ele>1.5</ele>
        <time>2024-04-25T11:40:38Z</time>
      </trkpt>
      <trkpt lat="39.267264710568824" lon="118.46103771840176">
        <ele>1.5</ele>
        <time>2024-04-25T11:40:39Z</time>
      </trkpt>
      <trkpt lat="39.26725743180934" lon="118.4609934915365">
        <ele>1.5</ele>
        <time>2024-04-25T11:40:40Z</time>
      </trkpt>
      <trkpt lat="39.267251628146525" lon="118.46095505237834">
        <ele>1.5</ele>
        <time>2024-04-25T11:40:41Z</time>
      </trkpt>
      <trkpt lat="39.26724601306456" lon="118.46091618276093">
        <ele>0.5</ele>
        <time>2024-04-25T11:40:42Z</time>
      </trkpt>
      <trkpt lat="39.26724197093877" lon="118.46088390754167">
        <ele>0.5</ele>
        <time>2024-04-25T11:40:43Z</time>
      </trkpt>
      <trkpt lat="39.26723804241057" lon="118.46085549685603">
        <ele>0.5</ele>
        <time>2024-04-25T11:40:44Z</time>
      </trkpt>
      <trkpt lat="39.26723612435627" lon="118.46083967029604">
        <ele>0.5</ele>
        <time>2024-04-25T11:40:46Z</time>
      </trkpt>
      <trkpt lat="39.267237217264864" lon="118.46081975276465">
        <ele>0.5</ele>
        <time>2024-04-25T11:40:47Z</time>
      </trkpt>
      <trkpt lat="39.26723967070966" lon="118.46079196206836">
        <ele>0.5</ele>
        <time>2024-04-25T11:40:48Z</time>
      </trkpt>
      <trkpt lat="39.267241362021956" lon="118.46074638892964">
        <ele>0.5</ele>
        <time>2024-04-25T11:40:49Z</time>
      </trkpt>
      <trkpt lat="39.26724041181903" lon="118.46069764180051">
        <ele>0.5</ele>
        <time>2024-04-25T11:40:50Z</time>
      </trkpt>
      <trkpt lat="39.26723848928835" lon="118.46064447545835">
        <ele>0.5</ele>
        <time>2024-04-25T11:40:51Z</time>
      </trkpt>
      <trkpt lat="39.26723580464986" lon="118.46059253941887">
        <ele>0.1</ele>
        <time>2024-04-25T11:40:52Z</time>
      </trkpt>
      <trkpt lat="39.267231369861754" lon="118.4605386752877">
        <ele>0.1</ele>
        <time>2024-04-25T11:40:53Z</time>
      </trkpt>
      <trkpt lat="39.26722484518272" lon="118.46048401587127">
        <ele>0.1</ele>
        <time>2024-04-25T11:40:54Z</time>
      </trkpt>
      <trkpt lat="39.267217877598476" lon="118.46042993213887">
        <ele>0.1</ele>
        <time>2024-04-25T11:40:55Z</time>
      </trkpt>
      <trkpt lat="39.267212158474024" lon="118.46037460280122">
        <ele>0.1</ele>
        <time>2024-04-25T11:40:56Z</time>
      </trkpt>
      <trkpt lat="39.267208600719364" lon="118.46032580505435">
        <ele>0.1</ele>
        <time>2024-04-25T11:40:57Z</time>
      </trkpt>
      <trkpt lat="39.26720685445582" lon="118.4602817055917">
        <ele>0.1</ele>
        <time>2024-04-25T11:40:58Z</time>
      </trkpt>
      <trkpt lat="39.26720596615841" lon="118.46024372675012">
        <ele>0.1</ele>
        <time>2024-04-25T11:40:59Z</time>
      </trkpt>
      <trkpt lat="39.26720520884511" lon="118.46020383690369">
        <ele>0.1</ele>
        <time>2024-04-25T11:41:00Z</time>
      </trkpt>
      <trkpt lat="39.2672035683801" lon="118.46016221891213">
        <ele>0.1</ele>
        <time>2024-04-25T11:41:01Z</time>
      </trkpt>
      <trkpt lat="39.26720143277375" lon="118.46011679633665">
        <ele>0.8</ele>
        <time>2024-04-25T11:41:02Z</time>
      </trkpt>
      <trkpt lat="39.267196914319385" lon="118.4600656394986">
        <ele>0.8</ele>
        <time>2024-04-25T11:41:04Z</time>
      </trkpt>
      <trkpt lat="39.26719070173197" lon="118.46001831685628">
        <ele>0.8</ele>
        <time>2024-04-25T11:41:05Z</time>
      </trkpt>
      <trkpt lat="39.26718362744275" lon="118.4599793671303">
        <ele>0.8</ele>
        <time>2024-04-25T11:41:06Z</time>
      </trkpt>
      <trkpt lat="39.26718101167377" lon="118.45995191273333">
        <ele>0.8</ele>
        <time>2024-04-25T11:41:07Z</time>
      </trkpt>
      <trkpt lat="39.26717958968077" lon="118.45992138801722">
        <ele>0.8</ele>
        <time>2024-04-25T11:41:08Z</time>
      </trkpt>
      <trkpt lat="39.26717792289546" lon="118.4598859437342">
        <ele>0.8</ele>
        <time>2024-04-25T11:41:09Z</time>
      </trkpt>
      <trkpt lat="39.26717311831473" lon="118.45984364414666">
        <ele>0.8</ele>
        <time>2024-04-25T11:41:10Z</time>
      </trkpt>
      <trkpt lat="39.26716909422768" lon="118.45980032113232">
        <ele>0.8</ele>
        <time>2024-04-25T11:41:11Z</time>
      </trkpt>
      <trkpt lat="39.267167238983056" lon="118.45975210150947">
        <ele>1</ele>
        <time>2024-04-25T11:41:12Z</time>
      </trkpt>
      <trkpt lat="39.267167762110546" lon="118.45970482875434">
        <ele>1</ele>
        <time>2024-04-25T11:41:13Z</time>
      </trkpt>
      <trkpt lat="39.267169745316664" lon="118.45965616998654">
        <ele>1</ele>
        <time>2024-04-25T11:41:14Z</time>
      </trkpt>
      <trkpt lat="39.26717253321644" lon="118.4596069327824">
        <ele>1</ele>
        <time>2024-04-25T11:41:15Z</time>
      </trkpt>
      <trkpt lat="39.267175183596216" lon="118.45955963420252">
        <ele>1</ele>
        <time>2024-04-25T11:41:16Z</time>
      </trkpt>
      <trkpt lat="39.26717739223722" lon="118.45951093768848">
        <ele>1</ele>
        <time>2024-04-25T11:41:17Z</time>
      </trkpt>
      <trkpt lat="39.26717843623349" lon="118.45946812792853">
        <ele>1</ele>
        <time>2024-04-25T11:41:18Z</time>
      </trkpt>
      <trkpt lat="39.26717767225146" lon="118.45942407288032">
        <ele>1</ele>
        <time>2024-04-25T11:41:19Z</time>
      </trkpt>
      <trkpt lat="39.26717476370469" lon="118.45938564843591">
        <ele>1</ele>
        <time>2024-04-25T11:41:20Z</time>
      </trkpt>
      <trkpt lat="39.267169988024285" lon="118.45934906489343">
        <ele>0.5</ele>
        <time>2024-04-25T11:41:22Z</time>
      </trkpt>
      <trkpt lat="39.267166544803416" lon="118.4593160663212">
        <ele>0.5</ele>
        <time>2024-04-25T11:41:23Z</time>
      </trkpt>
      <trkpt lat="39.267163991056535" lon="118.45928111163157">
        <ele>0.5</ele>
        <time>2024-04-25T11:41:24Z</time>
      </trkpt>
      <trkpt lat="39.26716232147894" lon="118.45923985322976">
        <ele>0.5</ele>
        <time>2024-04-25T11:41:25Z</time>
      </trkpt>
      <trkpt lat="39.26715923006064" lon="118.45919680406872">
        <ele>0.5</ele>
        <time>2024-04-25T11:41:26Z</time>
      </trkpt>
      <trkpt lat="39.26715584819559" lon="118.45915396825804">
        <ele>0.5</ele>
        <time>2024-04-25T11:41:27Z</time>
      </trkpt>
      <trkpt lat="39.26715224292505" lon="118.45911093199223">
        <ele>0.5</ele>
        <time>2024-04-25T11:41:28Z</time>
      </trkpt>
      <trkpt lat="39.26714872366902" lon="118.45906653541279">
        <ele>0.5</ele>
        <time>2024-04-25T11:41:29Z</time>
      </trkpt>
      <trkpt lat="39.26714514801863" lon="118.45902052875296">
        <ele>0.5</ele>
        <time>2024-04-25T11:41:30Z</time>
      </trkpt>
      <trkpt lat="39.26714225895168" lon="118.45897827899415">
        <ele>0.5</ele>
        <time>2024-04-25T11:41:31Z</time>
      </trkpt>
      <trkpt lat="39.26714033056643" lon="118.45893924682679">
        <ele>0.5</ele>
        <time>2024-04-25T11:41:32Z</time>
      </trkpt>
      <trkpt lat="39.26714000887758" lon="118.45890572520396">
        <ele>0.5</ele>
        <time>2024-04-25T11:41:33Z</time>
      </trkpt>
      <trkpt lat="39.26714089229151" lon="118.45887908637995">
        <ele>0.5</ele>
        <time>2024-04-25T11:41:34Z</time>
      </trkpt>
      <trkpt lat="39.267143101297236" lon="118.45885810984554">
        <ele>0.5</ele>
        <time>2024-04-25T11:41:35Z</time>
      </trkpt>
      <trkpt lat="39.26714548304203" lon="118.45884358012857">
        <ele>0.5</ele>
        <time>2024-04-25T11:41:36Z</time>
      </trkpt>
      <trkpt lat="39.2671487877655" lon="118.45883243646365">
        <ele>0.5</ele>
        <time>2024-04-25T11:41:37Z</time>
      </trkpt>
      <trkpt lat="39.26715444906897" lon="118.45882708031286">
        <ele>0.5</ele>
        <time>2024-04-25T11:41:39Z</time>
      </trkpt>
      <trkpt lat="39.26715940284356" lon="118.45882055465866">
        <ele>0.5</ele>
        <time>2024-04-25T11:41:40Z</time>
      </trkpt>
      <trkpt lat="39.26716120131713" lon="118.4588150083787">
        <ele>0.5</ele>
        <time>2024-04-25T11:41:41Z</time>
      </trkpt>
      <trkpt lat="39.267157819043206" lon="118.45880560638223">
        <ele>0.4</ele>
        <time>2024-04-25T11:41:42Z</time>
      </trkpt>
      <trkpt lat="39.26715280562105" lon="118.45879663051737">
        <ele>0.4</ele>
        <time>2024-04-25T11:41:43Z</time>
      </trkpt>
      <trkpt lat="39.267148266417614" lon="118.45878613469921">
        <ele>0.4</ele>
        <time>2024-04-25T11:41:44Z</time>
      </trkpt>
      <trkpt lat="39.26714491981128" lon="118.45877556618382">
        <ele>0.4</ele>
        <time>2024-04-25T11:41:45Z</time>
      </trkpt>
      <trkpt lat="39.267143243577856" lon="118.45876356877898">
        <ele>0.4</ele>
        <time>2024-04-25T11:41:46Z</time>
      </trkpt>
      <trkpt lat="39.26714256818249" lon="118.45874985103619">
        <ele>0.4</ele>
        <time>2024-04-25T11:41:47Z</time>
      </trkpt>
      <trkpt lat="39.267141924096585" lon="118.45873627828647">
        <ele>0.4</ele>
        <time>2024-04-25T11:41:48Z</time>
      </trkpt>
      <trkpt lat="39.26714032120541" lon="118.45872091006909">
        <ele>0.4</ele>
        <time>2024-04-25T11:41:49Z</time>
      </trkpt>
      <trkpt lat="39.26713799394203" lon="118.45870672556397">
        <ele>0.4</ele>
        <time>2024-04-25T11:41:50Z</time>
      </trkpt>
      <trkpt lat="39.26713443262563" lon="118.45869029692948">
        <ele>0.4</ele>
        <time>2024-04-25T11:41:51Z</time>
      </trkpt>
      <trkpt lat="39.26713050477838" lon="118.45867511674969">
        <ele>0.6</ele>
        <time>2024-04-25T11:41:52Z</time>
      </trkpt>
      <trkpt lat="39.267126872385866" lon="118.45865857143963">
        <ele>0.6</ele>
        <time>2024-04-25T11:41:53Z</time>
      </trkpt>
      <trkpt lat="39.267124591522695" lon="118.45864191509763">
        <ele>0.6</ele>
        <time>2024-04-25T11:41:54Z</time>
      </trkpt>
      <trkpt lat="39.26712410189364" lon="118.4586260701927">
        <ele>0.6</ele>
        <time>2024-04-25T11:41:55Z</time>
      </trkpt>
      <trkpt lat="39.26712415547307" lon="118.45860991050056">
        <ele>0.6</ele>
        <time>2024-04-25T11:41:56Z</time>
      </trkpt>
      <trkpt lat="39.2671236673273" lon="118.45859301977411">
        <ele>0.6</ele>
        <time>2024-04-25T11:41:58Z</time>
      </trkpt>
      <trkpt lat="39.26712251116742" lon="118.45857674273662">
        <ele>0.6</ele>
        <time>2024-04-25T11:41:59Z</time>
      </trkpt>
      <trkpt lat="39.267121741393794" lon="118.45856210687263">
        <ele>0.6</ele>
        <time>2024-04-25T11:42:00Z</time>
      </trkpt>
      <trkpt lat="39.267123438955025" lon="118.45854919516455">
        <ele>0.6</ele>
        <time>2024-04-25T11:42:01Z</time>
      </trkpt>
      <trkpt lat="39.26712666160355" lon="118.4585333600119">
        <ele>0.5</ele>
        <time>2024-04-25T11:42:02Z</time>
      </trkpt>
      <trkpt lat="39.26713017037049" lon="118.45851371346265">
        <ele>0.5</ele>
        <time>2024-04-25T11:42:03Z</time>
      </trkpt>
      <trkpt lat="39.267132264816496" lon="118.45849158687892">
        <ele>0.5</ele>
        <time>2024-04-25T11:42:04Z</time>
      </trkpt>
      <trkpt lat="39.267133642256326" lon="118.45846819709756">
        <ele>0.5</ele>
        <time>2024-04-25T11:42:05Z</time>
      </trkpt>
      <trkpt lat="39.26713474740646" lon="118.45844693604144">
        <ele>0.5</ele>
        <time>2024-04-25T11:42:06Z</time>
      </trkpt>
      <trkpt lat="39.26713669320429" lon="118.45842552210419">
        <ele>0.5</ele>
        <time>2024-04-25T11:42:07Z</time>
      </trkpt>
      <trkpt lat="39.267139103107226" lon="118.45840488565803">
        <ele>0.5</ele>
        <time>2024-04-25T11:42:08Z</time>
      </trkpt>
      <trkpt lat="39.26714162128043" lon="118.4583825383477">
        <ele>0.5</ele>
        <time>2024-04-25T11:42:09Z</time>
      </trkpt>
      <trkpt lat="39.26714335788796" lon="118.45836082846141">
        <ele>0.5</ele>
        <time>2024-04-25T11:42:10Z</time>
      </trkpt>
      <trkpt lat="39.26714396138124" lon="118.45833928476117">
        <ele>0.5</ele>
        <time>2024-04-25T11:42:11Z</time>
      </trkpt>
      <trkpt lat="39.26714384572233" lon="118.45831830545093">
        <ele>0.5</ele>
        <time>2024-04-25T11:42:12Z</time>
      </trkpt>
      <trkpt lat="39.26714307118612" lon="118.4582974002594">
        <ele>0.5</ele>
        <time>2024-04-25T11:42:13Z</time>
      </trkpt>
      <trkpt lat="39.2671415455722" lon="118.45827583072838">
        <ele>0.5</ele>
        <time>2024-04-25T11:42:14Z</time>
      </trkpt>
      <trkpt lat="39.267139178772375" lon="118.45825334569369">
        <ele>0.5</ele>
        <time>2024-04-25T11:42:16Z</time>
      </trkpt>
      <trkpt lat="39.26713643349551" lon="118.45823211442368">
        <ele>0.5</ele>
        <time>2024-04-25T11:42:17Z</time>
      </trkpt>
      <trkpt lat="39.26713391411394" lon="118.45821334400601">
        <ele>0.5</ele>
        <time>2024-04-25T11:42:18Z</time>
      </trkpt>
      <trkpt lat="39.26713151607348" lon="118.45819698917472">
        <ele>0.5</ele>
        <time>2024-04-25T11:42:19Z</time>
      </trkpt>
      <trkpt lat="39.267129268091644" lon="118.45818180913692">
        <ele>0.5</ele>
        <time>2024-04-25T11:42:20Z</time>
      </trkpt>
      <trkpt lat="39.26712667821663" lon="118.45816677753871">
        <ele>0.5</ele>
        <time>2024-04-25T11:42:21Z</time>
      </trkpt>
      <trkpt lat="39.26712490793267" lon="118.45815343691544">
        <ele>0.5</ele>
        <time>2024-04-25T11:42:22Z</time>
      </trkpt>
      <trkpt lat="39.26712285093425" lon="118.45813951111198">
        <ele>0.5</ele>
        <time>2024-04-25T11:42:23Z</time>
      </trkpt>
      <trkpt lat="39.26712086506825" lon="118.45812627586825">
        <ele>0.5</ele>
        <time>2024-04-25T11:42:24Z</time>
      </trkpt>
      <trkpt lat="39.26711836234726" lon="118.45811251919315">
        <ele>0.5</ele>
        <time>2024-04-25T11:42:25Z</time>
      </trkpt>
      <trkpt lat="39.26711615297633" lon="118.45809943264001">
        <ele>0.5</ele>
        <time>2024-04-25T11:42:26Z</time>
      </trkpt>
      <trkpt lat="39.26711408429104" lon="118.4580861178115">
        <ele>0.5</ele>
        <time>2024-04-25T11:42:27Z</time>
      </trkpt>
      <trkpt lat="39.26711199786988" lon="118.4580725923295">
        <ele>0.5</ele>
        <time>2024-04-25T11:42:28Z</time>
      </trkpt>
      <trkpt lat="39.267109527585994" lon="118.45805807771336">
        <ele>0.5</ele>
        <time>2024-04-25T11:42:29Z</time>
      </trkpt>
      <trkpt lat="39.26710694195907" lon="118.45804294870206">
        <ele>0.5</ele>
        <time>2024-04-25T11:42:30Z</time>
      </trkpt>
      <trkpt lat="39.26710343800972" lon="118.45802401759057">
        <ele>0.5</ele>
        <time>2024-04-25T11:42:31Z</time>
      </trkpt>
      <trkpt lat="39.26709839010819" lon="118.45799803229792">
        <ele>0.5</ele>
        <time>2024-04-25T11:42:33Z</time>
      </trkpt>
      <trkpt lat="39.267094298430834" lon="118.45796520520116">
        <ele>0.5</ele>
        <time>2024-04-25T11:42:34Z</time>
      </trkpt>
      <trkpt lat="39.26709268847395" lon="118.45792825467034">
        <ele>0.5</ele>
        <time>2024-04-25T11:42:35Z</time>
      </trkpt>
      <trkpt lat="39.26709369756003" lon="118.45789271104034">
        <ele>0.5</ele>
        <time>2024-04-25T11:42:36Z</time>
      </trkpt>
      <trkpt lat="39.26709527025381" lon="118.45785700843825">
        <ele>0.5</ele>
        <time>2024-04-25T11:42:37Z</time>
      </trkpt>
      <trkpt lat="39.26709735952225" lon="118.45782291794394">
        <ele>0.5</ele>
        <time>2024-04-25T11:42:38Z</time>
      </trkpt>
      <trkpt lat="39.26710054113877" lon="118.45778857295025">
        <ele>0.5</ele>
        <time>2024-04-25T11:42:39Z</time>
      </trkpt>
      <trkpt lat="39.26710369280263" lon="118.4577565854073">
        <ele>0.5</ele>
        <time>2024-04-25T11:42:40Z</time>
      </trkpt>
      <trkpt lat="39.26710618885917" lon="118.4577267806206">
        <ele>0.5</ele>
        <time>2024-04-25T11:42:41Z</time>
      </trkpt>
      <trkpt lat="39.26710827543966" lon="118.45770096164969">
        <ele>0.5</ele>
        <time>2024-04-25T11:42:42Z</time>
      </trkpt>
      <trkpt lat="39.26711022237315" lon="118.45767844587428">
        <ele>0.5</ele>
        <time>2024-04-25T11:42:43Z</time>
      </trkpt>
      <trkpt lat="39.267111845916475" lon="118.45765943726155">
        <ele>0.5</ele>
        <time>2024-04-25T11:42:44Z</time>
      </trkpt>
      <trkpt lat="39.26711306036449" lon="118.45764410202416">
        <ele>0.5</ele>
        <time>2024-04-25T11:42:45Z</time>
      </trkpt>
      <trkpt lat="39.2671143709475" lon="118.45763275674673">
        <ele>0.5</ele>
        <time>2024-04-25T11:42:46Z</time>
      </trkpt>
      <trkpt lat="39.26711549386501" lon="118.4576219245991">
        <ele>0.5</ele>
        <time>2024-04-25T11:42:47Z</time>
      </trkpt>
      <trkpt lat="39.26711657109118" lon="118.45761049817587">
        <ele>0.5</ele>
        <time>2024-04-25T11:42:48Z</time>
      </trkpt>
      <trkpt lat="39.267117081769065" lon="118.45759700095698">
        <ele>0.5</ele>
        <time>2024-04-25T11:42:49Z</time>
      </trkpt>
      <trkpt lat="39.26711696458151" lon="118.45758350198712">
        <ele>0.5</ele>
        <time>2024-04-25T11:42:50Z</time>
      </trkpt>
      <trkpt lat="39.267115127386255" lon="118.45756714100744">
        <ele>0.5</ele>
        <time>2024-04-25T11:42:52Z</time>
      </trkpt>
      <trkpt lat="39.2671128600934" lon="118.45755230688233">
        <ele>0.5</ele>
        <time>2024-04-25T11:42:53Z</time>
      </trkpt>
      <trkpt lat="39.26710925547103" lon="118.45753770515651">
        <ele>0.5</ele>
        <time>2024-04-25T11:42:54Z</time>
      </trkpt>
      <trkpt lat="39.267105593138226" lon="118.45752681503346">
        <ele>0.5</ele>
        <time>2024-04-25T11:42:55Z</time>
      </trkpt>
      <trkpt lat="39.26710083667074" lon="118.45751639981938">
        <ele>0.5</ele>
        <time>2024-04-25T11:42:56Z</time>
      </trkpt>
      <trkpt lat="39.26709720825941" lon="118.45750797035792">
        <ele>0.5</ele>
        <time>2024-04-25T11:42:57Z</time>
      </trkpt>
      <trkpt lat="39.26709533809969" lon="118.45750014201506">
        <ele>0.5</ele>
        <time>2024-04-25T11:42:58Z</time>
      </trkpt>
      <trkpt lat="39.26709546532918" lon="118.4574911443912">
        <ele>0.5</ele>
        <time>2024-04-25T11:42:59Z</time>
      </trkpt>
      <trkpt lat="39.26709521423828" lon="118.45748091730776">
        <ele>0.5</ele>
        <time>2024-04-25T11:43:00Z</time>
      </trkpt>
      <trkpt lat="39.26709489747716" lon="118.45746868357364">
        <ele>0.5</ele>
        <time>2024-04-25T11:43:01Z</time>
      </trkpt>
      <trkpt lat="39.267093836701065" lon="118.45745521099788">
        <ele>0.5</ele>
        <time>2024-04-25T11:43:02Z</time>
      </trkpt>
      <trkpt lat="39.26709342734734" lon="118.45744041797025">
        <ele>0.5</ele>
        <time>2024-04-25T11:43:03Z</time>
      </trkpt>
      <trkpt lat="39.267092625943725" lon="118.45742605092737">
        <ele>0.5</ele>
        <time>2024-04-25T11:43:04Z</time>
      </trkpt>
      <trkpt lat="39.267091572408866" lon="118.45741258421364">
        <ele>0.5</ele>
        <time>2024-04-25T11:43:05Z</time>
      </trkpt>
      <trkpt lat="39.26709070940878" lon="118.45740073730798">
        <ele>0.5</ele>
        <time>2024-04-25T11:43:06Z</time>
      </trkpt>
      <trkpt lat="39.26709030989117" lon="118.4573873803307">
        <ele>0.5</ele>
        <time>2024-04-25T11:43:07Z</time>
      </trkpt>
      <trkpt lat="39.26709125014081" lon="118.45737331339932">
        <ele>0.5</ele>
        <time>2024-04-25T11:43:08Z</time>
      </trkpt>
      <trkpt lat="39.267092397811595" lon="118.45735269690837">
        <ele>0.5</ele>
        <time>2024-04-25T11:43:10Z</time>
      </trkpt>
      <trkpt lat="39.26709263488566" lon="118.4573325097707">
        <ele>0.5</ele>
        <time>2024-04-25T11:43:11Z</time>
      </trkpt>
      <trkpt lat="39.267090805100196" lon="118.45731211010627">
        <ele>0.4</ele>
        <time>2024-04-25T11:43:12Z</time>
      </trkpt>
      <trkpt lat="39.2670882353916" lon="118.45729833711586">
        <ele>0.4</ele>
        <time>2024-04-25T11:43:13Z</time>
      </trkpt>
      <trkpt lat="39.2670847680473" lon="118.4572861165185">
        <ele>0.4</ele>
        <time>2024-04-25T11:43:14Z</time>
      </trkpt>
      <trkpt lat="39.267081400696846" lon="118.45727595693133">
        <ele>0.4</ele>
        <time>2024-04-25T11:43:15Z</time>
      </trkpt>
      <trkpt lat="39.267078306385194" lon="118.45726563924568">
        <ele>0.4</ele>
        <time>2024-04-25T11:43:16Z</time>
      </trkpt>
      <trkpt lat="39.26707711081677" lon="118.45725613156823">
        <ele>0.4</ele>
        <time>2024-04-25T11:43:17Z</time>
      </trkpt>
      <trkpt lat="39.26707700387081" lon="118.457244183441">
        <ele>0.4</ele>
        <time>2024-04-25T11:43:18Z</time>
      </trkpt>
      <trkpt lat="39.26707873647921" lon="118.45723121592847">
        <ele>0.4</ele>
        <time>2024-04-25T11:43:19Z</time>
      </trkpt>
      <trkpt lat="39.267081135807445" lon="118.4572163165474">
        <ele>0.4</ele>
        <time>2024-04-25T11:43:20Z</time>
      </trkpt>
      <trkpt lat="39.26708403349776" lon="118.45720128913656">
        <ele>0.4</ele>
        <time>2024-04-25T11:43:21Z</time>
      </trkpt>
      <trkpt lat="39.26708516569904" lon="118.45718665526198">
        <ele>0.1</ele>
        <time>2024-04-25T11:43:22Z</time>
      </trkpt>
      <trkpt lat="39.26708541937531" lon="118.45717061550447">
        <ele>0.1</ele>
        <time>2024-04-25T11:43:23Z</time>
      </trkpt>
      <trkpt lat="39.267084860905015" lon="118.45715321937476">
        <ele>0.1</ele>
        <time>2024-04-25T11:43:24Z</time>
      </trkpt>
      <trkpt lat="39.26708409108569" lon="118.45713253425417">
        <ele>0.1</ele>
        <time>2024-04-25T11:43:25Z</time>
      </trkpt>
      <trkpt lat="39.267082405929386" lon="118.45711111581495">
        <ele>0.1</ele>
        <time>2024-04-25T11:43:26Z</time>
      </trkpt>
      <trkpt lat="39.26708006632479" lon="118.45708875219705">
        <ele>0.1</ele>
        <time>2024-04-25T11:43:28Z</time>
      </trkpt>
      <trkpt lat="39.2670778764835" lon="118.45706747983819">
        <ele>0.1</ele>
        <time>2024-04-25T11:43:29Z</time>
      </trkpt>
      <trkpt lat="39.26707721873827" lon="118.45704769651027">
        <ele>0.1</ele>
        <time>2024-04-25T11:43:30Z</time>
      </trkpt>
      <trkpt lat="39.267077101140025" lon="118.45702929888839">
        <ele>0.1</ele>
        <time>2024-04-25T11:43:31Z</time>
      </trkpt>
      <trkpt lat="39.267076163068594" lon="118.4570105870393">
        <ele>0</ele>
        <time>2024-04-25T11:43:32Z</time>
      </trkpt>
      <trkpt lat="39.2670728447903" lon="118.45699148438788">
        <ele>0</ele>
        <time>2024-04-25T11:43:33Z</time>
      </trkpt>
      <trkpt lat="39.26706837410481" lon="118.45697362427961">
        <ele>0</ele>
        <time>2024-04-25T11:43:34Z</time>
      </trkpt>
      <trkpt lat="39.26706456778935" lon="118.45695723930692">
        <ele>0</ele>
        <time>2024-04-25T11:43:35Z</time>
      </trkpt>
      <trkpt lat="39.267063058770574" lon="118.4569419629081">
        <ele>0</ele>
        <time>2024-04-25T11:43:36Z</time>
      </trkpt>
      <trkpt lat="39.26706346029429" lon="118.45692578884108">
        <ele>0</ele>
        <time>2024-04-25T11:43:37Z</time>
      </trkpt>
      <trkpt lat="39.26706396782218" lon="118.45690839925206">
        <ele>0</ele>
        <time>2024-04-25T11:43:38Z</time>
      </trkpt>
      <trkpt lat="39.26706233658333" lon="118.45689016207896">
        <ele>0</ele>
        <time>2024-04-25T11:43:39Z</time>
      </trkpt>
      <trkpt lat="39.26705922796336" lon="118.45687399892553">
        <ele>0</ele>
        <time>2024-04-25T11:43:40Z</time>
      </trkpt>
      <trkpt lat="39.267056381381" lon="118.4568583192762">
        <ele>0</ele>
        <time>2024-04-25T11:43:41Z</time>
      </trkpt>
      <trkpt lat="39.26705554414729" lon="118.45684307139895">
        <ele>0.1</ele>
        <time>2024-04-25T11:43:42Z</time>
      </trkpt>
      <trkpt lat="39.26705649963586" lon="118.4568243791365">
        <ele>0.1</ele>
        <time>2024-04-25T11:43:43Z</time>
      </trkpt>
      <trkpt lat="39.26705703467576" lon="118.45680470456412">
        <ele>0.1</ele>
        <time>2024-04-25T11:43:44Z</time>
      </trkpt>
      <trkpt lat="39.26705742368046" lon="118.456777574287">
        <ele>0.1</ele>
        <time>2024-04-25T11:43:46Z</time>
      </trkpt>
      <trkpt lat="39.26705654267754" lon="118.45675146840449">
        <ele>0.1</ele>
        <time>2024-04-25T11:43:47Z</time>
      </trkpt>
      <trkpt lat="39.26705569408519" lon="118.45672725683565">
        <ele>0.1</ele>
        <time>2024-04-25T11:43:48Z</time>
      </trkpt>
      <trkpt lat="39.267055128692306" lon="118.45671123810098">
        <ele>0.1</ele>
        <time>2024-04-25T11:43:49Z</time>
      </trkpt>
      <trkpt lat="39.267056266189876" lon="118.45669806598613">
        <ele>0.1</ele>
        <time>2024-04-25T11:43:50Z</time>
      </trkpt>
      <trkpt lat="39.26705884026066" lon="118.4566844427267">
        <ele>0.1</ele>
        <time>2024-04-25T11:43:51Z</time>
      </trkpt>
      <trkpt lat="39.26706019304608" lon="118.4566701537845">
        <ele>0.5</ele>
        <time>2024-04-25T11:43:52Z</time>
      </trkpt>
      <trkpt lat="39.26705905411952" lon="118.45665501345836">
        <ele>0.5</ele>
        <time>2024-04-25T11:43:53Z</time>
      </trkpt>
      <trkpt lat="39.26705578798843" lon="118.45664197716714">
        <ele>0.5</ele>
        <time>2024-04-25T11:43:54Z</time>
      </trkpt>
      <trkpt lat="39.26705277453768" lon="118.45662993207748">
        <ele>0.5</ele>
        <time>2024-04-25T11:43:55Z</time>
      </trkpt>
      <trkpt lat="39.267050814503484" lon="118.45661933950944">
        <ele>0.5</ele>
        <time>2024-04-25T11:43:56Z</time>
      </trkpt>
      <trkpt lat="39.2670500463725" lon="118.45660678949203">
        <ele>0.5</ele>
        <time>2024-04-25T11:43:57Z</time>
      </trkpt>
      <trkpt lat="39.26704783744511" lon="118.45659232606263">
        <ele>0.5</ele>
        <time>2024-04-25T11:43:58Z</time>
      </trkpt>
      <trkpt lat="39.26704348740856" lon="118.45657510382814">
        <ele>0.5</ele>
        <time>2024-04-25T11:43:59Z</time>
      </trkpt>
      <trkpt lat="39.26703674817566" lon="118.45655825909135">
        <ele>0.5</ele>
        <time>2024-04-25T11:44:00Z</time>
      </trkpt>
      <trkpt lat="39.267031625293164" lon="118.45654242847712">
        <ele>0.5</ele>
        <time>2024-04-25T11:44:01Z</time>
      </trkpt>
      <trkpt lat="39.267028944870646" lon="118.45652610994027">
        <ele>0.5</ele>
        <time>2024-04-25T11:44:03Z</time>
      </trkpt>
      <trkpt lat="39.26703087278206" lon="118.45650648724006">
        <ele>0.5</ele>
        <time>2024-04-25T11:44:04Z</time>
      </trkpt>
      <trkpt lat="39.26703411984547" lon="118.45648380833553">
        <ele>0.5</ele>
        <time>2024-04-25T11:44:05Z</time>
      </trkpt>
      <trkpt lat="39.267037507626156" lon="118.45646026791125">
        <ele>0.5</ele>
        <time>2024-04-25T11:44:06Z</time>
      </trkpt>
      <trkpt lat="39.26703782356179" lon="118.4564387997809">
        <ele>0.5</ele>
        <time>2024-04-25T11:44:07Z</time>
      </trkpt>
      <trkpt lat="39.2670362949885" lon="118.45642278107408">
        <ele>0.5</ele>
        <time>2024-04-25T11:44:08Z</time>
      </trkpt>
      <trkpt lat="39.26703375967707" lon="118.45641010734849">
        <ele>0.5</ele>
        <time>2024-04-25T11:44:09Z</time>
      </trkpt>
      <trkpt lat="39.26703182122831" lon="118.45639919166672">
        <ele>0.5</ele>
        <time>2024-04-25T11:44:10Z</time>
      </trkpt>
      <trkpt lat="39.26703134360171" lon="118.45638859901493">
        <ele>0.5</ele>
        <time>2024-04-25T11:44:11Z</time>
      </trkpt>
      <trkpt lat="39.26703189485251" lon="118.4563769912718">
        <ele>0.5</ele>
        <time>2024-04-25T11:44:12Z</time>
      </trkpt>
      <trkpt lat="39.267032636951875" lon="118.45636559369586">
        <ele>0.5</ele>
        <time>2024-04-25T11:44:13Z</time>
      </trkpt>
      <trkpt lat="39.26703211467505" lon="118.45635252169303">
        <ele>0.5</ele>
        <time>2024-04-25T11:44:14Z</time>
      </trkpt>
      <trkpt lat="39.267032120950475" lon="118.45633935853706">
        <ele>0.5</ele>
        <time>2024-04-25T11:44:15Z</time>
      </trkpt>
      <trkpt lat="39.267032658935264" lon="118.45632599065107">
        <ele>0.5</ele>
        <time>2024-04-25T11:44:16Z</time>
      </trkpt>
      <trkpt lat="39.26703396054003" lon="118.45631170063565">
        <ele>0.5</ele>
        <time>2024-04-25T11:44:17Z</time>
      </trkpt>
      <trkpt lat="39.267034793986916" lon="118.45629792489763">
        <ele>0.5</ele>
        <time>2024-04-25T11:44:18Z</time>
      </trkpt>
      <trkpt lat="39.26703391559519" lon="118.4562835561049">
        <ele>0.5</ele>
        <time>2024-04-25T11:44:19Z</time>
      </trkpt>
      <trkpt lat="39.267032598748486" lon="118.45626887872353">
        <ele>0.5</ele>
        <time>2024-04-25T11:44:20Z</time>
      </trkpt>
      <trkpt lat="39.26703120901406" lon="118.4562498673486">
        <ele>0.8</ele>
        <time>2024-04-25T11:44:22Z</time>
      </trkpt>
      <trkpt lat="39.26703140474018" lon="118.45622468242583">
        <ele>0.8</ele>
        <time>2024-04-25T11:44:23Z</time>
      </trkpt>
      <trkpt lat="39.26703131338228" lon="118.45619544177804">
        <ele>0.8</ele>
        <time>2024-04-25T11:44:24Z</time>
      </trkpt>
      <trkpt lat="39.267030586722925" lon="118.45616446970618">
        <ele>0.8</ele>
        <time>2024-04-25T11:44:25Z</time>
      </trkpt>
      <trkpt lat="39.267028275136376" lon="118.45613000748402">
        <ele>0.8</ele>
        <time>2024-04-25T11:44:26Z</time>
      </trkpt>
      <trkpt lat="39.26702549864543" lon="118.45609320928412">
        <ele>0.8</ele>
        <time>2024-04-25T11:44:27Z</time>
      </trkpt>
      <trkpt lat="39.267021600045744" lon="118.45605005221357">
        <ele>0.8</ele>
        <time>2024-04-25T11:44:28Z</time>
      </trkpt>
      <trkpt lat="39.2670174539483" lon="118.45600781285373">
        <ele>0.8</ele>
        <time>2024-04-25T11:44:29Z</time>
      </trkpt>
      <trkpt lat="39.267012266157565" lon="118.45596038980291">
        <ele>0.8</ele>
        <time>2024-04-25T11:44:30Z</time>
      </trkpt>
      <trkpt lat="39.26700711860063" lon="118.45591559948333">
        <ele>0.8</ele>
        <time>2024-04-25T11:44:31Z</time>
      </trkpt>
      <trkpt lat="39.267001977789405" lon="118.45586785778184">
        <ele>1</ele>
        <time>2024-04-25T11:44:32Z</time>
      </trkpt>
      <trkpt lat="39.26699616023303" lon="118.45582338542974">
        <ele>1</ele>
        <time>2024-04-25T11:44:33Z</time>
      </trkpt>
      <trkpt lat="39.266988898405835" lon="118.45577502262597">
        <ele>1</ele>
        <time>2024-04-25T11:44:34Z</time>
      </trkpt>
      <trkpt lat="39.266981606607224" lon="118.45573059415129">
        <ele>1</ele>
        <time>2024-04-25T11:44:35Z</time>
      </trkpt>
      <trkpt lat="39.26697806850014" lon="118.4556837229578">
        <ele>1</ele>
        <time>2024-04-25T11:44:36Z</time>
      </trkpt>
      <trkpt lat="39.26697550549184" lon="118.45563762985873">
        <ele>1</ele>
        <time>2024-04-25T11:44:37Z</time>
      </trkpt>
      <trkpt lat="39.266971913332696" lon="118.45558692441047">
        <ele>1</ele>
        <time>2024-04-25T11:44:38Z</time>
      </trkpt>
      <trkpt lat="39.26696549238796" lon="118.45553609190124">
        <ele>1</ele>
        <time>2024-04-25T11:44:40Z</time>
      </trkpt>
      <trkpt lat="39.26696358214355" lon="118.45548324028671">
        <ele>1</ele>
        <time>2024-04-25T11:44:41Z</time>
      </trkpt>
      <trkpt lat="39.26696629888941" lon="118.45543714270917">
        <ele>0</ele>
        <time>2024-04-25T11:44:42Z</time>
      </trkpt>
      <trkpt lat="39.2669668418734" lon="118.45539249881834">
        <ele>0</ele>
        <time>2024-04-25T11:44:43Z</time>
      </trkpt>
      <trkpt lat="39.26696423582771" lon="118.45535139870034">
        <ele>0</ele>
        <time>2024-04-25T11:44:44Z</time>
      </trkpt>
      <trkpt lat="39.2669597052481" lon="118.45530677556891">
        <ele>0</ele>
        <time>2024-04-25T11:44:45Z</time>
      </trkpt>
      <trkpt lat="39.26695905938009" lon="118.45525869642462">
        <ele>0</ele>
        <time>2024-04-25T11:44:46Z</time>
      </trkpt>
      <trkpt lat="39.26695956848559" lon="118.45521057600166">
        <ele>0</ele>
        <time>2024-04-25T11:44:47Z</time>
      </trkpt>
      <trkpt lat="39.266961027985246" lon="118.45515921573075">
        <ele>0</ele>
        <time>2024-04-25T11:44:48Z</time>
      </trkpt>
      <trkpt lat="39.26696202971302" lon="118.4551114735531">
        <ele>0</ele>
        <time>2024-04-25T11:44:49Z</time>
      </trkpt>
      <trkpt lat="39.26696235258438" lon="118.45506046666668">
        <ele>0</ele>
        <time>2024-04-25T11:44:50Z</time>
      </trkpt>
      <trkpt lat="39.266962316625154" lon="118.4550137859604">
        <ele>0</ele>
        <time>2024-04-25T11:44:51Z</time>
      </trkpt>
      <trkpt lat="39.26696273739157" lon="118.45496510343351">
        <ele>0.4</ele>
        <time>2024-04-25T11:44:52Z</time>
      </trkpt>
      <trkpt lat="39.266963588005794" lon="118.45492314615478">
        <ele>0.4</ele>
        <time>2024-04-25T11:44:53Z</time>
      </trkpt>
      <trkpt lat="39.26696584237658" lon="118.45488359181665">
        <ele>0.4</ele>
        <time>2024-04-25T11:44:54Z</time>
      </trkpt>
      <trkpt lat="39.26696769681497" lon="118.45484918483128">
        <ele>0.4</ele>
        <time>2024-04-25T11:44:55Z</time>
      </trkpt>
      <trkpt lat="39.26696878067557" lon="118.45481240018962">
        <ele>0.4</ele>
        <time>2024-04-25T11:44:57Z</time>
      </trkpt>
      <trkpt lat="39.2669675257893" lon="118.45477711564094">
        <ele>0.4</ele>
        <time>2024-04-25T11:44:58Z</time>
      </trkpt>
      <trkpt lat="39.26696505388885" lon="118.4547390959457">
        <ele>0.4</ele>
        <time>2024-04-25T11:44:59Z</time>
      </trkpt>
      <trkpt lat="39.266962412251516" lon="118.45470375046052">
        <ele>0.4</ele>
        <time>2024-04-25T11:45:00Z</time>
      </trkpt>
      <trkpt lat="39.2669597686474" lon="118.45466365831433">
        <ele>0.4</ele>
        <time>2024-04-25T11:45:01Z</time>
      </trkpt>
      <trkpt lat="39.26695757886433" lon="118.45462366709715">
        <ele>-0.2</ele>
        <time>2024-04-25T11:45:02Z</time>
      </trkpt>
      <trkpt lat="39.26695565092496" lon="118.45457660967477">
        <ele>-0.2</ele>
        <time>2024-04-25T11:45:03Z</time>
      </trkpt>
      <trkpt lat="39.266954101794894" lon="118.4545255814309">
        <ele>-0.2</ele>
        <time>2024-04-25T11:45:04Z</time>
      </trkpt>
      <trkpt lat="39.26695233948239" lon="118.45446610967211">
        <ele>-0.2</ele>
        <time>2024-04-25T11:45:05Z</time>
      </trkpt>
      <trkpt lat="39.26694951439131" lon="118.4544067262679">
        <ele>-0.2</ele>
        <time>2024-04-25T11:45:06Z</time>
      </trkpt>
      <trkpt lat="39.2669465858168" lon="118.45434652656732">
        <ele>-0.2</ele>
        <time>2024-04-25T11:45:07Z</time>
      </trkpt>
      <trkpt lat="39.26694373471103" lon="118.45429371879774">
        <ele>-0.2</ele>
        <time>2024-04-25T11:45:08Z</time>
      </trkpt>
      <trkpt lat="39.26694178378854" lon="118.4542444718613">
        <ele>-0.2</ele>
        <time>2024-04-25T11:45:09Z</time>
      </trkpt>
      <trkpt lat="39.266942137503534" lon="118.45419883765057">
        <ele>-0.2</ele>
        <time>2024-04-25T11:45:10Z</time>
      </trkpt>
      <trkpt lat="39.26694472279819" lon="118.45415851481263">
        <ele>-0.2</ele>
        <time>2024-04-25T11:45:11Z</time>
      </trkpt>
      <trkpt lat="39.266943233598205" lon="118.45413140256287">
        <ele>0.4</ele>
        <time>2024-04-25T11:45:12Z</time>
      </trkpt>
      <trkpt lat="39.26693828250051" lon="118.45410414453364">
        <ele>0.4</ele>
        <time>2024-04-25T11:45:13Z</time>
      </trkpt>
      <trkpt lat="39.26692913382612" lon="118.45406783288">
        <ele>0.4</ele>
        <time>2024-04-25T11:45:15Z</time>
      </trkpt>
      <trkpt lat="39.266923094593245" lon="118.45401561572776">
        <ele>0.4</ele>
        <time>2024-04-25T11:45:16Z</time>
      </trkpt>
      <trkpt lat="39.26691773087256" lon="118.45396078906052">
        <ele>0.4</ele>
        <time>2024-04-25T11:45:17Z</time>
      </trkpt>
      <trkpt lat="39.266914950515684" lon="118.45390964045653">
        <ele>0.4</ele>
        <time>2024-04-25T11:45:18Z</time>
      </trkpt>
      <trkpt lat="39.26691413988091" lon="118.45385523128037">
        <ele>0.4</ele>
        <time>2024-04-25T11:45:19Z</time>
      </trkpt>
      <trkpt lat="39.26691560372899" lon="118.45380255315656">
        <ele>0.4</ele>
        <time>2024-04-25T11:45:20Z</time>
      </trkpt>
      <trkpt lat="39.26691835414553" lon="118.45374397846048">
        <ele>0.4</ele>
        <time>2024-04-25T11:45:21Z</time>
      </trkpt>
      <trkpt lat="39.26692147500504" lon="118.45368905799755">
        <ele>0.1</ele>
        <time>2024-04-25T11:45:22Z</time>
      </trkpt>
      <trkpt lat="39.266923002916734" lon="118.45363218814009">
        <ele>0.1</ele>
        <time>2024-04-25T11:45:23Z</time>
      </trkpt>
      <trkpt lat="39.26692273310864" lon="118.45358306012672">
        <ele>0.1</ele>
        <time>2024-04-25T11:45:24Z</time>
      </trkpt>
      <trkpt lat="39.26692110997402" lon="118.4535392667189">
        <ele>0.1</ele>
        <time>2024-04-25T11:45:25Z</time>
      </trkpt>
      <trkpt lat="39.26691879617183" lon="118.45350025698293">
        <ele>0.1</ele>
        <time>2024-04-25T11:45:26Z</time>
      </trkpt>
      <trkpt lat="39.266915845132125" lon="118.45346392070431">
        <ele>0.1</ele>
        <time>2024-04-25T11:45:27Z</time>
      </trkpt>
      <trkpt lat="39.2669109255805" lon="118.45342560284571">
        <ele>0.1</ele>
        <time>2024-04-25T11:45:28Z</time>
      </trkpt>
      <trkpt lat="39.266905166228405" lon="118.45339300489609">
        <ele>0.1</ele>
        <time>2024-04-25T11:45:29Z</time>
      </trkpt>
      <trkpt lat="39.26689874238841" lon="118.45336409015027">
        <ele>0.1</ele>
        <time>2024-04-25T11:45:30Z</time>
      </trkpt>
      <trkpt lat="39.26689285466283" lon="118.45333735758986">
        <ele>0.1</ele>
        <time>2024-04-25T11:45:31Z</time>
      </trkpt>
      <trkpt lat="39.26688659124671" lon="118.45330466288277">
        <ele>0</ele>
        <time>2024-04-25T11:45:33Z</time>
      </trkpt>
      <trkpt lat="39.26688048949043" lon="118.45326653480255">
        <ele>0</ele>
        <time>2024-04-25T11:45:34Z</time>
      </trkpt>
      <trkpt lat="39.26687484754308" lon="118.45322316544575">
        <ele>0</ele>
        <time>2024-04-25T11:45:35Z</time>
      </trkpt>
      <trkpt lat="39.266870505143764" lon="118.45318014646313">
        <ele>0</ele>
        <time>2024-04-25T11:45:36Z</time>
      </trkpt>
      <trkpt lat="39.26686754537886" lon="118.45313133356802">
        <ele>0</ele>
        <time>2024-04-25T11:45:37Z</time>
      </trkpt>
      <trkpt lat="39.266865608397744" lon="118.45308422279473">
        <ele>0</ele>
        <time>2024-04-25T11:45:38Z</time>
      </trkpt>
      <trkpt lat="39.26686458826203" lon="118.4530330879948">
        <ele>0</ele>
        <time>2024-04-25T11:45:39Z</time>
      </trkpt>
      <trkpt lat="39.26686398525491" lon="118.4529854027377">
        <ele>0</ele>
        <time>2024-04-25T11:45:40Z</time>
      </trkpt>
      <trkpt lat="39.26686411928517" lon="118.45293815477547">
        <ele>0</ele>
        <time>2024-04-25T11:45:41Z</time>
      </trkpt>
      <trkpt lat="39.26686457319839" lon="118.45289308736587">
        <ele>0.3</ele>
        <time>2024-04-25T11:45:42Z</time>
      </trkpt>
      <trkpt lat="39.2668648273559" lon="118.45285161935487">
        <ele>0.3</ele>
        <time>2024-04-25T11:45:43Z</time>
      </trkpt>
      <trkpt lat="39.26686458450418" lon="118.4528093276982">
        <ele>0.3</ele>
        <time>2024-04-25T11:45:44Z</time>
      </trkpt>
      <trkpt lat="39.26686415772416" lon="118.45277138606662">
        <ele>0.3</ele>
        <time>2024-04-25T11:45:45Z</time>
      </trkpt>
      <trkpt lat="39.266864241907605" lon="118.45273322706048">
        <ele>0.3</ele>
        <time>2024-04-25T11:45:46Z</time>
      </trkpt>
      <trkpt lat="39.26686551630181" lon="118.45269697921873">
        <ele>0.3</ele>
        <time>2024-04-25T11:45:47Z</time>
      </trkpt>
      <trkpt lat="39.26686813728919" lon="118.45266198311263">
        <ele>0.3</ele>
        <time>2024-04-25T11:45:48Z</time>
      </trkpt>
      <trkpt lat="39.266870497236646" lon="118.45262676247017">
        <ele>0.3</ele>
        <time>2024-04-25T11:45:49Z</time>
      </trkpt>
      <trkpt lat="39.26687158598045" lon="118.4525914455012">
        <ele>0.3</ele>
        <time>2024-04-25T11:45:51Z</time>
      </trkpt>
      <trkpt lat="39.266871073868124" lon="118.45255627357687">
        <ele>0.6</ele>
        <time>2024-04-25T11:45:52Z</time>
      </trkpt>
      <trkpt lat="39.26686965245196" lon="118.45251976211782">
        <ele>0.6</ele>
        <time>2024-04-25T11:45:53Z</time>
      </trkpt>
      <trkpt lat="39.266867439609804" lon="118.45248534830377">
        <ele>0.6</ele>
        <time>2024-04-25T11:45:54Z</time>
      </trkpt>
      <trkpt lat="39.266863728436164" lon="118.45244205223489">
        <ele>0.6</ele>
        <time>2024-04-25T11:45:55Z</time>
      </trkpt>
      <trkpt lat="39.266859327551366" lon="118.4523931055855">
        <ele>0.6</ele>
        <time>2024-04-25T11:45:56Z</time>
      </trkpt>
      <trkpt lat="39.266854904512925" lon="118.45233471080022">
        <ele>0.6</ele>
        <time>2024-04-25T11:45:57Z</time>
      </trkpt>
      <trkpt lat="39.26685188403369" lon="118.45227171886219">
        <ele>0.6</ele>
        <time>2024-04-25T11:45:58Z</time>
      </trkpt>
      <trkpt lat="39.26685061280659" lon="118.45220715445335">
        <ele>0.6</ele>
        <time>2024-04-25T11:45:59Z</time>
      </trkpt>
      <trkpt lat="39.2668512387786" lon="118.45214017585312">
        <ele>0.6</ele>
        <time>2024-04-25T11:46:00Z</time>
      </trkpt>
      <trkpt lat="39.26685305886732" lon="118.45207862174314">
        <ele>0.6</ele>
        <time>2024-04-25T11:46:01Z</time>
      </trkpt>
      <trkpt lat="39.26685515442977" lon="118.45202079726938">
        <ele>0</ele>
        <time>2024-04-25T11:46:02Z</time>
      </trkpt>
      <trkpt lat="39.26685663379762" lon="118.45196866083384">
        <ele>0</ele>
        <time>2024-04-25T11:46:03Z</time>
      </trkpt>
      <trkpt lat="39.266856704226186" lon="118.45191742937868">
        <ele>0</ele>
        <time>2024-04-25T11:46:04Z</time>
      </trkpt>
      <trkpt lat="39.266855402248844" lon="118.4518698563334">
        <ele>0</ele>
        <time>2024-04-25T11:46:05Z</time>
      </trkpt>
      <trkpt lat="39.2668485808469" lon="118.4518334781347">
        <ele>0</ele>
        <time>2024-04-25T11:46:06Z</time>
      </trkpt>
      <trkpt lat="39.266838685887066" lon="118.45182226771273">
        <ele>0</ele>
        <time>2024-04-25T11:46:07Z</time>
      </trkpt>
      <trkpt lat="39.26683148242537" lon="118.45181829173">
        <ele>0</ele>
        <time>2024-04-25T11:46:08Z</time>
      </trkpt>
      <trkpt lat="39.2668294274991" lon="118.45181384277318">
        <ele>0</ele>
        <time>2024-04-25T11:46:10Z</time>
      </trkpt>
      <trkpt lat="39.26682830986369" lon="118.45178817699626">
        <ele>0</ele>
        <time>2024-04-25T11:46:11Z</time>
      </trkpt>
      <trkpt lat="39.26682256186639" lon="118.45175916754772">
        <ele>-0.2</ele>
        <time>2024-04-25T11:46:12Z</time>
      </trkpt>
      <trkpt lat="39.266816759855004" lon="118.45172669300344">
        <ele>-0.2</ele>
        <time>2024-04-25T11:46:13Z</time>
      </trkpt>
      <trkpt lat="39.266814450997735" lon="118.45169086576063">
        <ele>-0.2</ele>
        <time>2024-04-25T11:46:14Z</time>
      </trkpt>
      <trkpt lat="39.26681437688834" lon="118.45164612884427">
        <ele>-0.2</ele>
        <time>2024-04-25T11:46:15Z</time>
      </trkpt>
      <trkpt lat="39.26681479027452" lon="118.45158852417694">
        <ele>-0.2</ele>
        <time>2024-04-25T11:46:16Z</time>
      </trkpt>
      <trkpt lat="39.26681464975038" lon="118.45152722824524">
        <ele>-0.2</ele>
        <time>2024-04-25T11:46:17Z</time>
      </trkpt>
      <trkpt lat="39.26681534574553" lon="118.45146429256275">
        <ele>-0.2</ele>
        <time>2024-04-25T11:46:18Z</time>
      </trkpt>
      <trkpt lat="39.26681552130082" lon="118.45140428405269">
        <ele>-0.2</ele>
        <time>2024-04-25T11:46:19Z</time>
      </trkpt>
      <trkpt lat="39.266814268012105" lon="118.45134649687108">
        <ele>-0.2</ele>
        <time>2024-04-25T11:46:20Z</time>
      </trkpt>
      <trkpt lat="39.26681117015341" lon="118.45129416638984">
        <ele>-0.2</ele>
        <time>2024-04-25T11:46:21Z</time>
      </trkpt>
      <trkpt lat="39.26680649642443" lon="118.45124957360292">
        <ele>0.5</ele>
        <time>2024-04-25T11:46:22Z</time>
      </trkpt>
      <trkpt lat="39.26680343253966" lon="118.45121288980862">
        <ele>0.5</ele>
        <time>2024-04-25T11:46:23Z</time>
      </trkpt>
      <trkpt lat="39.266799115692024" lon="118.45120655946462">
        <ele>0.5</ele>
        <time>2024-04-25T11:46:24Z</time>
      </trkpt>
      <trkpt lat="39.26679522467235" lon="118.45121092985728">
        <ele>0.5</ele>
        <time>2024-04-25T11:46:25Z</time>
      </trkpt>
      <trkpt lat="39.26679097860057" lon="118.45122018208143">
        <ele>0.5</ele>
        <time>2024-04-25T11:46:27Z</time>
      </trkpt>
      <trkpt lat="39.266789273961436" lon="118.45120535387527">
        <ele>0.5</ele>
        <time>2024-04-25T11:46:28Z</time>
      </trkpt>
      <trkpt lat="39.26678946689608" lon="118.45118214295728">
        <ele>0.5</ele>
        <time>2024-04-25T11:46:29Z</time>
      </trkpt>
      <trkpt lat="39.26679065022995" lon="118.45114929258229">
        <ele>0.5</ele>
        <time>2024-04-25T11:46:30Z</time>
      </trkpt>
      <trkpt lat="39.26679326937811" lon="118.45111029556112">
        <ele>0.5</ele>
        <time>2024-04-25T11:46:31Z</time>
      </trkpt>
      <trkpt lat="39.266797476179825" lon="118.45106114071334">
        <ele>0.1</ele>
        <time>2024-04-25T11:46:32Z</time>
      </trkpt>
      <trkpt lat="39.26680250822571" lon="118.45100825535948">
        <ele>0.1</ele>
        <time>2024-04-25T11:46:33Z</time>
      </trkpt>
      <trkpt lat="39.266807477434945" lon="118.45094964465093">
        <ele>0.1</ele>
        <time>2024-04-25T11:46:34Z</time>
      </trkpt>
      <trkpt lat="39.26681221566315" lon="118.45089297896071">
        <ele>0.1</ele>
        <time>2024-04-25T11:46:35Z</time>
      </trkpt>
      <trkpt lat="39.26681628544833" lon="118.45083457575167">
        <ele>0.1</ele>
        <time>2024-04-25T11:46:36Z</time>
      </trkpt>
      <trkpt lat="39.26681965316853" lon="118.45078181143468">
        <ele>0.1</ele>
        <time>2024-04-25T11:46:37Z</time>
      </trkpt>
      <trkpt lat="39.26682087259605" lon="118.45073009924715">
        <ele>0.1</ele>
        <time>2024-04-25T11:46:38Z</time>
      </trkpt>
      <trkpt lat="39.26682064958698" lon="118.45068650713793">
        <ele>0.1</ele>
        <time>2024-04-25T11:46:39Z</time>
      </trkpt>
      <trkpt lat="39.26682005289125" lon="118.45064520260507">
        <ele>0.1</ele>
        <time>2024-04-25T11:46:40Z</time>
      </trkpt>
      <trkpt lat="39.26681819951994" lon="118.45060994256049">
        <ele>0.1</ele>
        <time>2024-04-25T11:46:41Z</time>
      </trkpt>
      <trkpt lat="39.266810343199815" lon="118.45059065521544">
        <ele>0</ele>
        <time>2024-04-25T11:46:42Z</time>
      </trkpt>
      <trkpt lat="39.266800272889505" lon="118.45057408631565">
        <ele>0</ele>
        <time>2024-04-25T11:46:43Z</time>
      </trkpt>
      <trkpt lat="39.26678896160883" lon="118.45055943019703">
        <ele>0</ele>
        <time>2024-04-25T11:46:45Z</time>
      </trkpt>
      <trkpt lat="39.266782093755744" lon="118.45052567095593">
        <ele>0</ele>
        <time>2024-04-25T11:46:46Z</time>
      </trkpt>
      <trkpt lat="39.26677705825964" lon="118.45048719587234">
        <ele>0</ele>
        <time>2024-04-25T11:46:47Z</time>
      </trkpt>
      <trkpt lat="39.26677432885335" lon="118.45043962441413">
        <ele>0</ele>
        <time>2024-04-25T11:46:48Z</time>
      </trkpt>
      <trkpt lat="39.26677284593632" lon="118.45039159645238">
        <ele>0</ele>
        <time>2024-04-25T11:46:49Z</time>
      </trkpt>
      <trkpt lat="39.26677159877586" lon="118.45033528658185">
        <ele>0</ele>
        <time>2024-04-25T11:46:50Z</time>
      </trkpt>
      <trkpt lat="39.26677066225565" lon="118.45027776012051">
        <ele>0</ele>
        <time>2024-04-25T11:46:51Z</time>
      </trkpt>
      <trkpt lat="39.26676992169514" lon="118.45021345322012">
        <ele>0</ele>
        <time>2024-04-25T11:46:52Z</time>
      </trkpt>
      <trkpt lat="39.26676820975332" lon="118.45015326753003">
        <ele>0</ele>
        <time>2024-04-25T11:46:53Z</time>
      </trkpt>
      <trkpt lat="39.266765638278216" lon="118.45009579259552">
        <ele>0</ele>
        <time>2024-04-25T11:46:54Z</time>
      </trkpt>
      <trkpt lat="39.26676274301032" lon="118.45004264904372">
        <ele>0</ele>
        <time>2024-04-25T11:46:55Z</time>
      </trkpt>
      <trkpt lat="39.26676024347206" lon="118.44999514168805">
        <ele>0</ele>
        <time>2024-04-25T11:46:56Z</time>
      </trkpt>
      <trkpt lat="39.266757796153165" lon="118.44995077168196">
        <ele>0</ele>
        <time>2024-04-25T11:46:57Z</time>
      </trkpt>
      <trkpt lat="39.26675527717143" lon="118.44991548502632">
        <ele>0</ele>
        <time>2024-04-25T11:46:58Z</time>
      </trkpt>
      <trkpt lat="39.266752391803664" lon="118.4498794699267">
        <ele>0</ele>
        <time>2024-04-25T11:46:59Z</time>
      </trkpt>
      <trkpt lat="39.266749839893606" lon="118.4498481765794">
        <ele>0</ele>
        <time>2024-04-25T11:47:00Z</time>
      </trkpt>
      <trkpt lat="39.26674680830923" lon="118.4498125329917">
        <ele>0</ele>
        <time>2024-04-25T11:47:01Z</time>
      </trkpt>
      <trkpt lat="39.266744280880445" lon="118.44978126189899">
        <ele>0.8</ele>
        <time>2024-04-25T11:47:02Z</time>
      </trkpt>
      <trkpt lat="39.266741516348695" lon="118.44974729857202">
        <ele>0.8</ele>
        <time>2024-04-25T11:47:04Z</time>
      </trkpt>
      <trkpt lat="39.26673961642542" lon="118.44971858763464">
        <ele>0.8</ele>
        <time>2024-04-25T11:47:05Z</time>
      </trkpt>
      <trkpt lat="39.26673799894353" lon="118.4496853857886">
        <ele>0.8</ele>
        <time>2024-04-25T11:47:06Z</time>
      </trkpt>
      <trkpt lat="39.266737189266195" lon="118.44965331459575">
        <ele>0.8</ele>
        <time>2024-04-25T11:47:07Z</time>
      </trkpt>
      <trkpt lat="39.26673662361603" lon="118.44961375356692">
        <ele>0.8</ele>
        <time>2024-04-25T11:47:08Z</time>
      </trkpt>
      <trkpt lat="39.266735714613716" lon="118.44957366794841">
        <ele>0.8</ele>
        <time>2024-04-25T11:47:09Z</time>
      </trkpt>
      <trkpt lat="39.26673274994815" lon="118.44952417960931">
        <ele>0.8</ele>
        <time>2024-04-25T11:47:10Z</time>
      </trkpt>
      <trkpt lat="39.26672774905681" lon="118.44947352812137">
        <ele>0.8</ele>
        <time>2024-04-25T11:47:11Z</time>
      </trkpt>
      <trkpt lat="39.266722700580665" lon="118.44941843875773">
        <ele>0</ele>
        <time>2024-04-25T11:47:12Z</time>
      </trkpt>
      <trkpt lat="39.26671980839995" lon="118.44936330140682">
        <ele>0</ele>
        <time>2024-04-25T11:47:13Z</time>
      </trkpt>
      <trkpt lat="39.26671867665734" lon="118.44931056146814">
        <ele>0</ele>
        <time>2024-04-25T11:47:14Z</time>
      </trkpt>
      <trkpt lat="39.26671848484727" lon="118.44925741700523">
        <ele>0</ele>
        <time>2024-04-25T11:47:15Z</time>
      </trkpt>
      <trkpt lat="39.26671841389384" lon="118.44920929711131">
        <ele>0</ele>
        <time>2024-04-25T11:47:16Z</time>
      </trkpt>
      <trkpt lat="39.26671988551618" lon="118.44916311707703">
        <ele>0</ele>
        <time>2024-04-25T11:47:17Z</time>
      </trkpt>
      <trkpt lat="39.26672001478435" lon="118.44913467379268">
        <ele>0</ele>
        <time>2024-04-25T11:47:18Z</time>
      </trkpt>
      <trkpt lat="39.266716457907684" lon="118.44910617760085">
        <ele>0</ele>
        <time>2024-04-25T11:47:19Z</time>
      </trkpt>
      <trkpt lat="39.266709815549184" lon="118.4490784041218">
        <ele>0</ele>
        <time>2024-04-25T11:47:20Z</time>
      </trkpt>
      <trkpt lat="39.26670222728422" lon="118.44903421807791">
        <ele>0</ele>
        <time>2024-04-25T11:47:22Z</time>
      </trkpt>
      <trkpt lat="39.2666972918007" lon="118.44899192516175">
        <ele>0</ele>
        <time>2024-04-25T11:47:23Z</time>
      </trkpt>
      <trkpt lat="39.266696922399454" lon="118.44894969243252">
        <ele>0</ele>
        <time>2024-04-25T11:47:24Z</time>
      </trkpt>
      <trkpt lat="39.266697784305705" lon="118.4489171132653">
        <ele>0</ele>
        <time>2024-04-25T11:47:25Z</time>
      </trkpt>
      <trkpt lat="39.26669788513095" lon="118.44888825714324">
        <ele>0</ele>
        <time>2024-04-25T11:47:26Z</time>
      </trkpt>
      <trkpt lat="39.26669298024476" lon="118.44885637153858">
        <ele>0</ele>
        <time>2024-04-25T11:47:27Z</time>
      </trkpt>
      <trkpt lat="39.26668763512757" lon="118.44881493670033">
        <ele>0</ele>
        <time>2024-04-25T11:47:28Z</time>
      </trkpt>
      <trkpt lat="39.266682444544664" lon="118.44875950861844">
        <ele>0</ele>
        <time>2024-04-25T11:47:29Z</time>
      </trkpt>
      <trkpt lat="39.2666792933284" lon="118.4486977532781">
        <ele>0</ele>
        <time>2024-04-25T11:47:30Z</time>
      </trkpt>
      <trkpt lat="39.26667785001532" lon="118.44863508781114">
        <ele>0</ele>
        <time>2024-04-25T11:47:31Z</time>
      </trkpt>
      <trkpt lat="39.2666785668713" lon="118.4485761708443">
        <ele>0</ele>
        <time>2024-04-25T11:47:32Z</time>
      </trkpt>
      <trkpt lat="39.266679851705646" lon="118.44852375581023">
        <ele>0</ele>
        <time>2024-04-25T11:47:33Z</time>
      </trkpt>
      <trkpt lat="39.266680631448295" lon="118.44847221005065">
        <ele>0</ele>
        <time>2024-04-25T11:47:34Z</time>
      </trkpt>
      <trkpt lat="39.26667997589072" lon="118.44842431345234">
        <ele>0</ele>
        <time>2024-04-25T11:47:35Z</time>
      </trkpt>
      <trkpt lat="39.266677927240465" lon="118.44837817259037">
        <ele>0</ele>
        <time>2024-04-25T11:47:36Z</time>
      </trkpt>
      <trkpt lat="39.26667479950105" lon="118.44833610070263">
        <ele>0</ele>
        <time>2024-04-25T11:47:37Z</time>
      </trkpt>
      <trkpt lat="39.266670859552114" lon="118.44829420936792">
        <ele>0</ele>
        <time>2024-04-25T11:47:38Z</time>
      </trkpt>
      <trkpt lat="39.26666699576611" lon="118.44825298771923">
        <ele>0</ele>
        <time>2024-04-25T11:47:39Z</time>
      </trkpt>
      <trkpt lat="39.26666338598524" lon="118.44820879364597">
        <ele>0</ele>
        <time>2024-04-25T11:47:40Z</time>
      </trkpt>
      <trkpt lat="39.266661320014045" lon="118.44816787536926">
        <ele>0</ele>
        <time>2024-04-25T11:47:41Z</time>
      </trkpt>
      <trkpt lat="39.266660784193334" lon="118.44812657449422">
        <ele>0.2</ele>
        <time>2024-04-25T11:47:42Z</time>
      </trkpt>
      <trkpt lat="39.266662092795464" lon="118.44808524368861">
        <ele>0.2</ele>
        <time>2024-04-25T11:47:43Z</time>
      </trkpt>
      <trkpt lat="39.26666437967253" lon="118.4480437888603">
        <ele>0.2</ele>
        <time>2024-04-25T11:47:44Z</time>
      </trkpt>
      <trkpt lat="39.26666750355024" lon="118.44799993070856">
        <ele>0.2</ele>
        <time>2024-04-25T11:47:45Z</time>
      </trkpt>
      <trkpt lat="39.266670763187925" lon="118.44796121700192">
        <ele>0.2</ele>
        <time>2024-04-25T11:47:46Z</time>
      </trkpt>
      <trkpt lat="39.26667424608446" lon="118.44792495225924">
        <ele>0.2</ele>
        <time>2024-04-25T11:47:47Z</time>
      </trkpt>
      <trkpt lat="39.26667728667802" lon="118.44789080309502">
        <ele>0.2</ele>
        <time>2024-04-25T11:47:48Z</time>
      </trkpt>
      <trkpt lat="39.266679112168156" lon="118.44785405543081">
        <ele>0.2</ele>
        <time>2024-04-25T11:47:49Z</time>
      </trkpt>
      <trkpt lat="39.26667936955196" lon="118.44781617868232">
        <ele>0.2</ele>
        <time>2024-04-25T11:47:50Z</time>
      </trkpt>
      <trkpt lat="39.26667763933399" lon="118.44778098546774">
        <ele>0.2</ele>
        <time>2024-04-25T11:47:51Z</time>
      </trkpt>
      <trkpt lat="39.26667489289668" lon="118.44775182460873">
        <ele>0.1</ele>
        <time>2024-04-25T11:47:52Z</time>
      </trkpt>
      <trkpt lat="39.26667281272154" lon="118.44772812648523">
        <ele>0.1</ele>
        <time>2024-04-25T11:47:53Z</time>
      </trkpt>
      <trkpt lat="39.266673140595614" lon="118.44770656180079">
        <ele>0.1</ele>
        <time>2024-04-25T11:47:54Z</time>
      </trkpt>
      <trkpt lat="39.266674766949805" lon="118.44767874004688">
        <ele>0.1</ele>
        <time>2024-04-25T11:47:55Z</time>
      </trkpt>
      <trkpt lat="39.26667647583948" lon="118.44764868538229">
        <ele>0.1</ele>
        <time>2024-04-25T11:47:56Z</time>
      </trkpt>
      <trkpt lat="39.26667703810812" lon="118.44761861843641">
        <ele>0.1</ele>
        <time>2024-04-25T11:47:58Z</time>
      </trkpt>
      <trkpt lat="39.26667754737123" lon="118.44759499640254">
        <ele>0.1</ele>
        <time>2024-04-25T11:47:59Z</time>
      </trkpt>
      <trkpt lat="39.266677782050195" lon="118.44757267282783">
        <ele>0.1</ele>
        <time>2024-04-25T11:48:00Z</time>
      </trkpt>
      <trkpt lat="39.26667795782024" lon="118.44755174840984">
        <ele>0.1</ele>
        <time>2024-04-25T11:48:01Z</time>
      </trkpt>
      <trkpt lat="39.266678104224326" lon="118.44753128945112">
        <ele>0</ele>
        <time>2024-04-25T11:48:02Z</time>
      </trkpt>
      <trkpt lat="39.266678223608" lon="118.44751421382398">
        <ele>0</ele>
        <time>2024-04-25T11:48:03Z</time>
      </trkpt>
      <trkpt lat="39.266678294000286" lon="118.44749830129207">
        <ele>0</ele>
        <time>2024-04-25T11:48:04Z</time>
      </trkpt>
      <trkpt lat="39.26667824071833" lon="118.44748352950654">
        <ele>0</ele>
        <time>2024-04-25T11:48:05Z</time>
      </trkpt>
      <trkpt lat="39.266678015619085" lon="118.44746620897551">
        <ele>0</ele>
        <time>2024-04-25T11:48:06Z</time>
      </trkpt>
      <trkpt lat="39.26667750879033" lon="118.44744865603823">
        <ele>0</ele>
        <time>2024-04-25T11:48:07Z</time>
      </trkpt>
      <trkpt lat="39.26667669766552" lon="118.44743037453581">
        <ele>0</ele>
        <time>2024-04-25T11:48:08Z</time>
      </trkpt>
      <trkpt lat="39.26667561556325" lon="118.4474115390771">
        <ele>0</ele>
        <time>2024-04-25T11:48:09Z</time>
      </trkpt>
      <trkpt lat="39.266674344322915" lon="118.44739501155607">
        <ele>0</ele>
        <time>2024-04-25T11:48:10Z</time>
      </trkpt>
      <trkpt lat="39.26667304351935" lon="118.44737870995567">
        <ele>0</ele>
        <time>2024-04-25T11:48:11Z</time>
      </trkpt>
      <trkpt lat="39.266671817668495" lon="118.44736277109872">
        <ele>0.1</ele>
        <time>2024-04-25T11:48:12Z</time>
      </trkpt>
      <trkpt lat="39.266670612295655" lon="118.44733982012612">
        <ele>0.1</ele>
        <time>2024-04-25T11:48:13Z</time>
      </trkpt>
      <trkpt lat="39.26666958828554" lon="118.44731573899048">
        <ele>0.1</ele>
        <time>2024-04-25T11:48:14Z</time>
      </trkpt>
      <trkpt lat="39.26666884092371" lon="118.4472903007963">
        <ele>0.1</ele>
        <time>2024-04-25T11:48:16Z</time>
      </trkpt>
      <trkpt lat="39.26666862071855" lon="118.44727185902069">
        <ele>0.1</ele>
        <time>2024-04-25T11:48:17Z</time>
      </trkpt>
      <trkpt lat="39.26666900983613" lon="118.44725458657965">
        <ele>0.1</ele>
        <time>2024-04-25T11:48:18Z</time>
      </trkpt>
      <trkpt lat="39.266670150233644" lon="118.4472393610292">
        <ele>0.1</ele>
        <time>2024-04-25T11:48:19Z</time>
      </trkpt>
      <trkpt lat="39.26667210658668" lon="118.44722164333037">
        <ele>0.1</ele>
        <time>2024-04-25T11:48:20Z</time>
      </trkpt>
      <trkpt lat="39.26667456547342" lon="118.44720402781901">
        <ele>0.1</ele>
        <time>2024-04-25T11:48:21Z</time>
      </trkpt>
      <trkpt lat="39.26667708039449" lon="118.44718568608604">
        <ele>0</ele>
        <time>2024-04-25T11:48:22Z</time>
      </trkpt>
      <trkpt lat="39.26667918045075" lon="118.44717049745289">
        <ele>0</ele>
        <time>2024-04-25T11:48:23Z</time>
      </trkpt>
      <trkpt lat="39.26668069787163" lon="118.44715609524384">
        <ele>0</ele>
        <time>2024-04-25T11:48:24Z</time>
      </trkpt>
      <trkpt lat="39.26667965326927" lon="118.4471409078885">
        <ele>0</ele>
        <time>2024-04-25T11:48:25Z</time>
      </trkpt>
      <trkpt lat="39.26667530797893" lon="118.44712235660404">
        <ele>0</ele>
        <time>2024-04-25T11:48:26Z</time>
      </trkpt>
      <trkpt lat="39.266667940282076" lon="118.44710377922708">
        <ele>0</ele>
        <time>2024-04-25T11:48:27Z</time>
      </trkpt>
      <trkpt lat="39.26665994451612" lon="118.44708876586013">
        <ele>0</ele>
        <time>2024-04-25T11:48:28Z</time>
      </trkpt>
      <trkpt lat="39.26665333187697" lon="118.4470777730457">
        <ele>0</ele>
        <time>2024-04-25T11:48:29Z</time>
      </trkpt>
      <trkpt lat="39.26664724080355" lon="118.44706838859281">
        <ele>0</ele>
        <time>2024-04-25T11:48:30Z</time>
      </trkpt>
      <trkpt lat="39.26664198883988" lon="118.44705435104012">
        <ele>0</ele>
        <time>2024-04-25T11:48:31Z</time>
      </trkpt>
      <trkpt lat="39.26663754120779" lon="118.44703629667161">
        <ele>0</ele>
        <time>2024-04-25T11:48:32Z</time>
      </trkpt>
      <trkpt lat="39.26663543717913" lon="118.44701660060622">
        <ele>0</ele>
        <time>2024-04-25T11:48:34Z</time>
      </trkpt>
      <trkpt lat="39.266634428623675" lon="118.44699852112116">
        <ele>0</ele>
        <time>2024-04-25T11:48:35Z</time>
      </trkpt>
      <trkpt lat="39.26663350773228" lon="118.44698067634884">
        <ele>0</ele>
        <time>2024-04-25T11:48:36Z</time>
      </trkpt>
      <trkpt lat="39.266631986263874" lon="118.44696132882491">
        <ele>0</ele>
        <time>2024-04-25T11:48:37Z</time>
      </trkpt>
      <trkpt lat="39.26663056930657" lon="118.44694112527307">
        <ele>0</ele>
        <time>2024-04-25T11:48:38Z</time>
      </trkpt>
      <trkpt lat="39.266629972115545" lon="118.44692004081286">
        <ele>0</ele>
        <time>2024-04-25T11:48:39Z</time>
      </trkpt>
      <trkpt lat="39.2666295526973" lon="118.4468995942743">
        <ele>0</ele>
        <time>2024-04-25T11:48:40Z</time>
      </trkpt>
      <trkpt lat="39.26662929340651" lon="118.44688059275741">
        <ele>0</ele>
        <time>2024-04-25T11:48:41Z</time>
      </trkpt>
      <trkpt lat="39.26662839087459" lon="118.44686281203933">
        <ele>0.2</ele>
        <time>2024-04-25T11:48:42Z</time>
      </trkpt>
      <trkpt lat="39.26662737619248" lon="118.44684542013832">
        <ele>0.2</ele>
        <time>2024-04-25T11:48:43Z</time>
      </trkpt>
      <trkpt lat="39.26662619886207" lon="118.44682821379546">
        <ele>0.2</ele>
        <time>2024-04-25T11:48:44Z</time>
      </trkpt>
      <trkpt lat="39.2666252203407" lon="118.44681397722194">
        <ele>0.2</ele>
        <time>2024-04-25T11:48:45Z</time>
      </trkpt>
      <trkpt lat="39.26662418852822" lon="118.44680036063109">
        <ele>0.2</ele>
        <time>2024-04-25T11:48:46Z</time>
      </trkpt>
      <trkpt lat="39.26662311795081" lon="118.4467875383928">
        <ele>0.2</ele>
        <time>2024-04-25T11:48:47Z</time>
      </trkpt>
      <trkpt lat="39.26662165665155" lon="118.44677213822821">
        <ele>0.2</ele>
        <time>2024-04-25T11:48:48Z</time>
      </trkpt>
      <trkpt lat="39.2666200135933" lon="118.44675640187366">
        <ele>0.2</ele>
        <time>2024-04-25T11:48:49Z</time>
      </trkpt>
      <trkpt lat="39.26661844515551" lon="118.44674297832108">
        <ele>0.2</ele>
        <time>2024-04-25T11:48:50Z</time>
      </trkpt>
      <trkpt lat="39.26661679948157" lon="118.44672985446394">
        <ele>0.2</ele>
        <time>2024-04-25T11:48:51Z</time>
      </trkpt>
      <trkpt lat="39.2666151367641" lon="118.44671720832675">
        <ele>0.3</ele>
        <time>2024-04-25T11:48:52Z</time>
      </trkpt>
      <trkpt lat="39.266613184089785" lon="118.44670175493285">
        <ele>0.3</ele>
        <time>2024-04-25T11:48:53Z</time>
      </trkpt>
      <trkpt lat="39.26661120501821" lon="118.44668581557957">
        <ele>0.3</ele>
        <time>2024-04-25T11:48:54Z</time>
      </trkpt>
      <trkpt lat="39.26660950619421" lon="118.4466721158766">
        <ele>0.3</ele>
        <time>2024-04-25T11:48:55Z</time>
      </trkpt>
      <trkpt lat="39.26660793865842" lon="118.44665870700022">
        <ele>0.3</ele>
        <time>2024-04-25T11:48:56Z</time>
      </trkpt>
      <trkpt lat="39.266606520666485" lon="118.44664578687892">
        <ele>0.3</ele>
        <time>2024-04-25T11:48:57Z</time>
      </trkpt>
      <trkpt lat="39.26660491681912" lon="118.44663003747971">
        <ele>0.3</ele>
        <time>2024-04-25T11:48:58Z</time>
      </trkpt>
      <trkpt lat="39.266603296072546" lon="118.44661374961085">
        <ele>0.3</ele>
        <time>2024-04-25T11:48:59Z</time>
      </trkpt>
      <trkpt lat="39.26660161217065" lon="118.44659665680369">
        <ele>0.3</ele>
        <time>2024-04-25T11:49:00Z</time>
      </trkpt>
      <trkpt lat="39.26660017078489" lon="118.44658216295915">
        <ele>0.3</ele>
        <time>2024-04-25T11:49:01Z</time>
      </trkpt>
      <trkpt lat="39.26659876206365" lon="118.44656806414858">
        <ele>0.1</ele>
        <time>2024-04-25T11:49:02Z</time>
      </trkpt>
      <trkpt lat="39.26659742866091" lon="118.44655477338641">
        <ele>0.1</ele>
        <time>2024-04-25T11:49:03Z</time>
      </trkpt>
      <trkpt lat="39.26659587589513" lon="118.44653904469264">
        <ele>0.1</ele>
        <time>2024-04-25T11:49:04Z</time>
      </trkpt>
      <trkpt lat="39.266594349968926" lon="118.44652325076594">
        <ele>0.1</ele>
        <time>2024-04-25T11:49:05Z</time>
      </trkpt>
      <trkpt lat="39.26659311008013" lon="118.44651010532505">
        <ele>0.1</ele>
        <time>2024-04-25T11:49:06Z</time>
      </trkpt>
      <trkpt lat="39.26659166079393" lon="118.44649451053911">
        <ele>0.1</ele>
        <time>2024-04-25T11:49:07Z</time>
      </trkpt>
      <trkpt lat="39.26659024701224" lon="118.44647782233505">
        <ele>0.1</ele>
        <time>2024-04-25T11:49:08Z</time>
      </trkpt>
      <trkpt lat="39.266588433131375" lon="118.44645641804266">
        <ele>0.1</ele>
        <time>2024-04-25T11:49:10Z</time>
      </trkpt>
      <trkpt lat="39.26658698147391" lon="118.44643588484338">
        <ele>0.1</ele>
        <time>2024-04-25T11:49:11Z</time>
      </trkpt>
      <trkpt lat="39.266586151328674" lon="118.44641731895284">
        <ele>0</ele>
        <time>2024-04-25T11:49:12Z</time>
      </trkpt>
      <trkpt lat="39.2665861376475" lon="118.44639982446273">
        <ele>0</ele>
        <time>2024-04-25T11:49:13Z</time>
      </trkpt>
      <trkpt lat="39.26658701411814" lon="118.44638399817761">
        <ele>0</ele>
        <time>2024-04-25T11:49:14Z</time>
      </trkpt>
      <trkpt lat="39.266588325703815" lon="118.44636731870953">
        <ele>0</ele>
        <time>2024-04-25T11:49:15Z</time>
      </trkpt>
      <trkpt lat="39.26658977335354" lon="118.44635151077378">
        <ele>0</ele>
        <time>2024-04-25T11:49:16Z</time>
      </trkpt>
      <trkpt lat="39.266590812728126" lon="118.44633583037626">
        <ele>0</ele>
        <time>2024-04-25T11:49:17Z</time>
      </trkpt>
      <trkpt lat="39.266591258264114" lon="118.44632024610854">
        <ele>0</ele>
        <time>2024-04-25T11:49:18Z</time>
      </trkpt>
      <trkpt lat="39.266591210632924" lon="118.44630679031447">
        <ele>0</ele>
        <time>2024-04-25T11:49:19Z</time>
      </trkpt>
      <trkpt lat="39.26659100881236" lon="118.44629344832283">
        <ele>0</ele>
        <time>2024-04-25T11:49:20Z</time>
      </trkpt>
      <trkpt lat="39.26659075258433" lon="118.44628068235284">
        <ele>0</ele>
        <time>2024-04-25T11:49:21Z</time>
      </trkpt>
      <trkpt lat="39.26659061605482" lon="118.44626590621263">
        <ele>-0.4</ele>
        <time>2024-04-25T11:49:22Z</time>
      </trkpt>
      <trkpt lat="39.26659080849046" lon="118.44625091185206">
        <ele>-0.4</ele>
        <time>2024-04-25T11:49:23Z</time>
      </trkpt>
      <trkpt lat="39.266590768164555" lon="118.44623699547846">
        <ele>-0.4</ele>
        <time>2024-04-25T11:49:24Z</time>
      </trkpt>
      <trkpt lat="39.266591209690354" lon="118.44622011610836">
        <ele>-0.4</ele>
        <time>2024-04-25T11:49:25Z</time>
      </trkpt>
      <trkpt lat="39.26659144235931" lon="118.44620316807142">
        <ele>-0.4</ele>
        <time>2024-04-25T11:49:26Z</time>
      </trkpt>
      <trkpt lat="39.26659180410887" lon="118.4461844754274">
        <ele>-0.4</ele>
        <time>2024-04-25T11:49:28Z</time>
      </trkpt>
      <trkpt lat="39.26659220930511" lon="118.44616926710015">
        <ele>-0.4</ele>
        <time>2024-04-25T11:49:29Z</time>
      </trkpt>
      <trkpt lat="39.26659316223181" lon="118.44615511424674">
        <ele>-0.4</ele>
        <time>2024-04-25T11:49:30Z</time>
      </trkpt>
      <trkpt lat="39.2665955064593" lon="118.44614425565642">
        <ele>-0.4</ele>
        <time>2024-04-25T11:49:31Z</time>
      </trkpt>
      <trkpt lat="39.26659737841086" lon="118.44613454436163">
        <ele>-0.2</ele>
        <time>2024-04-25T11:49:32Z</time>
      </trkpt>
      <trkpt lat="39.266598485735834" lon="118.44612595566483">
        <ele>-0.2</ele>
        <time>2024-04-25T11:49:33Z</time>
      </trkpt>
      <trkpt lat="39.26659792811816" lon="118.44611538788662">
        <ele>-0.2</ele>
        <time>2024-04-25T11:49:34Z</time>
      </trkpt>
      <trkpt lat="39.26659698092363" lon="118.44610412680296">
        <ele>-0.2</ele>
        <time>2024-04-25T11:49:35Z</time>
      </trkpt>
      <trkpt lat="39.266596199910474" lon="118.44609152313802">
        <ele>-0.2</ele>
        <time>2024-04-25T11:49:36Z</time>
      </trkpt>
      <trkpt lat="39.266595542872885" lon="118.44607817075314">
        <ele>-0.2</ele>
        <time>2024-04-25T11:49:37Z</time>
      </trkpt>
      <trkpt lat="39.26659475669622" lon="118.44606413522332">
        <ele>-0.2</ele>
        <time>2024-04-25T11:49:38Z</time>
      </trkpt>
      <trkpt lat="39.266592981206514" lon="118.44605020955537">
        <ele>-0.2</ele>
        <time>2024-04-25T11:49:39Z</time>
      </trkpt>
      <trkpt lat="39.26659043061021" lon="118.44603680966189">
        <ele>-0.2</ele>
        <time>2024-04-25T11:49:40Z</time>
      </trkpt>
      <trkpt lat="39.26658841020866" lon="118.44602641199496">
        <ele>-0.2</ele>
        <time>2024-04-25T11:49:41Z</time>
      </trkpt>
      <trkpt lat="39.26658656148081" lon="118.44601775063585">
        <ele>-0.2</ele>
        <time>2024-04-25T11:49:42Z</time>
      </trkpt>
      <trkpt lat="39.26658534774918" lon="118.44600940334256">
        <ele>-0.2</ele>
        <time>2024-04-25T11:49:43Z</time>
      </trkpt>
      <trkpt lat="39.2665834132683" lon="118.44599937098066">
        <ele>-0.2</ele>
        <time>2024-04-25T11:49:44Z</time>
      </trkpt>
      <trkpt lat="39.26658211700734" lon="118.44599026949585">
        <ele>-0.2</ele>
        <time>2024-04-25T11:49:46Z</time>
      </trkpt>
      <trkpt lat="39.26658036012975" lon="118.44598147506568">
        <ele>-0.2</ele>
        <time>2024-04-25T11:49:47Z</time>
      </trkpt>
      <trkpt lat="39.26657771356486" lon="118.44597211435594">
        <ele>-0.2</ele>
        <time>2024-04-25T11:49:48Z</time>
      </trkpt>
      <trkpt lat="39.266574336615506" lon="118.44596180763641">
        <ele>-0.2</ele>
        <time>2024-04-25T11:49:49Z</time>
      </trkpt>
      <trkpt lat="39.26657029682416" lon="118.4459512153386">
        <ele>-0.2</ele>
        <time>2024-04-25T11:49:50Z</time>
      </trkpt>
      <trkpt lat="39.26656651125973" lon="118.44594064008439">
        <ele>-0.2</ele>
        <time>2024-04-25T11:49:51Z</time>
      </trkpt>
      <trkpt lat="39.266562388639905" lon="118.44592857018273">
        <ele>-0.3</ele>
        <time>2024-04-25T11:49:52Z</time>
      </trkpt>
      <trkpt lat="39.2665593200688" lon="118.44591549063962">
        <ele>-0.3</ele>
        <time>2024-04-25T11:49:53Z</time>
      </trkpt>
      <trkpt lat="39.26655679367535" lon="118.44590413337453">
        <ele>-0.3</ele>
        <time>2024-04-25T11:49:54Z</time>
      </trkpt>
      <trkpt lat="39.26655522735559" lon="118.44589307850534">
        <ele>-0.3</ele>
        <time>2024-04-25T11:49:55Z</time>
      </trkpt>
      <trkpt lat="39.26655345300712" lon="118.44588297561415">
        <ele>-0.3</ele>
        <time>2024-04-25T11:49:56Z</time>
      </trkpt>
      <trkpt lat="39.266552254716466" lon="118.44587236574549">
        <ele>-0.3</ele>
        <time>2024-04-25T11:49:57Z</time>
      </trkpt>
      <trkpt lat="39.26655071169892" lon="118.44586130087494">
        <ele>-0.3</ele>
        <time>2024-04-25T11:49:58Z</time>
      </trkpt>
      <trkpt lat="39.26654989667781" lon="118.44584947834095">
        <ele>-0.3</ele>
        <time>2024-04-25T11:49:59Z</time>
      </trkpt>
      <trkpt lat="39.26655153030264" lon="118.44583142150822">
        <ele>-0.3</ele>
        <time>2024-04-25T11:50:00Z</time>
      </trkpt>
      <trkpt lat="39.26655546540025" lon="118.44581212167851">
        <ele>-0.3</ele>
        <time>2024-04-25T11:50:01Z</time>
      </trkpt>
      <trkpt lat="39.266560390413545" lon="118.44579028326959">
        <ele>-0.1</ele>
        <time>2024-04-25T11:50:03Z</time>
      </trkpt>
      <trkpt lat="39.266563018026744" lon="118.44577159834003">
        <ele>-0.1</ele>
        <time>2024-04-25T11:50:04Z</time>
      </trkpt>
      <trkpt lat="39.26656353284621" lon="118.44575362235966">
        <ele>-0.1</ele>
        <time>2024-04-25T11:50:05Z</time>
      </trkpt>
      <trkpt lat="39.266562629882685" lon="118.44573983890953">
        <ele>-0.1</ele>
        <time>2024-04-25T11:50:06Z</time>
      </trkpt>
      <trkpt lat="39.26656101591064" lon="118.4457275716763">
        <ele>-0.1</ele>
        <time>2024-04-25T11:50:07Z</time>
      </trkpt>
      <trkpt lat="39.26656041151214" lon="118.44571673240038">
        <ele>-0.1</ele>
        <time>2024-04-25T11:50:08Z</time>
      </trkpt>
      <trkpt lat="39.26656083563121" lon="118.44570418125025">
        <ele>-0.1</ele>
        <time>2024-04-25T11:50:09Z</time>
      </trkpt>
      <trkpt lat="39.266562394798015" lon="118.44569024474359">
        <ele>-0.1</ele>
        <time>2024-04-25T11:50:10Z</time>
      </trkpt>
      <trkpt lat="39.26656289134185" lon="118.44567351545746">
        <ele>-0.1</ele>
        <time>2024-04-25T11:50:11Z</time>
      </trkpt>
      <trkpt lat="39.26656133009608" lon="118.4456555830119">
        <ele>-0.2</ele>
        <time>2024-04-25T11:50:12Z</time>
      </trkpt>
      <trkpt lat="39.26655883456941" lon="118.44563700081187">
        <ele>-0.2</ele>
        <time>2024-04-25T11:50:13Z</time>
      </trkpt>
      <trkpt lat="39.26655563950225" lon="118.44562047349424">
        <ele>-0.2</ele>
        <time>2024-04-25T11:50:14Z</time>
      </trkpt>
      <trkpt lat="39.26655421715096" lon="118.44560538087838">
        <ele>-0.2</ele>
        <time>2024-04-25T11:50:15Z</time>
      </trkpt>
      <trkpt lat="39.266554008453454" lon="118.44559208127411">
        <ele>-0.2</ele>
        <time>2024-04-25T11:50:16Z</time>
      </trkpt>
      <trkpt lat="39.266555807518415" lon="118.44557783363285">
        <ele>-0.2</ele>
        <time>2024-04-25T11:50:17Z</time>
      </trkpt>
      <trkpt lat="39.26655773578018" lon="118.44555893831217">
        <ele>-0.2</ele>
        <time>2024-04-25T11:50:18Z</time>
      </trkpt>
      <trkpt lat="39.26655865831412" lon="118.44553702001573">
        <ele>-0.2</ele>
        <time>2024-04-25T11:50:19Z</time>
      </trkpt>
      <trkpt lat="39.26655736838079" lon="118.44551355893235">
        <ele>-0.2</ele>
        <time>2024-04-25T11:50:21Z</time>
      </trkpt>
      <trkpt lat="39.26655432697143" lon="118.44549523058751">
        <ele>-0.2</ele>
        <time>2024-04-25T11:50:22Z</time>
      </trkpt>
      <trkpt lat="39.26655148851385" lon="118.44548041911423">
        <ele>-0.2</ele>
        <time>2024-04-25T11:50:23Z</time>
      </trkpt>
      <trkpt lat="39.2665488241544" lon="118.44546713710864">
        <ele>-0.2</ele>
        <time>2024-04-25T11:50:24Z</time>
      </trkpt>
      <trkpt lat="39.26654630171202" lon="118.44545135145995">
        <ele>-0.2</ele>
        <time>2024-04-25T11:50:25Z</time>
      </trkpt>
      <trkpt lat="39.26654219182114" lon="118.44542757490885">
        <ele>-0.2</ele>
        <time>2024-04-25T11:50:26Z</time>
      </trkpt>
      <trkpt lat="39.26653780968943" lon="118.4453978513705">
        <ele>-0.2</ele>
        <time>2024-04-25T11:50:27Z</time>
      </trkpt>
      <trkpt lat="39.26653248760651" lon="118.4453587275897">
        <ele>-0.2</ele>
        <time>2024-04-25T11:50:28Z</time>
      </trkpt>
      <trkpt lat="39.266526853818554" lon="118.44531975105753">
        <ele>-0.2</ele>
        <time>2024-04-25T11:50:29Z</time>
      </trkpt>
      <trkpt lat="39.26652115421058" lon="118.44527638939195">
        <ele>-0.2</ele>
        <time>2024-04-25T11:50:30Z</time>
      </trkpt>
      <trkpt lat="39.266517343217146" lon="118.44523783032028">
        <ele>-0.2</ele>
        <time>2024-04-25T11:50:31Z</time>
      </trkpt>
      <trkpt lat="39.266515139767236" lon="118.44520039836127">
        <ele>-0.5</ele>
        <time>2024-04-25T11:50:32Z</time>
      </trkpt>
      <trkpt lat="39.26651371265357" lon="118.44516565522441">
        <ele>-0.5</ele>
        <time>2024-04-25T11:50:33Z</time>
      </trkpt>
      <trkpt lat="39.26651155430944" lon="118.44513301917979">
        <ele>-0.5</ele>
        <time>2024-04-25T11:50:34Z</time>
      </trkpt>
      <trkpt lat="39.266509322324765" lon="118.44509788557733">
        <ele>-0.5</ele>
        <time>2024-04-25T11:50:35Z</time>
      </trkpt>
      <trkpt lat="39.2665084950939" lon="118.44506408926098">
        <ele>-0.5</ele>
        <time>2024-04-25T11:50:36Z</time>
      </trkpt>
      <trkpt lat="39.26650563057339" lon="118.44501571746393">
        <ele>-0.5</ele>
        <time>2024-04-25T11:50:37Z</time>
      </trkpt>
      <trkpt lat="39.26650160702625" lon="118.4449634083786">
        <ele>-0.5</ele>
        <time>2024-04-25T11:50:38Z</time>
      </trkpt>
      <trkpt lat="39.26649562471872" lon="118.4449085965627">
        <ele>-0.5</ele>
        <time>2024-04-25T11:50:40Z</time>
      </trkpt>
      <trkpt lat="39.26649100968287" lon="118.44486188645615">
        <ele>-0.5</ele>
        <time>2024-04-25T11:50:41Z</time>
      </trkpt>
      <trkpt lat="39.26648723874033" lon="118.44482002665674">
        <ele>-0.2</ele>
        <time>2024-04-25T11:50:42Z</time>
      </trkpt>
      <trkpt lat="39.266484260396105" lon="118.44477963396194">
        <ele>-0.2</ele>
        <time>2024-04-25T11:50:43Z</time>
      </trkpt>
      <trkpt lat="39.266482945701675" lon="118.44474021825803">
        <ele>-0.2</ele>
        <time>2024-04-25T11:50:44Z</time>
      </trkpt>
      <trkpt lat="39.26648295605528" lon="118.44470241677259">
        <ele>-0.2</ele>
        <time>2024-04-25T11:50:45Z</time>
      </trkpt>
      <trkpt lat="39.266484980143446" lon="118.44466261565121">
        <ele>-0.2</ele>
        <time>2024-04-25T11:50:46Z</time>
      </trkpt>
      <trkpt lat="39.26648802069854" lon="118.44462681148603">
        <ele>-0.2</ele>
        <time>2024-04-25T11:50:47Z</time>
      </trkpt>
      <trkpt lat="39.26649117251618" lon="118.44458759940682">
        <ele>-0.2</ele>
        <time>2024-04-25T11:50:48Z</time>
      </trkpt>
      <trkpt lat="39.266491904578395" lon="118.44455338456568">
        <ele>-0.2</ele>
        <time>2024-04-25T11:50:49Z</time>
      </trkpt>
      <trkpt lat="39.266490371453905" lon="118.44452006871504">
        <ele>-0.2</ele>
        <time>2024-04-25T11:50:50Z</time>
      </trkpt>
      <trkpt lat="39.26648643957476" lon="118.44448917731954">
        <ele>-0.2</ele>
        <time>2024-04-25T11:50:51Z</time>
      </trkpt>
      <trkpt lat="39.266481748318135" lon="118.44445568389682">
        <ele>-0.5</ele>
        <time>2024-04-25T11:50:52Z</time>
      </trkpt>
      <trkpt lat="39.26647726494969" lon="118.4444220012687">
        <ele>-0.5</ele>
        <time>2024-04-25T11:50:53Z</time>
      </trkpt>
      <trkpt lat="39.266474068952604" lon="118.4443855159659">
        <ele>-0.5</ele>
        <time>2024-04-25T11:50:54Z</time>
      </trkpt>
      <trkpt lat="39.26647208657682" lon="118.4443333772558">
        <ele>-0.5</ele>
        <time>2024-04-25T11:50:55Z</time>
      </trkpt>
      <trkpt lat="39.266470750345164" lon="118.44427386251158">
        <ele>-0.5</ele>
        <time>2024-04-25T11:50:56Z</time>
      </trkpt>
      <trkpt lat="39.26646957280425" lon="118.44421189606743">
        <ele>-0.5</ele>
        <time>2024-04-25T11:50:58Z</time>
      </trkpt>
      <trkpt lat="39.26646819716928" lon="118.44415877643372">
        <ele>-0.5</ele>
        <time>2024-04-25T11:50:59Z</time>
      </trkpt>
      <trkpt lat="39.26646699308819" lon="118.44410758792145">
        <ele>-0.5</ele>
        <time>2024-04-25T11:51:00Z</time>
      </trkpt>
      <trkpt lat="39.266467123510004" lon="118.44405445238846">
        <ele>-0.5</ele>
        <time>2024-04-25T11:51:01Z</time>
      </trkpt>
      <trkpt lat="39.26646956383324" lon="118.44400450529558">
        <ele>-1</ele>
        <time>2024-04-25T11:51:02Z</time>
      </trkpt>
      <trkpt lat="39.266474605580704" lon="118.44395040730392">
        <ele>-1</ele>
        <time>2024-04-25T11:51:03Z</time>
      </trkpt>
      <trkpt lat="39.26648004675393" lon="118.44389897135068">
        <ele>-1</ele>
        <time>2024-04-25T11:51:04Z</time>
      </trkpt>
      <trkpt lat="39.26648494996884" lon="118.44384788064366">
        <ele>-1</ele>
        <time>2024-04-25T11:51:05Z</time>
      </trkpt>
      <trkpt lat="39.266488450534474" lon="118.44379902963509">
        <ele>-1</ele>
        <time>2024-04-25T11:51:06Z</time>
      </trkpt>
      <trkpt lat="39.26649177865131" lon="118.44374958713843">
        <ele>-1</ele>
        <time>2024-04-25T11:51:07Z</time>
      </trkpt>
      <trkpt lat="39.26649509434313" lon="118.44370267351158">
        <ele>-1</ele>
        <time>2024-04-25T11:51:08Z</time>
      </trkpt>
      <trkpt lat="39.26649825271753" lon="118.44365693047541">
        <ele>-1</ele>
        <time>2024-04-25T11:51:09Z</time>
      </trkpt>
      <trkpt lat="39.266500720497405" lon="118.44361554658089">
        <ele>-1</ele>
        <time>2024-04-25T11:51:10Z</time>
      </trkpt>
      <trkpt lat="39.266499676750314" lon="118.44357123899691">
        <ele>-1</ele>
        <time>2024-04-25T11:51:11Z</time>
      </trkpt>
      <trkpt lat="39.26649473650536" lon="118.44353241802847">
        <ele>-0.8</ele>
        <time>2024-04-25T11:51:12Z</time>
      </trkpt>
      <trkpt lat="39.26649011128238" lon="118.44348848021563">
        <ele>-0.8</ele>
        <time>2024-04-25T11:51:13Z</time>
      </trkpt>
      <trkpt lat="39.266486534738" lon="118.4434468788041">
        <ele>-0.8</ele>
        <time>2024-04-25T11:51:14Z</time>
      </trkpt>
      <trkpt lat="39.26648483276082" lon="118.44339952097326">
        <ele>-0.8</ele>
        <time>2024-04-25T11:51:16Z</time>
      </trkpt>
      <trkpt lat="39.266480816017136" lon="118.4433580314735">
        <ele>-0.8</ele>
        <time>2024-04-25T11:51:17Z</time>
      </trkpt>
      <trkpt lat="39.26647604843855" lon="118.44331538186728">
        <ele>-0.8</ele>
        <time>2024-04-25T11:51:18Z</time>
      </trkpt>
      <trkpt lat="39.26647080603671" lon="118.44327796188006">
        <ele>-0.8</ele>
        <time>2024-04-25T11:51:19Z</time>
      </trkpt>
      <trkpt lat="39.26646496094575" lon="118.4432371873135">
        <ele>-0.8</ele>
        <time>2024-04-25T11:51:20Z</time>
      </trkpt>
      <trkpt lat="39.26645959473161" lon="118.44319917481889">
        <ele>-0.8</ele>
        <time>2024-04-25T11:51:21Z</time>
      </trkpt>
      <trkpt lat="39.26645344008173" lon="118.44315661967912">
        <ele>-0.5</ele>
        <time>2024-04-25T11:51:22Z</time>
      </trkpt>
      <trkpt lat="39.26644736591986" lon="118.4431173822549">
        <ele>-0.5</ele>
        <time>2024-04-25T11:51:23Z</time>
      </trkpt>
      <trkpt lat="39.26643972552529" lon="118.44307493719798">
        <ele>-0.5</ele>
        <time>2024-04-25T11:51:24Z</time>
      </trkpt>
      <trkpt lat="39.266431929105174" lon="118.44303681469488">
        <ele>-0.5</ele>
        <time>2024-04-25T11:51:25Z</time>
      </trkpt>
      <trkpt lat="39.266423029832204" lon="118.44299573408016">
        <ele>-0.5</ele>
        <time>2024-04-25T11:51:26Z</time>
      </trkpt>
      <trkpt lat="39.26641503427811" lon="118.44295828976888">
        <ele>-0.5</ele>
        <time>2024-04-25T11:51:27Z</time>
      </trkpt>
      <trkpt lat="39.266409767693" lon="118.44291727064501">
        <ele>-0.5</ele>
        <time>2024-04-25T11:51:28Z</time>
      </trkpt>
      <trkpt lat="39.26640906796438" lon="118.44288126607803">
        <ele>-0.5</ele>
        <time>2024-04-25T11:51:29Z</time>
      </trkpt>
      <trkpt lat="39.26640811688381" lon="118.44284748716677">
        <ele>-0.5</ele>
        <time>2024-04-25T11:51:30Z</time>
      </trkpt>
      <trkpt lat="39.26640644448051" lon="118.4428160286774">
        <ele>-0.5</ele>
        <time>2024-04-25T11:51:31Z</time>
      </trkpt>
      <trkpt lat="39.26640295278944" lon="118.44277973092133">
        <ele>-0.5</ele>
        <time>2024-04-25T11:51:33Z</time>
      </trkpt>
      <trkpt lat="39.26640280109489" lon="118.44274192113289">
        <ele>-0.5</ele>
        <time>2024-04-25T11:51:34Z</time>
      </trkpt>
      <trkpt lat="39.26640366191452" lon="118.44270592550532">
        <ele>-0.5</ele>
        <time>2024-04-25T11:51:35Z</time>
      </trkpt>
      <trkpt lat="39.266405286190626" lon="118.44267115964254">
        <ele>-0.5</ele>
        <time>2024-04-25T11:51:36Z</time>
      </trkpt>
      <trkpt lat="39.26640625123954" lon="118.4426318429499">
        <ele>-0.5</ele>
        <time>2024-04-25T11:51:37Z</time>
      </trkpt>
      <trkpt lat="39.26640712470132" lon="118.44258985001274">
        <ele>-0.5</ele>
        <time>2024-04-25T11:51:38Z</time>
      </trkpt>
      <trkpt lat="39.26640750350437" lon="118.44254273610207">
        <ele>-0.5</ele>
        <time>2024-04-25T11:51:39Z</time>
      </trkpt>
      <trkpt lat="39.2664077315127" lon="118.4424956460088">
        <ele>-0.5</ele>
        <time>2024-04-25T11:51:40Z</time>
      </trkpt>
      <trkpt lat="39.26640724534261" lon="118.44244651436954">
        <ele>-0.5</ele>
        <time>2024-04-25T11:51:41Z</time>
      </trkpt>
      <trkpt lat="39.266405515406134" lon="118.44239906022284">
        <ele>-0.7</ele>
        <time>2024-04-25T11:51:42Z</time>
      </trkpt>
      <trkpt lat="39.266402675190754" lon="118.4423548049886">
        <ele>-0.7</ele>
        <time>2024-04-25T11:51:43Z</time>
      </trkpt>
      <trkpt lat="39.266398026725945" lon="118.44231046986668">
        <ele>-0.7</ele>
        <time>2024-04-25T11:51:44Z</time>
      </trkpt>
      <trkpt lat="39.26639289782635" lon="118.44227061580668">
        <ele>-0.7</ele>
        <time>2024-04-25T11:51:45Z</time>
      </trkpt>
      <trkpt lat="39.266389637233715" lon="118.44222684679744">
        <ele>-0.7</ele>
        <time>2024-04-25T11:51:46Z</time>
      </trkpt>
      <trkpt lat="39.266389978250636" lon="118.44218836849267">
        <ele>-0.7</ele>
        <time>2024-04-25T11:51:47Z</time>
      </trkpt>
      <trkpt lat="39.26638857418411" lon="118.44214415625113">
        <ele>-0.7</ele>
        <time>2024-04-25T11:51:48Z</time>
      </trkpt>
      <trkpt lat="39.26638579691625" lon="118.442096793129">
        <ele>-0.7</ele>
        <time>2024-04-25T11:51:49Z</time>
      </trkpt>
      <trkpt lat="39.26638061005193" lon="118.44204006205591">
        <ele>-0.7</ele>
        <time>2024-04-25T11:51:51Z</time>
      </trkpt>
      <trkpt lat="39.26637849269695" lon="118.44198271403326">
        <ele>-0.3</ele>
        <time>2024-04-25T11:51:52Z</time>
      </trkpt>
      <trkpt lat="39.266376602106206" lon="118.44192973494305">
        <ele>-0.3</ele>
        <time>2024-04-25T11:51:53Z</time>
      </trkpt>
      <trkpt lat="39.26637528214509" lon="118.44188278250093">
        <ele>-0.3</ele>
        <time>2024-04-25T11:51:54Z</time>
      </trkpt>
      <trkpt lat="39.26637374165527" lon="118.44183873274757">
        <ele>-0.3</ele>
        <time>2024-04-25T11:51:55Z</time>
      </trkpt>
      <trkpt lat="39.266372453353725" lon="118.44179726571873">
        <ele>-0.3</ele>
        <time>2024-04-25T11:51:56Z</time>
      </trkpt>
      <trkpt lat="39.26637111403767" lon="118.44175375550323">
        <ele>-0.3</ele>
        <time>2024-04-25T11:51:57Z</time>
      </trkpt>
      <trkpt lat="39.26637033939455" lon="118.44171391832563">
        <ele>-0.3</ele>
        <time>2024-04-25T11:51:58Z</time>
      </trkpt>
      <trkpt lat="39.266370220420434" lon="118.4416695031837">
        <ele>-0.3</ele>
        <time>2024-04-25T11:51:59Z</time>
      </trkpt>
      <trkpt lat="39.266371109892475" lon="118.44162758264206">
        <ele>-0.3</ele>
        <time>2024-04-25T11:52:00Z</time>
      </trkpt>
      <trkpt lat="39.26637316250961" lon="118.44158638009068">
        <ele>-0.3</ele>
        <time>2024-04-25T11:52:01Z</time>
      </trkpt>
      <trkpt lat="39.26637855299472" lon="118.44155388996136">
        <ele>0.1</ele>
        <time>2024-04-25T11:52:02Z</time>
      </trkpt>
      <trkpt lat="39.266383253591464" lon="118.44152794740668">
        <ele>0.1</ele>
        <time>2024-04-25T11:52:03Z</time>
      </trkpt>
      <trkpt lat="39.266383520553276" lon="118.44150431760798">
        <ele>0.1</ele>
        <time>2024-04-25T11:52:04Z</time>
      </trkpt>
      <trkpt lat="39.26637855839884" lon="118.44148031059105">
        <ele>0.1</ele>
        <time>2024-04-25T11:52:05Z</time>
      </trkpt>
      <trkpt lat="39.26637075665629" lon="118.44145064290232">
        <ele>0.1</ele>
        <time>2024-04-25T11:52:06Z</time>
      </trkpt>
      <trkpt lat="39.26636485704409" lon="118.44141534588991">
        <ele>0.1</ele>
        <time>2024-04-25T11:52:07Z</time>
      </trkpt>
      <trkpt lat="39.26635875888194" lon="118.4413778157224">
        <ele>0.1</ele>
        <time>2024-04-25T11:52:09Z</time>
      </trkpt>
      <trkpt lat="39.26635406673185" lon="118.44133817535979">
        <ele>0.1</ele>
        <time>2024-04-25T11:52:10Z</time>
      </trkpt>
      <trkpt lat="39.266349290404285" lon="118.44130197539208">
        <ele>0.1</ele>
        <time>2024-04-25T11:52:11Z</time>
      </trkpt>
      <trkpt lat="39.266344537265596" lon="118.44126483815414">
        <ele>-0.5</ele>
        <time>2024-04-25T11:52:12Z</time>
      </trkpt>
      <trkpt lat="39.26633941754414" lon="118.44122658410305">
        <ele>-0.5</ele>
        <time>2024-04-25T11:52:13Z</time>
      </trkpt>
      <trkpt lat="39.26633430956537" lon="118.44118719495057">
        <ele>-0.5</ele>
        <time>2024-04-25T11:52:14Z</time>
      </trkpt>
      <trkpt lat="39.266329042963434" lon="118.4411425222116">
        <ele>-0.5</ele>
        <time>2024-04-25T11:52:15Z</time>
      </trkpt>
      <trkpt lat="39.26632492964196" lon="118.44109922775088">
        <ele>-0.5</ele>
        <time>2024-04-25T11:52:16Z</time>
      </trkpt>
      <trkpt lat="39.26632200301942" lon="118.44105010852174">
        <ele>-0.5</ele>
        <time>2024-04-25T11:52:17Z</time>
      </trkpt>
      <trkpt lat="39.26632140732248" lon="118.44100269369159">
        <ele>-0.5</ele>
        <time>2024-04-25T11:52:18Z</time>
      </trkpt>
      <trkpt lat="39.26632255715312" lon="118.44095518062416">
        <ele>-0.5</ele>
        <time>2024-04-25T11:52:19Z</time>
      </trkpt>
      <trkpt lat="39.26632475803084" lon="118.44090936581388">
        <ele>-0.5</ele>
        <time>2024-04-25T11:52:20Z</time>
      </trkpt>
      <trkpt lat="39.266326464337155" lon="118.44086472153735">
        <ele>-0.5</ele>
        <time>2024-04-25T11:52:21Z</time>
      </trkpt>
      <trkpt lat="39.266326781112014" lon="118.44081907719278">
        <ele>-0.8</ele>
        <time>2024-04-25T11:52:22Z</time>
      </trkpt>
      <trkpt lat="39.2663260421913" lon="118.4407785466529">
        <ele>-0.8</ele>
        <time>2024-04-25T11:52:23Z</time>
      </trkpt>
      <trkpt lat="39.26632471099541" lon="118.4407380489991">
        <ele>-0.8</ele>
        <time>2024-04-25T11:52:24Z</time>
      </trkpt>
      <trkpt lat="39.26632335654952" lon="118.44068968242698">
        <ele>-0.8</ele>
        <time>2024-04-25T11:52:25Z</time>
      </trkpt>
      <trkpt lat="39.26632174174276" lon="118.44063813916377">
        <ele>-0.8</ele>
        <time>2024-04-25T11:52:26Z</time>
      </trkpt>
      <trkpt lat="39.26631955591779" lon="118.44058188071557">
        <ele>-0.8</ele>
        <time>2024-04-25T11:52:28Z</time>
      </trkpt>
      <trkpt lat="39.26631674167358" lon="118.44053409154259">
        <ele>-0.8</ele>
        <time>2024-04-25T11:52:29Z</time>
      </trkpt>
      <trkpt lat="39.26631590697986" lon="118.44048311241743">
        <ele>-0.8</ele>
        <time>2024-04-25T11:52:30Z</time>
      </trkpt>
      <trkpt lat="39.26631822892749" lon="118.44043867193542">
        <ele>-0.8</ele>
        <time>2024-04-25T11:52:31Z</time>
      </trkpt>
      <trkpt lat="39.26632203520465" lon="118.4403990062917">
        <ele>-0.9</ele>
        <time>2024-04-25T11:52:32Z</time>
      </trkpt>
      <trkpt lat="39.26632230079293" lon="118.4403638841152">
        <ele>-0.9</ele>
        <time>2024-04-25T11:52:33Z</time>
      </trkpt>
      <trkpt lat="39.26632057389201" lon="118.44033000802966">
        <ele>-0.9</ele>
        <time>2024-04-25T11:52:34Z</time>
      </trkpt>
      <trkpt lat="39.26631793947858" lon="118.44029199858508">
        <ele>-0.9</ele>
        <time>2024-04-25T11:52:35Z</time>
      </trkpt>
      <trkpt lat="39.266317470809696" lon="118.4402582573225">
        <ele>-0.9</ele>
        <time>2024-04-25T11:52:36Z</time>
      </trkpt>
      <trkpt lat="39.26631669794122" lon="118.44022353099643">
        <ele>-0.9</ele>
        <time>2024-04-25T11:52:37Z</time>
      </trkpt>
      <trkpt lat="39.266315932294766" lon="118.44019114162614">
        <ele>-0.9</ele>
        <time>2024-04-25T11:52:38Z</time>
      </trkpt>
      <trkpt lat="39.26631495666574" lon="118.44015826793361">
        <ele>-0.9</ele>
        <time>2024-04-25T11:52:39Z</time>
      </trkpt>
      <trkpt lat="39.266314072103526" lon="118.44012804720218">
        <ele>-0.9</ele>
        <time>2024-04-25T11:52:40Z</time>
      </trkpt>
      <trkpt lat="39.26631331641748" lon="118.44009805645376">
        <ele>-0.9</ele>
        <time>2024-04-25T11:52:41Z</time>
      </trkpt>
      <trkpt lat="39.26630991274098" lon="118.44006514966756">
        <ele>-0.7</ele>
        <time>2024-04-25T11:52:42Z</time>
      </trkpt>
      <trkpt lat="39.26630579326874" lon="118.44003143463974">
        <ele>-0.7</ele>
        <time>2024-04-25T11:52:43Z</time>
      </trkpt>
      <trkpt lat="39.26630091752397" lon="118.43999589986566">
        <ele>-0.7</ele>
        <time>2024-04-25T11:52:45Z</time>
      </trkpt>
      <trkpt lat="39.26629810311905" lon="118.43996322078353">
        <ele>-0.7</ele>
        <time>2024-04-25T11:52:46Z</time>
      </trkpt>
      <trkpt lat="39.26629566580103" lon="118.43993132283535">
        <ele>-0.7</ele>
        <time>2024-04-25T11:52:47Z</time>
      </trkpt>
      <trkpt lat="39.26629416714216" lon="118.43989948454468">
        <ele>-0.7</ele>
        <time>2024-04-25T11:52:48Z</time>
      </trkpt>
      <trkpt lat="39.26629366022589" lon="118.43986594991492">
        <ele>-0.7</ele>
        <time>2024-04-25T11:52:49Z</time>
      </trkpt>
      <trkpt lat="39.26629340568294" lon="118.43982458704805">
        <ele>-0.7</ele>
        <time>2024-04-25T11:52:50Z</time>
      </trkpt>
      <trkpt lat="39.26629312094928" lon="118.43978066821562">
        <ele>-0.7</ele>
        <time>2024-04-25T11:52:51Z</time>
      </trkpt>
      <trkpt lat="39.26629239872869" lon="118.43972799004354">
        <ele>0</ele>
        <time>2024-04-25T11:52:52Z</time>
      </trkpt>
      <trkpt lat="39.2662921796745" lon="118.43967626354099">
        <ele>0</ele>
        <time>2024-04-25T11:52:53Z</time>
      </trkpt>
      <trkpt lat="39.26629317011681" lon="118.43962246122717">
        <ele>0</ele>
        <time>2024-04-25T11:52:54Z</time>
      </trkpt>
      <trkpt lat="39.266295297619095" lon="118.43957683094875">
        <ele>0</ele>
        <time>2024-04-25T11:52:55Z</time>
      </trkpt>
      <trkpt lat="39.26629739648319" lon="118.43953170194983">
        <ele>0</ele>
        <time>2024-04-25T11:52:56Z</time>
      </trkpt>
      <trkpt lat="39.2662982599765" lon="118.43949159351054">
        <ele>0</ele>
        <time>2024-04-25T11:52:57Z</time>
      </trkpt>
      <trkpt lat="39.26629787917621" lon="118.43944945015153">
        <ele>0</ele>
        <time>2024-04-25T11:52:58Z</time>
      </trkpt>
      <trkpt lat="39.26630055752212" lon="118.439408401076">
        <ele>0</ele>
        <time>2024-04-25T11:52:59Z</time>
      </trkpt>
      <trkpt lat="39.26629802937688" lon="118.43936676286074">
        <ele>0</ele>
        <time>2024-04-25T11:53:00Z</time>
      </trkpt>
      <trkpt lat="39.266292661474104" lon="118.43932243844957">
        <ele>0</ele>
        <time>2024-04-25T11:53:01Z</time>
      </trkpt>
      <trkpt lat="39.26627934797558" lon="118.43927582661495">
        <ele>-0.6</ele>
        <time>2024-04-25T11:53:03Z</time>
      </trkpt>
      <trkpt lat="39.266268803908794" lon="118.43923002652892">
        <ele>-0.6</ele>
        <time>2024-04-25T11:53:04Z</time>
      </trkpt>
      <trkpt lat="39.26625874306683" lon="118.43918982710647">
        <ele>-0.6</ele>
        <time>2024-04-25T11:53:05Z</time>
      </trkpt>
      <trkpt lat="39.266250350102624" lon="118.43915315802104">
        <ele>-0.6</ele>
        <time>2024-04-25T11:53:06Z</time>
      </trkpt>
      <trkpt lat="39.266242368264514" lon="118.4391184914962">
        <ele>-0.6</ele>
        <time>2024-04-25T11:53:07Z</time>
      </trkpt>
      <trkpt lat="39.26623488620718" lon="118.43907897229391">
        <ele>-0.6</ele>
        <time>2024-04-25T11:53:08Z</time>
      </trkpt>
      <trkpt lat="39.2662285429743" lon="118.4390358703582">
        <ele>-0.6</ele>
        <time>2024-04-25T11:53:09Z</time>
      </trkpt>
      <trkpt lat="39.26622341294093" lon="118.4389875559068">
        <ele>-0.6</ele>
        <time>2024-04-25T11:53:10Z</time>
      </trkpt>
      <trkpt lat="39.26622072369247" lon="118.4389390563117">
        <ele>-0.6</ele>
        <time>2024-04-25T11:53:11Z</time>
      </trkpt>
      <trkpt lat="39.26622048774446" lon="118.43888766017128">
        <ele>-0.4</ele>
        <time>2024-04-25T11:53:12Z</time>
      </trkpt>
      <trkpt lat="39.26622281400801" lon="118.43883524750424">
        <ele>-0.4</ele>
        <time>2024-04-25T11:53:13Z</time>
      </trkpt>
      <trkpt lat="39.266225307264186" lon="118.43878234452443">
        <ele>-0.4</ele>
        <time>2024-04-25T11:53:14Z</time>
      </trkpt>
      <trkpt lat="39.26622732923128" lon="118.43873581555185">
        <ele>-0.4</ele>
        <time>2024-04-25T11:53:15Z</time>
      </trkpt>
      <trkpt lat="39.26622895557895" lon="118.4386948255227">
        <ele>-0.4</ele>
        <time>2024-04-25T11:53:16Z</time>
      </trkpt>
      <trkpt lat="39.26623326111119" lon="118.43865737440589">
        <ele>-0.4</ele>
        <time>2024-04-25T11:53:17Z</time>
      </trkpt>
      <trkpt lat="39.26623500326116" lon="118.43862093466313">
        <ele>-0.4</ele>
        <time>2024-04-25T11:53:18Z</time>
      </trkpt>
      <trkpt lat="39.266234338264624" lon="118.43858363831266">
        <ele>-0.4</ele>
        <time>2024-04-25T11:53:19Z</time>
      </trkpt>
      <trkpt lat="39.26622851021954" lon="118.43854515668242">
        <ele>-0.4</ele>
        <time>2024-04-25T11:53:21Z</time>
      </trkpt>
      <trkpt lat="39.26622400560572" lon="118.43850750590858">
        <ele>-0.4</ele>
        <time>2024-04-25T11:53:22Z</time>
      </trkpt>
      <trkpt lat="39.26621980627546" lon="118.43846974247872">
        <ele>-0.4</ele>
        <time>2024-04-25T11:53:23Z</time>
      </trkpt>
      <trkpt lat="39.26621668224247" lon="118.43843314262432">
        <ele>-0.4</ele>
        <time>2024-04-25T11:53:24Z</time>
      </trkpt>
      <trkpt lat="39.26621391374383" lon="118.43839091728339">
        <ele>-0.4</ele>
        <time>2024-04-25T11:53:25Z</time>
      </trkpt>
      <trkpt lat="39.26621113324475" lon="118.43834564719685">
        <ele>-0.4</ele>
        <time>2024-04-25T11:53:26Z</time>
      </trkpt>
      <trkpt lat="39.26620775101121" lon="118.43829832949723">
        <ele>-0.4</ele>
        <time>2024-04-25T11:53:27Z</time>
      </trkpt>
      <trkpt lat="39.26620263372434" lon="118.43825079342236">
        <ele>-0.4</ele>
        <time>2024-04-25T11:53:28Z</time>
      </trkpt>
      <trkpt lat="39.26619664643989" lon="118.4382055531329">
        <ele>-0.4</ele>
        <time>2024-04-25T11:53:29Z</time>
      </trkpt>
      <trkpt lat="39.26619068186319" lon="118.43816303753094">
        <ele>-0.4</ele>
        <time>2024-04-25T11:53:30Z</time>
      </trkpt>
      <trkpt lat="39.26618717568351" lon="118.43812445732888">
        <ele>-0.4</ele>
        <time>2024-04-25T11:53:31Z</time>
      </trkpt>
      <trkpt lat="39.26618610198484" lon="118.43808855410973">
        <ele>-0.1</ele>
        <time>2024-04-25T11:53:32Z</time>
      </trkpt>
      <trkpt lat="39.26618795790292" lon="118.4380548814915">
        <ele>-0.1</ele>
        <time>2024-04-25T11:53:33Z</time>
      </trkpt>
      <trkpt lat="39.26619105643793" lon="118.43802218744693">
        <ele>-0.1</ele>
        <time>2024-04-25T11:53:34Z</time>
      </trkpt>
      <trkpt lat="39.266194951820815" lon="118.43799065831497">
        <ele>-0.1</ele>
        <time>2024-04-25T11:53:35Z</time>
      </trkpt>
      <trkpt lat="39.26619835399723" lon="118.43796059060483">
        <ele>-0.1</ele>
        <time>2024-04-25T11:53:36Z</time>
      </trkpt>
      <trkpt lat="39.26619994230878" lon="118.43793373556481">
        <ele>-0.1</ele>
        <time>2024-04-25T11:53:37Z</time>
      </trkpt>
      <trkpt lat="39.26620012103022" lon="118.43790693359308">
        <ele>-0.1</ele>
        <time>2024-04-25T11:53:38Z</time>
      </trkpt>
      <trkpt lat="39.26619931281583" lon="118.43787981447771">
        <ele>-0.1</ele>
        <time>2024-04-25T11:53:40Z</time>
      </trkpt>
      <trkpt lat="39.26619786932707" lon="118.43785357214077">
        <ele>-0.1</ele>
        <time>2024-04-25T11:53:41Z</time>
      </trkpt>
      <trkpt lat="39.26619565620163" lon="118.43782986470532">
        <ele>-0.5</ele>
        <time>2024-04-25T11:53:42Z</time>
      </trkpt>
      <trkpt lat="39.266192644991186" lon="118.43780800897066">
        <ele>-0.5</ele>
        <time>2024-04-25T11:53:43Z</time>
      </trkpt>
      <trkpt lat="39.26619107138289" lon="118.43778817105142">
        <ele>-0.5</ele>
        <time>2024-04-25T11:53:44Z</time>
      </trkpt>
      <trkpt lat="39.266190344090084" lon="118.4377683835548">
        <ele>-0.5</ele>
        <time>2024-04-25T11:53:45Z</time>
      </trkpt>
      <trkpt lat="39.26619084166093" lon="118.43774923359445">
        <ele>-0.5</ele>
        <time>2024-04-25T11:53:46Z</time>
      </trkpt>
      <trkpt lat="39.26619100901398" lon="118.43772943484899">
        <ele>-0.5</ele>
        <time>2024-04-25T11:53:47Z</time>
      </trkpt>
      <trkpt lat="39.26619164150076" lon="118.43771126685232">
        <ele>-0.5</ele>
        <time>2024-04-25T11:53:48Z</time>
      </trkpt>
      <trkpt lat="39.26619066126671" lon="118.43769438814698">
        <ele>-0.5</ele>
        <time>2024-04-25T11:53:49Z</time>
      </trkpt>
      <trkpt lat="39.26618820944789" lon="118.43768083600042">
        <ele>-0.5</ele>
        <time>2024-04-25T11:53:50Z</time>
      </trkpt>
      <trkpt lat="39.26618434894406" lon="118.43766836390448">
        <ele>-0.5</ele>
        <time>2024-04-25T11:53:51Z</time>
      </trkpt>
      <trkpt lat="39.26618210549513" lon="118.437656151865">
        <ele>-0.5</ele>
        <time>2024-04-25T11:53:52Z</time>
      </trkpt>
      <trkpt lat="39.26618226343556" lon="118.4376412511009">
        <ele>-0.5</ele>
        <time>2024-04-25T11:53:53Z</time>
      </trkpt>
      <trkpt lat="39.266183368608864" lon="118.43762500464887">
        <ele>-0.5</ele>
        <time>2024-04-25T11:53:54Z</time>
      </trkpt>
      <trkpt lat="39.26618437540015" lon="118.43760359529401">
        <ele>-0.5</ele>
        <time>2024-04-25T11:53:55Z</time>
      </trkpt>
      <trkpt lat="39.266183291671105" lon="118.43758323835065">
        <ele>-0.5</ele>
        <time>2024-04-25T11:53:56Z</time>
      </trkpt>
      <trkpt lat="39.266180648136725" lon="118.43756450527441">
        <ele>-0.5</ele>
        <time>2024-04-25T11:53:58Z</time>
      </trkpt>
      <trkpt lat="39.26617673302689" lon="118.4375523858911">
        <ele>-0.5</ele>
        <time>2024-04-25T11:53:59Z</time>
      </trkpt>
      <trkpt lat="39.266174012256" lon="118.4375441135822">
        <ele>-0.5</ele>
        <time>2024-04-25T11:54:00Z</time>
      </trkpt>
      <trkpt lat="39.26617347716704" lon="118.43753617533591">
        <ele>-0.5</ele>
        <time>2024-04-25T11:54:01Z</time>
      </trkpt>
      <trkpt lat="39.26617500414765" lon="118.43752628584889">
        <ele>-0.4</ele>
        <time>2024-04-25T11:54:02Z</time>
      </trkpt>
      <trkpt lat="39.26617715511871" lon="118.43751163929845">
        <ele>-0.4</ele>
        <time>2024-04-25T11:54:03Z</time>
      </trkpt>
      <trkpt lat="39.26617864302412" lon="118.43749359843854">
        <ele>-0.4</ele>
        <time>2024-04-25T11:54:04Z</time>
      </trkpt>
      <trkpt lat="39.26617833734158" lon="118.43747522040643">
        <ele>-0.4</ele>
        <time>2024-04-25T11:54:05Z</time>
      </trkpt>
      <trkpt lat="39.26617764034811" lon="118.43745790993857">
        <ele>-0.4</ele>
        <time>2024-04-25T11:54:06Z</time>
      </trkpt>
      <trkpt lat="39.26617620256778" lon="118.43744405039595">
        <ele>-0.4</ele>
        <time>2024-04-25T11:54:07Z</time>
      </trkpt>
      <trkpt lat="39.26617611502928" lon="118.43743274015758">
        <ele>-0.4</ele>
        <time>2024-04-25T11:54:08Z</time>
      </trkpt>
      <trkpt lat="39.26617681906267" lon="118.43742273180474">
        <ele>-0.4</ele>
        <time>2024-04-25T11:54:09Z</time>
      </trkpt>
      <trkpt lat="39.26617972609504" lon="118.43741065421362">
        <ele>-0.4</ele>
        <time>2024-04-25T11:54:10Z</time>
      </trkpt>
      <trkpt lat="39.26618340628401" lon="118.43739589867647">
        <ele>-0.4</ele>
        <time>2024-04-25T11:54:11Z</time>
      </trkpt>
      <trkpt lat="39.26618664979626" lon="118.4373784627736">
        <ele>-0.4</ele>
        <time>2024-04-25T11:54:12Z</time>
      </trkpt>
      <trkpt lat="39.266187755080196" lon="118.4373574830239">
        <ele>-0.4</ele>
        <time>2024-04-25T11:54:13Z</time>
      </trkpt>
      <trkpt lat="39.2661859530517" lon="118.43733702541547">
        <ele>-0.4</ele>
        <time>2024-04-25T11:54:14Z</time>
      </trkpt>
      <trkpt lat="39.26618236242706" lon="118.43731870148184">
        <ele>-0.4</ele>
        <time>2024-04-25T11:54:16Z</time>
      </trkpt>
      <trkpt lat="39.26617880448399" lon="118.43730501707793">
        <ele>-0.4</ele>
        <time>2024-04-25T11:54:17Z</time>
      </trkpt>
      <trkpt lat="39.266174011050325" lon="118.43729387527381">
        <ele>-0.4</ele>
        <time>2024-04-25T11:54:18Z</time>
      </trkpt>
      <trkpt lat="39.26616938763912" lon="118.43728273936262">
        <ele>-0.4</ele>
        <time>2024-04-25T11:54:19Z</time>
      </trkpt>
      <trkpt lat="39.266164226003156" lon="118.43727122794408">
        <ele>-0.4</ele>
        <time>2024-04-25T11:54:20Z</time>
      </trkpt>
      <trkpt lat="39.266161053713375" lon="118.43725736988408">
        <ele>-0.4</ele>
        <time>2024-04-25T11:54:21Z</time>
      </trkpt>
      <trkpt lat="39.26615806037214" lon="118.43724267266883">
        <ele>-0.4</ele>
        <time>2024-04-25T11:54:22Z</time>
      </trkpt>
      <trkpt lat="39.266155481809584" lon="118.43722685792257">
        <ele>-0.4</ele>
        <time>2024-04-25T11:54:23Z</time>
      </trkpt>
      <trkpt lat="39.266153264883" lon="118.43721329245234">
        <ele>-0.4</ele>
        <time>2024-04-25T11:54:24Z</time>
      </trkpt>
      <trkpt lat="39.26615132775705" lon="118.43719989014798">
        <ele>-0.4</ele>
        <time>2024-04-25T11:54:25Z</time>
      </trkpt>
      <trkpt lat="39.26614953046807" lon="118.43718653049407">
        <ele>-0.4</ele>
        <time>2024-04-25T11:54:26Z</time>
      </trkpt>
      <trkpt lat="39.26614781959575" lon="118.43717278670493">
        <ele>-0.4</ele>
        <time>2024-04-25T11:54:27Z</time>
      </trkpt>
      <trkpt lat="39.2661461637095" lon="118.43715785401582">
        <ele>-0.4</ele>
        <time>2024-04-25T11:54:28Z</time>
      </trkpt>
      <trkpt lat="39.26614471006511" lon="118.43714232741513">
        <ele>-0.4</ele>
        <time>2024-04-25T11:54:29Z</time>
      </trkpt>
      <trkpt lat="39.26614346065219" lon="118.43712599428568">
        <ele>-0.4</ele>
        <time>2024-04-25T11:54:30Z</time>
      </trkpt>
      <trkpt lat="39.26614222493533" lon="118.43710417596235">
        <ele>-0.4</ele>
        <time>2024-04-25T11:54:31Z</time>
      </trkpt>
      <trkpt lat="39.266141014617354" lon="118.43708067306962">
        <ele>-0.6</ele>
        <time>2024-04-25T11:54:32Z</time>
      </trkpt>
      <trkpt lat="39.266139506444155" lon="118.43705250015029">
        <ele>-0.6</ele>
        <time>2024-04-25T11:54:34Z</time>
      </trkpt>
      <trkpt lat="39.266137954762605" lon="118.43702819359993">
        <ele>-0.6</ele>
        <time>2024-04-25T11:54:35Z</time>
      </trkpt>
      <trkpt lat="39.26613615551567" lon="118.4370036737078">
        <ele>-0.6</ele>
        <time>2024-04-25T11:54:36Z</time>
      </trkpt>
      <trkpt lat="39.26613440085873" lon="118.43698287608265">
        <ele>-0.6</ele>
        <time>2024-04-25T11:54:37Z</time>
      </trkpt>
      <trkpt lat="39.266132649030496" lon="118.43696234541444">
        <ele>-0.6</ele>
        <time>2024-04-25T11:54:38Z</time>
      </trkpt>
      <trkpt lat="39.26613104319305" lon="118.4369419474705">
        <ele>-0.6</ele>
        <time>2024-04-25T11:54:39Z</time>
      </trkpt>
      <trkpt lat="39.26612948783375" lon="118.43691824469923">
        <ele>-0.6</ele>
        <time>2024-04-25T11:54:40Z</time>
      </trkpt>
      <trkpt lat="39.26612815964786" lon="118.43689360672845">
        <ele>-0.6</ele>
        <time>2024-04-25T11:54:41Z</time>
      </trkpt>
      <trkpt lat="39.26612705852435" lon="118.43686794317067">
        <ele>-0.4</ele>
        <time>2024-04-25T11:54:42Z</time>
      </trkpt>
      <trkpt lat="39.26612621679644" lon="118.43684187040968">
        <ele>-0.4</ele>
        <time>2024-04-25T11:54:43Z</time>
      </trkpt>
      <trkpt lat="39.26612557252473" lon="118.43681543594332">
        <ele>-0.4</ele>
        <time>2024-04-25T11:54:44Z</time>
      </trkpt>
      <trkpt lat="39.2661252840884" lon="118.4367924980636">
        <ele>-0.4</ele>
        <time>2024-04-25T11:54:45Z</time>
      </trkpt>
      <trkpt lat="39.26612518546486" lon="118.43677095294746">
        <ele>-0.4</ele>
        <time>2024-04-25T11:54:46Z</time>
      </trkpt>
      <trkpt lat="39.266125282220955" lon="118.43675166826034">
        <ele>-0.4</ele>
        <time>2024-04-25T11:54:47Z</time>
      </trkpt>
      <trkpt lat="39.26612530927735" lon="118.43673107647747">
        <ele>-0.4</ele>
        <time>2024-04-25T11:54:48Z</time>
      </trkpt>
      <trkpt lat="39.266126743767586" lon="118.43670108019624">
        <ele>-0.4</ele>
        <time>2024-04-25T11:54:49Z</time>
      </trkpt>
      <trkpt lat="39.26612871093918" lon="118.43666949487032">
        <ele>-0.4</ele>
        <time>2024-04-25T11:54:50Z</time>
      </trkpt>
      <trkpt lat="39.26612943424644" lon="118.4366366838004">
        <ele>-0.5</ele>
        <time>2024-04-25T11:54:52Z</time>
      </trkpt>
      <trkpt lat="39.26612765288445" lon="118.4366162414143">
        <ele>-0.5</ele>
        <time>2024-04-25T11:54:53Z</time>
      </trkpt>
      <trkpt lat="39.26612449375883" lon="118.4366006257754">
        <ele>-0.5</ele>
        <time>2024-04-25T11:54:54Z</time>
      </trkpt>
      <trkpt lat="39.266121131199974" lon="118.43658815296865">
        <ele>-0.5</ele>
        <time>2024-04-25T11:54:55Z</time>
      </trkpt>
      <trkpt lat="39.26611819286525" lon="118.4365770972281">
        <ele>-0.5</ele>
        <time>2024-04-25T11:54:56Z</time>
      </trkpt>
      <trkpt lat="39.26611562455869" lon="118.43656592203924">
        <ele>-0.5</ele>
        <time>2024-04-25T11:54:57Z</time>
      </trkpt>
      <trkpt lat="39.266114842519016" lon="118.4365553118247">
        <ele>-0.5</ele>
        <time>2024-04-25T11:54:58Z</time>
      </trkpt>
      <trkpt lat="39.26611493417648" lon="118.43654191053844">
        <ele>-0.5</ele>
        <time>2024-04-25T11:54:59Z</time>
      </trkpt>
      <trkpt lat="39.26611560535498" lon="118.43652521536538">
        <ele>-0.5</ele>
        <time>2024-04-25T11:55:00Z</time>
      </trkpt>
      <trkpt lat="39.26611560566456" lon="118.43650617307267">
        <ele>-0.5</ele>
        <time>2024-04-25T11:55:01Z</time>
      </trkpt>
      <trkpt lat="39.26611508848787" lon="118.4364861333791">
        <ele>-0.6</ele>
        <time>2024-04-25T11:55:02Z</time>
      </trkpt>
      <trkpt lat="39.26611581608705" lon="118.43646714507177">
        <ele>-0.6</ele>
        <time>2024-04-25T11:55:03Z</time>
      </trkpt>
      <trkpt lat="39.26611757610851" lon="118.43644683055825">
        <ele>-0.6</ele>
        <time>2024-04-25T11:55:04Z</time>
      </trkpt>
      <trkpt lat="39.266119524801915" lon="118.4364259764442">
        <ele>-0.6</ele>
        <time>2024-04-25T11:55:05Z</time>
      </trkpt>
      <trkpt lat="39.26611578525312" lon="118.43640729619887">
        <ele>-0.6</ele>
        <time>2024-04-25T11:55:06Z</time>
      </trkpt>
      <trkpt lat="39.26610970337668" lon="118.43639221118403">
        <ele>-0.6</ele>
        <time>2024-04-25T11:55:07Z</time>
      </trkpt>
      <trkpt lat="39.26610288093149" lon="118.43637849273085">
        <ele>-0.6</ele>
        <time>2024-04-25T11:55:09Z</time>
      </trkpt>
      <trkpt lat="39.26610015145479" lon="118.43636105096522">
        <ele>-0.6</ele>
        <time>2024-04-25T11:55:10Z</time>
      </trkpt>
      <trkpt lat="39.266099127891856" lon="118.43634024961491">
        <ele>-0.6</ele>
        <time>2024-04-25T11:55:11Z</time>
      </trkpt>
      <trkpt lat="39.266099094875834" lon="118.43631739087427">
        <ele>-0.8</ele>
        <time>2024-04-25T11:55:12Z</time>
      </trkpt>
      <trkpt lat="39.266099616559316" lon="118.43629330821553">
        <ele>-0.8</ele>
        <time>2024-04-25T11:55:13Z</time>
      </trkpt>
      <trkpt lat="39.266100751268766" lon="118.43626821759335">
        <ele>-0.8</ele>
        <time>2024-04-25T11:55:14Z</time>
      </trkpt>
      <trkpt lat="39.26610241998797" lon="118.43624302449105">
        <ele>-0.8</ele>
        <time>2024-04-25T11:55:15Z</time>
      </trkpt>
      <trkpt lat="39.26610449459111" lon="118.4362184463595">
        <ele>-0.8</ele>
        <time>2024-04-25T11:55:16Z</time>
      </trkpt>
      <trkpt lat="39.26610660258371" lon="118.43619662113257">
        <ele>-0.8</ele>
        <time>2024-04-25T11:55:17Z</time>
      </trkpt>
      <trkpt lat="39.266108902925374" lon="118.43617455819262">
        <ele>-0.8</ele>
        <time>2024-04-25T11:55:18Z</time>
      </trkpt>
      <trkpt lat="39.26611151312332" lon="118.4361518886656">
        <ele>-0.8</ele>
        <time>2024-04-25T11:55:19Z</time>
      </trkpt>
      <trkpt lat="39.266114445520024" lon="118.43612654360335">
        <ele>-0.8</ele>
        <time>2024-04-25T11:55:20Z</time>
      </trkpt>
      <trkpt lat="39.26611718015531" lon="118.43610116251816">
        <ele>-0.8</ele>
        <time>2024-04-25T11:55:21Z</time>
      </trkpt>
      <trkpt lat="39.266119234254695" lon="118.43607653679577">
        <ele>-0.5</ele>
        <time>2024-04-25T11:55:22Z</time>
      </trkpt>
      <trkpt lat="39.26612029471441" lon="118.43605240520925">
        <ele>-0.5</ele>
        <time>2024-04-25T11:55:23Z</time>
      </trkpt>
      <trkpt lat="39.26612143367962" lon="118.43603081035783">
        <ele>-0.5</ele>
        <time>2024-04-25T11:55:24Z</time>
      </trkpt>
      <trkpt lat="39.266121728574795" lon="118.43600441743047">
        <ele>-0.5</ele>
        <time>2024-04-25T11:55:25Z</time>
      </trkpt>
      <trkpt lat="39.266121644338114" lon="118.43597868828076">
        <ele>-0.5</ele>
        <time>2024-04-25T11:55:26Z</time>
      </trkpt>
      <trkpt lat="39.2661207004311" lon="118.43595258586663">
        <ele>-0.5</ele>
        <time>2024-04-25T11:55:28Z</time>
      </trkpt>
      <trkpt lat="39.266120300704614" lon="118.43593219649549">
        <ele>-0.5</ele>
        <time>2024-04-25T11:55:29Z</time>
      </trkpt>
      <trkpt lat="39.26612134538102" lon="118.43591365128297">
        <ele>-0.5</ele>
        <time>2024-04-25T11:55:30Z</time>
      </trkpt>
      <trkpt lat="39.26612365352307" lon="118.43589401059931">
        <ele>-0.5</ele>
        <time>2024-04-25T11:55:31Z</time>
      </trkpt>
      <trkpt lat="39.26612668167308" lon="118.4358739586979">
        <ele>-0.4</ele>
        <time>2024-04-25T11:55:32Z</time>
      </trkpt>
      <trkpt lat="39.26612911519532" lon="118.43585245377817">
        <ele>-0.4</ele>
        <time>2024-04-25T11:55:33Z</time>
      </trkpt>
      <trkpt lat="39.26613064355106" lon="118.43583167609881">
        <ele>-0.4</ele>
        <time>2024-04-25T11:55:34Z</time>
      </trkpt>
      <trkpt lat="39.266131428415406" lon="118.43581228659085">
        <ele>-0.4</ele>
        <time>2024-04-25T11:55:35Z</time>
      </trkpt>
      <trkpt lat="39.26613217411217" lon="118.43579717127345">
        <ele>-0.4</ele>
        <time>2024-04-25T11:55:36Z</time>
      </trkpt>
      <trkpt lat="39.26613151053446" lon="118.43578229686759">
        <ele>-0.4</ele>
        <time>2024-04-25T11:55:37Z</time>
      </trkpt>
      <trkpt lat="39.266131842452474" lon="118.43577027779574">
        <ele>-0.4</ele>
        <time>2024-04-25T11:55:38Z</time>
      </trkpt>
      <trkpt lat="39.266131137873714" lon="118.4357563664816">
        <ele>-0.4</ele>
        <time>2024-04-25T11:55:39Z</time>
      </trkpt>
      <trkpt lat="39.266131107515875" lon="118.43574490514791">
        <ele>-0.4</ele>
        <time>2024-04-25T11:55:40Z</time>
      </trkpt>
      <trkpt lat="39.26612926583088" lon="118.4357334926208">
        <ele>-0.4</ele>
        <time>2024-04-25T11:55:41Z</time>
      </trkpt>
      <trkpt lat="39.266127355911" lon="118.43572239007865">
        <ele>-0.5</ele>
        <time>2024-04-25T11:55:42Z</time>
      </trkpt>
      <trkpt lat="39.26612636920805" lon="118.43570630767576">
        <ele>-0.5</ele>
        <time>2024-04-25T11:55:43Z</time>
      </trkpt>
      <trkpt lat="39.266125579100795" lon="118.43568357104384">
        <ele>-0.5</ele>
        <time>2024-04-25T11:55:44Z</time>
      </trkpt>
      <trkpt lat="39.26612532151436" lon="118.43565540145482">
        <ele>-0.5</ele>
        <time>2024-04-25T11:55:46Z</time>
      </trkpt>
      <trkpt lat="39.266124883297" lon="118.43562618017003">
        <ele>-0.5</ele>
        <time>2024-04-25T11:55:47Z</time>
      </trkpt>
      <trkpt lat="39.26612573680183" lon="118.43559699304657">
        <ele>-0.5</ele>
        <time>2024-04-25T11:55:48Z</time>
      </trkpt>
      <trkpt lat="39.26612639850676" lon="118.4355702002342">
        <ele>-0.5</ele>
        <time>2024-04-25T11:55:49Z</time>
      </trkpt>
      <trkpt lat="39.26612755505114" lon="118.43554571432931">
        <ele>-0.5</ele>
        <time>2024-04-25T11:55:50Z</time>
      </trkpt>
      <trkpt lat="39.266127603781825" lon="118.43552623718392">
        <ele>-0.5</ele>
        <time>2024-04-25T11:55:51Z</time>
      </trkpt>
      <trkpt lat="39.26612682245406" lon="118.43551049358932">
        <ele>-0.6</ele>
        <time>2024-04-25T11:55:52Z</time>
      </trkpt>
      <trkpt lat="39.26612464777658" lon="118.43549661709673">
        <ele>-0.6</ele>
        <time>2024-04-25T11:55:53Z</time>
      </trkpt>
      <trkpt lat="39.266122755915255" lon="118.43548173457704">
        <ele>-0.6</ele>
        <time>2024-04-25T11:55:54Z</time>
      </trkpt>
      <trkpt lat="39.26612225916657" lon="118.43546576527869">
        <ele>-0.6</ele>
        <time>2024-04-25T11:55:55Z</time>
      </trkpt>
      <trkpt lat="39.26612220229174" lon="118.43545179131166">
        <ele>-0.6</ele>
        <time>2024-04-25T11:55:56Z</time>
      </trkpt>
      <trkpt lat="39.26612141255264" lon="118.43544009286015">
        <ele>-0.6</ele>
        <time>2024-04-25T11:55:57Z</time>
      </trkpt>
      <trkpt lat="39.26612020628616" lon="118.43542775211303">
        <ele>-0.6</ele>
        <time>2024-04-25T11:55:58Z</time>
      </trkpt>
      <trkpt lat="39.26611760357697" lon="118.4354147657593">
        <ele>-0.6</ele>
        <time>2024-04-25T11:55:59Z</time>
      </trkpt>
      <trkpt lat="39.26611338444932" lon="118.43540237001058">
        <ele>-0.6</ele>
        <time>2024-04-25T11:56:00Z</time>
      </trkpt>
      <trkpt lat="39.26610626635622" lon="118.43538770871682">
        <ele>-0.6</ele>
        <time>2024-04-25T11:56:01Z</time>
      </trkpt>
      <trkpt lat="39.26609917137545" lon="118.43537304031055">
        <ele>-0.6</ele>
        <time>2024-04-25T11:56:02Z</time>
      </trkpt>
      <trkpt lat="39.26609353927246" lon="118.43535586336489">
        <ele>-0.6</ele>
        <time>2024-04-25T11:56:04Z</time>
      </trkpt>
      <trkpt lat="39.266090471473646" lon="118.43534197522001">
        <ele>-0.6</ele>
        <time>2024-04-25T11:56:05Z</time>
      </trkpt>
      <trkpt lat="39.266088653432845" lon="118.43532883267153">
        <ele>-0.6</ele>
        <time>2024-04-25T11:56:06Z</time>
      </trkpt>
      <trkpt lat="39.26608707179525" lon="118.43531677230567">
        <ele>-0.6</ele>
        <time>2024-04-25T11:56:07Z</time>
      </trkpt>
      <trkpt lat="39.26608637480179" lon="118.43530803155552">
        <ele>-0.6</ele>
        <time>2024-04-25T11:56:08Z</time>
      </trkpt>
      <trkpt lat="39.26608548701973" lon="118.43530044899258">
        <ele>-0.6</ele>
        <time>2024-04-25T11:56:09Z</time>
      </trkpt>
      <trkpt lat="39.26608458236854" lon="118.4352931987924">
        <ele>-0.6</ele>
        <time>2024-04-25T11:56:10Z</time>
      </trkpt>
      <trkpt lat="39.266082966251034" lon="118.43528436181529">
        <ele>-0.6</ele>
        <time>2024-04-25T11:56:11Z</time>
      </trkpt>
      <trkpt lat="39.266081688106944" lon="118.43527052073141">
        <ele>-1.3</ele>
        <time>2024-04-25T11:56:12Z</time>
      </trkpt>
      <trkpt lat="39.26608060121168" lon="118.43525423769323">
        <ele>-1.3</ele>
        <time>2024-04-25T11:56:13Z</time>
      </trkpt>
      <trkpt lat="39.26608016452684" lon="118.43523020889222">
        <ele>-1.3</ele>
        <time>2024-04-25T11:56:14Z</time>
      </trkpt>
      <trkpt lat="39.26607989747912" lon="118.43520569258253">
        <ele>-1.3</ele>
        <time>2024-04-25T11:56:15Z</time>
      </trkpt>
      <trkpt lat="39.26607998948657" lon="118.43517974364127">
        <ele>-1.3</ele>
        <time>2024-04-25T11:56:16Z</time>
      </trkpt>
      <trkpt lat="39.26607868449797" lon="118.4351547474948">
        <ele>-1.3</ele>
        <time>2024-04-25T11:56:17Z</time>
      </trkpt>
      <trkpt lat="39.26607439341247" lon="118.43513040511921">
        <ele>-1.3</ele>
        <time>2024-04-25T11:56:18Z</time>
      </trkpt>
      <trkpt lat="39.26606885416498" lon="118.43510614248451">
        <ele>-1.3</ele>
        <time>2024-04-25T11:56:19Z</time>
      </trkpt>
      <trkpt lat="39.2660631553548" lon="118.43508506472165">
        <ele>-1.3</ele>
        <time>2024-04-25T11:56:21Z</time>
      </trkpt>
      <trkpt lat="39.26605887062656" lon="118.43506278826366">
        <ele>-1.1</ele>
        <time>2024-04-25T11:56:22Z</time>
      </trkpt>
      <trkpt lat="39.266055134071934" lon="118.43504253197946">
        <ele>-1.1</ele>
        <time>2024-04-25T11:56:23Z</time>
      </trkpt>
      <trkpt lat="39.26605198607949" lon="118.43501900163113">
        <ele>-1.1</ele>
        <time>2024-04-25T11:56:24Z</time>
      </trkpt>
      <trkpt lat="39.26605038782364" lon="118.4349966228751">
        <ele>-1.1</ele>
        <time>2024-04-25T11:56:25Z</time>
      </trkpt>
      <trkpt lat="39.26605058815527" lon="118.4349708176321">
        <ele>-1.1</ele>
        <time>2024-04-25T11:56:26Z</time>
      </trkpt>
      <trkpt lat="39.26605228831733" lon="118.43494556934881">
        <ele>-1.1</ele>
        <time>2024-04-25T11:56:27Z</time>
      </trkpt>
      <trkpt lat="39.266055332671186" lon="118.43491802376022">
        <ele>-1.1</ele>
        <time>2024-04-25T11:56:28Z</time>
      </trkpt>
      <trkpt lat="39.26605662517097" lon="118.43488372199457">
        <ele>-1.1</ele>
        <time>2024-04-25T11:56:29Z</time>
      </trkpt>
      <trkpt lat="39.26605707702484" lon="118.43484353700136">
        <ele>-1.1</ele>
        <time>2024-04-25T11:56:30Z</time>
      </trkpt>
      <trkpt lat="39.266056721959245" lon="118.43480112186435">
        <ele>-1.1</ele>
        <time>2024-04-25T11:56:31Z</time>
      </trkpt>
      <trkpt lat="39.26605803468974" lon="118.43476312719241">
        <ele>-0.9</ele>
        <time>2024-04-25T11:56:32Z</time>
      </trkpt>
      <trkpt lat="39.26605951125567" lon="118.43472652641417">
        <ele>-0.9</ele>
        <time>2024-04-25T11:56:33Z</time>
      </trkpt>
      <trkpt lat="39.266060048412314" lon="118.4346911632056">
        <ele>-0.9</ele>
        <time>2024-04-25T11:56:34Z</time>
      </trkpt>
      <trkpt lat="39.26606044674396" lon="118.43465258681258">
        <ele>-0.9</ele>
        <time>2024-04-25T11:56:35Z</time>
      </trkpt>
      <trkpt lat="39.266062456450655" lon="118.43461693294691">
        <ele>-0.9</ele>
        <time>2024-04-25T11:56:36Z</time>
      </trkpt>
      <trkpt lat="39.266063088114024" lon="118.4345852997872">
        <ele>-0.9</ele>
        <time>2024-04-25T11:56:37Z</time>
      </trkpt>
      <trkpt lat="39.26606138944897" lon="118.43455966838934">
        <ele>-0.9</ele>
        <time>2024-04-25T11:56:38Z</time>
      </trkpt>
      <trkpt lat="39.26605547042882" lon="118.4345322824169">
        <ele>-0.9</ele>
        <time>2024-04-25T11:56:40Z</time>
      </trkpt>
      <trkpt lat="39.26605067455468" lon="118.4345015820244">
        <ele>-0.9</ele>
        <time>2024-04-25T11:56:41Z</time>
      </trkpt>
      <trkpt lat="39.2660468818791" lon="118.43446927686912">
        <ele>-0.6</ele>
        <time>2024-04-25T11:56:42Z</time>
      </trkpt>
      <trkpt lat="39.266046056435655" lon="118.43443661446558">
        <ele>-0.6</ele>
        <time>2024-04-25T11:56:43Z</time>
      </trkpt>
      <trkpt lat="39.266047415308826" lon="118.43440060418355">
        <ele>-0.6</ele>
        <time>2024-04-25T11:56:44Z</time>
      </trkpt>
      <trkpt lat="39.26605075927028" lon="118.43436378333078">
        <ele>-0.6</ele>
        <time>2024-04-25T11:56:45Z</time>
      </trkpt>
      <trkpt lat="39.2660571304198" lon="118.43432647960361">
        <ele>-0.6</ele>
        <time>2024-04-25T11:56:46Z</time>
      </trkpt>
      <trkpt lat="39.26606552242615" lon="118.4342916342666">
        <ele>-0.6</ele>
        <time>2024-04-25T11:56:47Z</time>
      </trkpt>
      <trkpt lat="39.26607587476174" lon="118.43425983502735">
        <ele>-0.6</ele>
        <time>2024-04-25T11:56:48Z</time>
      </trkpt>
      <trkpt lat="39.266079975561325" lon="118.43423063480815">
        <ele>-0.6</ele>
        <time>2024-04-25T11:56:49Z</time>
      </trkpt>
      <trkpt lat="39.26607932957763" lon="118.43420024603594">
        <ele>-0.6</ele>
        <time>2024-04-25T11:56:50Z</time>
      </trkpt>
      <trkpt lat="39.26607265560311" lon="118.4341617649796">
        <ele>-0.6</ele>
        <time>2024-04-25T11:56:51Z</time>
      </trkpt>
      <trkpt lat="39.266067182511975" lon="118.43411975503057">
        <ele>-1</ele>
        <time>2024-04-25T11:56:52Z</time>
      </trkpt>
      <trkpt lat="39.266062965006775" lon="118.43407667197003">
        <ele>-1</ele>
        <time>2024-04-25T11:56:53Z</time>
      </trkpt>
      <trkpt lat="39.266061593732715" lon="118.43404669306035">
        <ele>-1</ele>
        <time>2024-04-25T11:56:54Z</time>
      </trkpt>
      <trkpt lat="39.26605735683705" lon="118.43401657981155">
        <ele>-1</ele>
        <time>2024-04-25T11:56:55Z</time>
      </trkpt>
      <trkpt lat="39.26605071344966" lon="118.43398746243386">
        <ele>-1</ele>
        <time>2024-04-25T11:56:57Z</time>
      </trkpt>
      <trkpt lat="39.26604287599272" lon="118.43395148347666">
        <ele>-1</ele>
        <time>2024-04-25T11:56:58Z</time>
      </trkpt>
      <trkpt lat="39.26603892648429" lon="118.4339189277403">
        <ele>-1</ele>
        <time>2024-04-25T11:56:59Z</time>
      </trkpt>
      <trkpt lat="39.26603741084353" lon="118.43388528435716">
        <ele>-1</ele>
        <time>2024-04-25T11:57:00Z</time>
      </trkpt>
      <trkpt lat="39.26603727842012" lon="118.43385098210442">
        <ele>-1</ele>
        <time>2024-04-25T11:57:01Z</time>
      </trkpt>
      <trkpt lat="39.266037096544416" lon="118.43381304062514">
        <ele>-1.1</ele>
        <time>2024-04-25T11:57:02Z</time>
      </trkpt>
      <trkpt lat="39.266036666172916" lon="118.43377690667495">
        <ele>-1.1</ele>
        <time>2024-04-25T11:57:03Z</time>
      </trkpt>
      <trkpt lat="39.26603511885663" lon="118.4337390361828">
        <ele>-1.1</ele>
        <time>2024-04-25T11:57:04Z</time>
      </trkpt>
      <trkpt lat="39.266033163134665" lon="118.4336996585476">
        <ele>-1.1</ele>
        <time>2024-04-25T11:57:05Z</time>
      </trkpt>
      <trkpt lat="39.26603049068762" lon="118.43365754898252">
        <ele>-1.1</ele>
        <time>2024-04-25T11:57:06Z</time>
      </trkpt>
      <trkpt lat="39.26602755870131" lon="118.43360969431943">
        <ele>-1.1</ele>
        <time>2024-04-25T11:57:07Z</time>
      </trkpt>
      <trkpt lat="39.26602446647682" lon="118.43356314447621">
        <ele>-1.1</ele>
        <time>2024-04-25T11:57:08Z</time>
      </trkpt>
      <trkpt lat="39.266021538189676" lon="118.4335163866753">
        <ele>-1.1</ele>
        <time>2024-04-25T11:57:09Z</time>
      </trkpt>
      <trkpt lat="39.266018985135155" lon="118.43347143253528">
        <ele>-1.1</ele>
        <time>2024-04-25T11:57:10Z</time>
      </trkpt>
      <trkpt lat="39.266017181701635" lon="118.43342797673034">
        <ele>-1.1</ele>
        <time>2024-04-25T11:57:11Z</time>
      </trkpt>
      <trkpt lat="39.26601624073812" lon="118.43338265543353">
        <ele>-0.1</ele>
        <time>2024-04-25T11:57:12Z</time>
      </trkpt>
      <trkpt lat="39.26601687662276" lon="118.4333341340765">
        <ele>-0.1</ele>
        <time>2024-04-25T11:57:13Z</time>
      </trkpt>
      <trkpt lat="39.266018390515015" lon="118.43328529040049">
        <ele>-0.1</ele>
        <time>2024-04-25T11:57:14Z</time>
      </trkpt>
      <trkpt lat="39.26602005602827" lon="118.43323704155132">
        <ele>-0.1</ele>
        <time>2024-04-25T11:57:16Z</time>
      </trkpt>
      <trkpt lat="39.26602090063078" lon="118.43319632108944">
        <ele>-0.1</ele>
        <time>2024-04-25T11:57:17Z</time>
      </trkpt>
      <trkpt lat="39.26602116847738" lon="118.43315644779213">
        <ele>-0.1</ele>
        <time>2024-04-25T11:57:18Z</time>
      </trkpt>
      <trkpt lat="39.26602123267342" lon="118.43311701959249">
        <ele>-0.1</ele>
        <time>2024-04-25T11:57:19Z</time>
      </trkpt>
      <trkpt lat="39.266021741773166" lon="118.4330758928803">
        <ele>-0.1</ele>
        <time>2024-04-25T11:57:20Z</time>
      </trkpt>
      <trkpt lat="39.26602290665887" lon="118.43303096395823">
        <ele>-0.1</ele>
        <time>2024-04-25T11:57:21Z</time>
      </trkpt>
      <trkpt lat="39.266024223446244" lon="118.43298910735231">
        <ele>-0.2</ele>
        <time>2024-04-25T11:57:22Z</time>
      </trkpt>
      <trkpt lat="39.26602507424878" lon="118.43294937664207">
        <ele>-0.2</ele>
        <time>2024-04-25T11:57:23Z</time>
      </trkpt>
      <trkpt lat="39.26602507460683" lon="118.4329126441883">
        <ele>-0.2</ele>
        <time>2024-04-25T11:57:24Z</time>
      </trkpt>
      <trkpt lat="39.26602489560479" lon="118.43287808373474">
        <ele>-0.2</ele>
        <time>2024-04-25T11:57:25Z</time>
      </trkpt>
      <trkpt lat="39.266024244637975" lon="118.4328417263776">
        <ele>-0.2</ele>
        <time>2024-04-25T11:57:26Z</time>
      </trkpt>
      <trkpt lat="39.26602362483223" lon="118.43280901204136">
        <ele>-0.2</ele>
        <time>2024-04-25T11:57:27Z</time>
      </trkpt>
      <trkpt lat="39.266019777701494" lon="118.43277504401681">
        <ele>-0.2</ele>
        <time>2024-04-25T11:57:28Z</time>
      </trkpt>
      <trkpt lat="39.26601405237746" lon="118.43274933305669">
        <ele>-0.2</ele>
        <time>2024-04-25T11:57:29Z</time>
      </trkpt>
      <trkpt lat="39.266007143675154" lon="118.43274025911624">
        <ele>-0.2</ele>
        <time>2024-04-25T11:57:30Z</time>
      </trkpt>
      <trkpt lat="39.26600345244654" lon="118.43273152766878">
        <ele>-0.2</ele>
        <time>2024-04-25T11:57:31Z</time>
      </trkpt>
      <trkpt lat="39.26599922328269" lon="118.4327215599416">
        <ele>-0.4</ele>
        <time>2024-04-25T11:57:32Z</time>
      </trkpt>
      <trkpt lat="39.265993450432276" lon="118.43269868344792">
        <ele>-0.4</ele>
        <time>2024-04-25T11:57:34Z</time>
      </trkpt>
      <trkpt lat="39.265989395940956" lon="118.43268211301144">
        <ele>-0.4</ele>
        <time>2024-04-25T11:57:35Z</time>
      </trkpt>
      <trkpt lat="39.26598789282149" lon="118.43266215129644">
        <ele>-0.4</ele>
        <time>2024-04-25T11:57:36Z</time>
      </trkpt>
      <trkpt lat="39.26598902199395" lon="118.43263723959562">
        <ele>-0.4</ele>
        <time>2024-04-25T11:57:37Z</time>
      </trkpt>
      <trkpt lat="39.26598765164977" lon="118.43260140821452">
        <ele>-0.4</ele>
        <time>2024-04-25T11:57:38Z</time>
      </trkpt>
      <trkpt lat="39.26598567670723" lon="118.43256218349735">
        <ele>-0.4</ele>
        <time>2024-04-25T11:57:39Z</time>
      </trkpt>
      <trkpt lat="39.26598227409161" lon="118.43251667639444">
        <ele>-0.4</ele>
        <time>2024-04-25T11:57:40Z</time>
      </trkpt>
      <trkpt lat="39.26597676791143" lon="118.43247104066722">
        <ele>-0.4</ele>
        <time>2024-04-25T11:57:41Z</time>
      </trkpt>
      <trkpt lat="39.26596791910856" lon="118.4324188422613">
        <ele>-0.7</ele>
        <time>2024-04-25T11:57:42Z</time>
      </trkpt>
      <trkpt lat="39.26595844052407" lon="118.43236869334962">
        <ele>-0.7</ele>
        <time>2024-04-25T11:57:43Z</time>
      </trkpt>
      <trkpt lat="39.26594949885992" lon="118.43231583455915">
        <ele>-0.7</ele>
        <time>2024-04-25T11:57:44Z</time>
      </trkpt>
      <trkpt lat="39.26594341173174" lon="118.43226866666043">
        <ele>-0.7</ele>
        <time>2024-04-25T11:57:45Z</time>
      </trkpt>
      <trkpt lat="39.26593832515162" lon="118.43221931418006">
        <ele>-0.7</ele>
        <time>2024-04-25T11:57:46Z</time>
      </trkpt>
      <trkpt lat="39.26593472703219" lon="118.43217410169845">
        <ele>-0.7</ele>
        <time>2024-04-25T11:57:47Z</time>
      </trkpt>
      <trkpt lat="39.26593059879954" lon="118.43212903282486">
        <ele>-0.7</ele>
        <time>2024-04-25T11:57:48Z</time>
      </trkpt>
      <trkpt lat="39.265926000586006" lon="118.43209424763376">
        <ele>-0.7</ele>
        <time>2024-04-25T11:57:49Z</time>
      </trkpt>
      <trkpt lat="39.265925742715886" lon="118.43206122397781">
        <ele>-0.7</ele>
        <time>2024-04-25T11:57:50Z</time>
      </trkpt>
      <trkpt lat="39.2659282264215" lon="118.43203068906189">
        <ele>-0.8</ele>
        <time>2024-04-25T11:57:52Z</time>
      </trkpt>
      <trkpt lat="39.265933292487446" lon="118.43199518039218">
        <ele>-0.8</ele>
        <time>2024-04-25T11:57:53Z</time>
      </trkpt>
      <trkpt lat="39.26593441295795" lon="118.43195737703772">
        <ele>-0.8</ele>
        <time>2024-04-25T11:57:54Z</time>
      </trkpt>
      <trkpt lat="39.26593354660524" lon="118.4319199555505">
        <ele>-0.8</ele>
        <time>2024-04-25T11:57:55Z</time>
      </trkpt>
      <trkpt lat="39.26592942024351" lon="118.43188052363686">
        <ele>-0.8</ele>
        <time>2024-04-25T11:57:56Z</time>
      </trkpt>
      <trkpt lat="39.26592325349729" lon="118.43184610500491">
        <ele>-0.8</ele>
        <time>2024-04-25T11:57:57Z</time>
      </trkpt>
      <trkpt lat="39.26591614316119" lon="118.43181163617581">
        <ele>-0.8</ele>
        <time>2024-04-25T11:57:58Z</time>
      </trkpt>
      <trkpt lat="39.265910257737836" lon="118.43177982813769">
        <ele>-0.8</ele>
        <time>2024-04-25T11:57:59Z</time>
      </trkpt>
      <trkpt lat="39.26590547550871" lon="118.43173961266075">
        <ele>-0.8</ele>
        <time>2024-04-25T11:58:00Z</time>
      </trkpt>
      <trkpt lat="39.265900762160726" lon="118.4316946423726">
        <ele>-0.8</ele>
        <time>2024-04-25T11:58:01Z</time>
      </trkpt>
      <trkpt lat="39.26589790879229" lon="118.43164965139984">
        <ele>-0.5</ele>
        <time>2024-04-25T11:58:02Z</time>
      </trkpt>
      <trkpt lat="39.26589938411852" lon="118.43160720597483">
        <ele>-0.5</ele>
        <time>2024-04-25T11:58:03Z</time>
      </trkpt>
      <trkpt lat="39.26590326397838" lon="118.43156780692001">
        <ele>-0.5</ele>
        <time>2024-04-25T11:58:04Z</time>
      </trkpt>
      <trkpt lat="39.265908831893704" lon="118.43152578825698">
        <ele>-0.5</ele>
        <time>2024-04-25T11:58:05Z</time>
      </trkpt>
      <trkpt lat="39.265912323281945" lon="118.43148955524498">
        <ele>-0.5</ele>
        <time>2024-04-25T11:58:06Z</time>
      </trkpt>
      <trkpt lat="39.26591626220965" lon="118.4314525786071">
        <ele>-0.5</ele>
        <time>2024-04-25T11:58:07Z</time>
      </trkpt>
      <trkpt lat="39.26591834133728" lon="118.43142015966104">
        <ele>-0.5</ele>
        <time>2024-04-25T11:58:08Z</time>
      </trkpt>
      <trkpt lat="39.26591872091685" lon="118.43138443454872">
        <ele>-0.5</ele>
        <time>2024-04-25T11:58:10Z</time>
      </trkpt>
      <trkpt lat="39.26591794681229" lon="118.43135182402504">
        <ele>-0.5</ele>
        <time>2024-04-25T11:58:11Z</time>
      </trkpt>
      <trkpt lat="39.26591581753693" lon="118.43131586045932">
        <ele>-1</ele>
        <time>2024-04-25T11:58:12Z</time>
      </trkpt>
      <trkpt lat="39.26591349379856" lon="118.43128412503003">
        <ele>-1</ele>
        <time>2024-04-25T11:58:13Z</time>
      </trkpt>
      <trkpt lat="39.265910589637926" lon="118.43125050078564">
        <ele>-1</ele>
        <time>2024-04-25T11:58:14Z</time>
      </trkpt>
      <trkpt lat="39.26590819832294" lon="118.43122105367183">
        <ele>-1</ele>
        <time>2024-04-25T11:58:15Z</time>
      </trkpt>
      <trkpt lat="39.265906957908044" lon="118.43118672743365">
        <ele>-1</ele>
        <time>2024-04-25T11:58:16Z</time>
      </trkpt>
      <trkpt lat="39.2659080115008" lon="118.43115130618158">
        <ele>-1</ele>
        <time>2024-04-25T11:58:17Z</time>
      </trkpt>
      <trkpt lat="39.265910807018024" lon="118.43111024846507">
        <ele>-1</ele>
        <time>2024-04-25T11:58:18Z</time>
      </trkpt>
      <trkpt lat="39.26591479458751" lon="118.43106561378889">
        <ele>-1</ele>
        <time>2024-04-25T11:58:19Z</time>
      </trkpt>
      <trkpt lat="39.26591774044488" lon="118.43102169045262">
        <ele>-1</ele>
        <time>2024-04-25T11:58:20Z</time>
      </trkpt>
      <trkpt lat="39.2659195987326" lon="118.43097628109034">
        <ele>-1</ele>
        <time>2024-04-25T11:58:21Z</time>
      </trkpt>
      <trkpt lat="39.265920194366636" lon="118.43093614718961">
        <ele>-0.2</ele>
        <time>2024-04-25T11:58:22Z</time>
      </trkpt>
      <trkpt lat="39.265919719358344" lon="118.43089739587643">
        <ele>-0.2</ele>
        <time>2024-04-25T11:58:23Z</time>
      </trkpt>
      <trkpt lat="39.26591415911037" lon="118.4308672414106">
        <ele>-0.2</ele>
        <time>2024-04-25T11:58:24Z</time>
      </trkpt>
      <trkpt lat="39.26591084484244" lon="118.43083701796856">
        <ele>-0.2</ele>
        <time>2024-04-25T11:58:25Z</time>
      </trkpt>
      <trkpt lat="39.265907940585635" lon="118.43080761079834">
        <ele>-0.2</ele>
        <time>2024-04-25T11:58:26Z</time>
      </trkpt>
      <trkpt lat="39.26590983715668" lon="118.43077454004377">
        <ele>-0.2</ele>
        <time>2024-04-25T11:58:28Z</time>
      </trkpt>
      <trkpt lat="39.265908864204334" lon="118.430742815108">
        <ele>-0.2</ele>
        <time>2024-04-25T11:58:29Z</time>
      </trkpt>
      <trkpt lat="39.26590415172024" lon="118.43070915035001">
        <ele>-0.2</ele>
        <time>2024-04-25T11:58:30Z</time>
      </trkpt>
      <trkpt lat="39.265897246685654" lon="118.43067836029958">
        <ele>-0.2</ele>
        <time>2024-04-25T11:58:31Z</time>
      </trkpt>
      <trkpt lat="39.26589078003374" lon="118.43064869534197">
        <ele>-0.4</ele>
        <time>2024-04-25T11:58:32Z</time>
      </trkpt>
      <trkpt lat="39.265889207113" lon="118.43061753062808">
        <ele>-0.4</ele>
        <time>2024-04-25T11:58:33Z</time>
      </trkpt>
      <trkpt lat="39.26588870317521" lon="118.4305831205003">
        <ele>-0.4</ele>
        <time>2024-04-25T11:58:34Z</time>
      </trkpt>
      <trkpt lat="39.26588697778426" lon="118.43054438159538">
        <ele>-0.4</ele>
        <time>2024-04-25T11:58:35Z</time>
      </trkpt>
      <trkpt lat="39.265883140124146" lon="118.43050928844006">
        <ele>-0.4</ele>
        <time>2024-04-25T11:58:36Z</time>
      </trkpt>
      <trkpt lat="39.26587962228958" lon="118.43047541455482">
        <ele>-0.4</ele>
        <time>2024-04-25T11:58:37Z</time>
      </trkpt>
      <trkpt lat="39.26587655277667" lon="118.43044244878813">
        <ele>-0.4</ele>
        <time>2024-04-25T11:58:38Z</time>
      </trkpt>
      <trkpt lat="39.26587380797394" lon="118.43040985817261">
        <ele>-0.4</ele>
        <time>2024-04-25T11:58:39Z</time>
      </trkpt>
      <trkpt lat="39.265870987776005" lon="118.43037455273664">
        <ele>-0.4</ele>
        <time>2024-04-25T11:58:40Z</time>
      </trkpt>
      <trkpt lat="39.26586866424149" lon="118.43034454834319">
        <ele>-0.4</ele>
        <time>2024-04-25T11:58:41Z</time>
      </trkpt>
      <trkpt lat="39.26586786905977" lon="118.43031620162085">
        <ele>0</ele>
        <time>2024-04-25T11:58:42Z</time>
      </trkpt>
      <trkpt lat="39.26586762735999" lon="118.43028895997926">
        <ele>0</ele>
        <time>2024-04-25T11:58:43Z</time>
      </trkpt>
      <trkpt lat="39.265867695474185" lon="118.43026160866611">
        <ele>0</ele>
        <time>2024-04-25T11:58:45Z</time>
      </trkpt>
      <trkpt lat="39.26586638929125" lon="118.43023154337547">
        <ele>0</ele>
        <time>2024-04-25T11:58:46Z</time>
      </trkpt>
      <trkpt lat="39.265864701342544" lon="118.43020580189419">
        <ele>0</ele>
        <time>2024-04-25T11:58:47Z</time>
      </trkpt>
      <trkpt lat="39.265862177519516" lon="118.43017931897279">
        <ele>0</ele>
        <time>2024-04-25T11:58:48Z</time>
      </trkpt>
      <trkpt lat="39.265859184749225" lon="118.43015195618352">
        <ele>0</ele>
        <time>2024-04-25T11:58:49Z</time>
      </trkpt>
      <trkpt lat="39.26585591895072" lon="118.43012266633369">
        <ele>0</ele>
        <time>2024-04-25T11:58:50Z</time>
      </trkpt>
      <trkpt lat="39.26585284953438" lon="118.43008800125615">
        <ele>0</ele>
        <time>2024-04-25T11:58:51Z</time>
      </trkpt>
      <trkpt lat="39.26585046510442" lon="118.43005283410822">
        <ele>-0.6</ele>
        <time>2024-04-25T11:58:52Z</time>
      </trkpt>
      <trkpt lat="39.26584830742302" lon="118.43001390334227">
        <ele>-0.6</ele>
        <time>2024-04-25T11:58:53Z</time>
      </trkpt>
      <trkpt lat="39.265846045581" lon="118.42997267923819">
        <ele>-0.6</ele>
        <time>2024-04-25T11:58:54Z</time>
      </trkpt>
      <trkpt lat="39.2658440184134" lon="118.42993191664466">
        <ele>-0.6</ele>
        <time>2024-04-25T11:58:55Z</time>
      </trkpt>
      <trkpt lat="39.265842334480354" lon="118.42988918788589">
        <ele>-0.6</ele>
        <time>2024-04-25T11:58:56Z</time>
      </trkpt>
      <trkpt lat="39.2658414802874" lon="118.42985164169973">
        <ele>-0.6</ele>
        <time>2024-04-25T11:58:57Z</time>
      </trkpt>
      <trkpt lat="39.26584186398278" lon="118.42981073110568">
        <ele>-0.6</ele>
        <time>2024-04-25T11:58:58Z</time>
      </trkpt>
      <trkpt lat="39.265843665438766" lon="118.42977350241213">
        <ele>-0.6</ele>
        <time>2024-04-25T11:58:59Z</time>
      </trkpt>
      <trkpt lat="39.26584647430682" lon="118.42973253370472">
        <ele>-0.6</ele>
        <time>2024-04-25T11:59:00Z</time>
      </trkpt>
      <trkpt lat="39.26584893816099" lon="118.42968660430681">
        <ele>-0.6</ele>
        <time>2024-04-25T11:59:01Z</time>
      </trkpt>
      <trkpt lat="39.26585068846512" lon="118.42963985899723">
        <ele>-0.6</ele>
        <time>2024-04-25T11:59:02Z</time>
      </trkpt>
      <trkpt lat="39.265851436034445" lon="118.42959334390508">
        <ele>-0.6</ele>
        <time>2024-04-25T11:59:04Z</time>
      </trkpt>
      <trkpt lat="39.26585153570128" lon="118.42955644414889">
        <ele>-0.6</ele>
        <time>2024-04-25T11:59:05Z</time>
      </trkpt>
      <trkpt lat="39.26585098934506" lon="118.42952150008507">
        <ele>-0.6</ele>
        <time>2024-04-25T11:59:06Z</time>
      </trkpt>
      <trkpt lat="39.26584946216859" lon="118.42948821793891">
        <ele>-0.6</ele>
        <time>2024-04-25T11:59:07Z</time>
      </trkpt>
      <trkpt lat="39.265847021101905" lon="118.42945655685902">
        <ele>-0.6</ele>
        <time>2024-04-25T11:59:08Z</time>
      </trkpt>
      <trkpt lat="39.26584348635531" lon="118.42942325773582">
        <ele>-0.6</ele>
        <time>2024-04-25T11:59:09Z</time>
      </trkpt>
      <trkpt lat="39.26583997056522" lon="118.42939437279634">
        <ele>-0.6</ele>
        <time>2024-04-25T11:59:10Z</time>
      </trkpt>
      <trkpt lat="39.26583643540523" lon="118.42936572246948">
        <ele>-0.6</ele>
        <time>2024-04-25T11:59:11Z</time>
      </trkpt>
      <trkpt lat="39.26583285128094" lon="118.42933718315099">
        <ele>-0.7</ele>
        <time>2024-04-25T11:59:12Z</time>
      </trkpt>
      <trkpt lat="39.265828756165334" lon="118.42930696021864">
        <ele>-0.7</ele>
        <time>2024-04-25T11:59:13Z</time>
      </trkpt>
      <trkpt lat="39.265823603843764" lon="118.4292747661733">
        <ele>-0.7</ele>
        <time>2024-04-25T11:59:14Z</time>
      </trkpt>
      <trkpt lat="39.26581773304392" lon="118.42924607328015">
        <ele>-0.7</ele>
        <time>2024-04-25T11:59:15Z</time>
      </trkpt>
      <trkpt lat="39.26581090064796" lon="118.42921759754627">
        <ele>-0.7</ele>
        <time>2024-04-25T11:59:16Z</time>
      </trkpt>
      <trkpt lat="39.26580411655336" lon="118.429186596887">
        <ele>-0.7</ele>
        <time>2024-04-25T11:59:17Z</time>
      </trkpt>
      <trkpt lat="39.26579903886529" lon="118.42915410774863">
        <ele>-0.7</ele>
        <time>2024-04-25T11:59:18Z</time>
      </trkpt>
      <trkpt lat="39.26579886998749" lon="118.42911643968846">
        <ele>-0.7</ele>
        <time>2024-04-25T11:59:19Z</time>
      </trkpt>
      <trkpt lat="39.26580130835156" lon="118.42908156967572">
        <ele>-0.7</ele>
        <time>2024-04-25T11:59:20Z</time>
      </trkpt>
      <trkpt lat="39.26580461425919" lon="118.42904217876418">
        <ele>-0.8</ele>
        <time>2024-04-25T11:59:22Z</time>
      </trkpt>
      <trkpt lat="39.26580541638958" lon="118.42900798603858">
        <ele>-0.8</ele>
        <time>2024-04-25T11:59:23Z</time>
      </trkpt>
      <trkpt lat="39.26580504133595" lon="118.42897078200657">
        <ele>-0.8</ele>
        <time>2024-04-25T11:59:24Z</time>
      </trkpt>
      <trkpt lat="39.26580382619305" lon="118.42893828357681">
        <ele>-0.8</ele>
        <time>2024-04-25T11:59:25Z</time>
      </trkpt>
      <trkpt lat="39.265801860609244" lon="118.42890257150769">
        <ele>-0.8</ele>
        <time>2024-04-25T11:59:26Z</time>
      </trkpt>
      <trkpt lat="39.26579996314163" lon="118.42886950840541">
        <ele>-0.8</ele>
        <time>2024-04-25T11:59:27Z</time>
      </trkpt>
      <trkpt lat="39.26579854879987" lon="118.42883364349913">
        <ele>-0.8</ele>
        <time>2024-04-25T11:59:28Z</time>
      </trkpt>
      <trkpt lat="39.26579839042076" lon="118.42879811373165">
        <ele>-0.8</ele>
        <time>2024-04-25T11:59:29Z</time>
      </trkpt>
      <trkpt lat="39.265798812398366" lon="118.42875594550219">
        <ele>-0.8</ele>
        <time>2024-04-25T11:59:30Z</time>
      </trkpt>
      <trkpt lat="39.26579952030883" lon="118.42871207393151">
        <ele>-0.8</ele>
        <time>2024-04-25T11:59:31Z</time>
      </trkpt>
      <trkpt lat="39.26579886680881" lon="118.42866902143211">
        <ele>-1</ele>
        <time>2024-04-25T11:59:32Z</time>
      </trkpt>
      <trkpt lat="39.26579676955797" lon="118.4286293065573">
        <ele>-1</ele>
        <time>2024-04-25T11:59:33Z</time>
      </trkpt>
      <trkpt lat="39.26579351764448" lon="118.42859406588191">
        <ele>-1</ele>
        <time>2024-04-25T11:59:34Z</time>
      </trkpt>
      <trkpt lat="39.265789725975864" lon="118.42855990514755">
        <ele>-1</ele>
        <time>2024-04-25T11:59:35Z</time>
      </trkpt>
      <trkpt lat="39.265786338483686" lon="118.42853597593734">
        <ele>-1</ele>
        <time>2024-04-25T11:59:36Z</time>
      </trkpt>
      <trkpt lat="39.26578336220013" lon="118.428509934743">
        <ele>-1</ele>
        <time>2024-04-25T11:59:37Z</time>
      </trkpt>
      <trkpt lat="39.265781937934676" lon="118.42848682478446">
        <ele>-1</ele>
        <time>2024-04-25T11:59:39Z</time>
      </trkpt>
      <trkpt lat="39.2657823160017" lon="118.42845443447031">
        <ele>-1</ele>
        <time>2024-04-25T11:59:40Z</time>
      </trkpt>
      <trkpt lat="39.265783770850355" lon="118.42842426566484">
        <ele>-1</ele>
        <time>2024-04-25T11:59:41Z</time>
      </trkpt>
      <trkpt lat="39.265785723937334" lon="118.4283886142391">
        <ele>0</ele>
        <time>2024-04-25T11:59:42Z</time>
      </trkpt>
      <trkpt lat="39.2657870471483" lon="118.42835614173339">
        <ele>0</ele>
        <time>2024-04-25T11:59:43Z</time>
      </trkpt>
      <trkpt lat="39.2657874437107" lon="118.42831736342747">
        <ele>0</ele>
        <time>2024-04-25T11:59:44Z</time>
      </trkpt>
      <trkpt lat="39.26578643084707" lon="118.42827954698154">
        <ele>0</ele>
        <time>2024-04-25T11:59:45Z</time>
      </trkpt>
      <trkpt lat="39.265783100810594" lon="118.4282350068236">
        <ele>0</ele>
        <time>2024-04-25T11:59:46Z</time>
      </trkpt>
      <trkpt lat="39.265778249787246" lon="118.42819345742548">
        <ele>0</ele>
        <time>2024-04-25T11:59:47Z</time>
      </trkpt>
      <trkpt lat="39.265772197530055" lon="118.42814854517422">
        <ele>0</ele>
        <time>2024-04-25T11:59:48Z</time>
      </trkpt>
      <trkpt lat="39.26576733054372" lon="118.4281098107306">
        <ele>0</ele>
        <time>2024-04-25T11:59:49Z</time>
      </trkpt>
      <trkpt lat="39.26576357104835" lon="118.42807365667586">
        <ele>0</ele>
        <time>2024-04-25T11:59:50Z</time>
      </trkpt>
      <trkpt lat="39.265761512969235" lon="118.42804003265331">
        <ele>0</ele>
        <time>2024-04-25T11:59:51Z</time>
      </trkpt>
      <trkpt lat="39.26576019247798" lon="118.42800611566418">
        <ele>-1</ele>
        <time>2024-04-25T11:59:52Z</time>
      </trkpt>
      <trkpt lat="39.26576139646308" lon="118.42796880081157">
        <ele>-1</ele>
        <time>2024-04-25T11:59:53Z</time>
      </trkpt>
      <trkpt lat="39.265764804617774" lon="118.42793696350647">
        <ele>-1</ele>
        <time>2024-04-25T11:59:54Z</time>
      </trkpt>
      <trkpt lat="39.26576605132304" lon="118.42792015892682">
        <ele>-1</ele>
        <time>2024-04-25T11:59:55Z</time>
      </trkpt>
      <trkpt lat="39.26576304347183" lon="118.42791182717342">
        <ele>-1</ele>
        <time>2024-04-25T11:59:56Z</time>
      </trkpt>
      <trkpt lat="39.26575560734683" lon="118.42790078536598">
        <ele>-1</ele>
        <time>2024-04-25T11:59:58Z</time>
      </trkpt>
      <trkpt lat="39.26575090678633" lon="118.42787773299357">
        <ele>-1</ele>
        <time>2024-04-25T11:59:59Z</time>
      </trkpt>
      <trkpt lat="39.26574917844767" lon="118.42784851796999">
        <ele>-1</ele>
        <time>2024-04-25T12:00:00Z</time>
      </trkpt>
      <trkpt lat="39.26575213174179" lon="118.42782170865088">
        <ele>-1</ele>
        <time>2024-04-25T12:00:01Z</time>
      </trkpt>
      <trkpt lat="39.26575161302926" lon="118.42779533404644">
        <ele>-0.3</ele>
        <time>2024-04-25T12:00:02Z</time>
      </trkpt>
      <trkpt lat="39.26574981587655" lon="118.42776852637691">
        <ele>-0.3</ele>
        <time>2024-04-25T12:00:03Z</time>
      </trkpt>
      <trkpt lat="39.265744636269275" lon="118.42773346797571">
        <ele>-0.3</ele>
        <time>2024-04-25T12:00:04Z</time>
      </trkpt>
      <trkpt lat="39.26574248989621" lon="118.42769064387845">
        <ele>-0.3</ele>
        <time>2024-04-25T12:00:05Z</time>
      </trkpt>
      <trkpt lat="39.26574023271769" lon="118.42764112901821">
        <ele>-0.3</ele>
        <time>2024-04-25T12:00:06Z</time>
      </trkpt>
      <trkpt lat="39.26573821951802" lon="118.427593391448">
        <ele>-0.3</ele>
        <time>2024-04-25T12:00:07Z</time>
      </trkpt>
      <trkpt lat="39.265735331458764" lon="118.42754714029996">
        <ele>-0.3</ele>
        <time>2024-04-25T12:00:08Z</time>
      </trkpt>
      <trkpt lat="39.265732731140496" lon="118.4275040283875">
        <ele>-0.3</ele>
        <time>2024-04-25T12:00:09Z</time>
      </trkpt>
      <trkpt lat="39.26573031699462" lon="118.42746425451637">
        <ele>-0.3</ele>
        <time>2024-04-25T12:00:10Z</time>
      </trkpt>
      <trkpt lat="39.26573140145691" lon="118.4274316363227">
        <ele>-0.3</ele>
        <time>2024-04-25T12:00:11Z</time>
      </trkpt>
      <trkpt lat="39.2657321825762" lon="118.4274157205857">
        <ele>-1</ele>
        <time>2024-04-25T12:00:12Z</time>
      </trkpt>
      <trkpt lat="39.26572966353185" lon="118.4273994294488">
        <ele>-1</ele>
        <time>2024-04-25T12:00:13Z</time>
      </trkpt>
      <trkpt lat="39.26572460865998" lon="118.42737534828129">
        <ele>-1</ele>
        <time>2024-04-25T12:00:14Z</time>
      </trkpt>
      <trkpt lat="39.26572085828718" lon="118.42733619894857">
        <ele>-1</ele>
        <time>2024-04-25T12:00:16Z</time>
      </trkpt>
      <trkpt lat="39.26572236619403" lon="118.42729081452163">
        <ele>-1</ele>
        <time>2024-04-25T12:00:17Z</time>
      </trkpt>
      <trkpt lat="39.2657246518192" lon="118.4272431818118">
        <ele>-1</ele>
        <time>2024-04-25T12:00:18Z</time>
      </trkpt>
      <trkpt lat="39.265726571007235" lon="118.42719319164819">
        <ele>-1</ele>
        <time>2024-04-25T12:00:19Z</time>
      </trkpt>
      <trkpt lat="39.26572658238221" lon="118.42714281199875">
        <ele>-1</ele>
        <time>2024-04-25T12:00:20Z</time>
      </trkpt>
      <trkpt lat="39.26572513826731" lon="118.4270950510606">
        <ele>-1</ele>
        <time>2024-04-25T12:00:21Z</time>
      </trkpt>
      <trkpt lat="39.26572380943354" lon="118.42704698209337">
        <ele>-0.4</ele>
        <time>2024-04-25T12:00:22Z</time>
      </trkpt>
      <trkpt lat="39.26572368433248" lon="118.42700530312658">
        <ele>-0.4</ele>
        <time>2024-04-25T12:00:23Z</time>
      </trkpt>
      <trkpt lat="39.26572477318887" lon="118.42696331862912">
        <ele>-0.4</ele>
        <time>2024-04-25T12:00:24Z</time>
      </trkpt>
      <trkpt lat="39.265725759122574" lon="118.4269279508594">
        <ele>-0.4</ele>
        <time>2024-04-25T12:00:25Z</time>
      </trkpt>
      <trkpt lat="39.26572601075851" lon="118.42689551248856">
        <ele>-0.4</ele>
        <time>2024-04-25T12:00:26Z</time>
      </trkpt>
      <trkpt lat="39.26572470947039" lon="118.42686534046489">
        <ele>-0.4</ele>
        <time>2024-04-25T12:00:27Z</time>
      </trkpt>
      <trkpt lat="39.26572267663237" lon="118.42683646683462">
        <ele>-0.4</ele>
        <time>2024-04-25T12:00:28Z</time>
      </trkpt>
      <trkpt lat="39.26571971993507" lon="118.42680435118046">
        <ele>-0.4</ele>
        <time>2024-04-25T12:00:29Z</time>
      </trkpt>
      <trkpt lat="39.26571636083268" lon="118.42677083690225">
        <ele>-0.4</ele>
        <time>2024-04-25T12:00:30Z</time>
      </trkpt>
      <trkpt lat="39.26571134178303" lon="118.42672675086882">
        <ele>-0.4</ele>
        <time>2024-04-25T12:00:31Z</time>
      </trkpt>
      <trkpt lat="39.26570942207197" lon="118.42667867068133">
        <ele>-1</ele>
        <time>2024-04-25T12:00:32Z</time>
      </trkpt>
      <trkpt lat="39.26570951378446" lon="118.42663281855124">
        <ele>-1</ele>
        <time>2024-04-25T12:00:34Z</time>
      </trkpt>
      <trkpt lat="39.26570839622997" lon="118.42659492700368">
        <ele>-1</ele>
        <time>2024-04-25T12:00:35Z</time>
      </trkpt>
      <trkpt lat="39.26570429050739" lon="118.42656171339901">
        <ele>-1</ele>
        <time>2024-04-25T12:00:36Z</time>
      </trkpt>
      <trkpt lat="39.26569860336899" lon="118.4265288035065">
        <ele>-1</ele>
        <time>2024-04-25T12:00:37Z</time>
      </trkpt>
      <trkpt lat="39.26569459136201" lon="118.42649412274073">
        <ele>-1</ele>
        <time>2024-04-25T12:00:38Z</time>
      </trkpt>
      <trkpt lat="39.26569035276841" lon="118.42646231318584">
        <ele>-1</ele>
        <time>2024-04-25T12:00:39Z</time>
      </trkpt>
      <trkpt lat="39.265684679362536" lon="118.42642960875472">
        <ele>-1</ele>
        <time>2024-04-25T12:00:40Z</time>
      </trkpt>
      <trkpt lat="39.265679377989116" lon="118.42640104922077">
        <ele>-1</ele>
        <time>2024-04-25T12:00:41Z</time>
      </trkpt>
      <trkpt lat="39.26567397743098" lon="118.42637225048514">
        <ele>-1</ele>
        <time>2024-04-25T12:00:42Z</time>
      </trkpt>
      <trkpt lat="39.26566953237825" lon="118.426342712194">
        <ele>-1</ele>
        <time>2024-04-25T12:00:43Z</time>
      </trkpt>
      <trkpt lat="39.26566561068214" lon="118.42631208386096">
        <ele>-1</ele>
        <time>2024-04-25T12:00:44Z</time>
      </trkpt>
      <trkpt lat="39.265662090093016" lon="118.4262807207232">
        <ele>-1</ele>
        <time>2024-04-25T12:00:45Z</time>
      </trkpt>
      <trkpt lat="39.26565933542211" lon="118.42624889515182">
        <ele>-1</ele>
        <time>2024-04-25T12:00:46Z</time>
      </trkpt>
      <trkpt lat="39.26565731382556" lon="118.42621695046074">
        <ele>-1</ele>
        <time>2024-04-25T12:00:47Z</time>
      </trkpt>
      <trkpt lat="39.26565626813618" lon="118.42618541791619">
        <ele>-1</ele>
        <time>2024-04-25T12:00:48Z</time>
      </trkpt>
      <trkpt lat="39.26565650982113" lon="118.4261540900409">
        <ele>-1</ele>
        <time>2024-04-25T12:00:49Z</time>
      </trkpt>
      <trkpt lat="39.26565703441924" lon="118.42611895445154">
        <ele>-1</ele>
        <time>2024-04-25T12:00:50Z</time>
      </trkpt>
      <trkpt lat="39.265657369774814" lon="118.42608169268179">
        <ele>-0.5</ele>
        <time>2024-04-25T12:00:52Z</time>
      </trkpt>
      <trkpt lat="39.26565683680214" lon="118.42604617489181">
        <ele>-0.5</ele>
        <time>2024-04-25T12:00:53Z</time>
      </trkpt>
      <trkpt lat="39.26565577712416" lon="118.42601084599067">
        <ele>-0.5</ele>
        <time>2024-04-25T12:00:54Z</time>
      </trkpt>
      <trkpt lat="39.265654814096045" lon="118.42597626218515">
        <ele>-0.5</ele>
        <time>2024-04-25T12:00:55Z</time>
      </trkpt>
      <trkpt lat="39.26565432637094" lon="118.4259377284252">
        <ele>-0.5</ele>
        <time>2024-04-25T12:00:56Z</time>
      </trkpt>
      <trkpt lat="39.265653974364916" lon="118.42590013356309">
        <ele>-0.5</ele>
        <time>2024-04-25T12:00:57Z</time>
      </trkpt>
      <trkpt lat="39.26565265778466" lon="118.42585624366373">
        <ele>-0.5</ele>
        <time>2024-04-25T12:00:58Z</time>
      </trkpt>
      <trkpt lat="39.265649928429085" lon="118.4258138945288">
        <ele>-0.5</ele>
        <time>2024-04-25T12:00:59Z</time>
      </trkpt>
      <trkpt lat="39.26564698133585" lon="118.42576690688124">
        <ele>-0.5</ele>
        <time>2024-04-25T12:01:00Z</time>
      </trkpt>
      <trkpt lat="39.265645177234504" lon="118.42572410077891">
        <ele>-0.5</ele>
        <time>2024-04-25T12:01:01Z</time>
      </trkpt>
      <trkpt lat="39.26564523864281" lon="118.42568045439288">
        <ele>-1.1</ele>
        <time>2024-04-25T12:01:02Z</time>
      </trkpt>
      <trkpt lat="39.26564663491074" lon="118.42564406572276">
        <ele>-1.1</ele>
        <time>2024-04-25T12:01:03Z</time>
      </trkpt>
      <trkpt lat="39.26564770191573" lon="118.42560728143958">
        <ele>-1.1</ele>
        <time>2024-04-25T12:01:04Z</time>
      </trkpt>
      <trkpt lat="39.26564761931027" lon="118.42557447160921">
        <ele>-1.1</ele>
        <time>2024-04-25T12:01:05Z</time>
      </trkpt>
      <trkpt lat="39.26564504958012" lon="118.42554385956903">
        <ele>-1.1</ele>
        <time>2024-04-25T12:01:06Z</time>
      </trkpt>
      <trkpt lat="39.265643625698615" lon="118.42552676802214">
        <ele>-1.1</ele>
        <time>2024-04-25T12:01:07Z</time>
      </trkpt>
      <trkpt lat="39.265643894748386" lon="118.42550854937626">
        <ele>-1.1</ele>
        <time>2024-04-25T12:01:08Z</time>
      </trkpt>
      <trkpt lat="39.26564486227913" lon="118.4254890714867">
        <ele>-1.1</ele>
        <time>2024-04-25T12:01:10Z</time>
      </trkpt>
      <trkpt lat="39.26564384303694" lon="118.42545931519027">
        <ele>-1.1</ele>
        <time>2024-04-25T12:01:11Z</time>
      </trkpt>
      <trkpt lat="39.26563933888696" lon="118.42542832552637">
        <ele>-0.9</ele>
        <time>2024-04-25T12:01:12Z</time>
      </trkpt>
      <trkpt lat="39.265633895237215" lon="118.42539782703619">
        <ele>-0.9</ele>
        <time>2024-04-25T12:01:13Z</time>
      </trkpt>
      <trkpt lat="39.26562668775041" lon="118.4253650829572">
        <ele>-0.9</ele>
        <time>2024-04-25T12:01:14Z</time>
      </trkpt>
      <trkpt lat="39.26561978195535" lon="118.42533376083037">
        <ele>-0.9</ele>
        <time>2024-04-25T12:01:15Z</time>
      </trkpt>
      <trkpt lat="39.26561322248902" lon="118.42529504999435">
        <ele>-0.9</ele>
        <time>2024-04-25T12:01:16Z</time>
      </trkpt>
      <trkpt lat="39.26560881616422" lon="118.42525523198204">
        <ele>-0.9</ele>
        <time>2024-04-25T12:01:17Z</time>
      </trkpt>
      <trkpt lat="39.26560650005238" lon="118.42520881300854">
        <ele>-0.9</ele>
        <time>2024-04-25T12:01:18Z</time>
      </trkpt>
      <trkpt lat="39.26560671242339" lon="118.4251640418158">
        <ele>-0.9</ele>
        <time>2024-04-25T12:01:19Z</time>
      </trkpt>
      <trkpt lat="39.265609191128725" lon="118.42512023551308">
        <ele>-0.9</ele>
        <time>2024-04-25T12:01:20Z</time>
      </trkpt>
      <trkpt lat="39.26561285013045" lon="118.42507999697817">
        <ele>-0.9</ele>
        <time>2024-04-25T12:01:21Z</time>
      </trkpt>
      <trkpt lat="39.265616276813496" lon="118.42504368506599">
        <ele>-0.7</ele>
        <time>2024-04-25T12:01:22Z</time>
      </trkpt>
      <trkpt lat="39.26561879589234" lon="118.42500636092902">
        <ele>-0.7</ele>
        <time>2024-04-25T12:01:23Z</time>
      </trkpt>
      <trkpt lat="39.26562062129322" lon="118.42497454937272">
        <ele>-0.7</ele>
        <time>2024-04-25T12:01:24Z</time>
      </trkpt>
      <trkpt lat="39.265622668861596" lon="118.4249443209125">
        <ele>-0.7</ele>
        <time>2024-04-25T12:01:25Z</time>
      </trkpt>
      <trkpt lat="39.26562526921821" lon="118.42491998361956">
        <ele>-0.7</ele>
        <time>2024-04-25T12:01:26Z</time>
      </trkpt>
      <trkpt lat="39.26562558413004" lon="118.42489334832369">
        <ele>-0.7</ele>
        <time>2024-04-25T12:01:28Z</time>
      </trkpt>
      <trkpt lat="39.265623511597184" lon="118.42486816496245">
        <ele>-0.7</ele>
        <time>2024-04-25T12:01:29Z</time>
      </trkpt>
      <trkpt lat="39.26561979068256" lon="118.42484421408636">
        <ele>-0.7</ele>
        <time>2024-04-25T12:01:30Z</time>
      </trkpt>
      <trkpt lat="39.265617594325356" lon="118.42482258366027">
        <ele>-0.7</ele>
        <time>2024-04-25T12:01:31Z</time>
      </trkpt>
      <trkpt lat="39.26561698502939" lon="118.42479586384907">
        <ele>-0.2</ele>
        <time>2024-04-25T12:01:32Z</time>
      </trkpt>
      <trkpt lat="39.26561562950639" lon="118.42476450170558">
        <ele>-0.2</ele>
        <time>2024-04-25T12:01:33Z</time>
      </trkpt>
      <trkpt lat="39.2656135357183" lon="118.42472906414329">
        <ele>-0.2</ele>
        <time>2024-04-25T12:01:34Z</time>
      </trkpt>
      <trkpt lat="39.26561018845793" lon="118.42469020796773">
        <ele>-0.2</ele>
        <time>2024-04-25T12:01:35Z</time>
      </trkpt>
      <trkpt lat="39.26560744132277" lon="118.42464939161373">
        <ele>-0.2</ele>
        <time>2024-04-25T12:01:36Z</time>
      </trkpt>
      <trkpt lat="39.2656054159334" lon="118.42460563920672">
        <ele>-0.2</ele>
        <time>2024-04-25T12:01:37Z</time>
      </trkpt>
      <trkpt lat="39.26560434359841" lon="118.42456754978454">
        <ele>-0.2</ele>
        <time>2024-04-25T12:01:38Z</time>
      </trkpt>
      <trkpt lat="39.26560372385764" lon="118.42453292387489">
        <ele>-0.2</ele>
        <time>2024-04-25T12:01:39Z</time>
      </trkpt>
      <trkpt lat="39.265603093843794" lon="118.42450200290122">
        <ele>-0.2</ele>
        <time>2024-04-25T12:01:40Z</time>
      </trkpt>
      <trkpt lat="39.26560253715741" lon="118.42447211579629">
        <ele>-0.2</ele>
        <time>2024-04-25T12:01:41Z</time>
      </trkpt>
      <trkpt lat="39.26560212551453" lon="118.42443946415722">
        <ele>-0.8</ele>
        <time>2024-04-25T12:01:42Z</time>
      </trkpt>
      <trkpt lat="39.26560169041886" lon="118.42440132116495">
        <ele>-0.8</ele>
        <time>2024-04-25T12:01:43Z</time>
      </trkpt>
      <trkpt lat="39.265601000712884" lon="118.42436133517555">
        <ele>-0.8</ele>
        <time>2024-04-25T12:01:44Z</time>
      </trkpt>
      <trkpt lat="39.26559953502694" lon="118.42431951889034">
        <ele>-0.8</ele>
        <time>2024-04-25T12:01:46Z</time>
      </trkpt>
      <trkpt lat="39.26559763874606" lon="118.42428497479038">
        <ele>-0.8</ele>
        <time>2024-04-25T12:01:47Z</time>
      </trkpt>
      <trkpt lat="39.265595088474264" lon="118.42424764007475">
        <ele>-0.8</ele>
        <time>2024-04-25T12:01:48Z</time>
      </trkpt>
      <trkpt lat="39.2655926960977" lon="118.42421498987945">
        <ele>-0.8</ele>
        <time>2024-04-25T12:01:49Z</time>
      </trkpt>
      <trkpt lat="39.26559027661497" lon="118.42417959659815">
        <ele>-0.8</ele>
        <time>2024-04-25T12:01:50Z</time>
      </trkpt>
      <trkpt lat="39.26558847689377" lon="118.42414872445977">
        <ele>-0.8</ele>
        <time>2024-04-25T12:01:51Z</time>
      </trkpt>
      <trkpt lat="39.26558694878822" lon="118.42411806813932">
        <ele>-1.2</ele>
        <time>2024-04-25T12:01:52Z</time>
      </trkpt>
      <trkpt lat="39.26558533295191" lon="118.42408821147632">
        <ele>-1.2</ele>
        <time>2024-04-25T12:01:53Z</time>
      </trkpt>
      <trkpt lat="39.26558361854451" lon="118.4240588674284">
        <ele>-1.2</ele>
        <time>2024-04-25T12:01:54Z</time>
      </trkpt>
      <trkpt lat="39.26558165566838" lon="118.42402618790746">
        <ele>-1.2</ele>
        <time>2024-04-25T12:01:55Z</time>
      </trkpt>
      <trkpt lat="39.26558003566691" lon="118.42399619755103">
        <ele>-1.2</ele>
        <time>2024-04-25T12:01:56Z</time>
      </trkpt>
      <trkpt lat="39.26557857498538" lon="118.42396516996804">
        <ele>-1.2</ele>
        <time>2024-04-25T12:01:57Z</time>
      </trkpt>
      <trkpt lat="39.26557688998002" lon="118.42393390182019">
        <ele>-1.2</ele>
        <time>2024-04-25T12:01:58Z</time>
      </trkpt>
      <trkpt lat="39.26557482906479" lon="118.42390218226471">
        <ele>-1.2</ele>
        <time>2024-04-25T12:01:59Z</time>
      </trkpt>
      <trkpt lat="39.26557211725374" lon="118.42386713716019">
        <ele>-1.2</ele>
        <time>2024-04-25T12:02:00Z</time>
      </trkpt>
      <trkpt lat="39.26556803576874" lon="118.42382669903157">
        <ele>-1.2</ele>
        <time>2024-04-25T12:02:01Z</time>
      </trkpt>
      <trkpt lat="39.265563507594834" lon="118.42378341313925">
        <ele>-1.5</ele>
        <time>2024-04-25T12:02:02Z</time>
      </trkpt>
      <trkpt lat="39.26555547884427" lon="118.42373900047063">
        <ele>-1.5</ele>
        <time>2024-04-25T12:02:04Z</time>
      </trkpt>
      <trkpt lat="39.26554734502159" lon="118.42370365294563">
        <ele>-1.5</ele>
        <time>2024-04-25T12:02:05Z</time>
      </trkpt>
      <trkpt lat="39.265540505576084" lon="118.42367160836768">
        <ele>-1.5</ele>
        <time>2024-04-25T12:02:06Z</time>
      </trkpt>
      <trkpt lat="39.265540164054734" lon="118.42364007635736">
        <ele>-1.5</ele>
        <time>2024-04-25T12:02:07Z</time>
      </trkpt>
      <trkpt lat="39.26554238824769" lon="118.42360587796877">
        <ele>-1.5</ele>
        <time>2024-04-25T12:02:08Z</time>
      </trkpt>
      <trkpt lat="39.26554500651587" lon="118.42356530757297">
        <ele>-1.5</ele>
        <time>2024-04-25T12:02:09Z</time>
      </trkpt>
      <trkpt lat="39.26554575070407" lon="118.42352634961301">
        <ele>-1.5</ele>
        <time>2024-04-25T12:02:10Z</time>
      </trkpt>
      <trkpt lat="39.26554655019166" lon="118.42348763458281">
        <ele>-1.5</ele>
        <time>2024-04-25T12:02:11Z</time>
      </trkpt>
      <trkpt lat="39.26554755619459" lon="118.42345148288032">
        <ele>-1.2</ele>
        <time>2024-04-25T12:02:12Z</time>
      </trkpt>
      <trkpt lat="39.265549270414596" lon="118.42341819323123">
        <ele>-1.2</ele>
        <time>2024-04-25T12:02:13Z</time>
      </trkpt>
      <trkpt lat="39.265551141832894" lon="118.42338370334612">
        <ele>-1.2</ele>
        <time>2024-04-25T12:02:14Z</time>
      </trkpt>
      <trkpt lat="39.26555257694807" lon="118.4233522802386">
        <ele>-1.2</ele>
        <time>2024-04-25T12:02:15Z</time>
      </trkpt>
      <trkpt lat="39.265552212549935" lon="118.4233202997689">
        <ele>-1.2</ele>
        <time>2024-04-25T12:02:16Z</time>
      </trkpt>
      <trkpt lat="39.265549797778796" lon="118.42329432123354">
        <ele>-1.2</ele>
        <time>2024-04-25T12:02:17Z</time>
      </trkpt>
      <trkpt lat="39.26554739330561" lon="118.42328092569277">
        <ele>-1.2</ele>
        <time>2024-04-25T12:02:18Z</time>
      </trkpt>
      <trkpt lat="39.265548792045834" lon="118.42326690234238">
        <ele>-1.2</ele>
        <time>2024-04-25T12:02:19Z</time>
      </trkpt>
      <trkpt lat="39.26555318723646" lon="118.42324820357925">
        <ele>-1.2</ele>
        <time>2024-04-25T12:02:20Z</time>
      </trkpt>
      <trkpt lat="39.26555757063732" lon="118.4232170325405">
        <ele>-0.5</ele>
        <time>2024-04-25T12:02:22Z</time>
      </trkpt>
      <trkpt lat="39.26555835600166" lon="118.42318346484875">
        <ele>-0.5</ele>
        <time>2024-04-25T12:02:23Z</time>
      </trkpt>
      <trkpt lat="39.265556929939585" lon="118.42315200837966">
        <ele>-0.5</ele>
        <time>2024-04-25T12:02:24Z</time>
      </trkpt>
      <trkpt lat="39.2655543008826" lon="118.42312198860574">
        <ele>-0.5</ele>
        <time>2024-04-25T12:02:25Z</time>
      </trkpt>
      <trkpt lat="39.26555118479947" lon="118.42309367344046">
        <ele>-0.5</ele>
        <time>2024-04-25T12:02:26Z</time>
      </trkpt>
      <trkpt lat="39.265547428352505" lon="118.42306493586138">
        <ele>-0.5</ele>
        <time>2024-04-25T12:02:27Z</time>
      </trkpt>
      <trkpt lat="39.2655418864831" lon="118.42303048830587">
        <ele>-0.5</ele>
        <time>2024-04-25T12:02:28Z</time>
      </trkpt>
      <trkpt lat="39.26553544264923" lon="118.42299491609454">
        <ele>-0.5</ele>
        <time>2024-04-25T12:02:29Z</time>
      </trkpt>
      <trkpt lat="39.26552909871621" lon="118.42295665215751">
        <ele>-0.5</ele>
        <time>2024-04-25T12:02:30Z</time>
      </trkpt>
      <trkpt lat="39.26552551267123" lon="118.42292250737944">
        <ele>-0.5</ele>
        <time>2024-04-25T12:02:31Z</time>
      </trkpt>
      <trkpt lat="39.26552365328781" lon="118.42288708508079">
        <ele>-0.5</ele>
        <time>2024-04-25T12:02:32Z</time>
      </trkpt>
      <trkpt lat="39.265522888621184" lon="118.42285399479067">
        <ele>-0.5</ele>
        <time>2024-04-25T12:02:33Z</time>
      </trkpt>
      <trkpt lat="39.2655219312701" lon="118.42281692914908">
        <ele>-0.5</ele>
        <time>2024-04-25T12:02:34Z</time>
      </trkpt>
      <trkpt lat="39.265521127858676" lon="118.42278269545112">
        <ele>-0.5</ele>
        <time>2024-04-25T12:02:35Z</time>
      </trkpt>
      <trkpt lat="39.26551998938245" lon="118.4227481237312">
        <ele>-0.5</ele>
        <time>2024-04-25T12:02:36Z</time>
      </trkpt>
      <trkpt lat="39.265517599521054" lon="118.422710681524">
        <ele>-0.5</ele>
        <time>2024-04-25T12:02:37Z</time>
      </trkpt>
      <trkpt lat="39.265514272740916" lon="118.42267049704046">
        <ele>-0.5</ele>
        <time>2024-04-25T12:02:38Z</time>
      </trkpt>
      <trkpt lat="39.265510536464255" lon="118.4226303604783">
        <ele>-0.5</ele>
        <time>2024-04-25T12:02:40Z</time>
      </trkpt>
      <trkpt lat="39.26550766776676" lon="118.42259759976147">
        <ele>-0.5</ele>
        <time>2024-04-25T12:02:41Z</time>
      </trkpt>
      <trkpt lat="39.26550516247408" lon="118.42256542486157">
        <ele>-1.1</ele>
        <time>2024-04-25T12:02:42Z</time>
      </trkpt>
      <trkpt lat="39.26550293404749" lon="118.42253408990666">
        <ele>-1.1</ele>
        <time>2024-04-25T12:02:43Z</time>
      </trkpt>
      <trkpt lat="39.26549985796675" lon="118.4224998133569">
        <ele>-1.1</ele>
        <time>2024-04-25T12:02:44Z</time>
      </trkpt>
      <trkpt lat="39.26549649106604" lon="118.42247020311699">
        <ele>-1.1</ele>
        <time>2024-04-25T12:02:45Z</time>
      </trkpt>
      <trkpt lat="39.26549239861773" lon="118.42243853327125">
        <ele>-1.1</ele>
        <time>2024-04-25T12:02:46Z</time>
      </trkpt>
      <trkpt lat="39.26548892906549" lon="118.42241120874601">
        <ele>-1.1</ele>
        <time>2024-04-25T12:02:47Z</time>
      </trkpt>
      <trkpt lat="39.26548603109618" lon="118.42237896491973">
        <ele>-1.1</ele>
        <time>2024-04-25T12:02:48Z</time>
      </trkpt>
      <trkpt lat="39.26548415316198" lon="118.42234801710867">
        <ele>-1.1</ele>
        <time>2024-04-25T12:02:49Z</time>
      </trkpt>
      <trkpt lat="39.26548279927155" lon="118.42231068254623">
        <ele>-1.1</ele>
        <time>2024-04-25T12:02:50Z</time>
      </trkpt>
      <trkpt lat="39.26548195387052" lon="118.4222746799344">
        <ele>-1.1</ele>
        <time>2024-04-25T12:02:51Z</time>
      </trkpt>
      <trkpt lat="39.265481506693604" lon="118.42223728680207">
        <ele>-1</ele>
        <time>2024-04-25T12:02:52Z</time>
      </trkpt>
      <trkpt lat="39.265481734519796" lon="118.42220098001529">
        <ele>-1</ele>
        <time>2024-04-25T12:02:53Z</time>
      </trkpt>
      <trkpt lat="39.26548213148737" lon="118.42216674720855">
        <ele>-1</ele>
        <time>2024-04-25T12:02:54Z</time>
      </trkpt>
      <trkpt lat="39.265481549173764" lon="118.42213091890463">
        <ele>-1</ele>
        <time>2024-04-25T12:02:55Z</time>
      </trkpt>
      <trkpt lat="39.265479791341775" lon="118.42209709121043">
        <ele>-1</ele>
        <time>2024-04-25T12:02:56Z</time>
      </trkpt>
      <trkpt lat="39.26547736859292" lon="118.42206424511694">
        <ele>-1</ele>
        <time>2024-04-25T12:02:58Z</time>
      </trkpt>
      <trkpt lat="39.26547581354423" lon="118.42203635967851">
        <ele>-1</ele>
        <time>2024-04-25T12:02:59Z</time>
      </trkpt>
      <trkpt lat="39.26547495991564" lon="118.42200873162606">
        <ele>-1</ele>
        <time>2024-04-25T12:03:00Z</time>
      </trkpt>
      <trkpt lat="39.26547429574275" lon="118.42198034190109">
        <ele>-1</ele>
        <time>2024-04-25T12:03:01Z</time>
      </trkpt>
      <trkpt lat="39.2654732156838" lon="118.42194914890557">
        <ele>-0.7</ele>
        <time>2024-04-25T12:03:02Z</time>
      </trkpt>
      <trkpt lat="39.26547173674318" lon="118.42191763731276">
        <ele>-0.7</ele>
        <time>2024-04-25T12:03:03Z</time>
      </trkpt>
      <trkpt lat="39.26546972436546" lon="118.4218794635942">
        <ele>-0.7</ele>
        <time>2024-04-25T12:03:04Z</time>
      </trkpt>
      <trkpt lat="39.2654666152574" lon="118.4218388326446">
        <ele>-0.7</ele>
        <time>2024-04-25T12:03:05Z</time>
      </trkpt>
      <trkpt lat="39.2654635340647" lon="118.42179294301249">
        <ele>-0.7</ele>
        <time>2024-04-25T12:03:06Z</time>
      </trkpt>
      <trkpt lat="39.26546219538522" lon="118.42175128796161">
        <ele>-0.7</ele>
        <time>2024-04-25T12:03:07Z</time>
      </trkpt>
      <trkpt lat="39.265463581573435" lon="118.42171583610133">
        <ele>-0.7</ele>
        <time>2024-04-25T12:03:08Z</time>
      </trkpt>
      <trkpt lat="39.26546200127769" lon="118.42168868663974">
        <ele>-0.7</ele>
        <time>2024-04-25T12:03:09Z</time>
      </trkpt>
      <trkpt lat="39.265458850196" lon="118.42166382836314">
        <ele>-0.7</ele>
        <time>2024-04-25T12:03:10Z</time>
      </trkpt>
      <trkpt lat="39.2654532900347" lon="118.4216327066753">
        <ele>-0.7</ele>
        <time>2024-04-25T12:03:11Z</time>
      </trkpt>
      <trkpt lat="39.265451064779505" lon="118.42159921106648">
        <ele>-1</ele>
        <time>2024-04-25T12:03:12Z</time>
      </trkpt>
      <trkpt lat="39.26545015761348" lon="118.42155484678987">
        <ele>-1</ele>
        <time>2024-04-25T12:03:13Z</time>
      </trkpt>
      <trkpt lat="39.26545094877188" lon="118.42151282178293">
        <ele>-1</ele>
        <time>2024-04-25T12:03:14Z</time>
      </trkpt>
      <trkpt lat="39.265452143955756" lon="118.42146765580695">
        <ele>-1</ele>
        <time>2024-04-25T12:03:16Z</time>
      </trkpt>
      <trkpt lat="39.265452531045064" lon="118.42143009635035">
        <ele>-1</ele>
        <time>2024-04-25T12:03:17Z</time>
      </trkpt>
      <trkpt lat="39.26545223833811" lon="118.42139284330071">
        <ele>-1</ele>
        <time>2024-04-25T12:03:18Z</time>
      </trkpt>
      <trkpt lat="39.265451228276035" lon="118.42135960023258">
        <ele>-1</ele>
        <time>2024-04-25T12:03:19Z</time>
      </trkpt>
      <trkpt lat="39.26544974177228" lon="118.42132654908967">
        <ele>-1</ele>
        <time>2024-04-25T12:03:20Z</time>
      </trkpt>
      <trkpt lat="39.2654482253585" lon="118.42129484828973">
        <ele>-1</ele>
        <time>2024-04-25T12:03:21Z</time>
      </trkpt>
      <trkpt lat="39.26544710168328" lon="118.42126012279482">
        <ele>-1.1</ele>
        <time>2024-04-25T12:03:22Z</time>
      </trkpt>
      <trkpt lat="39.26544655791637" lon="118.4212284933636">
        <ele>-1.1</ele>
        <time>2024-04-25T12:03:23Z</time>
      </trkpt>
      <trkpt lat="39.265446281875995" lon="118.42119660741064">
        <ele>-1.1</ele>
        <time>2024-04-25T12:03:24Z</time>
      </trkpt>
      <trkpt lat="39.26544565198003" lon="118.42116513858167">
        <ele>-1.1</ele>
        <time>2024-04-25T12:03:25Z</time>
      </trkpt>
      <trkpt lat="39.26544472235304" lon="118.42113362561565">
        <ele>-1.1</ele>
        <time>2024-04-25T12:03:26Z</time>
      </trkpt>
      <trkpt lat="39.26544329162799" lon="118.42109864452623">
        <ele>-1.1</ele>
        <time>2024-04-25T12:03:27Z</time>
      </trkpt>
      <trkpt lat="39.26544213509603" lon="118.42106638663756">
        <ele>-1.1</ele>
        <time>2024-04-25T12:03:28Z</time>
      </trkpt>
      <trkpt lat="39.265441380541034" lon="118.4210298178335">
        <ele>-1.1</ele>
        <time>2024-04-25T12:03:29Z</time>
      </trkpt>
      <trkpt lat="39.26544093143881" lon="118.42099629536484">
        <ele>-1.1</ele>
        <time>2024-04-25T12:03:30Z</time>
      </trkpt>
      <trkpt lat="39.265439505438245" lon="118.42095488984359">
        <ele>-1.1</ele>
        <time>2024-04-25T12:03:31Z</time>
      </trkpt>
      <trkpt lat="39.2654371137265" lon="118.42091370976706">
        <ele>-0.5</ele>
        <time>2024-04-25T12:03:32Z</time>
      </trkpt>
      <trkpt lat="39.26543410174215" lon="118.42087161708004">
        <ele>-0.5</ele>
        <time>2024-04-25T12:03:34Z</time>
      </trkpt>
      <trkpt lat="39.2654315211291" lon="118.42083391526474">
        <ele>-0.5</ele>
        <time>2024-04-25T12:03:35Z</time>
      </trkpt>
      <trkpt lat="39.265429492992624" lon="118.42079956959905">
        <ele>-0.5</ele>
        <time>2024-04-25T12:03:36Z</time>
      </trkpt>
      <trkpt lat="39.265428343606246" lon="118.42076632222856">
        <ele>-0.5</ele>
        <time>2024-04-25T12:03:37Z</time>
      </trkpt>
      <trkpt lat="39.265427904221205" lon="118.4207337029981">
        <ele>-0.5</ele>
        <time>2024-04-25T12:03:38Z</time>
      </trkpt>
      <trkpt lat="39.26542802166468" lon="118.42070203138148">
        <ele>-0.5</ele>
        <time>2024-04-25T12:03:39Z</time>
      </trkpt>
      <trkpt lat="39.26542831515602" lon="118.42066676749573">
        <ele>-0.5</ele>
        <time>2024-04-25T12:03:40Z</time>
      </trkpt>
      <trkpt lat="39.26542878443856" lon="118.42063394570636">
        <ele>-0.5</ele>
        <time>2024-04-25T12:03:41Z</time>
      </trkpt>
      <trkpt lat="39.265429188817336" lon="118.42060027552364">
        <ele>-1.3</ele>
        <time>2024-04-25T12:03:42Z</time>
      </trkpt>
      <trkpt lat="39.265429173602485" lon="118.42056749559892">
        <ele>-1.3</ele>
        <time>2024-04-25T12:03:43Z</time>
      </trkpt>
      <trkpt lat="39.26542857831313" lon="118.42053599544145">
        <ele>-1.3</ele>
        <time>2024-04-25T12:03:44Z</time>
      </trkpt>
      <trkpt lat="39.265427479006455" lon="118.42050217311444">
        <ele>-1.3</ele>
        <time>2024-04-25T12:03:45Z</time>
      </trkpt>
      <trkpt lat="39.265426490516994" lon="118.42047206843067">
        <ele>-1.3</ele>
        <time>2024-04-25T12:03:46Z</time>
      </trkpt>
      <trkpt lat="39.26542549030796" lon="118.42043838383493">
        <ele>-1.3</ele>
        <time>2024-04-25T12:03:47Z</time>
      </trkpt>
      <trkpt lat="39.26542474016133" lon="118.42040892579736">
        <ele>-1.3</ele>
        <time>2024-04-25T12:03:48Z</time>
      </trkpt>
      <trkpt lat="39.26542414898599" lon="118.42037777227014">
        <ele>-1.3</ele>
        <time>2024-04-25T12:03:49Z</time>
      </trkpt>
      <trkpt lat="39.265423390067106" lon="118.4203467570382">
        <ele>-1.3</ele>
        <time>2024-04-25T12:03:50Z</time>
      </trkpt>
      <trkpt lat="39.265422261530205" lon="118.4203122958764">
        <ele>-1</ele>
        <time>2024-04-25T12:03:52Z</time>
      </trkpt>
      <trkpt lat="39.26542040922641" lon="118.42027555591442">
        <ele>-1</ele>
        <time>2024-04-25T12:03:53Z</time>
      </trkpt>
      <trkpt lat="39.26541849271092" lon="118.42023449654178">
        <ele>-1</ele>
        <time>2024-04-25T12:03:54Z</time>
      </trkpt>
      <trkpt lat="39.26541675113915" lon="118.42019141533437">
        <ele>-1</ele>
        <time>2024-04-25T12:03:55Z</time>
      </trkpt>
      <trkpt lat="39.265415267612426" lon="118.42014378652205">
        <ele>-1</ele>
        <time>2024-04-25T12:03:56Z</time>
      </trkpt>
      <trkpt lat="39.265414714791696" lon="118.42009900452146">
        <ele>-1</ele>
        <time>2024-04-25T12:03:57Z</time>
      </trkpt>
      <trkpt lat="39.265415273506115" lon="118.42005384423406">
        <ele>-1</ele>
        <time>2024-04-25T12:03:58Z</time>
      </trkpt>
      <trkpt lat="39.2654168981121" lon="118.42001047395658">
        <ele>-1</ele>
        <time>2024-04-25T12:03:59Z</time>
      </trkpt>
      <trkpt lat="39.2654184207149" lon="118.41996885909396">
        <ele>-1</ele>
        <time>2024-04-25T12:04:00Z</time>
      </trkpt>
      <trkpt lat="39.26541938418968" lon="118.41992673503604">
        <ele>-1</ele>
        <time>2024-04-25T12:04:01Z</time>
      </trkpt>
      <trkpt lat="39.265419656604365" lon="118.4198869249689">
        <ele>-0.9</ele>
        <time>2024-04-25T12:04:02Z</time>
      </trkpt>
      <trkpt lat="39.265419282420176" lon="118.41984863752316">
        <ele>-0.9</ele>
        <time>2024-04-25T12:04:03Z</time>
      </trkpt>
      <trkpt lat="39.26541800950663" lon="118.41981580883305">
        <ele>-0.9</ele>
        <time>2024-04-25T12:04:04Z</time>
      </trkpt>
      <trkpt lat="39.265415258761266" lon="118.41978502630776">
        <ele>-0.9</ele>
        <time>2024-04-25T12:04:05Z</time>
      </trkpt>
      <trkpt lat="39.2654119132633" lon="118.41975804351192">
        <ele>-0.9</ele>
        <time>2024-04-25T12:04:06Z</time>
      </trkpt>
      <trkpt lat="39.26540638248759" lon="118.41973508295993">
        <ele>-0.9</ele>
        <time>2024-04-25T12:04:07Z</time>
      </trkpt>
      <trkpt lat="39.265401196842014" lon="118.41971389880942">
        <ele>-0.9</ele>
        <time>2024-04-25T12:04:08Z</time>
      </trkpt>
      <trkpt lat="39.26539630696925" lon="118.41969029689969">
        <ele>-0.9</ele>
        <time>2024-04-25T12:04:10Z</time>
      </trkpt>
      <trkpt lat="39.26539388941599" lon="118.41966140674964">
        <ele>-0.9</ele>
        <time>2024-04-25T12:04:11Z</time>
      </trkpt>
      <trkpt lat="39.26539178037404" lon="118.41962815701878">
        <ele>-0.5</ele>
        <time>2024-04-25T12:04:12Z</time>
      </trkpt>
      <trkpt lat="39.26538874343719" lon="118.41959255910378">
        <ele>-0.5</ele>
        <time>2024-04-25T12:04:13Z</time>
      </trkpt>
      <trkpt lat="39.26538507900382" lon="118.4195520921265">
        <ele>-0.5</ele>
        <time>2024-04-25T12:04:14Z</time>
      </trkpt>
      <trkpt lat="39.2653820465739" lon="118.41951255557713">
        <ele>-0.5</ele>
        <time>2024-04-25T12:04:15Z</time>
      </trkpt>
      <trkpt lat="39.26538044037982" lon="118.41946749824189">
        <ele>-0.5</ele>
        <time>2024-04-25T12:04:16Z</time>
      </trkpt>
      <trkpt lat="39.265379680307305" lon="118.419424154734">
        <ele>-0.5</ele>
        <time>2024-04-25T12:04:17Z</time>
      </trkpt>
      <trkpt lat="39.26537768708632" lon="118.41937716469795">
        <ele>-0.5</ele>
        <time>2024-04-25T12:04:18Z</time>
      </trkpt>
      <trkpt lat="39.26537514020067" lon="118.41933517023965">
        <ele>-0.5</ele>
        <time>2024-04-25T12:04:19Z</time>
      </trkpt>
      <trkpt lat="39.26537225563836" lon="118.41929255301716">
        <ele>-0.5</ele>
        <time>2024-04-25T12:04:20Z</time>
      </trkpt>
      <trkpt lat="39.26537068020813" lon="118.41925630756987">
        <ele>-0.5</ele>
        <time>2024-04-25T12:04:21Z</time>
      </trkpt>
      <trkpt lat="39.26536962592029" lon="118.41922322995389">
        <ele>-1.3</ele>
        <time>2024-04-25T12:04:22Z</time>
      </trkpt>
      <trkpt lat="39.26536721327717" lon="118.41919622115569">
        <ele>-1.3</ele>
        <time>2024-04-25T12:04:23Z</time>
      </trkpt>
      <trkpt lat="39.26536491385123" lon="118.41918292947395">
        <ele>-1.3</ele>
        <time>2024-04-25T12:04:24Z</time>
      </trkpt>
      <trkpt lat="39.26536197510237" lon="118.41916939704137">
        <ele>-1.3</ele>
        <time>2024-04-25T12:04:25Z</time>
      </trkpt>
      <trkpt lat="39.26536061361939" lon="118.41915528561336">
        <ele>-1.3</ele>
        <time>2024-04-25T12:04:26Z</time>
      </trkpt>
      <trkpt lat="39.265358815512094" lon="118.41912866078407">
        <ele>-1.3</ele>
        <time>2024-04-25T12:04:28Z</time>
      </trkpt>
      <trkpt lat="39.26535774367767" lon="118.41910204300778">
        <ele>-1.3</ele>
        <time>2024-04-25T12:04:29Z</time>
      </trkpt>
      <trkpt lat="39.265357172935715" lon="118.41907172406853">
        <ele>-1.3</ele>
        <time>2024-04-25T12:04:30Z</time>
      </trkpt>
      <trkpt lat="39.265357542298766" lon="118.41904122320746">
        <ele>-1.3</ele>
        <time>2024-04-25T12:04:31Z</time>
      </trkpt>
      <trkpt lat="39.26535815210505" lon="118.41900926441524">
        <ele>-0.7</ele>
        <time>2024-04-25T12:04:32Z</time>
      </trkpt>
      <trkpt lat="39.2653580073082" lon="118.41897287954856">
        <ele>-0.7</ele>
        <time>2024-04-25T12:04:33Z</time>
      </trkpt>
      <trkpt lat="39.265356552230266" lon="118.41893086274216">
        <ele>-0.7</ele>
        <time>2024-04-25T12:04:34Z</time>
      </trkpt>
      <trkpt lat="39.26535364261503" lon="118.41888026836317">
        <ele>-0.7</ele>
        <time>2024-04-25T12:04:35Z</time>
      </trkpt>
      <trkpt lat="39.265350239737124" lon="118.4188307853722">
        <ele>-0.7</ele>
        <time>2024-04-25T12:04:36Z</time>
      </trkpt>
      <trkpt lat="39.26534679824861" lon="118.4187828218219">
        <ele>-0.7</ele>
        <time>2024-04-25T12:04:37Z</time>
      </trkpt>
      <trkpt lat="39.26534343861005" lon="118.41873861861195">
        <ele>-0.7</ele>
        <time>2024-04-25T12:04:38Z</time>
      </trkpt>
      <trkpt lat="39.26534035410782" lon="118.41869932204006">
        <ele>-0.7</ele>
        <time>2024-04-25T12:04:39Z</time>
      </trkpt>
      <trkpt lat="39.26533717917817" lon="118.41866041306288">
        <ele>-0.7</ele>
        <time>2024-04-25T12:04:40Z</time>
      </trkpt>
      <trkpt lat="39.2653348575507" lon="118.41863006901549">
        <ele>-0.7</ele>
        <time>2024-04-25T12:04:41Z</time>
      </trkpt>
      <trkpt lat="39.26533236979472" lon="118.41860531060216">
        <ele>-1.5</ele>
        <time>2024-04-25T12:04:42Z</time>
      </trkpt>
      <trkpt lat="39.265328527058415" lon="118.41858229213861">
        <ele>-1.5</ele>
        <time>2024-04-25T12:04:43Z</time>
      </trkpt>
      <trkpt lat="39.26532553347942" lon="118.41855271706184">
        <ele>-1.5</ele>
        <time>2024-04-25T12:04:44Z</time>
      </trkpt>
      <trkpt lat="39.26532451496981" lon="118.41851758977555">
        <ele>-1.5</ele>
        <time>2024-04-25T12:04:46Z</time>
      </trkpt>
      <trkpt lat="39.26532570241864" lon="118.41848464296747">
        <ele>-1.5</ele>
        <time>2024-04-25T12:04:47Z</time>
      </trkpt>
      <trkpt lat="39.26532528068257" lon="118.41845557215746">
        <ele>-1.5</ele>
        <time>2024-04-25T12:04:48Z</time>
      </trkpt>
      <trkpt lat="39.26532208618941" lon="118.41842391225555">
        <ele>-1.5</ele>
        <time>2024-04-25T12:04:49Z</time>
      </trkpt>
      <trkpt lat="39.265318625633036" lon="118.41838915848798">
        <ele>-1.5</ele>
        <time>2024-04-25T12:04:50Z</time>
      </trkpt>
      <trkpt lat="39.26531565415014" lon="118.4183470340795">
        <ele>-1.5</ele>
        <time>2024-04-25T12:04:51Z</time>
      </trkpt>
      <trkpt lat="39.26531384837723" lon="118.41830390513604">
        <ele>-1.2</ele>
        <time>2024-04-25T12:04:52Z</time>
      </trkpt>
      <trkpt lat="39.26531162594129" lon="118.41825866218164">
        <ele>-1.2</ele>
        <time>2024-04-25T12:04:53Z</time>
      </trkpt>
      <trkpt lat="39.26530969131327" lon="118.41821344758375">
        <ele>-1.2</ele>
        <time>2024-04-25T12:04:54Z</time>
      </trkpt>
      <trkpt lat="39.265308060072414" lon="118.41816941789752">
        <ele>-1.2</ele>
        <time>2024-04-25T12:04:55Z</time>
      </trkpt>
      <trkpt lat="39.2653066571091" lon="118.41812301501875">
        <ele>-1.2</ele>
        <time>2024-04-25T12:04:56Z</time>
      </trkpt>
      <trkpt lat="39.26530523554951" lon="118.4180806994792">
        <ele>-1.2</ele>
        <time>2024-04-25T12:04:57Z</time>
      </trkpt>
      <trkpt lat="39.265303883041454" lon="118.41803876687527">
        <ele>-1.2</ele>
        <time>2024-04-25T12:04:58Z</time>
      </trkpt>
      <trkpt lat="39.26530278218386" lon="118.41799901496692">
        <ele>-1.2</ele>
        <time>2024-04-25T12:04:59Z</time>
      </trkpt>
      <trkpt lat="39.26530155896445" lon="118.4179615718754">
        <ele>-1.2</ele>
        <time>2024-04-25T12:05:00Z</time>
      </trkpt>
      <trkpt lat="39.26529858423555" lon="118.41791913980083">
        <ele>-1.2</ele>
        <time>2024-04-25T12:05:01Z</time>
      </trkpt>
      <trkpt lat="39.26529513404721" lon="118.41788192383856">
        <ele>-0.5</ele>
        <time>2024-04-25T12:05:02Z</time>
      </trkpt>
      <trkpt lat="39.26529137061237" lon="118.41784138505831">
        <ele>-0.5</ele>
        <time>2024-04-25T12:05:04Z</time>
      </trkpt>
      <trkpt lat="39.26528903608246" lon="118.4178086879556">
        <ele>-0.5</ele>
        <time>2024-04-25T12:05:05Z</time>
      </trkpt>
      <trkpt lat="39.26528723688037" lon="118.41777037620784">
        <ele>-0.5</ele>
        <time>2024-04-25T12:05:06Z</time>
      </trkpt>
      <trkpt lat="39.265286079144765" lon="118.41773394513977">
        <ele>-0.5</ele>
        <time>2024-04-25T12:05:07Z</time>
      </trkpt>
      <trkpt lat="39.265284977689284" lon="118.41769572405562">
        <ele>-0.5</ele>
        <time>2024-04-25T12:05:08Z</time>
      </trkpt>
      <trkpt lat="39.26528341185498" lon="118.41765825629687">
        <ele>-0.5</ele>
        <time>2024-04-25T12:05:09Z</time>
      </trkpt>
      <trkpt lat="39.26528132376347" lon="118.41762161312586">
        <ele>-0.5</ele>
        <time>2024-04-25T12:05:10Z</time>
      </trkpt>
      <trkpt lat="39.26527870490239" lon="118.41758109145458">
        <ele>-0.5</ele>
        <time>2024-04-25T12:05:11Z</time>
      </trkpt>
      <trkpt lat="39.26527630493987" lon="118.4175420077149">
        <ele>-0.8</ele>
        <time>2024-04-25T12:05:12Z</time>
      </trkpt>
      <trkpt lat="39.26527414266366" lon="118.41750127206835">
        <ele>-0.8</ele>
        <time>2024-04-25T12:05:13Z</time>
      </trkpt>
      <trkpt lat="39.265272388086764" lon="118.41746116309889">
        <ele>-0.8</ele>
        <time>2024-04-25T12:05:14Z</time>
      </trkpt>
      <trkpt lat="39.26527059755312" lon="118.4174220652475">
        <ele>-0.8</ele>
        <time>2024-04-25T12:05:15Z</time>
      </trkpt>
      <trkpt lat="39.265269008730336" lon="118.41738091616459">
        <ele>-0.8</ele>
        <time>2024-04-25T12:05:16Z</time>
      </trkpt>
      <trkpt lat="39.26526785621493" lon="118.41734361533476">
        <ele>-0.8</ele>
        <time>2024-04-25T12:05:17Z</time>
      </trkpt>
      <trkpt lat="39.2652675241979" lon="118.41730502552296">
        <ele>-0.8</ele>
        <time>2024-04-25T12:05:18Z</time>
      </trkpt>
      <trkpt lat="39.26526838895194" lon="118.41726614785047">
        <ele>-0.8</ele>
        <time>2024-04-25T12:05:19Z</time>
      </trkpt>
      <trkpt lat="39.265269852358685" lon="118.41722764953965">
        <ele>-0.8</ele>
        <time>2024-04-25T12:05:21Z</time>
      </trkpt>
      <trkpt lat="39.26527151441029" lon="118.41718818119729">
        <ele>-1</ele>
        <time>2024-04-25T12:05:22Z</time>
      </trkpt>
      <trkpt lat="39.26527230731287" lon="118.41715336739512">
        <ele>-1</ele>
        <time>2024-04-25T12:05:23Z</time>
      </trkpt>
      <trkpt lat="39.265272284329036" lon="118.41711857994501">
        <ele>-1</ele>
        <time>2024-04-25T12:05:24Z</time>
      </trkpt>
      <trkpt lat="39.26527106428546" lon="118.41708331509822">
        <ele>-1</ele>
        <time>2024-04-25T12:05:25Z</time>
      </trkpt>
      <trkpt lat="39.26526870692504" lon="118.41704690381232">
        <ele>-1</ele>
        <time>2024-04-25T12:05:26Z</time>
      </trkpt>
      <trkpt lat="39.265264271868894" lon="118.4170101468104">
        <ele>-1</ele>
        <time>2024-04-25T12:05:27Z</time>
      </trkpt>
      <trkpt lat="39.26525720582316" lon="118.41697916436053">
        <ele>-1</ele>
        <time>2024-04-25T12:05:28Z</time>
      </trkpt>
      <trkpt lat="39.26524867304079" lon="118.41695789341657">
        <ele>-1</ele>
        <time>2024-04-25T12:05:29Z</time>
      </trkpt>
      <trkpt lat="39.26524335333271" lon="118.41695276602762">
        <ele>-1</ele>
        <time>2024-04-25T12:05:30Z</time>
      </trkpt>
      <trkpt lat="39.26524015314261" lon="118.41695902039368">
        <ele>-1</ele>
        <time>2024-04-25T12:05:31Z</time>
      </trkpt>
      <trkpt lat="39.265239595131426" lon="118.41697480416751">
        <ele>-0.6</ele>
        <time>2024-04-25T12:05:32Z</time>
      </trkpt>
      <trkpt lat="39.26523862865525" lon="118.4169934621227">
        <ele>-0.6</ele>
        <time>2024-04-25T12:05:33Z</time>
      </trkpt>
      <trkpt lat="39.26523932877465" lon="118.4170143768796">
        <ele>-0.6</ele>
        <time>2024-04-25T12:05:34Z</time>
      </trkpt>
      <trkpt lat="39.26524065432621" lon="118.41703601113997">
        <ele>-0.6</ele>
        <time>2024-04-25T12:05:35Z</time>
      </trkpt>
      <trkpt lat="39.265241948327535" lon="118.41705567376623">
        <ele>-0.6</ele>
        <time>2024-04-25T12:05:36Z</time>
      </trkpt>
      <trkpt lat="39.26524370366486" lon="118.41708496260486">
        <ele>-0.6</ele>
        <time>2024-04-25T12:05:37Z</time>
      </trkpt>
      <trkpt lat="39.26524537997974" lon="118.41711444816166">
        <ele>-0.6</ele>
        <time>2024-04-25T12:05:38Z</time>
      </trkpt>
      <trkpt lat="39.26524784821157" lon="118.41715058951726">
        <ele>-0.6</ele>
        <time>2024-04-25T12:05:40Z</time>
      </trkpt>
      <trkpt lat="39.265250250936035" lon="118.41718174667969">
        <ele>-0.6</ele>
        <time>2024-04-25T12:05:41Z</time>
      </trkpt>
      <trkpt lat="39.26525289173481" lon="118.4172148722127">
        <ele>-1</ele>
        <time>2024-04-25T12:05:42Z</time>
      </trkpt>
      <trkpt lat="39.26525530674885" lon="118.41724911038945">
        <ele>-1</ele>
        <time>2024-04-25T12:05:43Z</time>
      </trkpt>
      <trkpt lat="39.26525751991684" lon="118.41728452195498">
        <ele>-1</ele>
        <time>2024-04-25T12:05:44Z</time>
      </trkpt>
      <trkpt lat="39.26525976010716" lon="118.41732407210199">
        <ele>-1</ele>
        <time>2024-04-25T12:05:45Z</time>
      </trkpt>
      <trkpt lat="39.26526181559774" lon="118.41736137149101">
        <ele>-1</ele>
        <time>2024-04-25T12:05:46Z</time>
      </trkpt>
      <trkpt lat="39.26526396627695" lon="118.41739943602886">
        <ele>-1</ele>
        <time>2024-04-25T12:05:47Z</time>
      </trkpt>
      <trkpt lat="39.265266138326744" lon="118.41743635299943">
        <ele>-1</ele>
        <time>2024-04-25T12:05:48Z</time>
      </trkpt>
      <trkpt lat="39.26526856586216" lon="118.41747547139526">
        <ele>-1</ele>
        <time>2024-04-25T12:05:49Z</time>
      </trkpt>
      <trkpt lat="39.26527141871897" lon="118.417513872959">
        <ele>-1</ele>
        <time>2024-04-25T12:05:50Z</time>
      </trkpt>
      <trkpt lat="39.265274336850425" lon="118.4175499800072">
        <ele>-1</ele>
        <time>2024-04-25T12:05:51Z</time>
      </trkpt>
      <trkpt lat="39.265273525653676" lon="118.41758226351831">
        <ele>-1.2</ele>
        <time>2024-04-25T12:05:52Z</time>
      </trkpt>
      <trkpt lat="39.26527145742712" lon="118.41760996088664">
        <ele>-1.2</ele>
        <time>2024-04-25T12:05:53Z</time>
      </trkpt>
      <trkpt lat="39.26527248748343" lon="118.41763480477829">
        <ele>-1.2</ele>
        <time>2024-04-25T12:05:54Z</time>
      </trkpt>
      <trkpt lat="39.26527950775308" lon="118.41766734300487">
        <ele>-1.2</ele>
        <time>2024-04-25T12:05:55Z</time>
      </trkpt>
      <trkpt lat="39.265288896451835" lon="118.41770802077791">
        <ele>-1.2</ele>
        <time>2024-04-25T12:05:56Z</time>
      </trkpt>
      <trkpt lat="39.26529587812699" lon="118.4177527135896">
        <ele>-1.2</ele>
        <time>2024-04-25T12:05:58Z</time>
      </trkpt>
      <trkpt lat="39.26529880188103" lon="118.41779545727913">
        <ele>-1.2</ele>
        <time>2024-04-25T12:05:59Z</time>
      </trkpt>
      <trkpt lat="39.26529817123131" lon="118.41783428198549">
        <ele>-1.2</ele>
        <time>2024-04-25T12:06:00Z</time>
      </trkpt>
      <trkpt lat="39.26529681879652" lon="118.41787145056833">
        <ele>-1.2</ele>
        <time>2024-04-25T12:06:01Z</time>
      </trkpt>
      <trkpt lat="39.26529866728625" lon="118.41790829591932">
        <ele>-0.9</ele>
        <time>2024-04-25T12:06:02Z</time>
      </trkpt>
      <trkpt lat="39.26530236835976" lon="118.41794788136409">
        <ele>-0.9</ele>
        <time>2024-04-25T12:06:03Z</time>
      </trkpt>
      <trkpt lat="39.26530571060102" lon="118.41799004697724">
        <ele>-0.9</ele>
        <time>2024-04-25T12:06:04Z</time>
      </trkpt>
      <trkpt lat="39.265307310011224" lon="118.41802949957159">
        <ele>-0.9</ele>
        <time>2024-04-25T12:06:05Z</time>
      </trkpt>
      <trkpt lat="39.26530961327973" lon="118.41807065577937">
        <ele>-0.9</ele>
        <time>2024-04-25T12:06:06Z</time>
      </trkpt>
      <trkpt lat="39.26531238101614" lon="118.41810926689024">
        <ele>-0.9</ele>
        <time>2024-04-25T12:06:07Z</time>
      </trkpt>
      <trkpt lat="39.265315661682315" lon="118.41814833114978">
        <ele>-0.9</ele>
        <time>2024-04-25T12:06:08Z</time>
      </trkpt>
      <trkpt lat="39.265317698158235" lon="118.41818004029743">
        <ele>-0.9</ele>
        <time>2024-04-25T12:06:09Z</time>
      </trkpt>
      <trkpt lat="39.26531894397235" lon="118.41820870625095">
        <ele>-0.9</ele>
        <time>2024-04-25T12:06:10Z</time>
      </trkpt>
      <trkpt lat="39.26531969829836" lon="118.4182347057214">
        <ele>-0.9</ele>
        <time>2024-04-25T12:06:11Z</time>
      </trkpt>
      <trkpt lat="39.265320953388134" lon="118.4182598570325">
        <ele>-1.1</ele>
        <time>2024-04-25T12:06:12Z</time>
      </trkpt>
      <trkpt lat="39.2653231351241" lon="118.41828611275756">
        <ele>-1.1</ele>
        <time>2024-04-25T12:06:13Z</time>
      </trkpt>
      <trkpt lat="39.26532552768428" lon="118.4183125240809">
        <ele>-1.1</ele>
        <time>2024-04-25T12:06:14Z</time>
      </trkpt>
      <trkpt lat="39.2653285028347" lon="118.41834984515393">
        <ele>-1.1</ele>
        <time>2024-04-25T12:06:16Z</time>
      </trkpt>
      <trkpt lat="39.26533129327368" lon="118.41839393436032">
        <ele>-1.1</ele>
        <time>2024-04-25T12:06:17Z</time>
      </trkpt>
      <trkpt lat="39.26533339953468" lon="118.41844683868196">
        <ele>-1.1</ele>
        <time>2024-04-25T12:06:18Z</time>
      </trkpt>
      <trkpt lat="39.26533477727112" lon="118.41849763902714">
        <ele>-1.1</ele>
        <time>2024-04-25T12:06:19Z</time>
      </trkpt>
      <trkpt lat="39.26533551900688" lon="118.41854779786462">
        <ele>-1.1</ele>
        <time>2024-04-25T12:06:20Z</time>
      </trkpt>
      <trkpt lat="39.26533628998315" lon="118.41859269482302">
        <ele>-1.1</ele>
        <time>2024-04-25T12:06:21Z</time>
      </trkpt>
      <trkpt lat="39.2653337045425" lon="118.41863663445727">
        <ele>-1.2</ele>
        <time>2024-04-25T12:06:22Z</time>
      </trkpt>
      <trkpt lat="39.26533049253722" lon="118.41867823413186">
        <ele>-1.2</ele>
        <time>2024-04-25T12:06:23Z</time>
      </trkpt>
      <trkpt lat="39.26532916489064" lon="118.41871482169961">
        <ele>-1.2</ele>
        <time>2024-04-25T12:06:24Z</time>
      </trkpt>
      <trkpt lat="39.26533264017938" lon="118.41874730586804">
        <ele>-1.2</ele>
        <time>2024-04-25T12:06:25Z</time>
      </trkpt>
      <trkpt lat="39.265337453085245" lon="118.41877307056117">
        <ele>-1.2</ele>
        <time>2024-04-25T12:06:26Z</time>
      </trkpt>
      <trkpt lat="39.265340977531345" lon="118.41879498740337">
        <ele>-1.2</ele>
        <time>2024-04-25T12:06:27Z</time>
      </trkpt>
      <trkpt lat="39.26534405385265" lon="118.41881426573467">
        <ele>-1.2</ele>
        <time>2024-04-25T12:06:28Z</time>
      </trkpt>
      <trkpt lat="39.26534615318995" lon="118.41883274139767">
        <ele>-1.2</ele>
        <time>2024-04-25T12:06:29Z</time>
      </trkpt>
      <trkpt lat="39.26534775161117" lon="118.41885435376706">
        <ele>-1.2</ele>
        <time>2024-04-25T12:06:30Z</time>
      </trkpt>
      <trkpt lat="39.26534823156204" lon="118.41887105189835">
        <ele>-1.2</ele>
        <time>2024-04-25T12:06:31Z</time>
      </trkpt>
      <trkpt lat="39.26534857205468" lon="118.41888101435373">
        <ele>0</ele>
        <time>2024-04-25T12:06:32Z</time>
      </trkpt>
    </trkseg>
  </trk>
</gpx>