<?xml version="1.0" encoding="UTF-8"?>
<gpx xmlns="http://www.topografix.com/GPX/1/1" xmlns:gpxtpx="http://www.garmin.com/xmlschemas/TrackPointExtension/v1" xmlns:xsi="http://www.w3.org/2001/XMLSchema-instance" xsi:schemaLocation="http://www.topografix.com/GPX/1/1 http://www.topografix.com/GPX/1/1/gpx.xsd" version="1.1" creator="gpx.py -- https://github.com/tkrajina/gpxpy">
  <trk>
    <name>gpx from codoon</name>
    <type>Run</type>
    <trkseg>
      <trkpt lat="39.26590948351879" lon="118.43223407345774">
        <ele>2.6</ele>
        <time>2024-05-27T00:30:24Z</time>
      </trkpt>
      <trkpt lat="39.26593557177492" lon="118.43229751222282">
        <ele>2.6</ele>
        <time>2024-05-27T00:30:26Z</time>
      </trkpt>
      <trkpt lat="39.26594089790452" lon="118.43231941661028">
        <ele>2.6</ele>
        <time>2024-05-27T00:30:27Z</time>
      </trkpt>
      <trkpt lat="39.265952101588816" lon="118.43236340441173">
        <ele>2.6</ele>
        <time>2024-05-27T00:30:29Z</time>
      </trkpt>
      <trkpt lat="39.26595846499954" lon="118.43240837214232">
        <ele>2.6</ele>
        <time>2024-05-27T00:30:30Z</time>
      </trkpt>
      <trkpt lat="39.26596531061434" lon="118.43245316768123">
        <ele>2.6</ele>
        <time>2024-05-27T00:30:32Z</time>
      </trkpt>
      <trkpt lat="39.2659714776429" lon="118.43249712855038">
        <ele>3.3</ele>
        <time>2024-05-27T00:30:33Z</time>
      </trkpt>
      <trkpt lat="39.265976853270985" lon="118.43253629039879">
        <ele>3.3</ele>
        <time>2024-05-27T00:30:34Z</time>
      </trkpt>
      <trkpt lat="39.26598155314923" lon="118.43257582192075">
        <ele>3.3</ele>
        <time>2024-05-27T00:30:35Z</time>
      </trkpt>
      <trkpt lat="39.265985758191285" lon="118.43261175954328">
        <ele>3.3</ele>
        <time>2024-05-27T00:30:36Z</time>
      </trkpt>
      <trkpt lat="39.2659905908097" lon="118.43265610184842">
        <ele>3.3</ele>
        <time>2024-05-27T00:30:38Z</time>
      </trkpt>
      <trkpt lat="39.26599462122897" lon="118.43269548003231">
        <ele>3.3</ele>
        <time>2024-05-27T00:30:39Z</time>
      </trkpt>
      <trkpt lat="39.26599810592599" lon="118.43273486346453">
        <ele>3.3</ele>
        <time>2024-05-27T00:30:40Z</time>
      </trkpt>
      <trkpt lat="39.26600044055321" lon="118.43277015639194">
        <ele>3.3</ele>
        <time>2024-05-27T00:30:41Z</time>
      </trkpt>
      <trkpt lat="39.26600242776817" lon="118.43280885271717">
        <ele>3.3</ele>
        <time>2024-05-27T00:30:42Z</time>
      </trkpt>
      <trkpt lat="39.26600383796583" lon="118.43284670786879">
        <ele>2.6</ele>
        <time>2024-05-27T00:30:43Z</time>
      </trkpt>
      <trkpt lat="39.266004493786475" lon="118.43288005330785">
        <ele>2.6</ele>
        <time>2024-05-27T00:30:44Z</time>
      </trkpt>
      <trkpt lat="39.26600479999002" lon="118.43291387561814">
        <ele>2.6</ele>
        <time>2024-05-27T00:30:45Z</time>
      </trkpt>
      <trkpt lat="39.26600484364405" lon="118.43294756248117">
        <ele>2.6</ele>
        <time>2024-05-27T00:30:46Z</time>
      </trkpt>
      <trkpt lat="39.26600487256733" lon="118.43298572157605">
        <ele>2.6</ele>
        <time>2024-05-27T00:30:47Z</time>
      </trkpt>
      <trkpt lat="39.266004512138075" lon="118.43302002233493">
        <ele>2.6</ele>
        <time>2024-05-27T00:30:48Z</time>
      </trkpt>
      <trkpt lat="39.26600413228786" lon="118.43306150709117">
        <ele>2.6</ele>
        <time>2024-05-27T00:30:50Z</time>
      </trkpt>
      <trkpt lat="39.26600362090855" lon="118.4330975980326">
        <ele>2.6</ele>
        <time>2024-05-27T00:30:51Z</time>
      </trkpt>
      <trkpt lat="39.26600326526837" lon="118.43313238746275">
        <ele>2.6</ele>
        <time>2024-05-27T00:30:52Z</time>
      </trkpt>
      <trkpt lat="39.266003329479304" lon="118.43316343770357">
        <ele>3.5</ele>
        <time>2024-05-27T00:30:53Z</time>
      </trkpt>
      <trkpt lat="39.2660036898794" lon="118.43319467783058">
        <ele>3.5</ele>
        <time>2024-05-27T00:30:54Z</time>
      </trkpt>
      <trkpt lat="39.26600453261853" lon="118.43323022587288">
        <ele>3.5</ele>
        <time>2024-05-27T00:30:55Z</time>
      </trkpt>
      <trkpt lat="39.266005482514636" lon="118.4332620137238">
        <ele>3.5</ele>
        <time>2024-05-27T00:30:56Z</time>
      </trkpt>
      <trkpt lat="39.26600659234495" lon="118.43329709338697">
        <ele>3.5</ele>
        <time>2024-05-27T00:30:57Z</time>
      </trkpt>
      <trkpt lat="39.26600814387017" lon="118.43333218130509">
        <ele>3</ele>
        <time>2024-05-27T00:30:58Z</time>
      </trkpt>
      <trkpt lat="39.2660106680667" lon="118.43336991019925">
        <ele>3</ele>
        <time>2024-05-27T00:30:59Z</time>
      </trkpt>
      <trkpt lat="39.26601479579978" lon="118.43341009562873">
        <ele>3.5</ele>
        <time>2024-05-27T00:31:00Z</time>
      </trkpt>
      <trkpt lat="39.266019093165525" lon="118.43344790792861">
        <ele>3.5</ele>
        <time>2024-05-27T00:31:01Z</time>
      </trkpt>
      <trkpt lat="39.26602293925293" lon="118.43348696692688">
        <ele>3.5</ele>
        <time>2024-05-27T00:31:02Z</time>
      </trkpt>
      <trkpt lat="39.26602505192997" lon="118.43352224083361">
        <ele>2.6</ele>
        <time>2024-05-27T00:31:03Z</time>
      </trkpt>
      <trkpt lat="39.26602646539512" lon="118.43355798321132">
        <ele>2.6</ele>
        <time>2024-05-27T00:31:04Z</time>
      </trkpt>
      <trkpt lat="39.266027179877014" lon="118.43359565901956">
        <ele>2.6</ele>
        <time>2024-05-27T00:31:05Z</time>
      </trkpt>
      <trkpt lat="39.26602737002587" lon="118.43363541338441">
        <ele>2.6</ele>
        <time>2024-05-27T00:31:06Z</time>
      </trkpt>
      <trkpt lat="39.2660261106866" lon="118.43368472420865">
        <ele>2.6</ele>
        <time>2024-05-27T00:31:08Z</time>
      </trkpt>
      <trkpt lat="39.266023127899196" lon="118.43373608887049">
        <ele>2.6</ele>
        <time>2024-05-27T00:31:09Z</time>
      </trkpt>
      <trkpt lat="39.2660195600791" lon="118.43379128258398">
        <ele>2.6</ele>
        <time>2024-05-27T00:31:10Z</time>
      </trkpt>
      <trkpt lat="39.26601701312773" lon="118.43383823409552">
        <ele>2.6</ele>
        <time>2024-05-27T00:31:11Z</time>
      </trkpt>
      <trkpt lat="39.266016675898875" lon="118.43387993515239">
        <ele>2.6</ele>
        <time>2024-05-27T00:31:12Z</time>
      </trkpt>
      <trkpt lat="39.266018642742395" lon="118.43391608480236">
        <ele>3.5</ele>
        <time>2024-05-27T00:31:13Z</time>
      </trkpt>
      <trkpt lat="39.266022192963035" lon="118.43395070019893">
        <ele>3.5</ele>
        <time>2024-05-27T00:31:14Z</time>
      </trkpt>
      <trkpt lat="39.26602667475141" lon="118.43398613989002">
        <ele>3.5</ele>
        <time>2024-05-27T00:31:15Z</time>
      </trkpt>
      <trkpt lat="39.26603155358312" lon="118.43402531638252">
        <ele>3.5</ele>
        <time>2024-05-27T00:31:17Z</time>
      </trkpt>
      <trkpt lat="39.266035802102955" lon="118.43406559460293">
        <ele>3.5</ele>
        <time>2024-05-27T00:31:18Z</time>
      </trkpt>
      <trkpt lat="39.26603907074025" lon="118.43410302941369">
        <ele>3.5</ele>
        <time>2024-05-27T00:31:19Z</time>
      </trkpt>
      <trkpt lat="39.26604089543014" lon="118.43413801781719">
        <ele>3.5</ele>
        <time>2024-05-27T00:31:20Z</time>
      </trkpt>
      <trkpt lat="39.26604224473811" lon="118.43416976341925">
        <ele>3.5</ele>
        <time>2024-05-27T00:31:21Z</time>
      </trkpt>
      <trkpt lat="39.26604283379212" lon="118.4342063522704">
        <ele>2.5</ele>
        <time>2024-05-27T00:31:23Z</time>
      </trkpt>
      <trkpt lat="39.266043328904026" lon="118.43424138816843">
        <ele>2.5</ele>
        <time>2024-05-27T00:31:24Z</time>
      </trkpt>
      <trkpt lat="39.266041626217856" lon="118.43427864948748">
        <ele>2.5</ele>
        <time>2024-05-27T00:31:26Z</time>
      </trkpt>
      <trkpt lat="39.26604320900195" lon="118.43431141178752">
        <ele>2.5</ele>
        <time>2024-05-27T00:31:27Z</time>
      </trkpt>
      <trkpt lat="39.26604779830765" lon="118.43434639665101">
        <ele>2.5</ele>
        <time>2024-05-27T00:31:28Z</time>
      </trkpt>
      <trkpt lat="39.266055173414486" lon="118.43437987092227">
        <ele>2.5</ele>
        <time>2024-05-27T00:31:29Z</time>
      </trkpt>
      <trkpt lat="39.26606149334786" lon="118.43441513709311">
        <ele>2.5</ele>
        <time>2024-05-27T00:31:30Z</time>
      </trkpt>
      <trkpt lat="39.26606644538099" lon="118.43444558875697">
        <ele>2.5</ele>
        <time>2024-05-27T00:31:31Z</time>
      </trkpt>
      <trkpt lat="39.26607328479499" lon="118.43447737451405">
        <ele>2.5</ele>
        <time>2024-05-27T00:31:32Z</time>
      </trkpt>
      <trkpt lat="39.26607993013045" lon="118.43450517139527">
        <ele>2.9</ele>
        <time>2024-05-27T00:31:33Z</time>
      </trkpt>
      <trkpt lat="39.26608645737989" lon="118.4345323630808">
        <ele>2.9</ele>
        <time>2024-05-27T00:31:34Z</time>
      </trkpt>
      <trkpt lat="39.2660925268017" lon="118.43456011727135">
        <ele>2.9</ele>
        <time>2024-05-27T00:31:35Z</time>
      </trkpt>
      <trkpt lat="39.26609785507975" lon="118.43458774700186">
        <ele>2.9</ele>
        <time>2024-05-27T00:31:36Z</time>
      </trkpt>
      <trkpt lat="39.26610246366246" lon="118.43461855897245">
        <ele>2.9</ele>
        <time>2024-05-27T00:31:37Z</time>
      </trkpt>
      <trkpt lat="39.266104835714806" lon="118.43464657314469">
        <ele>2.9</ele>
        <time>2024-05-27T00:31:38Z</time>
      </trkpt>
      <trkpt lat="39.266106159513114" lon="118.43467601667874">
        <ele>2.9</ele>
        <time>2024-05-27T00:31:39Z</time>
      </trkpt>
      <trkpt lat="39.266106765773806" lon="118.43470658668754">
        <ele>2.9</ele>
        <time>2024-05-27T00:31:40Z</time>
      </trkpt>
      <trkpt lat="39.26610753513216" lon="118.43473879249277">
        <ele>2.9</ele>
        <time>2024-05-27T00:31:41Z</time>
      </trkpt>
      <trkpt lat="39.26610839189736" lon="118.43477202290393">
        <ele>2.9</ele>
        <time>2024-05-27T00:31:42Z</time>
      </trkpt>
      <trkpt lat="39.266109479940965" lon="118.43481086967927">
        <ele>2.4</ele>
        <time>2024-05-27T00:31:44Z</time>
      </trkpt>
      <trkpt lat="39.26610851175491" lon="118.43485598739447">
        <ele>2.4</ele>
        <time>2024-05-27T00:31:45Z</time>
      </trkpt>
      <trkpt lat="39.266105769879765" lon="118.43490663930595">
        <ele>2.4</ele>
        <time>2024-05-27T00:31:46Z</time>
      </trkpt>
      <trkpt lat="39.266099750842365" lon="118.43495791858248">
        <ele>2.4</ele>
        <time>2024-05-27T00:31:47Z</time>
      </trkpt>
      <trkpt lat="39.266093000790136" lon="118.43500676080417">
        <ele>2.4</ele>
        <time>2024-05-27T00:31:48Z</time>
      </trkpt>
      <trkpt lat="39.266085640377916" lon="118.43505630598108">
        <ele>2.4</ele>
        <time>2024-05-27T00:31:49Z</time>
      </trkpt>
      <trkpt lat="39.266078014223794" lon="118.43510139796454">
        <ele>2.4</ele>
        <time>2024-05-27T00:31:50Z</time>
      </trkpt>
      <trkpt lat="39.2660698517017" lon="118.43514495585812">
        <ele>2.4</ele>
        <time>2024-05-27T00:31:51Z</time>
      </trkpt>
      <trkpt lat="39.26606061249627" lon="118.43518630488639">
        <ele>2.4</ele>
        <time>2024-05-27T00:31:52Z</time>
      </trkpt>
      <trkpt lat="39.26605320383579" lon="118.43522571998115">
        <ele>2.9</ele>
        <time>2024-05-27T00:31:53Z</time>
      </trkpt>
      <trkpt lat="39.266048962931215" lon="118.43526393999565">
        <ele>2.9</ele>
        <time>2024-05-27T00:31:54Z</time>
      </trkpt>
      <trkpt lat="39.266049128795636" lon="118.4353043796981">
        <ele>2.9</ele>
        <time>2024-05-27T00:31:56Z</time>
      </trkpt>
      <trkpt lat="39.2660535759524" lon="118.43534739167453">
        <ele>2.9</ele>
        <time>2024-05-27T00:31:57Z</time>
      </trkpt>
      <trkpt lat="39.26605932716476" lon="118.43538906101837">
        <ele>3</ele>
        <time>2024-05-27T00:31:58Z</time>
      </trkpt>
      <trkpt lat="39.266065665616914" lon="118.43542711298029">
        <ele>3</ele>
        <time>2024-05-27T00:31:59Z</time>
      </trkpt>
      <trkpt lat="39.26606995529936" lon="118.43545944372606">
        <ele>2.9</ele>
        <time>2024-05-27T00:32:00Z</time>
      </trkpt>
      <trkpt lat="39.26607479748449" lon="118.43549523088461">
        <ele>2.9</ele>
        <time>2024-05-27T00:32:02Z</time>
      </trkpt>
      <trkpt lat="39.26607914834663" lon="118.43552696885286">
        <ele>2</ele>
        <time>2024-05-27T00:32:03Z</time>
      </trkpt>
      <trkpt lat="39.266083271286874" lon="118.4355678911754">
        <ele>2</ele>
        <time>2024-05-27T00:32:05Z</time>
      </trkpt>
      <trkpt lat="39.26608570479161" lon="118.43561250572397">
        <ele>2</ele>
        <time>2024-05-27T00:32:06Z</time>
      </trkpt>
      <trkpt lat="39.266087547802336" lon="118.43566474050634">
        <ele>2</ele>
        <time>2024-05-27T00:32:07Z</time>
      </trkpt>
      <trkpt lat="39.266089028129535" lon="118.4357129302014">
        <ele>2</ele>
        <time>2024-05-27T00:32:08Z</time>
      </trkpt>
      <trkpt lat="39.26609037983372" lon="118.43575803722543">
        <ele>2</ele>
        <time>2024-05-27T00:32:09Z</time>
      </trkpt>
      <trkpt lat="39.266090875973326" lon="118.43580618583648">
        <ele>2</ele>
        <time>2024-05-27T00:32:11Z</time>
      </trkpt>
      <trkpt lat="39.266090749250885" lon="118.43585615216023">
        <ele>2</ele>
        <time>2024-05-27T00:32:12Z</time>
      </trkpt>
      <trkpt lat="39.26609064290114" lon="118.43590348567903">
        <ele>2.6</ele>
        <time>2024-05-27T00:32:13Z</time>
      </trkpt>
      <trkpt lat="39.26609096703987" lon="118.43594218231841">
        <ele>2.6</ele>
        <time>2024-05-27T00:32:14Z</time>
      </trkpt>
      <trkpt lat="39.2660908485355" lon="118.43597639007797">
        <ele>2.6</ele>
        <time>2024-05-27T00:32:15Z</time>
      </trkpt>
      <trkpt lat="39.266090413018965" lon="118.43600942504547">
        <ele>2.6</ele>
        <time>2024-05-27T00:32:16Z</time>
      </trkpt>
      <trkpt lat="39.266089931206075" lon="118.43604484098351">
        <ele>2.6</ele>
        <time>2024-05-27T00:32:17Z</time>
      </trkpt>
      <trkpt lat="39.266090373938525" lon="118.43607862812568">
        <ele>2.6</ele>
        <time>2024-05-27T00:32:18Z</time>
      </trkpt>
      <trkpt lat="39.26609115245455" lon="118.43611734946491">
        <ele>2.6</ele>
        <time>2024-05-27T00:32:20Z</time>
      </trkpt>
      <trkpt lat="39.26609166139766" lon="118.43615362799278">
        <ele>2.6</ele>
        <time>2024-05-27T00:32:21Z</time>
      </trkpt>
      <trkpt lat="39.26609170878037" lon="118.43619338929847">
        <ele>2.6</ele>
        <time>2024-05-27T00:32:22Z</time>
      </trkpt>
      <trkpt lat="39.26609147893342" lon="118.43622837246066">
        <ele>3</ele>
        <time>2024-05-27T00:32:23Z</time>
      </trkpt>
      <trkpt lat="39.266091287422284" lon="118.43626365712753">
        <ele>3</ele>
        <time>2024-05-27T00:32:24Z</time>
      </trkpt>
      <trkpt lat="39.26609175591684" lon="118.43630071876315">
        <ele>3</ele>
        <time>2024-05-27T00:32:26Z</time>
      </trkpt>
      <trkpt lat="39.26609335275272" lon="118.43634099540904">
        <ele>3</ele>
        <time>2024-05-27T00:32:27Z</time>
      </trkpt>
      <trkpt lat="39.26609601742041" lon="118.4363872343785">
        <ele>3</ele>
        <time>2024-05-27T00:32:29Z</time>
      </trkpt>
      <trkpt lat="39.26609897999783" lon="118.43643146277195">
        <ele>3</ele>
        <time>2024-05-27T00:32:30Z</time>
      </trkpt>
      <trkpt lat="39.26610267401621" lon="118.43647971680028">
        <ele>3</ele>
        <time>2024-05-27T00:32:32Z</time>
      </trkpt>
      <trkpt lat="39.26610698403606" lon="118.43652335873156">
        <ele>2.7</ele>
        <time>2024-05-27T00:32:33Z</time>
      </trkpt>
      <trkpt lat="39.266112462014014" lon="118.43657104610428">
        <ele>2.7</ele>
        <time>2024-05-27T00:32:35Z</time>
      </trkpt>
      <trkpt lat="39.26611772769003" lon="118.4366164865051">
        <ele>2.7</ele>
        <time>2024-05-27T00:32:36Z</time>
      </trkpt>
      <trkpt lat="39.2661224896051" lon="118.4366635232083">
        <ele>2.7</ele>
        <time>2024-05-27T00:32:38Z</time>
      </trkpt>
      <trkpt lat="39.26612649095231" lon="118.43670881864806">
        <ele>2.7</ele>
        <time>2024-05-27T00:32:39Z</time>
      </trkpt>
      <trkpt lat="39.26612964433136" lon="118.43674981050042">
        <ele>2.7</ele>
        <time>2024-05-27T00:32:40Z</time>
      </trkpt>
      <trkpt lat="39.266132591273774" lon="118.43678777626653">
        <ele>2.7</ele>
        <time>2024-05-27T00:32:41Z</time>
      </trkpt>
      <trkpt lat="39.266135321711694" lon="118.43682363282319">
        <ele>2.7</ele>
        <time>2024-05-27T00:32:42Z</time>
      </trkpt>
      <trkpt lat="39.26613864305014" lon="118.43686300697775">
        <ele>3.5</ele>
        <time>2024-05-27T00:32:44Z</time>
      </trkpt>
      <trkpt lat="39.26614221854712" lon="118.43690208683631">
        <ele>3.5</ele>
        <time>2024-05-27T00:32:45Z</time>
      </trkpt>
      <trkpt lat="39.266146178851535" lon="118.4369405649489">
        <ele>3.5</ele>
        <time>2024-05-27T00:32:46Z</time>
      </trkpt>
      <trkpt lat="39.26614973287801" lon="118.4369740807763">
        <ele>3.5</ele>
        <time>2024-05-27T00:32:47Z</time>
      </trkpt>
      <trkpt lat="39.26615289681617" lon="118.43700653727458">
        <ele>3.5</ele>
        <time>2024-05-27T00:32:48Z</time>
      </trkpt>
      <trkpt lat="39.26615532018305" lon="118.43704001815522">
        <ele>3.5</ele>
        <time>2024-05-27T00:32:49Z</time>
      </trkpt>
      <trkpt lat="39.26615734015331" lon="118.43707259715863">
        <ele>3.5</ele>
        <time>2024-05-27T00:32:50Z</time>
      </trkpt>
      <trkpt lat="39.26615986568566" lon="118.43710687060994">
        <ele>3.5</ele>
        <time>2024-05-27T00:32:51Z</time>
      </trkpt>
      <trkpt lat="39.26616335076507" lon="118.43713844472092">
        <ele>2.9</ele>
        <time>2024-05-27T00:32:53Z</time>
      </trkpt>
      <trkpt lat="39.26616879625997" lon="118.43717434044022">
        <ele>2.9</ele>
        <time>2024-05-27T00:32:54Z</time>
      </trkpt>
      <trkpt lat="39.26617542775823" lon="118.43720916629594">
        <ele>2.9</ele>
        <time>2024-05-27T00:32:56Z</time>
      </trkpt>
      <trkpt lat="39.266183616599385" lon="118.4372445380178">
        <ele>2.9</ele>
        <time>2024-05-27T00:32:57Z</time>
      </trkpt>
      <trkpt lat="39.26619099509021" lon="118.43727872100864">
        <ele>2</ele>
        <time>2024-05-27T00:32:58Z</time>
      </trkpt>
      <trkpt lat="39.26619741386154" lon="118.43732162112649">
        <ele>2</ele>
        <time>2024-05-27T00:32:59Z</time>
      </trkpt>
      <trkpt lat="39.26620246670045" lon="118.43736577781564">
        <ele>2.9</ele>
        <time>2024-05-27T00:33:00Z</time>
      </trkpt>
      <trkpt lat="39.26620810090014" lon="118.43741223543869">
        <ele>2.9</ele>
        <time>2024-05-27T00:33:01Z</time>
      </trkpt>
      <trkpt lat="39.26621552149321" lon="118.43744763095262">
        <ele>2.9</ele>
        <time>2024-05-27T00:33:02Z</time>
      </trkpt>
      <trkpt lat="39.2662258539277" lon="118.43748058286246">
        <ele>3.5</ele>
        <time>2024-05-27T00:33:03Z</time>
      </trkpt>
      <trkpt lat="39.26623789348612" lon="118.43750707618153">
        <ele>3.5</ele>
        <time>2024-05-27T00:33:04Z</time>
      </trkpt>
      <trkpt lat="39.266249906767634" lon="118.43753401112103">
        <ele>3.5</ele>
        <time>2024-05-27T00:33:05Z</time>
      </trkpt>
      <trkpt lat="39.266261690628234" lon="118.4375599841792">
        <ele>3.5</ele>
        <time>2024-05-27T00:33:06Z</time>
      </trkpt>
      <trkpt lat="39.26626806331277" lon="118.43758841471445">
        <ele>3.5</ele>
        <time>2024-05-27T00:33:07Z</time>
      </trkpt>
      <trkpt lat="39.266267740167024" lon="118.43762221659244">
        <ele>3.5</ele>
        <time>2024-05-27T00:33:08Z</time>
      </trkpt>
      <trkpt lat="39.266256827702" lon="118.43766526936423">
        <ele>3.5</ele>
        <time>2024-05-27T00:33:09Z</time>
      </trkpt>
      <trkpt lat="39.26624569934192" lon="118.4377172693176">
        <ele>3.5</ele>
        <time>2024-05-27T00:33:11Z</time>
      </trkpt>
      <trkpt lat="39.26623906211086" lon="118.43776570734073">
        <ele>3.5</ele>
        <time>2024-05-27T00:33:12Z</time>
      </trkpt>
      <trkpt lat="39.26623547054655" lon="118.43780524996329">
        <ele>2.9</ele>
        <time>2024-05-27T00:33:14Z</time>
      </trkpt>
      <trkpt lat="39.266233108108935" lon="118.43783793655705">
        <ele>2.9</ele>
        <time>2024-05-27T00:33:15Z</time>
      </trkpt>
      <trkpt lat="39.26623050481578" lon="118.43787169044">
        <ele>2.9</ele>
        <time>2024-05-27T00:33:16Z</time>
      </trkpt>
      <trkpt lat="39.26623182132572" lon="118.4379070198364">
        <ele>2.9</ele>
        <time>2024-05-27T00:33:17Z</time>
      </trkpt>
      <trkpt lat="39.26623676038768" lon="118.4379423487027">
        <ele>2.9</ele>
        <time>2024-05-27T00:33:18Z</time>
      </trkpt>
      <trkpt lat="39.26623908635614" lon="118.43797832736277">
        <ele>2.9</ele>
        <time>2024-05-27T00:33:20Z</time>
      </trkpt>
      <trkpt lat="39.266238142237405" lon="118.43802261282842">
        <ele>2.9</ele>
        <time>2024-05-27T00:33:21Z</time>
      </trkpt>
      <trkpt lat="39.266233831566154" lon="118.4380700454309">
        <ele>2.9</ele>
        <time>2024-05-27T00:33:22Z</time>
      </trkpt>
      <trkpt lat="39.26623149587475" lon="118.43812363545973">
        <ele>2.5</ele>
        <time>2024-05-27T00:33:23Z</time>
      </trkpt>
      <trkpt lat="39.26623140814222" lon="118.43817354891866">
        <ele>2.5</ele>
        <time>2024-05-27T00:33:24Z</time>
      </trkpt>
      <trkpt lat="39.266232261010494" lon="118.43822310501018">
        <ele>2.5</ele>
        <time>2024-05-27T00:33:25Z</time>
      </trkpt>
      <trkpt lat="39.266231844388116" lon="118.4382643149134">
        <ele>2.5</ele>
        <time>2024-05-27T00:33:26Z</time>
      </trkpt>
      <trkpt lat="39.26622897509285" lon="118.43830383233566">
        <ele>2.5</ele>
        <time>2024-05-27T00:33:27Z</time>
      </trkpt>
      <trkpt lat="39.26622413798836" lon="118.43834844923742">
        <ele>2.5</ele>
        <time>2024-05-27T00:33:29Z</time>
      </trkpt>
      <trkpt lat="39.26622166203015" lon="118.43839520522478">
        <ele>2.5</ele>
        <time>2024-05-27T00:33:30Z</time>
      </trkpt>
      <trkpt lat="39.26622425419366" lon="118.43843660687773">
        <ele>2.5</ele>
        <time>2024-05-27T00:33:32Z</time>
      </trkpt>
      <trkpt lat="39.266225049104165" lon="118.43846100987993">
        <ele>3</ele>
        <time>2024-05-27T00:33:33Z</time>
      </trkpt>
      <trkpt lat="39.26622799333465" lon="118.43849159897053">
        <ele>3</ele>
        <time>2024-05-27T00:33:35Z</time>
      </trkpt>
      <trkpt lat="39.26623139495512" lon="118.43852421516404">
        <ele>3</ele>
        <time>2024-05-27T00:33:36Z</time>
      </trkpt>
      <trkpt lat="39.266237441995244" lon="118.43856276714723">
        <ele>3</ele>
        <time>2024-05-27T00:33:37Z</time>
      </trkpt>
      <trkpt lat="39.26623876475323" lon="118.43859841137422">
        <ele>3</ele>
        <time>2024-05-27T00:33:38Z</time>
      </trkpt>
      <trkpt lat="39.2662384240576" lon="118.43863758211103">
        <ele>3</ele>
        <time>2024-05-27T00:33:39Z</time>
      </trkpt>
      <trkpt lat="39.26624286365247" lon="118.43868304504784">
        <ele>3</ele>
        <time>2024-05-27T00:33:41Z</time>
      </trkpt>
      <trkpt lat="39.266247141377484" lon="118.43872875578683">
        <ele>3</ele>
        <time>2024-05-27T00:33:42Z</time>
      </trkpt>
      <trkpt lat="39.26625028363204" lon="118.43877801959495">
        <ele>3.1</ele>
        <time>2024-05-27T00:33:43Z</time>
      </trkpt>
      <trkpt lat="39.26625066881271" lon="118.43882566546361">
        <ele>3.1</ele>
        <time>2024-05-27T00:33:44Z</time>
      </trkpt>
      <trkpt lat="39.266254104183645" lon="118.43887103717077">
        <ele>3.1</ele>
        <time>2024-05-27T00:33:45Z</time>
      </trkpt>
      <trkpt lat="39.26625876857096" lon="118.43891037450429">
        <ele>3.1</ele>
        <time>2024-05-27T00:33:46Z</time>
      </trkpt>
      <trkpt lat="39.266264120055084" lon="118.43894929515707">
        <ele>3.1</ele>
        <time>2024-05-27T00:33:47Z</time>
      </trkpt>
      <trkpt lat="39.26626926686523" lon="118.4389843630931">
        <ele>3.1</ele>
        <time>2024-05-27T00:33:48Z</time>
      </trkpt>
      <trkpt lat="39.26626987510048" lon="118.43902084496482">
        <ele>3.1</ele>
        <time>2024-05-27T00:33:50Z</time>
      </trkpt>
      <trkpt lat="39.26626785638323" lon="118.43905807572591">
        <ele>3.1</ele>
        <time>2024-05-27T00:33:51Z</time>
      </trkpt>
      <trkpt lat="39.26626509780214" lon="118.43910501813069">
        <ele>2.8</ele>
        <time>2024-05-27T00:33:53Z</time>
      </trkpt>
      <trkpt lat="39.26626629943653" lon="118.43915113293532">
        <ele>2.8</ele>
        <time>2024-05-27T00:33:54Z</time>
      </trkpt>
      <trkpt lat="39.26626952079739" lon="118.43919543534304">
        <ele>2.8</ele>
        <time>2024-05-27T00:33:56Z</time>
      </trkpt>
      <trkpt lat="39.26627014105895" lon="118.4392344807185">
        <ele>2.8</ele>
        <time>2024-05-27T00:33:57Z</time>
      </trkpt>
      <trkpt lat="39.2662687522198" lon="118.43928154268356">
        <ele>2</ele>
        <time>2024-05-27T00:33:59Z</time>
      </trkpt>
      <trkpt lat="39.266270028528545" lon="118.43933093633925">
        <ele>2.8</ele>
        <time>2024-05-27T00:34:00Z</time>
      </trkpt>
      <trkpt lat="39.26627118938191" lon="118.43937899865558">
        <ele>2.8</ele>
        <time>2024-05-27T00:34:02Z</time>
      </trkpt>
      <trkpt lat="39.26627369726727" lon="118.43942130740125">
        <ele>2.9</ele>
        <time>2024-05-27T00:34:03Z</time>
      </trkpt>
      <trkpt lat="39.26627316702486" lon="118.43946395173046">
        <ele>2.9</ele>
        <time>2024-05-27T00:34:04Z</time>
      </trkpt>
      <trkpt lat="39.266276497247745" lon="118.43950419406713">
        <ele>2.9</ele>
        <time>2024-05-27T00:34:05Z</time>
      </trkpt>
      <trkpt lat="39.26628199324569" lon="118.43953987224899">
        <ele>2.9</ele>
        <time>2024-05-27T00:34:06Z</time>
      </trkpt>
      <trkpt lat="39.26628552610159" lon="118.43957005909874">
        <ele>2.9</ele>
        <time>2024-05-27T00:34:08Z</time>
      </trkpt>
      <trkpt lat="39.266286518852894" lon="118.43960819503685">
        <ele>2.9</ele>
        <time>2024-05-27T00:34:09Z</time>
      </trkpt>
      <trkpt lat="39.266286462272824" lon="118.43964973837893">
        <ele>2.9</ele>
        <time>2024-05-27T00:34:10Z</time>
      </trkpt>
      <trkpt lat="39.266287750955" lon="118.43969483231739">
        <ele>2.9</ele>
        <time>2024-05-27T00:34:11Z</time>
      </trkpt>
      <trkpt lat="39.266293129202346" lon="118.43973541039557">
        <ele>2.9</ele>
        <time>2024-05-27T00:34:12Z</time>
      </trkpt>
      <trkpt lat="39.26629658825193" lon="118.43977434991108">
        <ele>3.3</ele>
        <time>2024-05-27T00:34:14Z</time>
      </trkpt>
      <trkpt lat="39.26629752360021" lon="118.43981882628532">
        <ele>3.3</ele>
        <time>2024-05-27T00:34:15Z</time>
      </trkpt>
      <trkpt lat="39.26629583401104" lon="118.43986282767492">
        <ele>3.3</ele>
        <time>2024-05-27T00:34:16Z</time>
      </trkpt>
      <trkpt lat="39.266295304970456" lon="118.43990671378752">
        <ele>3.3</ele>
        <time>2024-05-27T00:34:17Z</time>
      </trkpt>
      <trkpt lat="39.266296698316694" lon="118.43994174868294">
        <ele>3.3</ele>
        <time>2024-05-27T00:34:18Z</time>
      </trkpt>
      <trkpt lat="39.26629751339154" lon="118.43997542930589">
        <ele>3.3</ele>
        <time>2024-05-27T00:34:19Z</time>
      </trkpt>
      <trkpt lat="39.26629787807726" lon="118.44000474074576">
        <ele>3.3</ele>
        <time>2024-05-27T00:34:20Z</time>
      </trkpt>
      <trkpt lat="39.266298248618114" lon="118.44003426765381">
        <ele>3.3</ele>
        <time>2024-05-27T00:34:21Z</time>
      </trkpt>
      <trkpt lat="39.266298779639605" lon="118.44005983716632">
        <ele>3.3</ele>
        <time>2024-05-27T00:34:22Z</time>
      </trkpt>
      <trkpt lat="39.26630002132098" lon="118.44008580144634">
        <ele>3</ele>
        <time>2024-05-27T00:34:23Z</time>
      </trkpt>
      <trkpt lat="39.26630174230723" lon="118.4401097446224">
        <ele>3</ele>
        <time>2024-05-27T00:34:24Z</time>
      </trkpt>
      <trkpt lat="39.26630511034699" lon="118.44013153374269">
        <ele>3</ele>
        <time>2024-05-27T00:34:26Z</time>
      </trkpt>
      <trkpt lat="39.26630893827178" lon="118.4401444390948">
        <ele>3</ele>
        <time>2024-05-27T00:34:27Z</time>
      </trkpt>
      <trkpt lat="39.26631284612568" lon="118.44016022463927">
        <ele>3</ele>
        <time>2024-05-27T00:34:29Z</time>
      </trkpt>
      <trkpt lat="39.266313752162866" lon="118.44018306927732">
        <ele>3</ele>
        <time>2024-05-27T00:34:30Z</time>
      </trkpt>
      <trkpt lat="39.26631265163087" lon="118.44021978862327">
        <ele>3</ele>
        <time>2024-05-27T00:34:31Z</time>
      </trkpt>
      <trkpt lat="39.26630974738483" lon="118.44025951622282">
        <ele>3</ele>
        <time>2024-05-27T00:34:32Z</time>
      </trkpt>
      <trkpt lat="39.2663069943133" lon="118.44030424887461">
        <ele>2.5</ele>
        <time>2024-05-27T00:34:33Z</time>
      </trkpt>
      <trkpt lat="39.26630431962987" lon="118.44035625641656">
        <ele>2.5</ele>
        <time>2024-05-27T00:34:35Z</time>
      </trkpt>
      <trkpt lat="39.26630120230361" lon="118.44041685606668">
        <ele>2.5</ele>
        <time>2024-05-27T00:34:36Z</time>
      </trkpt>
      <trkpt lat="39.26629716349514" lon="118.44048592880984">
        <ele>2.5</ele>
        <time>2024-05-27T00:34:38Z</time>
      </trkpt>
      <trkpt lat="39.26629369492912" lon="118.44055147958916">
        <ele>2.5</ele>
        <time>2024-05-27T00:34:39Z</time>
      </trkpt>
      <trkpt lat="39.26629196854169" lon="118.44061515637283">
        <ele>2.5</ele>
        <time>2024-05-27T00:34:41Z</time>
      </trkpt>
      <trkpt lat="39.26629350425015" lon="118.44066620889461">
        <ele>2.5</ele>
        <time>2024-05-27T00:34:42Z</time>
      </trkpt>
      <trkpt lat="39.26629799603578" lon="118.44071774942826">
        <ele>2.6</ele>
        <time>2024-05-27T00:34:44Z</time>
      </trkpt>
      <trkpt lat="39.26630475550063" lon="118.44076008174362">
        <ele>2.6</ele>
        <time>2024-05-27T00:34:45Z</time>
      </trkpt>
      <trkpt lat="39.266312298684404" lon="118.44080232123575">
        <ele>2.6</ele>
        <time>2024-05-27T00:34:46Z</time>
      </trkpt>
      <trkpt lat="39.26631862195669" lon="118.44084135115003">
        <ele>2.6</ele>
        <time>2024-05-27T00:34:47Z</time>
      </trkpt>
      <trkpt lat="39.26632322583517" lon="118.44087974759323">
        <ele>2.6</ele>
        <time>2024-05-27T00:34:48Z</time>
      </trkpt>
      <trkpt lat="39.26632641145549" lon="118.44092225080504">
        <ele>2.6</ele>
        <time>2024-05-27T00:34:50Z</time>
      </trkpt>
      <trkpt lat="39.26632828908194" lon="118.4409647295475">
        <ele>2.6</ele>
        <time>2024-05-27T00:34:51Z</time>
      </trkpt>
      <trkpt lat="39.26632959792315" lon="118.44100839888002">
        <ele>2.6</ele>
        <time>2024-05-27T00:34:52Z</time>
      </trkpt>
      <trkpt lat="39.26633026733559" lon="118.44104855313073">
        <ele>3.4</ele>
        <time>2024-05-27T00:34:53Z</time>
      </trkpt>
      <trkpt lat="39.26633068531004" lon="118.44108442307781">
        <ele>3.4</ele>
        <time>2024-05-27T00:34:54Z</time>
      </trkpt>
      <trkpt lat="39.26633117532066" lon="118.44112097872095">
        <ele>3.4</ele>
        <time>2024-05-27T00:34:55Z</time>
      </trkpt>
      <trkpt lat="39.26633156130411" lon="118.44115433755381">
        <ele>3.4</ele>
        <time>2024-05-27T00:34:56Z</time>
      </trkpt>
      <trkpt lat="39.26633227518527" lon="118.4411885148942">
        <ele>3.4</ele>
        <time>2024-05-27T00:34:57Z</time>
      </trkpt>
      <trkpt lat="39.26633214948289" lon="118.44122212729407">
        <ele>3</ele>
        <time>2024-05-27T00:34:58Z</time>
      </trkpt>
      <trkpt lat="39.26633289671199" lon="118.44125266800127">
        <ele>3</ele>
        <time>2024-05-27T00:34:59Z</time>
      </trkpt>
      <trkpt lat="39.2663315535537" lon="118.44127916667001">
        <ele>3.4</ele>
        <time>2024-05-27T00:35:00Z</time>
      </trkpt>
      <trkpt lat="39.26633714993094" lon="118.44130323741207">
        <ele>3.4</ele>
        <time>2024-05-27T00:35:02Z</time>
      </trkpt>
      <trkpt lat="39.26634478197738" lon="118.44133118313668">
        <ele>3.5</ele>
        <time>2024-05-27T00:35:03Z</time>
      </trkpt>
      <trkpt lat="39.26635611203325" lon="118.4413670916905">
        <ele>3.5</ele>
        <time>2024-05-27T00:35:04Z</time>
      </trkpt>
      <trkpt lat="39.26636075711024" lon="118.44140493966592">
        <ele>3.5</ele>
        <time>2024-05-27T00:35:05Z</time>
      </trkpt>
      <trkpt lat="39.2663611426651" lon="118.44144414966517">
        <ele>3.5</ele>
        <time>2024-05-27T00:35:06Z</time>
      </trkpt>
      <trkpt lat="39.26635768089182" lon="118.44148260236621">
        <ele>3.5</ele>
        <time>2024-05-27T00:35:08Z</time>
      </trkpt>
      <trkpt lat="39.2663562538308" lon="118.44153138362837">
        <ele>3.5</ele>
        <time>2024-05-27T00:35:09Z</time>
      </trkpt>
      <trkpt lat="39.26635461174853" lon="118.44159222338023">
        <ele>3.5</ele>
        <time>2024-05-27T00:35:11Z</time>
      </trkpt>
      <trkpt lat="39.26635367352445" lon="118.44165995538539">
        <ele>3.5</ele>
        <time>2024-05-27T00:35:12Z</time>
      </trkpt>
      <trkpt lat="39.2663511766822" lon="118.44172112740485">
        <ele>3</ele>
        <time>2024-05-27T00:35:13Z</time>
      </trkpt>
      <trkpt lat="39.26635053631846" lon="118.4417736283158">
        <ele>3</ele>
        <time>2024-05-27T00:35:14Z</time>
      </trkpt>
      <trkpt lat="39.26635258296014" lon="118.44181668946233">
        <ele>3</ele>
        <time>2024-05-27T00:35:15Z</time>
      </trkpt>
      <trkpt lat="39.266356985567135" lon="118.44186035975672">
        <ele>3</ele>
        <time>2024-05-27T00:35:17Z</time>
      </trkpt>
      <trkpt lat="39.266364105708284" lon="118.44190200959198">
        <ele>3</ele>
        <time>2024-05-27T00:35:18Z</time>
      </trkpt>
      <trkpt lat="39.26637300188914" lon="118.4419420452239">
        <ele>3</ele>
        <time>2024-05-27T00:35:20Z</time>
      </trkpt>
      <trkpt lat="39.26638130338255" lon="118.44198393980909">
        <ele>3</ele>
        <time>2024-05-27T00:35:21Z</time>
      </trkpt>
      <trkpt lat="39.26638766412525" lon="118.44203402227949">
        <ele>3.7</ele>
        <time>2024-05-27T00:35:23Z</time>
      </trkpt>
      <trkpt lat="39.26639109532804" lon="118.44209485104894">
        <ele>3.7</ele>
        <time>2024-05-27T00:35:24Z</time>
      </trkpt>
      <trkpt lat="39.2663929499697" lon="118.44216368210772">
        <ele>3.7</ele>
        <time>2024-05-27T00:35:26Z</time>
      </trkpt>
      <trkpt lat="39.26639453353108" lon="118.44222752960944">
        <ele>3.7</ele>
        <time>2024-05-27T00:35:27Z</time>
      </trkpt>
      <trkpt lat="39.2663972301647" lon="118.44229415811303">
        <ele>3.7</ele>
        <time>2024-05-27T00:35:29Z</time>
      </trkpt>
      <trkpt lat="39.26640108935216" lon="118.44234999078651">
        <ele>3.7</ele>
        <time>2024-05-27T00:35:30Z</time>
      </trkpt>
      <trkpt lat="39.26640664297234" lon="118.44240646550405">
        <ele>3.7</ele>
        <time>2024-05-27T00:35:32Z</time>
      </trkpt>
      <trkpt lat="39.26641173399069" lon="118.44245152505377">
        <ele>3.7</ele>
        <time>2024-05-27T00:35:33Z</time>
      </trkpt>
      <trkpt lat="39.26641620401761" lon="118.44249074768474">
        <ele>3.7</ele>
        <time>2024-05-27T00:35:34Z</time>
      </trkpt>
      <trkpt lat="39.26642019825459" lon="118.44252146110014">
        <ele>3.7</ele>
        <time>2024-05-27T00:35:35Z</time>
      </trkpt>
      <trkpt lat="39.26642476917568" lon="118.44254579019461">
        <ele>3.7</ele>
        <time>2024-05-27T00:35:36Z</time>
      </trkpt>
      <trkpt lat="39.266433534598086" lon="118.44256097891176">
        <ele>3.7</ele>
        <time>2024-05-27T00:35:38Z</time>
      </trkpt>
      <trkpt lat="39.26643958630285" lon="118.44257727302026">
        <ele>3.7</ele>
        <time>2024-05-27T00:35:39Z</time>
      </trkpt>
      <trkpt lat="39.26644268305557" lon="118.44260433279709">
        <ele>3.7</ele>
        <time>2024-05-27T00:35:40Z</time>
      </trkpt>
      <trkpt lat="39.266439417151034" lon="118.44264571691335">
        <ele>3.7</ele>
        <time>2024-05-27T00:35:41Z</time>
      </trkpt>
      <trkpt lat="39.26643535538641" lon="118.4426947743121">
        <ele>3.7</ele>
        <time>2024-05-27T00:35:42Z</time>
      </trkpt>
      <trkpt lat="39.26643188136656" lon="118.44274878930072">
        <ele>3.5</ele>
        <time>2024-05-27T00:35:44Z</time>
      </trkpt>
      <trkpt lat="39.2664290646866" lon="118.44281068469117">
        <ele>3.5</ele>
        <time>2024-05-27T00:35:45Z</time>
      </trkpt>
      <trkpt lat="39.2664282152521" lon="118.44288070822873">
        <ele>3.5</ele>
        <time>2024-05-27T00:35:47Z</time>
      </trkpt>
      <trkpt lat="39.26642889824921" lon="118.44294828926968">
        <ele>3.5</ele>
        <time>2024-05-27T00:35:48Z</time>
      </trkpt>
      <trkpt lat="39.26642975341292" lon="118.443014240228">
        <ele>3.5</ele>
        <time>2024-05-27T00:35:50Z</time>
      </trkpt>
      <trkpt lat="39.266429433107525" lon="118.44306673288584">
        <ele>3.5</ele>
        <time>2024-05-27T00:35:51Z</time>
      </trkpt>
      <trkpt lat="39.266428511960996" lon="118.44310942340618">
        <ele>3.5</ele>
        <time>2024-05-27T00:35:52Z</time>
      </trkpt>
      <trkpt lat="39.266428885531155" lon="118.44313837008487">
        <ele>3.5</ele>
        <time>2024-05-27T00:35:53Z</time>
      </trkpt>
      <trkpt lat="39.266431509322906" lon="118.44316193042238">
        <ele>3.5</ele>
        <time>2024-05-27T00:35:54Z</time>
      </trkpt>
      <trkpt lat="39.26643867012607" lon="118.44318169277811">
        <ele>3.5</ele>
        <time>2024-05-27T00:35:56Z</time>
      </trkpt>
      <trkpt lat="39.26644854577236" lon="118.44319578052142">
        <ele>3.5</ele>
        <time>2024-05-27T00:35:57Z</time>
      </trkpt>
      <trkpt lat="39.26646038539768" lon="118.44321551716472">
        <ele>3</ele>
        <time>2024-05-27T00:35:59Z</time>
      </trkpt>
      <trkpt lat="39.266469057512275" lon="118.4432451400332">
        <ele>3.5</ele>
        <time>2024-05-27T00:36:00Z</time>
      </trkpt>
      <trkpt lat="39.26647550301692" lon="118.44329206756272">
        <ele>3.5</ele>
        <time>2024-05-27T00:36:01Z</time>
      </trkpt>
      <trkpt lat="39.266479019037504" lon="118.44334144364319">
        <ele>3.5</ele>
        <time>2024-05-27T00:36:02Z</time>
      </trkpt>
      <trkpt lat="39.26648140226116" lon="118.4433953067769">
        <ele>3.1</ele>
        <time>2024-05-27T00:36:03Z</time>
      </trkpt>
      <trkpt lat="39.26648133156348" lon="118.44345715585598">
        <ele>3.1</ele>
        <time>2024-05-27T00:36:05Z</time>
      </trkpt>
      <trkpt lat="39.26647831985072" lon="118.44352591326458">
        <ele>3.1</ele>
        <time>2024-05-27T00:36:06Z</time>
      </trkpt>
      <trkpt lat="39.26647137089437" lon="118.4436111102024">
        <ele>3.1</ele>
        <time>2024-05-27T00:36:08Z</time>
      </trkpt>
      <trkpt lat="39.26646453188167" lon="118.44368605963572">
        <ele>3.1</ele>
        <time>2024-05-27T00:36:09Z</time>
      </trkpt>
      <trkpt lat="39.26646029074066" lon="118.44375340006363">
        <ele>3.1</ele>
        <time>2024-05-27T00:36:11Z</time>
      </trkpt>
      <trkpt lat="39.266460347180384" lon="118.44379199011111">
        <ele>3.1</ele>
        <time>2024-05-27T00:36:12Z</time>
      </trkpt>
      <trkpt lat="39.26646574954083" lon="118.44381393100387">
        <ele>3</ele>
        <time>2024-05-27T00:36:14Z</time>
      </trkpt>
      <trkpt lat="39.26647120379773" lon="118.44383381202664">
        <ele>3</ele>
        <time>2024-05-27T00:36:15Z</time>
      </trkpt>
      <trkpt lat="39.266477294119525" lon="118.44386700341627">
        <ele>3</ele>
        <time>2024-05-27T00:36:17Z</time>
      </trkpt>
      <trkpt lat="39.26647943908475" lon="118.4439160098927">
        <ele>3</ele>
        <time>2024-05-27T00:36:18Z</time>
      </trkpt>
      <trkpt lat="39.26648155215542" lon="118.4439648212566">
        <ele>3</ele>
        <time>2024-05-27T00:36:19Z</time>
      </trkpt>
      <trkpt lat="39.26648222925971" lon="118.44401021826731">
        <ele>3</ele>
        <time>2024-05-27T00:36:20Z</time>
      </trkpt>
      <trkpt lat="39.26648192583914" lon="118.4440542320473">
        <ele>3</ele>
        <time>2024-05-27T00:36:21Z</time>
      </trkpt>
      <trkpt lat="39.26648040027698" lon="118.44410632048609">
        <ele>2.7</ele>
        <time>2024-05-27T00:36:23Z</time>
      </trkpt>
      <trkpt lat="39.266478836204044" lon="118.44415559355966">
        <ele>2.7</ele>
        <time>2024-05-27T00:36:24Z</time>
      </trkpt>
      <trkpt lat="39.266477768428935" lon="118.44420578831344">
        <ele>2.7</ele>
        <time>2024-05-27T00:36:25Z</time>
      </trkpt>
      <trkpt lat="39.266477830949455" lon="118.44424445917383">
        <ele>2.7</ele>
        <time>2024-05-27T00:36:26Z</time>
      </trkpt>
      <trkpt lat="39.26647868792888" lon="118.44428108939786">
        <ele>2.7</ele>
        <time>2024-05-27T00:36:27Z</time>
      </trkpt>
      <trkpt lat="39.26648061567329" lon="118.44431210853088">
        <ele>2.7</ele>
        <time>2024-05-27T00:36:29Z</time>
      </trkpt>
      <trkpt lat="39.26648397499775" lon="118.44434571977168">
        <ele>2.7</ele>
        <time>2024-05-27T00:36:31Z</time>
      </trkpt>
      <trkpt lat="39.266488490560526" lon="118.4443756194659">
        <ele>2.7</ele>
        <time>2024-05-27T00:36:32Z</time>
      </trkpt>
      <trkpt lat="39.26649417761368" lon="118.44440600178766">
        <ele>2.6</ele>
        <time>2024-05-27T00:36:33Z</time>
      </trkpt>
      <trkpt lat="39.26650105348355" lon="118.44444022377131">
        <ele>2.6</ele>
        <time>2024-05-27T00:36:34Z</time>
      </trkpt>
      <trkpt lat="39.26650857946347" lon="118.44448211256454">
        <ele>2.6</ele>
        <time>2024-05-27T00:36:35Z</time>
      </trkpt>
      <trkpt lat="39.26651688740661" lon="118.44453239428142">
        <ele>2.6</ele>
        <time>2024-05-27T00:36:36Z</time>
      </trkpt>
      <trkpt lat="39.26652451338287" lon="118.44458133571163">
        <ele>2.6</ele>
        <time>2024-05-27T00:36:37Z</time>
      </trkpt>
      <trkpt lat="39.26653124185003" lon="118.44462749858836">
        <ele>2.6</ele>
        <time>2024-05-27T00:36:38Z</time>
      </trkpt>
      <trkpt lat="39.266534289013045" lon="118.44467318835177">
        <ele>2.6</ele>
        <time>2024-05-27T00:36:39Z</time>
      </trkpt>
      <trkpt lat="39.26653415017522" lon="118.44471852119207">
        <ele>2.6</ele>
        <time>2024-05-27T00:36:40Z</time>
      </trkpt>
      <trkpt lat="39.26653395478564" lon="118.44476368699182">
        <ele>2.6</ele>
        <time>2024-05-27T00:36:41Z</time>
      </trkpt>
      <trkpt lat="39.26653589984113" lon="118.44481014580167">
        <ele>2.6</ele>
        <time>2024-05-27T00:36:42Z</time>
      </trkpt>
      <trkpt lat="39.26653734815423" lon="118.44485708973174">
        <ele>3.1</ele>
        <time>2024-05-27T00:36:43Z</time>
      </trkpt>
      <trkpt lat="39.266534249625835" lon="118.44490913894009">
        <ele>3.1</ele>
        <time>2024-05-27T00:36:44Z</time>
      </trkpt>
      <trkpt lat="39.26652977962605" lon="118.44495367096344">
        <ele>3.1</ele>
        <time>2024-05-27T00:36:45Z</time>
      </trkpt>
      <trkpt lat="39.26652784009261" lon="118.44500092149676">
        <ele>3.1</ele>
        <time>2024-05-27T00:36:47Z</time>
      </trkpt>
      <trkpt lat="39.26652955937538" lon="118.44504372488055">
        <ele>3.1</ele>
        <time>2024-05-27T00:36:48Z</time>
      </trkpt>
      <trkpt lat="39.26653185310034" lon="118.44509050170129">
        <ele>3.1</ele>
        <time>2024-05-27T00:36:50Z</time>
      </trkpt>
      <trkpt lat="39.26653336742319" lon="118.44513574826343">
        <ele>3.1</ele>
        <time>2024-05-27T00:36:51Z</time>
      </trkpt>
      <trkpt lat="39.26653384151077" lon="118.44517793853497">
        <ele>3.1</ele>
        <time>2024-05-27T00:36:52Z</time>
      </trkpt>
      <trkpt lat="39.26653292176814" lon="118.44521812899902">
        <ele>2.8</ele>
        <time>2024-05-27T00:36:53Z</time>
      </trkpt>
      <trkpt lat="39.266531135348366" lon="118.44525305162041">
        <ele>2.8</ele>
        <time>2024-05-27T00:36:54Z</time>
      </trkpt>
      <trkpt lat="39.26652916677084" lon="118.44528853474998">
        <ele>2.8</ele>
        <time>2024-05-27T00:36:55Z</time>
      </trkpt>
      <trkpt lat="39.26652734519841" lon="118.44532513889696">
        <ele>2.8</ele>
        <time>2024-05-27T00:36:56Z</time>
      </trkpt>
      <trkpt lat="39.266526679661716" lon="118.44536194648435">
        <ele>2.8</ele>
        <time>2024-05-27T00:36:57Z</time>
      </trkpt>
      <trkpt lat="39.266528089167124" lon="118.44540458812892">
        <ele>2</ele>
        <time>2024-05-27T00:36:59Z</time>
      </trkpt>
      <trkpt lat="39.26653108715478" lon="118.44544435885155">
        <ele>2.8</ele>
        <time>2024-05-27T00:37:00Z</time>
      </trkpt>
      <trkpt lat="39.26653484293929" lon="118.44548875357447">
        <ele>2.8</ele>
        <time>2024-05-27T00:37:02Z</time>
      </trkpt>
      <trkpt lat="39.266537414673984" lon="118.44552599125319">
        <ele>3</ele>
        <time>2024-05-27T00:37:03Z</time>
      </trkpt>
      <trkpt lat="39.26653931817571" lon="118.44555961122198">
        <ele>3</ele>
        <time>2024-05-27T00:37:04Z</time>
      </trkpt>
      <trkpt lat="39.26654060432325" lon="118.44558799372317">
        <ele>3</ele>
        <time>2024-05-27T00:37:05Z</time>
      </trkpt>
      <trkpt lat="39.2665426564813" lon="118.44561204779893">
        <ele>3</ele>
        <time>2024-05-27T00:37:06Z</time>
      </trkpt>
      <trkpt lat="39.26654790260299" lon="118.44563622353908">
        <ele>3</ele>
        <time>2024-05-27T00:37:08Z</time>
      </trkpt>
      <trkpt lat="39.266555740569814" lon="118.44565318359872">
        <ele>3</ele>
        <time>2024-05-27T00:37:09Z</time>
      </trkpt>
      <trkpt lat="39.2665655869941" lon="118.44567566480654">
        <ele>3</ele>
        <time>2024-05-27T00:37:11Z</time>
      </trkpt>
      <trkpt lat="39.266572986443656" lon="118.44570059576043">
        <ele>3</ele>
        <time>2024-05-27T00:37:12Z</time>
      </trkpt>
      <trkpt lat="39.26657842483005" lon="118.44573719938718">
        <ele>2.9</ele>
        <time>2024-05-27T00:37:13Z</time>
      </trkpt>
      <trkpt lat="39.26658127314148" lon="118.44577551061096">
        <ele>2.9</ele>
        <time>2024-05-27T00:37:14Z</time>
      </trkpt>
      <trkpt lat="39.266583178640836" lon="118.44582115694409">
        <ele>2.9</ele>
        <time>2024-05-27T00:37:15Z</time>
      </trkpt>
      <trkpt lat="39.266582715558144" lon="118.44586848358301">
        <ele>2.9</ele>
        <time>2024-05-27T00:37:16Z</time>
      </trkpt>
      <trkpt lat="39.26658056477147" lon="118.44591988456045">
        <ele>2.9</ele>
        <time>2024-05-27T00:37:17Z</time>
      </trkpt>
      <trkpt lat="39.26657727106704" lon="118.4459710702908">
        <ele>2.9</ele>
        <time>2024-05-27T00:37:18Z</time>
      </trkpt>
      <trkpt lat="39.26657369187596" lon="118.44602556952697">
        <ele>2.9</ele>
        <time>2024-05-27T00:37:20Z</time>
      </trkpt>
      <trkpt lat="39.26656999998948" lon="118.44607725909954">
        <ele>2.9</ele>
        <time>2024-05-27T00:37:21Z</time>
      </trkpt>
      <trkpt lat="39.266566438914886" lon="118.4461224769686">
        <ele>2.9</ele>
        <time>2024-05-27T00:37:22Z</time>
      </trkpt>
      <trkpt lat="39.26656446365098" lon="118.44616068572726">
        <ele>3</ele>
        <time>2024-05-27T00:37:23Z</time>
      </trkpt>
      <trkpt lat="39.26656372957808" lon="118.44619335771436">
        <ele>3</ele>
        <time>2024-05-27T00:37:24Z</time>
      </trkpt>
      <trkpt lat="39.266565878387354" lon="118.4462233844893">
        <ele>3</ele>
        <time>2024-05-27T00:37:26Z</time>
      </trkpt>
      <trkpt lat="39.266565535756676" lon="118.44624728845774">
        <ele>3</ele>
        <time>2024-05-27T00:37:27Z</time>
      </trkpt>
      <trkpt lat="39.26656258744743" lon="118.446281606708">
        <ele>3</ele>
        <time>2024-05-27T00:37:29Z</time>
      </trkpt>
      <trkpt lat="39.26655889095979" lon="118.44632506066428">
        <ele>3</ele>
        <time>2024-05-27T00:37:30Z</time>
      </trkpt>
      <trkpt lat="39.26655953595071" lon="118.44638244312286">
        <ele>3</ele>
        <time>2024-05-27T00:37:31Z</time>
      </trkpt>
      <trkpt lat="39.26656479696658" lon="118.44643175830541">
        <ele>3</ele>
        <time>2024-05-27T00:37:32Z</time>
      </trkpt>
      <trkpt lat="39.26657107482199" lon="118.44647455943895">
        <ele>3</ele>
        <time>2024-05-27T00:37:33Z</time>
      </trkpt>
      <trkpt lat="39.26657718744987" lon="118.44650829371741">
        <ele>3</ele>
        <time>2024-05-27T00:37:34Z</time>
      </trkpt>
      <trkpt lat="39.26658286570921" lon="118.44654236316937">
        <ele>3</ele>
        <time>2024-05-27T00:37:35Z</time>
      </trkpt>
      <trkpt lat="39.26658771635149" lon="118.44657782262519">
        <ele>3</ele>
        <time>2024-05-27T00:37:36Z</time>
      </trkpt>
      <trkpt lat="39.26659147589693" lon="118.44661581330769">
        <ele>3</ele>
        <time>2024-05-27T00:37:38Z</time>
      </trkpt>
      <trkpt lat="39.26659273929656" lon="118.4466520682225">
        <ele>3</ele>
        <time>2024-05-27T00:37:39Z</time>
      </trkpt>
      <trkpt lat="39.26659218155092" lon="118.44668222386547">
        <ele>3</ele>
        <time>2024-05-27T00:37:40Z</time>
      </trkpt>
      <trkpt lat="39.26658942065687" lon="118.44670428093549">
        <ele>3</ele>
        <time>2024-05-27T00:37:41Z</time>
      </trkpt>
      <trkpt lat="39.266587633533746" lon="118.44671982939042">
        <ele>3</ele>
        <time>2024-05-27T00:37:42Z</time>
      </trkpt>
      <trkpt lat="39.266589365270825" lon="118.44672205545325">
        <ele>2.5</ele>
        <time>2024-05-27T00:37:44Z</time>
      </trkpt>
      <trkpt lat="39.26659490133783" lon="118.44673152169315">
        <ele>2.5</ele>
        <time>2024-05-27T00:37:45Z</time>
      </trkpt>
      <trkpt lat="39.26660140647681" lon="118.44675381584369">
        <ele>2.5</ele>
        <time>2024-05-27T00:37:46Z</time>
      </trkpt>
      <trkpt lat="39.26660511945524" lon="118.44680521118882">
        <ele>2.5</ele>
        <time>2024-05-27T00:37:47Z</time>
      </trkpt>
      <trkpt lat="39.26660523176417" lon="118.44686631719574">
        <ele>2.5</ele>
        <time>2024-05-27T00:37:48Z</time>
      </trkpt>
      <trkpt lat="39.26660291128675" lon="118.44694519981043">
        <ele>2.5</ele>
        <time>2024-05-27T00:37:50Z</time>
      </trkpt>
      <trkpt lat="39.26659979550764" lon="118.44702857473824">
        <ele>2.5</ele>
        <time>2024-05-27T00:37:51Z</time>
      </trkpt>
      <trkpt lat="39.26659761764969" lon="118.44710900330708">
        <ele>2.5</ele>
        <time>2024-05-27T00:37:52Z</time>
      </trkpt>
      <trkpt lat="39.26659680180606" lon="118.4471731190699">
        <ele>3</ele>
        <time>2024-05-27T00:37:53Z</time>
      </trkpt>
      <trkpt lat="39.26659694434744" lon="118.4472282912076">
        <ele>3</ele>
        <time>2024-05-27T00:37:54Z</time>
      </trkpt>
      <trkpt lat="39.266598213862466" lon="118.44727627921034">
        <ele>3</ele>
        <time>2024-05-27T00:37:55Z</time>
      </trkpt>
      <trkpt lat="39.266601127459836" lon="118.44732070830442">
        <ele>3</ele>
        <time>2024-05-27T00:37:56Z</time>
      </trkpt>
      <trkpt lat="39.266604792058686" lon="118.44735702770437">
        <ele>3</ele>
        <time>2024-05-27T00:37:57Z</time>
      </trkpt>
      <trkpt lat="39.26660881118543" lon="118.44738953921791">
        <ele>2</ele>
        <time>2024-05-27T00:37:58Z</time>
      </trkpt>
      <trkpt lat="39.26660973708777" lon="118.44741766477604">
        <ele>2</ele>
        <time>2024-05-27T00:37:59Z</time>
      </trkpt>
      <trkpt lat="39.26661015790796" lon="118.44743928238857">
        <ele>3</ele>
        <time>2024-05-27T00:38:00Z</time>
      </trkpt>
      <trkpt lat="39.266611639372734" lon="118.44745473463608">
        <ele>3</ele>
        <time>2024-05-27T00:38:02Z</time>
      </trkpt>
      <trkpt lat="39.26661919905711" lon="118.4474619059615">
        <ele>3</ele>
        <time>2024-05-27T00:38:03Z</time>
      </trkpt>
      <trkpt lat="39.26662544225568" lon="118.44748601230539">
        <ele>3</ele>
        <time>2024-05-27T00:38:05Z</time>
      </trkpt>
      <trkpt lat="39.26662796419826" lon="118.44753514217399">
        <ele>3</ele>
        <time>2024-05-27T00:38:06Z</time>
      </trkpt>
      <trkpt lat="39.26662630240853" lon="118.44760618826108">
        <ele>3</ele>
        <time>2024-05-27T00:38:07Z</time>
      </trkpt>
      <trkpt lat="39.2666269859932" lon="118.44767512299062">
        <ele>3</ele>
        <time>2024-05-27T00:38:08Z</time>
      </trkpt>
      <trkpt lat="39.266631611116615" lon="118.44773390841013">
        <ele>3</ele>
        <time>2024-05-27T00:38:09Z</time>
      </trkpt>
      <trkpt lat="39.2666373288978" lon="118.4477867185842">
        <ele>3</ele>
        <time>2024-05-27T00:38:10Z</time>
      </trkpt>
      <trkpt lat="39.266642972164796" lon="118.44783682180721">
        <ele>3</ele>
        <time>2024-05-27T00:38:11Z</time>
      </trkpt>
      <trkpt lat="39.26664814444552" lon="118.4478861157445">
        <ele>3</ele>
        <time>2024-05-27T00:38:12Z</time>
      </trkpt>
      <trkpt lat="39.266653312059184" lon="118.44793137177736">
        <ele>3</ele>
        <time>2024-05-27T00:38:13Z</time>
      </trkpt>
      <trkpt lat="39.26665741709424" lon="118.44797523341214">
        <ele>3</ele>
        <time>2024-05-27T00:38:14Z</time>
      </trkpt>
      <trkpt lat="39.266658914687596" lon="118.44801501453475">
        <ele>3</ele>
        <time>2024-05-27T00:38:15Z</time>
      </trkpt>
      <trkpt lat="39.26665765472493" lon="118.44806143340094">
        <ele>3</ele>
        <time>2024-05-27T00:38:17Z</time>
      </trkpt>
      <trkpt lat="39.26665495018598" lon="118.4481085387505">
        <ele>3</ele>
        <time>2024-05-27T00:38:18Z</time>
      </trkpt>
      <trkpt lat="39.266651952699526" lon="118.44815890309812">
        <ele>3</ele>
        <time>2024-05-27T00:38:20Z</time>
      </trkpt>
      <trkpt lat="39.266648692209465" lon="118.44820431597887">
        <ele>3</ele>
        <time>2024-05-27T00:38:21Z</time>
      </trkpt>
      <trkpt lat="39.266646321940414" lon="118.44824527734217">
        <ele>3</ele>
        <time>2024-05-27T00:38:22Z</time>
      </trkpt>
      <trkpt lat="39.26664434299137" lon="118.44828004588959">
        <ele>3.5</ele>
        <time>2024-05-27T00:38:23Z</time>
      </trkpt>
      <trkpt lat="39.26664441555799" lon="118.4483127437356">
        <ele>3.5</ele>
        <time>2024-05-27T00:38:24Z</time>
      </trkpt>
      <trkpt lat="39.2666443647888" lon="118.44834521448041">
        <ele>3.5</ele>
        <time>2024-05-27T00:38:25Z</time>
      </trkpt>
      <trkpt lat="39.266644945859404" lon="118.44837810924622">
        <ele>3.5</ele>
        <time>2024-05-27T00:38:26Z</time>
      </trkpt>
      <trkpt lat="39.26664531883423" lon="118.44841123792006">
        <ele>3.5</ele>
        <time>2024-05-27T00:38:27Z</time>
      </trkpt>
      <trkpt lat="39.26664581095222" lon="118.44844381604102">
        <ele>3.5</ele>
        <time>2024-05-27T00:38:28Z</time>
      </trkpt>
      <trkpt lat="39.2666459513238" lon="118.44847529326776">
        <ele>3.5</ele>
        <time>2024-05-27T00:38:29Z</time>
      </trkpt>
      <trkpt lat="39.26664626140399" lon="118.44850642349448">
        <ele>3.5</ele>
        <time>2024-05-27T00:38:30Z</time>
      </trkpt>
      <trkpt lat="39.26664741498221" lon="118.44853752320536">
        <ele>3.5</ele>
        <time>2024-05-27T00:38:31Z</time>
      </trkpt>
      <trkpt lat="39.266649733822156" lon="118.44856928933865">
        <ele>3.5</ele>
        <time>2024-05-27T00:38:32Z</time>
      </trkpt>
      <trkpt lat="39.26665283437883" lon="118.44860218612068">
        <ele>3.7</ele>
        <time>2024-05-27T00:38:33Z</time>
      </trkpt>
      <trkpt lat="39.26665603495659" lon="118.44863670632554">
        <ele>3.7</ele>
        <time>2024-05-27T00:38:34Z</time>
      </trkpt>
      <trkpt lat="39.266659660651385" lon="118.44867394188813">
        <ele>3.7</ele>
        <time>2024-05-27T00:38:35Z</time>
      </trkpt>
      <trkpt lat="39.26666350512717" lon="118.44871023543001">
        <ele>3.7</ele>
        <time>2024-05-27T00:38:36Z</time>
      </trkpt>
      <trkpt lat="39.266669401117014" lon="118.4487473020397">
        <ele>3.7</ele>
        <time>2024-05-27T00:38:38Z</time>
      </trkpt>
      <trkpt lat="39.26667241941883" lon="118.44878317848696">
        <ele>3.7</ele>
        <time>2024-05-27T00:38:39Z</time>
      </trkpt>
      <trkpt lat="39.26667331492175" lon="118.44881991421369">
        <ele>3.7</ele>
        <time>2024-05-27T00:38:40Z</time>
      </trkpt>
      <trkpt lat="39.26667218949135" lon="118.44885301935003">
        <ele>3.7</ele>
        <time>2024-05-27T00:38:41Z</time>
      </trkpt>
      <trkpt lat="39.2666730698199" lon="118.44888581417977">
        <ele>3.7</ele>
        <time>2024-05-27T00:38:42Z</time>
      </trkpt>
      <trkpt lat="39.266675041179894" lon="118.44891339605189">
        <ele>3.1</ele>
        <time>2024-05-27T00:38:43Z</time>
      </trkpt>
      <trkpt lat="39.2666764348411" lon="118.44894094492183">
        <ele>3.1</ele>
        <time>2024-05-27T00:38:44Z</time>
      </trkpt>
      <trkpt lat="39.266678046083676" lon="118.44896906441761">
        <ele>3.1</ele>
        <time>2024-05-27T00:38:45Z</time>
      </trkpt>
      <trkpt lat="39.26668003309752" lon="118.44899787934409">
        <ele>3.1</ele>
        <time>2024-05-27T00:38:46Z</time>
      </trkpt>
      <trkpt lat="39.26668247645784" lon="118.44902771642253">
        <ele>3.1</ele>
        <time>2024-05-27T00:38:47Z</time>
      </trkpt>
      <trkpt lat="39.26668534792204" lon="118.44905798366246">
        <ele>3.1</ele>
        <time>2024-05-27T00:38:48Z</time>
      </trkpt>
      <trkpt lat="39.26668824377144" lon="118.44908779544731">
        <ele>3.1</ele>
        <time>2024-05-27T00:38:49Z</time>
      </trkpt>
      <trkpt lat="39.266691283053206" lon="118.44911752653377">
        <ele>3.1</ele>
        <time>2024-05-27T00:38:50Z</time>
      </trkpt>
      <trkpt lat="39.266694085891906" lon="118.4491442673372">
        <ele>3.1</ele>
        <time>2024-05-27T00:38:51Z</time>
      </trkpt>
      <trkpt lat="39.26669745372311" lon="118.44917441384288">
        <ele>3.1</ele>
        <time>2024-05-27T00:38:52Z</time>
      </trkpt>
      <trkpt lat="39.26670111224858" lon="118.44920543816895">
        <ele>3.6</ele>
        <time>2024-05-27T00:38:53Z</time>
      </trkpt>
      <trkpt lat="39.26670568807134" lon="118.44923818389606">
        <ele>3.6</ele>
        <time>2024-05-27T00:38:54Z</time>
      </trkpt>
      <trkpt lat="39.26671164120725" lon="118.44927546774497">
        <ele>3.6</ele>
        <time>2024-05-27T00:38:56Z</time>
      </trkpt>
      <trkpt lat="39.26672072749421" lon="118.44931457388353">
        <ele>3.6</ele>
        <time>2024-05-27T00:38:57Z</time>
      </trkpt>
      <trkpt lat="39.26672904782011" lon="118.44935119764588">
        <ele>3</ele>
        <time>2024-05-27T00:38:58Z</time>
      </trkpt>
      <trkpt lat="39.266734012607905" lon="118.44938181341983">
        <ele>3</ele>
        <time>2024-05-27T00:38:59Z</time>
      </trkpt>
      <trkpt lat="39.26673460801345" lon="118.44941527503737">
        <ele>3.6</ele>
        <time>2024-05-27T00:39:00Z</time>
      </trkpt>
      <trkpt lat="39.26673609212309" lon="118.44945229352557">
        <ele>3.6</ele>
        <time>2024-05-27T00:39:01Z</time>
      </trkpt>
      <trkpt lat="39.26673996144859" lon="118.44949039453742">
        <ele>3.6</ele>
        <time>2024-05-27T00:39:02Z</time>
      </trkpt>
      <trkpt lat="39.26674653460546" lon="118.44952721473256">
        <ele>3.1</ele>
        <time>2024-05-27T00:39:03Z</time>
      </trkpt>
      <trkpt lat="39.266752934312855" lon="118.44956183611859">
        <ele>3.1</ele>
        <time>2024-05-27T00:39:04Z</time>
      </trkpt>
      <trkpt lat="39.26675844732214" lon="118.44959359186129">
        <ele>3.1</ele>
        <time>2024-05-27T00:39:05Z</time>
      </trkpt>
      <trkpt lat="39.266760484802234" lon="118.44962081382148">
        <ele>3.1</ele>
        <time>2024-05-27T00:39:06Z</time>
      </trkpt>
      <trkpt lat="39.266760047116236" lon="118.44964929339571">
        <ele>3.1</ele>
        <time>2024-05-27T00:39:07Z</time>
      </trkpt>
      <trkpt lat="39.266758573820766" lon="118.4496839740086">
        <ele>3.1</ele>
        <time>2024-05-27T00:39:08Z</time>
      </trkpt>
      <trkpt lat="39.26675895702773" lon="118.44972145986375">
        <ele>3.1</ele>
        <time>2024-05-27T00:39:09Z</time>
      </trkpt>
      <trkpt lat="39.26676167497493" lon="118.4497664374116">
        <ele>3.1</ele>
        <time>2024-05-27T00:39:11Z</time>
      </trkpt>
      <trkpt lat="39.26676555318611" lon="118.44981083334885">
        <ele>3.1</ele>
        <time>2024-05-27T00:39:12Z</time>
      </trkpt>
      <trkpt lat="39.26676911325071" lon="118.44986395603141">
        <ele>3.5</ele>
        <time>2024-05-27T00:39:14Z</time>
      </trkpt>
      <trkpt lat="39.26677120303537" lon="118.44991522730412">
        <ele>3.5</ele>
        <time>2024-05-27T00:39:15Z</time>
      </trkpt>
      <trkpt lat="39.26677332806637" lon="118.44997134893039">
        <ele>3.5</ele>
        <time>2024-05-27T00:39:16Z</time>
      </trkpt>
      <trkpt lat="39.26677352004826" lon="118.45002463839202">
        <ele>3.5</ele>
        <time>2024-05-27T00:39:17Z</time>
      </trkpt>
      <trkpt lat="39.266770188694274" lon="118.45007836614215">
        <ele>3.5</ele>
        <time>2024-05-27T00:39:18Z</time>
      </trkpt>
      <trkpt lat="39.2667626612928" lon="118.45013374284612">
        <ele>3.5</ele>
        <time>2024-05-27T00:39:19Z</time>
      </trkpt>
      <trkpt lat="39.266755781999976" lon="118.45018677655496">
        <ele>3.5</ele>
        <time>2024-05-27T00:39:20Z</time>
      </trkpt>
      <trkpt lat="39.266752348338144" lon="118.45023936244128">
        <ele>3.5</ele>
        <time>2024-05-27T00:39:21Z</time>
      </trkpt>
      <trkpt lat="39.26675258713678" lon="118.45028245937702">
        <ele>3.5</ele>
        <time>2024-05-27T00:39:22Z</time>
      </trkpt>
      <trkpt lat="39.266754363215355" lon="118.45032308080987">
        <ele>3</ele>
        <time>2024-05-27T00:39:23Z</time>
      </trkpt>
      <trkpt lat="39.26675697441696" lon="118.45035594868014">
        <ele>3</ele>
        <time>2024-05-27T00:39:24Z</time>
      </trkpt>
      <trkpt lat="39.26676012454249" lon="118.45038950815771">
        <ele>3</ele>
        <time>2024-05-27T00:39:25Z</time>
      </trkpt>
      <trkpt lat="39.2667625368281" lon="118.45041918177851">
        <ele>3</ele>
        <time>2024-05-27T00:39:26Z</time>
      </trkpt>
      <trkpt lat="39.266764176668104" lon="118.45044874373612">
        <ele>3</ele>
        <time>2024-05-27T00:39:27Z</time>
      </trkpt>
      <trkpt lat="39.266764542320686" lon="118.45047974748404">
        <ele>3</ele>
        <time>2024-05-27T00:39:29Z</time>
      </trkpt>
      <trkpt lat="39.26676482427519" lon="118.4505113932822">
        <ele>3</ele>
        <time>2024-05-27T00:39:30Z</time>
      </trkpt>
      <trkpt lat="39.2667656938219" lon="118.45054887772818">
        <ele>3</ele>
        <time>2024-05-27T00:39:32Z</time>
      </trkpt>
      <trkpt lat="39.26676836469801" lon="118.45058472931548">
        <ele>2.6</ele>
        <time>2024-05-27T00:39:33Z</time>
      </trkpt>
      <trkpt lat="39.266773362463326" lon="118.45062215463194">
        <ele>2.6</ele>
        <time>2024-05-27T00:39:35Z</time>
      </trkpt>
      <trkpt lat="39.26677960390885" lon="118.45066063357721">
        <ele>2.6</ele>
        <time>2024-05-27T00:39:36Z</time>
      </trkpt>
      <trkpt lat="39.26678668020108" lon="118.45070261873883">
        <ele>2.6</ele>
        <time>2024-05-27T00:39:38Z</time>
      </trkpt>
      <trkpt lat="39.26679283565478" lon="118.45075018657717">
        <ele>2.6</ele>
        <time>2024-05-27T00:39:39Z</time>
      </trkpt>
      <trkpt lat="39.26679768738593" lon="118.45079913720632">
        <ele>2.6</ele>
        <time>2024-05-27T00:39:41Z</time>
      </trkpt>
      <trkpt lat="39.26680105568289" lon="118.45085198519988">
        <ele>2.6</ele>
        <time>2024-05-27T00:39:42Z</time>
      </trkpt>
      <trkpt lat="39.2668039745492" lon="118.45090793414091">
        <ele>2.6</ele>
        <time>2024-05-27T00:39:44Z</time>
      </trkpt>
      <trkpt lat="39.26680661383964" lon="118.45096726907589">
        <ele>2.6</ele>
        <time>2024-05-27T00:39:45Z</time>
      </trkpt>
      <trkpt lat="39.26680799213525" lon="118.45103177833657">
        <ele>2.6</ele>
        <time>2024-05-27T00:39:47Z</time>
      </trkpt>
      <trkpt lat="39.26680699577029" lon="118.45109688115502">
        <ele>2.6</ele>
        <time>2024-05-27T00:39:48Z</time>
      </trkpt>
      <trkpt lat="39.266803957396746" lon="118.45116670320907">
        <ele>2.6</ele>
        <time>2024-05-27T00:39:50Z</time>
      </trkpt>
      <trkpt lat="39.26679958607574" lon="118.4512353632327">
        <ele>2.6</ele>
        <time>2024-05-27T00:39:51Z</time>
      </trkpt>
      <trkpt lat="39.26679542157661" lon="118.45130188118404">
        <ele>2.9</ele>
        <time>2024-05-27T00:39:53Z</time>
      </trkpt>
      <trkpt lat="39.266792818916535" lon="118.45136017683473">
        <ele>2.9</ele>
        <time>2024-05-27T00:39:54Z</time>
      </trkpt>
      <trkpt lat="39.266792561854885" lon="118.45141154875827">
        <ele>2.9</ele>
        <time>2024-05-27T00:39:55Z</time>
      </trkpt>
      <trkpt lat="39.26679414276084" lon="118.45145616050817">
        <ele>2.9</ele>
        <time>2024-05-27T00:39:56Z</time>
      </trkpt>
      <trkpt lat="39.26679676377495" lon="118.45149845305961">
        <ele>2.9</ele>
        <time>2024-05-27T00:39:57Z</time>
      </trkpt>
      <trkpt lat="39.2667991170688" lon="118.45153639460096">
        <ele>2</ele>
        <time>2024-05-27T00:39:58Z</time>
      </trkpt>
      <trkpt lat="39.26680075121832" lon="118.45157487740511">
        <ele>2</ele>
        <time>2024-05-27T00:39:59Z</time>
      </trkpt>
      <trkpt lat="39.26679940620419" lon="118.45161262841341">
        <ele>2.9</ele>
        <time>2024-05-27T00:40:00Z</time>
      </trkpt>
      <trkpt lat="39.266798656150996" lon="118.4516500008964">
        <ele>2.9</ele>
        <time>2024-05-27T00:40:02Z</time>
      </trkpt>
      <trkpt lat="39.26680139425905" lon="118.45169082883695">
        <ele>3.1</ele>
        <time>2024-05-27T00:40:03Z</time>
      </trkpt>
      <trkpt lat="39.26680691742928" lon="118.45173670436364">
        <ele>3.1</ele>
        <time>2024-05-27T00:40:05Z</time>
      </trkpt>
      <trkpt lat="39.26681199564496" lon="118.4517834676721">
        <ele>3.1</ele>
        <time>2024-05-27T00:40:06Z</time>
      </trkpt>
      <trkpt lat="39.266814757132146" lon="118.45183458537946">
        <ele>3.1</ele>
        <time>2024-05-27T00:40:08Z</time>
      </trkpt>
      <trkpt lat="39.266817752959476" lon="118.4518809307601">
        <ele>3.1</ele>
        <time>2024-05-27T00:40:09Z</time>
      </trkpt>
      <trkpt lat="39.26682096165737" lon="118.45192580318269">
        <ele>3.1</ele>
        <time>2024-05-27T00:40:10Z</time>
      </trkpt>
      <trkpt lat="39.26682357663448" lon="118.45196119754564">
        <ele>3.1</ele>
        <time>2024-05-27T00:40:11Z</time>
      </trkpt>
      <trkpt lat="39.26682618756483" lon="118.45199607504948">
        <ele>3.1</ele>
        <time>2024-05-27T00:40:12Z</time>
      </trkpt>
      <trkpt lat="39.26682878044677" lon="118.45203058473847">
        <ele>3.5</ele>
        <time>2024-05-27T00:40:13Z</time>
      </trkpt>
      <trkpt lat="39.266831329809726" lon="118.45206600581378">
        <ele>3.5</ele>
        <time>2024-05-27T00:40:14Z</time>
      </trkpt>
      <trkpt lat="39.266833570502016" lon="118.45210151957876">
        <ele>3.5</ele>
        <time>2024-05-27T00:40:15Z</time>
      </trkpt>
      <trkpt lat="39.26683591029129" lon="118.45214142935703">
        <ele>3.5</ele>
        <time>2024-05-27T00:40:17Z</time>
      </trkpt>
      <trkpt lat="39.26683828509688" lon="118.45218195012616">
        <ele>3.5</ele>
        <time>2024-05-27T00:40:18Z</time>
      </trkpt>
      <trkpt lat="39.26684044995475" lon="118.45221906171889">
        <ele>3.5</ele>
        <time>2024-05-27T00:40:19Z</time>
      </trkpt>
      <trkpt lat="39.26684216963147" lon="118.45225485204844">
        <ele>3.5</ele>
        <time>2024-05-27T00:40:20Z</time>
      </trkpt>
      <trkpt lat="39.26684355745795" lon="118.45228905672451">
        <ele>3.5</ele>
        <time>2024-05-27T00:40:21Z</time>
      </trkpt>
      <trkpt lat="39.266845329436975" lon="118.45232986254346">
        <ele>3</ele>
        <time>2024-05-27T00:40:23Z</time>
      </trkpt>
      <trkpt lat="39.26684760533512" lon="118.4523696998772">
        <ele>3</ele>
        <time>2024-05-27T00:40:24Z</time>
      </trkpt>
      <trkpt lat="39.266850731407324" lon="118.45241605854538">
        <ele>3</ele>
        <time>2024-05-27T00:40:26Z</time>
      </trkpt>
      <trkpt lat="39.266854807530066" lon="118.4524609994453">
        <ele>3</ele>
        <time>2024-05-27T00:40:27Z</time>
      </trkpt>
      <trkpt lat="39.26685937610406" lon="118.45250829214487">
        <ele>3</ele>
        <time>2024-05-27T00:40:29Z</time>
      </trkpt>
      <trkpt lat="39.26686520416286" lon="118.45255532915033">
        <ele>3</ele>
        <time>2024-05-27T00:40:30Z</time>
      </trkpt>
      <trkpt lat="39.26687089164804" lon="118.4526005406889">
        <ele>3</ele>
        <time>2024-05-27T00:40:31Z</time>
      </trkpt>
      <trkpt lat="39.2668785512469" lon="118.45264531902137">
        <ele>3</ele>
        <time>2024-05-27T00:40:32Z</time>
      </trkpt>
      <trkpt lat="39.26688440127816" lon="118.45268387107406">
        <ele>3.7</ele>
        <time>2024-05-27T00:40:33Z</time>
      </trkpt>
      <trkpt lat="39.266887070578164" lon="118.4527214063566">
        <ele>3.7</ele>
        <time>2024-05-27T00:40:34Z</time>
      </trkpt>
      <trkpt lat="39.26688538493031" lon="118.45276217469035">
        <ele>3.7</ele>
        <time>2024-05-27T00:40:35Z</time>
      </trkpt>
      <trkpt lat="39.26688431235145" lon="118.45280759887763">
        <ele>3.7</ele>
        <time>2024-05-27T00:40:36Z</time>
      </trkpt>
      <trkpt lat="39.266886525209145" lon="118.45285716309955">
        <ele>3.7</ele>
        <time>2024-05-27T00:40:38Z</time>
      </trkpt>
      <trkpt lat="39.26689217882429" lon="118.45290451326511">
        <ele>3.7</ele>
        <time>2024-05-27T00:40:39Z</time>
      </trkpt>
      <trkpt lat="39.26689836025017" lon="118.4529458497359">
        <ele>3.7</ele>
        <time>2024-05-27T00:40:41Z</time>
      </trkpt>
      <trkpt lat="39.266900519780954" lon="118.4529818370043">
        <ele>3.7</ele>
        <time>2024-05-27T00:40:42Z</time>
      </trkpt>
      <trkpt lat="39.26690177817728" lon="118.4530124464743">
        <ele>3</ele>
        <time>2024-05-27T00:40:44Z</time>
      </trkpt>
      <trkpt lat="39.26690281134003" lon="118.45304235719493">
        <ele>3</ele>
        <time>2024-05-27T00:40:45Z</time>
      </trkpt>
      <trkpt lat="39.266906120856426" lon="118.4530706031975">
        <ele>3</ele>
        <time>2024-05-27T00:40:46Z</time>
      </trkpt>
      <trkpt lat="39.26690709274126" lon="118.45310632940743">
        <ele>3</ele>
        <time>2024-05-27T00:40:47Z</time>
      </trkpt>
      <trkpt lat="39.26690494485719" lon="118.45315183898907">
        <ele>3</ele>
        <time>2024-05-27T00:40:48Z</time>
      </trkpt>
      <trkpt lat="39.26690065328412" lon="118.45321854431388">
        <ele>3</ele>
        <time>2024-05-27T00:40:50Z</time>
      </trkpt>
      <trkpt lat="39.266896338837746" lon="118.45329119552531">
        <ele>3</ele>
        <time>2024-05-27T00:40:51Z</time>
      </trkpt>
      <trkpt lat="39.26689281309551" lon="118.45337303123709">
        <ele>3.6</ele>
        <time>2024-05-27T00:40:53Z</time>
      </trkpt>
      <trkpt lat="39.26689146797411" lon="118.4534449825792">
        <ele>3.6</ele>
        <time>2024-05-27T00:40:54Z</time>
      </trkpt>
      <trkpt lat="39.26689131074979" lon="118.45351191176941">
        <ele>3.6</ele>
        <time>2024-05-27T00:40:56Z</time>
      </trkpt>
      <trkpt lat="39.26689211259421" lon="118.45356595101457">
        <ele>3.6</ele>
        <time>2024-05-27T00:40:57Z</time>
      </trkpt>
      <trkpt lat="39.26689495353663" lon="118.45361065771412">
        <ele>3</ele>
        <time>2024-05-27T00:40:59Z</time>
      </trkpt>
      <trkpt lat="39.26690085242942" lon="118.45364448805039">
        <ele>3.6</ele>
        <time>2024-05-27T00:41:00Z</time>
      </trkpt>
      <trkpt lat="39.26691363930478" lon="118.45365558319389">
        <ele>3.6</ele>
        <time>2024-05-27T00:41:02Z</time>
      </trkpt>
      <trkpt lat="39.26692700947384" lon="118.45366559039903">
        <ele>3</ele>
        <time>2024-05-27T00:41:03Z</time>
      </trkpt>
      <trkpt lat="39.26693865877572" lon="118.45368067681426">
        <ele>3</ele>
        <time>2024-05-27T00:41:04Z</time>
      </trkpt>
      <trkpt lat="39.26694499870433" lon="118.4537208317991">
        <ele>3</ele>
        <time>2024-05-27T00:41:05Z</time>
      </trkpt>
      <trkpt lat="39.266949731773096" lon="118.45376507923736">
        <ele>3</ele>
        <time>2024-05-27T00:41:06Z</time>
      </trkpt>
      <trkpt lat="39.266953965137354" lon="118.45381566713819">
        <ele>3</ele>
        <time>2024-05-27T00:41:08Z</time>
      </trkpt>
      <trkpt lat="39.266957429700746" lon="118.45387122311033">
        <ele>3</ele>
        <time>2024-05-27T00:41:09Z</time>
      </trkpt>
      <trkpt lat="39.26696019935524" lon="118.4539350830388">
        <ele>3</ele>
        <time>2024-05-27T00:41:11Z</time>
      </trkpt>
      <trkpt lat="39.266962333912424" lon="118.45400122849288">
        <ele>3</ele>
        <time>2024-05-27T00:41:12Z</time>
      </trkpt>
      <trkpt lat="39.26696364075475" lon="118.45405991371355">
        <ele>3.5</ele>
        <time>2024-05-27T00:41:13Z</time>
      </trkpt>
      <trkpt lat="39.266964713785526" lon="118.45411092588807">
        <ele>3.5</ele>
        <time>2024-05-27T00:41:14Z</time>
      </trkpt>
      <trkpt lat="39.26696606613843" lon="118.45415159987888">
        <ele>3.5</ele>
        <time>2024-05-27T00:41:15Z</time>
      </trkpt>
      <trkpt lat="39.26697029185563" lon="118.45419363752949">
        <ele>3.5</ele>
        <time>2024-05-27T00:41:17Z</time>
      </trkpt>
      <trkpt lat="39.26697796049724" lon="118.45422934002258">
        <ele>3.5</ele>
        <time>2024-05-27T00:41:18Z</time>
      </trkpt>
      <trkpt lat="39.26699035929465" lon="118.45425709687703">
        <ele>3.5</ele>
        <time>2024-05-27T00:41:20Z</time>
      </trkpt>
      <trkpt lat="39.2670003597002" lon="118.45428245373071">
        <ele>3.5</ele>
        <time>2024-05-27T00:41:21Z</time>
      </trkpt>
      <trkpt lat="39.26700580989575" lon="118.45431980074616">
        <ele>2.8</ele>
        <time>2024-05-27T00:41:23Z</time>
      </trkpt>
      <trkpt lat="39.2670047894334" lon="118.45437953908404">
        <ele>2.8</ele>
        <time>2024-05-27T00:41:24Z</time>
      </trkpt>
      <trkpt lat="39.26700073254578" lon="118.45444814158853">
        <ele>2.8</ele>
        <time>2024-05-27T00:41:25Z</time>
      </trkpt>
      <trkpt lat="39.266994452987106" lon="118.45451852235851">
        <ele>2.8</ele>
        <time>2024-05-27T00:41:26Z</time>
      </trkpt>
      <trkpt lat="39.2669860298296" lon="118.45458803978627">
        <ele>2.8</ele>
        <time>2024-05-27T00:41:27Z</time>
      </trkpt>
      <trkpt lat="39.26697936510072" lon="118.45465833331197">
        <ele>2.8</ele>
        <time>2024-05-27T00:41:29Z</time>
      </trkpt>
      <trkpt lat="39.26697724114489" lon="118.45471869947987">
        <ele>2.8</ele>
        <time>2024-05-27T00:41:30Z</time>
      </trkpt>
      <trkpt lat="39.26697994165991" lon="118.45476480088504">
        <ele>2.8</ele>
        <time>2024-05-27T00:41:31Z</time>
      </trkpt>
      <trkpt lat="39.266984585014164" lon="118.45479452660499">
        <ele>2.8</ele>
        <time>2024-05-27T00:41:32Z</time>
      </trkpt>
      <trkpt lat="39.26699017231528" lon="118.45482348368155">
        <ele>2.9</ele>
        <time>2024-05-27T00:41:33Z</time>
      </trkpt>
      <trkpt lat="39.2669932281363" lon="118.45485780899624">
        <ele>2.9</ele>
        <time>2024-05-27T00:41:35Z</time>
      </trkpt>
      <trkpt lat="39.26699335463726" lon="118.45490212901609">
        <ele>2.9</ele>
        <time>2024-05-27T00:41:36Z</time>
      </trkpt>
      <trkpt lat="39.2669878219154" lon="118.45495724132785">
        <ele>2.9</ele>
        <time>2024-05-27T00:41:38Z</time>
      </trkpt>
      <trkpt lat="39.26698321324086" lon="118.45501123197135">
        <ele>2.9</ele>
        <time>2024-05-27T00:41:39Z</time>
      </trkpt>
      <trkpt lat="39.26698017179684" lon="118.45505869281642">
        <ele>2.9</ele>
        <time>2024-05-27T00:41:40Z</time>
      </trkpt>
      <trkpt lat="39.2669807518355" lon="118.45509832290155">
        <ele>2.9</ele>
        <time>2024-05-27T00:41:41Z</time>
      </trkpt>
      <trkpt lat="39.266981278932754" lon="118.45513401580911">
        <ele>2.9</ele>
        <time>2024-05-27T00:41:42Z</time>
      </trkpt>
      <trkpt lat="39.26698229543812" lon="118.45517899821289">
        <ele>3.7</ele>
        <time>2024-05-27T00:41:44Z</time>
      </trkpt>
      <trkpt lat="39.26698343379331" lon="118.45521920788553">
        <ele>3.7</ele>
        <time>2024-05-27T00:41:45Z</time>
      </trkpt>
      <trkpt lat="39.266985434371676" lon="118.45526765784162">
        <ele>3.7</ele>
        <time>2024-05-27T00:41:47Z</time>
      </trkpt>
      <trkpt lat="39.266987623223784" lon="118.45530640365102">
        <ele>3.7</ele>
        <time>2024-05-27T00:41:48Z</time>
      </trkpt>
      <trkpt lat="39.26699043798175" lon="118.45534891452492">
        <ele>3.7</ele>
        <time>2024-05-27T00:41:49Z</time>
      </trkpt>
      <trkpt lat="39.26699318180324" lon="118.45538256340971">
        <ele>3.7</ele>
        <time>2024-05-27T00:41:50Z</time>
      </trkpt>
      <trkpt lat="39.26699640753213" lon="118.45542043116312">
        <ele>3.7</ele>
        <time>2024-05-27T00:41:51Z</time>
      </trkpt>
      <trkpt lat="39.26700009315663" lon="118.4554585372737">
        <ele>3</ele>
        <time>2024-05-27T00:41:53Z</time>
      </trkpt>
      <trkpt lat="39.26700393055246" lon="118.45549636368129">
        <ele>3</ele>
        <time>2024-05-27T00:41:54Z</time>
      </trkpt>
      <trkpt lat="39.26700846648541" lon="118.45553737069993">
        <ele>3</ele>
        <time>2024-05-27T00:41:56Z</time>
      </trkpt>
      <trkpt lat="39.26701251654363" lon="118.45557331793256">
        <ele>3</ele>
        <time>2024-05-27T00:41:57Z</time>
      </trkpt>
      <trkpt lat="39.26701662054096" lon="118.45561278725539">
        <ele>2</ele>
        <time>2024-05-27T00:41:58Z</time>
      </trkpt>
      <trkpt lat="39.2670196388972" lon="118.45564559804008">
        <ele>2</ele>
        <time>2024-05-27T00:41:59Z</time>
      </trkpt>
      <trkpt lat="39.26702230042946" lon="118.45568039858013">
        <ele>3</ele>
        <time>2024-05-27T00:42:00Z</time>
      </trkpt>
      <trkpt lat="39.26702454104212" lon="118.45571776238357">
        <ele>3</ele>
        <time>2024-05-27T00:42:01Z</time>
      </trkpt>
      <trkpt lat="39.2670263363641" lon="118.4557581093886">
        <ele>3</ele>
        <time>2024-05-27T00:42:02Z</time>
      </trkpt>
      <trkpt lat="39.26702787639913" lon="118.45580514370073">
        <ele>3</ele>
        <time>2024-05-27T00:42:03Z</time>
      </trkpt>
      <trkpt lat="39.26702886766344" lon="118.45585569912393">
        <ele>3</ele>
        <time>2024-05-27T00:42:05Z</time>
      </trkpt>
      <trkpt lat="39.26702952274292" lon="118.45591118751047">
        <ele>3</ele>
        <time>2024-05-27T00:42:06Z</time>
      </trkpt>
      <trkpt lat="39.26702991695419" lon="118.45597039075639">
        <ele>3</ele>
        <time>2024-05-27T00:42:08Z</time>
      </trkpt>
      <trkpt lat="39.26702851426553" lon="118.45602888855629">
        <ele>3</ele>
        <time>2024-05-27T00:42:09Z</time>
      </trkpt>
      <trkpt lat="39.26702749637292" lon="118.45608414036887">
        <ele>3</ele>
        <time>2024-05-27T00:42:11Z</time>
      </trkpt>
      <trkpt lat="39.26702691709119" lon="118.45612841645988">
        <ele>3</ele>
        <time>2024-05-27T00:42:12Z</time>
      </trkpt>
      <trkpt lat="39.267029080300546" lon="118.45617085790985">
        <ele>3.2</ele>
        <time>2024-05-27T00:42:14Z</time>
      </trkpt>
      <trkpt lat="39.26703189636419" lon="118.45621055932033">
        <ele>3.2</ele>
        <time>2024-05-27T00:42:15Z</time>
      </trkpt>
      <trkpt lat="39.26703519163456" lon="118.45624796979106">
        <ele>3.2</ele>
        <time>2024-05-27T00:42:16Z</time>
      </trkpt>
      <trkpt lat="39.26703861819551" lon="118.4562783293444">
        <ele>3.2</ele>
        <time>2024-05-27T00:42:17Z</time>
      </trkpt>
      <trkpt lat="39.26704233102503" lon="118.456310012344">
        <ele>3.2</ele>
        <time>2024-05-27T00:42:18Z</time>
      </trkpt>
      <trkpt lat="39.267046656592676" lon="118.4563507184677">
        <ele>3.2</ele>
        <time>2024-05-27T00:42:20Z</time>
      </trkpt>
      <trkpt lat="39.267050443130074" lon="118.45639191855997">
        <ele>3.2</ele>
        <time>2024-05-27T00:42:21Z</time>
      </trkpt>
      <trkpt lat="39.26705357277135" lon="118.45643532612264">
        <ele>4</ele>
        <time>2024-05-27T00:42:23Z</time>
      </trkpt>
      <trkpt lat="39.26705537424795" lon="118.45647401596105">
        <ele>4</ele>
        <time>2024-05-27T00:42:24Z</time>
      </trkpt>
      <trkpt lat="39.267056925636034" lon="118.45652245278792">
        <ele>4</ele>
        <time>2024-05-27T00:42:26Z</time>
      </trkpt>
      <trkpt lat="39.26705805882496" lon="118.45656998736024">
        <ele>4</ele>
        <time>2024-05-27T00:42:27Z</time>
      </trkpt>
      <trkpt lat="39.26705894199402" lon="118.45661607991228">
        <ele>4</ele>
        <time>2024-05-27T00:42:28Z</time>
      </trkpt>
      <trkpt lat="39.267059476940176" lon="118.45665457930106">
        <ele>4</ele>
        <time>2024-05-27T00:42:29Z</time>
      </trkpt>
      <trkpt lat="39.267060012999515" lon="118.45669428382634">
        <ele>4</ele>
        <time>2024-05-27T00:42:30Z</time>
      </trkpt>
      <trkpt lat="39.26706074519898" lon="118.45674368923379">
        <ele>4</ele>
        <time>2024-05-27T00:42:32Z</time>
      </trkpt>
      <trkpt lat="39.26706147836697" lon="118.45679246428585">
        <ele>3.1</ele>
        <time>2024-05-27T00:42:33Z</time>
      </trkpt>
      <trkpt lat="39.26706226331585" lon="118.45684658800639">
        <ele>3.1</ele>
        <time>2024-05-27T00:42:35Z</time>
      </trkpt>
      <trkpt lat="39.26706296065644" lon="118.45689217680737">
        <ele>3.1</ele>
        <time>2024-05-27T00:42:36Z</time>
      </trkpt>
      <trkpt lat="39.26706408767657" lon="118.4569469252">
        <ele>3.1</ele>
        <time>2024-05-27T00:42:38Z</time>
      </trkpt>
      <trkpt lat="39.26706543721163" lon="118.45699515154269">
        <ele>3.1</ele>
        <time>2024-05-27T00:42:39Z</time>
      </trkpt>
      <trkpt lat="39.26706740691864" lon="118.45704941296991">
        <ele>3.1</ele>
        <time>2024-05-27T00:42:41Z</time>
      </trkpt>
      <trkpt lat="39.267069449040015" lon="118.45709284480843">
        <ele>3.1</ele>
        <time>2024-05-27T00:42:42Z</time>
      </trkpt>
      <trkpt lat="39.267072057873854" lon="118.45713141007366">
        <ele>2.9</ele>
        <time>2024-05-27T00:42:43Z</time>
      </trkpt>
      <trkpt lat="39.267074875652646" lon="118.45716821048481">
        <ele>2.9</ele>
        <time>2024-05-27T00:42:44Z</time>
      </trkpt>
      <trkpt lat="39.26708063679717" lon="118.45720377579164">
        <ele>2.9</ele>
        <time>2024-05-27T00:42:45Z</time>
      </trkpt>
      <trkpt lat="39.26708466523357" lon="118.45723975310463">
        <ele>2.9</ele>
        <time>2024-05-27T00:42:47Z</time>
      </trkpt>
      <trkpt lat="39.26709058960123" lon="118.45726862215989">
        <ele>2.9</ele>
        <time>2024-05-27T00:42:48Z</time>
      </trkpt>
      <trkpt lat="39.26710008047765" lon="118.45729616772988">
        <ele>2.9</ele>
        <time>2024-05-27T00:42:50Z</time>
      </trkpt>
      <trkpt lat="39.26711534028373" lon="118.4573104651861">
        <ele>2.9</ele>
        <time>2024-05-27T00:42:51Z</time>
      </trkpt>
      <trkpt lat="39.267128380555974" lon="118.4573217908918">
        <ele>2.9</ele>
        <time>2024-05-27T00:42:53Z</time>
      </trkpt>
      <trkpt lat="39.26713553971662" lon="118.45734354448462">
        <ele>2.9</ele>
        <time>2024-05-27T00:42:54Z</time>
      </trkpt>
      <trkpt lat="39.26713861729888" lon="118.45738362339297">
        <ele>2.9</ele>
        <time>2024-05-27T00:42:55Z</time>
      </trkpt>
      <trkpt lat="39.267141211063716" lon="118.45743621688779">
        <ele>2.9</ele>
        <time>2024-05-27T00:42:56Z</time>
      </trkpt>
      <trkpt lat="39.26714182718924" lon="118.45748635282722">
        <ele>2.9</ele>
        <time>2024-05-27T00:42:57Z</time>
      </trkpt>
      <trkpt lat="39.267139376212896" lon="118.457541355139">
        <ele>2</ele>
        <time>2024-05-27T00:42:58Z</time>
      </trkpt>
      <trkpt lat="39.26713619631077" lon="118.45759344223092">
        <ele>2</ele>
        <time>2024-05-27T00:42:59Z</time>
      </trkpt>
      <trkpt lat="39.26713318961405" lon="118.45764559978572">
        <ele>2.9</ele>
        <time>2024-05-27T00:43:00Z</time>
      </trkpt>
      <trkpt lat="39.26713081857913" lon="118.45769556513243">
        <ele>2.9</ele>
        <time>2024-05-27T00:43:01Z</time>
      </trkpt>
      <trkpt lat="39.26712795924082" lon="118.45774407670092">
        <ele>2.9</ele>
        <time>2024-05-27T00:43:02Z</time>
      </trkpt>
      <trkpt lat="39.26712480178595" lon="118.45779392828578">
        <ele>3</ele>
        <time>2024-05-27T00:43:03Z</time>
      </trkpt>
      <trkpt lat="39.267122396525735" lon="118.4578425190548">
        <ele>3</ele>
        <time>2024-05-27T00:43:05Z</time>
      </trkpt>
      <trkpt lat="39.267119292524036" lon="118.45789108186838">
        <ele>3</ele>
        <time>2024-05-27T00:43:06Z</time>
      </trkpt>
      <trkpt lat="39.267119572352755" lon="118.45792921896576">
        <ele>3</ele>
        <time>2024-05-27T00:43:08Z</time>
      </trkpt>
      <trkpt lat="39.26712486423301" lon="118.45795799040921">
        <ele>3</ele>
        <time>2024-05-27T00:43:09Z</time>
      </trkpt>
      <trkpt lat="39.26713531011637" lon="118.45798345851982">
        <ele>3</ele>
        <time>2024-05-27T00:43:10Z</time>
      </trkpt>
      <trkpt lat="39.26714384599361" lon="118.45801250523738">
        <ele>3</ele>
        <time>2024-05-27T00:43:11Z</time>
      </trkpt>
      <trkpt lat="39.26714844178013" lon="118.45804461583113">
        <ele>3</ele>
        <time>2024-05-27T00:43:12Z</time>
      </trkpt>
      <trkpt lat="39.26715040009089" lon="118.4580807011193">
        <ele>3.7</ele>
        <time>2024-05-27T00:43:13Z</time>
      </trkpt>
      <trkpt lat="39.26715197693552" lon="118.45812110682738">
        <ele>3.7</ele>
        <time>2024-05-27T00:43:14Z</time>
      </trkpt>
      <trkpt lat="39.267152815577894" lon="118.45817066180766">
        <ele>3.7</ele>
        <time>2024-05-27T00:43:15Z</time>
      </trkpt>
      <trkpt lat="39.26715185521204" lon="118.45822971845843">
        <ele>3.7</ele>
        <time>2024-05-27T00:43:17Z</time>
      </trkpt>
      <trkpt lat="39.26714794103647" lon="118.45829877962444">
        <ele>3.7</ele>
        <time>2024-05-27T00:43:18Z</time>
      </trkpt>
      <trkpt lat="39.26714380171789" lon="118.45836240123838">
        <ele>3.7</ele>
        <time>2024-05-27T00:43:19Z</time>
      </trkpt>
      <trkpt lat="39.2671442467433" lon="118.45841823438393">
        <ele>3.7</ele>
        <time>2024-05-27T00:43:20Z</time>
      </trkpt>
      <trkpt lat="39.267147467083255" lon="118.45846238611892">
        <ele>3.7</ele>
        <time>2024-05-27T00:43:21Z</time>
      </trkpt>
      <trkpt lat="39.26715064740168" lon="118.45850335665942">
        <ele>3.7</ele>
        <time>2024-05-27T00:43:22Z</time>
      </trkpt>
      <trkpt lat="39.26714879219291" lon="118.45853857826816">
        <ele>4</ele>
        <time>2024-05-27T00:43:23Z</time>
      </trkpt>
      <trkpt lat="39.26714393160546" lon="118.4585704481964">
        <ele>4</ele>
        <time>2024-05-27T00:43:24Z</time>
      </trkpt>
      <trkpt lat="39.2671392554628" lon="118.45859663678226">
        <ele>4</ele>
        <time>2024-05-27T00:43:26Z</time>
      </trkpt>
      <trkpt lat="39.267139362496145" lon="118.4586203245327">
        <ele>4</ele>
        <time>2024-05-27T00:43:27Z</time>
      </trkpt>
      <trkpt lat="39.267141482618406" lon="118.45864601848598">
        <ele>4</ele>
        <time>2024-05-27T00:43:28Z</time>
      </trkpt>
      <trkpt lat="39.26714329255118" lon="118.45868063947988">
        <ele>4</ele>
        <time>2024-05-27T00:43:29Z</time>
      </trkpt>
      <trkpt lat="39.26714164618523" lon="118.4587175759075">
        <ele>4</ele>
        <time>2024-05-27T00:43:30Z</time>
      </trkpt>
      <trkpt lat="39.26714135355909" lon="118.45875488548592">
        <ele>4</ele>
        <time>2024-05-27T00:43:31Z</time>
      </trkpt>
      <trkpt lat="39.26714217793246" lon="118.45879282144254">
        <ele>4</ele>
        <time>2024-05-27T00:43:32Z</time>
      </trkpt>
      <trkpt lat="39.26714320132293" lon="118.45883274252158">
        <ele>3.9</ele>
        <time>2024-05-27T00:43:33Z</time>
      </trkpt>
      <trkpt lat="39.26714360151929" lon="118.45887891940947">
        <ele>3.9</ele>
        <time>2024-05-27T00:43:34Z</time>
      </trkpt>
      <trkpt lat="39.26714353992024" lon="118.45892734526801">
        <ele>3.9</ele>
        <time>2024-05-27T00:43:35Z</time>
      </trkpt>
      <trkpt lat="39.267143672841534" lon="118.45897965033879">
        <ele>3.9</ele>
        <time>2024-05-27T00:43:36Z</time>
      </trkpt>
      <trkpt lat="39.26714480299357" lon="118.45903711958036">
        <ele>3.9</ele>
        <time>2024-05-27T00:43:38Z</time>
      </trkpt>
      <trkpt lat="39.267147264722794" lon="118.45909123012433">
        <ele>3.9</ele>
        <time>2024-05-27T00:43:39Z</time>
      </trkpt>
      <trkpt lat="39.26715229436905" lon="118.45914165857025">
        <ele>3.9</ele>
        <time>2024-05-27T00:43:41Z</time>
      </trkpt>
      <trkpt lat="39.267158509233795" lon="118.4591755927998">
        <ele>3.9</ele>
        <time>2024-05-27T00:43:42Z</time>
      </trkpt>
      <trkpt lat="39.26716928132735" lon="118.45919312451433">
        <ele>3.2</ele>
        <time>2024-05-27T00:43:44Z</time>
      </trkpt>
      <trkpt lat="39.267177892319935" lon="118.45920864861573">
        <ele>3.2</ele>
        <time>2024-05-27T00:43:45Z</time>
      </trkpt>
      <trkpt lat="39.26718366574885" lon="118.45923435657664">
        <ele>3.2</ele>
        <time>2024-05-27T00:43:46Z</time>
      </trkpt>
      <trkpt lat="39.26718288887061" lon="118.45927675111587">
        <ele>3.2</ele>
        <time>2024-05-27T00:43:47Z</time>
      </trkpt>
      <trkpt lat="39.26718147198971" lon="118.45932166894916">
        <ele>3.2</ele>
        <time>2024-05-27T00:43:48Z</time>
      </trkpt>
      <trkpt lat="39.267181340218094" lon="118.45936760805019">
        <ele>3.2</ele>
        <time>2024-05-27T00:43:49Z</time>
      </trkpt>
      <trkpt lat="39.26718225764313" lon="118.45941509753654">
        <ele>3.2</ele>
        <time>2024-05-27T00:43:50Z</time>
      </trkpt>
      <trkpt lat="39.26718324552243" lon="118.45947081668659">
        <ele>3.2</ele>
        <time>2024-05-27T00:43:51Z</time>
      </trkpt>
      <trkpt lat="39.26718345103078" lon="118.45952785325754">
        <ele>3.2</ele>
        <time>2024-05-27T00:43:52Z</time>
      </trkpt>
      <trkpt lat="39.26718296695772" lon="118.45958693755128">
        <ele>3</ele>
        <time>2024-05-27T00:43:53Z</time>
      </trkpt>
      <trkpt lat="39.2671810925157" lon="118.45964216656759">
        <ele>3</ele>
        <time>2024-05-27T00:43:54Z</time>
      </trkpt>
      <trkpt lat="39.267178187010046" lon="118.45969291754454">
        <ele>3</ele>
        <time>2024-05-27T00:43:55Z</time>
      </trkpt>
      <trkpt lat="39.26717467439444" lon="118.45973602173105">
        <ele>3</ele>
        <time>2024-05-27T00:43:56Z</time>
      </trkpt>
      <trkpt lat="39.26717223030709" lon="118.45977033803865">
        <ele>3</ele>
        <time>2024-05-27T00:43:57Z</time>
      </trkpt>
      <trkpt lat="39.267171540504116" lon="118.4598009130705">
        <ele>2</ele>
        <time>2024-05-27T00:43:58Z</time>
      </trkpt>
      <trkpt lat="39.267173031206475" lon="118.45982652666265">
        <ele>2</ele>
        <time>2024-05-27T00:43:59Z</time>
      </trkpt>
      <trkpt lat="39.26717833204469" lon="118.45984825899598">
        <ele>3</ele>
        <time>2024-05-27T00:44:00Z</time>
      </trkpt>
      <trkpt lat="39.26718789094223" lon="118.45985864907011">
        <ele>3</ele>
        <time>2024-05-27T00:44:02Z</time>
      </trkpt>
      <trkpt lat="39.26720087958089" lon="118.45985498769548">
        <ele>2.9</ele>
        <time>2024-05-27T00:44:03Z</time>
      </trkpt>
      <trkpt lat="39.26721060292977" lon="118.45985098845816">
        <ele>2.9</ele>
        <time>2024-05-27T00:44:04Z</time>
      </trkpt>
      <trkpt lat="39.26721319496717" lon="118.45986096186003">
        <ele>2.9</ele>
        <time>2024-05-27T00:44:05Z</time>
      </trkpt>
      <trkpt lat="39.26721118574883" lon="118.45989312268492">
        <ele>2.9</ele>
        <time>2024-05-27T00:44:06Z</time>
      </trkpt>
      <trkpt lat="39.2672087188132" lon="118.45993984148832">
        <ele>2.9</ele>
        <time>2024-05-27T00:44:08Z</time>
      </trkpt>
      <trkpt lat="39.26720862758573" lon="118.45999409742525">
        <ele>2.9</ele>
        <time>2024-05-27T00:44:09Z</time>
      </trkpt>
      <trkpt lat="39.26720902262675" lon="118.46006192008558">
        <ele>2.9</ele>
        <time>2024-05-27T00:44:11Z</time>
      </trkpt>
      <trkpt lat="39.267209810586515" lon="118.46013405495331">
        <ele>2.9</ele>
        <time>2024-05-27T00:44:12Z</time>
      </trkpt>
      <trkpt lat="39.26721150714687" lon="118.46021561835839">
        <ele>3.2</ele>
        <time>2024-05-27T00:44:14Z</time>
      </trkpt>
      <trkpt lat="39.267213043250614" lon="118.46029005136809">
        <ele>3.2</ele>
        <time>2024-05-27T00:44:15Z</time>
      </trkpt>
      <trkpt lat="39.26721541060876" lon="118.46036136351745">
        <ele>3.2</ele>
        <time>2024-05-27T00:44:17Z</time>
      </trkpt>
      <trkpt lat="39.26721624344745" lon="118.46041292685042">
        <ele>3.2</ele>
        <time>2024-05-27T00:44:18Z</time>
      </trkpt>
      <trkpt lat="39.26722253810814" lon="118.46044608441507">
        <ele>3.2</ele>
        <time>2024-05-27T00:44:20Z</time>
      </trkpt>
      <trkpt lat="39.26723270443686" lon="118.4604749040729">
        <ele>3.2</ele>
        <time>2024-05-27T00:44:21Z</time>
      </trkpt>
      <trkpt lat="39.26724453827768" lon="118.46050613092525">
        <ele>3.2</ele>
        <time>2024-05-27T00:44:22Z</time>
      </trkpt>
      <trkpt lat="39.26725166153122" lon="118.46055270247915">
        <ele>3.3</ele>
        <time>2024-05-27T00:44:23Z</time>
      </trkpt>
      <trkpt lat="39.26725421138805" lon="118.46059646604229">
        <ele>3.3</ele>
        <time>2024-05-27T00:44:24Z</time>
      </trkpt>
      <trkpt lat="39.26725606500502" lon="118.46064472052954">
        <ele>3.3</ele>
        <time>2024-05-27T00:44:25Z</time>
      </trkpt>
      <trkpt lat="39.26725656792434" lon="118.4606941425198">
        <ele>3.3</ele>
        <time>2024-05-27T00:44:26Z</time>
      </trkpt>
      <trkpt lat="39.267256570696475" lon="118.46074798731489">
        <ele>3.3</ele>
        <time>2024-05-27T00:44:27Z</time>
      </trkpt>
      <trkpt lat="39.26725520464286" lon="118.46080792660975">
        <ele>3.3</ele>
        <time>2024-05-27T00:44:29Z</time>
      </trkpt>
      <trkpt lat="39.267252858368764" lon="118.46086956850823">
        <ele>3.3</ele>
        <time>2024-05-27T00:44:30Z</time>
      </trkpt>
      <trkpt lat="39.267249406302945" lon="118.46092716037221">
        <ele>3.3</ele>
        <time>2024-05-27T00:44:31Z</time>
      </trkpt>
      <trkpt lat="39.26724622641889" lon="118.46097329248508">
        <ele>3.3</ele>
        <time>2024-05-27T00:44:32Z</time>
      </trkpt>
      <trkpt lat="39.26724350224894" lon="118.4610133763268">
        <ele>3.8</ele>
        <time>2024-05-27T00:44:33Z</time>
      </trkpt>
      <trkpt lat="39.26724162880036" lon="118.46105332883307">
        <ele>3.8</ele>
        <time>2024-05-27T00:44:35Z</time>
      </trkpt>
      <trkpt lat="39.26724095608808" lon="118.461089862148">
        <ele>3.8</ele>
        <time>2024-05-27T00:44:36Z</time>
      </trkpt>
      <trkpt lat="39.26724215414718" lon="118.4611235824259">
        <ele>3.8</ele>
        <time>2024-05-27T00:44:38Z</time>
      </trkpt>
      <trkpt lat="39.26724538651683" lon="118.46114628845375">
        <ele>3.8</ele>
        <time>2024-05-27T00:44:39Z</time>
      </trkpt>
      <trkpt lat="39.267249567925006" lon="118.4611721741799">
        <ele>3.8</ele>
        <time>2024-05-27T00:44:41Z</time>
      </trkpt>
      <trkpt lat="39.26725369658746" lon="118.46120634119855">
        <ele>3.8</ele>
        <time>2024-05-27T00:44:42Z</time>
      </trkpt>
      <trkpt lat="39.26725708090587" lon="118.46125940791079">
        <ele>3</ele>
        <time>2024-05-27T00:44:44Z</time>
      </trkpt>
      <trkpt lat="39.26726036332609" lon="118.46132399452677">
        <ele>3</ele>
        <time>2024-05-27T00:44:45Z</time>
      </trkpt>
      <trkpt lat="39.26726421063773" lon="118.46139570653757">
        <ele>3</ele>
        <time>2024-05-27T00:44:47Z</time>
      </trkpt>
      <trkpt lat="39.267268304305155" lon="118.46146459681805">
        <ele>3</ele>
        <time>2024-05-27T00:44:48Z</time>
      </trkpt>
      <trkpt lat="39.26727215138781" lon="118.46152463352027">
        <ele>3</ele>
        <time>2024-05-27T00:44:49Z</time>
      </trkpt>
      <trkpt lat="39.267273741649234" lon="118.46157384599006">
        <ele>3</ele>
        <time>2024-05-27T00:44:50Z</time>
      </trkpt>
      <trkpt lat="39.267272973110344" lon="118.4616133057302">
        <ele>3</ele>
        <time>2024-05-27T00:44:51Z</time>
      </trkpt>
      <trkpt lat="39.267271239063994" lon="118.46164739938244">
        <ele>2.8</ele>
        <time>2024-05-27T00:44:53Z</time>
      </trkpt>
      <trkpt lat="39.26727318232699" lon="118.46168113136612">
        <ele>2.8</ele>
        <time>2024-05-27T00:44:54Z</time>
      </trkpt>
      <trkpt lat="39.26727764015814" lon="118.46172786686904">
        <ele>2.8</ele>
        <time>2024-05-27T00:44:56Z</time>
      </trkpt>
      <trkpt lat="39.26728076173791" lon="118.46177976840825">
        <ele>2.8</ele>
        <time>2024-05-27T00:44:57Z</time>
      </trkpt>
      <trkpt lat="39.26728406171586" lon="118.46183191248961">
        <ele>2</ele>
        <time>2024-05-27T00:44:59Z</time>
      </trkpt>
      <trkpt lat="39.26728690759701" lon="118.46187733614255">
        <ele>2.8</ele>
        <time>2024-05-27T00:45:00Z</time>
      </trkpt>
      <trkpt lat="39.26729172890761" lon="118.46192702758421">
        <ele>2.8</ele>
        <time>2024-05-27T00:45:02Z</time>
      </trkpt>
      <trkpt lat="39.26729363091884" lon="118.46197340228426">
        <ele>2.9</ele>
        <time>2024-05-27T00:45:03Z</time>
      </trkpt>
      <trkpt lat="39.26729540933151" lon="118.46201735705188">
        <ele>2.9</ele>
        <time>2024-05-27T00:45:04Z</time>
      </trkpt>
      <trkpt lat="39.267297214479115" lon="118.46205293999124">
        <ele>2.9</ele>
        <time>2024-05-27T00:45:05Z</time>
      </trkpt>
      <trkpt lat="39.2672993292028" lon="118.46208709585959">
        <ele>2.9</ele>
        <time>2024-05-27T00:45:06Z</time>
      </trkpt>
      <trkpt lat="39.267301441316995" lon="118.46212174037944">
        <ele>2.9</ele>
        <time>2024-05-27T00:45:07Z</time>
      </trkpt>
      <trkpt lat="39.26730337303187" lon="118.46215646556686">
        <ele>2.9</ele>
        <time>2024-05-27T00:45:08Z</time>
      </trkpt>
      <trkpt lat="39.26730535166531" lon="118.46219394817959">
        <ele>2.9</ele>
        <time>2024-05-27T00:45:09Z</time>
      </trkpt>
      <trkpt lat="39.26730733059433" lon="118.46223453767328">
        <ele>2.9</ele>
        <time>2024-05-27T00:45:11Z</time>
      </trkpt>
      <trkpt lat="39.26730945874663" lon="118.46227600586711">
        <ele>2.9</ele>
        <time>2024-05-27T00:45:12Z</time>
      </trkpt>
      <trkpt lat="39.26731289397418" lon="118.46231812471424">
        <ele>3.2</ele>
        <time>2024-05-27T00:45:14Z</time>
      </trkpt>
      <trkpt lat="39.26731639552541" lon="118.46235633945187">
        <ele>3.2</ele>
        <time>2024-05-27T00:45:15Z</time>
      </trkpt>
      <trkpt lat="39.26732026513476" lon="118.46240006184765">
        <ele>3.2</ele>
        <time>2024-05-27T00:45:16Z</time>
      </trkpt>
      <trkpt lat="39.26732273819573" lon="118.46244672558889">
        <ele>3.2</ele>
        <time>2024-05-27T00:45:17Z</time>
      </trkpt>
      <trkpt lat="39.267324824451" lon="118.46249864459743">
        <ele>3.2</ele>
        <time>2024-05-27T00:45:18Z</time>
      </trkpt>
      <trkpt lat="39.26732639078945" lon="118.46255475943344">
        <ele>3.2</ele>
        <time>2024-05-27T00:45:19Z</time>
      </trkpt>
      <trkpt lat="39.2673283813269" lon="118.46261026575753">
        <ele>3.2</ele>
        <time>2024-05-27T00:45:20Z</time>
      </trkpt>
      <trkpt lat="39.267331339352545" lon="118.46266208773916">
        <ele>3.2</ele>
        <time>2024-05-27T00:45:21Z</time>
      </trkpt>
      <trkpt lat="39.26733556694505" lon="118.46271000671523">
        <ele>3.1</ele>
        <time>2024-05-27T00:45:23Z</time>
      </trkpt>
      <trkpt lat="39.2673419646654" lon="118.4627545665893">
        <ele>3.1</ele>
        <time>2024-05-27T00:45:24Z</time>
      </trkpt>
      <trkpt lat="39.26734520505654" lon="118.4627915309914">
        <ele>3.1</ele>
        <time>2024-05-27T00:45:26Z</time>
      </trkpt>
      <trkpt lat="39.26734431082966" lon="118.46282270223786">
        <ele>3.1</ele>
        <time>2024-05-27T00:45:27Z</time>
      </trkpt>
      <trkpt lat="39.267339540556314" lon="118.4628522503689">
        <ele>3.1</ele>
        <time>2024-05-27T00:45:28Z</time>
      </trkpt>
      <trkpt lat="39.26733591854969" lon="118.46288895340102">
        <ele>3.1</ele>
        <time>2024-05-27T00:45:29Z</time>
      </trkpt>
      <trkpt lat="39.26733472115478" lon="118.46292467532601">
        <ele>3.1</ele>
        <time>2024-05-27T00:45:30Z</time>
      </trkpt>
      <trkpt lat="39.26733291604728" lon="118.46296746348862">
        <ele>3.1</ele>
        <time>2024-05-27T00:45:32Z</time>
      </trkpt>
      <trkpt lat="39.267331678477966" lon="118.46300664769514">
        <ele>3.8</ele>
        <time>2024-05-27T00:45:33Z</time>
      </trkpt>
      <trkpt lat="39.267330497685954" lon="118.4630512736304">
        <ele>3.8</ele>
        <time>2024-05-27T00:45:34Z</time>
      </trkpt>
      <trkpt lat="39.267330406977855" lon="118.46309113858126">
        <ele>3.8</ele>
        <time>2024-05-27T00:45:35Z</time>
      </trkpt>
      <trkpt lat="39.26733041864437" lon="118.46313846047056">
        <ele>3.8</ele>
        <time>2024-05-27T00:45:36Z</time>
      </trkpt>
      <trkpt lat="39.267330355800965" lon="118.46318913136277">
        <ele>3.8</ele>
        <time>2024-05-27T00:45:38Z</time>
      </trkpt>
      <trkpt lat="39.267330828545994" lon="118.46324311586233">
        <ele>3.8</ele>
        <time>2024-05-27T00:45:39Z</time>
      </trkpt>
      <trkpt lat="39.26733179012416" lon="118.4633011218164">
        <ele>3.8</ele>
        <time>2024-05-27T00:45:41Z</time>
      </trkpt>
      <trkpt lat="39.26733321421978" lon="118.46335106853132">
        <ele>3.8</ele>
        <time>2024-05-27T00:45:42Z</time>
      </trkpt>
      <trkpt lat="39.26733519654519" lon="118.46340324170508">
        <ele>2.8</ele>
        <time>2024-05-27T00:45:44Z</time>
      </trkpt>
      <trkpt lat="39.2673371731693" lon="118.46344337888249">
        <ele>2.8</ele>
        <time>2024-05-27T00:45:45Z</time>
      </trkpt>
      <trkpt lat="39.267339557385064" lon="118.4634855022526">
        <ele>2.8</ele>
        <time>2024-05-27T00:45:46Z</time>
      </trkpt>
      <trkpt lat="39.26734186339592" lon="118.46351861656039">
        <ele>2.8</ele>
        <time>2024-05-27T00:45:47Z</time>
      </trkpt>
      <trkpt lat="39.26734456597784" lon="118.46355238102669">
        <ele>2.8</ele>
        <time>2024-05-27T00:45:48Z</time>
      </trkpt>
      <trkpt lat="39.26734811054395" lon="118.46359091412835">
        <ele>2.8</ele>
        <time>2024-05-27T00:45:50Z</time>
      </trkpt>
      <trkpt lat="39.26735216510984" lon="118.46363335666317">
        <ele>2.8</ele>
        <time>2024-05-27T00:45:51Z</time>
      </trkpt>
      <trkpt lat="39.26735687830418" lon="118.4636789861147">
        <ele>2.8</ele>
        <time>2024-05-27T00:45:53Z</time>
      </trkpt>
      <trkpt lat="39.26736126506953" lon="118.46371988785393">
        <ele>2.8</ele>
        <time>2024-05-27T00:45:54Z</time>
      </trkpt>
      <trkpt lat="39.26736587790221" lon="118.4637598426492">
        <ele>2.8</ele>
        <time>2024-05-27T00:45:56Z</time>
      </trkpt>
      <trkpt lat="39.2673699272662" lon="118.4637954865575">
        <ele>2.8</ele>
        <time>2024-05-27T00:45:57Z</time>
      </trkpt>
      <trkpt lat="39.26737388907608" lon="118.46383131849576">
        <ele>2</ele>
        <time>2024-05-27T00:45:58Z</time>
      </trkpt>
      <trkpt lat="39.26737745086383" lon="118.46386413706881">
        <ele>2</ele>
        <time>2024-05-27T00:45:59Z</time>
      </trkpt>
      <trkpt lat="39.26738122563572" lon="118.46390165757064">
        <ele>2.8</ele>
        <time>2024-05-27T00:46:00Z</time>
      </trkpt>
      <trkpt lat="39.26738602787525" lon="118.46393915386345">
        <ele>2.8</ele>
        <time>2024-05-27T00:46:02Z</time>
      </trkpt>
      <trkpt lat="39.26739041367359" lon="118.46397947169405">
        <ele>2.7</ele>
        <time>2024-05-27T00:46:03Z</time>
      </trkpt>
      <trkpt lat="39.26739463869052" lon="118.46401781250871">
        <ele>2.7</ele>
        <time>2024-05-27T00:46:04Z</time>
      </trkpt>
      <trkpt lat="39.267397278451014" lon="118.46405514767186">
        <ele>2.7</ele>
        <time>2024-05-27T00:46:05Z</time>
      </trkpt>
      <trkpt lat="39.26740060421144" lon="118.46408982068093">
        <ele>2.7</ele>
        <time>2024-05-27T00:46:06Z</time>
      </trkpt>
      <trkpt lat="39.26740487593129" lon="118.46412759767477">
        <ele>2.7</ele>
        <time>2024-05-27T00:46:08Z</time>
      </trkpt>
      <trkpt lat="39.267408893085864" lon="118.46416025090639">
        <ele>2.7</ele>
        <time>2024-05-27T00:46:09Z</time>
      </trkpt>
      <trkpt lat="39.267412936481215" lon="118.46419471234569">
        <ele>2.7</ele>
        <time>2024-05-27T00:46:10Z</time>
      </trkpt>
      <trkpt lat="39.267416251639794" lon="118.46422522042533">
        <ele>2.7</ele>
        <time>2024-05-27T00:46:11Z</time>
      </trkpt>
      <trkpt lat="39.2674194985717" lon="118.46425993647406">
        <ele>2.7</ele>
        <time>2024-05-27T00:46:12Z</time>
      </trkpt>
      <trkpt lat="39.26742209906755" lon="118.46429261493802">
        <ele>2.9</ele>
        <time>2024-05-27T00:46:13Z</time>
      </trkpt>
      <trkpt lat="39.267423945952" lon="118.46432683997013">
        <ele>2.9</ele>
        <time>2024-05-27T00:46:14Z</time>
      </trkpt>
      <trkpt lat="39.26742465258155" lon="118.4643620737093">
        <ele>2.9</ele>
        <time>2024-05-27T00:46:15Z</time>
      </trkpt>
      <trkpt lat="39.267424463747474" lon="118.4643987467996">
        <ele>2.9</ele>
        <time>2024-05-27T00:46:16Z</time>
      </trkpt>
      <trkpt lat="39.267423602054684" lon="118.46444469285369">
        <ele>2.9</ele>
        <time>2024-05-27T00:46:17Z</time>
      </trkpt>
      <trkpt lat="39.26742238066697" lon="118.46449201737873">
        <ele>2.9</ele>
        <time>2024-05-27T00:46:18Z</time>
      </trkpt>
      <trkpt lat="39.267421395757985" lon="118.46454493309935">
        <ele>2.9</ele>
        <time>2024-05-27T00:46:20Z</time>
      </trkpt>
      <trkpt lat="39.26742103547154" lon="118.46459022326418">
        <ele>2.9</ele>
        <time>2024-05-27T00:46:21Z</time>
      </trkpt>
      <trkpt lat="39.26742143668051" lon="118.46463001672112">
        <ele>2.9</ele>
        <time>2024-05-27T00:46:22Z</time>
      </trkpt>
      <trkpt lat="39.267424584515254" lon="118.46466206662689">
        <ele>3</ele>
        <time>2024-05-27T00:46:23Z</time>
      </trkpt>
      <trkpt lat="39.26742847847743" lon="118.46469530457618">
        <ele>3</ele>
        <time>2024-05-27T00:46:24Z</time>
      </trkpt>
      <trkpt lat="39.26743248983185" lon="118.46473741504742">
        <ele>3</ele>
        <time>2024-05-27T00:46:26Z</time>
      </trkpt>
      <trkpt lat="39.26743354547396" lon="118.46478971619311">
        <ele>3</ele>
        <time>2024-05-27T00:46:27Z</time>
      </trkpt>
      <trkpt lat="39.26743445249543" lon="118.46484369358001">
        <ele>3</ele>
        <time>2024-05-27T00:46:28Z</time>
      </trkpt>
      <trkpt lat="39.26743593704345" lon="118.4648965504854">
        <ele>3</ele>
        <time>2024-05-27T00:46:29Z</time>
      </trkpt>
      <trkpt lat="39.26743844420305" lon="118.46494559821569">
        <ele>3</ele>
        <time>2024-05-27T00:46:30Z</time>
      </trkpt>
      <trkpt lat="39.26743924372168" lon="118.46499531140398">
        <ele>3</ele>
        <time>2024-05-27T00:46:31Z</time>
      </trkpt>
      <trkpt lat="39.2674398311816" lon="118.46504307766324">
        <ele>3</ele>
        <time>2024-05-27T00:46:32Z</time>
      </trkpt>
      <trkpt lat="39.26744090317043" lon="118.46509338199486">
        <ele>2.7</ele>
        <time>2024-05-27T00:46:33Z</time>
      </trkpt>
      <trkpt lat="39.26744296969941" lon="118.46514291691565">
        <ele>2.7</ele>
        <time>2024-05-27T00:46:35Z</time>
      </trkpt>
      <trkpt lat="39.2674435585796" lon="118.46518967329965">
        <ele>2.7</ele>
        <time>2024-05-27T00:46:36Z</time>
      </trkpt>
      <trkpt lat="39.26744250265335" lon="118.4652330078682">
        <ele>2.7</ele>
        <time>2024-05-27T00:46:37Z</time>
      </trkpt>
      <trkpt lat="39.26744189306242" lon="118.46527693686855">
        <ele>2.7</ele>
        <time>2024-05-27T00:46:38Z</time>
      </trkpt>
      <trkpt lat="39.26744423249836" lon="118.46532016354233">
        <ele>2.7</ele>
        <time>2024-05-27T00:46:39Z</time>
      </trkpt>
      <trkpt lat="39.26745001622261" lon="118.46534742058738">
        <ele>2.7</ele>
        <time>2024-05-27T00:46:41Z</time>
      </trkpt>
      <trkpt lat="39.26745551743325" lon="118.46537287523878">
        <ele>2.7</ele>
        <time>2024-05-27T00:46:42Z</time>
      </trkpt>
      <trkpt lat="39.26745793862142" lon="118.46541903799061">
        <ele>2.6</ele>
        <time>2024-05-27T00:46:44Z</time>
      </trkpt>
      <trkpt lat="39.2674580252707" lon="118.4654917871821">
        <ele>2.6</ele>
        <time>2024-05-27T00:46:45Z</time>
      </trkpt>
      <trkpt lat="39.26745897249725" lon="118.46557601528822">
        <ele>2.6</ele>
        <time>2024-05-27T00:46:47Z</time>
      </trkpt>
      <trkpt lat="39.267461298852105" lon="118.46564953948052">
        <ele>2.6</ele>
        <time>2024-05-27T00:46:48Z</time>
      </trkpt>
      <trkpt lat="39.267462610559235" lon="118.46571341582379">
        <ele>2.6</ele>
        <time>2024-05-27T00:46:50Z</time>
      </trkpt>
      <trkpt lat="39.267462643097794" lon="118.46576853445853">
        <ele>2.6</ele>
        <time>2024-05-27T00:46:51Z</time>
      </trkpt>
      <trkpt lat="39.26746163486992" lon="118.46581292747734">
        <ele>2.6</ele>
        <time>2024-05-27T00:46:52Z</time>
      </trkpt>
      <trkpt lat="39.267459735777614" lon="118.46584998270026">
        <ele>2.8</ele>
        <time>2024-05-27T00:46:53Z</time>
      </trkpt>
      <trkpt lat="39.26745551800347" lon="118.46587158259837">
        <ele>2.8</ele>
        <time>2024-05-27T00:46:54Z</time>
      </trkpt>
      <trkpt lat="39.2674520962891" lon="118.46588125903865">
        <ele>2.8</ele>
        <time>2024-05-27T00:46:55Z</time>
      </trkpt>
      <trkpt lat="39.267451277520635" lon="118.46587520889925">
        <ele>2.8</ele>
        <time>2024-05-27T00:46:56Z</time>
      </trkpt>
      <trkpt lat="39.26745302729734" lon="118.46586224791213">
        <ele>2.8</ele>
        <time>2024-05-27T00:46:57Z</time>
      </trkpt>
      <trkpt lat="39.26745364230533" lon="118.46583448408614">
        <ele>2</ele>
        <time>2024-05-27T00:46:59Z</time>
      </trkpt>
      <trkpt lat="39.26745184455936" lon="118.46580107084749">
        <ele>2.8</ele>
        <time>2024-05-27T00:47:00Z</time>
      </trkpt>
      <trkpt lat="39.267449144003244" lon="118.46576358978629">
        <ele>2.8</ele>
        <time>2024-05-27T00:47:02Z</time>
      </trkpt>
      <trkpt lat="39.267446255032745" lon="118.46573200495979">
        <ele>3</ele>
        <time>2024-05-27T00:47:03Z</time>
      </trkpt>
      <trkpt lat="39.26744295927915" lon="118.46570044900436">
        <ele>3</ele>
        <time>2024-05-27T00:47:04Z</time>
      </trkpt>
      <trkpt lat="39.2674393965553" lon="118.46566980445793">
        <ele>3</ele>
        <time>2024-05-27T00:47:05Z</time>
      </trkpt>
      <trkpt lat="39.267435233789676" lon="118.4656350951532">
        <ele>3</ele>
        <time>2024-05-27T00:47:06Z</time>
      </trkpt>
      <trkpt lat="39.26743113798955" lon="118.46560406140102">
        <ele>3</ele>
        <time>2024-05-27T00:47:07Z</time>
      </trkpt>
      <trkpt lat="39.26742695138154" lon="118.46557300856207">
        <ele>3</ele>
        <time>2024-05-27T00:47:08Z</time>
      </trkpt>
      <trkpt lat="39.26742296303521" lon="118.46554250657857">
        <ele>3</ele>
        <time>2024-05-27T00:47:09Z</time>
      </trkpt>
      <trkpt lat="39.26741902106347" lon="118.46550755359164">
        <ele>3</ele>
        <time>2024-05-27T00:47:10Z</time>
      </trkpt>
      <trkpt lat="39.267415533247295" lon="118.46547166871147">
        <ele>3</ele>
        <time>2024-05-27T00:47:11Z</time>
      </trkpt>
      <trkpt lat="39.2674128871821" lon="118.46543928602586">
        <ele>3</ele>
        <time>2024-05-27T00:47:12Z</time>
      </trkpt>
      <trkpt lat="39.267410818337375" lon="118.4654074353852">
        <ele>3.8</ele>
        <time>2024-05-27T00:47:13Z</time>
      </trkpt>
      <trkpt lat="39.26740885188802" lon="118.46536693608994">
        <ele>3.8</ele>
        <time>2024-05-27T00:47:14Z</time>
      </trkpt>
      <trkpt lat="39.26740710825937" lon="118.46532425000363">
        <ele>3.8</ele>
        <time>2024-05-27T00:47:15Z</time>
      </trkpt>
      <trkpt lat="39.26740556404439" lon="118.46527442697064">
        <ele>3.8</ele>
        <time>2024-05-27T00:47:17Z</time>
      </trkpt>
      <trkpt lat="39.26740464222196" lon="118.46523198633102">
        <ele>3.8</ele>
        <time>2024-05-27T00:47:18Z</time>
      </trkpt>
      <trkpt lat="39.26740356966587" lon="118.46518511156245">
        <ele>3.8</ele>
        <time>2024-05-27T00:47:20Z</time>
      </trkpt>
      <trkpt lat="39.267402634667384" lon="118.46514777544608">
        <ele>3.8</ele>
        <time>2024-05-27T00:47:21Z</time>
      </trkpt>
      <trkpt lat="39.26740098320623" lon="118.4651064124604">
        <ele>3.8</ele>
        <time>2024-05-27T00:47:22Z</time>
      </trkpt>
      <trkpt lat="39.26739919918607" lon="118.4650703417405">
        <ele>3.6</ele>
        <time>2024-05-27T00:47:23Z</time>
      </trkpt>
      <trkpt lat="39.2673970899794" lon="118.46503384956515">
        <ele>3.6</ele>
        <time>2024-05-27T00:47:24Z</time>
      </trkpt>
      <trkpt lat="39.267395162718316" lon="118.46500228146179">
        <ele>3.6</ele>
        <time>2024-05-27T00:47:25Z</time>
      </trkpt>
      <trkpt lat="39.26739290977921" lon="118.46496678405549">
        <ele>3.6</ele>
        <time>2024-05-27T00:47:26Z</time>
      </trkpt>
      <trkpt lat="39.26739065594144" lon="118.46493175494716">
        <ele>3.6</ele>
        <time>2024-05-27T00:47:27Z</time>
      </trkpt>
      <trkpt lat="39.26738835347351" lon="118.46489623453654">
        <ele>3.6</ele>
        <time>2024-05-27T00:47:28Z</time>
      </trkpt>
      <trkpt lat="39.26738630763702" lon="118.46485087515123">
        <ele>3.6</ele>
        <time>2024-05-27T00:47:29Z</time>
      </trkpt>
      <trkpt lat="39.26738453847576" lon="118.4647967884712">
        <ele>3.6</ele>
        <time>2024-05-27T00:47:30Z</time>
      </trkpt>
      <trkpt lat="39.26738435938591" lon="118.46473227705208">
        <ele>3.6</ele>
        <time>2024-05-27T00:47:31Z</time>
      </trkpt>
      <trkpt lat="39.26738483536313" lon="118.4646792619014">
        <ele>3.6</ele>
        <time>2024-05-27T00:47:32Z</time>
      </trkpt>
      <trkpt lat="39.267385803473175" lon="118.46463412704634">
        <ele>3.2</ele>
        <time>2024-05-27T00:47:33Z</time>
      </trkpt>
      <trkpt lat="39.26738558242312" lon="118.46459678828468">
        <ele>3.2</ele>
        <time>2024-05-27T00:47:34Z</time>
      </trkpt>
      <trkpt lat="39.26738511039498" lon="118.46455547078651">
        <ele>3.2</ele>
        <time>2024-05-27T00:47:35Z</time>
      </trkpt>
      <trkpt lat="39.26738448077689" lon="118.46451603110971">
        <ele>3.2</ele>
        <time>2024-05-27T00:47:36Z</time>
      </trkpt>
      <trkpt lat="39.267383601953355" lon="118.46447277798127">
        <ele>3.2</ele>
        <time>2024-05-27T00:47:38Z</time>
      </trkpt>
      <trkpt lat="39.26738241677435" lon="118.46443242373951">
        <ele>3.2</ele>
        <time>2024-05-27T00:47:39Z</time>
      </trkpt>
      <trkpt lat="39.26738071835328" lon="118.46439046081565">
        <ele>3.2</ele>
        <time>2024-05-27T00:47:41Z</time>
      </trkpt>
      <trkpt lat="39.26737888285547" lon="118.46435587233428">
        <ele>3.2</ele>
        <time>2024-05-27T00:47:42Z</time>
      </trkpt>
      <trkpt lat="39.26737664530172" lon="118.46432125111231">
        <ele>3</ele>
        <time>2024-05-27T00:47:43Z</time>
      </trkpt>
      <trkpt lat="39.26737323148684" lon="118.46427745848932">
        <ele>3</ele>
        <time>2024-05-27T00:47:44Z</time>
      </trkpt>
      <trkpt lat="39.26736921906279" lon="118.46423012836024">
        <ele>3</ele>
        <time>2024-05-27T00:47:45Z</time>
      </trkpt>
      <trkpt lat="39.26736497696298" lon="118.46418332583336">
        <ele>3</ele>
        <time>2024-05-27T00:47:47Z</time>
      </trkpt>
      <trkpt lat="39.26736123599991" lon="118.46414047886735">
        <ele>3</ele>
        <time>2024-05-27T00:47:48Z</time>
      </trkpt>
      <trkpt lat="39.267357881888486" lon="118.46409873470498">
        <ele>3</ele>
        <time>2024-05-27T00:47:49Z</time>
      </trkpt>
      <trkpt lat="39.26735478104481" lon="118.46405407932657">
        <ele>3</ele>
        <time>2024-05-27T00:47:50Z</time>
      </trkpt>
      <trkpt lat="39.26735233992362" lon="118.46401385610936">
        <ele>3</ele>
        <time>2024-05-27T00:47:51Z</time>
      </trkpt>
      <trkpt lat="39.26735025842103" lon="118.4639743394109">
        <ele>3</ele>
        <time>2024-05-27T00:47:52Z</time>
      </trkpt>
      <trkpt lat="39.2673483203645" lon="118.46393065105654">
        <ele>2.6</ele>
        <time>2024-05-27T00:47:53Z</time>
      </trkpt>
      <trkpt lat="39.26734626049278" lon="118.46388216491424">
        <ele>2.6</ele>
        <time>2024-05-27T00:47:54Z</time>
      </trkpt>
      <trkpt lat="39.267343701082545" lon="118.46382286388763">
        <ele>2.6</ele>
        <time>2024-05-27T00:47:56Z</time>
      </trkpt>
      <trkpt lat="39.26734130326048" lon="118.46377060822894">
        <ele>2.6</ele>
        <time>2024-05-27T00:47:57Z</time>
      </trkpt>
      <trkpt lat="39.26733868750213" lon="118.46371833462264">
        <ele>2</ele>
        <time>2024-05-27T00:47:59Z</time>
      </trkpt>
      <trkpt lat="39.26733641104991" lon="118.46367743330727">
        <ele>2.6</ele>
        <time>2024-05-27T00:48:00Z</time>
      </trkpt>
      <trkpt lat="39.26733267777825" lon="118.46363076459187">
        <ele>2.6</ele>
        <time>2024-05-27T00:48:01Z</time>
      </trkpt>
      <trkpt lat="39.267325613805745" lon="118.46358783953092">
        <ele>2.6</ele>
        <time>2024-05-27T00:48:02Z</time>
      </trkpt>
      <trkpt lat="39.267319988508085" lon="118.46353714356695">
        <ele>2.7</ele>
        <time>2024-05-27T00:48:03Z</time>
      </trkpt>
      <trkpt lat="39.26731514777588" lon="118.46349074056316">
        <ele>2.7</ele>
        <time>2024-05-27T00:48:05Z</time>
      </trkpt>
      <trkpt lat="39.26731421476322" lon="118.46343933023896">
        <ele>2.7</ele>
        <time>2024-05-27T00:48:06Z</time>
      </trkpt>
      <trkpt lat="39.26731198113831" lon="118.46339338112553">
        <ele>2.7</ele>
        <time>2024-05-27T00:48:07Z</time>
      </trkpt>
      <trkpt lat="39.26731097296831" lon="118.46334148990226">
        <ele>2.7</ele>
        <time>2024-05-27T00:48:08Z</time>
      </trkpt>
      <trkpt lat="39.267310194663715" lon="118.463290980935">
        <ele>2.7</ele>
        <time>2024-05-27T00:48:09Z</time>
      </trkpt>
      <trkpt lat="39.26730992950413" lon="118.46323041968567">
        <ele>2.7</ele>
        <time>2024-05-27T00:48:11Z</time>
      </trkpt>
      <trkpt lat="39.26730999475732" lon="118.46317320884181">
        <ele>2.7</ele>
        <time>2024-05-27T00:48:12Z</time>
      </trkpt>
      <trkpt lat="39.26731008659216" lon="118.46310900293363">
        <ele>3.9</ele>
        <time>2024-05-27T00:48:14Z</time>
      </trkpt>
      <trkpt lat="39.26730955299283" lon="118.46305085747198">
        <ele>3.9</ele>
        <time>2024-05-27T00:48:15Z</time>
      </trkpt>
      <trkpt lat="39.26730801926042" lon="118.46299458085862">
        <ele>3.9</ele>
        <time>2024-05-27T00:48:17Z</time>
      </trkpt>
      <trkpt lat="39.26730651801559" lon="118.46294502634258">
        <ele>3.9</ele>
        <time>2024-05-27T00:48:18Z</time>
      </trkpt>
      <trkpt lat="39.267306045917564" lon="118.46289872683013">
        <ele>3.9</ele>
        <time>2024-05-27T00:48:19Z</time>
      </trkpt>
      <trkpt lat="39.26730707160857" lon="118.46284717287425">
        <ele>3.9</ele>
        <time>2024-05-27T00:48:20Z</time>
      </trkpt>
      <trkpt lat="39.26730945371621" lon="118.46279321148164">
        <ele>3.9</ele>
        <time>2024-05-27T00:48:21Z</time>
      </trkpt>
      <trkpt lat="39.26731211255279" lon="118.46273578260606">
        <ele>3.8</ele>
        <time>2024-05-27T00:48:23Z</time>
      </trkpt>
      <trkpt lat="39.267313871735624" lon="118.46268195395236">
        <ele>3.8</ele>
        <time>2024-05-27T00:48:24Z</time>
      </trkpt>
      <trkpt lat="39.26731360118013" lon="118.46262812188021">
        <ele>3.8</ele>
        <time>2024-05-27T00:48:26Z</time>
      </trkpt>
      <trkpt lat="39.26731302675291" lon="118.46257565976421">
        <ele>3.8</ele>
        <time>2024-05-27T00:48:27Z</time>
      </trkpt>
      <trkpt lat="39.26731496256879" lon="118.46252613255147">
        <ele>3.8</ele>
        <time>2024-05-27T00:48:29Z</time>
      </trkpt>
      <trkpt lat="39.26731351353772" lon="118.4624798734522">
        <ele>3.8</ele>
        <time>2024-05-27T00:48:30Z</time>
      </trkpt>
      <trkpt lat="39.267309066901845" lon="118.46242813741429">
        <ele>3.8</ele>
        <time>2024-05-27T00:48:32Z</time>
      </trkpt>
      <trkpt lat="39.267299643659626" lon="118.46237381658061">
        <ele>3.2</ele>
        <time>2024-05-27T00:48:33Z</time>
      </trkpt>
      <trkpt lat="39.26729197964721" lon="118.4623192407955">
        <ele>3.2</ele>
        <time>2024-05-27T00:48:35Z</time>
      </trkpt>
      <trkpt lat="39.26728507029682" lon="118.46227237999392">
        <ele>3.2</ele>
        <time>2024-05-27T00:48:36Z</time>
      </trkpt>
      <trkpt lat="39.26727940475885" lon="118.46222553056212">
        <ele>3.2</ele>
        <time>2024-05-27T00:48:37Z</time>
      </trkpt>
      <trkpt lat="39.26727552314885" lon="118.46218401592381">
        <ele>3.2</ele>
        <time>2024-05-27T00:48:38Z</time>
      </trkpt>
      <trkpt lat="39.26727343978673" lon="118.46214319497776">
        <ele>3.2</ele>
        <time>2024-05-27T00:48:39Z</time>
      </trkpt>
      <trkpt lat="39.267272932692755" lon="118.46210552257924">
        <ele>3.2</ele>
        <time>2024-05-27T00:48:40Z</time>
      </trkpt>
      <trkpt lat="39.26727283432982" lon="118.46206318959601">
        <ele>3.2</ele>
        <time>2024-05-27T00:48:41Z</time>
      </trkpt>
      <trkpt lat="39.267272594564" lon="118.4620213038459">
        <ele>3.2</ele>
        <time>2024-05-27T00:48:42Z</time>
      </trkpt>
      <trkpt lat="39.267271878661916" lon="118.46198090199076">
        <ele>3.1</ele>
        <time>2024-05-27T00:48:43Z</time>
      </trkpt>
      <trkpt lat="39.26727069740827" lon="118.4619410501722">
        <ele>3.1</ele>
        <time>2024-05-27T00:48:44Z</time>
      </trkpt>
      <trkpt lat="39.26726938194981" lon="118.46190234624065">
        <ele>3.1</ele>
        <time>2024-05-27T00:48:45Z</time>
      </trkpt>
      <trkpt lat="39.267264904988856" lon="118.46186219880269">
        <ele>3.1</ele>
        <time>2024-05-27T00:48:46Z</time>
      </trkpt>
      <trkpt lat="39.26725768192996" lon="118.4618281092197">
        <ele>3.1</ele>
        <time>2024-05-27T00:48:47Z</time>
      </trkpt>
      <trkpt lat="39.26725234475797" lon="118.46179951979727">
        <ele>3.1</ele>
        <time>2024-05-27T00:48:48Z</time>
      </trkpt>
      <trkpt lat="39.26724997082152" lon="118.46177387926633">
        <ele>3.1</ele>
        <time>2024-05-27T00:48:50Z</time>
      </trkpt>
      <trkpt lat="39.2672505176163" lon="118.46174176251225">
        <ele>3.1</ele>
        <time>2024-05-27T00:48:51Z</time>
      </trkpt>
      <trkpt lat="39.26724822257664" lon="118.46170201473018">
        <ele>3.1</ele>
        <time>2024-05-27T00:48:52Z</time>
      </trkpt>
      <trkpt lat="39.26724087847447" lon="118.46165819467046">
        <ele>3</ele>
        <time>2024-05-27T00:48:53Z</time>
      </trkpt>
      <trkpt lat="39.267233542373" lon="118.46161849716046">
        <ele>3</ele>
        <time>2024-05-27T00:48:54Z</time>
      </trkpt>
      <trkpt lat="39.26722630802441" lon="118.46156702390424">
        <ele>3</ele>
        <time>2024-05-27T00:48:56Z</time>
      </trkpt>
      <trkpt lat="39.26722249956104" lon="118.46150885100728">
        <ele>3</ele>
        <time>2024-05-27T00:48:57Z</time>
      </trkpt>
      <trkpt lat="39.26721831601837" lon="118.46144030079525">
        <ele>3</ele>
        <time>2024-05-27T00:48:59Z</time>
      </trkpt>
      <trkpt lat="39.267215777939" lon="118.46137469467641">
        <ele>3</ele>
        <time>2024-05-27T00:49:00Z</time>
      </trkpt>
      <trkpt lat="39.26721677062626" lon="118.46131383321956">
        <ele>3</ele>
        <time>2024-05-27T00:49:01Z</time>
      </trkpt>
      <trkpt lat="39.26721917729876" lon="118.4612528505385">
        <ele>3</ele>
        <time>2024-05-27T00:49:02Z</time>
      </trkpt>
      <trkpt lat="39.26722159522553" lon="118.46120174158013">
        <ele>3</ele>
        <time>2024-05-27T00:49:03Z</time>
      </trkpt>
      <trkpt lat="39.267222889009275" lon="118.46114582849138">
        <ele>3</ele>
        <time>2024-05-27T00:49:05Z</time>
      </trkpt>
      <trkpt lat="39.26722376187442" lon="118.46109494102727">
        <ele>3</ele>
        <time>2024-05-27T00:49:06Z</time>
      </trkpt>
      <trkpt lat="39.267224212634986" lon="118.46103805574674">
        <ele>3</ele>
        <time>2024-05-27T00:49:08Z</time>
      </trkpt>
      <trkpt lat="39.26722444260674" lon="118.46098556130585">
        <ele>3</ele>
        <time>2024-05-27T00:49:09Z</time>
      </trkpt>
      <trkpt lat="39.26722455191401" lon="118.46093273033352">
        <ele>3</ele>
        <time>2024-05-27T00:49:11Z</time>
      </trkpt>
      <trkpt lat="39.26722464844334" lon="118.46088643403904">
        <ele>3</ele>
        <time>2024-05-27T00:49:12Z</time>
      </trkpt>
      <trkpt lat="39.267224674251615" lon="118.46084642962133">
        <ele>3.8</ele>
        <time>2024-05-27T00:49:13Z</time>
      </trkpt>
      <trkpt lat="39.26722463611398" lon="118.46080488637119">
        <ele>3.8</ele>
        <time>2024-05-27T00:49:14Z</time>
      </trkpt>
      <trkpt lat="39.26722456723545" lon="118.46076059873423">
        <ele>3.8</ele>
        <time>2024-05-27T00:49:15Z</time>
      </trkpt>
      <trkpt lat="39.26722438648953" lon="118.46071238269774">
        <ele>3.8</ele>
        <time>2024-05-27T00:49:17Z</time>
      </trkpt>
      <trkpt lat="39.267224232267445" lon="118.46066830858064">
        <ele>3.8</ele>
        <time>2024-05-27T00:49:18Z</time>
      </trkpt>
      <trkpt lat="39.26722412204089" lon="118.46062993487551">
        <ele>3.8</ele>
        <time>2024-05-27T00:49:20Z</time>
      </trkpt>
      <trkpt lat="39.26722430349931" lon="118.46059435379534">
        <ele>3.8</ele>
        <time>2024-05-27T00:49:21Z</time>
      </trkpt>
      <trkpt lat="39.267224679936334" lon="118.46056698814633">
        <ele>3.8</ele>
        <time>2024-05-27T00:49:22Z</time>
      </trkpt>
      <trkpt lat="39.267225694212144" lon="118.46053816888526">
        <ele>3.8</ele>
        <time>2024-05-27T00:49:23Z</time>
      </trkpt>
      <trkpt lat="39.267227128398396" lon="118.46051755169621">
        <ele>3.8</ele>
        <time>2024-05-27T00:49:24Z</time>
      </trkpt>
      <trkpt lat="39.26722932627385" lon="118.46048819379443">
        <ele>3.8</ele>
        <time>2024-05-27T00:49:26Z</time>
      </trkpt>
      <trkpt lat="39.2672314287274" lon="118.46046318314728">
        <ele>3.8</ele>
        <time>2024-05-27T00:49:27Z</time>
      </trkpt>
      <trkpt lat="39.267233509529554" lon="118.46042732304821">
        <ele>3.8</ele>
        <time>2024-05-27T00:49:29Z</time>
      </trkpt>
      <trkpt lat="39.26723478550271" lon="118.46039860107211">
        <ele>3.8</ele>
        <time>2024-05-27T00:49:30Z</time>
      </trkpt>
      <trkpt lat="39.26723529669462" lon="118.46035928515899">
        <ele>3.8</ele>
        <time>2024-05-27T00:49:32Z</time>
      </trkpt>
      <trkpt lat="39.26723500882972" lon="118.46032528448806">
        <ele>3.4</ele>
        <time>2024-05-27T00:49:33Z</time>
      </trkpt>
      <trkpt lat="39.267229111470634" lon="118.4602770384352">
        <ele>3.4</ele>
        <time>2024-05-27T00:49:35Z</time>
      </trkpt>
      <trkpt lat="39.2672183916512" lon="118.46022403813369">
        <ele>3.4</ele>
        <time>2024-05-27T00:49:36Z</time>
      </trkpt>
      <trkpt lat="39.267203388154954" lon="118.46015525489466">
        <ele>3.4</ele>
        <time>2024-05-27T00:49:38Z</time>
      </trkpt>
      <trkpt lat="39.267191604713055" lon="118.46008322189891">
        <ele>3.4</ele>
        <time>2024-05-27T00:49:39Z</time>
      </trkpt>
      <trkpt lat="39.26718310761589" lon="118.4600063810525">
        <ele>3.4</ele>
        <time>2024-05-27T00:49:41Z</time>
      </trkpt>
      <trkpt lat="39.26717817273135" lon="118.4599323274262">
        <ele>3.4</ele>
        <time>2024-05-27T00:49:42Z</time>
      </trkpt>
      <trkpt lat="39.267174978282505" lon="118.45986119154624">
        <ele>3</ele>
        <time>2024-05-27T00:49:44Z</time>
      </trkpt>
      <trkpt lat="39.267173280422256" lon="118.45979932559294">
        <ele>3</ele>
        <time>2024-05-27T00:49:45Z</time>
      </trkpt>
      <trkpt lat="39.267171914207744" lon="118.45974085454701">
        <ele>3</ele>
        <time>2024-05-27T00:49:46Z</time>
      </trkpt>
      <trkpt lat="39.26717010892614" lon="118.45969028907194">
        <ele>3</ele>
        <time>2024-05-27T00:49:47Z</time>
      </trkpt>
      <trkpt lat="39.26716744398476" lon="118.45963926886547">
        <ele>3</ele>
        <time>2024-05-27T00:49:48Z</time>
      </trkpt>
      <trkpt lat="39.26716469113088" lon="118.45959329010599">
        <ele>3</ele>
        <time>2024-05-27T00:49:49Z</time>
      </trkpt>
      <trkpt lat="39.267161648516186" lon="118.45953911430273">
        <ele>3</ele>
        <time>2024-05-27T00:49:50Z</time>
      </trkpt>
      <trkpt lat="39.2671586442473" lon="118.45948512923121">
        <ele>3</ele>
        <time>2024-05-27T00:49:51Z</time>
      </trkpt>
      <trkpt lat="39.26715535157158" lon="118.45942563881253">
        <ele>3</ele>
        <time>2024-05-27T00:49:53Z</time>
      </trkpt>
      <trkpt lat="39.26715262708878" lon="118.45937435114793">
        <ele>3</ele>
        <time>2024-05-27T00:49:54Z</time>
      </trkpt>
      <trkpt lat="39.26715057418197" lon="118.45932724408732">
        <ele>3</ele>
        <time>2024-05-27T00:49:55Z</time>
      </trkpt>
      <trkpt lat="39.26714884605497" lon="118.4592851259238">
        <ele>3</ele>
        <time>2024-05-27T00:49:56Z</time>
      </trkpt>
      <trkpt lat="39.26714742929579" lon="118.45924350151817">
        <ele>3</ele>
        <time>2024-05-27T00:49:57Z</time>
      </trkpt>
      <trkpt lat="39.26714622314479" lon="118.45920407358123">
        <ele>3</ele>
        <time>2024-05-27T00:49:58Z</time>
      </trkpt>
      <trkpt lat="39.26714538596951" lon="118.45916146652384">
        <ele>3</ele>
        <time>2024-05-27T00:49:59Z</time>
      </trkpt>
      <trkpt lat="39.267144489099714" lon="118.45911948613826">
        <ele>3</ele>
        <time>2024-05-27T00:50:00Z</time>
      </trkpt>
      <trkpt lat="39.26714212318391" lon="118.45906926374478">
        <ele>3</ele>
        <time>2024-05-27T00:50:02Z</time>
      </trkpt>
      <trkpt lat="39.26713831192581" lon="118.45902231914488">
        <ele>3.1</ele>
        <time>2024-05-27T00:50:03Z</time>
      </trkpt>
      <trkpt lat="39.267132849156994" lon="118.45897308485797">
        <ele>3.1</ele>
        <time>2024-05-27T00:50:05Z</time>
      </trkpt>
      <trkpt lat="39.26712777670196" lon="118.45893238150583">
        <ele>3.1</ele>
        <time>2024-05-27T00:50:06Z</time>
      </trkpt>
      <trkpt lat="39.26712333085093" lon="118.45889221040825">
        <ele>3.1</ele>
        <time>2024-05-27T00:50:07Z</time>
      </trkpt>
      <trkpt lat="39.267120343649154" lon="118.45885739300934">
        <ele>3.1</ele>
        <time>2024-05-27T00:50:08Z</time>
      </trkpt>
      <trkpt lat="39.26711828622109" lon="118.45882273376466">
        <ele>3.1</ele>
        <time>2024-05-27T00:50:09Z</time>
      </trkpt>
      <trkpt lat="39.26711755917494" lon="118.45878778522165">
        <ele>3.1</ele>
        <time>2024-05-27T00:50:10Z</time>
      </trkpt>
      <trkpt lat="39.26711769988534" lon="118.45875195466701">
        <ele>3.1</ele>
        <time>2024-05-27T00:50:11Z</time>
      </trkpt>
      <trkpt lat="39.26711861847141" lon="118.4587147873594">
        <ele>3.1</ele>
        <time>2024-05-27T00:50:12Z</time>
      </trkpt>
      <trkpt lat="39.26711966125005" lon="118.45868083303736">
        <ele>4</ele>
        <time>2024-05-27T00:50:13Z</time>
      </trkpt>
      <trkpt lat="39.267120885371824" lon="118.45864206641187">
        <ele>4</ele>
        <time>2024-05-27T00:50:14Z</time>
      </trkpt>
      <trkpt lat="39.267121882993095" lon="118.45859994735795">
        <ele>4</ele>
        <time>2024-05-27T00:50:15Z</time>
      </trkpt>
      <trkpt lat="39.267122022809396" lon="118.4585537836205">
        <ele>4</ele>
        <time>2024-05-27T00:50:17Z</time>
      </trkpt>
      <trkpt lat="39.26712107146901" lon="118.45851773695873">
        <ele>4</ele>
        <time>2024-05-27T00:50:18Z</time>
      </trkpt>
      <trkpt lat="39.267118517707296" lon="118.45849037692862">
        <ele>4</ele>
        <time>2024-05-27T00:50:20Z</time>
      </trkpt>
      <trkpt lat="39.26711504827982" lon="118.45846758972083">
        <ele>4</ele>
        <time>2024-05-27T00:50:21Z</time>
      </trkpt>
      <trkpt lat="39.26711207705509" lon="118.45844155119293">
        <ele>4</ele>
        <time>2024-05-27T00:50:22Z</time>
      </trkpt>
      <trkpt lat="39.26711007117604" lon="118.45840750519734">
        <ele>3.5</ele>
        <time>2024-05-27T00:50:23Z</time>
      </trkpt>
      <trkpt lat="39.2671088447989" lon="118.45837089116738">
        <ele>3.5</ele>
        <time>2024-05-27T00:50:24Z</time>
      </trkpt>
      <trkpt lat="39.267106923916764" lon="118.45833018484282">
        <ele>3.5</ele>
        <time>2024-05-27T00:50:25Z</time>
      </trkpt>
      <trkpt lat="39.267105000928225" lon="118.45828638645263">
        <ele>3.5</ele>
        <time>2024-05-27T00:50:26Z</time>
      </trkpt>
      <trkpt lat="39.26710554978695" lon="118.45823669523998">
        <ele>3.5</ele>
        <time>2024-05-27T00:50:27Z</time>
      </trkpt>
      <trkpt lat="39.26710621465835" lon="118.45818656397762">
        <ele>3.5</ele>
        <time>2024-05-27T00:50:28Z</time>
      </trkpt>
      <trkpt lat="39.267104211769706" lon="118.45813851493165">
        <ele>3.5</ele>
        <time>2024-05-27T00:50:29Z</time>
      </trkpt>
      <trkpt lat="39.26709780098139" lon="118.45808921704504">
        <ele>3.5</ele>
        <time>2024-05-27T00:50:30Z</time>
      </trkpt>
      <trkpt lat="39.26709113608816" lon="118.45803799520586">
        <ele>3.5</ele>
        <time>2024-05-27T00:50:31Z</time>
      </trkpt>
      <trkpt lat="39.26708699563751" lon="118.45797935187898">
        <ele>3.5</ele>
        <time>2024-05-27T00:50:32Z</time>
      </trkpt>
      <trkpt lat="39.267085170712015" lon="118.45791965299084">
        <ele>3.2</ele>
        <time>2024-05-27T00:50:33Z</time>
      </trkpt>
      <trkpt lat="39.26708524639465" lon="118.45785634889195">
        <ele>3.2</ele>
        <time>2024-05-27T00:50:35Z</time>
      </trkpt>
      <trkpt lat="39.267091808148486" lon="118.45780241013593">
        <ele>3.2</ele>
        <time>2024-05-27T00:50:36Z</time>
      </trkpt>
      <trkpt lat="39.26710087597288" lon="118.45775646261578">
        <ele>3.2</ele>
        <time>2024-05-27T00:50:38Z</time>
      </trkpt>
      <trkpt lat="39.267111219761446" lon="118.45771782598217">
        <ele>3.2</ele>
        <time>2024-05-27T00:50:39Z</time>
      </trkpt>
      <trkpt lat="39.2671166526044" lon="118.4576817401358">
        <ele>3.2</ele>
        <time>2024-05-27T00:50:40Z</time>
      </trkpt>
      <trkpt lat="39.26711970385956" lon="118.45764613577958">
        <ele>3.2</ele>
        <time>2024-05-27T00:50:41Z</time>
      </trkpt>
      <trkpt lat="39.26711878279956" lon="118.4576110529866">
        <ele>3.2</ele>
        <time>2024-05-27T00:50:42Z</time>
      </trkpt>
      <trkpt lat="39.26711515010077" lon="118.45757575499955">
        <ele>3.1</ele>
        <time>2024-05-27T00:50:43Z</time>
      </trkpt>
      <trkpt lat="39.26710987782127" lon="118.45754344642046">
        <ele>3.1</ele>
        <time>2024-05-27T00:50:44Z</time>
      </trkpt>
      <trkpt lat="39.26710347209515" lon="118.45751097265173">
        <ele>3.1</ele>
        <time>2024-05-27T00:50:45Z</time>
      </trkpt>
      <trkpt lat="39.26709664299196" lon="118.45748144362554">
        <ele>3.1</ele>
        <time>2024-05-27T00:50:46Z</time>
      </trkpt>
      <trkpt lat="39.267088867281046" lon="118.45744859751184">
        <ele>3.1</ele>
        <time>2024-05-27T00:50:47Z</time>
      </trkpt>
      <trkpt lat="39.267081677785896" lon="118.45741284428304">
        <ele>3.1</ele>
        <time>2024-05-27T00:50:48Z</time>
      </trkpt>
      <trkpt lat="39.26707359290193" lon="118.45736620049554">
        <ele>3.1</ele>
        <time>2024-05-27T00:50:49Z</time>
      </trkpt>
      <trkpt lat="39.26706597279503" lon="118.45730952858077">
        <ele>3.1</ele>
        <time>2024-05-27T00:50:50Z</time>
      </trkpt>
      <trkpt lat="39.26705848615332" lon="118.45724286434869">
        <ele>3.1</ele>
        <time>2024-05-27T00:50:51Z</time>
      </trkpt>
      <trkpt lat="39.2670520379309" lon="118.4571669390819">
        <ele>3</ele>
        <time>2024-05-27T00:50:53Z</time>
      </trkpt>
      <trkpt lat="39.26704637292121" lon="118.45709174751228">
        <ele>3</ele>
        <time>2024-05-27T00:50:54Z</time>
      </trkpt>
      <trkpt lat="39.26704196112508" lon="118.45702210161366">
        <ele>3</ele>
        <time>2024-05-27T00:50:56Z</time>
      </trkpt>
      <trkpt lat="39.267039282602084" lon="118.4569614314023">
        <ele>3</ele>
        <time>2024-05-27T00:50:57Z</time>
      </trkpt>
      <trkpt lat="39.2670379910323" lon="118.45690478815847">
        <ele>3</ele>
        <time>2024-05-27T00:50:58Z</time>
      </trkpt>
      <trkpt lat="39.26703722807915" lon="118.45684710123837">
        <ele>3</ele>
        <time>2024-05-27T00:50:59Z</time>
      </trkpt>
      <trkpt lat="39.26703611614576" lon="118.45678722623873">
        <ele>3</ele>
        <time>2024-05-27T00:51:00Z</time>
      </trkpt>
      <trkpt lat="39.267034593860465" lon="118.45672815186182">
        <ele>3</ele>
        <time>2024-05-27T00:51:02Z</time>
      </trkpt>
      <trkpt lat="39.26703487704908" lon="118.45666844303264">
        <ele>3.7</ele>
        <time>2024-05-27T00:51:03Z</time>
      </trkpt>
      <trkpt lat="39.26703745669444" lon="118.45661634164736">
        <ele>3.7</ele>
        <time>2024-05-27T00:51:04Z</time>
      </trkpt>
      <trkpt lat="39.267040133489935" lon="118.4565714942242">
        <ele>3.7</ele>
        <time>2024-05-27T00:51:05Z</time>
      </trkpt>
      <trkpt lat="39.267036900582276" lon="118.45653507919563">
        <ele>3.7</ele>
        <time>2024-05-27T00:51:06Z</time>
      </trkpt>
      <trkpt lat="39.26702957913429" lon="118.45650198236157">
        <ele>3.7</ele>
        <time>2024-05-27T00:51:07Z</time>
      </trkpt>
      <trkpt lat="39.26701914078644" lon="118.45646500769539">
        <ele>3.7</ele>
        <time>2024-05-27T00:51:08Z</time>
      </trkpt>
      <trkpt lat="39.26701077486929" lon="118.4564292651719">
        <ele>3.7</ele>
        <time>2024-05-27T00:51:09Z</time>
      </trkpt>
      <trkpt lat="39.26700542917883" lon="118.45639145565251">
        <ele>3.7</ele>
        <time>2024-05-27T00:51:10Z</time>
      </trkpt>
      <trkpt lat="39.26700144324536" lon="118.45635819786429">
        <ele>3.7</ele>
        <time>2024-05-27T00:51:11Z</time>
      </trkpt>
      <trkpt lat="39.26699770540758" lon="118.45632183499082">
        <ele>3.7</ele>
        <time>2024-05-27T00:51:12Z</time>
      </trkpt>
      <trkpt lat="39.26699156547669" lon="118.45628055459244">
        <ele>3.2</ele>
        <time>2024-05-27T00:51:14Z</time>
      </trkpt>
      <trkpt lat="39.266986638642976" lon="118.45623473610462">
        <ele>3.2</ele>
        <time>2024-05-27T00:51:15Z</time>
      </trkpt>
      <trkpt lat="39.266982975433294" lon="118.45619013093885">
        <ele>3.2</ele>
        <time>2024-05-27T00:51:16Z</time>
      </trkpt>
      <trkpt lat="39.2669802410448" lon="118.4561487535872">
        <ele>3.2</ele>
        <time>2024-05-27T00:51:17Z</time>
      </trkpt>
      <trkpt lat="39.26697805263645" lon="118.45610981746718">
        <ele>3.2</ele>
        <time>2024-05-27T00:51:18Z</time>
      </trkpt>
      <trkpt lat="39.266976849049634" lon="118.45606919932267">
        <ele>3.2</ele>
        <time>2024-05-27T00:51:19Z</time>
      </trkpt>
      <trkpt lat="39.26697710155481" lon="118.45602528930283">
        <ele>3.2</ele>
        <time>2024-05-27T00:51:20Z</time>
      </trkpt>
      <trkpt lat="39.26697833308478" lon="118.45597794319451">
        <ele>3.2</ele>
        <time>2024-05-27T00:51:21Z</time>
      </trkpt>
      <trkpt lat="39.26697977602018" lon="118.45593196566611">
        <ele>2.9</ele>
        <time>2024-05-27T00:51:23Z</time>
      </trkpt>
      <trkpt lat="39.266980585487964" lon="118.45588936221642">
        <ele>2.9</ele>
        <time>2024-05-27T00:51:24Z</time>
      </trkpt>
      <trkpt lat="39.266980742379005" lon="118.45585077328113">
        <ele>2.9</ele>
        <time>2024-05-27T00:51:25Z</time>
      </trkpt>
      <trkpt lat="39.26698041788148" lon="118.45581036451239">
        <ele>2.9</ele>
        <time>2024-05-27T00:51:26Z</time>
      </trkpt>
      <trkpt lat="39.266979876445994" lon="118.45577154369632">
        <ele>2.9</ele>
        <time>2024-05-27T00:51:27Z</time>
      </trkpt>
      <trkpt lat="39.26697895845638" lon="118.45572975834126">
        <ele>2.9</ele>
        <time>2024-05-27T00:51:28Z</time>
      </trkpt>
      <trkpt lat="39.266977897379284" lon="118.4556789283145">
        <ele>2.9</ele>
        <time>2024-05-27T00:51:29Z</time>
      </trkpt>
      <trkpt lat="39.26697718975593" lon="118.45562002578666">
        <ele>2.9</ele>
        <time>2024-05-27T00:51:30Z</time>
      </trkpt>
      <trkpt lat="39.26697849421014" lon="118.45555681234512">
        <ele>2.9</ele>
        <time>2024-05-27T00:51:32Z</time>
      </trkpt>
      <trkpt lat="39.26697971676444" lon="118.45550409119015">
        <ele>3</ele>
        <time>2024-05-27T00:51:33Z</time>
      </trkpt>
      <trkpt lat="39.26697760581627" lon="118.45545615730397">
        <ele>3</ele>
        <time>2024-05-27T00:51:34Z</time>
      </trkpt>
      <trkpt lat="39.26697182279125" lon="118.45540899987647">
        <ele>3</ele>
        <time>2024-05-27T00:51:35Z</time>
      </trkpt>
      <trkpt lat="39.26696493648314" lon="118.45535873569382">
        <ele>3</ele>
        <time>2024-05-27T00:51:36Z</time>
      </trkpt>
      <trkpt lat="39.26696037376992" lon="118.45530989919014">
        <ele>3</ele>
        <time>2024-05-27T00:51:37Z</time>
      </trkpt>
      <trkpt lat="39.266956922253804" lon="118.4552644814187">
        <ele>3</ele>
        <time>2024-05-27T00:51:38Z</time>
      </trkpt>
      <trkpt lat="39.26695418173719" lon="118.45521962546378">
        <ele>3</ele>
        <time>2024-05-27T00:51:39Z</time>
      </trkpt>
      <trkpt lat="39.266951823472056" lon="118.45517765283994">
        <ele>3</ele>
        <time>2024-05-27T00:51:40Z</time>
      </trkpt>
      <trkpt lat="39.26695064148753" lon="118.45513063266473">
        <ele>3</ele>
        <time>2024-05-27T00:51:41Z</time>
      </trkpt>
      <trkpt lat="39.26695057408034" lon="118.4550804716776">
        <ele>3</ele>
        <time>2024-05-27T00:51:42Z</time>
      </trkpt>
      <trkpt lat="39.266950820871706" lon="118.45502777814488">
        <ele>2.9</ele>
        <time>2024-05-27T00:51:44Z</time>
      </trkpt>
      <trkpt lat="39.26695065531215" lon="118.4549772911081">
        <ele>2.9</ele>
        <time>2024-05-27T00:51:45Z</time>
      </trkpt>
      <trkpt lat="39.26694972992387" lon="118.45493336923364">
        <ele>2.9</ele>
        <time>2024-05-27T00:51:46Z</time>
      </trkpt>
      <trkpt lat="39.26695298968371" lon="118.45489357486673">
        <ele>2.9</ele>
        <time>2024-05-27T00:51:47Z</time>
      </trkpt>
      <trkpt lat="39.266958881648485" lon="118.45487065222176">
        <ele>2.9</ele>
        <time>2024-05-27T00:51:48Z</time>
      </trkpt>
      <trkpt lat="39.26696380184391" lon="118.45485513193158">
        <ele>2.9</ele>
        <time>2024-05-27T00:51:50Z</time>
      </trkpt>
      <trkpt lat="39.26696585406601" lon="118.45484041026596">
        <ele>2.9</ele>
        <time>2024-05-27T00:51:51Z</time>
      </trkpt>
      <trkpt lat="39.26696633049725" lon="118.45481274823806">
        <ele>3.5</ele>
        <time>2024-05-27T00:51:53Z</time>
      </trkpt>
      <trkpt lat="39.26696929939767" lon="118.45477969079096">
        <ele>3.5</ele>
        <time>2024-05-27T00:51:54Z</time>
      </trkpt>
      <trkpt lat="39.26696951964004" lon="118.45474239822747">
        <ele>3.5</ele>
        <time>2024-05-27T00:51:55Z</time>
      </trkpt>
      <trkpt lat="39.26696742360137" lon="118.4547090057781">
        <ele>3.5</ele>
        <time>2024-05-27T00:51:56Z</time>
      </trkpt>
      <trkpt lat="39.26696397239477" lon="118.45467940161186">
        <ele>3.5</ele>
        <time>2024-05-27T00:51:57Z</time>
      </trkpt>
      <trkpt lat="39.266964979554565" lon="118.45465487890593">
        <ele>3.5</ele>
        <time>2024-05-27T00:51:58Z</time>
      </trkpt>
      <trkpt lat="39.26696865469905" lon="118.4546278323145">
        <ele>3.5</ele>
        <time>2024-05-27T00:51:59Z</time>
      </trkpt>
      <trkpt lat="39.26697245355498" lon="118.45459789045907">
        <ele>3.5</ele>
        <time>2024-05-27T00:52:00Z</time>
      </trkpt>
      <trkpt lat="39.26697226126379" lon="118.4545611679213">
        <ele>3.5</ele>
        <time>2024-05-27T00:52:01Z</time>
      </trkpt>
      <trkpt lat="39.26696745070464" lon="118.45451727743654">
        <ele>3.5</ele>
        <time>2024-05-27T00:52:02Z</time>
      </trkpt>
      <trkpt lat="39.26696322659785" lon="118.45446176062576">
        <ele>3.4</ele>
        <time>2024-05-27T00:52:03Z</time>
      </trkpt>
      <trkpt lat="39.26695579438823" lon="118.45440199922388">
        <ele>3.4</ele>
        <time>2024-05-27T00:52:05Z</time>
      </trkpt>
      <trkpt lat="39.266949622684265" lon="118.45434026801126">
        <ele>3.4</ele>
        <time>2024-05-27T00:52:06Z</time>
      </trkpt>
      <trkpt lat="39.26694181106151" lon="118.45428213652129">
        <ele>3.4</ele>
        <time>2024-05-27T00:52:08Z</time>
      </trkpt>
      <trkpt lat="39.26693788713337" lon="118.45422340859913">
        <ele>3.4</ele>
        <time>2024-05-27T00:52:09Z</time>
      </trkpt>
      <trkpt lat="39.266935502686444" lon="118.45417028472184">
        <ele>3.4</ele>
        <time>2024-05-27T00:52:10Z</time>
      </trkpt>
      <trkpt lat="39.26693343455558" lon="118.45411683833184">
        <ele>3.4</ele>
        <time>2024-05-27T00:52:11Z</time>
      </trkpt>
      <trkpt lat="39.26693121914556" lon="118.45406894084732">
        <ele>3.4</ele>
        <time>2024-05-27T00:52:12Z</time>
      </trkpt>
      <trkpt lat="39.26692912610446" lon="118.45402118923231">
        <ele>3.3</ele>
        <time>2024-05-27T00:52:13Z</time>
      </trkpt>
      <trkpt lat="39.26692758776492" lon="118.45397725743545">
        <ele>3.3</ele>
        <time>2024-05-27T00:52:14Z</time>
      </trkpt>
      <trkpt lat="39.26692607606007" lon="118.45393069272909">
        <ele>3.3</ele>
        <time>2024-05-27T00:52:15Z</time>
      </trkpt>
      <trkpt lat="39.26692412849115" lon="118.4538838415456">
        <ele>3.3</ele>
        <time>2024-05-27T00:52:16Z</time>
      </trkpt>
      <trkpt lat="39.26692182416262" lon="118.45383632671815">
        <ele>3.3</ele>
        <time>2024-05-27T00:52:17Z</time>
      </trkpt>
      <trkpt lat="39.26691955085567" lon="118.4537895458475">
        <ele>3.3</ele>
        <time>2024-05-27T00:52:18Z</time>
      </trkpt>
      <trkpt lat="39.26691761633905" lon="118.45374555019572">
        <ele>3.3</ele>
        <time>2024-05-27T00:52:19Z</time>
      </trkpt>
      <trkpt lat="39.266916007164475" lon="118.45369926727534">
        <ele>3.3</ele>
        <time>2024-05-27T00:52:20Z</time>
      </trkpt>
      <trkpt lat="39.266914090683834" lon="118.45365518087456">
        <ele>3.3</ele>
        <time>2024-05-27T00:52:21Z</time>
      </trkpt>
      <trkpt lat="39.266914799416014" lon="118.4536061029694">
        <ele>3.3</ele>
        <time>2024-05-27T00:52:22Z</time>
      </trkpt>
      <trkpt lat="39.26691443137641" lon="118.45355932554465">
        <ele>3</ele>
        <time>2024-05-27T00:52:23Z</time>
      </trkpt>
      <trkpt lat="39.26691158763507" lon="118.45350550365258">
        <ele>3</ele>
        <time>2024-05-27T00:52:24Z</time>
      </trkpt>
      <trkpt lat="39.26690506880803" lon="118.4534522574162">
        <ele>3</ele>
        <time>2024-05-27T00:52:26Z</time>
      </trkpt>
      <trkpt lat="39.26689792686431" lon="118.45339457184734">
        <ele>3</ele>
        <time>2024-05-27T00:52:27Z</time>
      </trkpt>
      <trkpt lat="39.26689277264972" lon="118.45334341525505">
        <ele>3</ele>
        <time>2024-05-27T00:52:28Z</time>
      </trkpt>
      <trkpt lat="39.26688790292587" lon="118.45329160562021">
        <ele>3</ele>
        <time>2024-05-27T00:52:29Z</time>
      </trkpt>
      <trkpt lat="39.26688394614534" lon="118.45324564293244">
        <ele>3</ele>
        <time>2024-05-27T00:52:30Z</time>
      </trkpt>
      <trkpt lat="39.26687972728949" lon="118.45319727596609">
        <ele>3</ele>
        <time>2024-05-27T00:52:31Z</time>
      </trkpt>
      <trkpt lat="39.26687570645273" lon="118.45315240206652">
        <ele>3</ele>
        <time>2024-05-27T00:52:32Z</time>
      </trkpt>
      <trkpt lat="39.26687142481583" lon="118.45310696828857">
        <ele>3</ele>
        <time>2024-05-27T00:52:33Z</time>
      </trkpt>
      <trkpt lat="39.26686687923731" lon="118.4530622633678">
        <ele>3</ele>
        <time>2024-05-27T00:52:34Z</time>
      </trkpt>
      <trkpt lat="39.266863221232285" lon="118.45300919807019">
        <ele>3</ele>
        <time>2024-05-27T00:52:35Z</time>
      </trkpt>
      <trkpt lat="39.266862317707144" lon="118.45295341124996">
        <ele>3</ele>
        <time>2024-05-27T00:52:36Z</time>
      </trkpt>
      <trkpt lat="39.26685952159134" lon="118.45289456765974">
        <ele>3</ele>
        <time>2024-05-27T00:52:38Z</time>
      </trkpt>
      <trkpt lat="39.26685615974332" lon="118.45283960458762">
        <ele>3</ele>
        <time>2024-05-27T00:52:39Z</time>
      </trkpt>
      <trkpt lat="39.26685104729333" lon="118.4527757726513">
        <ele>3</ele>
        <time>2024-05-27T00:52:41Z</time>
      </trkpt>
      <trkpt lat="39.26684997359485" lon="118.45271101204915">
        <ele>3</ele>
        <time>2024-05-27T00:52:42Z</time>
      </trkpt>
      <trkpt lat="39.26685028623439" lon="118.45264606001062">
        <ele>3.5</ele>
        <time>2024-05-27T00:52:44Z</time>
      </trkpt>
      <trkpt lat="39.26685067599462" lon="118.4525873712158">
        <ele>3.5</ele>
        <time>2024-05-27T00:52:45Z</time>
      </trkpt>
      <trkpt lat="39.2668500014141" lon="118.45253439063065">
        <ele>3.5</ele>
        <time>2024-05-27T00:52:46Z</time>
      </trkpt>
      <trkpt lat="39.26684608502323" lon="118.45248621868402">
        <ele>3.5</ele>
        <time>2024-05-27T00:52:47Z</time>
      </trkpt>
      <trkpt lat="39.26684373711932" lon="118.45244295782786">
        <ele>3.5</ele>
        <time>2024-05-27T00:52:48Z</time>
      </trkpt>
      <trkpt lat="39.2668428716091" lon="118.45239767609849">
        <ele>3.5</ele>
        <time>2024-05-27T00:52:50Z</time>
      </trkpt>
      <trkpt lat="39.26684409844574" lon="118.45235235976013">
        <ele>3.5</ele>
        <time>2024-05-27T00:52:51Z</time>
      </trkpt>
      <trkpt lat="39.2668456341722" lon="118.45230509333587">
        <ele>3.5</ele>
        <time>2024-05-27T00:52:52Z</time>
      </trkpt>
      <trkpt lat="39.26684765615856" lon="118.4522638969511">
        <ele>4</ele>
        <time>2024-05-27T00:52:53Z</time>
      </trkpt>
      <trkpt lat="39.266849599419004" lon="118.45222807945277">
        <ele>4</ele>
        <time>2024-05-27T00:52:54Z</time>
      </trkpt>
      <trkpt lat="39.2668462086996" lon="118.4521974792206">
        <ele>4</ele>
        <time>2024-05-27T00:52:55Z</time>
      </trkpt>
      <trkpt lat="39.266840637919564" lon="118.45215921318696">
        <ele>4</ele>
        <time>2024-05-27T00:52:56Z</time>
      </trkpt>
      <trkpt lat="39.26683506393147" lon="118.4521142558687">
        <ele>4</ele>
        <time>2024-05-27T00:52:57Z</time>
      </trkpt>
      <trkpt lat="39.26683300667986" lon="118.45206097729611">
        <ele>4</ele>
        <time>2024-05-27T00:52:59Z</time>
      </trkpt>
      <trkpt lat="39.26683105339635" lon="118.45200684668417">
        <ele>4</ele>
        <time>2024-05-27T00:53:00Z</time>
      </trkpt>
      <trkpt lat="39.266829351369175" lon="118.45195283904437">
        <ele>4</ele>
        <time>2024-05-27T00:53:02Z</time>
      </trkpt>
      <trkpt lat="39.266824582984235" lon="118.45190135650999">
        <ele>3.2</ele>
        <time>2024-05-27T00:53:03Z</time>
      </trkpt>
      <trkpt lat="39.26681790345777" lon="118.45185803039318">
        <ele>3.2</ele>
        <time>2024-05-27T00:53:04Z</time>
      </trkpt>
      <trkpt lat="39.26681117367921" lon="118.4518196133328">
        <ele>3.2</ele>
        <time>2024-05-27T00:53:05Z</time>
      </trkpt>
      <trkpt lat="39.26680927455229" lon="118.45178350762315">
        <ele>3.2</ele>
        <time>2024-05-27T00:53:06Z</time>
      </trkpt>
      <trkpt lat="39.266809781308226" lon="118.45174601101978">
        <ele>3.2</ele>
        <time>2024-05-27T00:53:07Z</time>
      </trkpt>
      <trkpt lat="39.266809733266406" lon="118.45169901614764">
        <ele>3.2</ele>
        <time>2024-05-27T00:53:08Z</time>
      </trkpt>
      <trkpt lat="39.26680746127542" lon="118.45165174685663">
        <ele>3.2</ele>
        <time>2024-05-27T00:53:09Z</time>
      </trkpt>
      <trkpt lat="39.26680499918569" lon="118.45159583259982">
        <ele>3.2</ele>
        <time>2024-05-27T00:53:11Z</time>
      </trkpt>
      <trkpt lat="39.26680289607662" lon="118.45153953004186">
        <ele>3.2</ele>
        <time>2024-05-27T00:53:12Z</time>
      </trkpt>
      <trkpt lat="39.26680085927118" lon="118.45148136603864">
        <ele>3.1</ele>
        <time>2024-05-27T00:53:14Z</time>
      </trkpt>
      <trkpt lat="39.266798739106946" lon="118.45142585667428">
        <ele>3.1</ele>
        <time>2024-05-27T00:53:15Z</time>
      </trkpt>
      <trkpt lat="39.2667968566262" lon="118.45137676486273">
        <ele>3.1</ele>
        <time>2024-05-27T00:53:16Z</time>
      </trkpt>
      <trkpt lat="39.266795915619014" lon="118.45132700980335">
        <ele>3.1</ele>
        <time>2024-05-27T00:53:17Z</time>
      </trkpt>
      <trkpt lat="39.26679710629558" lon="118.45128932314152">
        <ele>3.1</ele>
        <time>2024-05-27T00:53:18Z</time>
      </trkpt>
      <trkpt lat="39.26680115129039" lon="118.45124856392944">
        <ele>3.1</ele>
        <time>2024-05-27T00:53:20Z</time>
      </trkpt>
      <trkpt lat="39.2668064617558" lon="118.451207293731">
        <ele>3.1</ele>
        <time>2024-05-27T00:53:21Z</time>
      </trkpt>
      <trkpt lat="39.26681121903452" lon="118.45115640426889">
        <ele>3.3</ele>
        <time>2024-05-27T00:53:23Z</time>
      </trkpt>
      <trkpt lat="39.26681295897935" lon="118.45110668644546">
        <ele>3.3</ele>
        <time>2024-05-27T00:53:24Z</time>
      </trkpt>
      <trkpt lat="39.26681118232574" lon="118.45106356977735">
        <ele>3.3</ele>
        <time>2024-05-27T00:53:25Z</time>
      </trkpt>
      <trkpt lat="39.26680825877554" lon="118.45102533488709">
        <ele>3.3</ele>
        <time>2024-05-27T00:53:26Z</time>
      </trkpt>
      <trkpt lat="39.266805705938914" lon="118.45098744963987">
        <ele>3.3</ele>
        <time>2024-05-27T00:53:27Z</time>
      </trkpt>
      <trkpt lat="39.266804731376176" lon="118.45094251935647">
        <ele>3.3</ele>
        <time>2024-05-27T00:53:28Z</time>
      </trkpt>
      <trkpt lat="39.266803280819445" lon="118.45089090359163">
        <ele>3.3</ele>
        <time>2024-05-27T00:53:29Z</time>
      </trkpt>
      <trkpt lat="39.26680164849389" lon="118.45083341412577">
        <ele>3.3</ele>
        <time>2024-05-27T00:53:30Z</time>
      </trkpt>
      <trkpt lat="39.26679989793455" lon="118.45077736611981">
        <ele>3.3</ele>
        <time>2024-05-27T00:53:31Z</time>
      </trkpt>
      <trkpt lat="39.2667969834705" lon="118.45071889376149">
        <ele>3.3</ele>
        <time>2024-05-27T00:53:32Z</time>
      </trkpt>
      <trkpt lat="39.26679213940444" lon="118.45066567511815">
        <ele>3.1</ele>
        <time>2024-05-27T00:53:33Z</time>
      </trkpt>
      <trkpt lat="39.26678432833329" lon="118.45061348778987">
        <ele>3.1</ele>
        <time>2024-05-27T00:53:34Z</time>
      </trkpt>
      <trkpt lat="39.26677381571501" lon="118.45056759259177">
        <ele>3.1</ele>
        <time>2024-05-27T00:53:35Z</time>
      </trkpt>
      <trkpt lat="39.26676559231526" lon="118.45051693656644">
        <ele>3.1</ele>
        <time>2024-05-27T00:53:36Z</time>
      </trkpt>
      <trkpt lat="39.26675913519191" lon="118.45046679570109">
        <ele>3.1</ele>
        <time>2024-05-27T00:53:38Z</time>
      </trkpt>
      <trkpt lat="39.26675596161673" lon="118.45041291762547">
        <ele>3.1</ele>
        <time>2024-05-27T00:53:39Z</time>
      </trkpt>
      <trkpt lat="39.26675162419634" lon="118.45036673421598">
        <ele>3.1</ele>
        <time>2024-05-27T00:53:40Z</time>
      </trkpt>
      <trkpt lat="39.26674731309992" lon="118.45031565078881">
        <ele>3.1</ele>
        <time>2024-05-27T00:53:41Z</time>
      </trkpt>
      <trkpt lat="39.26674320339422" lon="118.45026624886223">
        <ele>3.1</ele>
        <time>2024-05-27T00:53:42Z</time>
      </trkpt>
      <trkpt lat="39.266739155759126" lon="118.45020702427558">
        <ele>3.6</ele>
        <time>2024-05-27T00:53:44Z</time>
      </trkpt>
      <trkpt lat="39.2667327260559" lon="118.45014924025841">
        <ele>3.6</ele>
        <time>2024-05-27T00:53:45Z</time>
      </trkpt>
      <trkpt lat="39.266725249945026" lon="118.45009462024454">
        <ele>3.6</ele>
        <time>2024-05-27T00:53:47Z</time>
      </trkpt>
      <trkpt lat="39.266719460811444" lon="118.45005019560716">
        <ele>3.6</ele>
        <time>2024-05-27T00:53:48Z</time>
      </trkpt>
      <trkpt lat="39.2667178478051" lon="118.45001247079193">
        <ele>3.6</ele>
        <time>2024-05-27T00:53:49Z</time>
      </trkpt>
      <trkpt lat="39.2667192781007" lon="118.4499722358879">
        <ele>3.6</ele>
        <time>2024-05-27T00:53:50Z</time>
      </trkpt>
      <trkpt lat="39.26671998489528" lon="118.44993358492508">
        <ele>3.6</ele>
        <time>2024-05-27T00:53:51Z</time>
      </trkpt>
      <trkpt lat="39.266720060752945" lon="118.44989373178274">
        <ele>3.6</ele>
        <time>2024-05-27T00:53:52Z</time>
      </trkpt>
      <trkpt lat="39.266717593991366" lon="118.44985555476747">
        <ele>4</ele>
        <time>2024-05-27T00:53:53Z</time>
      </trkpt>
      <trkpt lat="39.26671354935293" lon="118.44981127824623">
        <ele>4</ele>
        <time>2024-05-27T00:53:54Z</time>
      </trkpt>
      <trkpt lat="39.2667085232262" lon="118.44976750196281">
        <ele>4</ele>
        <time>2024-05-27T00:53:56Z</time>
      </trkpt>
      <trkpt lat="39.266703609583175" lon="118.44972160541525">
        <ele>4</ele>
        <time>2024-05-27T00:53:57Z</time>
      </trkpt>
      <trkpt lat="39.26669945360147" lon="118.4496806536974">
        <ele>4</ele>
        <time>2024-05-27T00:53:58Z</time>
      </trkpt>
      <trkpt lat="39.26669600288758" lon="118.44963945803336">
        <ele>4</ele>
        <time>2024-05-27T00:53:59Z</time>
      </trkpt>
      <trkpt lat="39.266693608877006" lon="118.44960124618748">
        <ele>4</ele>
        <time>2024-05-27T00:54:00Z</time>
      </trkpt>
      <trkpt lat="39.26669177237467" lon="118.44956260727174">
        <ele>4</ele>
        <time>2024-05-27T00:54:01Z</time>
      </trkpt>
      <trkpt lat="39.26669062572701" lon="118.44952589959334">
        <ele>4</ele>
        <time>2024-05-27T00:54:02Z</time>
      </trkpt>
      <trkpt lat="39.26668992160309" lon="118.44949007387504">
        <ele>3.5</ele>
        <time>2024-05-27T00:54:03Z</time>
      </trkpt>
      <trkpt lat="39.266690047198445" lon="118.44945259369345">
        <ele>3.5</ele>
        <time>2024-05-27T00:54:04Z</time>
      </trkpt>
      <trkpt lat="39.26669099934824" lon="118.44941093897724">
        <ele>3.5</ele>
        <time>2024-05-27T00:54:05Z</time>
      </trkpt>
      <trkpt lat="39.266692531538304" lon="118.44936332341307">
        <ele>3.5</ele>
        <time>2024-05-27T00:54:06Z</time>
      </trkpt>
      <trkpt lat="39.26669208388988" lon="118.44930814272305">
        <ele>3.5</ele>
        <time>2024-05-27T00:54:08Z</time>
      </trkpt>
      <trkpt lat="39.26668815924263" lon="118.44925347469409">
        <ele>3.5</ele>
        <time>2024-05-27T00:54:09Z</time>
      </trkpt>
      <trkpt lat="39.266685330711844" lon="118.4492015912888">
        <ele>3.5</ele>
        <time>2024-05-27T00:54:11Z</time>
      </trkpt>
      <trkpt lat="39.266684053488355" lon="118.4491567795604">
        <ele>3.5</ele>
        <time>2024-05-27T00:54:12Z</time>
      </trkpt>
      <trkpt lat="39.266686058231656" lon="118.44910515254257">
        <ele>3.5</ele>
        <time>2024-05-27T00:54:14Z</time>
      </trkpt>
      <trkpt lat="39.26668644868664" lon="118.44905127133428">
        <ele>3.5</ele>
        <time>2024-05-27T00:54:15Z</time>
      </trkpt>
      <trkpt lat="39.266687536983866" lon="118.44899623672595">
        <ele>3.5</ele>
        <time>2024-05-27T00:54:17Z</time>
      </trkpt>
      <trkpt lat="39.26668615929681" lon="118.44894630368118">
        <ele>3.5</ele>
        <time>2024-05-27T00:54:18Z</time>
      </trkpt>
      <trkpt lat="39.266683128289976" lon="118.44890355455696">
        <ele>3.5</ele>
        <time>2024-05-27T00:54:19Z</time>
      </trkpt>
      <trkpt lat="39.26667957083727" lon="118.44886818866514">
        <ele>3.5</ele>
        <time>2024-05-27T00:54:20Z</time>
      </trkpt>
      <trkpt lat="39.266680249217494" lon="118.44883686877304">
        <ele>3.5</ele>
        <time>2024-05-27T00:54:21Z</time>
      </trkpt>
      <trkpt lat="39.26668229101228" lon="118.44880504206094">
        <ele>3.5</ele>
        <time>2024-05-27T00:54:22Z</time>
      </trkpt>
      <trkpt lat="39.26668364684662" lon="118.4487668013373">
        <ele>3.7</ele>
        <time>2024-05-27T00:54:23Z</time>
      </trkpt>
      <trkpt lat="39.26668167097991" lon="118.44872851344691">
        <ele>3.7</ele>
        <time>2024-05-27T00:54:24Z</time>
      </trkpt>
      <trkpt lat="39.266678874669815" lon="118.44868843171515">
        <ele>3.7</ele>
        <time>2024-05-27T00:54:25Z</time>
      </trkpt>
      <trkpt lat="39.26667517952982" lon="118.44864745918413">
        <ele>3.7</ele>
        <time>2024-05-27T00:54:26Z</time>
      </trkpt>
      <trkpt lat="39.266671200823005" lon="118.44860619279609">
        <ele>3.7</ele>
        <time>2024-05-27T00:54:27Z</time>
      </trkpt>
      <trkpt lat="39.26666682101633" lon="118.44856480597727">
        <ele>3.7</ele>
        <time>2024-05-27T00:54:28Z</time>
      </trkpt>
      <trkpt lat="39.266662121301174" lon="118.44852030576195">
        <ele>3.7</ele>
        <time>2024-05-27T00:54:29Z</time>
      </trkpt>
      <trkpt lat="39.26665752132294" lon="118.44847216346255">
        <ele>3.7</ele>
        <time>2024-05-27T00:54:30Z</time>
      </trkpt>
      <trkpt lat="39.26665342086604" lon="118.44841822353679">
        <ele>3.7</ele>
        <time>2024-05-27T00:54:32Z</time>
      </trkpt>
      <trkpt lat="39.26665037565855" lon="118.44836605637181">
        <ele>3.5</ele>
        <time>2024-05-27T00:54:33Z</time>
      </trkpt>
      <trkpt lat="39.26664812927251" lon="118.44831707015194">
        <ele>3.5</ele>
        <time>2024-05-27T00:54:34Z</time>
      </trkpt>
      <trkpt lat="39.26664560755559" lon="118.44826638010574">
        <ele>3.5</ele>
        <time>2024-05-27T00:54:35Z</time>
      </trkpt>
      <trkpt lat="39.26664272708364" lon="118.44821747633219">
        <ele>3.5</ele>
        <time>2024-05-27T00:54:36Z</time>
      </trkpt>
      <trkpt lat="39.2666390526559" lon="118.44816392683043">
        <ele>3.5</ele>
        <time>2024-05-27T00:54:38Z</time>
      </trkpt>
      <trkpt lat="39.26663595776287" lon="118.44811733604615">
        <ele>3.5</ele>
        <time>2024-05-27T00:54:39Z</time>
      </trkpt>
      <trkpt lat="39.26663381507479" lon="118.44807414291016">
        <ele>3.5</ele>
        <time>2024-05-27T00:54:40Z</time>
      </trkpt>
      <trkpt lat="39.266633582317404" lon="118.44803314667035">
        <ele>3.5</ele>
        <time>2024-05-27T00:54:41Z</time>
      </trkpt>
      <trkpt lat="39.26663452449031" lon="118.44799226726946">
        <ele>3.5</ele>
        <time>2024-05-27T00:54:42Z</time>
      </trkpt>
      <trkpt lat="39.2666358281414" lon="118.44794814975879">
        <ele>3.9</ele>
        <time>2024-05-27T00:54:44Z</time>
      </trkpt>
      <trkpt lat="39.26663624720998" lon="118.44790844974172">
        <ele>3.9</ele>
        <time>2024-05-27T00:54:45Z</time>
      </trkpt>
      <trkpt lat="39.266635846617305" lon="118.44787097976804">
        <ele>3.9</ele>
        <time>2024-05-27T00:54:46Z</time>
      </trkpt>
      <trkpt lat="39.2666337671111" lon="118.4478317146037">
        <ele>3.9</ele>
        <time>2024-05-27T00:54:47Z</time>
      </trkpt>
      <trkpt lat="39.26663028218105" lon="118.4477898396097">
        <ele>3.9</ele>
        <time>2024-05-27T00:54:48Z</time>
      </trkpt>
      <trkpt lat="39.26662550380101" lon="118.44774161486245">
        <ele>3.9</ele>
        <time>2024-05-27T00:54:50Z</time>
      </trkpt>
      <trkpt lat="39.26662091141905" lon="118.44769649913887">
        <ele>3.9</ele>
        <time>2024-05-27T00:54:51Z</time>
      </trkpt>
      <trkpt lat="39.26661706170085" lon="118.44765282386443">
        <ele>3.9</ele>
        <time>2024-05-27T00:54:52Z</time>
      </trkpt>
      <trkpt lat="39.26661446562892" lon="118.44761182658819">
        <ele>3.8</ele>
        <time>2024-05-27T00:54:53Z</time>
      </trkpt>
      <trkpt lat="39.26661304768238" lon="118.44757423487022">
        <ele>3.8</ele>
        <time>2024-05-27T00:54:54Z</time>
      </trkpt>
      <trkpt lat="39.26661316792839" lon="118.44753579668038">
        <ele>3.8</ele>
        <time>2024-05-27T00:54:55Z</time>
      </trkpt>
      <trkpt lat="39.26661480555014" lon="118.4475027162929">
        <ele>3.8</ele>
        <time>2024-05-27T00:54:56Z</time>
      </trkpt>
      <trkpt lat="39.26661725277864" lon="118.44746722995899">
        <ele>3.8</ele>
        <time>2024-05-27T00:54:57Z</time>
      </trkpt>
      <trkpt lat="39.26661931522018" lon="118.44743569364617">
        <ele>3.8</ele>
        <time>2024-05-27T00:54:58Z</time>
      </trkpt>
      <trkpt lat="39.26661971485328" lon="118.44739574162625">
        <ele>3.8</ele>
        <time>2024-05-27T00:54:59Z</time>
      </trkpt>
      <trkpt lat="39.26661866276689" lon="118.44735453818255">
        <ele>3.8</ele>
        <time>2024-05-27T00:55:00Z</time>
      </trkpt>
      <trkpt lat="39.2666161877474" lon="118.44730595201621">
        <ele>3.8</ele>
        <time>2024-05-27T00:55:02Z</time>
      </trkpt>
      <trkpt lat="39.266613719779606" lon="118.44726276628217">
        <ele>3.7</ele>
        <time>2024-05-27T00:55:03Z</time>
      </trkpt>
      <trkpt lat="39.26661107891907" lon="118.44721840679836">
        <ele>3.7</ele>
        <time>2024-05-27T00:55:04Z</time>
      </trkpt>
      <trkpt lat="39.2666075796294" lon="118.4471700632185">
        <ele>3.7</ele>
        <time>2024-05-27T00:55:05Z</time>
      </trkpt>
      <trkpt lat="39.26660177610648" lon="118.4471130459587">
        <ele>3.7</ele>
        <time>2024-05-27T00:55:06Z</time>
      </trkpt>
      <trkpt lat="39.26659386835186" lon="118.44704043540682">
        <ele>3.7</ele>
        <time>2024-05-27T00:55:08Z</time>
      </trkpt>
      <trkpt lat="39.26658679417459" lon="118.44696619955218">
        <ele>3.7</ele>
        <time>2024-05-27T00:55:09Z</time>
      </trkpt>
      <trkpt lat="39.266581761696564" lon="118.44688583600218">
        <ele>3.7</ele>
        <time>2024-05-27T00:55:11Z</time>
      </trkpt>
      <trkpt lat="39.266579640876216" lon="118.44681439152754">
        <ele>3.7</ele>
        <time>2024-05-27T00:55:12Z</time>
      </trkpt>
      <trkpt lat="39.26657867129586" lon="118.4467487461766">
        <ele>3.7</ele>
        <time>2024-05-27T00:55:14Z</time>
      </trkpt>
      <trkpt lat="39.26657901401147" lon="118.44669239610245">
        <ele>3.7</ele>
        <time>2024-05-27T00:55:15Z</time>
      </trkpt>
      <trkpt lat="39.26658019599067" lon="118.44664445177962">
        <ele>3.7</ele>
        <time>2024-05-27T00:55:16Z</time>
      </trkpt>
      <trkpt lat="39.266581995047495" lon="118.44660027369044">
        <ele>3.7</ele>
        <time>2024-05-27T00:55:17Z</time>
      </trkpt>
      <trkpt lat="39.26658363760856" lon="118.4465590431853">
        <ele>3.7</ele>
        <time>2024-05-27T00:55:18Z</time>
      </trkpt>
      <trkpt lat="39.266584575848846" lon="118.44651721418046">
        <ele>3.7</ele>
        <time>2024-05-27T00:55:19Z</time>
      </trkpt>
      <trkpt lat="39.266584101737735" lon="118.44647025895243">
        <ele>3.7</ele>
        <time>2024-05-27T00:55:20Z</time>
      </trkpt>
      <trkpt lat="39.26658275525876" lon="118.44642370823735">
        <ele>3.7</ele>
        <time>2024-05-27T00:55:21Z</time>
      </trkpt>
      <trkpt lat="39.266580509483845" lon="118.44637065535018">
        <ele>4</ele>
        <time>2024-05-27T00:55:23Z</time>
      </trkpt>
      <trkpt lat="39.26657865599818" lon="118.44632024843287">
        <ele>4</ele>
        <time>2024-05-27T00:55:24Z</time>
      </trkpt>
      <trkpt lat="39.266576625758724" lon="118.44626268273937">
        <ele>4</ele>
        <time>2024-05-27T00:55:26Z</time>
      </trkpt>
      <trkpt lat="39.26657494101028" lon="118.44621001377307">
        <ele>4</ele>
        <time>2024-05-27T00:55:27Z</time>
      </trkpt>
      <trkpt lat="39.26657233208217" lon="118.44615076166878">
        <ele>4</ele>
        <time>2024-05-27T00:55:29Z</time>
      </trkpt>
      <trkpt lat="39.266569158684604" lon="118.4460933790149">
        <ele>4</ele>
        <time>2024-05-27T00:55:30Z</time>
      </trkpt>
      <trkpt lat="39.26656553169695" lon="118.44603660960054">
        <ele>4</ele>
        <time>2024-05-27T00:55:32Z</time>
      </trkpt>
      <trkpt lat="39.26656221214477" lon="118.4459852766695">
        <ele>3.9</ele>
        <time>2024-05-27T00:55:33Z</time>
      </trkpt>
      <trkpt lat="39.26655940189725" lon="118.44594199449163">
        <ele>3.9</ele>
        <time>2024-05-27T00:55:34Z</time>
      </trkpt>
      <trkpt lat="39.266556386108526" lon="118.44589640729548">
        <ele>3.9</ele>
        <time>2024-05-27T00:55:35Z</time>
      </trkpt>
      <trkpt lat="39.266553051002006" lon="118.44585124384417">
        <ele>3.9</ele>
        <time>2024-05-27T00:55:36Z</time>
      </trkpt>
      <trkpt lat="39.2665493196095" lon="118.44580099379094">
        <ele>3.9</ele>
        <time>2024-05-27T00:55:38Z</time>
      </trkpt>
      <trkpt lat="39.26654618078061" lon="118.44575084124425">
        <ele>3.9</ele>
        <time>2024-05-27T00:55:39Z</time>
      </trkpt>
      <trkpt lat="39.26654366762161" lon="118.44569567008564">
        <ele>3.9</ele>
        <time>2024-05-27T00:55:41Z</time>
      </trkpt>
      <trkpt lat="39.26654126557236" lon="118.4456404401958">
        <ele>3.9</ele>
        <time>2024-05-27T00:55:42Z</time>
      </trkpt>
      <trkpt lat="39.266538056763835" lon="118.4455838180093">
        <ele>3.4</ele>
        <time>2024-05-27T00:55:44Z</time>
      </trkpt>
      <trkpt lat="39.2665344620566" lon="118.44553398642061">
        <ele>3.4</ele>
        <time>2024-05-27T00:55:45Z</time>
      </trkpt>
      <trkpt lat="39.266530783726594" lon="118.44548741212954">
        <ele>3.4</ele>
        <time>2024-05-27T00:55:46Z</time>
      </trkpt>
      <trkpt lat="39.2665272948293" lon="118.44544378202775">
        <ele>3.4</ele>
        <time>2024-05-27T00:55:47Z</time>
      </trkpt>
      <trkpt lat="39.266523996881396" lon="118.44540223224847">
        <ele>3.4</ele>
        <time>2024-05-27T00:55:48Z</time>
      </trkpt>
      <trkpt lat="39.26652053144551" lon="118.44536275663985">
        <ele>3.4</ele>
        <time>2024-05-27T00:55:49Z</time>
      </trkpt>
      <trkpt lat="39.266516925356505" lon="118.44532479368002">
        <ele>3.4</ele>
        <time>2024-05-27T00:55:50Z</time>
      </trkpt>
      <trkpt lat="39.26651324740187" lon="118.44528782666167">
        <ele>3.4</ele>
        <time>2024-05-27T00:55:51Z</time>
      </trkpt>
      <trkpt lat="39.26651002046579" lon="118.44525122370511">
        <ele>3.4</ele>
        <time>2024-05-27T00:55:52Z</time>
      </trkpt>
      <trkpt lat="39.266506953462944" lon="118.44521174349212">
        <ele>4.1</ele>
        <time>2024-05-27T00:55:53Z</time>
      </trkpt>
      <trkpt lat="39.26650377259108" lon="118.44516645199724">
        <ele>4.1</ele>
        <time>2024-05-27T00:55:54Z</time>
      </trkpt>
      <trkpt lat="39.26650080920798" lon="118.44511884759129">
        <ele>4.1</ele>
        <time>2024-05-27T00:55:56Z</time>
      </trkpt>
      <trkpt lat="39.26649839731653" lon="118.44507270800737">
        <ele>4.1</ele>
        <time>2024-05-27T00:55:57Z</time>
      </trkpt>
      <trkpt lat="39.26649656110497" lon="118.44503301065265">
        <ele>4.1</ele>
        <time>2024-05-27T00:55:58Z</time>
      </trkpt>
      <trkpt lat="39.26649426574905" lon="118.4449887124793">
        <ele>4.1</ele>
        <time>2024-05-27T00:55:59Z</time>
      </trkpt>
      <trkpt lat="39.266491512421105" lon="118.44494513174853">
        <ele>4.1</ele>
        <time>2024-05-27T00:56:00Z</time>
      </trkpt>
      <trkpt lat="39.26648823438005" lon="118.44489184258984">
        <ele>4.1</ele>
        <time>2024-05-27T00:56:02Z</time>
      </trkpt>
      <trkpt lat="39.26648510883153" lon="118.4448359827748">
        <ele>3.3</ele>
        <time>2024-05-27T00:56:03Z</time>
      </trkpt>
      <trkpt lat="39.26648242055762" lon="118.44478143327547">
        <ele>3.3</ele>
        <time>2024-05-27T00:56:04Z</time>
      </trkpt>
      <trkpt lat="39.26648017095665" lon="118.4447347360004">
        <ele>3.3</ele>
        <time>2024-05-27T00:56:05Z</time>
      </trkpt>
      <trkpt lat="39.26647793919765" lon="118.4446930627516">
        <ele>3.3</ele>
        <time>2024-05-27T00:56:06Z</time>
      </trkpt>
      <trkpt lat="39.2664757137964" lon="118.44465360694414">
        <ele>3.3</ele>
        <time>2024-05-27T00:56:07Z</time>
      </trkpt>
      <trkpt lat="39.26647308017639" lon="118.44461060249765">
        <ele>3.3</ele>
        <time>2024-05-27T00:56:08Z</time>
      </trkpt>
      <trkpt lat="39.266470474735726" lon="118.44457133170432">
        <ele>3.3</ele>
        <time>2024-05-27T00:56:09Z</time>
      </trkpt>
      <trkpt lat="39.26646739056514" lon="118.44452721792624">
        <ele>3.3</ele>
        <time>2024-05-27T00:56:10Z</time>
      </trkpt>
      <trkpt lat="39.26646438442703" lon="118.44448721402613">
        <ele>3.3</ele>
        <time>2024-05-27T00:56:11Z</time>
      </trkpt>
      <trkpt lat="39.26646128845521" lon="118.44444716043196">
        <ele>3.3</ele>
        <time>2024-05-27T00:56:12Z</time>
      </trkpt>
      <trkpt lat="39.26645825408796" lon="118.44440793891671">
        <ele>3.8</ele>
        <time>2024-05-27T00:56:13Z</time>
      </trkpt>
      <trkpt lat="39.26645534549202" lon="118.44436904287898">
        <ele>3.8</ele>
        <time>2024-05-27T00:56:14Z</time>
      </trkpt>
      <trkpt lat="39.26645235669138" lon="118.44432598213263">
        <ele>3.8</ele>
        <time>2024-05-27T00:56:15Z</time>
      </trkpt>
      <trkpt lat="39.266449768079575" lon="118.44428685346121">
        <ele>3.8</ele>
        <time>2024-05-27T00:56:16Z</time>
      </trkpt>
      <trkpt lat="39.26644689338812" lon="118.44423734136716">
        <ele>3.8</ele>
        <time>2024-05-27T00:56:17Z</time>
      </trkpt>
      <trkpt lat="39.26644423160076" lon="118.44418641422718">
        <ele>3.8</ele>
        <time>2024-05-27T00:56:18Z</time>
      </trkpt>
      <trkpt lat="39.266441285502744" lon="118.44412163680823">
        <ele>3.8</ele>
        <time>2024-05-27T00:56:20Z</time>
      </trkpt>
      <trkpt lat="39.26643892254471" lon="118.44406345023909">
        <ele>3.8</ele>
        <time>2024-05-27T00:56:21Z</time>
      </trkpt>
      <trkpt lat="39.266436881567266" lon="118.44400797530001">
        <ele>3</ele>
        <time>2024-05-27T00:56:23Z</time>
      </trkpt>
      <trkpt lat="39.266435182453115" lon="118.44396097824735">
        <ele>3</ele>
        <time>2024-05-27T00:56:24Z</time>
      </trkpt>
      <trkpt lat="39.26643354766188" lon="118.44391689619836">
        <ele>3</ele>
        <time>2024-05-27T00:56:25Z</time>
      </trkpt>
      <trkpt lat="39.266431664256885" lon="118.44387111602548">
        <ele>3</ele>
        <time>2024-05-27T00:56:26Z</time>
      </trkpt>
      <trkpt lat="39.266429892215385" lon="118.44383058558398">
        <ele>3</ele>
        <time>2024-05-27T00:56:27Z</time>
      </trkpt>
      <trkpt lat="39.26642802599231" lon="118.44379128843957">
        <ele>3</ele>
        <time>2024-05-27T00:56:28Z</time>
      </trkpt>
      <trkpt lat="39.2664257583924" lon="118.44374779956551">
        <ele>3</ele>
        <time>2024-05-27T00:56:29Z</time>
      </trkpt>
      <trkpt lat="39.26642310932223" lon="118.44369943602362">
        <ele>3</ele>
        <time>2024-05-27T00:56:30Z</time>
      </trkpt>
      <trkpt lat="39.266420257343505" lon="118.44364877597805">
        <ele>3</ele>
        <time>2024-05-27T00:56:32Z</time>
      </trkpt>
      <trkpt lat="39.26641764992157" lon="118.4436023326524">
        <ele>4.5</ele>
        <time>2024-05-27T00:56:33Z</time>
      </trkpt>
      <trkpt lat="39.26641534091153" lon="118.44356086358093">
        <ele>4.5</ele>
        <time>2024-05-27T00:56:34Z</time>
      </trkpt>
      <trkpt lat="39.26641261772731" lon="118.4435108499359">
        <ele>4.5</ele>
        <time>2024-05-27T00:56:35Z</time>
      </trkpt>
      <trkpt lat="39.26641009948187" lon="118.4434643553844">
        <ele>4.5</ele>
        <time>2024-05-27T00:56:36Z</time>
      </trkpt>
      <trkpt lat="39.266407338732265" lon="118.44341316545567">
        <ele>4.5</ele>
        <time>2024-05-27T00:56:38Z</time>
      </trkpt>
      <trkpt lat="39.26640513256701" lon="118.44337251032054">
        <ele>4.5</ele>
        <time>2024-05-27T00:56:39Z</time>
      </trkpt>
      <trkpt lat="39.26640326748856" lon="118.44333800349447">
        <ele>4.5</ele>
        <time>2024-05-27T00:56:40Z</time>
      </trkpt>
      <trkpt lat="39.266401210444975" lon="118.44329565185078">
        <ele>4.5</ele>
        <time>2024-05-27T00:56:41Z</time>
      </trkpt>
      <trkpt lat="39.26639898393646" lon="118.44324714412237">
        <ele>4.5</ele>
        <time>2024-05-27T00:56:42Z</time>
      </trkpt>
      <trkpt lat="39.26639603109994" lon="118.44318591271156">
        <ele>3.5</ele>
        <time>2024-05-27T00:56:44Z</time>
      </trkpt>
      <trkpt lat="39.266393323816686" lon="118.44313542469793">
        <ele>3.5</ele>
        <time>2024-05-27T00:56:45Z</time>
      </trkpt>
      <trkpt lat="39.26639017141208" lon="118.44308649939894">
        <ele>3.5</ele>
        <time>2024-05-27T00:56:46Z</time>
      </trkpt>
      <trkpt lat="39.26638664176609" lon="118.44304036543345">
        <ele>3.5</ele>
        <time>2024-05-27T00:56:47Z</time>
      </trkpt>
      <trkpt lat="39.266382422971894" lon="118.4429923882222">
        <ele>3.5</ele>
        <time>2024-05-27T00:56:48Z</time>
      </trkpt>
      <trkpt lat="39.266377812720556" lon="118.44293932205248">
        <ele>3.5</ele>
        <time>2024-05-27T00:56:50Z</time>
      </trkpt>
      <trkpt lat="39.26637418903151" lon="118.44288622591874">
        <ele>3.5</ele>
        <time>2024-05-27T00:56:51Z</time>
      </trkpt>
      <trkpt lat="39.26637136611925" lon="118.44282624042305">
        <ele>4.3</ele>
        <time>2024-05-27T00:56:53Z</time>
      </trkpt>
      <trkpt lat="39.266369658374735" lon="118.44276754133632">
        <ele>4.3</ele>
        <time>2024-05-27T00:56:54Z</time>
      </trkpt>
      <trkpt lat="39.266367704690204" lon="118.44270974268002">
        <ele>4.3</ele>
        <time>2024-05-27T00:56:56Z</time>
      </trkpt>
      <trkpt lat="39.266368295841595" lon="118.44265641803858">
        <ele>4.3</ele>
        <time>2024-05-27T00:56:57Z</time>
      </trkpt>
      <trkpt lat="39.2663714506836" lon="118.44261165524948">
        <ele>4.3</ele>
        <time>2024-05-27T00:56:58Z</time>
      </trkpt>
      <trkpt lat="39.2663713923944" lon="118.44256538945737">
        <ele>4.3</ele>
        <time>2024-05-27T00:56:59Z</time>
      </trkpt>
      <trkpt lat="39.266368451710775" lon="118.44251978479774">
        <ele>4.3</ele>
        <time>2024-05-27T00:57:00Z</time>
      </trkpt>
      <trkpt lat="39.26636216626572" lon="118.44246499009866">
        <ele>4.3</ele>
        <time>2024-05-27T00:57:02Z</time>
      </trkpt>
      <trkpt lat="39.266359459748585" lon="118.4424105351475">
        <ele>3.5</ele>
        <time>2024-05-27T00:57:03Z</time>
      </trkpt>
      <trkpt lat="39.26635723481244" lon="118.44235662975922">
        <ele>3.5</ele>
        <time>2024-05-27T00:57:04Z</time>
      </trkpt>
      <trkpt lat="39.26635563059896" lon="118.44230863913081">
        <ele>3.5</ele>
        <time>2024-05-27T00:57:05Z</time>
      </trkpt>
      <trkpt lat="39.2663530689469" lon="118.4422607883549">
        <ele>3.5</ele>
        <time>2024-05-27T00:57:06Z</time>
      </trkpt>
      <trkpt lat="39.266349848170016" lon="118.44221618385065">
        <ele>3.5</ele>
        <time>2024-05-27T00:57:07Z</time>
      </trkpt>
      <trkpt lat="39.2663464200739" lon="118.44216923318135">
        <ele>3.5</ele>
        <time>2024-05-27T00:57:08Z</time>
      </trkpt>
      <trkpt lat="39.26634383866928" lon="118.44212557922991">
        <ele>3.5</ele>
        <time>2024-05-27T00:57:09Z</time>
      </trkpt>
      <trkpt lat="39.26634298720781" lon="118.44208165614674">
        <ele>3.5</ele>
        <time>2024-05-27T00:57:10Z</time>
      </trkpt>
      <trkpt lat="39.26634489948921" lon="118.4420435999002">
        <ele>3.5</ele>
        <time>2024-05-27T00:57:11Z</time>
      </trkpt>
      <trkpt lat="39.26634332738233" lon="118.44200492027711">
        <ele>3.5</ele>
        <time>2024-05-27T00:57:12Z</time>
      </trkpt>
      <trkpt lat="39.26633939487647" lon="118.44195897936653">
        <ele>4.3</ele>
        <time>2024-05-27T00:57:14Z</time>
      </trkpt>
      <trkpt lat="39.2663316035274" lon="118.44190756639783">
        <ele>4.3</ele>
        <time>2024-05-27T00:57:15Z</time>
      </trkpt>
      <trkpt lat="39.26632622341928" lon="118.44185579781275">
        <ele>4.3</ele>
        <time>2024-05-27T00:57:17Z</time>
      </trkpt>
      <trkpt lat="39.266321109687055" lon="118.44180911372659">
        <ele>4.3</ele>
        <time>2024-05-27T00:57:18Z</time>
      </trkpt>
      <trkpt lat="39.26631704625263" lon="118.44176361330301">
        <ele>4.3</ele>
        <time>2024-05-27T00:57:19Z</time>
      </trkpt>
      <trkpt lat="39.26631421383741" lon="118.44172014433106">
        <ele>4.3</ele>
        <time>2024-05-27T00:57:20Z</time>
      </trkpt>
      <trkpt lat="39.266313045312145" lon="118.44167558404105">
        <ele>4.3</ele>
        <time>2024-05-27T00:57:21Z</time>
      </trkpt>
      <trkpt lat="39.26631299233385" lon="118.44163408765054">
        <ele>4.3</ele>
        <time>2024-05-27T00:57:22Z</time>
      </trkpt>
      <trkpt lat="39.26631338016614" lon="118.44159221780835">
        <ele>3.6</ele>
        <time>2024-05-27T00:57:23Z</time>
      </trkpt>
      <trkpt lat="39.26631358891831" lon="118.4415505333884">
        <ele>3.6</ele>
        <time>2024-05-27T00:57:24Z</time>
      </trkpt>
      <trkpt lat="39.266313253749445" lon="118.44150758373404">
        <ele>3.6</ele>
        <time>2024-05-27T00:57:25Z</time>
      </trkpt>
      <trkpt lat="39.26631187381254" lon="118.44146034422981">
        <ele>3.6</ele>
        <time>2024-05-27T00:57:26Z</time>
      </trkpt>
      <trkpt lat="39.26631006877008" lon="118.44141686537436">
        <ele>3.6</ele>
        <time>2024-05-27T00:57:27Z</time>
      </trkpt>
      <trkpt lat="39.26630838267094" lon="118.44137467448664">
        <ele>3.6</ele>
        <time>2024-05-27T00:57:28Z</time>
      </trkpt>
      <trkpt lat="39.26630645939041" lon="118.44133085194643">
        <ele>3.6</ele>
        <time>2024-05-27T00:57:29Z</time>
      </trkpt>
      <trkpt lat="39.2663005818329" lon="118.44128352145852">
        <ele>3.6</ele>
        <time>2024-05-27T00:57:30Z</time>
      </trkpt>
      <trkpt lat="39.26629288038799" lon="118.44123791457477">
        <ele>3.6</ele>
        <time>2024-05-27T00:57:32Z</time>
      </trkpt>
      <trkpt lat="39.266288626721995" lon="118.44119862693816">
        <ele>4</ele>
        <time>2024-05-27T00:57:33Z</time>
      </trkpt>
      <trkpt lat="39.266288996243745" lon="118.44116353224217">
        <ele>4</ele>
        <time>2024-05-27T00:57:34Z</time>
      </trkpt>
      <trkpt lat="39.26629085326813" lon="118.44111890776435">
        <ele>4</ele>
        <time>2024-05-27T00:57:35Z</time>
      </trkpt>
      <trkpt lat="39.26628525432726" lon="118.44106985593767">
        <ele>4</ele>
        <time>2024-05-27T00:57:36Z</time>
      </trkpt>
      <trkpt lat="39.26628010766015" lon="118.4410167375682">
        <ele>4</ele>
        <time>2024-05-27T00:57:38Z</time>
      </trkpt>
      <trkpt lat="39.26627372113515" lon="118.44096623020732">
        <ele>4</ele>
        <time>2024-05-27T00:57:39Z</time>
      </trkpt>
      <trkpt lat="39.26627089433661" lon="118.44091694405273">
        <ele>4</ele>
        <time>2024-05-27T00:57:41Z</time>
      </trkpt>
      <trkpt lat="39.2662654069513" lon="118.44086567045318">
        <ele>4</ele>
        <time>2024-05-27T00:57:42Z</time>
      </trkpt>
      <trkpt lat="39.266260126877405" lon="118.4408173492439">
        <ele>3.6</ele>
        <time>2024-05-27T00:57:43Z</time>
      </trkpt>
      <trkpt lat="39.266254840185496" lon="118.44076571561126">
        <ele>3.6</ele>
        <time>2024-05-27T00:57:44Z</time>
      </trkpt>
      <trkpt lat="39.2662505097005" lon="118.44071530598056">
        <ele>3.6</ele>
        <time>2024-05-27T00:57:45Z</time>
      </trkpt>
      <trkpt lat="39.266247135280196" lon="118.44065825238228">
        <ele>3.6</ele>
        <time>2024-05-27T00:57:46Z</time>
      </trkpt>
      <trkpt lat="39.266244712162404" lon="118.44059754638344">
        <ele>3.6</ele>
        <time>2024-05-27T00:57:47Z</time>
      </trkpt>
      <trkpt lat="39.266243043067774" lon="118.44053905452188">
        <ele>3.6</ele>
        <time>2024-05-27T00:57:48Z</time>
      </trkpt>
      <trkpt lat="39.266241544503536" lon="118.44047753785394">
        <ele>3.6</ele>
        <time>2024-05-27T00:57:50Z</time>
      </trkpt>
      <trkpt lat="39.26624043844571" lon="118.44042465487401">
        <ele>3.6</ele>
        <time>2024-05-27T00:57:51Z</time>
      </trkpt>
      <trkpt lat="39.266239320396664" lon="118.44036757882455">
        <ele>3.7</ele>
        <time>2024-05-27T00:57:53Z</time>
      </trkpt>
      <trkpt lat="39.26623844293979" lon="118.44032144291074">
        <ele>3.7</ele>
        <time>2024-05-27T00:57:54Z</time>
      </trkpt>
      <trkpt lat="39.266237457525186" lon="118.44027199853981">
        <ele>3.7</ele>
        <time>2024-05-27T00:57:55Z</time>
      </trkpt>
      <trkpt lat="39.266236417746896" lon="118.4402222325849">
        <ele>3.7</ele>
        <time>2024-05-27T00:57:56Z</time>
      </trkpt>
      <trkpt lat="39.26623516628734" lon="118.44016689987698">
        <ele>3.7</ele>
        <time>2024-05-27T00:57:57Z</time>
      </trkpt>
      <trkpt lat="39.26623392444987" lon="118.44011467378967">
        <ele>3.7</ele>
        <time>2024-05-27T00:57:59Z</time>
      </trkpt>
      <trkpt lat="39.26623265585245" lon="118.4400640235413">
        <ele>3.7</ele>
        <time>2024-05-27T00:58:00Z</time>
      </trkpt>
      <trkpt lat="39.26623150088503" lon="118.44001948322904">
        <ele>3.7</ele>
        <time>2024-05-27T00:58:01Z</time>
      </trkpt>
      <trkpt lat="39.26623023705354" lon="118.43997245121328">
        <ele>3.7</ele>
        <time>2024-05-27T00:58:02Z</time>
      </trkpt>
      <trkpt lat="39.26622909548881" lon="118.43993138516022">
        <ele>3.7</ele>
        <time>2024-05-27T00:58:03Z</time>
      </trkpt>
      <trkpt lat="39.266227871764116" lon="118.43988714577583">
        <ele>3.7</ele>
        <time>2024-05-27T00:58:04Z</time>
      </trkpt>
      <trkpt lat="39.26622658895665" lon="118.43983836553925">
        <ele>3.7</ele>
        <time>2024-05-27T00:58:05Z</time>
      </trkpt>
      <trkpt lat="39.26622533578465" lon="118.43978793665184">
        <ele>3.7</ele>
        <time>2024-05-27T00:58:06Z</time>
      </trkpt>
      <trkpt lat="39.266224114137955" lon="118.43973600711581">
        <ele>3.7</ele>
        <time>2024-05-27T00:58:08Z</time>
      </trkpt>
      <trkpt lat="39.266223164200326" lon="118.4396932160373">
        <ele>3.7</ele>
        <time>2024-05-27T00:58:09Z</time>
      </trkpt>
      <trkpt lat="39.266222241649054" lon="118.43965185683771">
        <ele>3.7</ele>
        <time>2024-05-27T00:58:10Z</time>
      </trkpt>
      <trkpt lat="39.26622128615715" lon="118.43961248894279">
        <ele>3.7</ele>
        <time>2024-05-27T00:58:11Z</time>
      </trkpt>
      <trkpt lat="39.2662202281328" lon="118.4395736910206">
        <ele>3.7</ele>
        <time>2024-05-27T00:58:12Z</time>
      </trkpt>
      <trkpt lat="39.26621893503668" lon="118.43953069652213">
        <ele>3.1</ele>
        <time>2024-05-27T00:58:13Z</time>
      </trkpt>
      <trkpt lat="39.266217448152396" lon="118.43948595711342">
        <ele>3.1</ele>
        <time>2024-05-27T00:58:14Z</time>
      </trkpt>
      <trkpt lat="39.266215844064995" lon="118.43944036133368">
        <ele>3.1</ele>
        <time>2024-05-27T00:58:15Z</time>
      </trkpt>
      <trkpt lat="39.26621416982889" lon="118.43939367027632">
        <ele>3.1</ele>
        <time>2024-05-27T00:58:17Z</time>
      </trkpt>
      <trkpt lat="39.26621274833548" lon="118.43935365626403">
        <ele>3.1</ele>
        <time>2024-05-27T00:58:18Z</time>
      </trkpt>
      <trkpt lat="39.26621073208131" lon="118.43930179474124">
        <ele>3.1</ele>
        <time>2024-05-27T00:58:19Z</time>
      </trkpt>
      <trkpt lat="39.266205940523456" lon="118.43924985880531">
        <ele>3.1</ele>
        <time>2024-05-27T00:58:20Z</time>
      </trkpt>
      <trkpt lat="39.266198264977064" lon="118.43919561180986">
        <ele>3.1</ele>
        <time>2024-05-27T00:58:21Z</time>
      </trkpt>
      <trkpt lat="39.26619375883237" lon="118.43915410564314">
        <ele>3.1</ele>
        <time>2024-05-27T00:58:22Z</time>
      </trkpt>
      <trkpt lat="39.26619117169359" lon="118.43910866894745">
        <ele>3.6</ele>
        <time>2024-05-27T00:58:23Z</time>
      </trkpt>
      <trkpt lat="39.26619091953915" lon="118.4390601415846">
        <ele>3.6</ele>
        <time>2024-05-27T00:58:24Z</time>
      </trkpt>
      <trkpt lat="39.26618732847061" lon="118.43900016721457">
        <ele>3.6</ele>
        <time>2024-05-27T00:58:26Z</time>
      </trkpt>
      <trkpt lat="39.26618524810388" lon="118.43894393397709">
        <ele>3.6</ele>
        <time>2024-05-27T00:58:27Z</time>
      </trkpt>
      <trkpt lat="39.26618421613084" lon="118.43888396765352">
        <ele>3.6</ele>
        <time>2024-05-27T00:58:29Z</time>
      </trkpt>
      <trkpt lat="39.26618425542469" lon="118.43883206297356">
        <ele>3.6</ele>
        <time>2024-05-27T00:58:30Z</time>
      </trkpt>
      <trkpt lat="39.266185855352916" lon="118.43878014155715">
        <ele>3.6</ele>
        <time>2024-05-27T00:58:31Z</time>
      </trkpt>
      <trkpt lat="39.26618900568238" lon="118.43873513635347">
        <ele>3.6</ele>
        <time>2024-05-27T00:58:32Z</time>
      </trkpt>
      <trkpt lat="39.26619237215091" lon="118.43869440169539">
        <ele>3.2</ele>
        <time>2024-05-27T00:58:33Z</time>
      </trkpt>
      <trkpt lat="39.266192561542624" lon="118.43865939124693">
        <ele>3.2</ele>
        <time>2024-05-27T00:58:34Z</time>
      </trkpt>
      <trkpt lat="39.266188892629685" lon="118.43862160595944">
        <ele>3.2</ele>
        <time>2024-05-27T00:58:35Z</time>
      </trkpt>
      <trkpt lat="39.266184464452785" lon="118.4385817807011">
        <ele>3.2</ele>
        <time>2024-05-27T00:58:36Z</time>
      </trkpt>
      <trkpt lat="39.266180937853264" lon="118.43853784922769">
        <ele>3.2</ele>
        <time>2024-05-27T00:58:37Z</time>
      </trkpt>
      <trkpt lat="39.26617874954632" lon="118.43849205347361">
        <ele>3.2</ele>
        <time>2024-05-27T00:58:38Z</time>
      </trkpt>
      <trkpt lat="39.266175962011374" lon="118.43843928727372">
        <ele>3.2</ele>
        <time>2024-05-27T00:58:39Z</time>
      </trkpt>
      <trkpt lat="39.26617504825207" lon="118.43837808813856">
        <ele>3.2</ele>
        <time>2024-05-27T00:58:41Z</time>
      </trkpt>
      <trkpt lat="39.266177409626415" lon="118.43831758672674">
        <ele>3.2</ele>
        <time>2024-05-27T00:58:42Z</time>
      </trkpt>
      <trkpt lat="39.266178439081806" lon="118.4382578491814">
        <ele>4.5</ele>
        <time>2024-05-27T00:58:44Z</time>
      </trkpt>
      <trkpt lat="39.26617794453693" lon="118.43820603782655">
        <ele>4.5</ele>
        <time>2024-05-27T00:58:45Z</time>
      </trkpt>
      <trkpt lat="39.26617484693424" lon="118.43814925993847">
        <ele>4.5</ele>
        <time>2024-05-27T00:58:47Z</time>
      </trkpt>
      <trkpt lat="39.26617467968093" lon="118.43809320134964">
        <ele>4.5</ele>
        <time>2024-05-27T00:58:48Z</time>
      </trkpt>
      <trkpt lat="39.266175261161045" lon="118.43803444325049">
        <ele>4.5</ele>
        <time>2024-05-27T00:58:50Z</time>
      </trkpt>
      <trkpt lat="39.26617629779639" lon="118.43797802763726">
        <ele>4.5</ele>
        <time>2024-05-27T00:58:51Z</time>
      </trkpt>
      <trkpt lat="39.26617608255756" lon="118.43791684970593">
        <ele>3.7</ele>
        <time>2024-05-27T00:58:53Z</time>
      </trkpt>
      <trkpt lat="39.26617422564208" lon="118.43785632039935">
        <ele>3.7</ele>
        <time>2024-05-27T00:58:54Z</time>
      </trkpt>
      <trkpt lat="39.266166433935076" lon="118.43779292785682">
        <ele>3.7</ele>
        <time>2024-05-27T00:58:56Z</time>
      </trkpt>
      <trkpt lat="39.26615799244974" lon="118.43773829834987">
        <ele>3.7</ele>
        <time>2024-05-27T00:58:57Z</time>
      </trkpt>
      <trkpt lat="39.26615256076927" lon="118.43768223003953">
        <ele>3.7</ele>
        <time>2024-05-27T00:58:59Z</time>
      </trkpt>
      <trkpt lat="39.26615411642966" lon="118.43763745974">
        <ele>3.7</ele>
        <time>2024-05-27T00:59:00Z</time>
      </trkpt>
      <trkpt lat="39.266155918645445" lon="118.43759356084104">
        <ele>3.7</ele>
        <time>2024-05-27T00:59:02Z</time>
      </trkpt>
      <trkpt lat="39.26615353802559" lon="118.4375531488479">
        <ele>4.5</ele>
        <time>2024-05-27T00:59:03Z</time>
      </trkpt>
      <trkpt lat="39.26614927562421" lon="118.43750960713324">
        <ele>4.5</ele>
        <time>2024-05-27T00:59:04Z</time>
      </trkpt>
      <trkpt lat="39.26614559258697" lon="118.4374614840688">
        <ele>4.5</ele>
        <time>2024-05-27T00:59:05Z</time>
      </trkpt>
      <trkpt lat="39.26614339429446" lon="118.43741606235491">
        <ele>4.5</ele>
        <time>2024-05-27T00:59:06Z</time>
      </trkpt>
      <trkpt lat="39.2661405957695" lon="118.4373713206074">
        <ele>4.5</ele>
        <time>2024-05-27T00:59:07Z</time>
      </trkpt>
      <trkpt lat="39.26613754898846" lon="118.43733302330446">
        <ele>4.5</ele>
        <time>2024-05-27T00:59:08Z</time>
      </trkpt>
      <trkpt lat="39.26613463917098" lon="118.43729660515949">
        <ele>4.5</ele>
        <time>2024-05-27T00:59:09Z</time>
      </trkpt>
      <trkpt lat="39.266132530428756" lon="118.43725798356454">
        <ele>4.5</ele>
        <time>2024-05-27T00:59:10Z</time>
      </trkpt>
      <trkpt lat="39.266131505266216" lon="118.43721819941771">
        <ele>4.5</ele>
        <time>2024-05-27T00:59:11Z</time>
      </trkpt>
      <trkpt lat="39.26613160847482" lon="118.43717277402398">
        <ele>4.5</ele>
        <time>2024-05-27T00:59:12Z</time>
      </trkpt>
      <trkpt lat="39.26613239402264" lon="118.4371292748648">
        <ele>3.9</ele>
        <time>2024-05-27T00:59:13Z</time>
      </trkpt>
      <trkpt lat="39.266133103891846" lon="118.43707749994245">
        <ele>3.9</ele>
        <time>2024-05-27T00:59:14Z</time>
      </trkpt>
      <trkpt lat="39.266132654345036" lon="118.43702300922895">
        <ele>3.9</ele>
        <time>2024-05-27T00:59:15Z</time>
      </trkpt>
      <trkpt lat="39.26613073008233" lon="118.43695996929618">
        <ele>3.9</ele>
        <time>2024-05-27T00:59:17Z</time>
      </trkpt>
      <trkpt lat="39.26612660073167" lon="118.43689544427349">
        <ele>3.9</ele>
        <time>2024-05-27T00:59:18Z</time>
      </trkpt>
      <trkpt lat="39.26612032416711" lon="118.43682434918676">
        <ele>3.9</ele>
        <time>2024-05-27T00:59:20Z</time>
      </trkpt>
      <trkpt lat="39.26611297126777" lon="118.43675424510158">
        <ele>3.9</ele>
        <time>2024-05-27T00:59:21Z</time>
      </trkpt>
      <trkpt lat="39.266105341019184" lon="118.43668400661274">
        <ele>4.2</ele>
        <time>2024-05-27T00:59:23Z</time>
      </trkpt>
      <trkpt lat="39.266098795594424" lon="118.43662271731526">
        <ele>4.2</ele>
        <time>2024-05-27T00:59:24Z</time>
      </trkpt>
      <trkpt lat="39.26608941763505" lon="118.43656427067624">
        <ele>4.2</ele>
        <time>2024-05-27T00:59:25Z</time>
      </trkpt>
      <trkpt lat="39.266080278074405" lon="118.43651657451957">
        <ele>4.2</ele>
        <time>2024-05-27T00:59:26Z</time>
      </trkpt>
      <trkpt lat="39.266075280158134" lon="118.43647196715793">
        <ele>4.2</ele>
        <time>2024-05-27T00:59:27Z</time>
      </trkpt>
      <trkpt lat="39.26607551290156" lon="118.43643247138665">
        <ele>4.2</ele>
        <time>2024-05-27T00:59:28Z</time>
      </trkpt>
      <trkpt lat="39.26607807170086" lon="118.43638287028563">
        <ele>4.2</ele>
        <time>2024-05-27T00:59:29Z</time>
      </trkpt>
      <trkpt lat="39.26607796231155" lon="118.43633073611538">
        <ele>4.2</ele>
        <time>2024-05-27T00:59:30Z</time>
      </trkpt>
      <trkpt lat="39.26607706955254" lon="118.43627193321147">
        <ele>4.2</ele>
        <time>2024-05-27T00:59:32Z</time>
      </trkpt>
      <trkpt lat="39.26607553253784" lon="118.436219675065">
        <ele>3.7</ele>
        <time>2024-05-27T00:59:33Z</time>
      </trkpt>
      <trkpt lat="39.26607386030131" lon="118.43616984566391">
        <ele>3.7</ele>
        <time>2024-05-27T00:59:34Z</time>
      </trkpt>
      <trkpt lat="39.26607253745168" lon="118.43611610442163">
        <ele>3.7</ele>
        <time>2024-05-27T00:59:35Z</time>
      </trkpt>
      <trkpt lat="39.26607188809876" lon="118.43605727656588">
        <ele>3.7</ele>
        <time>2024-05-27T00:59:36Z</time>
      </trkpt>
      <trkpt lat="39.26607166672402" lon="118.43599461404138">
        <ele>3.7</ele>
        <time>2024-05-27T00:59:38Z</time>
      </trkpt>
      <trkpt lat="39.266071459557836" lon="118.43593943381757">
        <ele>3.7</ele>
        <time>2024-05-27T00:59:39Z</time>
      </trkpt>
      <trkpt lat="39.2660702901119" lon="118.43588435270608">
        <ele>3.7</ele>
        <time>2024-05-27T00:59:40Z</time>
      </trkpt>
      <trkpt lat="39.26606742455773" lon="118.43582749843007">
        <ele>3.7</ele>
        <time>2024-05-27T00:59:41Z</time>
      </trkpt>
      <trkpt lat="39.26606293025832" lon="118.43576596691742">
        <ele>4.9</ele>
        <time>2024-05-27T00:59:43Z</time>
      </trkpt>
      <trkpt lat="39.26605759398579" lon="118.43570619903248">
        <ele>4.9</ele>
        <time>2024-05-27T00:59:44Z</time>
      </trkpt>
      <trkpt lat="39.26605260388616" lon="118.43565236806569">
        <ele>4.9</ele>
        <time>2024-05-27T00:59:45Z</time>
      </trkpt>
      <trkpt lat="39.266048413844416" lon="118.43560256776286">
        <ele>4.9</ele>
        <time>2024-05-27T00:59:46Z</time>
      </trkpt>
      <trkpt lat="39.26604482490719" lon="118.43554867718976">
        <ele>4.9</ele>
        <time>2024-05-27T00:59:47Z</time>
      </trkpt>
      <trkpt lat="39.266042341766926" lon="118.43549069641699">
        <ele>4.9</ele>
        <time>2024-05-27T00:59:48Z</time>
      </trkpt>
      <trkpt lat="39.266041111559566" lon="118.43542941993813">
        <ele>4.9</ele>
        <time>2024-05-27T00:59:50Z</time>
      </trkpt>
      <trkpt lat="39.26604172576997" lon="118.4353749582025">
        <ele>4.9</ele>
        <time>2024-05-27T00:59:51Z</time>
      </trkpt>
      <trkpt lat="39.26603969629316" lon="118.4353239046104">
        <ele>4.9</ele>
        <time>2024-05-27T00:59:52Z</time>
      </trkpt>
      <trkpt lat="39.266037909849466" lon="118.43528479617108">
        <ele>4.3</ele>
        <time>2024-05-27T00:59:53Z</time>
      </trkpt>
      <trkpt lat="39.266037537721346" lon="118.43524795709622">
        <ele>4.3</ele>
        <time>2024-05-27T00:59:54Z</time>
      </trkpt>
      <trkpt lat="39.26603994048458" lon="118.43520917802272">
        <ele>4.3</ele>
        <time>2024-05-27T00:59:56Z</time>
      </trkpt>
      <trkpt lat="39.2660419596761" lon="118.43516596523489">
        <ele>4.3</ele>
        <time>2024-05-27T00:59:57Z</time>
      </trkpt>
      <trkpt lat="39.266042048150865" lon="118.4351180550003">
        <ele>4.3</ele>
        <time>2024-05-27T00:59:59Z</time>
      </trkpt>
      <trkpt lat="39.26604233196519" lon="118.43507369543579">
        <ele>4.3</ele>
        <time>2024-05-27T01:00:00Z</time>
      </trkpt>
      <trkpt lat="39.266042447908234" lon="118.435024911543">
        <ele>4.3</ele>
        <time>2024-05-27T01:00:02Z</time>
      </trkpt>
      <trkpt lat="39.266042378701464" lon="118.43498108144063">
        <ele>4.3</ele>
        <time>2024-05-27T01:00:03Z</time>
      </trkpt>
      <trkpt lat="39.26603841743683" lon="118.43493856286938">
        <ele>4.3</ele>
        <time>2024-05-27T01:00:04Z</time>
      </trkpt>
      <trkpt lat="39.266034588317694" lon="118.43490555611284">
        <ele>4.3</ele>
        <time>2024-05-27T01:00:05Z</time>
      </trkpt>
      <trkpt lat="39.26603356546035" lon="118.43487275656524">
        <ele>4.3</ele>
        <time>2024-05-27T01:00:06Z</time>
      </trkpt>
      <trkpt lat="39.26603653234314" lon="118.43483978784423">
        <ele>4.3</ele>
        <time>2024-05-27T01:00:07Z</time>
      </trkpt>
      <trkpt lat="39.26603474766662" lon="118.43479929370926">
        <ele>4.3</ele>
        <time>2024-05-27T01:00:08Z</time>
      </trkpt>
      <trkpt lat="39.26603009452254" lon="118.43476144977683">
        <ele>4.3</ele>
        <time>2024-05-27T01:00:09Z</time>
      </trkpt>
      <trkpt lat="39.26602563410148" lon="118.43471669463864">
        <ele>4.3</ele>
        <time>2024-05-27T01:00:11Z</time>
      </trkpt>
      <trkpt lat="39.26602400216" lon="118.43466832773224">
        <ele>4.3</ele>
        <time>2024-05-27T01:00:12Z</time>
      </trkpt>
      <trkpt lat="39.266020176925466" lon="118.43460983139587">
        <ele>4.2</ele>
        <time>2024-05-27T01:00:14Z</time>
      </trkpt>
      <trkpt lat="39.26601391477176" lon="118.43454889888086">
        <ele>4.2</ele>
        <time>2024-05-27T01:00:15Z</time>
      </trkpt>
      <trkpt lat="39.26600803885238" lon="118.43448960523313">
        <ele>4.2</ele>
        <time>2024-05-27T01:00:17Z</time>
      </trkpt>
      <trkpt lat="39.26600235827295" lon="118.4344319477033">
        <ele>4.2</ele>
        <time>2024-05-27T01:00:18Z</time>
      </trkpt>
      <trkpt lat="39.265996820427404" lon="118.43438100457209">
        <ele>4.2</ele>
        <time>2024-05-27T01:00:19Z</time>
      </trkpt>
      <trkpt lat="39.26598974032022" lon="118.43433408469149">
        <ele>4.2</ele>
        <time>2024-05-27T01:00:20Z</time>
      </trkpt>
      <trkpt lat="39.2659844650842" lon="118.4342952493464">
        <ele>4.2</ele>
        <time>2024-05-27T01:00:21Z</time>
      </trkpt>
      <trkpt lat="39.26598280802553" lon="118.43425475870096">
        <ele>4.2</ele>
        <time>2024-05-27T01:00:22Z</time>
      </trkpt>
      <trkpt lat="39.265983522058846" lon="118.43421355898117">
        <ele>4</ele>
        <time>2024-05-27T01:00:23Z</time>
      </trkpt>
      <trkpt lat="39.26598406587861" lon="118.43416851224343">
        <ele>4</ele>
        <time>2024-05-27T01:00:24Z</time>
      </trkpt>
      <trkpt lat="39.2659831649658" lon="118.43412632087949">
        <ele>4</ele>
        <time>2024-05-27T01:00:25Z</time>
      </trkpt>
      <trkpt lat="39.26598290699239" lon="118.43408244044437">
        <ele>4</ele>
        <time>2024-05-27T01:00:26Z</time>
      </trkpt>
      <trkpt lat="39.26598245867679" lon="118.43404149217083">
        <ele>4</ele>
        <time>2024-05-27T01:00:27Z</time>
      </trkpt>
      <trkpt lat="39.26598125079513" lon="118.43400025254665">
        <ele>4</ele>
        <time>2024-05-27T01:00:28Z</time>
      </trkpt>
      <trkpt lat="39.26597892937528" lon="118.43396085848337">
        <ele>4</ele>
        <time>2024-05-27T01:00:29Z</time>
      </trkpt>
      <trkpt lat="39.26597625052689" lon="118.43391861242895">
        <ele>4</ele>
        <time>2024-05-27T01:00:30Z</time>
      </trkpt>
      <trkpt lat="39.265972401237285" lon="118.43387262401684">
        <ele>4</ele>
        <time>2024-05-27T01:00:32Z</time>
      </trkpt>
      <trkpt lat="39.265968990636004" lon="118.43382556531405">
        <ele>4.2</ele>
        <time>2024-05-27T01:00:33Z</time>
      </trkpt>
      <trkpt lat="39.26596571265223" lon="118.43377870092445">
        <ele>4.2</ele>
        <time>2024-05-27T01:00:35Z</time>
      </trkpt>
      <trkpt lat="39.265963529758466" lon="118.43373756227747">
        <ele>4.2</ele>
        <time>2024-05-27T01:00:36Z</time>
      </trkpt>
      <trkpt lat="39.26596104150432" lon="118.43369707365908">
        <ele>4.2</ele>
        <time>2024-05-27T01:00:37Z</time>
      </trkpt>
      <trkpt lat="39.26595788592475" lon="118.43365715331068">
        <ele>4.2</ele>
        <time>2024-05-27T01:00:38Z</time>
      </trkpt>
      <trkpt lat="39.26595365635976" lon="118.43361236517731">
        <ele>4.2</ele>
        <time>2024-05-27T01:00:39Z</time>
      </trkpt>
      <trkpt lat="39.26594863777739" lon="118.43356044702556">
        <ele>4.2</ele>
        <time>2024-05-27T01:00:41Z</time>
      </trkpt>
      <trkpt lat="39.265944043021804" lon="118.4335041348651">
        <ele>4.2</ele>
        <time>2024-05-27T01:00:42Z</time>
      </trkpt>
      <trkpt lat="39.26593983470795" lon="118.43344364524907">
        <ele>3.9</ele>
        <time>2024-05-27T01:00:44Z</time>
      </trkpt>
      <trkpt lat="39.26593666701179" lon="118.4333859548915">
        <ele>3.9</ele>
        <time>2024-05-27T01:00:45Z</time>
      </trkpt>
      <trkpt lat="39.26593388780238" lon="118.43332556069069">
        <ele>3.9</ele>
        <time>2024-05-27T01:00:46Z</time>
      </trkpt>
      <trkpt lat="39.265929809441836" lon="118.43326583822115">
        <ele>3.9</ele>
        <time>2024-05-27T01:00:47Z</time>
      </trkpt>
      <trkpt lat="39.265929574793354" lon="118.43320347932489">
        <ele>3.9</ele>
        <time>2024-05-27T01:00:48Z</time>
      </trkpt>
      <trkpt lat="39.26593007467818" lon="118.43313507528366">
        <ele>3.9</ele>
        <time>2024-05-27T01:00:50Z</time>
      </trkpt>
      <trkpt lat="39.265933746345006" lon="118.43306696286595">
        <ele>3.9</ele>
        <time>2024-05-27T01:00:51Z</time>
      </trkpt>
      <trkpt lat="39.26593185085895" lon="118.4329985209674">
        <ele>4.7</ele>
        <time>2024-05-27T01:00:53Z</time>
      </trkpt>
      <trkpt lat="39.265927940930574" lon="118.43294359302338">
        <ele>4.7</ele>
        <time>2024-05-27T01:00:54Z</time>
      </trkpt>
      <trkpt lat="39.265924318471626" lon="118.4328958743504">
        <ele>4.7</ele>
        <time>2024-05-27T01:00:55Z</time>
      </trkpt>
      <trkpt lat="39.26592471496844" lon="118.43285190652347">
        <ele>4.7</ele>
        <time>2024-05-27T01:00:56Z</time>
      </trkpt>
      <trkpt lat="39.26592751999475" lon="118.43280642492938">
        <ele>4.7</ele>
        <time>2024-05-27T01:00:57Z</time>
      </trkpt>
      <trkpt lat="39.26592861603759" lon="118.4327553211525">
        <ele>4.7</ele>
        <time>2024-05-27T01:00:58Z</time>
      </trkpt>
      <trkpt lat="39.265926314000914" lon="118.4327076046275">
        <ele>4.7</ele>
        <time>2024-05-27T01:00:59Z</time>
      </trkpt>
      <trkpt lat="39.26592265477144" lon="118.43266383494145">
        <ele>4.7</ele>
        <time>2024-05-27T01:01:00Z</time>
      </trkpt>
      <trkpt lat="39.26592314452653" lon="118.43262511530193">
        <ele>4.7</ele>
        <time>2024-05-27T01:01:01Z</time>
      </trkpt>
      <trkpt lat="39.26592530274812" lon="118.43257977775382">
        <ele>4.7</ele>
        <time>2024-05-27T01:01:02Z</time>
      </trkpt>
      <trkpt lat="39.26592846777775" lon="118.43252861742143">
        <ele>4</ele>
        <time>2024-05-27T01:01:03Z</time>
      </trkpt>
      <trkpt lat="39.26592780027732" lon="118.43246853701488">
        <ele>4</ele>
        <time>2024-05-27T01:01:05Z</time>
      </trkpt>
      <trkpt lat="39.26592697727651" lon="118.43240965067257">
        <ele>4</ele>
        <time>2024-05-27T01:01:06Z</time>
      </trkpt>
      <trkpt lat="39.26592456222327" lon="118.43234625261637">
        <ele>4</ele>
        <time>2024-05-27T01:01:08Z</time>
      </trkpt>
      <trkpt lat="39.26592111396247" lon="118.43228942480062">
        <ele>4</ele>
        <time>2024-05-27T01:01:09Z</time>
      </trkpt>
      <trkpt lat="39.265915510638614" lon="118.43223423666488">
        <ele>4</ele>
        <time>2024-05-27T01:01:10Z</time>
      </trkpt>
      <trkpt lat="39.26590955986756" lon="118.4321867434756">
        <ele>4</ele>
        <time>2024-05-27T01:01:11Z</time>
      </trkpt>
      <trkpt lat="39.265904295748925" lon="118.43214266951396">
        <ele>4</ele>
        <time>2024-05-27T01:01:12Z</time>
      </trkpt>
      <trkpt lat="39.26590200810384" lon="118.43212281420655">
        <ele>0</ele>
        <time>2024-05-27T01:01:13Z</time>
      </trkpt>
    </trkseg>
  </trk>
</gpx>