<?xml version="1.0" encoding="UTF-8"?>
<gpx xmlns="http://www.topografix.com/GPX/1/1" xmlns:gpxtpx="http://www.garmin.com/xmlschemas/TrackPointExtension/v1" xmlns:xsi="http://www.w3.org/2001/XMLSchema-instance" xsi:schemaLocation="http://www.topografix.com/GPX/1/1 http://www.topografix.com/GPX/1/1/gpx.xsd" version="1.1" creator="gpx.py -- https://github.com/tkrajina/gpxpy">
  <trk>
    <name>gpx from codoon</name>
    <type>Run</type>
    <trkseg>
      <trkpt lat="39.17124572220593" lon="117.76300699941277">
        <ele>5.3</ele>
        <time>2025-10-14T00:03:35Z</time>
      </trkpt>
      <trkpt lat="39.17120710069827" lon="117.76304663547114">
        <ele>5.3</ele>
        <time>2025-10-14T00:03:36Z</time>
      </trkpt>
      <trkpt lat="39.171195623802525" lon="117.76305914050697">
        <ele>5.3</ele>
        <time>2025-10-14T00:03:37Z</time>
      </trkpt>
      <trkpt lat="39.171172875175586" lon="117.76308547345064">
        <ele>5.3</ele>
        <time>2025-10-14T00:03:38Z</time>
      </trkpt>
      <trkpt lat="39.171151857116456" lon="117.76311421670829">
        <ele>5.3</ele>
        <time>2025-10-14T00:03:39Z</time>
      </trkpt>
      <trkpt lat="39.17113239213002" lon="117.76314484031187">
        <ele>5.3</ele>
        <time>2025-10-14T00:03:40Z</time>
      </trkpt>
      <trkpt lat="39.1711160869576" lon="117.76317680229114">
        <ele>5.3</ele>
        <time>2025-10-14T00:03:41Z</time>
      </trkpt>
      <trkpt lat="39.17110430273927" lon="117.76321164851241">
        <ele>5.3</ele>
        <time>2025-10-14T00:03:42Z</time>
      </trkpt>
      <trkpt lat="39.17109790518709" lon="117.76324961719584">
        <ele>5.3</ele>
        <time>2025-10-14T00:03:43Z</time>
      </trkpt>
      <trkpt lat="39.17109685082534" lon="117.7632896466004">
        <ele>5.3</ele>
        <time>2025-10-14T00:03:44Z</time>
      </trkpt>
      <trkpt lat="39.17110263140288" lon="117.7633291674614">
        <ele>5.3</ele>
        <time>2025-10-14T00:03:45Z</time>
      </trkpt>
      <trkpt lat="39.1711123428237" lon="117.76336632857648">
        <ele>5.3</ele>
        <time>2025-10-14T00:03:46Z</time>
      </trkpt>
      <trkpt lat="39.17112407577843" lon="117.76340120988864">
        <ele>5.3</ele>
        <time>2025-10-14T00:03:47Z</time>
      </trkpt>
      <trkpt lat="39.1711366836135" lon="117.76343517564395">
        <ele>5.3</ele>
        <time>2025-10-14T00:03:48Z</time>
      </trkpt>
      <trkpt lat="39.171149317969785" lon="117.76346890011418">
        <ele>5.3</ele>
        <time>2025-10-14T00:03:49Z</time>
      </trkpt>
      <trkpt lat="39.17116200468685" lon="117.76350290142966">
        <ele>5.3</ele>
        <time>2025-10-14T00:03:50Z</time>
      </trkpt>
      <trkpt lat="39.171174468552486" lon="117.76353669538618">
        <ele>5.3</ele>
        <time>2025-10-14T00:03:51Z</time>
      </trkpt>
      <trkpt lat="39.1711855306549" lon="117.76357082629467">
        <ele>5.3</ele>
        <time>2025-10-14T00:03:52Z</time>
      </trkpt>
      <trkpt lat="39.17119418066043" lon="117.76360586996367">
        <ele>5.3</ele>
        <time>2025-10-14T00:03:53Z</time>
      </trkpt>
      <trkpt lat="39.17119849909023" lon="117.76364325998178">
        <ele>5.3</ele>
        <time>2025-10-14T00:03:54Z</time>
      </trkpt>
      <trkpt lat="39.17120024066658" lon="117.76368238990888">
        <ele>0</ele>
        <time>2025-10-14T00:03:55Z</time>
      </trkpt>
      <trkpt lat="39.171200904362244" lon="117.7637224139821">
        <ele>0</ele>
        <time>2025-10-14T00:03:56Z</time>
      </trkpt>
      <trkpt lat="39.17120244783812" lon="117.76376168723515">
        <ele>0</ele>
        <time>2025-10-14T00:03:57Z</time>
      </trkpt>
      <trkpt lat="39.17120590156916" lon="117.76380071468219">
        <ele>0</ele>
        <time>2025-10-14T00:03:58Z</time>
      </trkpt>
      <trkpt lat="39.171210094993974" lon="117.76383597187122">
        <ele>0</ele>
        <time>2025-10-14T00:03:59Z</time>
      </trkpt>
      <trkpt lat="39.171214205372394" lon="117.76386579392789">
        <ele>5.3</ele>
        <time>2025-10-14T00:04:00Z</time>
      </trkpt>
      <trkpt lat="39.17121807464635" lon="117.76389633115777">
        <ele>5.3</ele>
        <time>2025-10-14T00:04:01Z</time>
      </trkpt>
      <trkpt lat="39.17122208626609" lon="117.76392709697998">
        <ele>5.3</ele>
        <time>2025-10-14T00:04:02Z</time>
      </trkpt>
      <trkpt lat="39.171226554525234" lon="117.7639615005186">
        <ele>5.3</ele>
        <time>2025-10-14T00:04:03Z</time>
      </trkpt>
      <trkpt lat="39.17123064227747" lon="117.7639921698374">
        <ele>5.3</ele>
        <time>2025-10-14T00:04:04Z</time>
      </trkpt>
      <trkpt lat="39.17123475639868" lon="117.76402315782589">
        <ele>5.3</ele>
        <time>2025-10-14T00:04:05Z</time>
      </trkpt>
      <trkpt lat="39.17123882442229" lon="117.76405434725162">
        <ele>5.3</ele>
        <time>2025-10-14T00:04:06Z</time>
      </trkpt>
      <trkpt lat="39.17124281798373" lon="117.76408578702939">
        <ele>5.3</ele>
        <time>2025-10-14T00:04:07Z</time>
      </trkpt>
      <trkpt lat="39.171246678845606" lon="117.76411726595967">
        <ele>5.3</ele>
        <time>2025-10-14T00:04:08Z</time>
      </trkpt>
      <trkpt lat="39.17125039051497" lon="117.7641487005826">
        <ele>5.3</ele>
        <time>2025-10-14T00:04:09Z</time>
      </trkpt>
      <trkpt lat="39.17125389032873" lon="117.76417975557676">
        <ele>5.3</ele>
        <time>2025-10-14T00:04:10Z</time>
      </trkpt>
      <trkpt lat="39.17125719686083" lon="117.76421081413606">
        <ele>5.3</ele>
        <time>2025-10-14T00:04:11Z</time>
      </trkpt>
      <trkpt lat="39.171260300792426" lon="117.76424197664805">
        <ele>5.3</ele>
        <time>2025-10-14T00:04:12Z</time>
      </trkpt>
      <trkpt lat="39.171263257506055" lon="117.76427359017764">
        <ele>5.3</ele>
        <time>2025-10-14T00:04:13Z</time>
      </trkpt>
      <trkpt lat="39.171266105191144" lon="117.76430536209696">
        <ele>5.3</ele>
        <time>2025-10-14T00:04:14Z</time>
      </trkpt>
      <trkpt lat="39.17126897315078" lon="117.76433777368857">
        <ele>5.3</ele>
        <time>2025-10-14T00:04:15Z</time>
      </trkpt>
      <trkpt lat="39.17127185739361" lon="117.76436986196083">
        <ele>5.3</ele>
        <time>2025-10-14T00:04:16Z</time>
      </trkpt>
      <trkpt lat="39.171275132226874" lon="117.76440499090802">
        <ele>5.3</ele>
        <time>2025-10-14T00:04:17Z</time>
      </trkpt>
      <trkpt lat="39.171278011252575" lon="117.76443579010918">
        <ele>5.3</ele>
        <time>2025-10-14T00:04:18Z</time>
      </trkpt>
      <trkpt lat="39.1712808406889" lon="117.76446636963486">
        <ele>5.3</ele>
        <time>2025-10-14T00:04:19Z</time>
      </trkpt>
      <trkpt lat="39.171283562479246" lon="117.7644967666713">
        <ele>5.3</ele>
        <time>2025-10-14T00:04:20Z</time>
      </trkpt>
      <trkpt lat="39.17128615934652" lon="117.7645268634703">
        <ele>5.3</ele>
        <time>2025-10-14T00:04:21Z</time>
      </trkpt>
      <trkpt lat="39.17128869844642" lon="117.76455704827416">
        <ele>5.3</ele>
        <time>2025-10-14T00:04:22Z</time>
      </trkpt>
      <trkpt lat="39.17129122919534" lon="117.76458738320939">
        <ele>5.3</ele>
        <time>2025-10-14T00:04:23Z</time>
      </trkpt>
      <trkpt lat="39.17129384156038" lon="117.76461817789466">
        <ele>5.3</ele>
        <time>2025-10-14T00:04:24Z</time>
      </trkpt>
      <trkpt lat="39.17129656439379" lon="117.76464905079457">
        <ele>5.3</ele>
        <time>2025-10-14T00:04:25Z</time>
      </trkpt>
      <trkpt lat="39.17129948530966" lon="117.76468071582474">
        <ele>5.3</ele>
        <time>2025-10-14T00:04:26Z</time>
      </trkpt>
      <trkpt lat="39.17130246302719" lon="117.76471209256488">
        <ele>5.3</ele>
        <time>2025-10-14T00:04:27Z</time>
      </trkpt>
      <trkpt lat="39.17130580097454" lon="117.76474696817694">
        <ele>5.3</ele>
        <time>2025-10-14T00:04:28Z</time>
      </trkpt>
      <trkpt lat="39.171308650153726" lon="117.76477725347112">
        <ele>5.3</ele>
        <time>2025-10-14T00:04:29Z</time>
      </trkpt>
      <trkpt lat="39.17131146690587" lon="117.76480763804744">
        <ele>5.3</ele>
        <time>2025-10-14T00:04:30Z</time>
      </trkpt>
      <trkpt lat="39.17131399410416" lon="117.7648352412549">
        <ele>5.3</ele>
        <time>2025-10-14T00:04:31Z</time>
      </trkpt>
      <trkpt lat="39.171316654253616" lon="117.76486410707447">
        <ele>5.3</ele>
        <time>2025-10-14T00:04:32Z</time>
      </trkpt>
      <trkpt lat="39.17131978375342" lon="117.76489737846146">
        <ele>5.3</ele>
        <time>2025-10-14T00:04:33Z</time>
      </trkpt>
      <trkpt lat="39.17132296576921" lon="117.76493090395255">
        <ele>5.3</ele>
        <time>2025-10-14T00:04:34Z</time>
      </trkpt>
      <trkpt lat="39.171326183011836" lon="117.76496463215743">
        <ele>5.3</ele>
        <time>2025-10-14T00:04:35Z</time>
      </trkpt>
      <trkpt lat="39.171329409484976" lon="117.76499842852365">
        <ele>5.3</ele>
        <time>2025-10-14T00:04:36Z</time>
      </trkpt>
      <trkpt lat="39.17133259893867" lon="117.7650322248741">
        <ele>5.3</ele>
        <time>2025-10-14T00:04:37Z</time>
      </trkpt>
      <trkpt lat="39.17133566377576" lon="117.76506568310865">
        <ele>5.3</ele>
        <time>2025-10-14T00:04:38Z</time>
      </trkpt>
      <trkpt lat="39.17133850604224" lon="117.76509904045476">
        <ele>5.3</ele>
        <time>2025-10-14T00:04:39Z</time>
      </trkpt>
      <trkpt lat="39.17134084931414" lon="117.76513151567175">
        <ele>5.3</ele>
        <time>2025-10-14T00:04:40Z</time>
      </trkpt>
      <trkpt lat="39.17134280535862" lon="117.76516758565451">
        <ele>5.3</ele>
        <time>2025-10-14T00:04:41Z</time>
      </trkpt>
      <trkpt lat="39.171343059327974" lon="117.76520033795238">
        <ele>5.3</ele>
        <time>2025-10-14T00:04:42Z</time>
      </trkpt>
      <trkpt lat="39.171340847663934" lon="117.76523496993033">
        <ele>5.3</ele>
        <time>2025-10-14T00:04:43Z</time>
      </trkpt>
      <trkpt lat="39.171336794208045" lon="117.76526431296185">
        <ele>5.3</ele>
        <time>2025-10-14T00:04:44Z</time>
      </trkpt>
      <trkpt lat="39.171332667984835" lon="117.76529583735069">
        <ele>5.3</ele>
        <time>2025-10-14T00:04:45Z</time>
      </trkpt>
      <trkpt lat="39.17133187149302" lon="117.7653262359201">
        <ele>5.3</ele>
        <time>2025-10-14T00:04:46Z</time>
      </trkpt>
      <trkpt lat="39.17133460066813" lon="117.7653589436828">
        <ele>5.3</ele>
        <time>2025-10-14T00:04:47Z</time>
      </trkpt>
      <trkpt lat="39.17134036590704" lon="117.76538926315575">
        <ele>5.3</ele>
        <time>2025-10-14T00:04:48Z</time>
      </trkpt>
      <trkpt lat="39.17134812742515" lon="117.76542142119885">
        <ele>5.3</ele>
        <time>2025-10-14T00:04:49Z</time>
      </trkpt>
      <trkpt lat="39.17135637685216" lon="117.76545313235876">
        <ele>5.3</ele>
        <time>2025-10-14T00:04:50Z</time>
      </trkpt>
      <trkpt lat="39.171364405812305" lon="117.76548561509227">
        <ele>5.3</ele>
        <time>2025-10-14T00:04:51Z</time>
      </trkpt>
      <trkpt lat="39.17137110445015" lon="117.76552026413337">
        <ele>5.3</ele>
        <time>2025-10-14T00:04:52Z</time>
      </trkpt>
      <trkpt lat="39.17137635546624" lon="117.7655564034338">
        <ele>5.3</ele>
        <time>2025-10-14T00:04:53Z</time>
      </trkpt>
      <trkpt lat="39.17138089718005" lon="117.76559335795055">
        <ele>5.3</ele>
        <time>2025-10-14T00:04:54Z</time>
      </trkpt>
      <trkpt lat="39.17138557322389" lon="117.76562976083773">
        <ele>0</ele>
        <time>2025-10-14T00:04:55Z</time>
      </trkpt>
      <trkpt lat="39.17139138796132" lon="117.76566542923142">
        <ele>0</ele>
        <time>2025-10-14T00:04:56Z</time>
      </trkpt>
      <trkpt lat="39.17139814843812" lon="117.76570056354812">
        <ele>0</ele>
        <time>2025-10-14T00:04:57Z</time>
      </trkpt>
      <trkpt lat="39.17140578868209" lon="117.76573626839397">
        <ele>0</ele>
        <time>2025-10-14T00:04:58Z</time>
      </trkpt>
      <trkpt lat="39.17141304790347" lon="117.76577177579912">
        <ele>0</ele>
        <time>2025-10-14T00:04:59Z</time>
      </trkpt>
      <trkpt lat="39.171419897964384" lon="117.76580951393045">
        <ele>5.3</ele>
        <time>2025-10-14T00:05:00Z</time>
      </trkpt>
      <trkpt lat="39.17142512962306" lon="117.7658439184039">
        <ele>5.3</ele>
        <time>2025-10-14T00:05:01Z</time>
      </trkpt>
      <trkpt lat="39.17142954024484" lon="117.76587817936137">
        <ele>5.3</ele>
        <time>2025-10-14T00:05:02Z</time>
      </trkpt>
      <trkpt lat="39.171433361858945" lon="117.76591211658132">
        <ele>5.3</ele>
        <time>2025-10-14T00:05:03Z</time>
      </trkpt>
      <trkpt lat="39.171436689391975" lon="117.76594519900233">
        <ele>5.3</ele>
        <time>2025-10-14T00:05:04Z</time>
      </trkpt>
      <trkpt lat="39.171439186085166" lon="117.76597823538843">
        <ele>5.3</ele>
        <time>2025-10-14T00:05:05Z</time>
      </trkpt>
      <trkpt lat="39.171439498686226" lon="117.76600826167217">
        <ele>5.3</ele>
        <time>2025-10-14T00:05:06Z</time>
      </trkpt>
      <trkpt lat="39.17143588824164" lon="117.7660397150114">
        <ele>5.3</ele>
        <time>2025-10-14T00:05:07Z</time>
      </trkpt>
      <trkpt lat="39.171426688930055" lon="117.7660686946452">
        <ele>5.3</ele>
        <time>2025-10-14T00:05:08Z</time>
      </trkpt>
      <trkpt lat="39.1714117034609" lon="117.76609510268035">
        <ele>5.3</ele>
        <time>2025-10-14T00:05:09Z</time>
      </trkpt>
      <trkpt lat="39.171390885250936" lon="117.76611911847893">
        <ele>5.3</ele>
        <time>2025-10-14T00:05:10Z</time>
      </trkpt>
      <trkpt lat="39.17136775617566" lon="117.76614240124609">
        <ele>5.3</ele>
        <time>2025-10-14T00:05:11Z</time>
      </trkpt>
      <trkpt lat="39.1713434912497" lon="117.76616552012116">
        <ele>5.3</ele>
        <time>2025-10-14T00:05:12Z</time>
      </trkpt>
      <trkpt lat="39.17131879048162" lon="117.76618843860669">
        <ele>5.3</ele>
        <time>2025-10-14T00:05:13Z</time>
      </trkpt>
      <trkpt lat="39.1712949699103" lon="117.7662112307553">
        <ele>5.3</ele>
        <time>2025-10-14T00:05:14Z</time>
      </trkpt>
      <trkpt lat="39.171270865776215" lon="117.76623624774788">
        <ele>5.3</ele>
        <time>2025-10-14T00:05:15Z</time>
      </trkpt>
      <trkpt lat="39.1712504463915" lon="117.76626071270447">
        <ele>5.3</ele>
        <time>2025-10-14T00:05:16Z</time>
      </trkpt>
      <trkpt lat="39.171231519222225" lon="117.76628666083217">
        <ele>5.3</ele>
        <time>2025-10-14T00:05:17Z</time>
      </trkpt>
      <trkpt lat="39.17121466699647" lon="117.76631433028183">
        <ele>5.3</ele>
        <time>2025-10-14T00:05:18Z</time>
      </trkpt>
      <trkpt lat="39.17119981018117" lon="117.7663437416137">
        <ele>5.3</ele>
        <time>2025-10-14T00:05:19Z</time>
      </trkpt>
      <trkpt lat="39.171187193247405" lon="117.766375066138">
        <ele>5.3</ele>
        <time>2025-10-14T00:05:20Z</time>
      </trkpt>
      <trkpt lat="39.17117773415589" lon="117.76640845121116">
        <ele>5.3</ele>
        <time>2025-10-14T00:05:21Z</time>
      </trkpt>
      <trkpt lat="39.1711702245509" lon="117.76644204103738">
        <ele>5.3</ele>
        <time>2025-10-14T00:05:22Z</time>
      </trkpt>
      <trkpt lat="39.17116423648298" lon="117.76647652178038">
        <ele>5.3</ele>
        <time>2025-10-14T00:05:23Z</time>
      </trkpt>
      <trkpt lat="39.17115978673994" lon="117.76650895817832">
        <ele>5.3</ele>
        <time>2025-10-14T00:05:24Z</time>
      </trkpt>
      <trkpt lat="39.17115552886553" lon="117.7665447961525">
        <ele>5.3</ele>
        <time>2025-10-14T00:05:25Z</time>
      </trkpt>
      <trkpt lat="39.1711511286423" lon="117.76657924598382">
        <ele>5.3</ele>
        <time>2025-10-14T00:05:26Z</time>
      </trkpt>
      <trkpt lat="39.17114575871639" lon="117.76661233313621">
        <ele>5.3</ele>
        <time>2025-10-14T00:05:27Z</time>
      </trkpt>
      <trkpt lat="39.17113917430249" lon="117.76664094006189">
        <ele>5.3</ele>
        <time>2025-10-14T00:05:28Z</time>
      </trkpt>
      <trkpt lat="39.17113167913925" lon="117.76666758808638">
        <ele>5.3</ele>
        <time>2025-10-14T00:05:29Z</time>
      </trkpt>
      <trkpt lat="39.17112402212581" lon="117.76669296078647">
        <ele>5.3</ele>
        <time>2025-10-14T00:05:30Z</time>
      </trkpt>
      <trkpt lat="39.17111709144261" lon="117.76671774713415">
        <ele>5.3</ele>
        <time>2025-10-14T00:05:31Z</time>
      </trkpt>
      <trkpt lat="39.17111081786422" lon="117.76674640429066">
        <ele>5.3</ele>
        <time>2025-10-14T00:05:32Z</time>
      </trkpt>
      <trkpt lat="39.17110597989729" lon="117.76677691378592">
        <ele>5.3</ele>
        <time>2025-10-14T00:05:33Z</time>
      </trkpt>
      <trkpt lat="39.17110286466961" lon="117.76680726394412">
        <ele>5.3</ele>
        <time>2025-10-14T00:05:34Z</time>
      </trkpt>
      <trkpt lat="39.1711012501193" lon="117.76683754173362">
        <ele>5.3</ele>
        <time>2025-10-14T00:05:35Z</time>
      </trkpt>
      <trkpt lat="39.17110025362563" lon="117.766866011552">
        <ele>5.3</ele>
        <time>2025-10-14T00:05:36Z</time>
      </trkpt>
      <trkpt lat="39.17109916188724" lon="117.76689477062781">
        <ele>5.3</ele>
        <time>2025-10-14T00:05:37Z</time>
      </trkpt>
      <trkpt lat="39.171097958763305" lon="117.766923791927">
        <ele>5.3</ele>
        <time>2025-10-14T00:05:38Z</time>
      </trkpt>
      <trkpt lat="39.17109668824054" lon="117.76695249870076">
        <ele>5.3</ele>
        <time>2025-10-14T00:05:39Z</time>
      </trkpt>
      <trkpt lat="39.171095355671426" lon="117.76698121225742">
        <ele>5.3</ele>
        <time>2025-10-14T00:05:40Z</time>
      </trkpt>
      <trkpt lat="39.17109405701754" lon="117.76700667035182">
        <ele>5.3</ele>
        <time>2025-10-14T00:05:41Z</time>
      </trkpt>
      <trkpt lat="39.17109269964069" lon="117.76703349195327">
        <ele>5.3</ele>
        <time>2025-10-14T00:05:42Z</time>
      </trkpt>
      <trkpt lat="39.17109135404985" lon="117.76706130252734">
        <ele>5.3</ele>
        <time>2025-10-14T00:05:43Z</time>
      </trkpt>
      <trkpt lat="39.171090017210204" lon="117.76709346294011">
        <ele>5.3</ele>
        <time>2025-10-14T00:05:44Z</time>
      </trkpt>
      <trkpt lat="39.17108883242468" lon="117.76712562564079">
        <ele>5.3</ele>
        <time>2025-10-14T00:05:45Z</time>
      </trkpt>
      <trkpt lat="39.171087795695634" lon="117.76715791179925">
        <ele>5.3</ele>
        <time>2025-10-14T00:05:46Z</time>
      </trkpt>
      <trkpt lat="39.171086870124356" lon="117.76719058412361">
        <ele>5.3</ele>
        <time>2025-10-14T00:05:47Z</time>
      </trkpt>
      <trkpt lat="39.17108602736345" lon="117.7672230267627">
        <ele>5.3</ele>
        <time>2025-10-14T00:05:48Z</time>
      </trkpt>
      <trkpt lat="39.1710851676561" lon="117.76725852227777">
        <ele>5.3</ele>
        <time>2025-10-14T00:05:49Z</time>
      </trkpt>
      <trkpt lat="39.17108444097558" lon="117.76728972180328">
        <ele>5.3</ele>
        <time>2025-10-14T00:05:50Z</time>
      </trkpt>
      <trkpt lat="39.17108376603199" lon="117.76732081788562">
        <ele>5.3</ele>
        <time>2025-10-14T00:05:51Z</time>
      </trkpt>
      <trkpt lat="39.171083150638786" lon="117.76735183202257">
        <ele>5.3</ele>
        <time>2025-10-14T00:05:52Z</time>
      </trkpt>
      <trkpt lat="39.1710825888167" lon="117.76738290937223">
        <ele>5.3</ele>
        <time>2025-10-14T00:05:53Z</time>
      </trkpt>
      <trkpt lat="39.17108205243145" lon="117.76741405136627">
        <ele>5.3</ele>
        <time>2025-10-14T00:05:54Z</time>
      </trkpt>
      <trkpt lat="39.171081523246784" lon="117.76744587550023">
        <ele>0</ele>
        <time>2025-10-14T00:05:55Z</time>
      </trkpt>
      <trkpt lat="39.17108098374124" lon="117.76747768331165">
        <ele>0</ele>
        <time>2025-10-14T00:05:56Z</time>
      </trkpt>
      <trkpt lat="39.17108038317875" lon="117.76751307320745">
        <ele>0</ele>
        <time>2025-10-14T00:05:57Z</time>
      </trkpt>
      <trkpt lat="39.17107986225867" lon="117.76754476996389">
        <ele>0</ele>
        <time>2025-10-14T00:05:58Z</time>
      </trkpt>
      <trkpt lat="39.171079368700525" lon="117.76757693897277">
        <ele>0</ele>
        <time>2025-10-14T00:05:59Z</time>
      </trkpt>
      <trkpt lat="39.17107891998461" lon="117.76760979238244">
        <ele>5.3</ele>
        <time>2025-10-14T00:06:00Z</time>
      </trkpt>
      <trkpt lat="39.17107852282017" lon="117.76764314084461">
        <ele>5.3</ele>
        <time>2025-10-14T00:06:01Z</time>
      </trkpt>
      <trkpt lat="39.171078196486775" lon="117.76767701690589">
        <ele>5.3</ele>
        <time>2025-10-14T00:06:02Z</time>
      </trkpt>
      <trkpt lat="39.1710779759098" lon="117.76771119309029">
        <ele>5.3</ele>
        <time>2025-10-14T00:06:03Z</time>
      </trkpt>
      <trkpt lat="39.17107784535126" lon="117.76774551827974">
        <ele>5.3</ele>
        <time>2025-10-14T00:06:04Z</time>
      </trkpt>
      <trkpt lat="39.17107777506666" lon="117.76777989669388">
        <ele>5.3</ele>
        <time>2025-10-14T00:06:05Z</time>
      </trkpt>
      <trkpt lat="39.171077742829276" lon="117.76781418728484">
        <ele>5.3</ele>
        <time>2025-10-14T00:06:06Z</time>
      </trkpt>
      <trkpt lat="39.17107774934214" lon="117.76784822925045">
        <ele>5.3</ele>
        <time>2025-10-14T00:06:07Z</time>
      </trkpt>
      <trkpt lat="39.17107782472798" lon="117.76788175876243">
        <ele>5.3</ele>
        <time>2025-10-14T00:06:08Z</time>
      </trkpt>
      <trkpt lat="39.17107796488426" lon="117.76791514470234">
        <ele>5.3</ele>
        <time>2025-10-14T00:06:09Z</time>
      </trkpt>
      <trkpt lat="39.171078138888085" lon="117.7679479470068">
        <ele>5.3</ele>
        <time>2025-10-14T00:06:10Z</time>
      </trkpt>
      <trkpt lat="39.171078275738196" lon="117.76798356358456">
        <ele>5.3</ele>
        <time>2025-10-14T00:06:11Z</time>
      </trkpt>
      <trkpt lat="39.17107843936486" lon="117.76801498595437">
        <ele>5.3</ele>
        <time>2025-10-14T00:06:12Z</time>
      </trkpt>
      <trkpt lat="39.17107858694726" lon="117.76804641322487">
        <ele>5.3</ele>
        <time>2025-10-14T00:06:13Z</time>
      </trkpt>
      <trkpt lat="39.17107873182546" lon="117.76807807177643">
        <ele>5.3</ele>
        <time>2025-10-14T00:06:14Z</time>
      </trkpt>
      <trkpt lat="39.17107891432115" lon="117.76810977106774">
        <ele>5.3</ele>
        <time>2025-10-14T00:06:15Z</time>
      </trkpt>
      <trkpt lat="39.17107919762362" lon="117.76814152710847">
        <ele>5.3</ele>
        <time>2025-10-14T00:06:16Z</time>
      </trkpt>
      <trkpt lat="39.1710796216955" lon="117.76817335784892">
        <ele>5.3</ele>
        <time>2025-10-14T00:06:17Z</time>
      </trkpt>
      <trkpt lat="39.17108018839725" lon="117.76820528067994">
        <ele>5.3</ele>
        <time>2025-10-14T00:06:18Z</time>
      </trkpt>
      <trkpt lat="39.17108087641956" lon="117.76823729300474">
        <ele>5.3</ele>
        <time>2025-10-14T00:06:19Z</time>
      </trkpt>
      <trkpt lat="39.171081685858894" lon="117.76826935853144">
        <ele>5.3</ele>
        <time>2025-10-14T00:06:20Z</time>
      </trkpt>
      <trkpt lat="39.17108257293764" lon="117.76830154209388">
        <ele>5.3</ele>
        <time>2025-10-14T00:06:21Z</time>
      </trkpt>
      <trkpt lat="39.17108350162058" lon="117.76833375836992">
        <ele>5.3</ele>
        <time>2025-10-14T00:06:22Z</time>
      </trkpt>
      <trkpt lat="39.17108438210098" lon="117.76836653042861">
        <ele>5.3</ele>
        <time>2025-10-14T00:06:23Z</time>
      </trkpt>
      <trkpt lat="39.17108515801924" lon="117.76839893856548">
        <ele>5.3</ele>
        <time>2025-10-14T00:06:24Z</time>
      </trkpt>
      <trkpt lat="39.171085722620106" lon="117.76843462475671">
        <ele>5.3</ele>
        <time>2025-10-14T00:06:25Z</time>
      </trkpt>
      <trkpt lat="39.171086094418335" lon="117.7684659281927">
        <ele>5.3</ele>
        <time>2025-10-14T00:06:26Z</time>
      </trkpt>
      <trkpt lat="39.17108619383719" lon="117.76849703057904">
        <ele>5.3</ele>
        <time>2025-10-14T00:06:27Z</time>
      </trkpt>
      <trkpt lat="39.17108597919831" lon="117.76852772946305">
        <ele>5.3</ele>
        <time>2025-10-14T00:06:28Z</time>
      </trkpt>
      <trkpt lat="39.17108542779904" lon="117.76855830684772">
        <ele>5.3</ele>
        <time>2025-10-14T00:06:29Z</time>
      </trkpt>
      <trkpt lat="39.17108450085191" lon="117.7685887526363">
        <ele>5.3</ele>
        <time>2025-10-14T00:06:30Z</time>
      </trkpt>
      <trkpt lat="39.17108318514922" lon="117.76861906141164">
        <ele>5.3</ele>
        <time>2025-10-14T00:06:31Z</time>
      </trkpt>
      <trkpt lat="39.17108151110533" lon="117.76864919094109">
        <ele>5.3</ele>
        <time>2025-10-14T00:06:32Z</time>
      </trkpt>
      <trkpt lat="39.171079567937426" lon="117.76867918625359">
        <ele>5.3</ele>
        <time>2025-10-14T00:06:33Z</time>
      </trkpt>
      <trkpt lat="39.17107741986178" lon="117.76870911201156">
        <ele>5.3</ele>
        <time>2025-10-14T00:06:34Z</time>
      </trkpt>
      <trkpt lat="39.17107518358892" lon="117.76873919361668">
        <ele>5.3</ele>
        <time>2025-10-14T00:06:35Z</time>
      </trkpt>
      <trkpt lat="39.17107273746" lon="117.76876967455921">
        <ele>5.3</ele>
        <time>2025-10-14T00:06:36Z</time>
      </trkpt>
      <trkpt lat="39.171070127953556" lon="117.76880139370188">
        <ele>5.3</ele>
        <time>2025-10-14T00:06:37Z</time>
      </trkpt>
      <trkpt lat="39.17106614605009" lon="117.7688357057012">
        <ele>5.3</ele>
        <time>2025-10-14T00:06:38Z</time>
      </trkpt>
      <trkpt lat="39.17106192118216" lon="117.76887318765172">
        <ele>5.3</ele>
        <time>2025-10-14T00:06:39Z</time>
      </trkpt>
      <trkpt lat="39.17105772470074" lon="117.76890942036601">
        <ele>5.3</ele>
        <time>2025-10-14T00:06:40Z</time>
      </trkpt>
      <trkpt lat="39.17105551330391" lon="117.76894626891547">
        <ele>5.3</ele>
        <time>2025-10-14T00:06:41Z</time>
      </trkpt>
      <trkpt lat="39.17105436927047" lon="117.76897965376857">
        <ele>5.3</ele>
        <time>2025-10-14T00:06:42Z</time>
      </trkpt>
      <trkpt lat="39.171054100350204" lon="117.76900980775694">
        <ele>5.3</ele>
        <time>2025-10-14T00:06:43Z</time>
      </trkpt>
      <trkpt lat="39.17105391173725" lon="117.76904022649059">
        <ele>5.3</ele>
        <time>2025-10-14T00:06:44Z</time>
      </trkpt>
      <trkpt lat="39.17105384062834" lon="117.76907075238337">
        <ele>5.3</ele>
        <time>2025-10-14T00:06:45Z</time>
      </trkpt>
      <trkpt lat="39.171053917453875" lon="117.76910129688515">
        <ele>5.3</ele>
        <time>2025-10-14T00:06:46Z</time>
      </trkpt>
      <trkpt lat="39.171054148044995" lon="117.7691318276126">
        <ele>5.3</ele>
        <time>2025-10-14T00:06:47Z</time>
      </trkpt>
      <trkpt lat="39.171054512543805" lon="117.76916237447267">
        <ele>5.3</ele>
        <time>2025-10-14T00:06:48Z</time>
      </trkpt>
      <trkpt lat="39.17105497659039" lon="117.76919288133425">
        <ele>5.3</ele>
        <time>2025-10-14T00:06:49Z</time>
      </trkpt>
      <trkpt lat="39.17105547329696" lon="117.76922337508981">
        <ele>5.3</ele>
        <time>2025-10-14T00:06:50Z</time>
      </trkpt>
      <trkpt lat="39.17105594122179" lon="117.76925344623388">
        <ele>5.3</ele>
        <time>2025-10-14T00:06:51Z</time>
      </trkpt>
      <trkpt lat="39.171056338328576" lon="117.76928339965323">
        <ele>5.3</ele>
        <time>2025-10-14T00:06:52Z</time>
      </trkpt>
      <trkpt lat="39.171056686443194" lon="117.76931054522854">
        <ele>5.3</ele>
        <time>2025-10-14T00:06:53Z</time>
      </trkpt>
      <trkpt lat="39.17105697833003" lon="117.76933867745772">
        <ele>5.3</ele>
        <time>2025-10-14T00:06:54Z</time>
      </trkpt>
      <trkpt lat="39.171057195741014" lon="117.76937115014249">
        <ele>0</ele>
        <time>2025-10-14T00:06:55Z</time>
      </trkpt>
      <trkpt lat="39.17105735889513" lon="117.76940353013542">
        <ele>0</ele>
        <time>2025-10-14T00:06:56Z</time>
      </trkpt>
      <trkpt lat="39.17105746867003" lon="117.76943583238373">
        <ele>0</ele>
        <time>2025-10-14T00:06:57Z</time>
      </trkpt>
      <trkpt lat="39.171057524596954" lon="117.76946783366456">
        <ele>0</ele>
        <time>2025-10-14T00:06:58Z</time>
      </trkpt>
      <trkpt lat="39.17105751894543" lon="117.76949975374052">
        <ele>0</ele>
        <time>2025-10-14T00:06:59Z</time>
      </trkpt>
      <trkpt lat="39.17105742755918" lon="117.76953160599747">
        <ele>5.3</ele>
        <time>2025-10-14T00:07:00Z</time>
      </trkpt>
      <trkpt lat="39.171057219472296" lon="117.76956343790042">
        <ele>5.3</ele>
        <time>2025-10-14T00:07:01Z</time>
      </trkpt>
      <trkpt lat="39.1710569024129" lon="117.76959527474516">
        <ele>5.3</ele>
        <time>2025-10-14T00:07:02Z</time>
      </trkpt>
      <trkpt lat="39.171056484083245" lon="117.76962706728456">
        <ele>5.3</ele>
        <time>2025-10-14T00:07:03Z</time>
      </trkpt>
      <trkpt lat="39.17105596612343" lon="117.76965880765484">
        <ele>5.3</ele>
        <time>2025-10-14T00:07:04Z</time>
      </trkpt>
      <trkpt lat="39.17105535247486" lon="117.76969002591818">
        <ele>5.3</ele>
        <time>2025-10-14T00:07:05Z</time>
      </trkpt>
      <trkpt lat="39.17105464355949" lon="117.76972087906474">
        <ele>5.3</ele>
        <time>2025-10-14T00:07:06Z</time>
      </trkpt>
      <trkpt lat="39.17105385850259" lon="117.769748671013">
        <ele>5.3</ele>
        <time>2025-10-14T00:07:07Z</time>
      </trkpt>
      <trkpt lat="39.17105295912383" lon="117.76977713709314">
        <ele>5.3</ele>
        <time>2025-10-14T00:07:08Z</time>
      </trkpt>
      <trkpt lat="39.17105190664377" lon="117.7698102336633">
        <ele>5.3</ele>
        <time>2025-10-14T00:07:09Z</time>
      </trkpt>
      <trkpt lat="39.171050812710554" lon="117.76984285031884">
        <ele>5.3</ele>
        <time>2025-10-14T00:07:10Z</time>
      </trkpt>
      <trkpt lat="39.171049694585086" lon="117.76987859437439">
        <ele>5.3</ele>
        <time>2025-10-14T00:07:11Z</time>
      </trkpt>
      <trkpt lat="39.171048695375106" lon="117.76990999822105">
        <ele>5.3</ele>
        <time>2025-10-14T00:07:12Z</time>
      </trkpt>
      <trkpt lat="39.17104779945804" lon="117.76994147634974">
        <ele>5.3</ele>
        <time>2025-10-14T00:07:13Z</time>
      </trkpt>
      <trkpt lat="39.171047019712795" lon="117.76997304383728">
        <ele>5.3</ele>
        <time>2025-10-14T00:07:14Z</time>
      </trkpt>
      <trkpt lat="39.171046368018345" lon="117.770004772409">
        <ele>5.3</ele>
        <time>2025-10-14T00:07:15Z</time>
      </trkpt>
      <trkpt lat="39.17104584389382" lon="117.7700367540892">
        <ele>5.3</ele>
        <time>2025-10-14T00:07:16Z</time>
      </trkpt>
      <trkpt lat="39.171045411672736" lon="117.77006905880633">
        <ele>5.3</ele>
        <time>2025-10-14T00:07:17Z</time>
      </trkpt>
      <trkpt lat="39.17104501048146" lon="117.77010175964831">
        <ele>5.3</ele>
        <time>2025-10-14T00:07:18Z</time>
      </trkpt>
      <trkpt lat="39.171044570020996" lon="117.77013474751455">
        <ele>5.3</ele>
        <time>2025-10-14T00:07:19Z</time>
      </trkpt>
      <trkpt lat="39.171044056883154" lon="117.7701684732767">
        <ele>5.3</ele>
        <time>2025-10-14T00:07:20Z</time>
      </trkpt>
      <trkpt lat="39.17104350707652" lon="117.77020209426826">
        <ele>5.3</ele>
        <time>2025-10-14T00:07:21Z</time>
      </trkpt>
      <trkpt lat="39.171042926556495" lon="117.7702390624935">
        <ele>5.3</ele>
        <time>2025-10-14T00:07:22Z</time>
      </trkpt>
      <trkpt lat="39.17104244464201" lon="117.77027201214145">
        <ele>5.3</ele>
        <time>2025-10-14T00:07:23Z</time>
      </trkpt>
      <trkpt lat="39.171041994035924" lon="117.77030508330007">
        <ele>5.3</ele>
        <time>2025-10-14T00:07:24Z</time>
      </trkpt>
      <trkpt lat="39.171041533183626" lon="117.77033845702731">
        <ele>5.3</ele>
        <time>2025-10-14T00:07:25Z</time>
      </trkpt>
      <trkpt lat="39.17104103282076" lon="117.77037186058804">
        <ele>5.3</ele>
        <time>2025-10-14T00:07:26Z</time>
      </trkpt>
      <trkpt lat="39.17104046816186" lon="117.7704052006027">
        <ele>5.3</ele>
        <time>2025-10-14T00:07:27Z</time>
      </trkpt>
      <trkpt lat="39.171039825989965" lon="117.77043817898627">
        <ele>5.3</ele>
        <time>2025-10-14T00:07:28Z</time>
      </trkpt>
      <trkpt lat="39.17103909482168" lon="117.77047096815315">
        <ele>5.3</ele>
        <time>2025-10-14T00:07:29Z</time>
      </trkpt>
      <trkpt lat="39.171038301459085" lon="117.77050337895759">
        <ele>5.3</ele>
        <time>2025-10-14T00:07:30Z</time>
      </trkpt>
      <trkpt lat="39.17103747989273" lon="117.77053567776869">
        <ele>5.3</ele>
        <time>2025-10-14T00:07:31Z</time>
      </trkpt>
      <trkpt lat="39.17103665890855" lon="117.77056794419825">
        <ele>5.3</ele>
        <time>2025-10-14T00:07:32Z</time>
      </trkpt>
      <trkpt lat="39.17103583753297" lon="117.77060033843273">
        <ele>5.3</ele>
        <time>2025-10-14T00:07:33Z</time>
      </trkpt>
      <trkpt lat="39.17103501380609" lon="117.77063315776131">
        <ele>5.3</ele>
        <time>2025-10-14T00:07:34Z</time>
      </trkpt>
      <trkpt lat="39.17103419644987" lon="117.77066565774443">
        <ele>5.3</ele>
        <time>2025-10-14T00:07:35Z</time>
      </trkpt>
      <trkpt lat="39.17103337051227" lon="117.77070135638996">
        <ele>5.3</ele>
        <time>2025-10-14T00:07:36Z</time>
      </trkpt>
      <trkpt lat="39.17103262924404" lon="117.77073292845182">
        <ele>5.3</ele>
        <time>2025-10-14T00:07:37Z</time>
      </trkpt>
      <trkpt lat="39.17103194228631" lon="117.77076454121969">
        <ele>5.3</ele>
        <time>2025-10-14T00:07:38Z</time>
      </trkpt>
      <trkpt lat="39.171031317791304" lon="117.77079621211507">
        <ele>5.3</ele>
        <time>2025-10-14T00:07:39Z</time>
      </trkpt>
      <trkpt lat="39.17103076454049" lon="117.77082797067659">
        <ele>5.3</ele>
        <time>2025-10-14T00:07:40Z</time>
      </trkpt>
      <trkpt lat="39.17103029371423" lon="117.77085981066097">
        <ele>5.3</ele>
        <time>2025-10-14T00:07:41Z</time>
      </trkpt>
      <trkpt lat="39.17102992451988" lon="117.77089170856107">
        <ele>5.3</ele>
        <time>2025-10-14T00:07:42Z</time>
      </trkpt>
      <trkpt lat="39.17102966431436" lon="117.77092373025222">
        <ele>5.3</ele>
        <time>2025-10-14T00:07:43Z</time>
      </trkpt>
      <trkpt lat="39.17102951688308" lon="117.77095581211356">
        <ele>5.3</ele>
        <time>2025-10-14T00:07:44Z</time>
      </trkpt>
      <trkpt lat="39.17102949139805" lon="117.77098853810536">
        <ele>5.3</ele>
        <time>2025-10-14T00:07:45Z</time>
      </trkpt>
      <trkpt lat="39.171029587904194" lon="117.77102101752808">
        <ele>5.3</ele>
        <time>2025-10-14T00:07:46Z</time>
      </trkpt>
      <trkpt lat="39.171029746269554" lon="117.7710569182357">
        <ele>5.3</ele>
        <time>2025-10-14T00:07:47Z</time>
      </trkpt>
      <trkpt lat="39.17102996995255" lon="117.77108810829554">
        <ele>5.3</ele>
        <time>2025-10-14T00:07:48Z</time>
      </trkpt>
      <trkpt lat="39.171030162233855" lon="117.77111901111215">
        <ele>5.3</ele>
        <time>2025-10-14T00:07:49Z</time>
      </trkpt>
      <trkpt lat="39.17103034953501" lon="117.7711467227386">
        <ele>5.3</ele>
        <time>2025-10-14T00:07:50Z</time>
      </trkpt>
      <trkpt lat="39.17103053406892" lon="117.7711753174837">
        <ele>5.3</ele>
        <time>2025-10-14T00:07:51Z</time>
      </trkpt>
      <trkpt lat="39.17103075954459" lon="117.77120815131116">
        <ele>5.3</ele>
        <time>2025-10-14T00:07:52Z</time>
      </trkpt>
      <trkpt lat="39.17103106253415" lon="117.77124086756962">
        <ele>5.3</ele>
        <time>2025-10-14T00:07:53Z</time>
      </trkpt>
      <trkpt lat="39.17103144877757" lon="117.7712733487567">
        <ele>5.3</ele>
        <time>2025-10-14T00:07:54Z</time>
      </trkpt>
      <trkpt lat="39.17103190146454" lon="117.77130572408379">
        <ele>0</ele>
        <time>2025-10-14T00:07:55Z</time>
      </trkpt>
      <trkpt lat="39.17103240516512" lon="117.77133826949243">
        <ele>0</ele>
        <time>2025-10-14T00:07:56Z</time>
      </trkpt>
      <trkpt lat="39.17103294106201" lon="117.77137118229987">
        <ele>0</ele>
        <time>2025-10-14T00:07:57Z</time>
      </trkpt>
      <trkpt lat="39.17103352016088" lon="117.7714043645612">
        <ele>0</ele>
        <time>2025-10-14T00:07:58Z</time>
      </trkpt>
      <trkpt lat="39.1710341431213" lon="117.77143749301614">
        <ele>0</ele>
        <time>2025-10-14T00:07:59Z</time>
      </trkpt>
      <trkpt lat="39.171034774328035" lon="117.77147050640944">
        <ele>5.3</ele>
        <time>2025-10-14T00:08:00Z</time>
      </trkpt>
      <trkpt lat="39.17103535731652" lon="117.77150321498821">
        <ele>5.3</ele>
        <time>2025-10-14T00:08:01Z</time>
      </trkpt>
      <trkpt lat="39.17103579733608" lon="117.77153599125911">
        <ele>5.3</ele>
        <time>2025-10-14T00:08:02Z</time>
      </trkpt>
      <trkpt lat="39.1710360596117" lon="117.77156882189891">
        <ele>5.3</ele>
        <time>2025-10-14T00:08:03Z</time>
      </trkpt>
      <trkpt lat="39.17103611273801" lon="117.77160226869374">
        <ele>5.3</ele>
        <time>2025-10-14T00:08:04Z</time>
      </trkpt>
      <trkpt lat="39.17103600011233" lon="117.77163535755508">
        <ele>5.3</ele>
        <time>2025-10-14T00:08:05Z</time>
      </trkpt>
      <trkpt lat="39.17103571153535" lon="117.77167162520597">
        <ele>5.3</ele>
        <time>2025-10-14T00:08:06Z</time>
      </trkpt>
      <trkpt lat="39.171035299109406" lon="117.7717037736552">
        <ele>5.3</ele>
        <time>2025-10-14T00:08:07Z</time>
      </trkpt>
      <trkpt lat="39.17103474511696" lon="117.77173596910498">
        <ele>5.3</ele>
        <time>2025-10-14T00:08:08Z</time>
      </trkpt>
      <trkpt lat="39.1710340212606" lon="117.77176855476374">
        <ele>5.3</ele>
        <time>2025-10-14T00:08:09Z</time>
      </trkpt>
      <trkpt lat="39.17103307130564" lon="117.77180139841093">
        <ele>5.3</ele>
        <time>2025-10-14T00:08:10Z</time>
      </trkpt>
      <trkpt lat="39.171031822229345" lon="117.77183445150163">
        <ele>5.3</ele>
        <time>2025-10-14T00:08:11Z</time>
      </trkpt>
      <trkpt lat="39.171030213703034" lon="117.77186749267997">
        <ele>5.3</ele>
        <time>2025-10-14T00:08:12Z</time>
      </trkpt>
      <trkpt lat="39.17102808409761" lon="117.7719009124221">
        <ele>5.3</ele>
        <time>2025-10-14T00:08:13Z</time>
      </trkpt>
      <trkpt lat="39.17102527766924" lon="117.77193481938733">
        <ele>5.3</ele>
        <time>2025-10-14T00:08:14Z</time>
      </trkpt>
      <trkpt lat="39.1710206516918" lon="117.77197172307497">
        <ele>5.3</ele>
        <time>2025-10-14T00:08:15Z</time>
      </trkpt>
      <trkpt lat="39.17101424550061" lon="117.77200949234597">
        <ele>5.3</ele>
        <time>2025-10-14T00:08:16Z</time>
      </trkpt>
      <trkpt lat="39.171005472921244" lon="117.77204768073288">
        <ele>5.3</ele>
        <time>2025-10-14T00:08:17Z</time>
      </trkpt>
      <trkpt lat="39.17099381693765" lon="117.7720746199335">
        <ele>5.3</ele>
        <time>2025-10-14T00:08:18Z</time>
      </trkpt>
      <trkpt lat="39.170979490372154" lon="117.77209543196356">
        <ele>5.3</ele>
        <time>2025-10-14T00:08:19Z</time>
      </trkpt>
      <trkpt lat="39.17096074950845" lon="117.77211258833694">
        <ele>5.3</ele>
        <time>2025-10-14T00:08:20Z</time>
      </trkpt>
      <trkpt lat="39.17094138605464" lon="117.77212969473949">
        <ele>5.3</ele>
        <time>2025-10-14T00:08:21Z</time>
      </trkpt>
      <trkpt lat="39.17092139404386" lon="117.77214658652397">
        <ele>5.3</ele>
        <time>2025-10-14T00:08:22Z</time>
      </trkpt>
      <trkpt lat="39.170900865062336" lon="117.77216320321679">
        <ele>5.3</ele>
        <time>2025-10-14T00:08:23Z</time>
      </trkpt>
      <trkpt lat="39.17088031152612" lon="117.77217910248167">
        <ele>5.3</ele>
        <time>2025-10-14T00:08:24Z</time>
      </trkpt>
      <trkpt lat="39.170859210671175" lon="117.77219471014367">
        <ele>5.3</ele>
        <time>2025-10-14T00:08:25Z</time>
      </trkpt>
      <trkpt lat="39.1708402947413" lon="117.77220769779981">
        <ele>5.3</ele>
        <time>2025-10-14T00:08:26Z</time>
      </trkpt>
      <trkpt lat="39.170818827686006" lon="117.77222216910587">
        <ele>5.3</ele>
        <time>2025-10-14T00:08:27Z</time>
      </trkpt>
      <trkpt lat="39.170797463171745" lon="117.7722360632367">
        <ele>5.3</ele>
        <time>2025-10-14T00:08:28Z</time>
      </trkpt>
      <trkpt lat="39.170775992338875" lon="117.77224978418339">
        <ele>5.3</ele>
        <time>2025-10-14T00:08:29Z</time>
      </trkpt>
      <trkpt lat="39.17075459640785" lon="117.77226340341555">
        <ele>5.3</ele>
        <time>2025-10-14T00:08:30Z</time>
      </trkpt>
      <trkpt lat="39.17073377080026" lon="117.77227663306044">
        <ele>5.3</ele>
        <time>2025-10-14T00:08:31Z</time>
      </trkpt>
      <trkpt lat="39.17071350550104" lon="117.77228963554782">
        <ele>5.3</ele>
        <time>2025-10-14T00:08:32Z</time>
      </trkpt>
      <trkpt lat="39.170695585508426" lon="117.77230105090194">
        <ele>5.3</ele>
        <time>2025-10-14T00:08:33Z</time>
      </trkpt>
      <trkpt lat="39.17067755697272" lon="117.77231313735514">
        <ele>5.3</ele>
        <time>2025-10-14T00:08:34Z</time>
      </trkpt>
      <trkpt lat="39.170657389088966" lon="117.7723277906053">
        <ele>5.3</ele>
        <time>2025-10-14T00:08:35Z</time>
      </trkpt>
      <trkpt lat="39.17063764363851" lon="117.77234285652379">
        <ele>5.3</ele>
        <time>2025-10-14T00:08:36Z</time>
      </trkpt>
      <trkpt lat="39.170618308121576" lon="117.7723583630655">
        <ele>5.3</ele>
        <time>2025-10-14T00:08:37Z</time>
      </trkpt>
      <trkpt lat="39.170598987687676" lon="117.77237468201679">
        <ele>5.3</ele>
        <time>2025-10-14T00:08:38Z</time>
      </trkpt>
      <trkpt lat="39.17058011269656" lon="117.77239136326419">
        <ele>5.3</ele>
        <time>2025-10-14T00:08:39Z</time>
      </trkpt>
      <trkpt lat="39.17055941245117" lon="117.77241045184735">
        <ele>5.3</ele>
        <time>2025-10-14T00:08:40Z</time>
      </trkpt>
      <trkpt lat="39.17054148561769" lon="117.77242784548267">
        <ele>5.3</ele>
        <time>2025-10-14T00:08:41Z</time>
      </trkpt>
      <trkpt lat="39.17052363045041" lon="117.77244593219287">
        <ele>5.3</ele>
        <time>2025-10-14T00:08:42Z</time>
      </trkpt>
      <trkpt lat="39.17050566763289" lon="117.77246483582755">
        <ele>5.3</ele>
        <time>2025-10-14T00:08:43Z</time>
      </trkpt>
      <trkpt lat="39.17048762985045" lon="117.7724843715474">
        <ele>5.3</ele>
        <time>2025-10-14T00:08:44Z</time>
      </trkpt>
      <trkpt lat="39.17046953669057" lon="117.77250442688388">
        <ele>5.3</ele>
        <time>2025-10-14T00:08:45Z</time>
      </trkpt>
      <trkpt lat="39.170451062457474" lon="117.77252525790341">
        <ele>5.3</ele>
        <time>2025-10-14T00:08:46Z</time>
      </trkpt>
      <trkpt lat="39.170432733652724" lon="117.77254625042981">
        <ele>5.3</ele>
        <time>2025-10-14T00:08:47Z</time>
      </trkpt>
      <trkpt lat="39.17041225427735" lon="117.77256945003971">
        <ele>5.3</ele>
        <time>2025-10-14T00:08:48Z</time>
      </trkpt>
      <trkpt lat="39.170394509814784" lon="117.77259014291519">
        <ele>5.3</ele>
        <time>2025-10-14T00:08:49Z</time>
      </trkpt>
      <trkpt lat="39.170376695968635" lon="117.77261080123274">
        <ele>5.3</ele>
        <time>2025-10-14T00:08:50Z</time>
      </trkpt>
      <trkpt lat="39.17035882187976" lon="117.77263134320047">
        <ele>5.3</ele>
        <time>2025-10-14T00:08:51Z</time>
      </trkpt>
      <trkpt lat="39.1703405931474" lon="117.77265192128803">
        <ele>5.3</ele>
        <time>2025-10-14T00:08:52Z</time>
      </trkpt>
      <trkpt lat="39.17032172741717" lon="117.77267305428155">
        <ele>5.3</ele>
        <time>2025-10-14T00:08:53Z</time>
      </trkpt>
      <trkpt lat="39.17030212778329" lon="117.77269466833049">
        <ele>5.3</ele>
        <time>2025-10-14T00:08:54Z</time>
      </trkpt>
      <trkpt lat="39.170280553680485" lon="117.77271972882102">
        <ele>0</ele>
        <time>2025-10-14T00:08:55Z</time>
      </trkpt>
      <trkpt lat="39.170257574119496" lon="117.77274543785674">
        <ele>0</ele>
        <time>2025-10-14T00:08:56Z</time>
      </trkpt>
      <trkpt lat="39.17023372410244" lon="117.77277061567453">
        <ele>0</ele>
        <time>2025-10-14T00:08:57Z</time>
      </trkpt>
      <trkpt lat="39.17021120164604" lon="117.77278979850708">
        <ele>0</ele>
        <time>2025-10-14T00:08:58Z</time>
      </trkpt>
      <trkpt lat="39.17018975165404" lon="117.77280524273974">
        <ele>0</ele>
        <time>2025-10-14T00:08:59Z</time>
      </trkpt>
      <trkpt lat="39.1701683476273" lon="117.77281769173952">
        <ele>5.3</ele>
        <time>2025-10-14T00:09:00Z</time>
      </trkpt>
      <trkpt lat="39.170146905799676" lon="117.77282983287216">
        <ele>5.3</ele>
        <time>2025-10-14T00:09:01Z</time>
      </trkpt>
      <trkpt lat="39.170122967964204" lon="117.77284299337362">
        <ele>5.3</ele>
        <time>2025-10-14T00:09:02Z</time>
      </trkpt>
      <trkpt lat="39.1701017810345" lon="117.77285399990353">
        <ele>5.3</ele>
        <time>2025-10-14T00:09:03Z</time>
      </trkpt>
      <trkpt lat="39.17008033045055" lon="117.77286457040388">
        <ele>5.3</ele>
        <time>2025-10-14T00:09:04Z</time>
      </trkpt>
      <trkpt lat="39.170058138016245" lon="117.77287495426647">
        <ele>5.3</ele>
        <time>2025-10-14T00:09:05Z</time>
      </trkpt>
      <trkpt lat="39.17003585842617" lon="117.7728848056838">
        <ele>5.3</ele>
        <time>2025-10-14T00:09:06Z</time>
      </trkpt>
      <trkpt lat="39.17001108130722" lon="117.77289562803853">
        <ele>5.3</ele>
        <time>2025-10-14T00:09:07Z</time>
      </trkpt>
      <trkpt lat="39.16998933576733" lon="117.77290435992718">
        <ele>5.3</ele>
        <time>2025-10-14T00:09:08Z</time>
      </trkpt>
      <trkpt lat="39.1699675786639" lon="117.77291295662235">
        <ele>5.3</ele>
        <time>2025-10-14T00:09:09Z</time>
      </trkpt>
      <trkpt lat="39.169945863033455" lon="117.77292155799668">
        <ele>5.3</ele>
        <time>2025-10-14T00:09:10Z</time>
      </trkpt>
      <trkpt lat="39.16992412654616" lon="117.77293028201137">
        <ele>5.3</ele>
        <time>2025-10-14T00:09:11Z</time>
      </trkpt>
      <trkpt lat="39.16990240012837" lon="117.77293922723601">
        <ele>5.3</ele>
        <time>2025-10-14T00:09:12Z</time>
      </trkpt>
      <trkpt lat="39.16988031390181" lon="117.77294879825924">
        <ele>5.3</ele>
        <time>2025-10-14T00:09:13Z</time>
      </trkpt>
      <trkpt lat="39.16985833759013" lon="117.77295883450546">
        <ele>5.3</ele>
        <time>2025-10-14T00:09:14Z</time>
      </trkpt>
      <trkpt lat="39.16983407669931" lon="117.77297096864967">
        <ele>5.3</ele>
        <time>2025-10-14T00:09:15Z</time>
      </trkpt>
      <trkpt lat="39.16981294265818" lon="117.77298200069772">
        <ele>5.3</ele>
        <time>2025-10-14T00:09:16Z</time>
      </trkpt>
      <trkpt lat="39.16979196227659" lon="117.77299380835261">
        <ele>5.3</ele>
        <time>2025-10-14T00:09:17Z</time>
      </trkpt>
      <trkpt lat="39.169771001931316" lon="117.77300652449489">
        <ele>5.3</ele>
        <time>2025-10-14T00:09:18Z</time>
      </trkpt>
      <trkpt lat="39.16975004500129" lon="117.77302009426674">
        <ele>5.3</ele>
        <time>2025-10-14T00:09:19Z</time>
      </trkpt>
      <trkpt lat="39.169729216512124" lon="117.77303438525664">
        <ele>5.3</ele>
        <time>2025-10-14T00:09:20Z</time>
      </trkpt>
      <trkpt lat="39.169708211588144" lon="117.77304959934554">
        <ele>5.3</ele>
        <time>2025-10-14T00:09:21Z</time>
      </trkpt>
      <trkpt lat="39.169687623288034" lon="117.77306521299003">
        <ele>5.3</ele>
        <time>2025-10-14T00:09:22Z</time>
      </trkpt>
      <trkpt lat="39.169664918231206" lon="117.77308285566275">
        <ele>5.3</ele>
        <time>2025-10-14T00:09:23Z</time>
      </trkpt>
      <trkpt lat="39.16964541803141" lon="117.77309891897484">
        <ele>5.3</ele>
        <time>2025-10-14T00:09:24Z</time>
      </trkpt>
      <trkpt lat="39.16962603710553" lon="117.77311534422097">
        <ele>5.3</ele>
        <time>2025-10-14T00:09:25Z</time>
      </trkpt>
      <trkpt lat="39.169606709840075" lon="117.77313208344648">
        <ele>5.3</ele>
        <time>2025-10-14T00:09:26Z</time>
      </trkpt>
      <trkpt lat="39.16958729945597" lon="117.77314905734029">
        <ele>5.3</ele>
        <time>2025-10-14T00:09:27Z</time>
      </trkpt>
      <trkpt lat="39.169567775429456" lon="117.77316614952807">
        <ele>5.3</ele>
        <time>2025-10-14T00:09:28Z</time>
      </trkpt>
      <trkpt lat="39.16954785308887" lon="117.77318347976906">
        <ele>5.3</ele>
        <time>2025-10-14T00:09:29Z</time>
      </trkpt>
      <trkpt lat="39.1695278763207" lon="117.77320064915162">
        <ele>5.3</ele>
        <time>2025-10-14T00:09:30Z</time>
      </trkpt>
      <trkpt lat="39.169505288252275" lon="117.77321932306421">
        <ele>5.3</ele>
        <time>2025-10-14T00:09:31Z</time>
      </trkpt>
      <trkpt lat="39.169485181478144" lon="117.77323580167439">
        <ele>5.3</ele>
        <time>2025-10-14T00:09:32Z</time>
      </trkpt>
      <trkpt lat="39.1694647596167" lon="117.77325196966977">
        <ele>5.3</ele>
        <time>2025-10-14T00:09:33Z</time>
      </trkpt>
      <trkpt lat="39.169444115999795" lon="117.77326782728572">
        <ele>5.3</ele>
        <time>2025-10-14T00:09:34Z</time>
      </trkpt>
      <trkpt lat="39.16942340020057" lon="117.77328339696442">
        <ele>5.3</ele>
        <time>2025-10-14T00:09:35Z</time>
      </trkpt>
      <trkpt lat="39.16940272463768" lon="117.77329877625989">
        <ele>5.3</ele>
        <time>2025-10-14T00:09:36Z</time>
      </trkpt>
      <trkpt lat="39.16938229910421" lon="117.77331395777446">
        <ele>5.3</ele>
        <time>2025-10-14T00:09:37Z</time>
      </trkpt>
      <trkpt lat="39.16936215141453" lon="117.7733290271245">
        <ele>5.3</ele>
        <time>2025-10-14T00:09:38Z</time>
      </trkpt>
      <trkpt lat="39.169342217394025" lon="117.77334415261404">
        <ele>5.3</ele>
        <time>2025-10-14T00:09:39Z</time>
      </trkpt>
      <trkpt lat="39.16932252930975" lon="117.77335945417543">
        <ele>5.3</ele>
        <time>2025-10-14T00:09:40Z</time>
      </trkpt>
      <trkpt lat="39.1693033508123" lon="117.7733748304994">
        <ele>5.3</ele>
        <time>2025-10-14T00:09:41Z</time>
      </trkpt>
      <trkpt lat="39.16928453245251" lon="117.77339037911462">
        <ele>5.3</ele>
        <time>2025-10-14T00:09:42Z</time>
      </trkpt>
      <trkpt lat="39.16926764693627" lon="117.77340488238274">
        <ele>5.3</ele>
        <time>2025-10-14T00:09:43Z</time>
      </trkpt>
      <trkpt lat="39.16924992607955" lon="117.77342013960072">
        <ele>5.3</ele>
        <time>2025-10-14T00:09:44Z</time>
      </trkpt>
      <trkpt lat="39.169228967636904" lon="117.773437905883">
        <ele>5.3</ele>
        <time>2025-10-14T00:09:45Z</time>
      </trkpt>
      <trkpt lat="39.169207801401654" lon="117.77345580560785">
        <ele>5.3</ele>
        <time>2025-10-14T00:09:46Z</time>
      </trkpt>
      <trkpt lat="39.16918486937666" lon="117.77347630633444">
        <ele>5.3</ele>
        <time>2025-10-14T00:09:47Z</time>
      </trkpt>
      <trkpt lat="39.1691618780271" lon="117.77349658469961">
        <ele>5.3</ele>
        <time>2025-10-14T00:09:48Z</time>
      </trkpt>
      <trkpt lat="39.16913857046021" lon="117.7735163863715">
        <ele>5.3</ele>
        <time>2025-10-14T00:09:49Z</time>
      </trkpt>
      <trkpt lat="39.16911683047236" lon="117.77353294645125">
        <ele>5.3</ele>
        <time>2025-10-14T00:09:50Z</time>
      </trkpt>
      <trkpt lat="39.169095834133" lon="117.77354830124541">
        <ele>5.3</ele>
        <time>2025-10-14T00:09:51Z</time>
      </trkpt>
      <trkpt lat="39.16907511818749" lon="117.77356325347279">
        <ele>5.3</ele>
        <time>2025-10-14T00:09:52Z</time>
      </trkpt>
      <trkpt lat="39.169054114603625" lon="117.77357812353637">
        <ele>5.3</ele>
        <time>2025-10-14T00:09:53Z</time>
      </trkpt>
      <trkpt lat="39.16903244015981" lon="117.77359296509226">
        <ele>5.3</ele>
        <time>2025-10-14T00:09:54Z</time>
      </trkpt>
      <trkpt lat="39.16900994336277" lon="117.77360772514473">
        <ele>0</ele>
        <time>2025-10-14T00:09:55Z</time>
      </trkpt>
      <trkpt lat="39.16898678964334" lon="117.77362216817761">
        <ele>0</ele>
        <time>2025-10-14T00:09:56Z</time>
      </trkpt>
      <trkpt lat="39.168963012402436" lon="117.77363586839992">
        <ele>0</ele>
        <time>2025-10-14T00:09:57Z</time>
      </trkpt>
      <trkpt lat="39.16893932215264" lon="117.77364714810551">
        <ele>0</ele>
        <time>2025-10-14T00:09:58Z</time>
      </trkpt>
      <trkpt lat="39.16891366505673" lon="117.77365466697266">
        <ele>0</ele>
        <time>2025-10-14T00:09:59Z</time>
      </trkpt>
      <trkpt lat="39.16889002079472" lon="117.77365532628009">
        <ele>5.3</ele>
        <time>2025-10-14T00:10:00Z</time>
      </trkpt>
      <trkpt lat="39.168865936380044" lon="117.7736517717453">
        <ele>5.3</ele>
        <time>2025-10-14T00:10:01Z</time>
      </trkpt>
      <trkpt lat="39.16884146552264" lon="117.77364499878085">
        <ele>5.3</ele>
        <time>2025-10-14T00:10:02Z</time>
      </trkpt>
      <trkpt lat="39.16881660819127" lon="117.77363833865275">
        <ele>5.3</ele>
        <time>2025-10-14T00:10:03Z</time>
      </trkpt>
      <trkpt lat="39.168791591698415" lon="117.77363262298276">
        <ele>5.3</ele>
        <time>2025-10-14T00:10:04Z</time>
      </trkpt>
      <trkpt lat="39.168766656787675" lon="117.77362831290004">
        <ele>5.3</ele>
        <time>2025-10-14T00:10:05Z</time>
      </trkpt>
      <trkpt lat="39.16874212603157" lon="117.77362473813656">
        <ele>5.3</ele>
        <time>2025-10-14T00:10:06Z</time>
      </trkpt>
      <trkpt lat="39.168718487877314" lon="117.77362241397579">
        <ele>5.3</ele>
        <time>2025-10-14T00:10:07Z</time>
      </trkpt>
      <trkpt lat="39.16869590290985" lon="117.7736225192979">
        <ele>5.3</ele>
        <time>2025-10-14T00:10:08Z</time>
      </trkpt>
      <trkpt lat="39.16867431630007" lon="117.77362534661495">
        <ele>5.3</ele>
        <time>2025-10-14T00:10:09Z</time>
      </trkpt>
      <trkpt lat="39.16865329739668" lon="117.77363040667697">
        <ele>5.3</ele>
        <time>2025-10-14T00:10:10Z</time>
      </trkpt>
      <trkpt lat="39.168632213516915" lon="117.7736376634674">
        <ele>5.3</ele>
        <time>2025-10-14T00:10:11Z</time>
      </trkpt>
      <trkpt lat="39.168611382797344" lon="117.7736460518255">
        <ele>5.3</ele>
        <time>2025-10-14T00:10:12Z</time>
      </trkpt>
      <trkpt lat="39.168588286063354" lon="117.7736559573486">
        <ele>5.3</ele>
        <time>2025-10-14T00:10:13Z</time>
      </trkpt>
      <trkpt lat="39.16856687084425" lon="117.77366600965746">
        <ele>5.3</ele>
        <time>2025-10-14T00:10:14Z</time>
      </trkpt>
      <trkpt lat="39.16854469071949" lon="117.77367690332532">
        <ele>5.3</ele>
        <time>2025-10-14T00:10:15Z</time>
      </trkpt>
      <trkpt lat="39.16852212951319" lon="117.77368972738124">
        <ele>5.3</ele>
        <time>2025-10-14T00:10:16Z</time>
      </trkpt>
      <trkpt lat="39.16850006124857" lon="117.773703799312">
        <ele>5.3</ele>
        <time>2025-10-14T00:10:17Z</time>
      </trkpt>
      <trkpt lat="39.168476422052166" lon="117.773720624302">
        <ele>5.3</ele>
        <time>2025-10-14T00:10:18Z</time>
      </trkpt>
      <trkpt lat="39.168455096730185" lon="117.77373714233781">
        <ele>5.3</ele>
        <time>2025-10-14T00:10:19Z</time>
      </trkpt>
      <trkpt lat="39.16843348941288" lon="117.77375439504515">
        <ele>5.3</ele>
        <time>2025-10-14T00:10:20Z</time>
      </trkpt>
      <trkpt lat="39.168411811047086" lon="117.77377186238644">
        <ele>5.3</ele>
        <time>2025-10-14T00:10:21Z</time>
      </trkpt>
      <trkpt lat="39.16838977336038" lon="117.77378870185832">
        <ele>5.3</ele>
        <time>2025-10-14T00:10:22Z</time>
      </trkpt>
      <trkpt lat="39.16836722890458" lon="117.77380446141636">
        <ele>5.3</ele>
        <time>2025-10-14T00:10:23Z</time>
      </trkpt>
      <trkpt lat="39.16834362086001" lon="117.7738182632315">
        <ele>5.3</ele>
        <time>2025-10-14T00:10:24Z</time>
      </trkpt>
      <trkpt lat="39.16831977729119" lon="117.77382952185768">
        <ele>5.3</ele>
        <time>2025-10-14T00:10:25Z</time>
      </trkpt>
      <trkpt lat="39.168292750956" lon="117.77383825058988">
        <ele>5.3</ele>
        <time>2025-10-14T00:10:26Z</time>
      </trkpt>
      <trkpt lat="39.168267226581754" lon="117.77384249771607">
        <ele>5.3</ele>
        <time>2025-10-14T00:10:27Z</time>
      </trkpt>
      <trkpt lat="39.168237719423495" lon="117.77384399364598">
        <ele>5.3</ele>
        <time>2025-10-14T00:10:28Z</time>
      </trkpt>
      <trkpt lat="39.16821182887439" lon="117.77384512916429">
        <ele>5.3</ele>
        <time>2025-10-14T00:10:29Z</time>
      </trkpt>
      <trkpt lat="39.16818705845584" lon="117.77384726174986">
        <ele>5.3</ele>
        <time>2025-10-14T00:10:30Z</time>
      </trkpt>
      <trkpt lat="39.168163760370284" lon="117.77385191878535">
        <ele>5.3</ele>
        <time>2025-10-14T00:10:31Z</time>
      </trkpt>
      <trkpt lat="39.168140169786284" lon="117.77385621165764">
        <ele>5.3</ele>
        <time>2025-10-14T00:10:32Z</time>
      </trkpt>
      <trkpt lat="39.16811637820734" lon="117.7738603166963">
        <ele>5.3</ele>
        <time>2025-10-14T00:10:33Z</time>
      </trkpt>
      <trkpt lat="39.16809245172344" lon="117.77386440617542">
        <ele>5.3</ele>
        <time>2025-10-14T00:10:34Z</time>
      </trkpt>
      <trkpt lat="39.168068449292285" lon="117.77386861228008">
        <ele>5.3</ele>
        <time>2025-10-14T00:10:35Z</time>
      </trkpt>
      <trkpt lat="39.16804433025848" lon="117.77387308198868">
        <ele>5.3</ele>
        <time>2025-10-14T00:10:36Z</time>
      </trkpt>
      <trkpt lat="39.16802027933973" lon="117.77387786211115">
        <ele>5.3</ele>
        <time>2025-10-14T00:10:37Z</time>
      </trkpt>
      <trkpt lat="39.16799630138193" lon="117.77388299514462">
        <ele>5.3</ele>
        <time>2025-10-14T00:10:38Z</time>
      </trkpt>
      <trkpt lat="39.16797214726001" lon="117.77388858449872">
        <ele>5.3</ele>
        <time>2025-10-14T00:10:39Z</time>
      </trkpt>
      <trkpt lat="39.167947831568576" lon="117.77389461880082">
        <ele>5.3</ele>
        <time>2025-10-14T00:10:40Z</time>
      </trkpt>
      <trkpt lat="39.16792133239062" lon="117.77390171511216">
        <ele>5.3</ele>
        <time>2025-10-14T00:10:41Z</time>
      </trkpt>
      <trkpt lat="39.167895503658464" lon="117.7739089128781">
        <ele>5.3</ele>
        <time>2025-10-14T00:10:42Z</time>
      </trkpt>
      <trkpt lat="39.16787290929798" lon="117.7739154935116">
        <ele>5.3</ele>
        <time>2025-10-14T00:10:43Z</time>
      </trkpt>
      <trkpt lat="39.16785017926815" lon="117.77392277194346">
        <ele>5.3</ele>
        <time>2025-10-14T00:10:44Z</time>
      </trkpt>
      <trkpt lat="39.1678275422808" lon="117.77393072512301">
        <ele>5.3</ele>
        <time>2025-10-14T00:10:45Z</time>
      </trkpt>
      <trkpt lat="39.16780502125424" lon="117.77393926036814">
        <ele>5.3</ele>
        <time>2025-10-14T00:10:46Z</time>
      </trkpt>
      <trkpt lat="39.167782793331874" lon="117.77394828373579">
        <ele>5.3</ele>
        <time>2025-10-14T00:10:47Z</time>
      </trkpt>
      <trkpt lat="39.167760691672314" lon="117.77395778007026">
        <ele>5.3</ele>
        <time>2025-10-14T00:10:48Z</time>
      </trkpt>
      <trkpt lat="39.16773873795331" lon="117.77396780196683">
        <ele>5.3</ele>
        <time>2025-10-14T00:10:49Z</time>
      </trkpt>
      <trkpt lat="39.167716824937415" lon="117.77397843011501">
        <ele>5.3</ele>
        <time>2025-10-14T00:10:50Z</time>
      </trkpt>
      <trkpt lat="39.16769509245602" lon="117.77398954383553">
        <ele>5.3</ele>
        <time>2025-10-14T00:10:51Z</time>
      </trkpt>
      <trkpt lat="39.16767357209691" lon="117.77400103304873">
        <ele>5.3</ele>
        <time>2025-10-14T00:10:52Z</time>
      </trkpt>
      <trkpt lat="39.167651981680436" lon="117.77401290260192">
        <ele>5.3</ele>
        <time>2025-10-14T00:10:53Z</time>
      </trkpt>
      <trkpt lat="39.16763066660085" lon="117.77402484116763">
        <ele>5.3</ele>
        <time>2025-10-14T00:10:54Z</time>
      </trkpt>
      <trkpt lat="39.16760696070131" lon="117.77403778480169">
        <ele>0</ele>
        <time>2025-10-14T00:10:55Z</time>
      </trkpt>
      <trkpt lat="39.16758623072557" lon="117.7740495083054">
        <ele>0</ele>
        <time>2025-10-14T00:10:56Z</time>
      </trkpt>
      <trkpt lat="39.1675653487813" lon="117.77406111704597">
        <ele>0</ele>
        <time>2025-10-14T00:10:57Z</time>
      </trkpt>
      <trkpt lat="39.16754429273257" lon="117.77407249861457">
        <ele>0</ele>
        <time>2025-10-14T00:10:58Z</time>
      </trkpt>
      <trkpt lat="39.16752307850221" lon="117.77408350676866">
        <ele>0</ele>
        <time>2025-10-14T00:10:59Z</time>
      </trkpt>
      <trkpt lat="39.167501724255196" lon="117.7740940421206">
        <ele>5.3</ele>
        <time>2025-10-14T00:11:00Z</time>
      </trkpt>
      <trkpt lat="39.16748028118414" lon="117.77410406584809">
        <ele>5.3</ele>
        <time>2025-10-14T00:11:01Z</time>
      </trkpt>
      <trkpt lat="39.167458731721965" lon="117.77411355324027">
        <ele>5.3</ele>
        <time>2025-10-14T00:11:02Z</time>
      </trkpt>
      <trkpt lat="39.16743691873138" lon="117.7741224804235">
        <ele>5.3</ele>
        <time>2025-10-14T00:11:03Z</time>
      </trkpt>
      <trkpt lat="39.16741475486172" lon="117.7741306408527">
        <ele>5.3</ele>
        <time>2025-10-14T00:11:04Z</time>
      </trkpt>
      <trkpt lat="39.16739130724464" lon="117.77413805412534">
        <ele>5.3</ele>
        <time>2025-10-14T00:11:05Z</time>
      </trkpt>
      <trkpt lat="39.16736718687479" lon="117.7741436832859">
        <ele>5.3</ele>
        <time>2025-10-14T00:11:06Z</time>
      </trkpt>
      <trkpt lat="39.16734295181996" lon="117.77414643217563">
        <ele>5.3</ele>
        <time>2025-10-14T00:11:07Z</time>
      </trkpt>
      <trkpt lat="39.16731969819439" lon="117.77414740520265">
        <ele>5.3</ele>
        <time>2025-10-14T00:11:08Z</time>
      </trkpt>
      <trkpt lat="39.16729485043348" lon="117.77414804712065">
        <ele>5.3</ele>
        <time>2025-10-14T00:11:09Z</time>
      </trkpt>
      <trkpt lat="39.167272413375635" lon="117.77414967375877">
        <ele>5.3</ele>
        <time>2025-10-14T00:11:10Z</time>
      </trkpt>
      <trkpt lat="39.16725009607896" lon="117.77415291166876">
        <ele>5.3</ele>
        <time>2025-10-14T00:11:11Z</time>
      </trkpt>
      <trkpt lat="39.167228475060135" lon="117.77415873243051">
        <ele>5.3</ele>
        <time>2025-10-14T00:11:12Z</time>
      </trkpt>
      <trkpt lat="39.16720794634265" lon="117.77416596066438">
        <ele>5.3</ele>
        <time>2025-10-14T00:11:13Z</time>
      </trkpt>
      <trkpt lat="39.16718807160629" lon="117.77417423822632">
        <ele>5.3</ele>
        <time>2025-10-14T00:11:14Z</time>
      </trkpt>
      <trkpt lat="39.16716824950106" lon="117.77418366373304">
        <ele>5.3</ele>
        <time>2025-10-14T00:11:15Z</time>
      </trkpt>
      <trkpt lat="39.16714775278995" lon="117.77419392773935">
        <ele>5.3</ele>
        <time>2025-10-14T00:11:16Z</time>
      </trkpt>
      <trkpt lat="39.167125974265936" lon="117.77420462927653">
        <ele>5.3</ele>
        <time>2025-10-14T00:11:17Z</time>
      </trkpt>
      <trkpt lat="39.167103005705854" lon="117.77421399308696">
        <ele>5.3</ele>
        <time>2025-10-14T00:11:18Z</time>
      </trkpt>
      <trkpt lat="39.167078943141064" lon="117.7742207858182">
        <ele>5.3</ele>
        <time>2025-10-14T00:11:19Z</time>
      </trkpt>
      <trkpt lat="39.16705478119454" lon="117.77422495163962">
        <ele>5.3</ele>
        <time>2025-10-14T00:11:20Z</time>
      </trkpt>
      <trkpt lat="39.16703042989336" lon="117.77422763929303">
        <ele>5.3</ele>
        <time>2025-10-14T00:11:21Z</time>
      </trkpt>
      <trkpt lat="39.16700725987149" lon="117.77423169194807">
        <ele>5.3</ele>
        <time>2025-10-14T00:11:22Z</time>
      </trkpt>
      <trkpt lat="39.16698302679888" lon="117.77423921667176">
        <ele>5.3</ele>
        <time>2025-10-14T00:11:23Z</time>
      </trkpt>
      <trkpt lat="39.1669620525369" lon="117.77425075088878">
        <ele>5.3</ele>
        <time>2025-10-14T00:11:24Z</time>
      </trkpt>
      <trkpt lat="39.16694127518435" lon="117.77426591860986">
        <ele>5.3</ele>
        <time>2025-10-14T00:11:25Z</time>
      </trkpt>
      <trkpt lat="39.166920876826985" lon="117.77428455090892">
        <ele>5.3</ele>
        <time>2025-10-14T00:11:26Z</time>
      </trkpt>
      <trkpt lat="39.16690012349371" lon="117.7743027849396">
        <ele>5.3</ele>
        <time>2025-10-14T00:11:27Z</time>
      </trkpt>
      <trkpt lat="39.166878985733014" lon="117.77431958365402">
        <ele>5.3</ele>
        <time>2025-10-14T00:11:28Z</time>
      </trkpt>
      <trkpt lat="39.166857206236614" lon="117.77433386125749">
        <ele>5.3</ele>
        <time>2025-10-14T00:11:29Z</time>
      </trkpt>
      <trkpt lat="39.16683498179884" lon="117.77434662106873">
        <ele>5.3</ele>
        <time>2025-10-14T00:11:30Z</time>
      </trkpt>
      <trkpt lat="39.16681225967622" lon="117.77435788136422">
        <ele>5.3</ele>
        <time>2025-10-14T00:11:31Z</time>
      </trkpt>
      <trkpt lat="39.16678913876857" lon="117.77436764827955">
        <ele>5.3</ele>
        <time>2025-10-14T00:11:32Z</time>
      </trkpt>
      <trkpt lat="39.166765948940686" lon="117.77437636933398">
        <ele>5.3</ele>
        <time>2025-10-14T00:11:33Z</time>
      </trkpt>
      <trkpt lat="39.16674274812414" lon="117.77438411894816">
        <ele>5.3</ele>
        <time>2025-10-14T00:11:34Z</time>
      </trkpt>
      <trkpt lat="39.166719041749246" lon="117.77439089601862">
        <ele>5.3</ele>
        <time>2025-10-14T00:11:35Z</time>
      </trkpt>
      <trkpt lat="39.16669514414538" lon="117.7743970542355">
        <ele>5.3</ele>
        <time>2025-10-14T00:11:36Z</time>
      </trkpt>
      <trkpt lat="39.16666885595846" lon="117.77440334689611">
        <ele>5.3</ele>
        <time>2025-10-14T00:11:37Z</time>
      </trkpt>
      <trkpt lat="39.16664475553013" lon="117.77440887373743">
        <ele>5.3</ele>
        <time>2025-10-14T00:11:38Z</time>
      </trkpt>
      <trkpt lat="39.166620873178935" lon="117.77441464622078">
        <ele>5.3</ele>
        <time>2025-10-14T00:11:39Z</time>
      </trkpt>
      <trkpt lat="39.166597497520826" lon="117.77442090056537">
        <ele>5.3</ele>
        <time>2025-10-14T00:11:40Z</time>
      </trkpt>
      <trkpt lat="39.1665744306596" lon="117.77442756191115">
        <ele>5.3</ele>
        <time>2025-10-14T00:11:41Z</time>
      </trkpt>
      <trkpt lat="39.166550991802275" lon="117.77443458580518">
        <ele>5.3</ele>
        <time>2025-10-14T00:11:42Z</time>
      </trkpt>
      <trkpt lat="39.16652707282447" lon="117.77444182397451">
        <ele>5.3</ele>
        <time>2025-10-14T00:11:43Z</time>
      </trkpt>
      <trkpt lat="39.16650262734615" lon="117.77444853834933">
        <ele>5.3</ele>
        <time>2025-10-14T00:11:44Z</time>
      </trkpt>
      <trkpt lat="39.16647818252536" lon="117.77445428500819">
        <ele>5.3</ele>
        <time>2025-10-14T00:11:45Z</time>
      </trkpt>
      <trkpt lat="39.166453863759926" lon="117.77445865707591">
        <ele>5.3</ele>
        <time>2025-10-14T00:11:46Z</time>
      </trkpt>
      <trkpt lat="39.16643004105031" lon="117.77446253035522">
        <ele>5.3</ele>
        <time>2025-10-14T00:11:47Z</time>
      </trkpt>
      <trkpt lat="39.16640696315988" lon="117.77446626355227">
        <ele>5.3</ele>
        <time>2025-10-14T00:11:48Z</time>
      </trkpt>
      <trkpt lat="39.166384367022324" lon="117.77447042368445">
        <ele>5.3</ele>
        <time>2025-10-14T00:11:49Z</time>
      </trkpt>
      <trkpt lat="39.16636250843057" lon="117.77447531915068">
        <ele>5.3</ele>
        <time>2025-10-14T00:11:50Z</time>
      </trkpt>
      <trkpt lat="39.16633841494733" lon="117.77448208266144">
        <ele>5.3</ele>
        <time>2025-10-14T00:11:51Z</time>
      </trkpt>
      <trkpt lat="39.16631688758582" lon="117.77448920227029">
        <ele>5.3</ele>
        <time>2025-10-14T00:11:52Z</time>
      </trkpt>
      <trkpt lat="39.166293088511615" lon="117.77449742734198">
        <ele>5.3</ele>
        <time>2025-10-14T00:11:53Z</time>
      </trkpt>
      <trkpt lat="39.166271536394866" lon="117.77450514575048">
        <ele>5.3</ele>
        <time>2025-10-14T00:11:54Z</time>
      </trkpt>
      <trkpt lat="39.16624938000501" lon="117.77451337415644">
        <ele>0</ele>
        <time>2025-10-14T00:11:55Z</time>
      </trkpt>
      <trkpt lat="39.166226594254354" lon="117.77452253273303">
        <ele>0</ele>
        <time>2025-10-14T00:11:56Z</time>
      </trkpt>
      <trkpt lat="39.16620326583663" lon="117.77453234709085">
        <ele>0</ele>
        <time>2025-10-14T00:11:57Z</time>
      </trkpt>
      <trkpt lat="39.1661797237005" lon="117.77454295180617">
        <ele>0</ele>
        <time>2025-10-14T00:11:58Z</time>
      </trkpt>
      <trkpt lat="39.16615648637112" lon="117.77455419418582">
        <ele>0</ele>
        <time>2025-10-14T00:11:59Z</time>
      </trkpt>
      <trkpt lat="39.16613368537416" lon="117.77456579909843">
        <ele>5.3</ele>
        <time>2025-10-14T00:12:00Z</time>
      </trkpt>
      <trkpt lat="39.16611150831997" lon="117.7745773340204">
        <ele>5.3</ele>
        <time>2025-10-14T00:12:01Z</time>
      </trkpt>
      <trkpt lat="39.16608967182829" lon="117.77458872641883">
        <ele>5.3</ele>
        <time>2025-10-14T00:12:02Z</time>
      </trkpt>
      <trkpt lat="39.16606878656884" lon="117.77459973306495">
        <ele>5.3</ele>
        <time>2025-10-14T00:12:03Z</time>
      </trkpt>
      <trkpt lat="39.166046257137516" lon="117.77461163184513">
        <ele>5.3</ele>
        <time>2025-10-14T00:12:04Z</time>
      </trkpt>
      <trkpt lat="39.166026460582415" lon="117.77462223166583">
        <ele>5.3</ele>
        <time>2025-10-14T00:12:05Z</time>
      </trkpt>
      <trkpt lat="39.16600411083619" lon="117.77463415988238">
        <ele>5.3</ele>
        <time>2025-10-14T00:12:06Z</time>
      </trkpt>
      <trkpt lat="39.16598311014059" lon="117.77464558582464">
        <ele>5.3</ele>
        <time>2025-10-14T00:12:07Z</time>
      </trkpt>
      <trkpt lat="39.16596097495021" lon="117.77465818089806">
        <ele>5.3</ele>
        <time>2025-10-14T00:12:08Z</time>
      </trkpt>
      <trkpt lat="39.165938012930965" lon="117.77467237321443">
        <ele>5.3</ele>
        <time>2025-10-14T00:12:09Z</time>
      </trkpt>
      <trkpt lat="39.16591457384879" lon="117.77468738292929">
        <ele>5.3</ele>
        <time>2025-10-14T00:12:10Z</time>
      </trkpt>
      <trkpt lat="39.165890633810946" lon="117.77470266378405">
        <ele>5.3</ele>
        <time>2025-10-14T00:12:11Z</time>
      </trkpt>
      <trkpt lat="39.16586608370588" lon="117.77471760835301">
        <ele>5.3</ele>
        <time>2025-10-14T00:12:12Z</time>
      </trkpt>
      <trkpt lat="39.16584149693321" lon="117.77473186813354">
        <ele>5.3</ele>
        <time>2025-10-14T00:12:13Z</time>
      </trkpt>
      <trkpt lat="39.165814925579475" lon="117.77474657723805">
        <ele>5.3</ele>
        <time>2025-10-14T00:12:14Z</time>
      </trkpt>
      <trkpt lat="39.1657902742571" lon="117.77475925025792">
        <ele>5.3</ele>
        <time>2025-10-14T00:12:15Z</time>
      </trkpt>
      <trkpt lat="39.16576519840203" lon="117.7747710172885">
        <ele>5.3</ele>
        <time>2025-10-14T00:12:16Z</time>
      </trkpt>
      <trkpt lat="39.165740121691634" lon="117.77478117043923">
        <ele>5.3</ele>
        <time>2025-10-14T00:12:17Z</time>
      </trkpt>
      <trkpt lat="39.16571568534448" lon="117.77478984129357">
        <ele>5.3</ele>
        <time>2025-10-14T00:12:18Z</time>
      </trkpt>
      <trkpt lat="39.16569159976827" lon="117.77479724198632">
        <ele>5.3</ele>
        <time>2025-10-14T00:12:19Z</time>
      </trkpt>
      <trkpt lat="39.16566932535357" lon="117.77480265127839">
        <ele>5.3</ele>
        <time>2025-10-14T00:12:20Z</time>
      </trkpt>
      <trkpt lat="39.16564704897163" lon="117.77480663701307">
        <ele>5.3</ele>
        <time>2025-10-14T00:12:21Z</time>
      </trkpt>
      <trkpt lat="39.16562254649392" lon="117.7748094310546">
        <ele>5.3</ele>
        <time>2025-10-14T00:12:22Z</time>
      </trkpt>
      <trkpt lat="39.16559874989646" lon="117.77481124006789">
        <ele>5.3</ele>
        <time>2025-10-14T00:12:23Z</time>
      </trkpt>
      <trkpt lat="39.16557282252644" lon="117.77481288262526">
        <ele>5.3</ele>
        <time>2025-10-14T00:12:24Z</time>
      </trkpt>
      <trkpt lat="39.16554907955674" lon="117.77481487166813">
        <ele>5.3</ele>
        <time>2025-10-14T00:12:25Z</time>
      </trkpt>
      <trkpt lat="39.16552484147967" lon="117.77481772099598">
        <ele>5.3</ele>
        <time>2025-10-14T00:12:26Z</time>
      </trkpt>
      <trkpt lat="39.16550048964653" lon="117.77482207184582">
        <ele>5.3</ele>
        <time>2025-10-14T00:12:27Z</time>
      </trkpt>
      <trkpt lat="39.165476180470726" lon="117.77482722485598">
        <ele>5.3</ele>
        <time>2025-10-14T00:12:28Z</time>
      </trkpt>
      <trkpt lat="39.165451767640846" lon="117.7748329492761">
        <ele>5.3</ele>
        <time>2025-10-14T00:12:29Z</time>
      </trkpt>
      <trkpt lat="39.16542719205811" lon="117.77483920152015">
        <ele>5.3</ele>
        <time>2025-10-14T00:12:30Z</time>
      </trkpt>
      <trkpt lat="39.1654024314378" lon="117.77484633289023">
        <ele>5.3</ele>
        <time>2025-10-14T00:12:31Z</time>
      </trkpt>
      <trkpt lat="39.16537762986632" lon="117.77485432039903">
        <ele>5.3</ele>
        <time>2025-10-14T00:12:32Z</time>
      </trkpt>
      <trkpt lat="39.16535290649677" lon="117.77486321499791">
        <ele>5.3</ele>
        <time>2025-10-14T00:12:33Z</time>
      </trkpt>
      <trkpt lat="39.16532847084405" lon="117.7748714052987">
        <ele>5.3</ele>
        <time>2025-10-14T00:12:34Z</time>
      </trkpt>
      <trkpt lat="39.16530172161446" lon="117.77487977995978">
        <ele>5.3</ele>
        <time>2025-10-14T00:12:35Z</time>
      </trkpt>
      <trkpt lat="39.16527702860241" lon="117.77488713425524">
        <ele>5.3</ele>
        <time>2025-10-14T00:12:36Z</time>
      </trkpt>
      <trkpt lat="39.16524951285823" lon="117.7748960468029">
        <ele>5.3</ele>
        <time>2025-10-14T00:12:37Z</time>
      </trkpt>
      <trkpt lat="39.16522351327461" lon="117.77490503160878">
        <ele>5.3</ele>
        <time>2025-10-14T00:12:38Z</time>
      </trkpt>
      <trkpt lat="39.165197210149785" lon="117.77491409511104">
        <ele>5.3</ele>
        <time>2025-10-14T00:12:39Z</time>
      </trkpt>
      <trkpt lat="39.16517149176387" lon="117.77492311116333">
        <ele>5.3</ele>
        <time>2025-10-14T00:12:40Z</time>
      </trkpt>
      <trkpt lat="39.165146681984574" lon="117.77493218357495">
        <ele>5.3</ele>
        <time>2025-10-14T00:12:41Z</time>
      </trkpt>
      <trkpt lat="39.1651224487703" lon="117.7749417301608">
        <ele>5.3</ele>
        <time>2025-10-14T00:12:42Z</time>
      </trkpt>
      <trkpt lat="39.16509866502445" lon="117.77495162994013">
        <ele>5.3</ele>
        <time>2025-10-14T00:12:43Z</time>
      </trkpt>
      <trkpt lat="39.165075649549614" lon="117.77496141369289">
        <ele>5.3</ele>
        <time>2025-10-14T00:12:44Z</time>
      </trkpt>
      <trkpt lat="39.16505352087328" lon="117.77497099368821">
        <ele>5.3</ele>
        <time>2025-10-14T00:12:45Z</time>
      </trkpt>
      <trkpt lat="39.16503214726484" lon="117.77498084703208">
        <ele>5.3</ele>
        <time>2025-10-14T00:12:46Z</time>
      </trkpt>
      <trkpt lat="39.16501134017613" lon="117.77499100038025">
        <ele>5.3</ele>
        <time>2025-10-14T00:12:47Z</time>
      </trkpt>
      <trkpt lat="39.16499013234297" lon="117.77500184521438">
        <ele>5.3</ele>
        <time>2025-10-14T00:12:48Z</time>
      </trkpt>
      <trkpt lat="39.16496975301611" lon="117.7750126255976">
        <ele>5.3</ele>
        <time>2025-10-14T00:12:49Z</time>
      </trkpt>
      <trkpt lat="39.1649480449891" lon="117.77502422449125">
        <ele>5.3</ele>
        <time>2025-10-14T00:12:50Z</time>
      </trkpt>
      <trkpt lat="39.16492391221213" lon="117.77503759763454">
        <ele>5.3</ele>
        <time>2025-10-14T00:12:51Z</time>
      </trkpt>
      <trkpt lat="39.164899864175176" lon="117.77505241562882">
        <ele>5.3</ele>
        <time>2025-10-14T00:12:52Z</time>
      </trkpt>
      <trkpt lat="39.16487646819686" lon="117.77506842282122">
        <ele>5.3</ele>
        <time>2025-10-14T00:12:53Z</time>
      </trkpt>
      <trkpt lat="39.1648535889069" lon="117.77508583399553">
        <ele>5.3</ele>
        <time>2025-10-14T00:12:54Z</time>
      </trkpt>
      <trkpt lat="39.16483164357418" lon="117.7751027715808">
        <ele>0</ele>
        <time>2025-10-14T00:12:55Z</time>
      </trkpt>
      <trkpt lat="39.16480801050833" lon="117.77512080256051">
        <ele>0</ele>
        <time>2025-10-14T00:12:56Z</time>
      </trkpt>
      <trkpt lat="39.16478616998614" lon="117.77513670275134">
        <ele>0</ele>
        <time>2025-10-14T00:12:57Z</time>
      </trkpt>
      <trkpt lat="39.1647637930826" lon="117.77515207147833">
        <ele>0</ele>
        <time>2025-10-14T00:12:58Z</time>
      </trkpt>
      <trkpt lat="39.164740805107726" lon="117.7751666602288">
        <ele>0</ele>
        <time>2025-10-14T00:12:59Z</time>
      </trkpt>
      <trkpt lat="39.16471737627193" lon="117.77518064623621">
        <ele>5.3</ele>
        <time>2025-10-14T00:13:00Z</time>
      </trkpt>
      <trkpt lat="39.16469346077658" lon="117.77519395394796">
        <ele>5.3</ele>
        <time>2025-10-14T00:13:01Z</time>
      </trkpt>
      <trkpt lat="39.16466894862895" lon="117.77520559982771">
        <ele>5.3</ele>
        <time>2025-10-14T00:13:02Z</time>
      </trkpt>
      <trkpt lat="39.16464433407883" lon="117.77521542323822">
        <ele>5.3</ele>
        <time>2025-10-14T00:13:03Z</time>
      </trkpt>
      <trkpt lat="39.16461743800859" lon="117.77522382104874">
        <ele>5.3</ele>
        <time>2025-10-14T00:13:04Z</time>
      </trkpt>
      <trkpt lat="39.164592184734566" lon="117.77522969172723">
        <ele>5.3</ele>
        <time>2025-10-14T00:13:05Z</time>
      </trkpt>
      <trkpt lat="39.164566178825545" lon="117.77523409117886">
        <ele>5.3</ele>
        <time>2025-10-14T00:13:06Z</time>
      </trkpt>
      <trkpt lat="39.16454082267278" lon="117.77523827870391">
        <ele>5.3</ele>
        <time>2025-10-14T00:13:07Z</time>
      </trkpt>
      <trkpt lat="39.16451693333836" lon="117.77524243764121">
        <ele>5.3</ele>
        <time>2025-10-14T00:13:08Z</time>
      </trkpt>
      <trkpt lat="39.16449457213776" lon="117.77524711456813">
        <ele>5.3</ele>
        <time>2025-10-14T00:13:09Z</time>
      </trkpt>
      <trkpt lat="39.16447204945895" lon="117.77525163213313">
        <ele>5.3</ele>
        <time>2025-10-14T00:13:10Z</time>
      </trkpt>
      <trkpt lat="39.16444940934007" lon="117.7752561086539">
        <ele>5.3</ele>
        <time>2025-10-14T00:13:11Z</time>
      </trkpt>
      <trkpt lat="39.164426749439386" lon="117.77526059375359">
        <ele>5.3</ele>
        <time>2025-10-14T00:13:12Z</time>
      </trkpt>
      <trkpt lat="39.164403933546396" lon="117.77526518392278">
        <ele>5.3</ele>
        <time>2025-10-14T00:13:13Z</time>
      </trkpt>
      <trkpt lat="39.16438119607227" lon="117.77526986266676">
        <ele>5.3</ele>
        <time>2025-10-14T00:13:14Z</time>
      </trkpt>
      <trkpt lat="39.16435818869792" lon="117.77527478714262">
        <ele>5.3</ele>
        <time>2025-10-14T00:13:15Z</time>
      </trkpt>
      <trkpt lat="39.16433524942806" lon="117.7752799252858">
        <ele>5.3</ele>
        <time>2025-10-14T00:13:16Z</time>
      </trkpt>
      <trkpt lat="39.164310151174504" lon="117.77528589619433">
        <ele>5.3</ele>
        <time>2025-10-14T00:13:17Z</time>
      </trkpt>
      <trkpt lat="39.16428579654757" lon="117.77529187353055">
        <ele>5.3</ele>
        <time>2025-10-14T00:13:18Z</time>
      </trkpt>
      <trkpt lat="39.164264618703726" lon="117.77529714978604">
        <ele>5.3</ele>
        <time>2025-10-14T00:13:19Z</time>
      </trkpt>
      <trkpt lat="39.164243489945406" lon="117.77530258506758">
        <ele>5.3</ele>
        <time>2025-10-14T00:13:20Z</time>
      </trkpt>
      <trkpt lat="39.164222442112624" lon="117.7753081815367">
        <ele>5.3</ele>
        <time>2025-10-14T00:13:21Z</time>
      </trkpt>
      <trkpt lat="39.16420145952663" lon="117.77531399734984">
        <ele>5.3</ele>
        <time>2025-10-14T00:13:22Z</time>
      </trkpt>
      <trkpt lat="39.16418053609336" lon="117.77532011963109">
        <ele>5.3</ele>
        <time>2025-10-14T00:13:23Z</time>
      </trkpt>
      <trkpt lat="39.16415955724231" lon="117.77532664362137">
        <ele>5.3</ele>
        <time>2025-10-14T00:13:24Z</time>
      </trkpt>
      <trkpt lat="39.16413858291187" lon="117.77533362531165">
        <ele>5.3</ele>
        <time>2025-10-14T00:13:25Z</time>
      </trkpt>
      <trkpt lat="39.16411722955277" lon="117.77534122701643">
        <ele>5.3</ele>
        <time>2025-10-14T00:13:26Z</time>
      </trkpt>
      <trkpt lat="39.164095633673554" lon="117.77534936839243">
        <ele>5.3</ele>
        <time>2025-10-14T00:13:27Z</time>
      </trkpt>
      <trkpt lat="39.164073721461484" lon="117.77535800356131">
        <ele>5.3</ele>
        <time>2025-10-14T00:13:28Z</time>
      </trkpt>
      <trkpt lat="39.16405146265305" lon="117.77536706438676">
        <ele>5.3</ele>
        <time>2025-10-14T00:13:29Z</time>
      </trkpt>
      <trkpt lat="39.1640292937735" lon="117.77537633048252">
        <ele>5.3</ele>
        <time>2025-10-14T00:13:30Z</time>
      </trkpt>
      <trkpt lat="39.16400459720167" lon="117.77538649853689">
        <ele>5.3</ele>
        <time>2025-10-14T00:13:31Z</time>
      </trkpt>
      <trkpt lat="39.16398277683184" lon="117.77539584604457">
        <ele>5.3</ele>
        <time>2025-10-14T00:13:32Z</time>
      </trkpt>
      <trkpt lat="39.163960691611855" lon="117.77540519068377">
        <ele>5.3</ele>
        <time>2025-10-14T00:13:33Z</time>
      </trkpt>
      <trkpt lat="39.16393771527836" lon="117.7754145792714">
        <ele>5.3</ele>
        <time>2025-10-14T00:13:34Z</time>
      </trkpt>
      <trkpt lat="39.16391461039524" lon="117.77542360586101">
        <ele>5.3</ele>
        <time>2025-10-14T00:13:35Z</time>
      </trkpt>
      <trkpt lat="39.16388860160174" lon="117.77543292564238">
        <ele>5.3</ele>
        <time>2025-10-14T00:13:36Z</time>
      </trkpt>
      <trkpt lat="39.163865586514014" lon="117.77544061554588">
        <ele>5.3</ele>
        <time>2025-10-14T00:13:37Z</time>
      </trkpt>
      <trkpt lat="39.16384228653557" lon="117.77544760709158">
        <ele>5.3</ele>
        <time>2025-10-14T00:13:38Z</time>
      </trkpt>
      <trkpt lat="39.163818842885206" lon="117.7754538544549">
        <ele>5.3</ele>
        <time>2025-10-14T00:13:39Z</time>
      </trkpt>
      <trkpt lat="39.16379524512602" lon="117.77545946365805">
        <ele>5.3</ele>
        <time>2025-10-14T00:13:40Z</time>
      </trkpt>
      <trkpt lat="39.16377142685531" lon="117.77546456383864">
        <ele>5.3</ele>
        <time>2025-10-14T00:13:41Z</time>
      </trkpt>
      <trkpt lat="39.16374748242485" lon="117.7754692457299">
        <ele>5.3</ele>
        <time>2025-10-14T00:13:42Z</time>
      </trkpt>
      <trkpt lat="39.16372370413659" lon="117.77547350919512">
        <ele>5.3</ele>
        <time>2025-10-14T00:13:43Z</time>
      </trkpt>
      <trkpt lat="39.163700145852204" lon="117.7754774362632">
        <ele>5.3</ele>
        <time>2025-10-14T00:13:44Z</time>
      </trkpt>
      <trkpt lat="39.16367894237186" lon="117.77548053129743">
        <ele>5.3</ele>
        <time>2025-10-14T00:13:45Z</time>
      </trkpt>
      <trkpt lat="39.163657291278696" lon="117.77548380720394">
        <ele>5.3</ele>
        <time>2025-10-14T00:13:46Z</time>
      </trkpt>
      <trkpt lat="39.163632778828685" lon="117.77548816112916">
        <ele>5.3</ele>
        <time>2025-10-14T00:13:47Z</time>
      </trkpt>
      <trkpt lat="39.163608631739805" lon="117.77549279667991">
        <ele>5.3</ele>
        <time>2025-10-14T00:13:48Z</time>
      </trkpt>
      <trkpt lat="39.16358458028423" lon="117.77549792651617">
        <ele>5.3</ele>
        <time>2025-10-14T00:13:49Z</time>
      </trkpt>
      <trkpt lat="39.163560578441036" lon="117.7755036530708">
        <ele>5.3</ele>
        <time>2025-10-14T00:13:50Z</time>
      </trkpt>
      <trkpt lat="39.16353642980563" lon="117.77551005836513">
        <ele>5.3</ele>
        <time>2025-10-14T00:13:51Z</time>
      </trkpt>
      <trkpt lat="39.16351225827415" lon="117.77551710107035">
        <ele>5.3</ele>
        <time>2025-10-14T00:13:52Z</time>
      </trkpt>
      <trkpt lat="39.16348788579394" lon="117.77552484643667">
        <ele>5.3</ele>
        <time>2025-10-14T00:13:53Z</time>
      </trkpt>
      <trkpt lat="39.16346344382232" lon="117.77553319714836">
        <ele>5.3</ele>
        <time>2025-10-14T00:13:54Z</time>
      </trkpt>
      <trkpt lat="39.16343901073099" lon="117.77554207249757">
        <ele>0</ele>
        <time>2025-10-14T00:13:55Z</time>
      </trkpt>
      <trkpt lat="39.16341471588433" lon="117.77555137513502">
        <ele>0</ele>
        <time>2025-10-14T00:13:56Z</time>
      </trkpt>
      <trkpt lat="39.16339083815979" lon="117.77556090512181">
        <ele>0</ele>
        <time>2025-10-14T00:13:57Z</time>
      </trkpt>
      <trkpt lat="39.16336678211961" lon="117.77557070914827">
        <ele>0</ele>
        <time>2025-10-14T00:13:58Z</time>
      </trkpt>
      <trkpt lat="39.16334521326814" lon="117.77557977293817">
        <ele>0</ele>
        <time>2025-10-14T00:13:59Z</time>
      </trkpt>
      <trkpt lat="39.16332051231109" lon="117.77558967358509">
        <ele>5.3</ele>
        <time>2025-10-14T00:14:00Z</time>
      </trkpt>
      <trkpt lat="39.16329599139631" lon="117.7755991826257">
        <ele>5.3</ele>
        <time>2025-10-14T00:14:01Z</time>
      </trkpt>
      <trkpt lat="39.16327166009451" lon="117.77560812973614">
        <ele>5.3</ele>
        <time>2025-10-14T00:14:02Z</time>
      </trkpt>
      <trkpt lat="39.163247474664566" lon="117.77561642186285">
        <ele>5.3</ele>
        <time>2025-10-14T00:14:03Z</time>
      </trkpt>
      <trkpt lat="39.16322319149385" lon="117.775624060755">
        <ele>5.3</ele>
        <time>2025-10-14T00:14:04Z</time>
      </trkpt>
      <trkpt lat="39.16319869424787" lon="117.77563099344883">
        <ele>5.3</ele>
        <time>2025-10-14T00:14:05Z</time>
      </trkpt>
      <trkpt lat="39.163172583318996" lon="117.7756373487302">
        <ele>5.3</ele>
        <time>2025-10-14T00:14:06Z</time>
      </trkpt>
      <trkpt lat="39.16314550124725" lon="117.77564244889619">
        <ele>5.3</ele>
        <time>2025-10-14T00:14:07Z</time>
      </trkpt>
      <trkpt lat="39.16311813266417" lon="117.77564645212372">
        <ele>5.3</ele>
        <time>2025-10-14T00:14:08Z</time>
      </trkpt>
      <trkpt lat="39.16309259323518" lon="117.77564865374018">
        <ele>5.3</ele>
        <time>2025-10-14T00:14:09Z</time>
      </trkpt>
      <trkpt lat="39.163068656551296" lon="117.77565023964917">
        <ele>5.3</ele>
        <time>2025-10-14T00:14:10Z</time>
      </trkpt>
      <trkpt lat="39.163043218273074" lon="117.77565095099362">
        <ele>5.3</ele>
        <time>2025-10-14T00:14:11Z</time>
      </trkpt>
      <trkpt lat="39.16302094447315" lon="117.7756504882965">
        <ele>5.3</ele>
        <time>2025-10-14T00:14:12Z</time>
      </trkpt>
      <trkpt lat="39.16299643836428" lon="117.77564915736049">
        <ele>5.3</ele>
        <time>2025-10-14T00:14:13Z</time>
      </trkpt>
      <trkpt lat="39.1629744166342" lon="117.77564733808876">
        <ele>5.3</ele>
        <time>2025-10-14T00:14:14Z</time>
      </trkpt>
      <trkpt lat="39.162952141613616" lon="117.77564546653453">
        <ele>5.3</ele>
        <time>2025-10-14T00:14:15Z</time>
      </trkpt>
      <trkpt lat="39.16292974108871" lon="117.77564387184619">
        <ele>5.3</ele>
        <time>2025-10-14T00:14:16Z</time>
      </trkpt>
      <trkpt lat="39.1629064828333" lon="117.77564308166369">
        <ele>5.3</ele>
        <time>2025-10-14T00:14:17Z</time>
      </trkpt>
      <trkpt lat="39.16288188864654" lon="117.77564323540139">
        <ele>5.3</ele>
        <time>2025-10-14T00:14:18Z</time>
      </trkpt>
      <trkpt lat="39.16285594392622" lon="117.77564470912064">
        <ele>5.3</ele>
        <time>2025-10-14T00:14:19Z</time>
      </trkpt>
      <trkpt lat="39.16282918911076" lon="117.77564725437517">
        <ele>5.3</ele>
        <time>2025-10-14T00:14:20Z</time>
      </trkpt>
      <trkpt lat="39.1628023342845" lon="117.77565059535908">
        <ele>5.3</ele>
        <time>2025-10-14T00:14:21Z</time>
      </trkpt>
      <trkpt lat="39.16277552939096" lon="117.77565457823484">
        <ele>5.3</ele>
        <time>2025-10-14T00:14:22Z</time>
      </trkpt>
      <trkpt lat="39.16274972568884" lon="117.77565837842371">
        <ele>5.3</ele>
        <time>2025-10-14T00:14:23Z</time>
      </trkpt>
      <trkpt lat="39.16272264953623" lon="117.77566206769107">
        <ele>5.3</ele>
        <time>2025-10-14T00:14:24Z</time>
      </trkpt>
      <trkpt lat="39.1626985544678" lon="117.7756653973265">
        <ele>5.3</ele>
        <time>2025-10-14T00:14:25Z</time>
      </trkpt>
      <trkpt lat="39.16267455310951" lon="117.7756692854589">
        <ele>5.3</ele>
        <time>2025-10-14T00:14:26Z</time>
      </trkpt>
      <trkpt lat="39.1626502941114" lon="117.77567449583584">
        <ele>5.3</ele>
        <time>2025-10-14T00:14:27Z</time>
      </trkpt>
      <trkpt lat="39.16262606266274" lon="117.7756805353323">
        <ele>5.3</ele>
        <time>2025-10-14T00:14:28Z</time>
      </trkpt>
      <trkpt lat="39.16259958474163" lon="117.77568771578235">
        <ele>5.3</ele>
        <time>2025-10-14T00:14:29Z</time>
      </trkpt>
      <trkpt lat="39.1625753928155" lon="117.77569472021166">
        <ele>5.3</ele>
        <time>2025-10-14T00:14:30Z</time>
      </trkpt>
      <trkpt lat="39.16255086191965" lon="117.77570208667917">
        <ele>5.3</ele>
        <time>2025-10-14T00:14:31Z</time>
      </trkpt>
      <trkpt lat="39.16252612910525" lon="117.77570981807607">
        <ele>5.3</ele>
        <time>2025-10-14T00:14:32Z</time>
      </trkpt>
      <trkpt lat="39.16250076424181" lon="117.77571764719843">
        <ele>5.3</ele>
        <time>2025-10-14T00:14:33Z</time>
      </trkpt>
      <trkpt lat="39.162474969787766" lon="117.77572520721402">
        <ele>5.3</ele>
        <time>2025-10-14T00:14:34Z</time>
      </trkpt>
      <trkpt lat="39.16244887249049" lon="117.7757320715794">
        <ele>5.3</ele>
        <time>2025-10-14T00:14:35Z</time>
      </trkpt>
      <trkpt lat="39.16242267343647" lon="117.77573833644529">
        <ele>5.3</ele>
        <time>2025-10-14T00:14:36Z</time>
      </trkpt>
      <trkpt lat="39.16239658630164" lon="117.77574413846025">
        <ele>5.3</ele>
        <time>2025-10-14T00:14:37Z</time>
      </trkpt>
      <trkpt lat="39.162369642635994" lon="117.7757496137399">
        <ele>5.3</ele>
        <time>2025-10-14T00:14:38Z</time>
      </trkpt>
      <trkpt lat="39.162343115033465" lon="117.77575434532338">
        <ele>5.3</ele>
        <time>2025-10-14T00:14:39Z</time>
      </trkpt>
      <trkpt lat="39.16231464828645" lon="117.77575827861867">
        <ele>5.3</ele>
        <time>2025-10-14T00:14:40Z</time>
      </trkpt>
      <trkpt lat="39.162289844151196" lon="117.77576029850484">
        <ele>5.3</ele>
        <time>2025-10-14T00:14:41Z</time>
      </trkpt>
      <trkpt lat="39.16226320986088" lon="117.77576132254875">
        <ele>5.3</ele>
        <time>2025-10-14T00:14:42Z</time>
      </trkpt>
      <trkpt lat="39.16223913201562" lon="117.7757608532342">
        <ele>5.3</ele>
        <time>2025-10-14T00:14:43Z</time>
      </trkpt>
      <trkpt lat="39.162214979589436" lon="117.7757592014016">
        <ele>5.3</ele>
        <time>2025-10-14T00:14:44Z</time>
      </trkpt>
      <trkpt lat="39.162190900082486" lon="117.7757560958671">
        <ele>5.3</ele>
        <time>2025-10-14T00:14:45Z</time>
      </trkpt>
      <trkpt lat="39.162166710301875" lon="117.7757522398641">
        <ele>5.3</ele>
        <time>2025-10-14T00:14:46Z</time>
      </trkpt>
      <trkpt lat="39.16214215068955" lon="117.7757478666846">
        <ele>5.3</ele>
        <time>2025-10-14T00:14:47Z</time>
      </trkpt>
      <trkpt lat="39.16211741510863" lon="117.77574246957003">
        <ele>5.3</ele>
        <time>2025-10-14T00:14:48Z</time>
      </trkpt>
      <trkpt lat="39.16209246680275" lon="117.7757367046895">
        <ele>5.3</ele>
        <time>2025-10-14T00:14:49Z</time>
      </trkpt>
      <trkpt lat="39.16206733979072" lon="117.7757309180839">
        <ele>5.3</ele>
        <time>2025-10-14T00:14:50Z</time>
      </trkpt>
      <trkpt lat="39.16204160562787" lon="117.77572589480671">
        <ele>5.3</ele>
        <time>2025-10-14T00:14:51Z</time>
      </trkpt>
      <trkpt lat="39.162015130548525" lon="117.77572169909772">
        <ele>5.3</ele>
        <time>2025-10-14T00:14:52Z</time>
      </trkpt>
      <trkpt lat="39.16198790014001" lon="117.7757185795141">
        <ele>5.3</ele>
        <time>2025-10-14T00:14:53Z</time>
      </trkpt>
      <trkpt lat="39.16196033359805" lon="117.77571708958139">
        <ele>5.3</ele>
        <time>2025-10-14T00:14:54Z</time>
      </trkpt>
      <trkpt lat="39.16193338732552" lon="117.77571704958584">
        <ele>0</ele>
        <time>2025-10-14T00:14:55Z</time>
      </trkpt>
      <trkpt lat="39.16190442174844" lon="117.77571832137144">
        <ele>0</ele>
        <time>2025-10-14T00:14:56Z</time>
      </trkpt>
      <trkpt lat="39.1618785577449" lon="117.77572033914338">
        <ele>0</ele>
        <time>2025-10-14T00:14:57Z</time>
      </trkpt>
      <trkpt lat="39.161851086015126" lon="117.77572188890323">
        <ele>0</ele>
        <time>2025-10-14T00:14:58Z</time>
      </trkpt>
      <trkpt lat="39.161826999689524" lon="117.77572241721941">
        <ele>0</ele>
        <time>2025-10-14T00:14:59Z</time>
      </trkpt>
      <trkpt lat="39.16180315944491" lon="117.77572172496347">
        <ele>5.3</ele>
        <time>2025-10-14T00:15:00Z</time>
      </trkpt>
      <trkpt lat="39.16177920983514" lon="117.77572046547405">
        <ele>5.3</ele>
        <time>2025-10-14T00:15:01Z</time>
      </trkpt>
      <trkpt lat="39.16175510496162" lon="117.77571947549761">
        <ele>5.3</ele>
        <time>2025-10-14T00:15:02Z</time>
      </trkpt>
      <trkpt lat="39.161730691554624" lon="117.77571945911605">
        <ele>5.3</ele>
        <time>2025-10-14T00:15:03Z</time>
      </trkpt>
      <trkpt lat="39.16170720411547" lon="117.77572048597887">
        <ele>5.3</ele>
        <time>2025-10-14T00:15:04Z</time>
      </trkpt>
      <trkpt lat="39.16168383983632" lon="117.77572158152775">
        <ele>5.3</ele>
        <time>2025-10-14T00:15:05Z</time>
      </trkpt>
      <trkpt lat="39.161661269077825" lon="117.77572233127277">
        <ele>5.3</ele>
        <time>2025-10-14T00:15:06Z</time>
      </trkpt>
      <trkpt lat="39.161638553539724" lon="117.77572316914195">
        <ele>5.3</ele>
        <time>2025-10-14T00:15:07Z</time>
      </trkpt>
      <trkpt lat="39.16161650825826" lon="117.77572468128818">
        <ele>5.3</ele>
        <time>2025-10-14T00:15:08Z</time>
      </trkpt>
      <trkpt lat="39.16159417789747" lon="117.77572698367501">
        <ele>5.3</ele>
        <time>2025-10-14T00:15:09Z</time>
      </trkpt>
      <trkpt lat="39.16157314674472" lon="117.77572971414968">
        <ele>5.3</ele>
        <time>2025-10-14T00:15:10Z</time>
      </trkpt>
      <trkpt lat="39.16155156062351" lon="117.77573273913343">
        <ele>5.3</ele>
        <time>2025-10-14T00:15:11Z</time>
      </trkpt>
      <trkpt lat="39.16152750523746" lon="117.77573641709444">
        <ele>5.3</ele>
        <time>2025-10-14T00:15:12Z</time>
      </trkpt>
      <trkpt lat="39.16150397647394" lon="117.77574047887873">
        <ele>5.3</ele>
        <time>2025-10-14T00:15:13Z</time>
      </trkpt>
      <trkpt lat="39.16147835360587" lon="117.7757453584409">
        <ele>5.3</ele>
        <time>2025-10-14T00:15:14Z</time>
      </trkpt>
      <trkpt lat="39.16145486172588" lon="117.77574954421668">
        <ele>5.3</ele>
        <time>2025-10-14T00:15:15Z</time>
      </trkpt>
      <trkpt lat="39.161431045462216" lon="117.77575277550754">
        <ele>5.3</ele>
        <time>2025-10-14T00:15:16Z</time>
      </trkpt>
      <trkpt lat="39.16140703094858" lon="117.7757539724428">
        <ele>5.3</ele>
        <time>2025-10-14T00:15:17Z</time>
      </trkpt>
      <trkpt lat="39.16138328186175" lon="117.77575387536375">
        <ele>5.3</ele>
        <time>2025-10-14T00:15:18Z</time>
      </trkpt>
      <trkpt lat="39.161359445217514" lon="117.77575238163924">
        <ele>5.3</ele>
        <time>2025-10-14T00:15:19Z</time>
      </trkpt>
      <trkpt lat="39.16133804953922" lon="117.77574988715347">
        <ele>5.3</ele>
        <time>2025-10-14T00:15:20Z</time>
      </trkpt>
      <trkpt lat="39.16131525640794" lon="117.77574649021007">
        <ele>5.3</ele>
        <time>2025-10-14T00:15:21Z</time>
      </trkpt>
      <trkpt lat="39.1612930420749" lon="117.77574255385285">
        <ele>5.3</ele>
        <time>2025-10-14T00:15:22Z</time>
      </trkpt>
      <trkpt lat="39.16127099672265" lon="117.77573794704348">
        <ele>5.3</ele>
        <time>2025-10-14T00:15:23Z</time>
      </trkpt>
      <trkpt lat="39.16125038434098" lon="117.77573268451825">
        <ele>5.3</ele>
        <time>2025-10-14T00:15:24Z</time>
      </trkpt>
      <trkpt lat="39.161229821386506" lon="117.77572686508103">
        <ele>5.3</ele>
        <time>2025-10-14T00:15:25Z</time>
      </trkpt>
      <trkpt lat="39.161207197465835" lon="117.7757203773561">
        <ele>5.3</ele>
        <time>2025-10-14T00:15:26Z</time>
      </trkpt>
      <trkpt lat="39.161184808407356" lon="117.77571365540824">
        <ele>5.3</ele>
        <time>2025-10-14T00:15:27Z</time>
      </trkpt>
      <trkpt lat="39.161160054897174" lon="117.77570573190502">
        <ele>5.3</ele>
        <time>2025-10-14T00:15:28Z</time>
      </trkpt>
      <trkpt lat="39.16113719341442" lon="117.77569786256227">
        <ele>5.3</ele>
        <time>2025-10-14T00:15:29Z</time>
      </trkpt>
      <trkpt lat="39.16111417433946" lon="117.77569021194763">
        <ele>5.3</ele>
        <time>2025-10-14T00:15:30Z</time>
      </trkpt>
      <trkpt lat="39.16109077194866" lon="117.77568322793591">
        <ele>5.3</ele>
        <time>2025-10-14T00:15:31Z</time>
      </trkpt>
      <trkpt lat="39.16106670181408" lon="117.77567698729493">
        <ele>5.3</ele>
        <time>2025-10-14T00:15:32Z</time>
      </trkpt>
      <trkpt lat="39.161041868379726" lon="117.77567166812346">
        <ele>5.3</ele>
        <time>2025-10-14T00:15:33Z</time>
      </trkpt>
      <trkpt lat="39.161016698737384" lon="117.77566791046378">
        <ele>5.3</ele>
        <time>2025-10-14T00:15:34Z</time>
      </trkpt>
      <trkpt lat="39.16099140494245" lon="117.775665184894">
        <ele>5.3</ele>
        <time>2025-10-14T00:15:35Z</time>
      </trkpt>
      <trkpt lat="39.160966022300485" lon="117.77566323574678">
        <ele>5.3</ele>
        <time>2025-10-14T00:15:36Z</time>
      </trkpt>
      <trkpt lat="39.16094062386208" lon="117.77566198758501">
        <ele>5.3</ele>
        <time>2025-10-14T00:15:37Z</time>
      </trkpt>
      <trkpt lat="39.16091579364053" lon="117.77566136802452">
        <ele>5.3</ele>
        <time>2025-10-14T00:15:38Z</time>
      </trkpt>
      <trkpt lat="39.160891392713346" lon="117.77566129585003">
        <ele>5.3</ele>
        <time>2025-10-14T00:15:39Z</time>
      </trkpt>
      <trkpt lat="39.16086938324738" lon="117.77566218554459">
        <ele>5.3</ele>
        <time>2025-10-14T00:15:40Z</time>
      </trkpt>
      <trkpt lat="39.16084509328523" lon="117.77566482337767">
        <ele>5.3</ele>
        <time>2025-10-14T00:15:41Z</time>
      </trkpt>
      <trkpt lat="39.16082091627441" lon="117.77566931811961">
        <ele>5.3</ele>
        <time>2025-10-14T00:15:42Z</time>
      </trkpt>
      <trkpt lat="39.16079687009494" lon="117.77567565255572">
        <ele>5.3</ele>
        <time>2025-10-14T00:15:43Z</time>
      </trkpt>
      <trkpt lat="39.16077305725726" lon="117.7756840519372">
        <ele>5.3</ele>
        <time>2025-10-14T00:15:44Z</time>
      </trkpt>
      <trkpt lat="39.16074945522805" lon="117.77569330850812">
        <ele>5.3</ele>
        <time>2025-10-14T00:15:45Z</time>
      </trkpt>
      <trkpt lat="39.16072589861017" lon="117.77570286289217">
        <ele>5.3</ele>
        <time>2025-10-14T00:15:46Z</time>
      </trkpt>
      <trkpt lat="39.16070210178092" lon="117.77571240236973">
        <ele>5.3</ele>
        <time>2025-10-14T00:15:47Z</time>
      </trkpt>
      <trkpt lat="39.16067803966688" lon="117.77572122389708">
        <ele>5.3</ele>
        <time>2025-10-14T00:15:48Z</time>
      </trkpt>
      <trkpt lat="39.16065157678871" lon="117.77573000118866">
        <ele>5.3</ele>
        <time>2025-10-14T00:15:49Z</time>
      </trkpt>
      <trkpt lat="39.16062694597803" lon="117.77573714363767">
        <ele>5.3</ele>
        <time>2025-10-14T00:15:50Z</time>
      </trkpt>
      <trkpt lat="39.160602709099564" lon="117.77574411318278">
        <ele>5.3</ele>
        <time>2025-10-14T00:15:51Z</time>
      </trkpt>
      <trkpt lat="39.1605788396815" lon="117.77575074037989">
        <ele>5.3</ele>
        <time>2025-10-14T00:15:52Z</time>
      </trkpt>
      <trkpt lat="39.160556081958426" lon="117.77575629108546">
        <ele>5.3</ele>
        <time>2025-10-14T00:15:53Z</time>
      </trkpt>
      <trkpt lat="39.16053099941919" lon="117.77576058456262">
        <ele>5.3</ele>
        <time>2025-10-14T00:15:54Z</time>
      </trkpt>
      <trkpt lat="39.16050860478095" lon="117.7757622509502">
        <ele>0</ele>
        <time>2025-10-14T00:15:55Z</time>
      </trkpt>
      <trkpt lat="39.16048395703568" lon="117.77576224299659">
        <ele>0</ele>
        <time>2025-10-14T00:15:56Z</time>
      </trkpt>
      <trkpt lat="39.16046179746125" lon="117.77576077062606">
        <ele>0</ele>
        <time>2025-10-14T00:15:57Z</time>
      </trkpt>
      <trkpt lat="39.16043954322151" lon="117.7757588163637">
        <ele>0</ele>
        <time>2025-10-14T00:15:58Z</time>
      </trkpt>
      <trkpt lat="39.16041681539395" lon="117.77575666164107">
        <ele>0</ele>
        <time>2025-10-14T00:15:59Z</time>
      </trkpt>
      <trkpt lat="39.16039342062409" lon="117.77575453712195">
        <ele>5.3</ele>
        <time>2025-10-14T00:16:00Z</time>
      </trkpt>
      <trkpt lat="39.16036866358381" lon="117.77575239603628">
        <ele>5.3</ele>
        <time>2025-10-14T00:16:01Z</time>
      </trkpt>
      <trkpt lat="39.16034270425369" lon="117.77575028727969">
        <ele>5.3</ele>
        <time>2025-10-14T00:16:02Z</time>
      </trkpt>
      <trkpt lat="39.16031540042586" lon="117.77574817983525">
        <ele>5.3</ele>
        <time>2025-10-14T00:16:03Z</time>
      </trkpt>
      <trkpt lat="39.16028717591522" lon="117.77574634301355">
        <ele>5.3</ele>
        <time>2025-10-14T00:16:04Z</time>
      </trkpt>
      <trkpt lat="39.16025814784575" lon="117.77574440259954">
        <ele>5.3</ele>
        <time>2025-10-14T00:16:05Z</time>
      </trkpt>
      <trkpt lat="39.16022971144043" lon="117.77574246716507">
        <ele>5.3</ele>
        <time>2025-10-14T00:16:06Z</time>
      </trkpt>
      <trkpt lat="39.16019979945819" lon="117.77573988005547">
        <ele>5.3</ele>
        <time>2025-10-14T00:16:07Z</time>
      </trkpt>
      <trkpt lat="39.160173493856156" lon="117.77573714724649">
        <ele>5.3</ele>
        <time>2025-10-14T00:16:08Z</time>
      </trkpt>
      <trkpt lat="39.16014825371613" lon="117.77573404521685">
        <ele>5.3</ele>
        <time>2025-10-14T00:16:09Z</time>
      </trkpt>
      <trkpt lat="39.1601244467801" lon="117.77573079580404">
        <ele>5.3</ele>
        <time>2025-10-14T00:16:10Z</time>
      </trkpt>
      <trkpt lat="39.16010138154873" lon="117.7757277237605">
        <ele>5.3</ele>
        <time>2025-10-14T00:16:11Z</time>
      </trkpt>
      <trkpt lat="39.160078520781866" lon="117.7757247377372">
        <ele>5.3</ele>
        <time>2025-10-14T00:16:12Z</time>
      </trkpt>
      <trkpt lat="39.1600550210501" lon="117.77572197353207">
        <ele>5.3</ele>
        <time>2025-10-14T00:16:13Z</time>
      </trkpt>
      <trkpt lat="39.16003102344701" lon="117.77571918654749">
        <ele>5.3</ele>
        <time>2025-10-14T00:16:14Z</time>
      </trkpt>
      <trkpt lat="39.160003782107" lon="117.77571576670361">
        <ele>5.3</ele>
        <time>2025-10-14T00:16:15Z</time>
      </trkpt>
      <trkpt lat="39.159978191439116" lon="117.77571259544874">
        <ele>5.3</ele>
        <time>2025-10-14T00:16:16Z</time>
      </trkpt>
      <trkpt lat="39.15995211929757" lon="117.77570993499415">
        <ele>5.3</ele>
        <time>2025-10-14T00:16:17Z</time>
      </trkpt>
      <trkpt lat="39.159926189142325" lon="117.77570897139032">
        <ele>5.3</ele>
        <time>2025-10-14T00:16:18Z</time>
      </trkpt>
      <trkpt lat="39.15990011924265" lon="117.77570980598337">
        <ele>5.3</ele>
        <time>2025-10-14T00:16:19Z</time>
      </trkpt>
      <trkpt lat="39.159873166461864" lon="117.77571272493279">
        <ele>5.3</ele>
        <time>2025-10-14T00:16:20Z</time>
      </trkpt>
      <trkpt lat="39.15984708739266" lon="117.77571710676604">
        <ele>5.3</ele>
        <time>2025-10-14T00:16:21Z</time>
      </trkpt>
      <trkpt lat="39.159820803712016" lon="117.77572177286359">
        <ele>5.3</ele>
        <time>2025-10-14T00:16:22Z</time>
      </trkpt>
      <trkpt lat="39.15979291453445" lon="117.77572645795632">
        <ele>5.3</ele>
        <time>2025-10-14T00:16:23Z</time>
      </trkpt>
      <trkpt lat="39.15976603865516" lon="117.77573163820068">
        <ele>5.3</ele>
        <time>2025-10-14T00:16:24Z</time>
      </trkpt>
      <trkpt lat="39.15973967075831" lon="117.7757373795283">
        <ele>5.3</ele>
        <time>2025-10-14T00:16:25Z</time>
      </trkpt>
      <trkpt lat="39.159714203013756" lon="117.77574312253596">
        <ele>5.3</ele>
        <time>2025-10-14T00:16:26Z</time>
      </trkpt>
      <trkpt lat="39.159689332189544" lon="117.7757478138784">
        <ele>5.3</ele>
        <time>2025-10-14T00:16:27Z</time>
      </trkpt>
      <trkpt lat="39.159664786318494" lon="117.77575143794202">
        <ele>5.3</ele>
        <time>2025-10-14T00:16:28Z</time>
      </trkpt>
      <trkpt lat="39.15963995762029" lon="117.77575480697476">
        <ele>5.3</ele>
        <time>2025-10-14T00:16:29Z</time>
      </trkpt>
      <trkpt lat="39.159614869859375" lon="117.77575845253325">
        <ele>5.3</ele>
        <time>2025-10-14T00:16:30Z</time>
      </trkpt>
      <trkpt lat="39.15958972834649" lon="117.77576253053967">
        <ele>5.3</ele>
        <time>2025-10-14T00:16:31Z</time>
      </trkpt>
      <trkpt lat="39.159564164747955" lon="117.77576657997052">
        <ele>5.3</ele>
        <time>2025-10-14T00:16:32Z</time>
      </trkpt>
      <trkpt lat="39.159539173751824" lon="117.77577031586141">
        <ele>5.3</ele>
        <time>2025-10-14T00:16:33Z</time>
      </trkpt>
      <trkpt lat="39.15951195932172" lon="117.7757737415037">
        <ele>5.3</ele>
        <time>2025-10-14T00:16:34Z</time>
      </trkpt>
      <trkpt lat="39.159487970528815" lon="117.77577539539557">
        <ele>5.3</ele>
        <time>2025-10-14T00:16:35Z</time>
      </trkpt>
      <trkpt lat="39.1594614717298" lon="117.77577475593716">
        <ele>5.3</ele>
        <time>2025-10-14T00:16:36Z</time>
      </trkpt>
      <trkpt lat="39.15943684599075" lon="117.77577180056393">
        <ele>5.3</ele>
        <time>2025-10-14T00:16:37Z</time>
      </trkpt>
      <trkpt lat="39.1594110590998" lon="117.7757675944769">
        <ele>5.3</ele>
        <time>2025-10-14T00:16:38Z</time>
      </trkpt>
      <trkpt lat="39.15938498033252" lon="117.77576217477215">
        <ele>5.3</ele>
        <time>2025-10-14T00:16:39Z</time>
      </trkpt>
      <trkpt lat="39.15935934398728" lon="117.77575623773366">
        <ele>5.3</ele>
        <time>2025-10-14T00:16:40Z</time>
      </trkpt>
      <trkpt lat="39.15933464563188" lon="117.77575025996063">
        <ele>5.3</ele>
        <time>2025-10-14T00:16:41Z</time>
      </trkpt>
      <trkpt lat="39.15931112007913" lon="117.77574475181487">
        <ele>5.3</ele>
        <time>2025-10-14T00:16:42Z</time>
      </trkpt>
      <trkpt lat="39.15928851372655" lon="117.77573936146399">
        <ele>5.3</ele>
        <time>2025-10-14T00:16:43Z</time>
      </trkpt>
      <trkpt lat="39.15926642315305" lon="117.77573380636446">
        <ele>5.3</ele>
        <time>2025-10-14T00:16:44Z</time>
      </trkpt>
      <trkpt lat="39.159243855596365" lon="117.77572825213589">
        <ele>5.3</ele>
        <time>2025-10-14T00:16:45Z</time>
      </trkpt>
      <trkpt lat="39.15922056315485" lon="117.77572321725748">
        <ele>5.3</ele>
        <time>2025-10-14T00:16:46Z</time>
      </trkpt>
      <trkpt lat="39.15919401886491" lon="117.77571840405781">
        <ele>5.3</ele>
        <time>2025-10-14T00:16:47Z</time>
      </trkpt>
      <trkpt lat="39.15916883588402" lon="117.77571443037709">
        <ele>5.3</ele>
        <time>2025-10-14T00:16:48Z</time>
      </trkpt>
      <trkpt lat="39.15914234974488" lon="117.77571063192744">
        <ele>5.3</ele>
        <time>2025-10-14T00:16:49Z</time>
      </trkpt>
      <trkpt lat="39.15911707504836" lon="117.77570708345205">
        <ele>5.3</ele>
        <time>2025-10-14T00:16:50Z</time>
      </trkpt>
      <trkpt lat="39.159091547398305" lon="117.77570337678176">
        <ele>5.3</ele>
        <time>2025-10-14T00:16:51Z</time>
      </trkpt>
      <trkpt lat="39.15906453887499" lon="117.77569928409636">
        <ele>5.3</ele>
        <time>2025-10-14T00:16:52Z</time>
      </trkpt>
      <trkpt lat="39.15903817157153" lon="117.77569578498364">
        <ele>5.3</ele>
        <time>2025-10-14T00:16:53Z</time>
      </trkpt>
      <trkpt lat="39.159011706184586" lon="117.77569358518468">
        <ele>5.3</ele>
        <time>2025-10-14T00:16:54Z</time>
      </trkpt>
      <trkpt lat="39.158985157854715" lon="117.77569258800088">
        <ele>0</ele>
        <time>2025-10-14T00:16:55Z</time>
      </trkpt>
      <trkpt lat="39.158958743600046" lon="117.77569191804155">
        <ele>0</ele>
        <time>2025-10-14T00:16:56Z</time>
      </trkpt>
      <trkpt lat="39.15893283609232" lon="117.77569081690368">
        <ele>0</ele>
        <time>2025-10-14T00:16:57Z</time>
      </trkpt>
      <trkpt lat="39.15890694166716" lon="117.77568973600599">
        <ele>0</ele>
        <time>2025-10-14T00:16:58Z</time>
      </trkpt>
      <trkpt lat="39.15888146373319" lon="117.77568900550808">
        <ele>0</ele>
        <time>2025-10-14T00:16:59Z</time>
      </trkpt>
      <trkpt lat="39.158854630494154" lon="117.77568878790566">
        <ele>5.3</ele>
        <time>2025-10-14T00:17:00Z</time>
      </trkpt>
      <trkpt lat="39.158830633404996" lon="117.77568923142533">
        <ele>5.3</ele>
        <time>2025-10-14T00:17:01Z</time>
      </trkpt>
      <trkpt lat="39.15880691570937" lon="117.7756905435814">
        <ele>5.3</ele>
        <time>2025-10-14T00:17:02Z</time>
      </trkpt>
      <trkpt lat="39.15878266138108" lon="117.77569368438967">
        <ele>5.3</ele>
        <time>2025-10-14T00:17:03Z</time>
      </trkpt>
      <trkpt lat="39.158758373563714" lon="117.77569856900072">
        <ele>5.3</ele>
        <time>2025-10-14T00:17:04Z</time>
      </trkpt>
      <trkpt lat="39.158731624094564" lon="117.77570570237934">
        <ele>5.3</ele>
        <time>2025-10-14T00:17:05Z</time>
      </trkpt>
      <trkpt lat="39.158707071915394" lon="117.77571370875123">
        <ele>5.3</ele>
        <time>2025-10-14T00:17:06Z</time>
      </trkpt>
      <trkpt lat="39.15868245964888" lon="117.7757222252533">
        <ele>5.3</ele>
        <time>2025-10-14T00:17:07Z</time>
      </trkpt>
      <trkpt lat="39.158657894374954" lon="117.77573117357142">
        <ele>5.3</ele>
        <time>2025-10-14T00:17:08Z</time>
      </trkpt>
      <trkpt lat="39.158633500062656" lon="117.77573982565103">
        <ele>5.3</ele>
        <time>2025-10-14T00:17:09Z</time>
      </trkpt>
      <trkpt lat="39.15860673749477" lon="117.77574845637442">
        <ele>5.3</ele>
        <time>2025-10-14T00:17:10Z</time>
      </trkpt>
      <trkpt lat="39.158581705733084" lon="117.77575505934996">
        <ele>5.3</ele>
        <time>2025-10-14T00:17:11Z</time>
      </trkpt>
      <trkpt lat="39.15855611307094" lon="117.77576002163872">
        <ele>5.3</ele>
        <time>2025-10-14T00:17:12Z</time>
      </trkpt>
      <trkpt lat="39.15853013181825" lon="117.77576295368397">
        <ele>5.3</ele>
        <time>2025-10-14T00:17:13Z</time>
      </trkpt>
      <trkpt lat="39.158504421367745" lon="117.77576462052325">
        <ele>5.3</ele>
        <time>2025-10-14T00:17:14Z</time>
      </trkpt>
      <trkpt lat="39.1584791212066" lon="117.7757655548189">
        <ele>5.3</ele>
        <time>2025-10-14T00:17:15Z</time>
      </trkpt>
      <trkpt lat="39.15845433558909" lon="117.7757652580483">
        <ele>5.3</ele>
        <time>2025-10-14T00:17:16Z</time>
      </trkpt>
      <trkpt lat="39.15842983703991" lon="117.77576386597">
        <ele>5.3</ele>
        <time>2025-10-14T00:17:17Z</time>
      </trkpt>
      <trkpt lat="39.158404874370085" lon="117.77576140236958">
        <ele>5.3</ele>
        <time>2025-10-14T00:17:18Z</time>
      </trkpt>
      <trkpt lat="39.1583820935761" lon="117.77575839223228">
        <ele>5.3</ele>
        <time>2025-10-14T00:17:19Z</time>
      </trkpt>
      <trkpt lat="39.15835763379135" lon="117.77575483113874">
        <ele>5.3</ele>
        <time>2025-10-14T00:17:20Z</time>
      </trkpt>
      <trkpt lat="39.158334218214065" lon="117.77575092703967">
        <ele>5.3</ele>
        <time>2025-10-14T00:17:21Z</time>
      </trkpt>
      <trkpt lat="39.15831210391854" lon="117.77574664902367">
        <ele>5.3</ele>
        <time>2025-10-14T00:17:22Z</time>
      </trkpt>
      <trkpt lat="39.15829085319739" lon="117.77574149507741">
        <ele>5.3</ele>
        <time>2025-10-14T00:17:23Z</time>
      </trkpt>
      <trkpt lat="39.15827026714072" lon="117.77573566666875">
        <ele>5.3</ele>
        <time>2025-10-14T00:17:24Z</time>
      </trkpt>
      <trkpt lat="39.158249603529946" lon="117.77572927849869">
        <ele>5.3</ele>
        <time>2025-10-14T00:17:25Z</time>
      </trkpt>
      <trkpt lat="39.15822828355279" lon="117.77572250175807">
        <ele>5.3</ele>
        <time>2025-10-14T00:17:26Z</time>
      </trkpt>
      <trkpt lat="39.15820676543308" lon="117.77571559979347">
        <ele>5.3</ele>
        <time>2025-10-14T00:17:27Z</time>
      </trkpt>
      <trkpt lat="39.15818254162921" lon="117.77570771669902">
        <ele>5.3</ele>
        <time>2025-10-14T00:17:28Z</time>
      </trkpt>
      <trkpt lat="39.15816025618998" lon="117.77570041119759">
        <ele>5.3</ele>
        <time>2025-10-14T00:17:29Z</time>
      </trkpt>
      <trkpt lat="39.158137340573155" lon="117.77569348133686">
        <ele>5.3</ele>
        <time>2025-10-14T00:17:30Z</time>
      </trkpt>
      <trkpt lat="39.15811406066428" lon="117.775687533355">
        <ele>5.3</ele>
        <time>2025-10-14T00:17:31Z</time>
      </trkpt>
      <trkpt lat="39.158090892688534" lon="117.77568266771198">
        <ele>5.3</ele>
        <time>2025-10-14T00:17:32Z</time>
      </trkpt>
      <trkpt lat="39.15806559854628" lon="117.77567880152813">
        <ele>5.3</ele>
        <time>2025-10-14T00:17:33Z</time>
      </trkpt>
      <trkpt lat="39.15804226094235" lon="117.77567678743308">
        <ele>5.3</ele>
        <time>2025-10-14T00:17:34Z</time>
      </trkpt>
      <trkpt lat="39.15801840777852" lon="117.77567590499591">
        <ele>5.3</ele>
        <time>2025-10-14T00:17:35Z</time>
      </trkpt>
      <trkpt lat="39.15799412632251" lon="117.7756762564056">
        <ele>5.3</ele>
        <time>2025-10-14T00:17:36Z</time>
      </trkpt>
      <trkpt lat="39.15797011069777" lon="117.77567737973342">
        <ele>5.3</ele>
        <time>2025-10-14T00:17:37Z</time>
      </trkpt>
      <trkpt lat="39.15794641533461" lon="117.77567920601567">
        <ele>5.3</ele>
        <time>2025-10-14T00:17:38Z</time>
      </trkpt>
      <trkpt lat="39.15792304274605" lon="117.77568190468759">
        <ele>5.3</ele>
        <time>2025-10-14T00:17:39Z</time>
      </trkpt>
      <trkpt lat="39.15789946293381" lon="117.77568593674994">
        <ele>5.3</ele>
        <time>2025-10-14T00:17:40Z</time>
      </trkpt>
      <trkpt lat="39.157875212929184" lon="117.77569144588718">
        <ele>5.3</ele>
        <time>2025-10-14T00:17:41Z</time>
      </trkpt>
      <trkpt lat="39.15784998310733" lon="117.77569913491514">
        <ele>5.3</ele>
        <time>2025-10-14T00:17:42Z</time>
      </trkpt>
      <trkpt lat="39.15782410223242" lon="117.77570779363222">
        <ele>5.3</ele>
        <time>2025-10-14T00:17:43Z</time>
      </trkpt>
      <trkpt lat="39.15779581616707" lon="117.7757172626047">
        <ele>5.3</ele>
        <time>2025-10-14T00:17:44Z</time>
      </trkpt>
      <trkpt lat="39.15777008161307" lon="117.77572497394151">
        <ele>5.3</ele>
        <time>2025-10-14T00:17:45Z</time>
      </trkpt>
      <trkpt lat="39.157743922536994" lon="117.77573135036826">
        <ele>5.3</ele>
        <time>2025-10-14T00:17:46Z</time>
      </trkpt>
      <trkpt lat="39.15771909739358" lon="117.77573601625411">
        <ele>5.3</ele>
        <time>2025-10-14T00:17:47Z</time>
      </trkpt>
      <trkpt lat="39.15769386464334" lon="117.77573971624102">
        <ele>5.3</ele>
        <time>2025-10-14T00:17:48Z</time>
      </trkpt>
      <trkpt lat="39.15766695209433" lon="117.7757423826349">
        <ele>5.3</ele>
        <time>2025-10-14T00:17:49Z</time>
      </trkpt>
      <trkpt lat="39.15764072091412" lon="117.77574397618719">
        <ele>5.3</ele>
        <time>2025-10-14T00:17:50Z</time>
      </trkpt>
      <trkpt lat="39.15761494045048" lon="117.77574457117075">
        <ele>5.3</ele>
        <time>2025-10-14T00:17:51Z</time>
      </trkpt>
      <trkpt lat="39.15758874005498" lon="117.77574446290437">
        <ele>5.3</ele>
        <time>2025-10-14T00:17:52Z</time>
      </trkpt>
      <trkpt lat="39.157563386137376" lon="117.77574346860762">
        <ele>5.3</ele>
        <time>2025-10-14T00:17:53Z</time>
      </trkpt>
      <trkpt lat="39.15753668040699" lon="117.77574141361065">
        <ele>5.3</ele>
        <time>2025-10-14T00:17:54Z</time>
      </trkpt>
      <trkpt lat="39.15751320628015" lon="117.77573824833189">
        <ele>0</ele>
        <time>2025-10-14T00:17:55Z</time>
      </trkpt>
      <trkpt lat="39.157490136647056" lon="117.77573413560616">
        <ele>0</ele>
        <time>2025-10-14T00:17:56Z</time>
      </trkpt>
      <trkpt lat="39.15746718256881" lon="117.77572930532311">
        <ele>0</ele>
        <time>2025-10-14T00:17:57Z</time>
      </trkpt>
      <trkpt lat="39.157444678168915" lon="117.77572431234961">
        <ele>0</ele>
        <time>2025-10-14T00:17:58Z</time>
      </trkpt>
      <trkpt lat="39.15742213206038" lon="117.77571919408408">
        <ele>0</ele>
        <time>2025-10-14T00:17:59Z</time>
      </trkpt>
      <trkpt lat="39.157399285478014" lon="117.7757134890553">
        <ele>5.3</ele>
        <time>2025-10-14T00:18:00Z</time>
      </trkpt>
      <trkpt lat="39.15737655890557" lon="117.77570722285417">
        <ele>5.3</ele>
        <time>2025-10-14T00:18:01Z</time>
      </trkpt>
      <trkpt lat="39.15735150320381" lon="117.77569938595656">
        <ele>5.3</ele>
        <time>2025-10-14T00:18:02Z</time>
      </trkpt>
      <trkpt lat="39.15732898534395" lon="117.77569187967006">
        <ele>5.3</ele>
        <time>2025-10-14T00:18:03Z</time>
      </trkpt>
      <trkpt lat="39.15730400101576" lon="117.77568358647707">
        <ele>5.3</ele>
        <time>2025-10-14T00:18:04Z</time>
      </trkpt>
      <trkpt lat="39.157280934785405" lon="117.77567675567">
        <ele>5.3</ele>
        <time>2025-10-14T00:18:05Z</time>
      </trkpt>
      <trkpt lat="39.15725715952308" lon="117.77567075170451">
        <ele>5.3</ele>
        <time>2025-10-14T00:18:06Z</time>
      </trkpt>
      <trkpt lat="39.15723311880803" lon="117.77566605131395">
        <ele>5.3</ele>
        <time>2025-10-14T00:18:07Z</time>
      </trkpt>
      <trkpt lat="39.15720908167968" lon="117.77566222648748">
        <ele>5.3</ele>
        <time>2025-10-14T00:18:08Z</time>
      </trkpt>
      <trkpt lat="39.157185197386156" lon="117.7756591215633">
        <ele>5.3</ele>
        <time>2025-10-14T00:18:09Z</time>
      </trkpt>
      <trkpt lat="39.157160871143354" lon="117.7756572811599">
        <ele>5.3</ele>
        <time>2025-10-14T00:18:10Z</time>
      </trkpt>
      <trkpt lat="39.157136029131735" lon="117.77565662930053">
        <ele>5.3</ele>
        <time>2025-10-14T00:18:11Z</time>
      </trkpt>
      <trkpt lat="39.157110286570976" lon="117.77565725016105">
        <ele>5.3</ele>
        <time>2025-10-14T00:18:12Z</time>
      </trkpt>
      <trkpt lat="39.15708475692172" lon="117.77565867304281">
        <ele>5.3</ele>
        <time>2025-10-14T00:18:13Z</time>
      </trkpt>
      <trkpt lat="39.15705938136635" lon="117.77566023386647">
        <ele>5.3</ele>
        <time>2025-10-14T00:18:14Z</time>
      </trkpt>
      <trkpt lat="39.15703414755127" lon="117.77566195224205">
        <ele>5.3</ele>
        <time>2025-10-14T00:18:15Z</time>
      </trkpt>
      <trkpt lat="39.15701040985031" lon="117.77566426538415">
        <ele>5.3</ele>
        <time>2025-10-14T00:18:16Z</time>
      </trkpt>
      <trkpt lat="39.15698411083587" lon="117.77566805943242">
        <ele>5.3</ele>
        <time>2025-10-14T00:18:17Z</time>
      </trkpt>
      <trkpt lat="39.156956756631836" lon="117.77567371248948">
        <ele>5.3</ele>
        <time>2025-10-14T00:18:18Z</time>
      </trkpt>
      <trkpt lat="39.156930633404876" lon="117.77567941490453">
        <ele>5.3</ele>
        <time>2025-10-14T00:18:19Z</time>
      </trkpt>
      <trkpt lat="39.156905170677845" lon="117.7756847726119">
        <ele>5.3</ele>
        <time>2025-10-14T00:18:20Z</time>
      </trkpt>
      <trkpt lat="39.15688127434174" lon="117.77568907989107">
        <ele>5.3</ele>
        <time>2025-10-14T00:18:21Z</time>
      </trkpt>
      <trkpt lat="39.156856988570354" lon="117.77569389745459">
        <ele>5.3</ele>
        <time>2025-10-14T00:18:22Z</time>
      </trkpt>
      <trkpt lat="39.15683176683287" lon="117.77569922273308">
        <ele>5.3</ele>
        <time>2025-10-14T00:18:23Z</time>
      </trkpt>
      <trkpt lat="39.156806738641926" lon="117.77570488293281">
        <ele>5.3</ele>
        <time>2025-10-14T00:18:24Z</time>
      </trkpt>
      <trkpt lat="39.1567787726469" lon="117.77571108207586">
        <ele>5.3</ele>
        <time>2025-10-14T00:18:25Z</time>
      </trkpt>
      <trkpt lat="39.156753830044785" lon="117.77571710223111">
        <ele>5.3</ele>
        <time>2025-10-14T00:18:26Z</time>
      </trkpt>
      <trkpt lat="39.156728719083866" lon="117.77572311929474">
        <ele>5.3</ele>
        <time>2025-10-14T00:18:27Z</time>
      </trkpt>
      <trkpt lat="39.15670348170506" lon="117.77572894767704">
        <ele>5.3</ele>
        <time>2025-10-14T00:18:28Z</time>
      </trkpt>
      <trkpt lat="39.156678606405514" lon="117.77573442831756">
        <ele>5.3</ele>
        <time>2025-10-14T00:18:29Z</time>
      </trkpt>
      <trkpt lat="39.156651437034604" lon="117.77573965678346">
        <ele>5.3</ele>
        <time>2025-10-14T00:18:30Z</time>
      </trkpt>
      <trkpt lat="39.156627661999565" lon="117.77574406070244">
        <ele>5.3</ele>
        <time>2025-10-14T00:18:31Z</time>
      </trkpt>
      <trkpt lat="39.15660407278016" lon="117.77574784728644">
        <ele>5.3</ele>
        <time>2025-10-14T00:18:32Z</time>
      </trkpt>
      <trkpt lat="39.156580800880775" lon="117.77575090390337">
        <ele>5.3</ele>
        <time>2025-10-14T00:18:33Z</time>
      </trkpt>
      <trkpt lat="39.15655769109171" lon="117.77575322237064">
        <ele>5.3</ele>
        <time>2025-10-14T00:18:34Z</time>
      </trkpt>
      <trkpt lat="39.15653461341799" lon="117.77575477862396">
        <ele>5.3</ele>
        <time>2025-10-14T00:18:35Z</time>
      </trkpt>
      <trkpt lat="39.156511654615876" lon="117.77575551440538">
        <ele>5.3</ele>
        <time>2025-10-14T00:18:36Z</time>
      </trkpt>
      <trkpt lat="39.15648892696162" lon="117.77575546679816">
        <ele>5.3</ele>
        <time>2025-10-14T00:18:37Z</time>
      </trkpt>
      <trkpt lat="39.15646672685675" lon="117.77575467113421">
        <ele>5.3</ele>
        <time>2025-10-14T00:18:38Z</time>
      </trkpt>
      <trkpt lat="39.15644433338466" lon="117.77575318167798">
        <ele>5.3</ele>
        <time>2025-10-14T00:18:39Z</time>
      </trkpt>
      <trkpt lat="39.15642204730325" lon="117.77575111005235">
        <ele>5.3</ele>
        <time>2025-10-14T00:18:40Z</time>
      </trkpt>
      <trkpt lat="39.15639671651759" lon="117.77574863050003">
        <ele>5.3</ele>
        <time>2025-10-14T00:18:41Z</time>
      </trkpt>
      <trkpt lat="39.15637474190742" lon="117.7757456077067">
        <ele>5.3</ele>
        <time>2025-10-14T00:18:42Z</time>
      </trkpt>
      <trkpt lat="39.15635016969661" lon="117.77574231563051">
        <ele>5.3</ele>
        <time>2025-10-14T00:18:43Z</time>
      </trkpt>
      <trkpt lat="39.156328671294055" lon="117.775738669515">
        <ele>5.3</ele>
        <time>2025-10-14T00:18:44Z</time>
      </trkpt>
      <trkpt lat="39.15630706132486" lon="117.77573485973092">
        <ele>5.3</ele>
        <time>2025-10-14T00:18:45Z</time>
      </trkpt>
      <trkpt lat="39.15628527685141" lon="117.77573093117407">
        <ele>5.3</ele>
        <time>2025-10-14T00:18:46Z</time>
      </trkpt>
      <trkpt lat="39.15626351651389" lon="117.77572695051367">
        <ele>5.3</ele>
        <time>2025-10-14T00:18:47Z</time>
      </trkpt>
      <trkpt lat="39.156241259967324" lon="117.77572250849342">
        <ele>5.3</ele>
        <time>2025-10-14T00:18:48Z</time>
      </trkpt>
      <trkpt lat="39.15621902545458" lon="117.77571755233808">
        <ele>5.3</ele>
        <time>2025-10-14T00:18:49Z</time>
      </trkpt>
      <trkpt lat="39.156196188380015" lon="117.77570935717127">
        <ele>5.3</ele>
        <time>2025-10-14T00:18:50Z</time>
      </trkpt>
      <trkpt lat="39.1561732236449" lon="117.7756998706991">
        <ele>5.3</ele>
        <time>2025-10-14T00:18:51Z</time>
      </trkpt>
      <trkpt lat="39.1561505861847" lon="117.77568901177206">
        <ele>5.3</ele>
        <time>2025-10-14T00:18:52Z</time>
      </trkpt>
      <trkpt lat="39.156128278901356" lon="117.77568185561864">
        <ele>5.3</ele>
        <time>2025-10-14T00:18:53Z</time>
      </trkpt>
      <trkpt lat="39.15610650232827" lon="117.77567686230513">
        <ele>5.3</ele>
        <time>2025-10-14T00:18:54Z</time>
      </trkpt>
      <trkpt lat="39.15608373398771" lon="117.77567372921447">
        <ele>0</ele>
        <time>2025-10-14T00:18:55Z</time>
      </trkpt>
      <trkpt lat="39.15606102914659" lon="117.77567057843551">
        <ele>0</ele>
        <time>2025-10-14T00:18:56Z</time>
      </trkpt>
      <trkpt lat="39.15603540725846" lon="117.77566715980942">
        <ele>0</ele>
        <time>2025-10-14T00:18:57Z</time>
      </trkpt>
      <trkpt lat="39.15601354844196" lon="117.77566431229522">
        <ele>0</ele>
        <time>2025-10-14T00:18:58Z</time>
      </trkpt>
      <trkpt lat="39.15599174179306" lon="117.77566165449639">
        <ele>0</ele>
        <time>2025-10-14T00:18:59Z</time>
      </trkpt>
      <trkpt lat="39.15597299691612" lon="117.77565952756777">
        <ele>5.3</ele>
        <time>2025-10-14T00:19:00Z</time>
      </trkpt>
      <trkpt lat="39.15595090235462" lon="117.77565720861774">
        <ele>5.3</ele>
        <time>2025-10-14T00:19:01Z</time>
      </trkpt>
      <trkpt lat="39.15592812873357" lon="117.77565505847795">
        <ele>5.3</ele>
        <time>2025-10-14T00:19:02Z</time>
      </trkpt>
      <trkpt lat="39.155904684585046" lon="117.7756531912407">
        <ele>5.3</ele>
        <time>2025-10-14T00:19:03Z</time>
      </trkpt>
      <trkpt lat="39.15588029357902" lon="117.77565170617237">
        <ele>5.3</ele>
        <time>2025-10-14T00:19:04Z</time>
      </trkpt>
      <trkpt lat="39.15585603151135" lon="117.77565078605326">
        <ele>5.3</ele>
        <time>2025-10-14T00:19:05Z</time>
      </trkpt>
      <trkpt lat="39.155828666973456" lon="117.77565007672933">
        <ele>5.3</ele>
        <time>2025-10-14T00:19:06Z</time>
      </trkpt>
      <trkpt lat="39.15580432377909" lon="117.77565023726329">
        <ele>5.3</ele>
        <time>2025-10-14T00:19:07Z</time>
      </trkpt>
      <trkpt lat="39.15577965073791" lon="117.7756508343628">
        <ele>5.3</ele>
        <time>2025-10-14T00:19:08Z</time>
      </trkpt>
      <trkpt lat="39.15575469527484" lon="117.77565174638809">
        <ele>5.3</ele>
        <time>2025-10-14T00:19:09Z</time>
      </trkpt>
      <trkpt lat="39.155729743628896" lon="117.77565281486761">
        <ele>5.3</ele>
        <time>2025-10-14T00:19:10Z</time>
      </trkpt>
      <trkpt lat="39.15570473569478" lon="117.7756537932434">
        <ele>5.3</ele>
        <time>2025-10-14T00:19:11Z</time>
      </trkpt>
      <trkpt lat="39.15568207377453" lon="117.77565468516407">
        <ele>5.3</ele>
        <time>2025-10-14T00:19:12Z</time>
      </trkpt>
      <trkpt lat="39.15565904426081" lon="117.77565504631546">
        <ele>5.3</ele>
        <time>2025-10-14T00:19:13Z</time>
      </trkpt>
      <trkpt lat="39.15563330037358" lon="117.77565451105953">
        <ele>5.3</ele>
        <time>2025-10-14T00:19:14Z</time>
      </trkpt>
      <trkpt lat="39.155607721282685" lon="117.775653429955">
        <ele>5.3</ele>
        <time>2025-10-14T00:19:15Z</time>
      </trkpt>
      <trkpt lat="39.155582509838204" lon="117.77565180172071">
        <ele>5.3</ele>
        <time>2025-10-14T00:19:16Z</time>
      </trkpt>
      <trkpt lat="39.155557180529605" lon="117.77564949617403">
        <ele>5.3</ele>
        <time>2025-10-14T00:19:17Z</time>
      </trkpt>
      <trkpt lat="39.155532314771584" lon="117.77564659121352">
        <ele>5.3</ele>
        <time>2025-10-14T00:19:18Z</time>
      </trkpt>
      <trkpt lat="39.155505011290586" lon="117.77564263587405">
        <ele>5.3</ele>
        <time>2025-10-14T00:19:19Z</time>
      </trkpt>
      <trkpt lat="39.15548120278652" lon="117.7756384398283">
        <ele>5.3</ele>
        <time>2025-10-14T00:19:20Z</time>
      </trkpt>
      <trkpt lat="39.155457440598184" lon="117.77563353713565">
        <ele>5.3</ele>
        <time>2025-10-14T00:19:21Z</time>
      </trkpt>
      <trkpt lat="39.155433838469385" lon="117.77562792974484">
        <ele>5.3</ele>
        <time>2025-10-14T00:19:22Z</time>
      </trkpt>
      <trkpt lat="39.155410111277746" lon="117.77562167069807">
        <ele>5.3</ele>
        <time>2025-10-14T00:19:23Z</time>
      </trkpt>
      <trkpt lat="39.1553869721169" lon="117.77561497971102">
        <ele>5.3</ele>
        <time>2025-10-14T00:19:24Z</time>
      </trkpt>
      <trkpt lat="39.155363806788365" lon="117.77560788223845">
        <ele>5.3</ele>
        <time>2025-10-14T00:19:25Z</time>
      </trkpt>
      <trkpt lat="39.1553410095593" lon="117.77560062244449">
        <ele>5.3</ele>
        <time>2025-10-14T00:19:26Z</time>
      </trkpt>
      <trkpt lat="39.15531580722071" lon="117.77559288546557">
        <ele>5.3</ele>
        <time>2025-10-14T00:19:27Z</time>
      </trkpt>
      <trkpt lat="39.155293739910796" lon="117.77558576952856">
        <ele>5.3</ele>
        <time>2025-10-14T00:19:28Z</time>
      </trkpt>
      <trkpt lat="39.155271414709006" lon="117.77557887304502">
        <ele>5.3</ele>
        <time>2025-10-14T00:19:29Z</time>
      </trkpt>
      <trkpt lat="39.155248813855714" lon="117.77557228179747">
        <ele>5.3</ele>
        <time>2025-10-14T00:19:30Z</time>
      </trkpt>
      <trkpt lat="39.15522613632024" lon="117.77556607844718">
        <ele>5.3</ele>
        <time>2025-10-14T00:19:31Z</time>
      </trkpt>
      <trkpt lat="39.15520338079295" lon="117.77556025745592">
        <ele>5.3</ele>
        <time>2025-10-14T00:19:32Z</time>
      </trkpt>
      <trkpt lat="39.15517997420922" lon="117.77555475130643">
        <ele>5.3</ele>
        <time>2025-10-14T00:19:33Z</time>
      </trkpt>
      <trkpt lat="39.155156347886425" lon="117.77554973027529">
        <ele>5.3</ele>
        <time>2025-10-14T00:19:34Z</time>
      </trkpt>
      <trkpt lat="39.15512977749987" lon="117.7755448762284">
        <ele>5.3</ele>
        <time>2025-10-14T00:19:35Z</time>
      </trkpt>
      <trkpt lat="39.15510584441167" lon="117.77554133315486">
        <ele>5.3</ele>
        <time>2025-10-14T00:19:36Z</time>
      </trkpt>
      <trkpt lat="39.15508148779799" lon="117.77553875517681">
        <ele>5.3</ele>
        <time>2025-10-14T00:19:37Z</time>
      </trkpt>
      <trkpt lat="39.155055871886034" lon="117.77553731767877">
        <ele>5.3</ele>
        <time>2025-10-14T00:19:38Z</time>
      </trkpt>
      <trkpt lat="39.155029581955965" lon="117.77553758625629">
        <ele>5.3</ele>
        <time>2025-10-14T00:19:39Z</time>
      </trkpt>
      <trkpt lat="39.15499800651426" lon="117.77554051912783">
        <ele>5.3</ele>
        <time>2025-10-14T00:19:40Z</time>
      </trkpt>
      <trkpt lat="39.15496676841446" lon="117.77554848335524">
        <ele>5.3</ele>
        <time>2025-10-14T00:19:41Z</time>
      </trkpt>
      <trkpt lat="39.15493303493867" lon="117.77555984006699">
        <ele>5.3</ele>
        <time>2025-10-14T00:19:42Z</time>
      </trkpt>
      <trkpt lat="39.15489957912615" lon="117.77557343704869">
        <ele>5.3</ele>
        <time>2025-10-14T00:19:43Z</time>
      </trkpt>
      <trkpt lat="39.15486692810483" lon="117.77558553877668">
        <ele>5.3</ele>
        <time>2025-10-14T00:19:44Z</time>
      </trkpt>
      <trkpt lat="39.154835473305845" lon="117.77559590799714">
        <ele>5.3</ele>
        <time>2025-10-14T00:19:45Z</time>
      </trkpt>
      <trkpt lat="39.15480555455739" lon="117.7756038373946">
        <ele>5.3</ele>
        <time>2025-10-14T00:19:46Z</time>
      </trkpt>
      <trkpt lat="39.15477739781822" lon="117.77560924799906">
        <ele>5.3</ele>
        <time>2025-10-14T00:19:47Z</time>
      </trkpt>
      <trkpt lat="39.15475072633585" lon="117.7756123491952">
        <ele>5.3</ele>
        <time>2025-10-14T00:19:48Z</time>
      </trkpt>
      <trkpt lat="39.15472463142541" lon="117.77561326452724">
        <ele>5.3</ele>
        <time>2025-10-14T00:19:49Z</time>
      </trkpt>
      <trkpt lat="39.15469883880045" lon="117.77561319057743">
        <ele>5.3</ele>
        <time>2025-10-14T00:19:50Z</time>
      </trkpt>
      <trkpt lat="39.15467047222239" lon="117.77561246805041">
        <ele>5.3</ele>
        <time>2025-10-14T00:19:51Z</time>
      </trkpt>
      <trkpt lat="39.154644103241964" lon="117.7756114483537">
        <ele>5.3</ele>
        <time>2025-10-14T00:19:52Z</time>
      </trkpt>
      <trkpt lat="39.154617357632155" lon="117.77560993381196">
        <ele>5.3</ele>
        <time>2025-10-14T00:19:53Z</time>
      </trkpt>
      <trkpt lat="39.15459273029718" lon="117.77560732299136">
        <ele>5.3</ele>
        <time>2025-10-14T00:19:54Z</time>
      </trkpt>
      <trkpt lat="39.15456815932696" lon="117.77560282416748">
        <ele>0</ele>
        <time>2025-10-14T00:19:55Z</time>
      </trkpt>
      <trkpt lat="39.154542321570155" lon="117.77559549156958">
        <ele>0</ele>
        <time>2025-10-14T00:19:56Z</time>
      </trkpt>
      <trkpt lat="39.15451782433233" lon="117.77558584974828">
        <ele>0</ele>
        <time>2025-10-14T00:19:57Z</time>
      </trkpt>
      <trkpt lat="39.15449469081315" lon="117.77557491630346">
        <ele>0</ele>
        <time>2025-10-14T00:19:58Z</time>
      </trkpt>
      <trkpt lat="39.154472138402475" lon="117.77556351891127">
        <ele>0</ele>
        <time>2025-10-14T00:19:59Z</time>
      </trkpt>
      <trkpt lat="39.15445026705954" lon="117.7755529844072">
        <ele>5.3</ele>
        <time>2025-10-14T00:20:00Z</time>
      </trkpt>
      <trkpt lat="39.154425826096286" lon="117.7755428010632">
        <ele>5.3</ele>
        <time>2025-10-14T00:20:01Z</time>
      </trkpt>
      <trkpt lat="39.15440273438686" lon="117.7755343686402">
        <ele>5.3</ele>
        <time>2025-10-14T00:20:02Z</time>
      </trkpt>
      <trkpt lat="39.15437826857019" lon="117.7755260505294">
        <ele>5.3</ele>
        <time>2025-10-14T00:20:03Z</time>
      </trkpt>
      <trkpt lat="39.15435406531788" lon="117.77551674921858">
        <ele>5.3</ele>
        <time>2025-10-14T00:20:04Z</time>
      </trkpt>
      <trkpt lat="39.154330591776656" lon="117.77550720853131">
        <ele>5.3</ele>
        <time>2025-10-14T00:20:05Z</time>
      </trkpt>
      <trkpt lat="39.154308178088925" lon="117.77549817680426">
        <ele>5.3</ele>
        <time>2025-10-14T00:20:06Z</time>
      </trkpt>
      <trkpt lat="39.154285765578535" lon="117.77549081012549">
        <ele>5.3</ele>
        <time>2025-10-14T00:20:07Z</time>
      </trkpt>
      <trkpt lat="39.15426360332015" lon="117.77548489870418">
        <ele>5.3</ele>
        <time>2025-10-14T00:20:08Z</time>
      </trkpt>
      <trkpt lat="39.15423908085492" lon="117.77547968350885">
        <ele>5.3</ele>
        <time>2025-10-14T00:20:09Z</time>
      </trkpt>
      <trkpt lat="39.15421625431132" lon="117.77547584108419">
        <ele>5.3</ele>
        <time>2025-10-14T00:20:10Z</time>
      </trkpt>
      <trkpt lat="39.154192614574754" lon="117.77547208407539">
        <ele>5.3</ele>
        <time>2025-10-14T00:20:11Z</time>
      </trkpt>
      <trkpt lat="39.154168285635095" lon="117.77546810702827">
        <ele>5.3</ele>
        <time>2025-10-14T00:20:12Z</time>
      </trkpt>
      <trkpt lat="39.15414419178817" lon="117.77546377459417">
        <ele>5.3</ele>
        <time>2025-10-14T00:20:13Z</time>
      </trkpt>
      <trkpt lat="39.15411777041495" lon="117.77545858985447">
        <ele>5.3</ele>
        <time>2025-10-14T00:20:14Z</time>
      </trkpt>
      <trkpt lat="39.15409309229663" lon="117.77545410327723">
        <ele>5.3</ele>
        <time>2025-10-14T00:20:15Z</time>
      </trkpt>
      <trkpt lat="39.15406721019438" lon="117.77545082570596">
        <ele>5.3</ele>
        <time>2025-10-14T00:20:16Z</time>
      </trkpt>
      <trkpt lat="39.15404039730305" lon="117.77545020135625">
        <ele>5.3</ele>
        <time>2025-10-14T00:20:17Z</time>
      </trkpt>
      <trkpt lat="39.15401254643657" lon="117.77545249494024">
        <ele>5.3</ele>
        <time>2025-10-14T00:20:18Z</time>
      </trkpt>
      <trkpt lat="39.1539833082816" lon="117.77545820470141">
        <ele>5.3</ele>
        <time>2025-10-14T00:20:19Z</time>
      </trkpt>
      <trkpt lat="39.15395307818353" lon="117.77546700607148">
        <ele>5.3</ele>
        <time>2025-10-14T00:20:20Z</time>
      </trkpt>
      <trkpt lat="39.15392322038489" lon="117.77547647740145">
        <ele>5.3</ele>
        <time>2025-10-14T00:20:21Z</time>
      </trkpt>
      <trkpt lat="39.15389497979961" lon="117.77548448484457">
        <ele>5.3</ele>
        <time>2025-10-14T00:20:22Z</time>
      </trkpt>
      <trkpt lat="39.15387011442977" lon="117.77548995742741">
        <ele>5.3</ele>
        <time>2025-10-14T00:20:23Z</time>
      </trkpt>
      <trkpt lat="39.1538462021706" lon="117.77549361562637">
        <ele>5.3</ele>
        <time>2025-10-14T00:20:24Z</time>
      </trkpt>
      <trkpt lat="39.1538205928463" lon="117.77549599622927">
        <ele>5.3</ele>
        <time>2025-10-14T00:20:25Z</time>
      </trkpt>
      <trkpt lat="39.1537954586896" lon="117.77549705945825">
        <ele>5.3</ele>
        <time>2025-10-14T00:20:26Z</time>
      </trkpt>
      <trkpt lat="39.15377033640914" lon="117.77549725448007">
        <ele>5.3</ele>
        <time>2025-10-14T00:20:27Z</time>
      </trkpt>
      <trkpt lat="39.15374490942606" lon="117.77549679204166">
        <ele>5.3</ele>
        <time>2025-10-14T00:20:28Z</time>
      </trkpt>
      <trkpt lat="39.153720210164074" lon="117.77549585741909">
        <ele>5.3</ele>
        <time>2025-10-14T00:20:29Z</time>
      </trkpt>
      <trkpt lat="39.15369407192437" lon="117.77549408401971">
        <ele>5.3</ele>
        <time>2025-10-14T00:20:30Z</time>
      </trkpt>
      <trkpt lat="39.15367107454306" lon="117.77549148775218">
        <ele>5.3</ele>
        <time>2025-10-14T00:20:31Z</time>
      </trkpt>
      <trkpt lat="39.15364807387609" lon="117.77548831814357">
        <ele>5.3</ele>
        <time>2025-10-14T00:20:32Z</time>
      </trkpt>
      <trkpt lat="39.15362507992873" lon="117.77548486611153">
        <ele>5.3</ele>
        <time>2025-10-14T00:20:33Z</time>
      </trkpt>
      <trkpt lat="39.15360221283904" lon="117.77548122478595">
        <ele>5.3</ele>
        <time>2025-10-14T00:20:34Z</time>
      </trkpt>
      <trkpt lat="39.153579652793816" lon="117.77547723859851">
        <ele>5.3</ele>
        <time>2025-10-14T00:20:35Z</time>
      </trkpt>
      <trkpt lat="39.15355702633891" lon="117.77547229894563">
        <ele>5.3</ele>
        <time>2025-10-14T00:20:36Z</time>
      </trkpt>
      <trkpt lat="39.15353460802149" lon="117.77546675004051">
        <ele>5.3</ele>
        <time>2025-10-14T00:20:37Z</time>
      </trkpt>
      <trkpt lat="39.15350978787853" lon="117.77546004573394">
        <ele>5.3</ele>
        <time>2025-10-14T00:20:38Z</time>
      </trkpt>
      <trkpt lat="39.15348650284744" lon="117.77545414980972">
        <ele>5.3</ele>
        <time>2025-10-14T00:20:39Z</time>
      </trkpt>
      <trkpt lat="39.15346297360753" lon="117.77544903117933">
        <ele>5.3</ele>
        <time>2025-10-14T00:20:40Z</time>
      </trkpt>
      <trkpt lat="39.15343874400549" lon="117.77544486306586">
        <ele>5.3</ele>
        <time>2025-10-14T00:20:41Z</time>
      </trkpt>
      <trkpt lat="39.15341548349821" lon="117.77544088791218">
        <ele>5.3</ele>
        <time>2025-10-14T00:20:42Z</time>
      </trkpt>
      <trkpt lat="39.15338962795686" lon="117.77543617896242">
        <ele>5.3</ele>
        <time>2025-10-14T00:20:43Z</time>
      </trkpt>
      <trkpt lat="39.153366963772385" lon="117.77543159622938">
        <ele>5.3</ele>
        <time>2025-10-14T00:20:44Z</time>
      </trkpt>
      <trkpt lat="39.153344239840926" lon="117.77542664404884">
        <ele>5.3</ele>
        <time>2025-10-14T00:20:45Z</time>
      </trkpt>
      <trkpt lat="39.15332173880492" lon="117.77542140381146">
        <ele>5.3</ele>
        <time>2025-10-14T00:20:46Z</time>
      </trkpt>
      <trkpt lat="39.15329939227192" lon="117.77541598044554">
        <ele>5.3</ele>
        <time>2025-10-14T00:20:47Z</time>
      </trkpt>
      <trkpt lat="39.15327738274112" lon="117.77541051825406">
        <ele>5.3</ele>
        <time>2025-10-14T00:20:48Z</time>
      </trkpt>
      <trkpt lat="39.153255000721806" lon="117.77540505796676">
        <ele>5.3</ele>
        <time>2025-10-14T00:20:49Z</time>
      </trkpt>
      <trkpt lat="39.15323287798041" lon="117.77539981062755">
        <ele>5.3</ele>
        <time>2025-10-14T00:20:50Z</time>
      </trkpt>
      <trkpt lat="39.153207658892526" lon="117.77539441722125">
        <ele>5.3</ele>
        <time>2025-10-14T00:20:51Z</time>
      </trkpt>
      <trkpt lat="39.15318586360082" lon="117.77538995004379">
        <ele>5.3</ele>
        <time>2025-10-14T00:20:52Z</time>
      </trkpt>
      <trkpt lat="39.15316121115059" lon="117.77538553787907">
        <ele>5.3</ele>
        <time>2025-10-14T00:20:53Z</time>
      </trkpt>
      <trkpt lat="39.15313965634375" lon="117.77538208070324">
        <ele>5.3</ele>
        <time>2025-10-14T00:20:54Z</time>
      </trkpt>
      <trkpt lat="39.153117819073294" lon="117.77537908942273">
        <ele>0</ele>
        <time>2025-10-14T00:20:55Z</time>
      </trkpt>
      <trkpt lat="39.153095720999964" lon="117.77537660070742">
        <ele>0</ele>
        <time>2025-10-14T00:20:56Z</time>
      </trkpt>
      <trkpt lat="39.153073370501644" lon="117.77537462125235">
        <ele>0</ele>
        <time>2025-10-14T00:20:57Z</time>
      </trkpt>
      <trkpt lat="39.1530507553078" lon="117.77537318976518">
        <ele>0</ele>
        <time>2025-10-14T00:20:58Z</time>
      </trkpt>
      <trkpt lat="39.15302786520703" lon="117.77537232848363">
        <ele>0</ele>
        <time>2025-10-14T00:20:59Z</time>
      </trkpt>
      <trkpt lat="39.153004638782235" lon="117.77537202318108">
        <ele>5.3</ele>
        <time>2025-10-14T00:21:00Z</time>
      </trkpt>
      <trkpt lat="39.152981160169055" lon="117.77537223829576">
        <ele>5.3</ele>
        <time>2025-10-14T00:21:01Z</time>
      </trkpt>
      <trkpt lat="39.15295704058102" lon="117.77537285822787">
        <ele>5.3</ele>
        <time>2025-10-14T00:21:02Z</time>
      </trkpt>
      <trkpt lat="39.152932870062855" lon="117.77537379410025">
        <ele>5.3</ele>
        <time>2025-10-14T00:21:03Z</time>
      </trkpt>
      <trkpt lat="39.152905749039974" lon="117.77537450864118">
        <ele>5.3</ele>
        <time>2025-10-14T00:21:04Z</time>
      </trkpt>
      <trkpt lat="39.15288195259393" lon="117.77537561990297">
        <ele>5.3</ele>
        <time>2025-10-14T00:21:05Z</time>
      </trkpt>
      <trkpt lat="39.15285562695413" lon="117.77537620616836">
        <ele>5.3</ele>
        <time>2025-10-14T00:21:06Z</time>
      </trkpt>
      <trkpt lat="39.15283240512166" lon="117.77537686526524">
        <ele>5.3</ele>
        <time>2025-10-14T00:21:07Z</time>
      </trkpt>
      <trkpt lat="39.15280930258215" lon="117.77537712365921">
        <ele>5.3</ele>
        <time>2025-10-14T00:21:08Z</time>
      </trkpt>
      <trkpt lat="39.15278574445128" lon="117.77537682723703">
        <ele>5.3</ele>
        <time>2025-10-14T00:21:09Z</time>
      </trkpt>
      <trkpt lat="39.152762187954856" lon="117.77537605157163">
        <ele>5.3</ele>
        <time>2025-10-14T00:21:10Z</time>
      </trkpt>
      <trkpt lat="39.15273592423163" lon="117.77537442336082">
        <ele>5.3</ele>
        <time>2025-10-14T00:21:11Z</time>
      </trkpt>
      <trkpt lat="39.15271285298876" lon="117.7753727867467">
        <ele>5.3</ele>
        <time>2025-10-14T00:21:12Z</time>
      </trkpt>
      <trkpt lat="39.15268975691353" lon="117.77537070410054">
        <ele>5.3</ele>
        <time>2025-10-14T00:21:13Z</time>
      </trkpt>
      <trkpt lat="39.152666533408244" lon="117.77536812155338">
        <ele>5.3</ele>
        <time>2025-10-14T00:21:14Z</time>
      </trkpt>
      <trkpt lat="39.15264325641856" lon="117.77536502709334">
        <ele>5.3</ele>
        <time>2025-10-14T00:21:15Z</time>
      </trkpt>
      <trkpt lat="39.15262007238089" lon="117.77536133703018">
        <ele>5.3</ele>
        <time>2025-10-14T00:21:16Z</time>
      </trkpt>
      <trkpt lat="39.152596976045274" lon="117.77535692484705">
        <ele>5.3</ele>
        <time>2025-10-14T00:21:17Z</time>
      </trkpt>
      <trkpt lat="39.15257445201564" lon="117.77535188509421">
        <ele>5.3</ele>
        <time>2025-10-14T00:21:18Z</time>
      </trkpt>
      <trkpt lat="39.15255172795613" lon="117.77534615419691">
        <ele>5.3</ele>
        <time>2025-10-14T00:21:19Z</time>
      </trkpt>
      <trkpt lat="39.152531829984454" lon="117.77534035623981">
        <ele>5.3</ele>
        <time>2025-10-14T00:21:20Z</time>
      </trkpt>
      <trkpt lat="39.152508784953824" lon="117.77533359368779">
        <ele>5.3</ele>
        <time>2025-10-14T00:21:21Z</time>
      </trkpt>
      <trkpt lat="39.15248607217769" lon="117.77532661703744">
        <ele>5.3</ele>
        <time>2025-10-14T00:21:22Z</time>
      </trkpt>
      <trkpt lat="39.15246348731071" lon="117.77531952150555">
        <ele>5.3</ele>
        <time>2025-10-14T00:21:23Z</time>
      </trkpt>
      <trkpt lat="39.152440999090466" lon="117.77531241603779">
        <ele>5.3</ele>
        <time>2025-10-14T00:21:24Z</time>
      </trkpt>
      <trkpt lat="39.15241866790917" lon="117.77530540201325">
        <ele>5.3</ele>
        <time>2025-10-14T00:21:25Z</time>
      </trkpt>
      <trkpt lat="39.1523965344606" lon="117.77529854054177">
        <ele>5.3</ele>
        <time>2025-10-14T00:21:26Z</time>
      </trkpt>
      <trkpt lat="39.152374798888616" lon="117.77529188418994">
        <ele>5.3</ele>
        <time>2025-10-14T00:21:27Z</time>
      </trkpt>
      <trkpt lat="39.15235324499544" lon="117.7752854778421">
        <ele>5.3</ele>
        <time>2025-10-14T00:21:28Z</time>
      </trkpt>
      <trkpt lat="39.15233186249641" lon="117.77527936874621">
        <ele>5.3</ele>
        <time>2025-10-14T00:21:29Z</time>
      </trkpt>
      <trkpt lat="39.152310430203315" lon="117.77527354023646">
        <ele>5.3</ele>
        <time>2025-10-14T00:21:30Z</time>
      </trkpt>
      <trkpt lat="39.152289219020226" lon="117.77526804760868">
        <ele>5.3</ele>
        <time>2025-10-14T00:21:31Z</time>
      </trkpt>
      <trkpt lat="39.15226787844264" lon="117.77526280788507">
        <ele>5.3</ele>
        <time>2025-10-14T00:21:32Z</time>
      </trkpt>
      <trkpt lat="39.15224636814963" lon="117.77525783307392">
        <ele>5.3</ele>
        <time>2025-10-14T00:21:33Z</time>
      </trkpt>
      <trkpt lat="39.15222465302862" lon="117.77525311508589">
        <ele>5.3</ele>
        <time>2025-10-14T00:21:34Z</time>
      </trkpt>
      <trkpt lat="39.15220014825612" lon="117.77524812364965">
        <ele>5.3</ele>
        <time>2025-10-14T00:21:35Z</time>
      </trkpt>
      <trkpt lat="39.15217897376605" lon="117.77524399848113">
        <ele>5.3</ele>
        <time>2025-10-14T00:21:36Z</time>
      </trkpt>
      <trkpt lat="39.152155448900864" lon="117.7752397296168">
        <ele>5.3</ele>
        <time>2025-10-14T00:21:37Z</time>
      </trkpt>
      <trkpt lat="39.152135961470016" lon="117.7752366223884">
        <ele>5.3</ele>
        <time>2025-10-14T00:21:38Z</time>
      </trkpt>
      <trkpt lat="39.15211645986317" lon="117.77523458743202">
        <ele>5.3</ele>
        <time>2025-10-14T00:21:39Z</time>
      </trkpt>
      <trkpt lat="39.15209713848181" lon="117.77523417597848">
        <ele>5.3</ele>
        <time>2025-10-14T00:21:40Z</time>
      </trkpt>
      <trkpt lat="39.15207632638085" lon="117.77523489882527">
        <ele>5.3</ele>
        <time>2025-10-14T00:21:41Z</time>
      </trkpt>
      <trkpt lat="39.152054643998554" lon="117.77523665626147">
        <ele>5.3</ele>
        <time>2025-10-14T00:21:42Z</time>
      </trkpt>
      <trkpt lat="39.15203254474422" lon="117.77523994458723">
        <ele>5.3</ele>
        <time>2025-10-14T00:21:43Z</time>
      </trkpt>
      <trkpt lat="39.1520100779427" lon="117.77524417137512">
        <ele>5.3</ele>
        <time>2025-10-14T00:21:44Z</time>
      </trkpt>
      <trkpt lat="39.15198680884501" lon="117.77524884156811">
        <ele>5.3</ele>
        <time>2025-10-14T00:21:45Z</time>
      </trkpt>
      <trkpt lat="39.15196231043898" lon="117.77525367459488">
        <ele>5.3</ele>
        <time>2025-10-14T00:21:46Z</time>
      </trkpt>
      <trkpt lat="39.151936799053296" lon="117.77525848115137">
        <ele>5.3</ele>
        <time>2025-10-14T00:21:47Z</time>
      </trkpt>
      <trkpt lat="39.15190751041009" lon="117.7752641201003">
        <ele>5.3</ele>
        <time>2025-10-14T00:21:48Z</time>
      </trkpt>
      <trkpt lat="39.151880354524494" lon="117.77526891154506">
        <ele>5.3</ele>
        <time>2025-10-14T00:21:49Z</time>
      </trkpt>
      <trkpt lat="39.15185114787166" lon="117.7752733537362">
        <ele>5.3</ele>
        <time>2025-10-14T00:21:50Z</time>
      </trkpt>
      <trkpt lat="39.15182560661702" lon="117.77527541094301">
        <ele>5.3</ele>
        <time>2025-10-14T00:21:51Z</time>
      </trkpt>
      <trkpt lat="39.1518005037602" lon="117.77527582224559">
        <ele>5.3</ele>
        <time>2025-10-14T00:21:52Z</time>
      </trkpt>
      <trkpt lat="39.151776013769165" lon="117.77527393794094">
        <ele>5.3</ele>
        <time>2025-10-14T00:21:53Z</time>
      </trkpt>
      <trkpt lat="39.15175158049482" lon="117.7752704934432">
        <ele>5.3</ele>
        <time>2025-10-14T00:21:54Z</time>
      </trkpt>
      <trkpt lat="39.1517273634879" lon="117.77526581279817">
        <ele>0</ele>
        <time>2025-10-14T00:21:55Z</time>
      </trkpt>
      <trkpt lat="39.15170317272799" lon="117.77525933427616">
        <ele>0</ele>
        <time>2025-10-14T00:21:56Z</time>
      </trkpt>
      <trkpt lat="39.15167964498399" lon="117.77525173019868">
        <ele>0</ele>
        <time>2025-10-14T00:21:57Z</time>
      </trkpt>
      <trkpt lat="39.15165635978597" lon="117.77524286751975">
        <ele>0</ele>
        <time>2025-10-14T00:21:58Z</time>
      </trkpt>
      <trkpt lat="39.15163344236031" lon="117.77523279885536">
        <ele>0</ele>
        <time>2025-10-14T00:21:59Z</time>
      </trkpt>
      <trkpt lat="39.151610912581084" lon="117.77522235244854">
        <ele>5.3</ele>
        <time>2025-10-14T00:22:00Z</time>
      </trkpt>
      <trkpt lat="39.151586697193544" lon="117.77521083266252">
        <ele>5.3</ele>
        <time>2025-10-14T00:22:01Z</time>
      </trkpt>
      <trkpt lat="39.151565173249494" lon="117.77520055415914">
        <ele>5.3</ele>
        <time>2025-10-14T00:22:02Z</time>
      </trkpt>
      <trkpt lat="39.15154178179785" lon="117.77518971229435">
        <ele>5.3</ele>
        <time>2025-10-14T00:22:03Z</time>
      </trkpt>
      <trkpt lat="39.151521056237115" lon="117.7751801510318">
        <ele>5.3</ele>
        <time>2025-10-14T00:22:04Z</time>
      </trkpt>
      <trkpt lat="39.151500760770006" lon="117.77517088930215">
        <ele>5.3</ele>
        <time>2025-10-14T00:22:05Z</time>
      </trkpt>
      <trkpt lat="39.15148097396233" lon="117.77516181903098">
        <ele>5.3</ele>
        <time>2025-10-14T00:22:06Z</time>
      </trkpt>
      <trkpt lat="39.15146137198476" lon="117.77515307523925">
        <ele>5.3</ele>
        <time>2025-10-14T00:22:07Z</time>
      </trkpt>
      <trkpt lat="39.15144145955868" lon="117.77514469397065">
        <ele>5.3</ele>
        <time>2025-10-14T00:22:08Z</time>
      </trkpt>
      <trkpt lat="39.15142098171161" lon="117.77513746078841">
        <ele>5.3</ele>
        <time>2025-10-14T00:22:09Z</time>
      </trkpt>
      <trkpt lat="39.15139902671581" lon="117.77513171969655">
        <ele>5.3</ele>
        <time>2025-10-14T00:22:10Z</time>
      </trkpt>
      <trkpt lat="39.15137586552605" lon="117.77512766882413">
        <ele>5.3</ele>
        <time>2025-10-14T00:22:11Z</time>
      </trkpt>
      <trkpt lat="39.151351415220276" lon="117.77512550714098">
        <ele>5.3</ele>
        <time>2025-10-14T00:22:12Z</time>
      </trkpt>
      <trkpt lat="39.15132648049138" lon="117.77512455498794">
        <ele>5.3</ele>
        <time>2025-10-14T00:22:13Z</time>
      </trkpt>
      <trkpt lat="39.1513016895279" lon="117.77512446153082">
        <ele>5.3</ele>
        <time>2025-10-14T00:22:14Z</time>
      </trkpt>
      <trkpt lat="39.15127795678887" lon="117.7751249671378">
        <ele>5.3</ele>
        <time>2025-10-14T00:22:15Z</time>
      </trkpt>
      <trkpt lat="39.151253618024256" lon="117.77512557864706">
        <ele>5.3</ele>
        <time>2025-10-14T00:22:16Z</time>
      </trkpt>
      <trkpt lat="39.151226710877545" lon="117.77512628049759">
        <ele>5.3</ele>
        <time>2025-10-14T00:22:17Z</time>
      </trkpt>
      <trkpt lat="39.15120059306577" lon="117.77512737540411">
        <ele>5.3</ele>
        <time>2025-10-14T00:22:18Z</time>
      </trkpt>
      <trkpt lat="39.151176347330995" lon="117.77512760366523">
        <ele>5.3</ele>
        <time>2025-10-14T00:22:19Z</time>
      </trkpt>
      <trkpt lat="39.15115253540683" lon="117.7751265800635">
        <ele>5.3</ele>
        <time>2025-10-14T00:22:20Z</time>
      </trkpt>
      <trkpt lat="39.151129809351666" lon="117.7751244892485">
        <ele>5.3</ele>
        <time>2025-10-14T00:22:21Z</time>
      </trkpt>
      <trkpt lat="39.151107032816896" lon="117.77512251191057">
        <ele>5.3</ele>
        <time>2025-10-14T00:22:22Z</time>
      </trkpt>
      <trkpt lat="39.15108424295431" lon="117.77512055683495">
        <ele>5.3</ele>
        <time>2025-10-14T00:22:23Z</time>
      </trkpt>
      <trkpt lat="39.15106163203586" lon="117.7751185601985">
        <ele>5.3</ele>
        <time>2025-10-14T00:22:24Z</time>
      </trkpt>
      <trkpt lat="39.15103905624748" lon="117.77511644909127">
        <ele>5.3</ele>
        <time>2025-10-14T00:22:25Z</time>
      </trkpt>
      <trkpt lat="39.15101651736675" lon="117.77511421120144">
        <ele>5.3</ele>
        <time>2025-10-14T00:22:26Z</time>
      </trkpt>
      <trkpt lat="39.15099398842299" lon="117.77511186336798">
        <ele>5.3</ele>
        <time>2025-10-14T00:22:27Z</time>
      </trkpt>
      <trkpt lat="39.15097148506569" lon="117.77510943641462">
        <ele>5.3</ele>
        <time>2025-10-14T00:22:28Z</time>
      </trkpt>
      <trkpt lat="39.15094888449464" lon="117.77510694837883">
        <ele>5.3</ele>
        <time>2025-10-14T00:22:29Z</time>
      </trkpt>
      <trkpt lat="39.15092655897412" lon="117.77510450996573">
        <ele>5.3</ele>
        <time>2025-10-14T00:22:30Z</time>
      </trkpt>
      <trkpt lat="39.15090379042644" lon="117.77510202272671">
        <ele>5.3</ele>
        <time>2025-10-14T00:22:31Z</time>
      </trkpt>
      <trkpt lat="39.150883567237344" lon="117.77509983502179">
        <ele>5.3</ele>
        <time>2025-10-14T00:22:32Z</time>
      </trkpt>
      <trkpt lat="39.150859814617824" lon="117.77509690018108">
        <ele>5.3</ele>
        <time>2025-10-14T00:22:33Z</time>
      </trkpt>
      <trkpt lat="39.15083605789729" lon="117.77509353235118">
        <ele>5.3</ele>
        <time>2025-10-14T00:22:34Z</time>
      </trkpt>
      <trkpt lat="39.150812261854455" lon="117.77508959096606">
        <ele>5.3</ele>
        <time>2025-10-14T00:22:35Z</time>
      </trkpt>
      <trkpt lat="39.15078862201603" lon="117.77508507855772">
        <ele>5.3</ele>
        <time>2025-10-14T00:22:36Z</time>
      </trkpt>
      <trkpt lat="39.150765105630725" lon="117.77508008081942">
        <ele>5.3</ele>
        <time>2025-10-14T00:22:37Z</time>
      </trkpt>
      <trkpt lat="39.15074166650671" lon="117.77507470025509">
        <ele>5.3</ele>
        <time>2025-10-14T00:22:38Z</time>
      </trkpt>
      <trkpt lat="39.15071829025671" lon="117.77506905999313">
        <ele>5.3</ele>
        <time>2025-10-14T00:22:39Z</time>
      </trkpt>
      <trkpt lat="39.15069486859164" lon="117.77506330239135">
        <ele>5.3</ele>
        <time>2025-10-14T00:22:40Z</time>
      </trkpt>
      <trkpt lat="39.150671441337025" lon="117.775057556479">
        <ele>5.3</ele>
        <time>2025-10-14T00:22:41Z</time>
      </trkpt>
      <trkpt lat="39.150647436929184" lon="117.77505181166211">
        <ele>5.3</ele>
        <time>2025-10-14T00:22:42Z</time>
      </trkpt>
      <trkpt lat="39.15062359920895" lon="117.77504626015843">
        <ele>5.3</ele>
        <time>2025-10-14T00:22:43Z</time>
      </trkpt>
      <trkpt lat="39.15059640866069" lon="117.77504041611704">
        <ele>5.3</ele>
        <time>2025-10-14T00:22:44Z</time>
      </trkpt>
      <trkpt lat="39.15057226636931" lon="117.77503533248283">
        <ele>5.3</ele>
        <time>2025-10-14T00:22:45Z</time>
      </trkpt>
      <trkpt lat="39.15054500538095" lon="117.77503001913415">
        <ele>5.3</ele>
        <time>2025-10-14T00:22:46Z</time>
      </trkpt>
      <trkpt lat="39.15052064557388" lon="117.77502542735301">
        <ele>5.3</ele>
        <time>2025-10-14T00:22:47Z</time>
      </trkpt>
      <trkpt lat="39.150496025753256" lon="117.77502104980272">
        <ele>5.3</ele>
        <time>2025-10-14T00:22:48Z</time>
      </trkpt>
      <trkpt lat="39.150470433057365" lon="117.77501682043999">
        <ele>5.3</ele>
        <time>2025-10-14T00:22:49Z</time>
      </trkpt>
      <trkpt lat="39.15044465528065" lon="117.77501282766042">
        <ele>5.3</ele>
        <time>2025-10-14T00:22:50Z</time>
      </trkpt>
      <trkpt lat="39.150416054606616" lon="117.77500866714843">
        <ele>5.3</ele>
        <time>2025-10-14T00:22:51Z</time>
      </trkpt>
      <trkpt lat="39.15039097325101" lon="117.77500522233908">
        <ele>5.3</ele>
        <time>2025-10-14T00:22:52Z</time>
      </trkpt>
      <trkpt lat="39.150365796304534" lon="117.7750018694848">
        <ele>5.3</ele>
        <time>2025-10-14T00:22:53Z</time>
      </trkpt>
      <trkpt lat="39.15034067749709" lon="117.77499861600796">
        <ele>5.3</ele>
        <time>2025-10-14T00:22:54Z</time>
      </trkpt>
      <trkpt lat="39.15031554680418" lon="117.77499550094474">
        <ele>0</ele>
        <time>2025-10-14T00:22:55Z</time>
      </trkpt>
      <trkpt lat="39.15029073618983" lon="117.77499268068848">
        <ele>0</ele>
        <time>2025-10-14T00:22:56Z</time>
      </trkpt>
      <trkpt lat="39.15026620724208" lon="117.7749901915422">
        <ele>0</ele>
        <time>2025-10-14T00:22:57Z</time>
      </trkpt>
      <trkpt lat="39.15024191364097" lon="117.77498806963966">
        <ele>0</ele>
        <time>2025-10-14T00:22:58Z</time>
      </trkpt>
      <trkpt lat="39.15021760357544" lon="117.77498625576487">
        <ele>0</ele>
        <time>2025-10-14T00:22:59Z</time>
      </trkpt>
      <trkpt lat="39.15019581622658" lon="117.77498539350044">
        <ele>5.3</ele>
        <time>2025-10-14T00:23:00Z</time>
      </trkpt>
      <trkpt lat="39.15017072860001" lon="117.77498473794628">
        <ele>5.3</ele>
        <time>2025-10-14T00:23:01Z</time>
      </trkpt>
      <trkpt lat="39.150143709220785" lon="117.77498607146367">
        <ele>5.3</ele>
        <time>2025-10-14T00:23:02Z</time>
      </trkpt>
      <trkpt lat="39.150116227315294" lon="117.77498886480831">
        <ele>5.3</ele>
        <time>2025-10-14T00:23:03Z</time>
      </trkpt>
      <trkpt lat="39.15008956092279" lon="117.77499339547336">
        <ele>5.3</ele>
        <time>2025-10-14T00:23:04Z</time>
      </trkpt>
      <trkpt lat="39.15006453221373" lon="117.7749974164797">
        <ele>5.3</ele>
        <time>2025-10-14T00:23:05Z</time>
      </trkpt>
      <trkpt lat="39.1500395882149" lon="117.77500132691432">
        <ele>5.3</ele>
        <time>2025-10-14T00:23:06Z</time>
      </trkpt>
      <trkpt lat="39.15001410918461" lon="117.77500545946522">
        <ele>5.3</ele>
        <time>2025-10-14T00:23:07Z</time>
      </trkpt>
      <trkpt lat="39.14998789969402" lon="117.7750100505561">
        <ele>5.3</ele>
        <time>2025-10-14T00:23:08Z</time>
      </trkpt>
      <trkpt lat="39.149960152339666" lon="117.77501547934375">
        <ele>5.3</ele>
        <time>2025-10-14T00:23:09Z</time>
      </trkpt>
      <trkpt lat="39.1499319390197" lon="117.7750206605486">
        <ele>5.3</ele>
        <time>2025-10-14T00:23:10Z</time>
      </trkpt>
      <trkpt lat="39.14990385908623" lon="117.77502482875649">
        <ele>5.3</ele>
        <time>2025-10-14T00:23:11Z</time>
      </trkpt>
      <trkpt lat="39.149876011196525" lon="117.77502717113761">
        <ele>5.3</ele>
        <time>2025-10-14T00:23:12Z</time>
      </trkpt>
      <trkpt lat="39.14984999526761" lon="117.77502803455624">
        <ele>5.3</ele>
        <time>2025-10-14T00:23:13Z</time>
      </trkpt>
      <trkpt lat="39.14982215723797" lon="117.77502730067857">
        <ele>5.3</ele>
        <time>2025-10-14T00:23:14Z</time>
      </trkpt>
      <trkpt lat="39.14979595040728" lon="117.77502494105988">
        <ele>5.3</ele>
        <time>2025-10-14T00:23:15Z</time>
      </trkpt>
      <trkpt lat="39.14977057420691" lon="117.77502083435603">
        <ele>5.3</ele>
        <time>2025-10-14T00:23:16Z</time>
      </trkpt>
      <trkpt lat="39.14974800760032" lon="117.775015908944">
        <ele>5.3</ele>
        <time>2025-10-14T00:23:17Z</time>
      </trkpt>
      <trkpt lat="39.14972340711944" lon="117.77500992260325">
        <ele>5.3</ele>
        <time>2025-10-14T00:23:18Z</time>
      </trkpt>
      <trkpt lat="39.149699020982816" lon="117.7750037687843">
        <ele>5.3</ele>
        <time>2025-10-14T00:23:19Z</time>
      </trkpt>
      <trkpt lat="39.14967441911957" lon="117.77499752713716">
        <ele>5.3</ele>
        <time>2025-10-14T00:23:20Z</time>
      </trkpt>
      <trkpt lat="39.149650071671104" lon="117.77499104721123">
        <ele>5.3</ele>
        <time>2025-10-14T00:23:21Z</time>
      </trkpt>
      <trkpt lat="39.14962642320754" lon="117.77498410710932">
        <ele>5.3</ele>
        <time>2025-10-14T00:23:22Z</time>
      </trkpt>
      <trkpt lat="39.149603556188694" lon="117.7749764903789">
        <ele>5.3</ele>
        <time>2025-10-14T00:23:23Z</time>
      </trkpt>
      <trkpt lat="39.149581094916414" lon="117.77496813875196">
        <ele>5.3</ele>
        <time>2025-10-14T00:23:24Z</time>
      </trkpt>
      <trkpt lat="39.14955884240365" lon="117.77495924834669">
        <ele>5.3</ele>
        <time>2025-10-14T00:23:25Z</time>
      </trkpt>
      <trkpt lat="39.149536458829154" lon="117.7749505377507">
        <ele>5.3</ele>
        <time>2025-10-14T00:23:26Z</time>
      </trkpt>
      <trkpt lat="39.14951364532154" lon="117.77494226821517">
        <ele>5.3</ele>
        <time>2025-10-14T00:23:27Z</time>
      </trkpt>
      <trkpt lat="39.149491123245085" lon="117.77493480635569">
        <ele>5.3</ele>
        <time>2025-10-14T00:23:28Z</time>
      </trkpt>
      <trkpt lat="39.14946619632283" lon="117.77492693632125">
        <ele>5.3</ele>
        <time>2025-10-14T00:23:29Z</time>
      </trkpt>
      <trkpt lat="39.14944362903033" lon="117.77492008562716">
        <ele>5.3</ele>
        <time>2025-10-14T00:23:30Z</time>
      </trkpt>
      <trkpt lat="39.14941861235342" lon="117.77491319920124">
        <ele>5.3</ele>
        <time>2025-10-14T00:23:31Z</time>
      </trkpt>
      <trkpt lat="39.149395544061626" lon="117.77490784517401">
        <ele>5.3</ele>
        <time>2025-10-14T00:23:32Z</time>
      </trkpt>
      <trkpt lat="39.149372210782566" lon="117.77490322786056">
        <ele>5.3</ele>
        <time>2025-10-14T00:23:33Z</time>
      </trkpt>
      <trkpt lat="39.14934863839079" lon="117.7748996988112">
        <ele>5.3</ele>
        <time>2025-10-14T00:23:34Z</time>
      </trkpt>
      <trkpt lat="39.1493248911535" lon="117.77489717361556">
        <ele>5.3</ele>
        <time>2025-10-14T00:23:35Z</time>
      </trkpt>
      <trkpt lat="39.14930089505696" lon="117.77489604561868">
        <ele>5.3</ele>
        <time>2025-10-14T00:23:36Z</time>
      </trkpt>
      <trkpt lat="39.14927646139704" lon="117.77489600555333">
        <ele>5.3</ele>
        <time>2025-10-14T00:23:37Z</time>
      </trkpt>
      <trkpt lat="39.14925166809861" lon="117.77489675235145">
        <ele>5.3</ele>
        <time>2025-10-14T00:23:38Z</time>
      </trkpt>
      <trkpt lat="39.1492262904407" lon="117.77489804495544">
        <ele>5.3</ele>
        <time>2025-10-14T00:23:39Z</time>
      </trkpt>
      <trkpt lat="39.14920027926413" lon="117.77490051642313">
        <ele>5.3</ele>
        <time>2025-10-14T00:23:40Z</time>
      </trkpt>
      <trkpt lat="39.14917401095442" lon="117.77490376099628">
        <ele>5.3</ele>
        <time>2025-10-14T00:23:41Z</time>
      </trkpt>
      <trkpt lat="39.149147036682336" lon="117.77490755579608">
        <ele>5.3</ele>
        <time>2025-10-14T00:23:42Z</time>
      </trkpt>
      <trkpt lat="39.14912217966914" lon="117.77491149669999">
        <ele>5.3</ele>
        <time>2025-10-14T00:23:43Z</time>
      </trkpt>
      <trkpt lat="39.149094955835814" lon="117.77491639800438">
        <ele>5.3</ele>
        <time>2025-10-14T00:23:44Z</time>
      </trkpt>
      <trkpt lat="39.14906767178706" lon="117.77492236404694">
        <ele>5.3</ele>
        <time>2025-10-14T00:23:45Z</time>
      </trkpt>
      <trkpt lat="39.149039572725464" lon="117.77492962129729">
        <ele>5.3</ele>
        <time>2025-10-14T00:23:46Z</time>
      </trkpt>
      <trkpt lat="39.149010920845875" lon="117.77493766502367">
        <ele>5.3</ele>
        <time>2025-10-14T00:23:47Z</time>
      </trkpt>
      <trkpt lat="39.148982849000404" lon="117.77494525545532">
        <ele>5.3</ele>
        <time>2025-10-14T00:23:48Z</time>
      </trkpt>
      <trkpt lat="39.14895415534102" lon="117.77495180607829">
        <ele>5.3</ele>
        <time>2025-10-14T00:23:49Z</time>
      </trkpt>
      <trkpt lat="39.14892903017032" lon="117.77495553973094">
        <ele>5.3</ele>
        <time>2025-10-14T00:23:50Z</time>
      </trkpt>
      <trkpt lat="39.148904914984" lon="117.77495711316766">
        <ele>5.3</ele>
        <time>2025-10-14T00:23:51Z</time>
      </trkpt>
      <trkpt lat="39.148880888063616" lon="117.77495698082923">
        <ele>5.3</ele>
        <time>2025-10-14T00:23:52Z</time>
      </trkpt>
      <trkpt lat="39.14885651338201" lon="117.77495660422886">
        <ele>5.3</ele>
        <time>2025-10-14T00:23:53Z</time>
      </trkpt>
      <trkpt lat="39.1488311854283" lon="117.77495651860548">
        <ele>5.3</ele>
        <time>2025-10-14T00:23:54Z</time>
      </trkpt>
      <trkpt lat="39.14880512711803" lon="117.77495608044639">
        <ele>0</ele>
        <time>2025-10-14T00:23:55Z</time>
      </trkpt>
      <trkpt lat="39.14877958317728" lon="117.77495455654702">
        <ele>0</ele>
        <time>2025-10-14T00:23:56Z</time>
      </trkpt>
      <trkpt lat="39.1487528086735" lon="117.7749505108633">
        <ele>0</ele>
        <time>2025-10-14T00:23:57Z</time>
      </trkpt>
      <trkpt lat="39.14872958086283" lon="117.774943989027">
        <ele>0</ele>
        <time>2025-10-14T00:23:58Z</time>
      </trkpt>
      <trkpt lat="39.14870700234607" lon="117.7749352612324">
        <ele>0</ele>
        <time>2025-10-14T00:23:59Z</time>
      </trkpt>
      <trkpt lat="39.14868519928306" lon="117.7749241331545">
        <ele>5.3</ele>
        <time>2025-10-14T00:24:00Z</time>
      </trkpt>
      <trkpt lat="39.14866415042551" lon="117.77491232668892">
        <ele>5.3</ele>
        <time>2025-10-14T00:24:01Z</time>
      </trkpt>
      <trkpt lat="39.14864149734119" lon="117.77489903525972">
        <ele>5.3</ele>
        <time>2025-10-14T00:24:02Z</time>
      </trkpt>
      <trkpt lat="39.14862087466746" lon="117.77488699372027">
        <ele>5.3</ele>
        <time>2025-10-14T00:24:03Z</time>
      </trkpt>
      <trkpt lat="39.14859959288059" lon="117.7748749710958">
        <ele>5.3</ele>
        <time>2025-10-14T00:24:04Z</time>
      </trkpt>
      <trkpt lat="39.14857794645208" lon="117.77486322115908">
        <ele>5.3</ele>
        <time>2025-10-14T00:24:05Z</time>
      </trkpt>
      <trkpt lat="39.14855621891024" lon="117.77485144345856">
        <ele>5.3</ele>
        <time>2025-10-14T00:24:06Z</time>
      </trkpt>
      <trkpt lat="39.14853466730204" lon="117.77483964842573">
        <ele>5.3</ele>
        <time>2025-10-14T00:24:07Z</time>
      </trkpt>
      <trkpt lat="39.14851287036364" lon="117.77482804788049">
        <ele>5.3</ele>
        <time>2025-10-14T00:24:08Z</time>
      </trkpt>
      <trkpt lat="39.14849107393306" lon="117.77481745712039">
        <ele>5.3</ele>
        <time>2025-10-14T00:24:09Z</time>
      </trkpt>
      <trkpt lat="39.148468284500076" lon="117.77480836266997">
        <ele>5.3</ele>
        <time>2025-10-14T00:24:10Z</time>
      </trkpt>
      <trkpt lat="39.148446827124744" lon="117.77480237537686">
        <ele>5.3</ele>
        <time>2025-10-14T00:24:11Z</time>
      </trkpt>
      <trkpt lat="39.14842228653255" lon="117.77479800604621">
        <ele>5.3</ele>
        <time>2025-10-14T00:24:12Z</time>
      </trkpt>
      <trkpt lat="39.148397279161614" lon="117.77479594848536">
        <ele>5.3</ele>
        <time>2025-10-14T00:24:13Z</time>
      </trkpt>
      <trkpt lat="39.14837122141435" lon="117.77479637819276">
        <ele>5.3</ele>
        <time>2025-10-14T00:24:14Z</time>
      </trkpt>
      <trkpt lat="39.14834531026482" lon="117.77479944951479">
        <ele>5.3</ele>
        <time>2025-10-14T00:24:15Z</time>
      </trkpt>
      <trkpt lat="39.14831951357398" lon="117.7748043797843">
        <ele>5.3</ele>
        <time>2025-10-14T00:24:16Z</time>
      </trkpt>
      <trkpt lat="39.148291065574895" lon="117.77480964412246">
        <ele>5.3</ele>
        <time>2025-10-14T00:24:17Z</time>
      </trkpt>
      <trkpt lat="39.14826426418889" lon="117.77481338170465">
        <ele>5.3</ele>
        <time>2025-10-14T00:24:18Z</time>
      </trkpt>
      <trkpt lat="39.148238070506146" lon="117.77481508228061">
        <ele>5.3</ele>
        <time>2025-10-14T00:24:19Z</time>
      </trkpt>
      <trkpt lat="39.1482154363043" lon="117.77481509712885">
        <ele>5.3</ele>
        <time>2025-10-14T00:24:20Z</time>
      </trkpt>
      <trkpt lat="39.14819329556869" lon="117.77481490199114">
        <ele>5.3</ele>
        <time>2025-10-14T00:24:21Z</time>
      </trkpt>
      <trkpt lat="39.14816924600127" lon="117.77481441108532">
        <ele>5.3</ele>
        <time>2025-10-14T00:24:22Z</time>
      </trkpt>
      <trkpt lat="39.148145829473364" lon="117.7748128485074">
        <ele>5.3</ele>
        <time>2025-10-14T00:24:23Z</time>
      </trkpt>
      <trkpt lat="39.14812216044658" lon="117.77480936513909">
        <ele>5.3</ele>
        <time>2025-10-14T00:24:24Z</time>
      </trkpt>
      <trkpt lat="39.14810026835706" lon="117.77480371239574">
        <ele>5.3</ele>
        <time>2025-10-14T00:24:25Z</time>
      </trkpt>
      <trkpt lat="39.14807589487749" lon="117.774795893048">
        <ele>5.3</ele>
        <time>2025-10-14T00:24:26Z</time>
      </trkpt>
      <trkpt lat="39.14805169874322" lon="117.77478763865795">
        <ele>5.3</ele>
        <time>2025-10-14T00:24:27Z</time>
      </trkpt>
      <trkpt lat="39.1480273296683" lon="117.77477952252468">
        <ele>5.3</ele>
        <time>2025-10-14T00:24:28Z</time>
      </trkpt>
      <trkpt lat="39.14800238328643" lon="117.77477167702521">
        <ele>5.3</ele>
        <time>2025-10-14T00:24:29Z</time>
      </trkpt>
      <trkpt lat="39.14797758717312" lon="117.77476385436438">
        <ele>5.3</ele>
        <time>2025-10-14T00:24:30Z</time>
      </trkpt>
      <trkpt lat="39.14795110339275" lon="117.77475341455859">
        <ele>5.3</ele>
        <time>2025-10-14T00:24:31Z</time>
      </trkpt>
      <trkpt lat="39.147927779001066" lon="117.77474115625111">
        <ele>5.3</ele>
        <time>2025-10-14T00:24:32Z</time>
      </trkpt>
      <trkpt lat="39.147905307003015" lon="117.77472641494917">
        <ele>5.3</ele>
        <time>2025-10-14T00:24:33Z</time>
      </trkpt>
      <trkpt lat="39.14788339610451" lon="117.774710082481">
        <ele>5.3</ele>
        <time>2025-10-14T00:24:34Z</time>
      </trkpt>
      <trkpt lat="39.14786250128994" lon="117.77469435893478">
        <ele>5.3</ele>
        <time>2025-10-14T00:24:35Z</time>
      </trkpt>
      <trkpt lat="39.147840214112904" lon="117.7746778458169">
        <ele>5.3</ele>
        <time>2025-10-14T00:24:36Z</time>
      </trkpt>
      <trkpt lat="39.14782098783044" lon="117.77466386966913">
        <ele>5.3</ele>
        <time>2025-10-14T00:24:37Z</time>
      </trkpt>
      <trkpt lat="39.14780135072406" lon="117.77464988391363">
        <ele>5.3</ele>
        <time>2025-10-14T00:24:38Z</time>
      </trkpt>
      <trkpt lat="39.14778311189335" lon="117.77463672933398">
        <ele>5.3</ele>
        <time>2025-10-14T00:24:39Z</time>
      </trkpt>
      <trkpt lat="39.147764224359875" lon="117.77462278158362">
        <ele>5.3</ele>
        <time>2025-10-14T00:24:40Z</time>
      </trkpt>
      <trkpt lat="39.147743554599394" lon="117.77460678741534">
        <ele>5.3</ele>
        <time>2025-10-14T00:24:41Z</time>
      </trkpt>
      <trkpt lat="39.147723658184766" lon="117.77459105373129">
        <ele>5.3</ele>
        <time>2025-10-14T00:24:42Z</time>
      </trkpt>
      <trkpt lat="39.14770240474724" lon="117.77457414384256">
        <ele>5.3</ele>
        <time>2025-10-14T00:24:43Z</time>
      </trkpt>
      <trkpt lat="39.14768322708413" lon="117.77455927737577">
        <ele>5.3</ele>
        <time>2025-10-14T00:24:44Z</time>
      </trkpt>
      <trkpt lat="39.147663899868725" lon="117.77454494955163">
        <ele>5.3</ele>
        <time>2025-10-14T00:24:45Z</time>
      </trkpt>
      <trkpt lat="39.147644132596746" lon="117.77453147260572">
        <ele>5.3</ele>
        <time>2025-10-14T00:24:46Z</time>
      </trkpt>
      <trkpt lat="39.14762411647112" lon="117.77451918580083">
        <ele>5.3</ele>
        <time>2025-10-14T00:24:47Z</time>
      </trkpt>
      <trkpt lat="39.147603496814135" lon="117.77450809517583">
        <ele>5.3</ele>
        <time>2025-10-14T00:24:48Z</time>
      </trkpt>
      <trkpt lat="39.14758216018743" lon="117.7744984398715">
        <ele>5.3</ele>
        <time>2025-10-14T00:24:49Z</time>
      </trkpt>
      <trkpt lat="39.1475607252502" lon="117.7744899612989">
        <ele>5.3</ele>
        <time>2025-10-14T00:24:50Z</time>
      </trkpt>
      <trkpt lat="39.147536405401326" lon="117.77448202760654">
        <ele>5.3</ele>
        <time>2025-10-14T00:24:51Z</time>
      </trkpt>
      <trkpt lat="39.14751397379123" lon="117.7744772670723">
        <ele>5.3</ele>
        <time>2025-10-14T00:24:52Z</time>
      </trkpt>
      <trkpt lat="39.1474887829953" lon="117.77447431666586">
        <ele>5.3</ele>
        <time>2025-10-14T00:24:53Z</time>
      </trkpt>
      <trkpt lat="39.14746584060536" lon="117.77447422490135">
        <ele>5.3</ele>
        <time>2025-10-14T00:24:54Z</time>
      </trkpt>
      <trkpt lat="39.14744277004978" lon="117.77447562707715">
        <ele>0</ele>
        <time>2025-10-14T00:24:55Z</time>
      </trkpt>
      <trkpt lat="39.14741958297993" lon="117.7744792490413">
        <ele>0</ele>
        <time>2025-10-14T00:24:56Z</time>
      </trkpt>
      <trkpt lat="39.14739628515609" lon="117.77448528265175">
        <ele>0</ele>
        <time>2025-10-14T00:24:57Z</time>
      </trkpt>
      <trkpt lat="39.147372913006414" lon="117.77449395039669">
        <ele>0</ele>
        <time>2025-10-14T00:24:58Z</time>
      </trkpt>
      <trkpt lat="39.14735052773162" lon="117.77450520769045">
        <ele>0</ele>
        <time>2025-10-14T00:24:59Z</time>
      </trkpt>
      <trkpt lat="39.1473296095405" lon="117.77451796033695">
        <ele>5.3</ele>
        <time>2025-10-14T00:25:00Z</time>
      </trkpt>
      <trkpt lat="39.14730989649191" lon="117.77453260091104">
        <ele>5.3</ele>
        <time>2025-10-14T00:25:01Z</time>
      </trkpt>
      <trkpt lat="39.147292193971225" lon="117.77455044442632">
        <ele>5.3</ele>
        <time>2025-10-14T00:25:02Z</time>
      </trkpt>
      <trkpt lat="39.14727684708999" lon="117.77456899172773">
        <ele>5.3</ele>
        <time>2025-10-14T00:25:03Z</time>
      </trkpt>
      <trkpt lat="39.14726464968935" lon="117.7745868353436">
        <ele>5.3</ele>
        <time>2025-10-14T00:25:04Z</time>
      </trkpt>
      <trkpt lat="39.14725624973401" lon="117.77460146828031">
        <ele>5.3</ele>
        <time>2025-10-14T00:25:05Z</time>
      </trkpt>
      <trkpt lat="39.147249661618005" lon="117.77461301828482">
        <ele>5.3</ele>
        <time>2025-10-14T00:25:06Z</time>
      </trkpt>
      <trkpt lat="39.14724595666903" lon="117.77462330014808">
        <ele>5.3</ele>
        <time>2025-10-14T00:25:07Z</time>
      </trkpt>
      <trkpt lat="39.14724538265192" lon="117.7746285281716">
        <ele>5.3</ele>
        <time>2025-10-14T00:25:08Z</time>
      </trkpt>
      <trkpt lat="39.14724640754786" lon="117.77463610826233">
        <ele>5.3</ele>
        <time>2025-10-14T00:25:09Z</time>
      </trkpt>
      <trkpt lat="39.14724827861969" lon="117.7746440061813">
        <ele>5.3</ele>
        <time>2025-10-14T00:25:10Z</time>
      </trkpt>
      <trkpt lat="39.1472509297929" lon="117.77465839410964">
        <ele>5.3</ele>
        <time>2025-10-14T00:25:11Z</time>
      </trkpt>
      <trkpt lat="39.14725741329196" lon="117.77467417761076">
        <ele>5.3</ele>
        <time>2025-10-14T00:25:12Z</time>
      </trkpt>
      <trkpt lat="39.14726707683359" lon="117.77469336330157">
        <ele>5.3</ele>
        <time>2025-10-14T00:25:13Z</time>
      </trkpt>
      <trkpt lat="39.1472797646937" lon="117.77471337544698">
        <ele>5.3</ele>
        <time>2025-10-14T00:25:14Z</time>
      </trkpt>
      <trkpt lat="39.14729513695625" lon="117.77473714897152">
        <ele>5.3</ele>
        <time>2025-10-14T00:25:15Z</time>
      </trkpt>
      <trkpt lat="39.14731148997594" lon="117.7747610843534">
        <ele>5.3</ele>
        <time>2025-10-14T00:25:16Z</time>
      </trkpt>
      <trkpt lat="39.14732849780921" lon="117.77478521241775">
        <ele>5.3</ele>
        <time>2025-10-14T00:25:17Z</time>
      </trkpt>
      <trkpt lat="39.147345678960356" lon="117.77480838167517">
        <ele>5.3</ele>
        <time>2025-10-14T00:25:18Z</time>
      </trkpt>
      <trkpt lat="39.14736304508885" lon="117.77482994767408">
        <ele>5.3</ele>
        <time>2025-10-14T00:25:19Z</time>
      </trkpt>
      <trkpt lat="39.14738151263981" lon="117.7748505554654">
        <ele>5.3</ele>
        <time>2025-10-14T00:25:20Z</time>
      </trkpt>
      <trkpt lat="39.14739978527918" lon="117.77486812337554">
        <ele>5.3</ele>
        <time>2025-10-14T00:25:21Z</time>
      </trkpt>
      <trkpt lat="39.14742129337589" lon="117.77488671281398">
        <ele>5.3</ele>
        <time>2025-10-14T00:25:22Z</time>
      </trkpt>
      <trkpt lat="39.14744382546079" lon="117.77490426921969">
        <ele>5.3</ele>
        <time>2025-10-14T00:25:23Z</time>
      </trkpt>
      <trkpt lat="39.14746728550882" lon="117.7749212704514">
        <ele>5.3</ele>
        <time>2025-10-14T00:25:24Z</time>
      </trkpt>
      <trkpt lat="39.147491492856574" lon="117.77493764435455">
        <ele>5.3</ele>
        <time>2025-10-14T00:25:25Z</time>
      </trkpt>
      <trkpt lat="39.14751601160494" lon="117.77495382643153">
        <ele>5.3</ele>
        <time>2025-10-14T00:25:26Z</time>
      </trkpt>
      <trkpt lat="39.147540836512626" lon="117.77496949418465">
        <ele>5.3</ele>
        <time>2025-10-14T00:25:27Z</time>
      </trkpt>
      <trkpt lat="39.147565697927426" lon="117.7749836654893">
        <ele>5.3</ele>
        <time>2025-10-14T00:25:28Z</time>
      </trkpt>
      <trkpt lat="39.147589535809985" lon="117.77499570927154">
        <ele>5.3</ele>
        <time>2025-10-14T00:25:29Z</time>
      </trkpt>
      <trkpt lat="39.1476144340945" lon="117.775006566227">
        <ele>5.3</ele>
        <time>2025-10-14T00:25:30Z</time>
      </trkpt>
      <trkpt lat="39.14763672231439" lon="117.7750151143555">
        <ele>5.3</ele>
        <time>2025-10-14T00:25:31Z</time>
      </trkpt>
      <trkpt lat="39.14765901846078" lon="117.77502318680315">
        <ele>5.3</ele>
        <time>2025-10-14T00:25:32Z</time>
      </trkpt>
      <trkpt lat="39.14768134697901" lon="117.77503187301448">
        <ele>5.3</ele>
        <time>2025-10-14T00:25:33Z</time>
      </trkpt>
      <trkpt lat="39.14770345285954" lon="117.77504130666983">
        <ele>5.3</ele>
        <time>2025-10-14T00:25:34Z</time>
      </trkpt>
      <trkpt lat="39.147726028689995" lon="117.77505175808504">
        <ele>5.3</ele>
        <time>2025-10-14T00:25:35Z</time>
      </trkpt>
      <trkpt lat="39.14774674809343" lon="117.77506176065579">
        <ele>5.3</ele>
        <time>2025-10-14T00:25:36Z</time>
      </trkpt>
      <trkpt lat="39.147767529765865" lon="117.77507205259074">
        <ele>5.3</ele>
        <time>2025-10-14T00:25:37Z</time>
      </trkpt>
      <trkpt lat="39.147787859085696" lon="117.77508255567922">
        <ele>5.3</ele>
        <time>2025-10-14T00:25:38Z</time>
      </trkpt>
      <trkpt lat="39.14780643999101" lon="117.77509195983473">
        <ele>5.3</ele>
        <time>2025-10-14T00:25:39Z</time>
      </trkpt>
      <trkpt lat="39.1478278198544" lon="117.77510180780297">
        <ele>5.3</ele>
        <time>2025-10-14T00:25:40Z</time>
      </trkpt>
      <trkpt lat="39.14784935393687" lon="117.77511088637075">
        <ele>5.3</ele>
        <time>2025-10-14T00:25:41Z</time>
      </trkpt>
      <trkpt lat="39.147874634352284" lon="117.77512217287813">
        <ele>5.3</ele>
        <time>2025-10-14T00:25:42Z</time>
      </trkpt>
      <trkpt lat="39.147897042523" lon="117.77513400171452">
        <ele>5.3</ele>
        <time>2025-10-14T00:25:43Z</time>
      </trkpt>
      <trkpt lat="39.14791920608501" lon="117.77514803616114">
        <ele>5.3</ele>
        <time>2025-10-14T00:25:44Z</time>
      </trkpt>
      <trkpt lat="39.14794081278702" lon="117.77516330478818">
        <ele>5.3</ele>
        <time>2025-10-14T00:25:45Z</time>
      </trkpt>
      <trkpt lat="39.14796245964739" lon="117.7751785738136">
        <ele>5.3</ele>
        <time>2025-10-14T00:25:46Z</time>
      </trkpt>
      <trkpt lat="39.14798415986909" lon="117.7751933475303">
        <ele>5.3</ele>
        <time>2025-10-14T00:25:47Z</time>
      </trkpt>
      <trkpt lat="39.14800580881265" lon="117.77520780105276">
        <ele>5.3</ele>
        <time>2025-10-14T00:25:48Z</time>
      </trkpt>
      <trkpt lat="39.14802717683513" lon="117.77522143315717">
        <ele>5.3</ele>
        <time>2025-10-14T00:25:49Z</time>
      </trkpt>
      <trkpt lat="39.14805025591545" lon="117.77523521045678">
        <ele>5.3</ele>
        <time>2025-10-14T00:25:50Z</time>
      </trkpt>
      <trkpt lat="39.14807148613682" lon="117.77524711327655">
        <ele>5.3</ele>
        <time>2025-10-14T00:25:51Z</time>
      </trkpt>
      <trkpt lat="39.148092896983066" lon="117.77525706710594">
        <ele>5.3</ele>
        <time>2025-10-14T00:25:52Z</time>
      </trkpt>
      <trkpt lat="39.148115461335124" lon="117.77526474794986">
        <ele>5.3</ele>
        <time>2025-10-14T00:25:53Z</time>
      </trkpt>
      <trkpt lat="39.14813840857691" lon="117.7752706157927">
        <ele>5.3</ele>
        <time>2025-10-14T00:25:54Z</time>
      </trkpt>
      <trkpt lat="39.14816179774654" lon="117.77527666070617">
        <ele>-500</ele>
        <time>2025-10-14T00:25:55Z</time>
      </trkpt>
      <trkpt lat="39.14818597748156" lon="117.77528286521837">
        <ele>-500</ele>
        <time>2025-10-14T00:25:56Z</time>
      </trkpt>
      <trkpt lat="39.14821010539598" lon="117.77528899156678">
        <ele>-500</ele>
        <time>2025-10-14T00:25:57Z</time>
      </trkpt>
      <trkpt lat="39.148236838066516" lon="117.77529555556116">
        <ele>-500</ele>
        <time>2025-10-14T00:25:58Z</time>
      </trkpt>
      <trkpt lat="39.14826015704592" lon="117.77530130583449">
        <ele>-500</ele>
        <time>2025-10-14T00:25:59Z</time>
      </trkpt>
      <trkpt lat="39.14828322020377" lon="117.77530691858006">
        <ele>5.3</ele>
        <time>2025-10-14T00:26:00Z</time>
      </trkpt>
      <trkpt lat="39.148306573999854" lon="117.77531250479386">
        <ele>5.3</ele>
        <time>2025-10-14T00:26:01Z</time>
      </trkpt>
      <trkpt lat="39.14832954184741" lon="117.77531791778945">
        <ele>5.3</ele>
        <time>2025-10-14T00:26:02Z</time>
      </trkpt>
      <trkpt lat="39.1483557178503" lon="117.77532386032875">
        <ele>5.3</ele>
        <time>2025-10-14T00:26:03Z</time>
      </trkpt>
      <trkpt lat="39.14837835858899" lon="117.77532894945607">
        <ele>5.3</ele>
        <time>2025-10-14T00:26:04Z</time>
      </trkpt>
      <trkpt lat="39.14840383610812" lon="117.77533445635461">
        <ele>5.3</ele>
        <time>2025-10-14T00:26:05Z</time>
      </trkpt>
      <trkpt lat="39.14842597918144" lon="117.77533913107618">
        <ele>5.3</ele>
        <time>2025-10-14T00:26:06Z</time>
      </trkpt>
      <trkpt lat="39.14844832060937" lon="117.77534369404145">
        <ele>5.3</ele>
        <time>2025-10-14T00:26:07Z</time>
      </trkpt>
      <trkpt lat="39.14847121764699" lon="117.775348220627">
        <ele>5.3</ele>
        <time>2025-10-14T00:26:08Z</time>
      </trkpt>
      <trkpt lat="39.148494248472424" lon="117.77535267664021">
        <ele>5.3</ele>
        <time>2025-10-14T00:26:09Z</time>
      </trkpt>
      <trkpt lat="39.14852039399868" lon="117.77535764495332">
        <ele>5.3</ele>
        <time>2025-10-14T00:26:10Z</time>
      </trkpt>
      <trkpt lat="39.1485435088099" lon="117.77536195809103">
        <ele>5.3</ele>
        <time>2025-10-14T00:26:11Z</time>
      </trkpt>
      <trkpt lat="39.14856689882299" lon="117.77536624589322">
        <ele>5.3</ele>
        <time>2025-10-14T00:26:12Z</time>
      </trkpt>
      <trkpt lat="39.14859037666625" lon="117.77537047513054">
        <ele>5.3</ele>
        <time>2025-10-14T00:26:13Z</time>
      </trkpt>
      <trkpt lat="39.14861404643562" lon="117.7753746813934">
        <ele>5.3</ele>
        <time>2025-10-14T00:26:14Z</time>
      </trkpt>
      <trkpt lat="39.14863793388511" lon="117.77537886841293">
        <ele>5.3</ele>
        <time>2025-10-14T00:26:15Z</time>
      </trkpt>
      <trkpt lat="39.14866187104278" lon="117.7753829282745">
        <ele>5.3</ele>
        <time>2025-10-14T00:26:16Z</time>
      </trkpt>
      <trkpt lat="39.14868538938662" lon="117.77538673632594">
        <ele>5.3</ele>
        <time>2025-10-14T00:26:17Z</time>
      </trkpt>
      <trkpt lat="39.14870912136206" lon="117.77539035008773">
        <ele>5.3</ele>
        <time>2025-10-14T00:26:18Z</time>
      </trkpt>
      <trkpt lat="39.14873025924652" lon="117.77539325500736">
        <ele>5.3</ele>
        <time>2025-10-14T00:26:19Z</time>
      </trkpt>
      <trkpt lat="39.14875475120088" lon="117.77539652308782">
        <ele>5.3</ele>
        <time>2025-10-14T00:26:20Z</time>
      </trkpt>
      <trkpt lat="39.14877931708358" lon="117.77539962323499">
        <ele>5.3</ele>
        <time>2025-10-14T00:26:21Z</time>
      </trkpt>
      <trkpt lat="39.148803873875515" lon="117.77540259870851">
        <ele>5.3</ele>
        <time>2025-10-14T00:26:22Z</time>
      </trkpt>
      <trkpt lat="39.14882898378769" lon="117.77540558288403">
        <ele>5.3</ele>
        <time>2025-10-14T00:26:23Z</time>
      </trkpt>
      <trkpt lat="39.14885385069584" lon="117.77540850279021">
        <ele>5.3</ele>
        <time>2025-10-14T00:26:24Z</time>
      </trkpt>
      <trkpt lat="39.14888131766863" lon="117.77541188374929">
        <ele>-74835.1</ele>
        <time>2025-10-14T00:26:25Z</time>
      </trkpt>
      <trkpt lat="39.14890551321617" lon="117.77541472687565">
        <ele>-74835.1</ele>
        <time>2025-10-14T00:26:26Z</time>
      </trkpt>
      <trkpt lat="39.14892968632908" lon="117.77541755780541">
        <ele>-74835.1</ele>
        <time>2025-10-14T00:26:27Z</time>
      </trkpt>
      <trkpt lat="39.14895440965868" lon="117.7754202648949">
        <ele>-74835.1</ele>
        <time>2025-10-14T00:26:28Z</time>
      </trkpt>
      <trkpt lat="39.14897881838652" lon="117.77542258257726">
        <ele>-74835.1</ele>
        <time>2025-10-14T00:26:29Z</time>
      </trkpt>
      <trkpt lat="39.14900613156552" lon="117.77542411606231">
        <ele>-168316</ele>
        <time>2025-10-14T00:26:30Z</time>
      </trkpt>
      <trkpt lat="39.1490300945146" lon="117.77542419031178">
        <ele>-168316</ele>
        <time>2025-10-14T00:26:31Z</time>
      </trkpt>
      <trkpt lat="39.14905616841568" lon="117.7754237403652">
        <ele>-168316</ele>
        <time>2025-10-14T00:26:32Z</time>
      </trkpt>
      <trkpt lat="39.149079189286304" lon="117.77542354550219">
        <ele>-168316</ele>
        <time>2025-10-14T00:26:33Z</time>
      </trkpt>
      <trkpt lat="39.14910215176136" lon="117.77542406428428">
        <ele>-168316</ele>
        <time>2025-10-14T00:26:34Z</time>
      </trkpt>
      <trkpt lat="39.14912550029009" lon="117.7754255281464">
        <ele>-261637.4</ele>
        <time>2025-10-14T00:26:35Z</time>
      </trkpt>
      <trkpt lat="39.149148391630895" lon="117.77542772621406">
        <ele>-261637.4</ele>
        <time>2025-10-14T00:26:36Z</time>
      </trkpt>
      <trkpt lat="39.14917340522623" lon="117.77543113877786">
        <ele>-261637.4</ele>
        <time>2025-10-14T00:26:37Z</time>
      </trkpt>
      <trkpt lat="39.14919603801423" lon="117.77543514337158">
        <ele>-261637.4</ele>
        <time>2025-10-14T00:26:38Z</time>
      </trkpt>
      <trkpt lat="39.14921938340418" lon="117.77543951961823">
        <ele>-261637.4</ele>
        <time>2025-10-14T00:26:39Z</time>
      </trkpt>
      <trkpt lat="39.14924292292205" lon="117.77544384684951">
        <ele>-279878.1</ele>
        <time>2025-10-14T00:26:40Z</time>
      </trkpt>
      <trkpt lat="39.149266827603164" lon="117.77544781881086">
        <ele>-279878.1</ele>
        <time>2025-10-14T00:26:41Z</time>
      </trkpt>
      <trkpt lat="39.14929067056914" lon="117.7754514171875">
        <ele>-279878.1</ele>
        <time>2025-10-14T00:26:42Z</time>
      </trkpt>
      <trkpt lat="39.14931491107154" lon="117.77545487723962">
        <ele>-279878.1</ele>
        <time>2025-10-14T00:26:43Z</time>
      </trkpt>
      <trkpt lat="39.149338744311194" lon="117.77545830022834">
        <ele>-279878.1</ele>
        <time>2025-10-14T00:26:44Z</time>
      </trkpt>
      <trkpt lat="39.149365200524194" lon="117.77546240750827">
        <ele>-279157.6</ele>
        <time>2025-10-14T00:26:45Z</time>
      </trkpt>
      <trkpt lat="39.149389335791476" lon="117.77546642013611">
        <ele>-279157.6</ele>
        <time>2025-10-14T00:26:46Z</time>
      </trkpt>
      <trkpt lat="39.14941626521364" lon="117.77547104519293">
        <ele>-279157.6</ele>
        <time>2025-10-14T00:26:47Z</time>
      </trkpt>
      <trkpt lat="39.14944137833095" lon="117.77547527734347">
        <ele>-279157.6</ele>
        <time>2025-10-14T00:26:48Z</time>
      </trkpt>
      <trkpt lat="39.149467267577876" lon="117.77547942670745">
        <ele>-279157.6</ele>
        <time>2025-10-14T00:26:49Z</time>
      </trkpt>
      <trkpt lat="39.14949350888892" lon="117.77548320635617">
        <ele>-278199</ele>
        <time>2025-10-14T00:26:50Z</time>
      </trkpt>
      <trkpt lat="39.14951945719826" lon="117.77548646363684">
        <ele>-278199</ele>
        <time>2025-10-14T00:26:51Z</time>
      </trkpt>
      <trkpt lat="39.149544870258026" lon="117.7754892129855">
        <ele>-278199</ele>
        <time>2025-10-14T00:26:52Z</time>
      </trkpt>
      <trkpt lat="39.149570210604324" lon="117.77549147619132">
        <ele>-278199</ele>
        <time>2025-10-14T00:26:53Z</time>
      </trkpt>
      <trkpt lat="39.14959515834728" lon="117.77549390502118">
        <ele>-278199</ele>
        <time>2025-10-14T00:26:54Z</time>
      </trkpt>
      <trkpt lat="39.149621404069876" lon="117.77549772747767">
        <ele>-500</ele>
        <time>2025-10-14T00:26:55Z</time>
      </trkpt>
      <trkpt lat="39.14964355750128" lon="117.77550393581616">
        <ele>-500</ele>
        <time>2025-10-14T00:26:56Z</time>
      </trkpt>
      <trkpt lat="39.149663518482555" lon="117.77551460484338">
        <ele>-500</ele>
        <time>2025-10-14T00:26:57Z</time>
      </trkpt>
      <trkpt lat="39.14967819135515" lon="117.77553037574378">
        <ele>-500</ele>
        <time>2025-10-14T00:26:58Z</time>
      </trkpt>
      <trkpt lat="39.14968982593783" lon="117.77555410473158">
        <ele>-500</ele>
        <time>2025-10-14T00:26:59Z</time>
      </trkpt>
      <trkpt lat="39.14969702833637" lon="117.77558188724181">
        <ele>-275612.1</ele>
        <time>2025-10-14T00:27:00Z</time>
      </trkpt>
      <trkpt lat="39.14970093975358" lon="117.77561259421063">
        <ele>-275612.1</ele>
        <time>2025-10-14T00:27:01Z</time>
      </trkpt>
      <trkpt lat="39.149701853294104" lon="117.77564188881122">
        <ele>-275612.1</ele>
        <time>2025-10-14T00:27:02Z</time>
      </trkpt>
      <trkpt lat="39.14970201227211" lon="117.77567421246026">
        <ele>-275612.1</ele>
        <time>2025-10-14T00:27:03Z</time>
      </trkpt>
      <trkpt lat="39.14970157182203" lon="117.7757063111711">
        <ele>-275612.1</ele>
        <time>2025-10-14T00:27:04Z</time>
      </trkpt>
      <trkpt lat="39.14970084640209" lon="117.7757386265683">
        <ele>-274005.5</ele>
        <time>2025-10-14T00:27:05Z</time>
      </trkpt>
      <trkpt lat="39.14969943426696" lon="117.77577114529744">
        <ele>-274005.5</ele>
        <time>2025-10-14T00:27:06Z</time>
      </trkpt>
      <trkpt lat="39.14969765410834" lon="117.77580363394152">
        <ele>-274005.5</ele>
        <time>2025-10-14T00:27:07Z</time>
      </trkpt>
      <trkpt lat="39.149695635317485" lon="117.77583601326207">
        <ele>-274005.5</ele>
        <time>2025-10-14T00:27:08Z</time>
      </trkpt>
      <trkpt lat="39.14969342004869" lon="117.77586832743089">
        <ele>-274005.5</ele>
        <time>2025-10-14T00:27:09Z</time>
      </trkpt>
      <trkpt lat="39.149691068193576" lon="117.77589986141761">
        <ele>-272204.3</ele>
        <time>2025-10-14T00:27:10Z</time>
      </trkpt>
      <trkpt lat="39.1496880401222" lon="117.77593371269778">
        <ele>-272204.3</ele>
        <time>2025-10-14T00:27:11Z</time>
      </trkpt>
      <trkpt lat="39.1496850374638" lon="117.77596443820518">
        <ele>-272204.3</ele>
        <time>2025-10-14T00:27:12Z</time>
      </trkpt>
      <trkpt lat="39.149681964192546" lon="117.7759954129036">
        <ele>-272204.3</ele>
        <time>2025-10-14T00:27:13Z</time>
      </trkpt>
      <trkpt lat="39.149679051980996" lon="117.77602644210678">
        <ele>-272204.3</ele>
        <time>2025-10-14T00:27:14Z</time>
      </trkpt>
      <trkpt lat="39.149676596878095" lon="117.77605710778403">
        <ele>-270218.6</ele>
        <time>2025-10-14T00:27:15Z</time>
      </trkpt>
      <trkpt lat="39.149674490896025" lon="117.77608960063553">
        <ele>-270218.6</ele>
        <time>2025-10-14T00:27:16Z</time>
      </trkpt>
      <trkpt lat="39.1496728863532" lon="117.77612022240963">
        <ele>-270218.6</ele>
        <time>2025-10-14T00:27:17Z</time>
      </trkpt>
      <trkpt lat="39.14967156611125" lon="117.77615244877703">
        <ele>-270218.6</ele>
        <time>2025-10-14T00:27:18Z</time>
      </trkpt>
      <trkpt lat="39.149670394256674" lon="117.77618767934872">
        <ele>-270218.6</ele>
        <time>2025-10-14T00:27:19Z</time>
      </trkpt>
      <trkpt lat="39.14966949389304" lon="117.77622048809424">
        <ele>-268058.3</ele>
        <time>2025-10-14T00:27:20Z</time>
      </trkpt>
      <trkpt lat="39.14966914321683" lon="117.77625395009974">
        <ele>-268058.3</ele>
        <time>2025-10-14T00:27:21Z</time>
      </trkpt>
      <trkpt lat="39.14966956073012" lon="117.77628714508356">
        <ele>-268058.3</ele>
        <time>2025-10-14T00:27:22Z</time>
      </trkpt>
      <trkpt lat="39.149670294139085" lon="117.7763205163077">
        <ele>-268058.3</ele>
        <time>2025-10-14T00:27:23Z</time>
      </trkpt>
      <trkpt lat="39.1496710195064" lon="117.7763530306832">
        <ele>-268058.3</ele>
        <time>2025-10-14T00:27:24Z</time>
      </trkpt>
      <trkpt lat="39.14967150144663" lon="117.77638496495834">
        <ele>-265733.2</ele>
        <time>2025-10-14T00:27:25Z</time>
      </trkpt>
      <trkpt lat="39.1496721948075" lon="117.77641604814428">
        <ele>-265733.2</ele>
        <time>2025-10-14T00:27:26Z</time>
      </trkpt>
      <trkpt lat="39.14967310855762" lon="117.77645025522234">
        <ele>-265733.2</ele>
        <time>2025-10-14T00:27:27Z</time>
      </trkpt>
      <trkpt lat="39.14967405749672" lon="117.77648176546907">
        <ele>-265733.2</ele>
        <time>2025-10-14T00:27:28Z</time>
      </trkpt>
      <trkpt lat="39.14967497304492" lon="117.77651376555549">
        <ele>-265733.2</ele>
        <time>2025-10-14T00:27:29Z</time>
      </trkpt>
      <trkpt lat="39.14967645760198" lon="117.77654501567113">
        <ele>-263252.6</ele>
        <time>2025-10-14T00:27:30Z</time>
      </trkpt>
      <trkpt lat="39.14967904284439" lon="117.7765759766522">
        <ele>-263252.6</ele>
        <time>2025-10-14T00:27:31Z</time>
      </trkpt>
      <trkpt lat="39.14968352059118" lon="117.77660660638068">
        <ele>-263252.6</ele>
        <time>2025-10-14T00:27:32Z</time>
      </trkpt>
      <trkpt lat="39.14968983502128" lon="117.77663657976711">
        <ele>-263252.6</ele>
        <time>2025-10-14T00:27:33Z</time>
      </trkpt>
      <trkpt lat="39.14969562097285" lon="117.7766662443586">
        <ele>-263252.6</ele>
        <time>2025-10-14T00:27:34Z</time>
      </trkpt>
      <trkpt lat="39.14969951571558" lon="117.77669520366506">
        <ele>-260625.6</ele>
        <time>2025-10-14T00:27:35Z</time>
      </trkpt>
      <trkpt lat="39.1497008302111" lon="117.77672389148007">
        <ele>-260625.6</ele>
        <time>2025-10-14T00:27:36Z</time>
      </trkpt>
      <trkpt lat="39.14970168506138" lon="117.77675185503055">
        <ele>-260625.6</ele>
        <time>2025-10-14T00:27:37Z</time>
      </trkpt>
      <trkpt lat="39.14970265176711" lon="117.77677915664272">
        <ele>-260625.6</ele>
        <time>2025-10-14T00:27:38Z</time>
      </trkpt>
      <trkpt lat="39.149703869084924" lon="117.77680608105977">
        <ele>-260625.6</ele>
        <time>2025-10-14T00:27:39Z</time>
      </trkpt>
      <trkpt lat="39.14970488679035" lon="117.77683296254249">
        <ele>-257861.3</ele>
        <time>2025-10-14T00:27:40Z</time>
      </trkpt>
      <trkpt lat="39.14970496062756" lon="117.77686022630684">
        <ele>-257861.3</ele>
        <time>2025-10-14T00:27:41Z</time>
      </trkpt>
      <trkpt lat="39.14970329350933" lon="117.77688536762274">
        <ele>-257861.3</ele>
        <time>2025-10-14T00:27:42Z</time>
      </trkpt>
      <trkpt lat="39.14969921493835" lon="117.77691070756717">
        <ele>-257861.3</ele>
        <time>2025-10-14T00:27:43Z</time>
      </trkpt>
      <trkpt lat="39.149690593819564" lon="117.77693857726008">
        <ele>-257861.3</ele>
        <time>2025-10-14T00:27:44Z</time>
      </trkpt>
      <trkpt lat="39.14967866362093" lon="117.77696658129406">
        <ele>-254968.1</ele>
        <time>2025-10-14T00:27:45Z</time>
      </trkpt>
      <trkpt lat="39.14966551124818" lon="117.7769950215027">
        <ele>-254968.1</ele>
        <time>2025-10-14T00:27:46Z</time>
      </trkpt>
      <trkpt lat="39.149654657429494" lon="117.77702384544689">
        <ele>-254968.1</ele>
        <time>2025-10-14T00:27:47Z</time>
      </trkpt>
      <trkpt lat="39.14964727113002" lon="117.77705223342268">
        <ele>-254968.1</ele>
        <time>2025-10-14T00:27:48Z</time>
      </trkpt>
      <trkpt lat="39.14964330946548" lon="117.77707890575043">
        <ele>-254968.1</ele>
        <time>2025-10-14T00:27:49Z</time>
      </trkpt>
      <trkpt lat="39.1496445743187" lon="117.77710178787672">
        <ele>-251954.6</ele>
        <time>2025-10-14T00:27:50Z</time>
      </trkpt>
      <trkpt lat="39.14964930471331" lon="117.77711987405195">
        <ele>-251954.6</ele>
        <time>2025-10-14T00:27:51Z</time>
      </trkpt>
      <trkpt lat="39.14965729700125" lon="117.77713221620755">
        <ele>-251954.6</ele>
        <time>2025-10-14T00:27:52Z</time>
      </trkpt>
      <trkpt lat="39.14966888576861" lon="117.77714264988163">
        <ele>-251954.6</ele>
        <time>2025-10-14T00:27:53Z</time>
      </trkpt>
      <trkpt lat="39.14968252991896" lon="117.77715334345748">
        <ele>-251954.6</ele>
        <time>2025-10-14T00:27:54Z</time>
      </trkpt>
      <trkpt lat="39.14969765557666" lon="117.77716693687236">
        <ele>-500</ele>
        <time>2025-10-14T00:27:55Z</time>
      </trkpt>
      <trkpt lat="39.1497108609065" lon="117.77717887786527">
        <ele>-500</ele>
        <time>2025-10-14T00:27:56Z</time>
      </trkpt>
      <trkpt lat="39.14972368461423" lon="117.7771911422211">
        <ele>-500</ele>
        <time>2025-10-14T00:27:57Z</time>
      </trkpt>
      <trkpt lat="39.149738420766674" lon="117.7772057911503">
        <ele>-500</ele>
        <time>2025-10-14T00:27:58Z</time>
      </trkpt>
      <trkpt lat="39.14975349180578" lon="117.77722121925278">
        <ele>-500</ele>
        <time>2025-10-14T00:27:59Z</time>
      </trkpt>
      <trkpt lat="39.14976932026998" lon="117.77723764365979">
        <ele>-245598.6</ele>
        <time>2025-10-14T00:28:00Z</time>
      </trkpt>
      <trkpt lat="39.1497856590336" lon="117.77725462246977">
        <ele>-245598.6</ele>
        <time>2025-10-14T00:28:01Z</time>
      </trkpt>
      <trkpt lat="39.14980255959354" lon="117.77727196377803">
        <ele>-245598.6</ele>
        <time>2025-10-14T00:28:02Z</time>
      </trkpt>
      <trkpt lat="39.14981992424696" lon="117.77728936118432">
        <ele>-245598.6</ele>
        <time>2025-10-14T00:28:03Z</time>
      </trkpt>
      <trkpt lat="39.14983790316014" lon="117.77730678239638">
        <ele>-245598.6</ele>
        <time>2025-10-14T00:28:04Z</time>
      </trkpt>
      <trkpt lat="39.14985662169114" lon="117.77732423045099">
        <ele>-242271.7</ele>
        <time>2025-10-14T00:28:05Z</time>
      </trkpt>
      <trkpt lat="39.14987869606176" lon="117.77734418005767">
        <ele>-242271.7</ele>
        <time>2025-10-14T00:28:06Z</time>
      </trkpt>
      <trkpt lat="39.14989929642205" lon="117.77736200181216">
        <ele>-242271.7</ele>
        <time>2025-10-14T00:28:07Z</time>
      </trkpt>
      <trkpt lat="39.14992044830254" lon="117.77737985192992">
        <ele>-242271.7</ele>
        <time>2025-10-14T00:28:08Z</time>
      </trkpt>
      <trkpt lat="39.149941530537546" lon="117.77739742117984">
        <ele>-242271.7</ele>
        <time>2025-10-14T00:28:09Z</time>
      </trkpt>
      <trkpt lat="39.14996265133453" lon="117.77741504116598">
        <ele>-238855.6</ele>
        <time>2025-10-14T00:28:10Z</time>
      </trkpt>
      <trkpt lat="39.14998625795805" lon="117.77743534330115">
        <ele>-238855.6</ele>
        <time>2025-10-14T00:28:11Z</time>
      </trkpt>
      <trkpt lat="39.15000749715139" lon="117.77745380136992">
        <ele>-238855.6</ele>
        <time>2025-10-14T00:28:12Z</time>
      </trkpt>
      <trkpt lat="39.150031148943015" lon="117.77747532672484">
        <ele>-238855.6</ele>
        <time>2025-10-14T00:28:13Z</time>
      </trkpt>
      <trkpt lat="39.15005164216918" lon="117.7774945758943">
        <ele>-238855.6</ele>
        <time>2025-10-14T00:28:14Z</time>
      </trkpt>
      <trkpt lat="39.150071397528805" lon="117.77751393152786">
        <ele>-235357.3</ele>
        <time>2025-10-14T00:28:15Z</time>
      </trkpt>
      <trkpt lat="39.15008995910521" lon="117.77753294743033">
        <ele>-235357.3</ele>
        <time>2025-10-14T00:28:16Z</time>
      </trkpt>
      <trkpt lat="39.15010796410694" lon="117.77755211012733">
        <ele>-235357.3</ele>
        <time>2025-10-14T00:28:17Z</time>
      </trkpt>
      <trkpt lat="39.15012809364609" lon="117.77757396793312">
        <ele>-235357.3</ele>
        <time>2025-10-14T00:28:18Z</time>
      </trkpt>
      <trkpt lat="39.15014584858193" lon="117.77759380057884">
        <ele>-235357.3</ele>
        <time>2025-10-14T00:28:19Z</time>
      </trkpt>
      <trkpt lat="39.1501634881725" lon="117.77761365581104">
        <ele>-231783.9</ele>
        <time>2025-10-14T00:28:20Z</time>
      </trkpt>
      <trkpt lat="39.15018062979938" lon="117.77763296979407">
        <ele>-231783.9</ele>
        <time>2025-10-14T00:28:21Z</time>
      </trkpt>
      <trkpt lat="39.15019766738496" lon="117.77765203296205">
        <ele>-231783.9</ele>
        <time>2025-10-14T00:28:22Z</time>
      </trkpt>
      <trkpt lat="39.15021473140859" lon="117.77767095803418">
        <ele>-231783.9</ele>
        <time>2025-10-14T00:28:23Z</time>
      </trkpt>
      <trkpt lat="39.15022933366143" lon="117.77768725664463">
        <ele>-231783.9</ele>
        <time>2025-10-14T00:28:24Z</time>
      </trkpt>
      <trkpt lat="39.15024343565021" lon="117.77770284601232">
        <ele>-228142</ele>
        <time>2025-10-14T00:28:25Z</time>
      </trkpt>
      <trkpt lat="39.150258782031024" lon="117.77772070777571">
        <ele>-228142</ele>
        <time>2025-10-14T00:28:26Z</time>
      </trkpt>
      <trkpt lat="39.150274008750316" lon="117.77773890566472">
        <ele>-228142</ele>
        <time>2025-10-14T00:28:27Z</time>
      </trkpt>
      <trkpt lat="39.150291339540956" lon="117.77775936009562">
        <ele>-228142</ele>
        <time>2025-10-14T00:28:28Z</time>
      </trkpt>
      <trkpt lat="39.15030722027909" lon="117.77777680330664">
        <ele>-228142</ele>
        <time>2025-10-14T00:28:29Z</time>
      </trkpt>
      <trkpt lat="39.15032369195055" lon="117.77779264500748">
        <ele>-224438.1</ele>
        <time>2025-10-14T00:28:30Z</time>
      </trkpt>
      <trkpt lat="39.15034129406395" lon="117.77780402763803">
        <ele>-224438.1</ele>
        <time>2025-10-14T00:28:31Z</time>
      </trkpt>
      <trkpt lat="39.150359851025236" lon="117.77781083484369">
        <ele>-224438.1</ele>
        <time>2025-10-14T00:28:32Z</time>
      </trkpt>
      <trkpt lat="39.15037932655726" lon="117.7778124049406">
        <ele>-224438.1</ele>
        <time>2025-10-14T00:28:33Z</time>
      </trkpt>
      <trkpt lat="39.15039884899409" lon="117.77780666311222">
        <ele>-224438.1</ele>
        <time>2025-10-14T00:28:34Z</time>
      </trkpt>
      <trkpt lat="39.15041938041333" lon="117.77779579551184">
        <ele>-220678.6</ele>
        <time>2025-10-14T00:28:35Z</time>
      </trkpt>
      <trkpt lat="39.15044035906036" lon="117.77778049418752">
        <ele>-220678.6</ele>
        <time>2025-10-14T00:28:36Z</time>
      </trkpt>
      <trkpt lat="39.150460696089674" lon="117.77776122378081">
        <ele>-220678.6</ele>
        <time>2025-10-14T00:28:37Z</time>
      </trkpt>
      <trkpt lat="39.150479705199295" lon="117.77773686670251">
        <ele>-220678.6</ele>
        <time>2025-10-14T00:28:38Z</time>
      </trkpt>
      <trkpt lat="39.150495842512875" lon="117.77771018043431">
        <ele>-220678.6</ele>
        <time>2025-10-14T00:28:39Z</time>
      </trkpt>
      <trkpt lat="39.15050773796031" lon="117.77768347316727">
        <ele>-216869.4</ele>
        <time>2025-10-14T00:28:40Z</time>
      </trkpt>
      <trkpt lat="39.1505168034962" lon="117.77765490415642">
        <ele>-216869.4</ele>
        <time>2025-10-14T00:28:41Z</time>
      </trkpt>
      <trkpt lat="39.150524152774274" lon="117.77762548867626">
        <ele>-216869.4</ele>
        <time>2025-10-14T00:28:42Z</time>
      </trkpt>
      <trkpt lat="39.150529744139575" lon="117.77759567260699">
        <ele>-216869.4</ele>
        <time>2025-10-14T00:28:43Z</time>
      </trkpt>
      <trkpt lat="39.15053302690793" lon="117.77756569306723">
        <ele>-216869.4</ele>
        <time>2025-10-14T00:28:44Z</time>
      </trkpt>
      <trkpt lat="39.150534222548664" lon="117.77753584608796">
        <ele>-213016.3</ele>
        <time>2025-10-14T00:28:45Z</time>
      </trkpt>
      <trkpt lat="39.150533696863846" lon="117.7775022716257">
        <ele>-213016.3</ele>
        <time>2025-10-14T00:28:46Z</time>
      </trkpt>
      <trkpt lat="39.150532559415076" lon="117.77747123025873">
        <ele>-213016.3</ele>
        <time>2025-10-14T00:28:47Z</time>
      </trkpt>
      <trkpt lat="39.150531500828386" lon="117.77743955399174">
        <ele>-213016.3</ele>
        <time>2025-10-14T00:28:48Z</time>
      </trkpt>
      <trkpt lat="39.150530744019534" lon="117.77740880336077">
        <ele>-213016.3</ele>
        <time>2025-10-14T00:28:49Z</time>
      </trkpt>
      <trkpt lat="39.150530303367546" lon="117.77737850151249">
        <ele>-209125.1</ele>
        <time>2025-10-14T00:28:50Z</time>
      </trkpt>
      <trkpt lat="39.15053013965428" lon="117.77734878555904">
        <ele>-209125.1</ele>
        <time>2025-10-14T00:28:51Z</time>
      </trkpt>
      <trkpt lat="39.15053086152019" lon="117.7773191800939">
        <ele>-209125.1</ele>
        <time>2025-10-14T00:28:52Z</time>
      </trkpt>
      <trkpt lat="39.15053211643953" lon="117.77728991193047">
        <ele>-209125.1</ele>
        <time>2025-10-14T00:28:53Z</time>
      </trkpt>
      <trkpt lat="39.15053461785695" lon="117.77725823875335">
        <ele>-209125.1</ele>
        <time>2025-10-14T00:28:54Z</time>
      </trkpt>
      <trkpt lat="39.15053755846345" lon="117.77723055438615">
        <ele>-500</ele>
        <time>2025-10-14T00:28:55Z</time>
      </trkpt>
      <trkpt lat="39.1505419482323" lon="117.77720040528688">
        <ele>-500</ele>
        <time>2025-10-14T00:28:56Z</time>
      </trkpt>
      <trkpt lat="39.15054684974644" lon="117.77717331336319">
        <ele>-500</ele>
        <time>2025-10-14T00:28:57Z</time>
      </trkpt>
      <trkpt lat="39.15055242537962" lon="117.77714496842533">
        <ele>-500</ele>
        <time>2025-10-14T00:28:58Z</time>
      </trkpt>
      <trkpt lat="39.15055788554491" lon="117.7771160191019">
        <ele>-500</ele>
        <time>2025-10-14T00:28:59Z</time>
      </trkpt>
      <trkpt lat="39.150562524014596" lon="117.77708580751478">
        <ele>-201249.6</ele>
        <time>2025-10-14T00:29:00Z</time>
      </trkpt>
      <trkpt lat="39.15056635903724" lon="117.77705453288087">
        <ele>-201249.6</ele>
        <time>2025-10-14T00:29:01Z</time>
      </trkpt>
      <trkpt lat="39.15056931198866" lon="117.77702212066765">
        <ele>-201249.6</ele>
        <time>2025-10-14T00:29:02Z</time>
      </trkpt>
      <trkpt lat="39.15057190468843" lon="117.77698904868772">
        <ele>-201249.6</ele>
        <time>2025-10-14T00:29:03Z</time>
      </trkpt>
      <trkpt lat="39.15057434005506" lon="117.7769555896282">
        <ele>-201249.6</ele>
        <time>2025-10-14T00:29:04Z</time>
      </trkpt>
      <trkpt lat="39.150576675449585" lon="117.77692120661631">
        <ele>-197275.5</ele>
        <time>2025-10-14T00:29:05Z</time>
      </trkpt>
      <trkpt lat="39.15057918918123" lon="117.7768854403395">
        <ele>-197275.5</ele>
        <time>2025-10-14T00:29:06Z</time>
      </trkpt>
      <trkpt lat="39.150581480947885" lon="117.77684807478832">
        <ele>-197275.5</ele>
        <time>2025-10-14T00:29:07Z</time>
      </trkpt>
      <trkpt lat="39.15058348703489" lon="117.77681366003608">
        <ele>-197275.5</ele>
        <time>2025-10-14T00:29:08Z</time>
      </trkpt>
      <trkpt lat="39.15058543781256" lon="117.77677725788881">
        <ele>-197275.5</ele>
        <time>2025-10-14T00:29:09Z</time>
      </trkpt>
      <trkpt lat="39.15058743696332" lon="117.77674318758523">
        <ele>-193283.7</ele>
        <time>2025-10-14T00:29:10Z</time>
      </trkpt>
      <trkpt lat="39.15058942306167" lon="117.77670718872564">
        <ele>-193283.7</ele>
        <time>2025-10-14T00:29:11Z</time>
      </trkpt>
      <trkpt lat="39.15059118501695" lon="117.77667551385002">
        <ele>-193283.7</ele>
        <time>2025-10-14T00:29:12Z</time>
      </trkpt>
      <trkpt lat="39.150592847416405" lon="117.77664405888734">
        <ele>-193283.7</ele>
        <time>2025-10-14T00:29:13Z</time>
      </trkpt>
      <trkpt lat="39.15059408509588" lon="117.776613402521">
        <ele>-193283.7</ele>
        <time>2025-10-14T00:29:14Z</time>
      </trkpt>
      <trkpt lat="39.15059432989217" lon="117.77658251623829">
        <ele>-189278.8</ele>
        <time>2025-10-14T00:29:15Z</time>
      </trkpt>
      <trkpt lat="39.150593325103245" lon="117.7765523218553">
        <ele>-189278.8</ele>
        <time>2025-10-14T00:29:16Z</time>
      </trkpt>
      <trkpt lat="39.15058903005493" lon="117.77652381537165">
        <ele>-189278.8</ele>
        <time>2025-10-14T00:29:17Z</time>
      </trkpt>
      <trkpt lat="39.15058219654739" lon="117.77649835317301">
        <ele>-189278.8</ele>
        <time>2025-10-14T00:29:18Z</time>
      </trkpt>
      <trkpt lat="39.150569739638605" lon="117.77647478286528">
        <ele>-189278.8</ele>
        <time>2025-10-14T00:29:19Z</time>
      </trkpt>
      <trkpt lat="39.15055526458062" lon="117.77645755916471">
        <ele>-185265.2</ele>
        <time>2025-10-14T00:29:20Z</time>
      </trkpt>
      <trkpt lat="39.15053507368958" lon="117.77644280948326">
        <ele>-185265.2</ele>
        <time>2025-10-14T00:29:21Z</time>
      </trkpt>
      <trkpt lat="39.15051433913284" lon="117.77643257116014">
        <ele>-185265.2</ele>
        <time>2025-10-14T00:29:22Z</time>
      </trkpt>
      <trkpt lat="39.150491506385485" lon="117.77642438422124">
        <ele>-185265.2</ele>
        <time>2025-10-14T00:29:23Z</time>
      </trkpt>
      <trkpt lat="39.1504679690298" lon="117.77641900552943">
        <ele>-185265.2</ele>
        <time>2025-10-14T00:29:24Z</time>
      </trkpt>
      <trkpt lat="39.15044413344766" lon="117.77641548258504">
        <ele>-181247.2</ele>
        <time>2025-10-14T00:29:25Z</time>
      </trkpt>
      <trkpt lat="39.15042031175283" lon="117.7764136437758">
        <ele>-181247.2</ele>
        <time>2025-10-14T00:29:26Z</time>
      </trkpt>
      <trkpt lat="39.15039659022229" lon="117.77641341255327">
        <ele>-181247.2</ele>
        <time>2025-10-14T00:29:27Z</time>
      </trkpt>
      <trkpt lat="39.15037295057747" lon="117.77641422032431">
        <ele>-181247.2</ele>
        <time>2025-10-14T00:29:28Z</time>
      </trkpt>
      <trkpt lat="39.15034687592454" lon="117.77641599515503">
        <ele>-181247.2</ele>
        <time>2025-10-14T00:29:29Z</time>
      </trkpt>
      <trkpt lat="39.15032278720994" lon="117.77641743782128">
        <ele>-177228.8</ele>
        <time>2025-10-14T00:29:30Z</time>
      </trkpt>
      <trkpt lat="39.15029859143834" lon="117.77641794572381">
        <ele>-177228.8</ele>
        <time>2025-10-14T00:29:31Z</time>
      </trkpt>
      <trkpt lat="39.15027469581534" lon="117.7764166441167">
        <ele>-177228.8</ele>
        <time>2025-10-14T00:29:32Z</time>
      </trkpt>
      <trkpt lat="39.1502512237498" lon="117.7764144298631">
        <ele>-177228.8</ele>
        <time>2025-10-14T00:29:33Z</time>
      </trkpt>
      <trkpt lat="39.15022490516302" lon="117.7764117086213">
        <ele>-177228.8</ele>
        <time>2025-10-14T00:29:34Z</time>
      </trkpt>
      <trkpt lat="39.150200229883765" lon="117.77640911919752">
        <ele>-173214</ele>
        <time>2025-10-14T00:29:35Z</time>
      </trkpt>
      <trkpt lat="39.15017188121949" lon="117.77640566680928">
        <ele>-173214</ele>
        <time>2025-10-14T00:29:36Z</time>
      </trkpt>
      <trkpt lat="39.150146057707644" lon="117.77640150866453">
        <ele>-173214</ele>
        <time>2025-10-14T00:29:37Z</time>
      </trkpt>
      <trkpt lat="39.150117716019565" lon="117.77639619670803">
        <ele>-173214</ele>
        <time>2025-10-14T00:29:38Z</time>
      </trkpt>
      <trkpt lat="39.15009242299771" lon="117.77639095140383">
        <ele>-173214</ele>
        <time>2025-10-14T00:29:39Z</time>
      </trkpt>
      <trkpt lat="39.15006725383062" lon="117.77638616587653">
        <ele>-169206.4</ele>
        <time>2025-10-14T00:29:40Z</time>
      </trkpt>
      <trkpt lat="39.150043047656" lon="117.77638211635983">
        <ele>-169206.4</ele>
        <time>2025-10-14T00:29:41Z</time>
      </trkpt>
      <trkpt lat="39.15001892310113" lon="117.77637892212354">
        <ele>-169206.4</ele>
        <time>2025-10-14T00:29:42Z</time>
      </trkpt>
      <trkpt lat="39.14999476565376" lon="117.77637607845503">
        <ele>-169206.4</ele>
        <time>2025-10-14T00:29:43Z</time>
      </trkpt>
      <trkpt lat="39.14997000489651" lon="117.7763733907961">
        <ele>-169206.4</ele>
        <time>2025-10-14T00:29:44Z</time>
      </trkpt>
      <trkpt lat="39.14994471229309" lon="117.776370442556">
        <ele>-165209.7</ele>
        <time>2025-10-14T00:29:45Z</time>
      </trkpt>
      <trkpt lat="39.14991901474173" lon="117.77636751860092">
        <ele>-165209.7</ele>
        <time>2025-10-14T00:29:46Z</time>
      </trkpt>
      <trkpt lat="39.14989399793558" lon="117.77636373356506">
        <ele>-165209.7</ele>
        <time>2025-10-14T00:29:47Z</time>
      </trkpt>
      <trkpt lat="39.149870853770416" lon="117.77635875300395">
        <ele>-165209.7</ele>
        <time>2025-10-14T00:29:48Z</time>
      </trkpt>
      <trkpt lat="39.149850992179566" lon="117.77635129383916">
        <ele>-165209.7</ele>
        <time>2025-10-14T00:29:49Z</time>
      </trkpt>
      <trkpt lat="39.149837824942765" lon="117.7763424438798">
        <ele>-161227.1</ele>
        <time>2025-10-14T00:29:50Z</time>
      </trkpt>
      <trkpt lat="39.14982886501117" lon="117.77633055597182">
        <ele>-161227.1</ele>
        <time>2025-10-14T00:29:51Z</time>
      </trkpt>
      <trkpt lat="39.149822149009864" lon="117.77631261735083">
        <ele>-161227.1</ele>
        <time>2025-10-14T00:29:52Z</time>
      </trkpt>
      <trkpt lat="39.14981508460554" lon="117.7762902711893">
        <ele>-161227.1</ele>
        <time>2025-10-14T00:29:53Z</time>
      </trkpt>
      <trkpt lat="39.14980637337061" lon="117.77626542019715">
        <ele>-161227.1</ele>
        <time>2025-10-14T00:29:54Z</time>
      </trkpt>
      <trkpt lat="39.14979405101678" lon="117.77624034220078">
        <ele>-500</ele>
        <time>2025-10-14T00:29:55Z</time>
      </trkpt>
      <trkpt lat="39.14977954649717" lon="117.77621613203989">
        <ele>-500</ele>
        <time>2025-10-14T00:29:56Z</time>
      </trkpt>
      <trkpt lat="39.14976295555829" lon="117.77619278856005">
        <ele>-500</ele>
        <time>2025-10-14T00:29:57Z</time>
      </trkpt>
      <trkpt lat="39.149745882961504" lon="117.77616972876828">
        <ele>-500</ele>
        <time>2025-10-14T00:29:58Z</time>
      </trkpt>
      <trkpt lat="39.1497293471136" lon="117.77614546080692">
        <ele>-500</ele>
        <time>2025-10-14T00:29:59Z</time>
      </trkpt>
      <trkpt lat="39.14971420064618" lon="117.77611630743357">
        <ele>-153317.4</ele>
        <time>2025-10-14T00:30:00Z</time>
      </trkpt>
      <trkpt lat="39.149703517187916" lon="117.77608688317545">
        <ele>-153317.4</ele>
        <time>2025-10-14T00:30:01Z</time>
      </trkpt>
      <trkpt lat="39.14969617367565" lon="117.77605532699998">
        <ele>-153317.4</ele>
        <time>2025-10-14T00:30:02Z</time>
      </trkpt>
      <trkpt lat="39.149692719692936" lon="117.77602533710677">
        <ele>-153317.4</ele>
        <time>2025-10-14T00:30:03Z</time>
      </trkpt>
      <trkpt lat="39.14969130899743" lon="117.77599553377907">
        <ele>-153317.4</ele>
        <time>2025-10-14T00:30:04Z</time>
      </trkpt>
      <trkpt lat="39.14969101138351" lon="117.77596434912081">
        <ele>-149396.2</ele>
        <time>2025-10-14T00:30:05Z</time>
      </trkpt>
      <trkpt lat="39.149691232754186" lon="117.77593432469536">
        <ele>-149396.2</ele>
        <time>2025-10-14T00:30:06Z</time>
      </trkpt>
      <trkpt lat="39.1496919068213" lon="117.77590463678133">
        <ele>-149396.2</ele>
        <time>2025-10-14T00:30:07Z</time>
      </trkpt>
      <trkpt lat="39.14969401904531" lon="117.77587512066306">
        <ele>-149396.2</ele>
        <time>2025-10-14T00:30:08Z</time>
      </trkpt>
      <trkpt lat="39.149696862403104" lon="117.77584598690613">
        <ele>-149396.2</ele>
        <time>2025-10-14T00:30:09Z</time>
      </trkpt>
      <trkpt lat="39.149700739507715" lon="117.77581365182978">
        <ele>-145501.2</ele>
        <time>2025-10-14T00:30:10Z</time>
      </trkpt>
      <trkpt lat="39.14970424683315" lon="117.77578354947981">
        <ele>-145501.2</ele>
        <time>2025-10-14T00:30:11Z</time>
      </trkpt>
      <trkpt lat="39.14970769452104" lon="117.77575266391248">
        <ele>-145501.2</ele>
        <time>2025-10-14T00:30:12Z</time>
      </trkpt>
      <trkpt lat="39.14971014392813" lon="117.77572186037368">
        <ele>-145501.2</ele>
        <time>2025-10-14T00:30:13Z</time>
      </trkpt>
      <trkpt lat="39.14971175647529" lon="117.77569083045921">
        <ele>-145501.2</ele>
        <time>2025-10-14T00:30:14Z</time>
      </trkpt>
      <trkpt lat="39.14971265035604" lon="117.77566005622326">
        <ele>-141635</ele>
        <time>2025-10-14T00:30:15Z</time>
      </trkpt>
      <trkpt lat="39.149713938538554" lon="117.775630036601">
        <ele>-141635</ele>
        <time>2025-10-14T00:30:16Z</time>
      </trkpt>
      <trkpt lat="39.14971647393275" lon="117.77560175569316">
        <ele>-141635</ele>
        <time>2025-10-14T00:30:17Z</time>
      </trkpt>
      <trkpt lat="39.149723131769996" lon="117.77557468688522">
        <ele>-141635</ele>
        <time>2025-10-14T00:30:18Z</time>
      </trkpt>
      <trkpt lat="39.14973272247031" lon="117.77555433303232">
        <ele>-141635</ele>
        <time>2025-10-14T00:30:19Z</time>
      </trkpt>
      <trkpt lat="39.14974562985749" lon="117.77553912975914">
        <ele>-137800.1</ele>
        <time>2025-10-14T00:30:20Z</time>
      </trkpt>
      <trkpt lat="39.14975925038863" lon="117.77553100441094">
        <ele>-137800.1</ele>
        <time>2025-10-14T00:30:21Z</time>
      </trkpt>
      <trkpt lat="39.149776133996106" lon="117.77552766247936">
        <ele>-137800.1</ele>
        <time>2025-10-14T00:30:22Z</time>
      </trkpt>
      <trkpt lat="39.14979379746108" lon="117.77552723176129">
        <ele>-137800.1</ele>
        <time>2025-10-14T00:30:23Z</time>
      </trkpt>
      <trkpt lat="39.149815569608485" lon="117.77552823579894">
        <ele>-137800.1</ele>
        <time>2025-10-14T00:30:24Z</time>
      </trkpt>
      <trkpt lat="39.14983738337593" lon="117.77552937825034">
        <ele>-133998.8</ele>
        <time>2025-10-14T00:30:25Z</time>
      </trkpt>
      <trkpt lat="39.149861340707545" lon="117.77553021396679">
        <ele>-133998.8</ele>
        <time>2025-10-14T00:30:26Z</time>
      </trkpt>
      <trkpt lat="39.149886175301845" lon="117.77553087047505">
        <ele>-133998.8</ele>
        <time>2025-10-14T00:30:27Z</time>
      </trkpt>
      <trkpt lat="39.14991168124671" lon="117.77553149198228">
        <ele>-133998.8</ele>
        <time>2025-10-14T00:30:28Z</time>
      </trkpt>
      <trkpt lat="39.14993706221438" lon="117.7755323920222">
        <ele>-133998.8</ele>
        <time>2025-10-14T00:30:29Z</time>
      </trkpt>
      <trkpt lat="39.14996182432611" lon="117.7755332825829">
        <ele>-130233.3</ele>
        <time>2025-10-14T00:30:30Z</time>
      </trkpt>
      <trkpt lat="39.14998575549137" lon="117.77553423598596">
        <ele>-130233.3</ele>
        <time>2025-10-14T00:30:31Z</time>
      </trkpt>
      <trkpt lat="39.150012035146105" lon="117.7755356561169">
        <ele>-130233.3</ele>
        <time>2025-10-14T00:30:32Z</time>
      </trkpt>
      <trkpt lat="39.150036877666466" lon="117.77553760289767">
        <ele>-130233.3</ele>
        <time>2025-10-14T00:30:33Z</time>
      </trkpt>
      <trkpt lat="39.15006318614626" lon="117.7755406032748">
        <ele>-130233.3</ele>
        <time>2025-10-14T00:30:34Z</time>
      </trkpt>
      <trkpt lat="39.15009004563555" lon="117.77554477335735">
        <ele>-126505.8</ele>
        <time>2025-10-14T00:30:35Z</time>
      </trkpt>
      <trkpt lat="39.150117123922854" lon="117.7755495901543">
        <ele>-126505.8</ele>
        <time>2025-10-14T00:30:36Z</time>
      </trkpt>
      <trkpt lat="39.15014642081886" lon="117.77555504594615">
        <ele>-126505.8</ele>
        <time>2025-10-14T00:30:37Z</time>
      </trkpt>
      <trkpt lat="39.15017366929563" lon="117.77555999921906">
        <ele>-126505.8</ele>
        <time>2025-10-14T00:30:38Z</time>
      </trkpt>
      <trkpt lat="39.1502012303625" lon="117.77556457741684">
        <ele>-126505.8</ele>
        <time>2025-10-14T00:30:39Z</time>
      </trkpt>
      <trkpt lat="39.150228935865705" lon="117.77556814499941">
        <ele>-122818.1</ele>
        <time>2025-10-14T00:30:40Z</time>
      </trkpt>
      <trkpt lat="39.15025663398033" lon="117.77557104167262">
        <ele>-122818.1</ele>
        <time>2025-10-14T00:30:41Z</time>
      </trkpt>
      <trkpt lat="39.150284126527595" lon="117.77557344123416">
        <ele>-122818.1</ele>
        <time>2025-10-14T00:30:42Z</time>
      </trkpt>
      <trkpt lat="39.150310639635165" lon="117.77557455510431">
        <ele>-122818.1</ele>
        <time>2025-10-14T00:30:43Z</time>
      </trkpt>
      <trkpt lat="39.15033551133011" lon="117.77557390483139">
        <ele>-122818.1</ele>
        <time>2025-10-14T00:30:44Z</time>
      </trkpt>
      <trkpt lat="39.150355414431594" lon="117.77557228426011">
        <ele>-119172.2</ele>
        <time>2025-10-14T00:30:45Z</time>
      </trkpt>
      <trkpt lat="39.15036771372866" lon="117.77556709100088">
        <ele>-119172.2</ele>
        <time>2025-10-14T00:30:46Z</time>
      </trkpt>
      <trkpt lat="39.15037537226949" lon="117.77555800061708">
        <ele>-119172.2</ele>
        <time>2025-10-14T00:30:47Z</time>
      </trkpt>
      <trkpt lat="39.150381038582104" lon="117.77554584511834">
        <ele>-119172.2</ele>
        <time>2025-10-14T00:30:48Z</time>
      </trkpt>
      <trkpt lat="39.150387090578754" lon="117.77553335310206">
        <ele>-119172.2</ele>
        <time>2025-10-14T00:30:49Z</time>
      </trkpt>
      <trkpt lat="39.150393418267" lon="117.77552105504489">
        <ele>-115569.6</ele>
        <time>2025-10-14T00:30:50Z</time>
      </trkpt>
      <trkpt lat="39.15039995855324" lon="117.77550647703269">
        <ele>-115569.6</ele>
        <time>2025-10-14T00:30:51Z</time>
      </trkpt>
      <trkpt lat="39.15040474904792" lon="117.77548946813502">
        <ele>-115569.6</ele>
        <time>2025-10-14T00:30:52Z</time>
      </trkpt>
      <trkpt lat="39.1504075575357" lon="117.77547047787857">
        <ele>-115569.6</ele>
        <time>2025-10-14T00:30:53Z</time>
      </trkpt>
      <trkpt lat="39.1504091711633" lon="117.77545173932977">
        <ele>-115569.6</ele>
        <time>2025-10-14T00:30:54Z</time>
      </trkpt>
      <trkpt lat="39.15041007790861" lon="117.7754321144823">
        <ele>-500</ele>
        <time>2025-10-14T00:30:55Z</time>
      </trkpt>
      <trkpt lat="39.15041053076508" lon="117.77541429808223">
        <ele>-500</ele>
        <time>2025-10-14T00:30:56Z</time>
      </trkpt>
      <trkpt lat="39.1504109694734" lon="117.77540077275474">
        <ele>-500</ele>
        <time>2025-10-14T00:30:57Z</time>
      </trkpt>
      <trkpt lat="39.150411282249" lon="117.77539181791825">
        <ele>-500</ele>
        <time>2025-10-14T00:30:58Z</time>
      </trkpt>
      <trkpt lat="39.15041204997936" lon="117.77538391566206">
        <ele>-500</ele>
        <time>2025-10-14T00:30:59Z</time>
      </trkpt>
      <trkpt lat="39.15041282909872" lon="117.77537263895651">
        <ele>-108500.9</ele>
        <time>2025-10-14T00:31:00Z</time>
      </trkpt>
      <trkpt lat="39.15041461024469" lon="117.775359792039">
        <ele>-108500.9</ele>
        <time>2025-10-14T00:31:01Z</time>
      </trkpt>
      <trkpt lat="39.15041792027152" lon="117.77534597331586">
        <ele>-108500.9</ele>
        <time>2025-10-14T00:31:02Z</time>
      </trkpt>
      <trkpt lat="39.150425492929344" lon="117.7753293661011">
        <ele>-108500.9</ele>
        <time>2025-10-14T00:31:03Z</time>
      </trkpt>
      <trkpt lat="39.1504359417094" lon="117.77531211379426">
        <ele>-108500.9</ele>
        <time>2025-10-14T00:31:04Z</time>
      </trkpt>
      <trkpt lat="39.15044950835985" lon="117.77529545223564">
        <ele>-105037.6</ele>
        <time>2025-10-14T00:31:05Z</time>
      </trkpt>
      <trkpt lat="39.15046395552404" lon="117.77528352654411">
        <ele>-105037.6</ele>
        <time>2025-10-14T00:31:06Z</time>
      </trkpt>
      <trkpt lat="39.15048066928248" lon="117.77527540533626">
        <ele>-105037.6</ele>
        <time>2025-10-14T00:31:07Z</time>
      </trkpt>
      <trkpt lat="39.15050067451828" lon="117.77527098442792">
        <ele>-105037.6</ele>
        <time>2025-10-14T00:31:08Z</time>
      </trkpt>
      <trkpt lat="39.1505211331405" lon="117.77526885252331">
        <ele>-105037.6</ele>
        <time>2025-10-14T00:31:09Z</time>
      </trkpt>
      <trkpt lat="39.15054400654118" lon="117.77526784955293">
        <ele>-101623.5</ele>
        <time>2025-10-14T00:31:10Z</time>
      </trkpt>
      <trkpt lat="39.15056496894942" lon="117.77526713919184">
        <ele>-101623.5</ele>
        <time>2025-10-14T00:31:11Z</time>
      </trkpt>
      <trkpt lat="39.15058634859676" lon="117.77526664597471">
        <ele>-101623.5</ele>
        <time>2025-10-14T00:31:12Z</time>
      </trkpt>
      <trkpt lat="39.150607554375824" lon="117.7752667124651">
        <ele>-101623.5</ele>
        <time>2025-10-14T00:31:13Z</time>
      </trkpt>
      <trkpt lat="39.150628693606876" lon="117.77526743539495">
        <ele>-101623.5</ele>
        <time>2025-10-14T00:31:14Z</time>
      </trkpt>
      <trkpt lat="39.15065280194771" lon="117.77526869119579">
        <ele>-98259.6</ele>
        <time>2025-10-14T00:31:15Z</time>
      </trkpt>
      <trkpt lat="39.15067567893033" lon="117.77526998667845">
        <ele>-98259.6</ele>
        <time>2025-10-14T00:31:16Z</time>
      </trkpt>
      <trkpt lat="39.150699769264286" lon="117.77527135420003">
        <ele>-98259.6</ele>
        <time>2025-10-14T00:31:17Z</time>
      </trkpt>
      <trkpt lat="39.150724694443376" lon="117.77527354164964">
        <ele>-98259.6</ele>
        <time>2025-10-14T00:31:18Z</time>
      </trkpt>
      <trkpt lat="39.15075029991265" lon="117.77527589911487">
        <ele>-98259.6</ele>
        <time>2025-10-14T00:31:19Z</time>
      </trkpt>
      <trkpt lat="39.15077558517867" lon="117.77527724129907">
        <ele>-94947</ele>
        <time>2025-10-14T00:31:20Z</time>
      </trkpt>
      <trkpt lat="39.15079702825817" lon="117.77527540337218">
        <ele>-94947</ele>
        <time>2025-10-14T00:31:21Z</time>
      </trkpt>
      <trkpt lat="39.150817983332715" lon="117.7752680805258">
        <ele>-94947</ele>
        <time>2025-10-14T00:31:22Z</time>
      </trkpt>
      <trkpt lat="39.150837750451664" lon="117.77525789449395">
        <ele>-94947</ele>
        <time>2025-10-14T00:31:23Z</time>
      </trkpt>
      <trkpt lat="39.150857909264396" lon="117.77524665761489">
        <ele>-94947</ele>
        <time>2025-10-14T00:31:24Z</time>
      </trkpt>
      <trkpt lat="39.1508798034026" lon="117.77523860219932">
        <ele>-91686.7</ele>
        <time>2025-10-14T00:31:25Z</time>
      </trkpt>
      <trkpt lat="39.15090297984272" lon="117.77523296339052">
        <ele>-91686.7</ele>
        <time>2025-10-14T00:31:26Z</time>
      </trkpt>
      <trkpt lat="39.15092677707262" lon="117.77522929285092">
        <ele>-91686.7</ele>
        <time>2025-10-14T00:31:27Z</time>
      </trkpt>
      <trkpt lat="39.150950713754945" lon="117.77522608545638">
        <ele>-91686.7</ele>
        <time>2025-10-14T00:31:28Z</time>
      </trkpt>
      <trkpt lat="39.15097396361978" lon="117.77522280830753">
        <ele>-91686.7</ele>
        <time>2025-10-14T00:31:29Z</time>
      </trkpt>
      <trkpt lat="39.15099930573026" lon="117.77521937259974">
        <ele>-88479.6</ele>
        <time>2025-10-14T00:31:30Z</time>
      </trkpt>
      <trkpt lat="39.151022463973774" lon="117.77521704498237">
        <ele>-88479.6</ele>
        <time>2025-10-14T00:31:31Z</time>
      </trkpt>
      <trkpt lat="39.151049220955585" lon="117.77521586776186">
        <ele>-88479.6</ele>
        <time>2025-10-14T00:31:32Z</time>
      </trkpt>
      <trkpt lat="39.15107428617769" lon="117.77521586546426">
        <ele>-88479.6</ele>
        <time>2025-10-14T00:31:33Z</time>
      </trkpt>
      <trkpt lat="39.15110016851418" lon="117.77521603569565">
        <ele>-88479.6</ele>
        <time>2025-10-14T00:31:34Z</time>
      </trkpt>
      <trkpt lat="39.15112552858715" lon="117.77521557067111">
        <ele>-85326.5</ele>
        <time>2025-10-14T00:31:35Z</time>
      </trkpt>
      <trkpt lat="39.151150547415455" lon="117.77521435993617">
        <ele>-85326.5</ele>
        <time>2025-10-14T00:31:36Z</time>
      </trkpt>
      <trkpt lat="39.151174802788574" lon="117.77521262393651">
        <ele>-85326.5</ele>
        <time>2025-10-14T00:31:37Z</time>
      </trkpt>
      <trkpt lat="39.15119844817832" lon="117.77521105862787">
        <ele>-85326.5</ele>
        <time>2025-10-14T00:31:38Z</time>
      </trkpt>
      <trkpt lat="39.151221305029786" lon="117.77521008215362">
        <ele>-85326.5</ele>
        <time>2025-10-14T00:31:39Z</time>
      </trkpt>
      <trkpt lat="39.15124613743029" lon="117.7752103746613">
        <ele>-82228</ele>
        <time>2025-10-14T00:31:40Z</time>
      </trkpt>
      <trkpt lat="39.15126870061716" lon="117.77521204484572">
        <ele>-82228</ele>
        <time>2025-10-14T00:31:41Z</time>
      </trkpt>
      <trkpt lat="39.151291854791985" lon="117.77521538378883">
        <ele>-82228</ele>
        <time>2025-10-14T00:31:42Z</time>
      </trkpt>
      <trkpt lat="39.15131252016743" lon="117.77521989344822">
        <ele>-82228</ele>
        <time>2025-10-14T00:31:43Z</time>
      </trkpt>
      <trkpt lat="39.15133260123402" lon="117.77522521814913">
        <ele>-82228</ele>
        <time>2025-10-14T00:31:44Z</time>
      </trkpt>
      <trkpt lat="39.15135382392455" lon="117.77523163634991">
        <ele>-79184.8</ele>
        <time>2025-10-14T00:31:45Z</time>
      </trkpt>
      <trkpt lat="39.15137422454256" lon="117.77523824444289">
        <ele>-79184.8</ele>
        <time>2025-10-14T00:31:46Z</time>
      </trkpt>
      <trkpt lat="39.15139681375569" lon="117.77524671321414">
        <ele>-79184.8</ele>
        <time>2025-10-14T00:31:47Z</time>
      </trkpt>
      <trkpt lat="39.151417699485584" lon="117.77525554678418">
        <ele>-79184.8</ele>
        <time>2025-10-14T00:31:48Z</time>
      </trkpt>
      <trkpt lat="39.15143962656468" lon="117.77526558357327">
        <ele>-79184.8</ele>
        <time>2025-10-14T00:31:49Z</time>
      </trkpt>
      <trkpt lat="39.151462110597926" lon="117.77527712692667">
        <ele>-76197.4</ele>
        <time>2025-10-14T00:31:50Z</time>
      </trkpt>
      <trkpt lat="39.15148575883018" lon="117.7752895461748">
        <ele>-76197.4</ele>
        <time>2025-10-14T00:31:51Z</time>
      </trkpt>
      <trkpt lat="39.15151025966353" lon="117.77530238470297">
        <ele>-76197.4</ele>
        <time>2025-10-14T00:31:52Z</time>
      </trkpt>
      <trkpt lat="39.15153570494789" lon="117.77531259618156">
        <ele>-76197.4</ele>
        <time>2025-10-14T00:31:53Z</time>
      </trkpt>
      <trkpt lat="39.15156066217663" lon="117.77532164038885">
        <ele>-76197.4</ele>
        <time>2025-10-14T00:31:54Z</time>
      </trkpt>
      <trkpt lat="39.151587613398746" lon="117.77533027403165">
        <ele>-500</ele>
        <time>2025-10-14T00:31:55Z</time>
      </trkpt>
      <trkpt lat="39.15161215727339" lon="117.77533796850666">
        <ele>-500</ele>
        <time>2025-10-14T00:31:56Z</time>
      </trkpt>
      <trkpt lat="39.15163977344155" lon="117.77534441455501">
        <ele>-500</ele>
        <time>2025-10-14T00:31:57Z</time>
      </trkpt>
      <trkpt lat="39.15166559656941" lon="117.77534833052356">
        <ele>-500</ele>
        <time>2025-10-14T00:31:58Z</time>
      </trkpt>
      <trkpt lat="39.151691505780995" lon="117.77535173673324">
        <ele>-500</ele>
        <time>2025-10-14T00:31:59Z</time>
      </trkpt>
      <trkpt lat="39.15171645599751" lon="117.77535386848739">
        <ele>-70391.7</ele>
        <time>2025-10-14T00:32:00Z</time>
      </trkpt>
      <trkpt lat="39.151740761766526" lon="117.77535621046138">
        <ele>-70391.7</ele>
        <time>2025-10-14T00:32:01Z</time>
      </trkpt>
      <trkpt lat="39.15176451736579" lon="117.77535803051056">
        <ele>-70391.7</ele>
        <time>2025-10-14T00:32:02Z</time>
      </trkpt>
      <trkpt lat="39.15178830393481" lon="117.77535993611713">
        <ele>-70391.7</ele>
        <time>2025-10-14T00:32:03Z</time>
      </trkpt>
      <trkpt lat="39.151812336677665" lon="117.77536144160001">
        <ele>-70391.7</ele>
        <time>2025-10-14T00:32:04Z</time>
      </trkpt>
      <trkpt lat="39.15183829082641" lon="117.77535771845281">
        <ele>-67574.2</ele>
        <time>2025-10-14T00:32:05Z</time>
      </trkpt>
      <trkpt lat="39.151860418739844" lon="117.77535078956005">
        <ele>-67574.2</ele>
        <time>2025-10-14T00:32:06Z</time>
      </trkpt>
      <trkpt lat="39.15188148418254" lon="117.77534299185905">
        <ele>-67574.2</ele>
        <time>2025-10-14T00:32:07Z</time>
      </trkpt>
      <trkpt lat="39.15190437387706" lon="117.77534016488686">
        <ele>-67574.2</ele>
        <time>2025-10-14T00:32:08Z</time>
      </trkpt>
      <trkpt lat="39.15193074343527" lon="117.77533813777876">
        <ele>-67574.2</ele>
        <time>2025-10-14T00:32:09Z</time>
      </trkpt>
      <trkpt lat="39.15195999809937" lon="117.77533434399739">
        <ele>-64813.8</ele>
        <time>2025-10-14T00:32:10Z</time>
      </trkpt>
      <trkpt lat="39.15198717598337" lon="117.77532777211074">
        <ele>-64813.8</ele>
        <time>2025-10-14T00:32:11Z</time>
      </trkpt>
      <trkpt lat="39.15201324660535" lon="117.77532127419296">
        <ele>-64813.8</ele>
        <time>2025-10-14T00:32:12Z</time>
      </trkpt>
      <trkpt lat="39.152039960151335" lon="117.77531499307902">
        <ele>-64813.8</ele>
        <time>2025-10-14T00:32:13Z</time>
      </trkpt>
      <trkpt lat="39.15206522462707" lon="117.77531026808796">
        <ele>-64813.8</ele>
        <time>2025-10-14T00:32:14Z</time>
      </trkpt>
      <trkpt lat="39.15209243333821" lon="117.77530719509298">
        <ele>-62110.9</ele>
        <time>2025-10-14T00:32:15Z</time>
      </trkpt>
      <trkpt lat="39.152117239225966" lon="117.77530631245722">
        <ele>-62110.9</ele>
        <time>2025-10-14T00:32:16Z</time>
      </trkpt>
      <trkpt lat="39.15214255153923" lon="117.77530698863866">
        <ele>-62110.9</ele>
        <time>2025-10-14T00:32:17Z</time>
      </trkpt>
      <trkpt lat="39.152168343576" lon="117.77531032661133">
        <ele>-62110.9</ele>
        <time>2025-10-14T00:32:18Z</time>
      </trkpt>
      <trkpt lat="39.152194968205364" lon="117.77531529050452">
        <ele>-62110.9</ele>
        <time>2025-10-14T00:32:19Z</time>
      </trkpt>
      <trkpt lat="39.152221860726" lon="117.77532164517028">
        <ele>-59465.5</ele>
        <time>2025-10-14T00:32:20Z</time>
      </trkpt>
      <trkpt lat="39.15224815875972" lon="117.7753283951723">
        <ele>-59465.5</ele>
        <time>2025-10-14T00:32:21Z</time>
      </trkpt>
      <trkpt lat="39.1522735964681" lon="117.77533552630592">
        <ele>-59465.5</ele>
        <time>2025-10-14T00:32:22Z</time>
      </trkpt>
      <trkpt lat="39.15230123484748" lon="117.77534421316591">
        <ele>-59465.5</ele>
        <time>2025-10-14T00:32:23Z</time>
      </trkpt>
      <trkpt lat="39.1523269351203" lon="117.77535304382255">
        <ele>-59465.5</ele>
        <time>2025-10-14T00:32:24Z</time>
      </trkpt>
      <trkpt lat="39.152353486074446" lon="117.77536240694495">
        <ele>-56877.6</ele>
        <time>2025-10-14T00:32:25Z</time>
      </trkpt>
      <trkpt lat="39.15237795030633" lon="117.77537074553493">
        <ele>-56877.6</ele>
        <time>2025-10-14T00:32:26Z</time>
      </trkpt>
      <trkpt lat="39.15240246632931" lon="117.77537882828359">
        <ele>-56877.6</ele>
        <time>2025-10-14T00:32:27Z</time>
      </trkpt>
      <trkpt lat="39.15242828800937" lon="117.7753873667911">
        <ele>-56877.6</ele>
        <time>2025-10-14T00:32:28Z</time>
      </trkpt>
      <trkpt lat="39.15245315529218" lon="117.77539594669554">
        <ele>-56877.6</ele>
        <time>2025-10-14T00:32:29Z</time>
      </trkpt>
      <trkpt lat="39.152477977383796" lon="117.77540443408583">
        <ele>-54347.2</ele>
        <time>2025-10-14T00:32:30Z</time>
      </trkpt>
      <trkpt lat="39.152502566531396" lon="117.77541209717646">
        <ele>-54347.2</ele>
        <time>2025-10-14T00:32:31Z</time>
      </trkpt>
      <trkpt lat="39.15252684250782" lon="117.77541819592079">
        <ele>-54347.2</ele>
        <time>2025-10-14T00:32:32Z</time>
      </trkpt>
      <trkpt lat="39.15255277838695" lon="117.77542241119232">
        <ele>-54347.2</ele>
        <time>2025-10-14T00:32:33Z</time>
      </trkpt>
      <trkpt lat="39.15257664549261" lon="117.77542395737115">
        <ele>-54347.2</ele>
        <time>2025-10-14T00:32:34Z</time>
      </trkpt>
      <trkpt lat="39.152600754444464" lon="117.77542411966029">
        <ele>-51874.4</ele>
        <time>2025-10-14T00:32:35Z</time>
      </trkpt>
      <trkpt lat="39.15262481868464" lon="117.77542262548336">
        <ele>-51874.4</ele>
        <time>2025-10-14T00:32:36Z</time>
      </trkpt>
      <trkpt lat="39.15264850626868" lon="117.77542043085722">
        <ele>-51874.4</ele>
        <time>2025-10-14T00:32:37Z</time>
      </trkpt>
      <trkpt lat="39.152674665216885" lon="117.77541741568182">
        <ele>-51874.4</ele>
        <time>2025-10-14T00:32:38Z</time>
      </trkpt>
      <trkpt lat="39.1526980032314" lon="117.77541487338698">
        <ele>-51874.4</ele>
        <time>2025-10-14T00:32:39Z</time>
      </trkpt>
      <trkpt lat="39.15272336278459" lon="117.77541273768838">
        <ele>-49458.9</ele>
        <time>2025-10-14T00:32:40Z</time>
      </trkpt>
      <trkpt lat="39.15274567752959" lon="117.77541167657228">
        <ele>-49458.9</ele>
        <time>2025-10-14T00:32:41Z</time>
      </trkpt>
      <trkpt lat="39.152768428045505" lon="117.77541072717514">
        <ele>-49458.9</ele>
        <time>2025-10-14T00:32:42Z</time>
      </trkpt>
      <trkpt lat="39.152791735914725" lon="117.77540917596828">
        <ele>-49458.9</ele>
        <time>2025-10-14T00:32:43Z</time>
      </trkpt>
      <trkpt lat="39.15281594616416" lon="117.77540705416641">
        <ele>-49458.9</ele>
        <time>2025-10-14T00:32:44Z</time>
      </trkpt>
      <trkpt lat="39.15284058595835" lon="117.77540475085996">
        <ele>-47100.7</ele>
        <time>2025-10-14T00:32:45Z</time>
      </trkpt>
      <trkpt lat="39.15286514881038" lon="117.77540291069235">
        <ele>-47100.7</ele>
        <time>2025-10-14T00:32:46Z</time>
      </trkpt>
      <trkpt lat="39.1528892232467" lon="117.7754012273039">
        <ele>-47100.7</ele>
        <time>2025-10-14T00:32:47Z</time>
      </trkpt>
      <trkpt lat="39.15291545371262" lon="117.77539949675115">
        <ele>-47100.7</ele>
        <time>2025-10-14T00:32:48Z</time>
      </trkpt>
      <trkpt lat="39.15293986794122" lon="117.775398049867">
        <ele>-47100.7</ele>
        <time>2025-10-14T00:32:49Z</time>
      </trkpt>
      <trkpt lat="39.15296537344698" lon="117.7753969253954">
        <ele>-44799.4</ele>
        <time>2025-10-14T00:32:50Z</time>
      </trkpt>
      <trkpt lat="39.15299152321609" lon="117.7753963009659">
        <ele>-44799.4</ele>
        <time>2025-10-14T00:32:51Z</time>
      </trkpt>
      <trkpt lat="39.15301832791785" lon="117.7753961209436">
        <ele>-44799.4</ele>
        <time>2025-10-14T00:32:52Z</time>
      </trkpt>
      <trkpt lat="39.15304572550039" lon="117.77539659878526">
        <ele>-44799.4</ele>
        <time>2025-10-14T00:32:53Z</time>
      </trkpt>
      <trkpt lat="39.15307115072895" lon="117.77539789383748">
        <ele>-44799.4</ele>
        <time>2025-10-14T00:32:54Z</time>
      </trkpt>
      <trkpt lat="39.153096606380835" lon="117.77539988708911">
        <ele>-500</ele>
        <time>2025-10-14T00:32:55Z</time>
      </trkpt>
      <trkpt lat="39.153123340027115" lon="117.7754026891542">
        <ele>-500</ele>
        <time>2025-10-14T00:32:56Z</time>
      </trkpt>
      <trkpt lat="39.1531492665667" lon="117.77540618673625">
        <ele>-500</ele>
        <time>2025-10-14T00:32:57Z</time>
      </trkpt>
      <trkpt lat="39.15317391776059" lon="117.77541045632738">
        <ele>-500</ele>
        <time>2025-10-14T00:32:58Z</time>
      </trkpt>
      <trkpt lat="39.1531972483416" lon="117.77541600219644">
        <ele>-500</ele>
        <time>2025-10-14T00:32:59Z</time>
      </trkpt>
      <trkpt lat="39.15321933971893" lon="117.77542229568476">
        <ele>-40366.9</ele>
        <time>2025-10-14T00:33:00Z</time>
      </trkpt>
      <trkpt lat="39.15324370647655" lon="117.7754309921805">
        <ele>-40366.9</ele>
        <time>2025-10-14T00:33:01Z</time>
      </trkpt>
      <trkpt lat="39.153266552981194" lon="117.77544030939997">
        <ele>-40366.9</ele>
        <time>2025-10-14T00:33:02Z</time>
      </trkpt>
      <trkpt lat="39.15329012680168" lon="117.77545072983754">
        <ele>-40366.9</ele>
        <time>2025-10-14T00:33:03Z</time>
      </trkpt>
      <trkpt lat="39.153313292990994" lon="117.77546126799658">
        <ele>-40366.9</ele>
        <time>2025-10-14T00:33:04Z</time>
      </trkpt>
      <trkpt lat="39.153336376018984" lon="117.77547168582791">
        <ele>-38235</ele>
        <time>2025-10-14T00:33:05Z</time>
      </trkpt>
      <trkpt lat="39.15335951694102" lon="117.7754817040775">
        <ele>-38235</ele>
        <time>2025-10-14T00:33:06Z</time>
      </trkpt>
      <trkpt lat="39.153383004972504" lon="117.77549076420065">
        <ele>-38235</ele>
        <time>2025-10-14T00:33:07Z</time>
      </trkpt>
      <trkpt lat="39.153406754564294" lon="117.77549844569559">
        <ele>-38235</ele>
        <time>2025-10-14T00:33:08Z</time>
      </trkpt>
      <trkpt lat="39.153433169932335" lon="117.77550596454581">
        <ele>-38235</ele>
        <time>2025-10-14T00:33:09Z</time>
      </trkpt>
      <trkpt lat="39.15345785611824" lon="117.77551148438249">
        <ele>-36158.8</ele>
        <time>2025-10-14T00:33:10Z</time>
      </trkpt>
      <trkpt lat="39.15348361975197" lon="117.77552043418142">
        <ele>-36158.8</ele>
        <time>2025-10-14T00:33:11Z</time>
      </trkpt>
      <trkpt lat="39.153505067616095" lon="117.77552889365637">
        <ele>-36158.8</ele>
        <time>2025-10-14T00:33:12Z</time>
      </trkpt>
      <trkpt lat="39.15352456247668" lon="117.77553622123915">
        <ele>-36158.8</ele>
        <time>2025-10-14T00:33:13Z</time>
      </trkpt>
      <trkpt lat="39.153544213044164" lon="117.77553620014223">
        <ele>-36158.8</ele>
        <time>2025-10-14T00:33:14Z</time>
      </trkpt>
      <trkpt lat="39.15356606242216" lon="117.77553423490627">
        <ele>-34138</ele>
        <time>2025-10-14T00:33:15Z</time>
      </trkpt>
      <trkpt lat="39.15358979531321" lon="117.77553242762843">
        <ele>-34138</ele>
        <time>2025-10-14T00:33:16Z</time>
      </trkpt>
      <trkpt lat="39.15361469762568" lon="117.77553363013256">
        <ele>-34138</ele>
        <time>2025-10-14T00:33:17Z</time>
      </trkpt>
      <trkpt lat="39.15363965299284" lon="117.77553544689663">
        <ele>-34138</ele>
        <time>2025-10-14T00:33:18Z</time>
      </trkpt>
      <trkpt lat="39.15366505131623" lon="117.77553764237507">
        <ele>-34138</ele>
        <time>2025-10-14T00:33:19Z</time>
      </trkpt>
      <trkpt lat="39.15369127623517" lon="117.77553917337653">
        <ele>-32172</ele>
        <time>2025-10-14T00:33:20Z</time>
      </trkpt>
      <trkpt lat="39.15371781279722" lon="117.77553959512534">
        <ele>-32172</ele>
        <time>2025-10-14T00:33:21Z</time>
      </trkpt>
      <trkpt lat="39.15374482723971" lon="117.77553855624447">
        <ele>-32172</ele>
        <time>2025-10-14T00:33:22Z</time>
      </trkpt>
      <trkpt lat="39.153769288856935" lon="117.77553586286294">
        <ele>-32172</ele>
        <time>2025-10-14T00:33:23Z</time>
      </trkpt>
      <trkpt lat="39.153792648506865" lon="117.77553180825954">
        <ele>-32172</ele>
        <time>2025-10-14T00:33:24Z</time>
      </trkpt>
      <trkpt lat="39.15381690210039" lon="117.7755265432514">
        <ele>-30260.3</ele>
        <time>2025-10-14T00:33:25Z</time>
      </trkpt>
      <trkpt lat="39.153840779717534" lon="117.77552154537243">
        <ele>-30260.3</ele>
        <time>2025-10-14T00:33:26Z</time>
      </trkpt>
      <trkpt lat="39.1538653924781" lon="117.77551749692965">
        <ele>-30260.3</ele>
        <time>2025-10-14T00:33:27Z</time>
      </trkpt>
      <trkpt lat="39.15389034586611" lon="117.77551525085225">
        <ele>-30260.3</ele>
        <time>2025-10-14T00:33:28Z</time>
      </trkpt>
      <trkpt lat="39.15391512187085" lon="117.77551385886314">
        <ele>-30260.3</ele>
        <time>2025-10-14T00:33:29Z</time>
      </trkpt>
      <trkpt lat="39.15393980767091" lon="117.77551285197487">
        <ele>-28402.6</ele>
        <time>2025-10-14T00:33:30Z</time>
      </trkpt>
      <trkpt lat="39.153964540986934" lon="117.77551225416356">
        <ele>-28402.6</ele>
        <time>2025-10-14T00:33:31Z</time>
      </trkpt>
      <trkpt lat="39.15398948073965" lon="117.77551261850667">
        <ele>-28402.6</ele>
        <time>2025-10-14T00:33:32Z</time>
      </trkpt>
      <trkpt lat="39.15401775426634" lon="117.77551521181556">
        <ele>-28402.6</ele>
        <time>2025-10-14T00:33:33Z</time>
      </trkpt>
      <trkpt lat="39.15404443286664" lon="117.77551857470007">
        <ele>-28402.6</ele>
        <time>2025-10-14T00:33:34Z</time>
      </trkpt>
      <trkpt lat="39.15407157055723" lon="117.77552213500917">
        <ele>-26598.1</ele>
        <time>2025-10-14T00:33:35Z</time>
      </trkpt>
      <trkpt lat="39.1540980279209" lon="117.77552476233265">
        <ele>-26598.1</ele>
        <time>2025-10-14T00:33:36Z</time>
      </trkpt>
      <trkpt lat="39.15412434374094" lon="117.77552751229322">
        <ele>-26598.1</ele>
        <time>2025-10-14T00:33:37Z</time>
      </trkpt>
      <trkpt lat="39.15415057510869" lon="117.77553026254856">
        <ele>-26598.1</ele>
        <time>2025-10-14T00:33:38Z</time>
      </trkpt>
      <trkpt lat="39.15417410269919" lon="117.77553292124185">
        <ele>-26598.1</ele>
        <time>2025-10-14T00:33:39Z</time>
      </trkpt>
      <trkpt lat="39.154198810002974" lon="117.77553575025219">
        <ele>-24846.4</ele>
        <time>2025-10-14T00:33:40Z</time>
      </trkpt>
      <trkpt lat="39.15422343145508" lon="117.7755392889769">
        <ele>-24846.4</ele>
        <time>2025-10-14T00:33:41Z</time>
      </trkpt>
      <trkpt lat="39.1542485180689" lon="117.77554423636872">
        <ele>-24846.4</ele>
        <time>2025-10-14T00:33:42Z</time>
      </trkpt>
      <trkpt lat="39.15427170793285" lon="117.775550925545">
        <ele>-24846.4</ele>
        <time>2025-10-14T00:33:43Z</time>
      </trkpt>
      <trkpt lat="39.15429376290001" lon="117.7755592020279">
        <ele>-24846.4</ele>
        <time>2025-10-14T00:33:44Z</time>
      </trkpt>
      <trkpt lat="39.15431450222532" lon="117.77556840626295">
        <ele>-23146.8</ele>
        <time>2025-10-14T00:33:45Z</time>
      </trkpt>
      <trkpt lat="39.15433678485674" lon="117.77557894451792">
        <ele>-23146.8</ele>
        <time>2025-10-14T00:33:46Z</time>
      </trkpt>
      <trkpt lat="39.15435881027288" lon="117.77559039851654">
        <ele>-23146.8</ele>
        <time>2025-10-14T00:33:47Z</time>
      </trkpt>
      <trkpt lat="39.154380112563544" lon="117.77560067424838">
        <ele>-23146.8</ele>
        <time>2025-10-14T00:33:48Z</time>
      </trkpt>
      <trkpt lat="39.15440108863643" lon="117.77560854375244">
        <ele>-23146.8</ele>
        <time>2025-10-14T00:33:49Z</time>
      </trkpt>
      <trkpt lat="39.1544222319349" lon="117.77561369670391">
        <ele>-21498.7</ele>
        <time>2025-10-14T00:33:50Z</time>
      </trkpt>
      <trkpt lat="39.15444804238332" lon="117.77561812442731">
        <ele>-21498.7</ele>
        <time>2025-10-14T00:33:51Z</time>
      </trkpt>
      <trkpt lat="39.154472935758115" lon="117.77562164520974">
        <ele>-21498.7</ele>
        <time>2025-10-14T00:33:52Z</time>
      </trkpt>
      <trkpt lat="39.15449893660967" lon="117.77562470502328">
        <ele>-21498.7</ele>
        <time>2025-10-14T00:33:53Z</time>
      </trkpt>
      <trkpt lat="39.154521469352204" lon="117.77562710771323">
        <ele>-21498.7</ele>
        <time>2025-10-14T00:33:54Z</time>
      </trkpt>
      <trkpt lat="39.15454591894964" lon="117.7756292384422">
        <ele>-500</ele>
        <time>2025-10-14T00:33:55Z</time>
      </trkpt>
      <trkpt lat="39.154570032624804" lon="117.77563097538285">
        <ele>-500</ele>
        <time>2025-10-14T00:33:56Z</time>
      </trkpt>
      <trkpt lat="39.154594575435404" lon="117.77563234420673">
        <ele>-500</ele>
        <time>2025-10-14T00:33:57Z</time>
      </trkpt>
      <trkpt lat="39.15462011814927" lon="117.77563334214875">
        <ele>-500</ele>
        <time>2025-10-14T00:33:58Z</time>
      </trkpt>
      <trkpt lat="39.154646063558104" lon="117.77563390357803">
        <ele>-500</ele>
        <time>2025-10-14T00:33:59Z</time>
      </trkpt>
      <trkpt lat="39.15467557193898" lon="117.77563417638703">
        <ele>-18354.5</ele>
        <time>2025-10-14T00:34:00Z</time>
      </trkpt>
      <trkpt lat="39.1547024291447" lon="117.77563383894038">
        <ele>-18354.5</ele>
        <time>2025-10-14T00:34:01Z</time>
      </trkpt>
      <trkpt lat="39.15472933435365" lon="117.7756330860378">
        <ele>-18354.5</ele>
        <time>2025-10-14T00:34:02Z</time>
      </trkpt>
      <trkpt lat="39.1547555177298" lon="117.77563198867598">
        <ele>-18354.5</ele>
        <time>2025-10-14T00:34:03Z</time>
      </trkpt>
      <trkpt lat="39.15478128845841" lon="117.77563067360502">
        <ele>-18354.5</ele>
        <time>2025-10-14T00:34:04Z</time>
      </trkpt>
      <trkpt lat="39.154809692548845" lon="117.77562943459826">
        <ele>-16856.9</ele>
        <time>2025-10-14T00:34:05Z</time>
      </trkpt>
      <trkpt lat="39.15483509035774" lon="117.77562803910976">
        <ele>-16856.9</ele>
        <time>2025-10-14T00:34:06Z</time>
      </trkpt>
      <trkpt lat="39.154860213945376" lon="117.77562673548441">
        <ele>-16856.9</ele>
        <time>2025-10-14T00:34:07Z</time>
      </trkpt>
      <trkpt lat="39.15488454024904" lon="117.77562561904068">
        <ele>-16856.9</ele>
        <time>2025-10-14T00:34:08Z</time>
      </trkpt>
      <trkpt lat="39.154908555830815" lon="117.77562480984892">
        <ele>-16856.9</ele>
        <time>2025-10-14T00:34:09Z</time>
      </trkpt>
      <trkpt lat="39.15493569404077" lon="117.7756246298997">
        <ele>-15408.2</ele>
        <time>2025-10-14T00:34:10Z</time>
      </trkpt>
      <trkpt lat="39.154960093187256" lon="117.7756247552135">
        <ele>-15408.2</ele>
        <time>2025-10-14T00:34:11Z</time>
      </trkpt>
      <trkpt lat="39.15498464810489" lon="117.77562542333393">
        <ele>-15408.2</ele>
        <time>2025-10-14T00:34:12Z</time>
      </trkpt>
      <trkpt lat="39.155008738462406" lon="117.77562665045218">
        <ele>-15408.2</ele>
        <time>2025-10-14T00:34:13Z</time>
      </trkpt>
      <trkpt lat="39.15503280906767" lon="117.77562846387762">
        <ele>-15408.2</ele>
        <time>2025-10-14T00:34:14Z</time>
      </trkpt>
      <trkpt lat="39.15505681542531" lon="117.77563087086533">
        <ele>-14007.6</ele>
        <time>2025-10-14T00:34:15Z</time>
      </trkpt>
      <trkpt lat="39.15508060275" lon="117.77563389416837">
        <ele>-14007.6</ele>
        <time>2025-10-14T00:34:16Z</time>
      </trkpt>
      <trkpt lat="39.15510408248532" lon="117.77563748438811">
        <ele>-14007.6</ele>
        <time>2025-10-14T00:34:17Z</time>
      </trkpt>
      <trkpt lat="39.155127349299946" lon="117.77564160244566">
        <ele>-14007.6</ele>
        <time>2025-10-14T00:34:18Z</time>
      </trkpt>
      <trkpt lat="39.15514720214823" lon="117.77564586179649">
        <ele>-14007.6</ele>
        <time>2025-10-14T00:34:19Z</time>
      </trkpt>
      <trkpt lat="39.15516968982382" lon="117.77565068532294">
        <ele>-12654.3</ele>
        <time>2025-10-14T00:34:20Z</time>
      </trkpt>
      <trkpt lat="39.155191651505746" lon="117.77565564631439">
        <ele>-12654.3</ele>
        <time>2025-10-14T00:34:21Z</time>
      </trkpt>
      <trkpt lat="39.15521386491512" lon="117.77566067069525">
        <ele>-12654.3</ele>
        <time>2025-10-14T00:34:22Z</time>
      </trkpt>
      <trkpt lat="39.155236045383496" lon="117.77566558673705">
        <ele>-12654.3</ele>
        <time>2025-10-14T00:34:23Z</time>
      </trkpt>
      <trkpt lat="39.15525796722829" lon="117.77567017980816">
        <ele>-12654.3</ele>
        <time>2025-10-14T00:34:24Z</time>
      </trkpt>
      <trkpt lat="39.15527975438831" lon="117.77567430572485">
        <ele>-11347.6</ele>
        <time>2025-10-14T00:34:25Z</time>
      </trkpt>
      <trkpt lat="39.155300189543134" lon="117.7756789611662">
        <ele>-11347.6</ele>
        <time>2025-10-14T00:34:26Z</time>
      </trkpt>
      <trkpt lat="39.15532025320189" lon="117.77568278995105">
        <ele>-11347.6</ele>
        <time>2025-10-14T00:34:27Z</time>
      </trkpt>
      <trkpt lat="39.15534025349401" lon="117.77568659749005">
        <ele>-11347.6</ele>
        <time>2025-10-14T00:34:28Z</time>
      </trkpt>
      <trkpt lat="39.155360885161095" lon="117.77568996793185">
        <ele>-11347.6</ele>
        <time>2025-10-14T00:34:29Z</time>
      </trkpt>
      <trkpt lat="39.155383110534245" lon="117.77569467042767">
        <ele>-10086.7</ele>
        <time>2025-10-14T00:34:30Z</time>
      </trkpt>
      <trkpt lat="39.1554071389588" lon="117.77570051725563">
        <ele>-10086.7</ele>
        <time>2025-10-14T00:34:31Z</time>
      </trkpt>
      <trkpt lat="39.155432388578596" lon="117.77570675937763">
        <ele>-10086.7</ele>
        <time>2025-10-14T00:34:32Z</time>
      </trkpt>
      <trkpt lat="39.155460181167086" lon="117.77571289766128">
        <ele>-10086.7</ele>
        <time>2025-10-14T00:34:33Z</time>
      </trkpt>
      <trkpt lat="39.1554876627462" lon="117.77571807528581">
        <ele>-10086.7</ele>
        <time>2025-10-14T00:34:34Z</time>
      </trkpt>
      <trkpt lat="39.15551280832039" lon="117.77572196726021">
        <ele>-8870.8</ele>
        <time>2025-10-14T00:34:35Z</time>
      </trkpt>
      <trkpt lat="39.155537720071386" lon="117.77572450042472">
        <ele>-8870.8</ele>
        <time>2025-10-14T00:34:36Z</time>
      </trkpt>
      <trkpt lat="39.155562598214495" lon="117.77572600237554">
        <ele>-8870.8</ele>
        <time>2025-10-14T00:34:37Z</time>
      </trkpt>
      <trkpt lat="39.15558828587155" lon="117.77572631177469">
        <ele>-8870.8</ele>
        <time>2025-10-14T00:34:38Z</time>
      </trkpt>
      <trkpt lat="39.15561214548357" lon="117.77572187390267">
        <ele>-8870.8</ele>
        <time>2025-10-14T00:34:39Z</time>
      </trkpt>
      <trkpt lat="39.155633803157805" lon="117.77571613105091">
        <ele>-7699.3</ele>
        <time>2025-10-14T00:34:40Z</time>
      </trkpt>
      <trkpt lat="39.15565306789932" lon="117.77571104319128">
        <ele>-7699.3</ele>
        <time>2025-10-14T00:34:41Z</time>
      </trkpt>
      <trkpt lat="39.15567369928876" lon="117.77571205629462">
        <ele>-7699.3</ele>
        <time>2025-10-14T00:34:42Z</time>
      </trkpt>
      <trkpt lat="39.155696790850065" lon="117.77571327508083">
        <ele>-7699.3</ele>
        <time>2025-10-14T00:34:43Z</time>
      </trkpt>
      <trkpt lat="39.15572226258904" lon="117.77571364092415">
        <ele>-7699.3</ele>
        <time>2025-10-14T00:34:44Z</time>
      </trkpt>
      <trkpt lat="39.15574912607809" lon="117.77571192965578">
        <ele>-6571.2</ele>
        <time>2025-10-14T00:34:45Z</time>
      </trkpt>
      <trkpt lat="39.155776169971666" lon="117.77571101734664">
        <ele>-6571.2</ele>
        <time>2025-10-14T00:34:46Z</time>
      </trkpt>
      <trkpt lat="39.15580298319839" lon="117.77571092921812">
        <ele>-6571.2</ele>
        <time>2025-10-14T00:34:47Z</time>
      </trkpt>
      <trkpt lat="39.15582655696754" lon="117.77571175089136">
        <ele>-6571.2</ele>
        <time>2025-10-14T00:34:48Z</time>
      </trkpt>
      <trkpt lat="39.15585167447762" lon="117.77571329808812">
        <ele>-6571.2</ele>
        <time>2025-10-14T00:34:49Z</time>
      </trkpt>
      <trkpt lat="39.15587616750495" lon="117.77571504548368">
        <ele>-5485.7</ele>
        <time>2025-10-14T00:34:50Z</time>
      </trkpt>
      <trkpt lat="39.15590111326372" lon="117.77571685232233">
        <ele>-5485.7</ele>
        <time>2025-10-14T00:34:51Z</time>
      </trkpt>
      <trkpt lat="39.15592652817353" lon="117.77571860246495">
        <ele>-5485.7</ele>
        <time>2025-10-14T00:34:52Z</time>
      </trkpt>
      <trkpt lat="39.15595240338731" lon="117.77572032825505">
        <ele>-5485.7</ele>
        <time>2025-10-14T00:34:53Z</time>
      </trkpt>
      <trkpt lat="39.155978437123665" lon="117.77572222934175">
        <ele>-5485.7</ele>
        <time>2025-10-14T00:34:54Z</time>
      </trkpt>
      <trkpt lat="39.15600384157866" lon="117.7757251079768">
        <ele>-500</ele>
        <time>2025-10-14T00:34:55Z</time>
      </trkpt>
      <trkpt lat="39.15602814454377" lon="117.77572882815768">
        <ele>-500</ele>
        <time>2025-10-14T00:34:56Z</time>
      </trkpt>
      <trkpt lat="39.156053209020186" lon="117.77573458526275">
        <ele>-500</ele>
        <time>2025-10-14T00:34:57Z</time>
      </trkpt>
      <trkpt lat="39.1560752236683" lon="117.77574103883403">
        <ele>-500</ele>
        <time>2025-10-14T00:34:58Z</time>
      </trkpt>
      <trkpt lat="39.15609668379729" lon="117.77574847638846">
        <ele>-500</ele>
        <time>2025-10-14T00:34:59Z</time>
      </trkpt>
      <trkpt lat="39.15611766336941" lon="117.77575654623614">
        <ele>-3439.7</ele>
        <time>2025-10-14T00:35:00Z</time>
      </trkpt>
      <trkpt lat="39.15613827848375" lon="117.77576501963573">
        <ele>-3439.7</ele>
        <time>2025-10-14T00:35:01Z</time>
      </trkpt>
      <trkpt lat="39.156162155441166" lon="117.77577554909364">
        <ele>-3439.7</ele>
        <time>2025-10-14T00:35:02Z</time>
      </trkpt>
      <trkpt lat="39.15618524050749" lon="117.7757859857918">
        <ele>-3439.7</ele>
        <time>2025-10-14T00:35:03Z</time>
      </trkpt>
      <trkpt lat="39.15620949748717" lon="117.77579651423642">
        <ele>-3439.7</ele>
        <time>2025-10-14T00:35:04Z</time>
      </trkpt>
      <trkpt lat="39.156233293387764" lon="117.77580553346684">
        <ele>-2477.4</ele>
        <time>2025-10-14T00:35:05Z</time>
      </trkpt>
      <trkpt lat="39.15625626061946" lon="117.77581336673678">
        <ele>-2477.4</ele>
        <time>2025-10-14T00:35:06Z</time>
      </trkpt>
      <trkpt lat="39.156281479510376" lon="117.77582112495546">
        <ele>-2477.4</ele>
        <time>2025-10-14T00:35:07Z</time>
      </trkpt>
      <trkpt lat="39.156305247151245" lon="117.7758278213306">
        <ele>-2477.4</ele>
        <time>2025-10-14T00:35:08Z</time>
      </trkpt>
      <trkpt lat="39.15633014591691" lon="117.77583407606707">
        <ele>-2477.4</ele>
        <time>2025-10-14T00:35:09Z</time>
      </trkpt>
      <trkpt lat="39.15635585250498" lon="117.77583938354508">
        <ele>-1554.6</ele>
        <time>2025-10-14T00:35:10Z</time>
      </trkpt>
      <trkpt lat="39.156381893249" lon="117.77584406986185">
        <ele>-1554.6</ele>
        <time>2025-10-14T00:35:11Z</time>
      </trkpt>
      <trkpt lat="39.156407807911634" lon="117.77584812702031">
        <ele>-1554.6</ele>
        <time>2025-10-14T00:35:12Z</time>
      </trkpt>
      <trkpt lat="39.1564330691791" lon="117.7758510261844">
        <ele>-1554.6</ele>
        <time>2025-10-14T00:35:13Z</time>
      </trkpt>
      <trkpt lat="39.15645726515164" lon="117.77585263280113">
        <ele>-1554.6</ele>
        <time>2025-10-14T00:35:14Z</time>
      </trkpt>
      <trkpt lat="39.15648293686205" lon="117.77585270212187">
        <ele>-670.4</ele>
        <time>2025-10-14T00:35:15Z</time>
      </trkpt>
      <trkpt lat="39.156504853731214" lon="117.77585097256889">
        <ele>-670.4</ele>
        <time>2025-10-14T00:35:16Z</time>
      </trkpt>
      <trkpt lat="39.156529300366266" lon="117.77584869178052">
        <ele>-670.4</ele>
        <time>2025-10-14T00:35:17Z</time>
      </trkpt>
      <trkpt lat="39.15655103613628" lon="117.77584627521934">
        <ele>-670.4</ele>
        <time>2025-10-14T00:35:18Z</time>
      </trkpt>
      <trkpt lat="39.15657340955227" lon="117.77584453591784">
        <ele>-670.4</ele>
        <time>2025-10-14T00:35:19Z</time>
      </trkpt>
      <trkpt lat="39.156595624733086" lon="117.77584271792429">
        <ele>176</ele>
        <time>2025-10-14T00:35:20Z</time>
      </trkpt>
      <trkpt lat="39.15661787438205" lon="117.77584081160595">
        <ele>176</ele>
        <time>2025-10-14T00:35:21Z</time>
      </trkpt>
      <trkpt lat="39.156643454894954" lon="117.7758385989223">
        <ele>176</ele>
        <time>2025-10-14T00:35:22Z</time>
      </trkpt>
      <trkpt lat="39.156666504577075" lon="117.77583622096351">
        <ele>176</ele>
        <time>2025-10-14T00:35:23Z</time>
      </trkpt>
      <trkpt lat="39.15668983181333" lon="117.77583368590926">
        <ele>176</ele>
        <time>2025-10-14T00:35:24Z</time>
      </trkpt>
      <trkpt lat="39.15671273603773" lon="117.7758311013476">
        <ele>985.5</ele>
        <time>2025-10-14T00:35:25Z</time>
      </trkpt>
      <trkpt lat="39.15673560204269" lon="117.77582851099265">
        <ele>985.5</ele>
        <time>2025-10-14T00:35:26Z</time>
      </trkpt>
      <trkpt lat="39.15675832505975" lon="117.77582595402514">
        <ele>985.5</ele>
        <time>2025-10-14T00:35:27Z</time>
      </trkpt>
      <trkpt lat="39.15678093323644" lon="117.77582346744471">
        <ele>985.5</ele>
        <time>2025-10-14T00:35:28Z</time>
      </trkpt>
      <trkpt lat="39.15680337375242" lon="117.77582105173664">
        <ele>985.5</ele>
        <time>2025-10-14T00:35:29Z</time>
      </trkpt>
      <trkpt lat="39.15682902527954" lon="117.7758187174705">
        <ele>1758.9</ele>
        <time>2025-10-14T00:35:30Z</time>
      </trkpt>
      <trkpt lat="39.15685186737433" lon="117.77581652652609">
        <ele>1758.9</ele>
        <time>2025-10-14T00:35:31Z</time>
      </trkpt>
      <trkpt lat="39.15687817891516" lon="117.77581449894707">
        <ele>1758.9</ele>
        <time>2025-10-14T00:35:32Z</time>
      </trkpt>
      <trkpt lat="39.15690153806433" lon="117.77581267199464">
        <ele>1758.9</ele>
        <time>2025-10-14T00:35:33Z</time>
      </trkpt>
      <trkpt lat="39.15692497982575" lon="117.77581109047318">
        <ele>1758.9</ele>
        <time>2025-10-14T00:35:34Z</time>
      </trkpt>
      <trkpt lat="39.15694817259144" lon="117.77580987249983">
        <ele>2497</ele>
        <time>2025-10-14T00:35:35Z</time>
      </trkpt>
      <trkpt lat="39.156971454669616" lon="117.77580906729074">
        <ele>2497</ele>
        <time>2025-10-14T00:35:36Z</time>
      </trkpt>
      <trkpt lat="39.1569950116069" lon="117.77580873283914">
        <ele>2497</ele>
        <time>2025-10-14T00:35:37Z</time>
      </trkpt>
      <trkpt lat="39.15701860496802" lon="117.77580892518448">
        <ele>2497</ele>
        <time>2025-10-14T00:35:38Z</time>
      </trkpt>
      <trkpt lat="39.15704223550666" lon="117.77580960804215">
        <ele>2497</ele>
        <time>2025-10-14T00:35:39Z</time>
      </trkpt>
      <trkpt lat="39.15706458732784" lon="117.77581072301778">
        <ele>3200.6</ele>
        <time>2025-10-14T00:35:40Z</time>
      </trkpt>
      <trkpt lat="39.157083513744965" lon="117.77581221788785">
        <ele>3200.6</ele>
        <time>2025-10-14T00:35:41Z</time>
      </trkpt>
      <trkpt lat="39.15710472010872" lon="117.77581430707335">
        <ele>3200.6</ele>
        <time>2025-10-14T00:35:42Z</time>
      </trkpt>
      <trkpt lat="39.157126876988194" lon="117.77581693421641">
        <ele>3200.6</ele>
        <time>2025-10-14T00:35:43Z</time>
      </trkpt>
      <trkpt lat="39.15715286510078" lon="117.77582020643217">
        <ele>3200.6</ele>
        <time>2025-10-14T00:35:44Z</time>
      </trkpt>
      <trkpt lat="39.15717634791956" lon="117.77582377480246">
        <ele>3870.6</ele>
        <time>2025-10-14T00:35:45Z</time>
      </trkpt>
      <trkpt lat="39.15720019793845" lon="117.77582764726198">
        <ele>3870.6</ele>
        <time>2025-10-14T00:35:46Z</time>
      </trkpt>
      <trkpt lat="39.15722333685827" lon="117.77583166630039">
        <ele>3870.6</ele>
        <time>2025-10-14T00:35:47Z</time>
      </trkpt>
      <trkpt lat="39.15724631912555" lon="117.77583570153426">
        <ele>3870.6</ele>
        <time>2025-10-14T00:35:48Z</time>
      </trkpt>
      <trkpt lat="39.15727228468337" lon="117.7758398070894">
        <ele>3870.6</ele>
        <time>2025-10-14T00:35:49Z</time>
      </trkpt>
      <trkpt lat="39.15729552339385" lon="117.7758435943821">
        <ele>4507.7</ele>
        <time>2025-10-14T00:35:50Z</time>
      </trkpt>
      <trkpt lat="39.157318777524324" lon="117.77584716506614">
        <ele>4507.7</ele>
        <time>2025-10-14T00:35:51Z</time>
      </trkpt>
      <trkpt lat="39.157341859602774" lon="117.77585048260366">
        <ele>4507.7</ele>
        <time>2025-10-14T00:35:52Z</time>
      </trkpt>
      <trkpt lat="39.15736530017686" lon="117.77585351949027">
        <ele>4507.7</ele>
        <time>2025-10-14T00:35:53Z</time>
      </trkpt>
      <trkpt lat="39.15738914211308" lon="117.77585625729841">
        <ele>4507.7</ele>
        <time>2025-10-14T00:35:54Z</time>
      </trkpt>
      <trkpt lat="39.15741327721824" lon="117.77585871987758">
        <ele>-500</ele>
        <time>2025-10-14T00:35:55Z</time>
      </trkpt>
      <trkpt lat="39.157437352007555" lon="117.77586095076465">
        <ele>-500</ele>
        <time>2025-10-14T00:35:56Z</time>
      </trkpt>
      <trkpt lat="39.157461483326934" lon="117.77586300528309">
        <ele>-500</ele>
        <time>2025-10-14T00:35:57Z</time>
      </trkpt>
      <trkpt lat="39.15748495544024" lon="117.77586486344998">
        <ele>-500</ele>
        <time>2025-10-14T00:35:58Z</time>
      </trkpt>
      <trkpt lat="39.157511755818135" lon="117.77586643520758">
        <ele>-500</ele>
        <time>2025-10-14T00:35:59Z</time>
      </trkpt>
      <trkpt lat="39.15753995841094" lon="117.77586608008855">
        <ele>5686.6</ele>
        <time>2025-10-14T00:36:00Z</time>
      </trkpt>
      <trkpt lat="39.15756720683535" lon="117.77586235506224">
        <ele>5686.6</ele>
        <time>2025-10-14T00:36:01Z</time>
      </trkpt>
      <trkpt lat="39.1575941884323" lon="117.775857045902">
        <ele>5686.6</ele>
        <time>2025-10-14T00:36:02Z</time>
      </trkpt>
      <trkpt lat="39.157619745259105" lon="117.77585184030005">
        <ele>5686.6</ele>
        <time>2025-10-14T00:36:03Z</time>
      </trkpt>
      <trkpt lat="39.15764364904057" lon="117.77584830216601">
        <ele>5686.6</ele>
        <time>2025-10-14T00:36:04Z</time>
      </trkpt>
      <trkpt lat="39.15766708772802" lon="117.7758448326723">
        <ele>6230</ele>
        <time>2025-10-14T00:36:05Z</time>
      </trkpt>
      <trkpt lat="39.157689992586576" lon="117.77584147767962">
        <ele>6230</ele>
        <time>2025-10-14T00:36:06Z</time>
      </trkpt>
      <trkpt lat="39.15771595028659" lon="117.77583789126916">
        <ele>6230</ele>
        <time>2025-10-14T00:36:07Z</time>
      </trkpt>
      <trkpt lat="39.157739029420576" lon="117.77583423974943">
        <ele>6230</ele>
        <time>2025-10-14T00:36:08Z</time>
      </trkpt>
      <trkpt lat="39.15776222680995" lon="117.77583047700128">
        <ele>6230</ele>
        <time>2025-10-14T00:36:09Z</time>
      </trkpt>
      <trkpt lat="39.15778501153112" lon="117.775826747807">
        <ele>6743.8</ele>
        <time>2025-10-14T00:36:10Z</time>
      </trkpt>
      <trkpt lat="39.15780773535315" lon="117.77582316148386">
        <ele>6743.8</ele>
        <time>2025-10-14T00:36:11Z</time>
      </trkpt>
      <trkpt lat="39.15783074449371" lon="117.77581983451857">
        <ele>6743.8</ele>
        <time>2025-10-14T00:36:12Z</time>
      </trkpt>
      <trkpt lat="39.157850811163435" lon="117.77581691434358">
        <ele>6743.8</ele>
        <time>2025-10-14T00:36:13Z</time>
      </trkpt>
      <trkpt lat="39.15787012580918" lon="117.77581441342197">
        <ele>6743.8</ele>
        <time>2025-10-14T00:36:14Z</time>
      </trkpt>
      <trkpt lat="39.15788747183508" lon="117.77581239537543">
        <ele>7228.8</ele>
        <time>2025-10-14T00:36:15Z</time>
      </trkpt>
      <trkpt lat="39.15790737342273" lon="117.77581091657035">
        <ele>7228.8</ele>
        <time>2025-10-14T00:36:16Z</time>
      </trkpt>
      <trkpt lat="39.15792760937935" lon="117.77581002439433">
        <ele>7228.8</ele>
        <time>2025-10-14T00:36:17Z</time>
      </trkpt>
      <trkpt lat="39.157949515662466" lon="117.77580974719854">
        <ele>7228.8</ele>
        <time>2025-10-14T00:36:18Z</time>
      </trkpt>
      <trkpt lat="39.15797149559406" lon="117.7758101209574">
        <ele>7228.8</ele>
        <time>2025-10-14T00:36:19Z</time>
      </trkpt>
      <trkpt lat="39.15799367094325" lon="117.77581109360355">
        <ele>7685.7</ele>
        <time>2025-10-14T00:36:20Z</time>
      </trkpt>
      <trkpt lat="39.15801882487128" lon="117.77581267841957">
        <ele>7685.7</ele>
        <time>2025-10-14T00:36:21Z</time>
      </trkpt>
      <trkpt lat="39.15804162869773" lon="117.77581471429816">
        <ele>7685.7</ele>
        <time>2025-10-14T00:36:22Z</time>
      </trkpt>
      <trkpt lat="39.15806484971003" lon="117.77581714073925">
        <ele>7685.7</ele>
        <time>2025-10-14T00:36:23Z</time>
      </trkpt>
      <trkpt lat="39.15808822650648" lon="117.77581987468508">
        <ele>7685.7</ele>
        <time>2025-10-14T00:36:24Z</time>
      </trkpt>
      <trkpt lat="39.158111632389065" lon="117.77582277675853">
        <ele>8115.4</ele>
        <time>2025-10-14T00:36:25Z</time>
      </trkpt>
      <trkpt lat="39.15813511135917" lon="117.77582584149631">
        <ele>8115.4</ele>
        <time>2025-10-14T00:36:26Z</time>
      </trkpt>
      <trkpt lat="39.15815549860136" lon="117.77582898433904">
        <ele>8115.4</ele>
        <time>2025-10-14T00:36:27Z</time>
      </trkpt>
      <trkpt lat="39.15817583216766" lon="117.77583230209144">
        <ele>8115.4</ele>
        <time>2025-10-14T00:36:28Z</time>
      </trkpt>
      <trkpt lat="39.15819935838194" lon="117.77583581960927">
        <ele>8115.4</ele>
        <time>2025-10-14T00:36:29Z</time>
      </trkpt>
      <trkpt lat="39.15822359394395" lon="117.77583931683326">
        <ele>8518.5</ele>
        <time>2025-10-14T00:36:30Z</time>
      </trkpt>
      <trkpt lat="39.158248883515526" lon="117.77584267119147">
        <ele>8518.5</ele>
        <time>2025-10-14T00:36:31Z</time>
      </trkpt>
      <trkpt lat="39.15827428530927" lon="117.77584576630466">
        <ele>8518.5</ele>
        <time>2025-10-14T00:36:32Z</time>
      </trkpt>
      <trkpt lat="39.15829985233636" lon="117.77584853916343">
        <ele>8518.5</ele>
        <time>2025-10-14T00:36:33Z</time>
      </trkpt>
      <trkpt lat="39.15832504629866" lon="117.77585094812362">
        <ele>8518.5</ele>
        <time>2025-10-14T00:36:34Z</time>
      </trkpt>
      <trkpt lat="39.15835011236201" lon="117.77585299677276">
        <ele>8895.9</ele>
        <time>2025-10-14T00:36:35Z</time>
      </trkpt>
      <trkpt lat="39.15837479954416" lon="117.7758547180234">
        <ele>8895.9</ele>
        <time>2025-10-14T00:36:36Z</time>
      </trkpt>
      <trkpt lat="39.158402498030824" lon="117.77585629733792">
        <ele>8895.9</ele>
        <time>2025-10-14T00:36:37Z</time>
      </trkpt>
      <trkpt lat="39.158427142437816" lon="117.77585755460814">
        <ele>8895.9</ele>
        <time>2025-10-14T00:36:38Z</time>
      </trkpt>
      <trkpt lat="39.158451557558905" lon="117.77585865085848">
        <ele>8895.9</ele>
        <time>2025-10-14T00:36:39Z</time>
      </trkpt>
      <trkpt lat="39.15847591330616" lon="117.77585930719063">
        <ele>9248.4</ele>
        <time>2025-10-14T00:36:40Z</time>
      </trkpt>
      <trkpt lat="39.158500322816394" lon="117.77585872883814">
        <ele>9248.4</ele>
        <time>2025-10-14T00:36:41Z</time>
      </trkpt>
      <trkpt lat="39.15852713926955" lon="117.77585502749005">
        <ele>9248.4</ele>
        <time>2025-10-14T00:36:42Z</time>
      </trkpt>
      <trkpt lat="39.1585501346501" lon="117.7758502157306">
        <ele>9248.4</ele>
        <time>2025-10-14T00:36:43Z</time>
      </trkpt>
      <trkpt lat="39.15857261765258" lon="117.77584509315432">
        <ele>9248.4</ele>
        <time>2025-10-14T00:36:44Z</time>
      </trkpt>
      <trkpt lat="39.158594955409214" lon="117.77584173953151">
        <ele>9576.6</ele>
        <time>2025-10-14T00:36:45Z</time>
      </trkpt>
      <trkpt lat="39.15861693338725" lon="117.7758383373579">
        <ele>9576.6</ele>
        <time>2025-10-14T00:36:46Z</time>
      </trkpt>
      <trkpt lat="39.15864200060724" lon="117.77583499281369">
        <ele>9576.6</ele>
        <time>2025-10-14T00:36:47Z</time>
      </trkpt>
      <trkpt lat="39.158664549464035" lon="117.77583153538605">
        <ele>9576.6</ele>
        <time>2025-10-14T00:36:48Z</time>
      </trkpt>
      <trkpt lat="39.15868748679066" lon="117.77582797884786">
        <ele>9576.6</ele>
        <time>2025-10-14T00:36:49Z</time>
      </trkpt>
      <trkpt lat="39.15871001701816" lon="117.77582439952457">
        <ele>9881.2</ele>
        <time>2025-10-14T00:36:50Z</time>
      </trkpt>
      <trkpt lat="39.15873247013494" lon="117.7758208867838">
        <ele>9881.2</ele>
        <time>2025-10-14T00:36:51Z</time>
      </trkpt>
      <trkpt lat="39.15875476220964" lon="117.77581753675797">
        <ele>9881.2</ele>
        <time>2025-10-14T00:36:52Z</time>
      </trkpt>
      <trkpt lat="39.15877694579529" lon="117.77581446585512">
        <ele>9881.2</ele>
        <time>2025-10-14T00:36:53Z</time>
      </trkpt>
      <trkpt lat="39.15879883692608" lon="117.77581172082189">
        <ele>9881.2</ele>
        <time>2025-10-14T00:36:54Z</time>
      </trkpt>
      <trkpt lat="39.15882382870529" lon="117.77580936616116">
        <ele>-500</ele>
        <time>2025-10-14T00:36:55Z</time>
      </trkpt>
      <trkpt lat="39.158845895238095" lon="117.77580739341246">
        <ele>-500</ele>
        <time>2025-10-14T00:36:56Z</time>
      </trkpt>
      <trkpt lat="39.15886824980591" lon="117.77580584377675">
        <ele>-500</ele>
        <time>2025-10-14T00:36:57Z</time>
      </trkpt>
      <trkpt lat="39.15889010228147" lon="117.77580478369394">
        <ele>-500</ele>
        <time>2025-10-14T00:36:58Z</time>
      </trkpt>
      <trkpt lat="39.15891206793389" lon="117.77580422217557">
        <ele>-500</ele>
        <time>2025-10-14T00:36:59Z</time>
      </trkpt>
      <trkpt lat="39.158937129192275" lon="117.77580429706748">
        <ele>10423</ele>
        <time>2025-10-14T00:37:00Z</time>
      </trkpt>
      <trkpt lat="39.15895968964661" lon="117.7758049302233">
        <ele>10423</ele>
        <time>2025-10-14T00:37:01Z</time>
      </trkpt>
      <trkpt lat="39.158982433486756" lon="117.77580624279018">
        <ele>10423</ele>
        <time>2025-10-14T00:37:02Z</time>
      </trkpt>
      <trkpt lat="39.15900474517337" lon="117.77580826700299">
        <ele>10423</ele>
        <time>2025-10-14T00:37:03Z</time>
      </trkpt>
      <trkpt lat="39.15902698789734" lon="117.77581093819296">
        <ele>10423</ele>
        <time>2025-10-14T00:37:04Z</time>
      </trkpt>
      <trkpt lat="39.15904906601205" lon="117.77581417579468">
        <ele>10661.5</ele>
        <time>2025-10-14T00:37:05Z</time>
      </trkpt>
      <trkpt lat="39.159070993644804" lon="117.77581791415263">
        <ele>10661.5</ele>
        <time>2025-10-14T00:37:06Z</time>
      </trkpt>
      <trkpt lat="39.15909255744533" lon="117.7758220091796">
        <ele>10661.5</ele>
        <time>2025-10-14T00:37:07Z</time>
      </trkpt>
      <trkpt lat="39.15911748635112" lon="117.77582654180429">
        <ele>10661.5</ele>
        <time>2025-10-14T00:37:08Z</time>
      </trkpt>
      <trkpt lat="39.15913969640429" lon="117.77583105425202">
        <ele>10661.5</ele>
        <time>2025-10-14T00:37:09Z</time>
      </trkpt>
      <trkpt lat="39.15916576077233" lon="117.77583579338007">
        <ele>10879.4</ele>
        <time>2025-10-14T00:37:10Z</time>
      </trkpt>
      <trkpt lat="39.159188775369344" lon="117.77584022903912">
        <ele>10879.4</ele>
        <time>2025-10-14T00:37:11Z</time>
      </trkpt>
      <trkpt lat="39.1592121433532" lon="117.77584438467399">
        <ele>10879.4</ele>
        <time>2025-10-14T00:37:12Z</time>
      </trkpt>
      <trkpt lat="39.15923504016308" lon="117.77584811041646">
        <ele>10879.4</ele>
        <time>2025-10-14T00:37:13Z</time>
      </trkpt>
      <trkpt lat="39.15925788618544" lon="117.77585139642744">
        <ele>10879.4</ele>
        <time>2025-10-14T00:37:14Z</time>
      </trkpt>
      <trkpt lat="39.15928059440946" lon="117.77585429248074">
        <ele>11077.3</ele>
        <time>2025-10-14T00:37:15Z</time>
      </trkpt>
      <trkpt lat="39.15930322623545" lon="117.7758568420914">
        <ele>11077.3</ele>
        <time>2025-10-14T00:37:16Z</time>
      </trkpt>
      <trkpt lat="39.15932713563005" lon="117.77585984098701">
        <ele>11077.3</ele>
        <time>2025-10-14T00:37:17Z</time>
      </trkpt>
      <trkpt lat="39.1593523190021" lon="117.77586201707989">
        <ele>11077.3</ele>
        <time>2025-10-14T00:37:18Z</time>
      </trkpt>
      <trkpt lat="39.15937818889177" lon="117.77586332867271">
        <ele>11077.3</ele>
        <time>2025-10-14T00:37:19Z</time>
      </trkpt>
      <trkpt lat="39.15940422471752" lon="117.7758628067034">
        <ele>11255.9</ele>
        <time>2025-10-14T00:37:20Z</time>
      </trkpt>
      <trkpt lat="39.1594321990665" lon="117.77586535544997">
        <ele>11255.9</ele>
        <time>2025-10-14T00:37:21Z</time>
      </trkpt>
      <trkpt lat="39.159456239221896" lon="117.7758691497399">
        <ele>11255.9</ele>
        <time>2025-10-14T00:37:22Z</time>
      </trkpt>
      <trkpt lat="39.15947804183543" lon="117.77587193856239">
        <ele>11255.9</ele>
        <time>2025-10-14T00:37:23Z</time>
      </trkpt>
      <trkpt lat="39.159497094122045" lon="117.77586901200257">
        <ele>11255.9</ele>
        <time>2025-10-14T00:37:24Z</time>
      </trkpt>
      <trkpt lat="39.15951807499878" lon="117.77586216348551">
        <ele>11415.9</ele>
        <time>2025-10-14T00:37:25Z</time>
      </trkpt>
      <trkpt lat="39.159542790629594" lon="117.77585554824617">
        <ele>11415.9</ele>
        <time>2025-10-14T00:37:26Z</time>
      </trkpt>
      <trkpt lat="39.15956739777485" lon="117.77585050912343">
        <ele>11415.9</ele>
        <time>2025-10-14T00:37:27Z</time>
      </trkpt>
      <trkpt lat="39.15959074536685" lon="117.77584723924528">
        <ele>11415.9</ele>
        <time>2025-10-14T00:37:28Z</time>
      </trkpt>
      <trkpt lat="39.15961416361044" lon="117.77584426124159">
        <ele>11415.9</ele>
        <time>2025-10-14T00:37:29Z</time>
      </trkpt>
      <trkpt lat="39.159637684896005" lon="117.77584135456279">
        <ele>11557.9</ele>
        <time>2025-10-14T00:37:30Z</time>
      </trkpt>
      <trkpt lat="39.1596614005572" lon="117.77583825022641">
        <ele>11557.9</ele>
        <time>2025-10-14T00:37:31Z</time>
      </trkpt>
      <trkpt lat="39.15968533274134" lon="117.77583495090067">
        <ele>11557.9</ele>
        <time>2025-10-14T00:37:32Z</time>
      </trkpt>
      <trkpt lat="39.15970929221741" lon="117.77583150881878">
        <ele>11557.9</ele>
        <time>2025-10-14T00:37:33Z</time>
      </trkpt>
      <trkpt lat="39.15973336487828" lon="117.77582803920271">
        <ele>11557.9</ele>
        <time>2025-10-14T00:37:34Z</time>
      </trkpt>
      <trkpt lat="39.15975729865009" lon="117.77582467942092">
        <ele>11682.6</ele>
        <time>2025-10-14T00:37:35Z</time>
      </trkpt>
      <trkpt lat="39.15978104342567" lon="117.77582149635303">
        <ele>11682.6</ele>
        <time>2025-10-14T00:37:36Z</time>
      </trkpt>
      <trkpt lat="39.15980812655945" lon="117.77581865578118">
        <ele>11682.6</ele>
        <time>2025-10-14T00:37:37Z</time>
      </trkpt>
      <trkpt lat="39.159832588289795" lon="117.77581617030054">
        <ele>11682.6</ele>
        <time>2025-10-14T00:37:38Z</time>
      </trkpt>
      <trkpt lat="39.15985644357634" lon="117.77581414011297">
        <ele>11682.6</ele>
        <time>2025-10-14T00:37:39Z</time>
      </trkpt>
      <trkpt lat="39.15987646554075" lon="117.77581256732701">
        <ele>11790.6</ele>
        <time>2025-10-14T00:37:40Z</time>
      </trkpt>
      <trkpt lat="39.159898796777924" lon="117.7758116527854">
        <ele>11790.6</ele>
        <time>2025-10-14T00:37:41Z</time>
      </trkpt>
      <trkpt lat="39.15992179120678" lon="117.77581137045895">
        <ele>11790.6</ele>
        <time>2025-10-14T00:37:42Z</time>
      </trkpt>
      <trkpt lat="39.15994816616117" lon="117.77581189778466">
        <ele>11790.6</ele>
        <time>2025-10-14T00:37:43Z</time>
      </trkpt>
      <trkpt lat="39.159972016155876" lon="117.77581303481149">
        <ele>11790.6</ele>
        <time>2025-10-14T00:37:44Z</time>
      </trkpt>
      <trkpt lat="39.15999594339897" lon="117.77581491003265">
        <ele>11882.6</ele>
        <time>2025-10-14T00:37:45Z</time>
      </trkpt>
      <trkpt lat="39.16001944919351" lon="117.77581751932087">
        <ele>11882.6</ele>
        <time>2025-10-14T00:37:46Z</time>
      </trkpt>
      <trkpt lat="39.160042782158705" lon="117.77582076927327">
        <ele>11882.6</ele>
        <time>2025-10-14T00:37:47Z</time>
      </trkpt>
      <trkpt lat="39.160065701119045" lon="117.77582454121055">
        <ele>11882.6</ele>
        <time>2025-10-14T00:37:48Z</time>
      </trkpt>
      <trkpt lat="39.1600882274667" lon="117.77582874996915">
        <ele>11882.6</ele>
        <time>2025-10-14T00:37:49Z</time>
      </trkpt>
      <trkpt lat="39.16011067552124" lon="117.77583327224917">
        <ele>11959</ele>
        <time>2025-10-14T00:37:50Z</time>
      </trkpt>
      <trkpt lat="39.1601329482765" lon="117.77583799319116">
        <ele>11959</ele>
        <time>2025-10-14T00:37:51Z</time>
      </trkpt>
      <trkpt lat="39.16015528488739" lon="117.77584285388737">
        <ele>11959</ele>
        <time>2025-10-14T00:37:52Z</time>
      </trkpt>
      <trkpt lat="39.16018078228035" lon="117.7758480028006">
        <ele>11959</ele>
        <time>2025-10-14T00:37:53Z</time>
      </trkpt>
      <trkpt lat="39.16020705828946" lon="117.77585315880083">
        <ele>11959</ele>
        <time>2025-10-14T00:37:54Z</time>
      </trkpt>
      <trkpt lat="39.160230895363014" lon="117.77585794993414">
        <ele>-500</ele>
        <time>2025-10-14T00:37:55Z</time>
      </trkpt>
      <trkpt lat="39.16025446751854" lon="117.77586244030748">
        <ele>-500</ele>
        <time>2025-10-14T00:37:56Z</time>
      </trkpt>
      <trkpt lat="39.160277441216664" lon="117.77586652658735">
        <ele>-500</ele>
        <time>2025-10-14T00:37:57Z</time>
      </trkpt>
      <trkpt lat="39.16030018758884" lon="117.77587021415029">
        <ele>-500</ele>
        <time>2025-10-14T00:37:58Z</time>
      </trkpt>
      <trkpt lat="39.16032271978297" lon="117.77587348667645">
        <ele>-500</ele>
        <time>2025-10-14T00:37:59Z</time>
      </trkpt>
      <trkpt lat="39.16034512424193" lon="117.77587635816892">
        <ele>12068</ele>
        <time>2025-10-14T00:38:00Z</time>
      </trkpt>
      <trkpt lat="39.16036758431711" lon="117.77587885905166">
        <ele>12068</ele>
        <time>2025-10-14T00:38:01Z</time>
      </trkpt>
      <trkpt lat="39.16038996971507" lon="117.7758810334981">
        <ele>12068</ele>
        <time>2025-10-14T00:38:02Z</time>
      </trkpt>
      <trkpt lat="39.160412312562315" lon="117.77588296278859">
        <ele>12068</ele>
        <time>2025-10-14T00:38:03Z</time>
      </trkpt>
      <trkpt lat="39.16043528191407" lon="117.77588420931153">
        <ele>12068</ele>
        <time>2025-10-14T00:38:04Z</time>
      </trkpt>
      <trkpt lat="39.1604584039018" lon="117.77588215698935">
        <ele>12101.6</ele>
        <time>2025-10-14T00:38:05Z</time>
      </trkpt>
      <trkpt lat="39.160485599494955" lon="117.77587448663208">
        <ele>12101.6</ele>
        <time>2025-10-14T00:38:06Z</time>
      </trkpt>
      <trkpt lat="39.16051290217714" lon="117.77586503821098">
        <ele>12101.6</ele>
        <time>2025-10-14T00:38:07Z</time>
      </trkpt>
      <trkpt lat="39.160537810747435" lon="117.77585632048037">
        <ele>12101.6</ele>
        <time>2025-10-14T00:38:08Z</time>
      </trkpt>
      <trkpt lat="39.16056188330638" lon="117.77585154735158">
        <ele>12101.6</ele>
        <time>2025-10-14T00:38:09Z</time>
      </trkpt>
      <trkpt lat="39.16058541713477" lon="117.77584743173033">
        <ele>12122.1</ele>
        <time>2025-10-14T00:38:10Z</time>
      </trkpt>
      <trkpt lat="39.160609093248446" lon="117.77584405191074">
        <ele>12122.1</ele>
        <time>2025-10-14T00:38:11Z</time>
      </trkpt>
      <trkpt lat="39.16063252509723" lon="117.7758409046476">
        <ele>12122.1</ele>
        <time>2025-10-14T00:38:12Z</time>
      </trkpt>
      <trkpt lat="39.160656085292665" lon="117.77583803294813">
        <ele>12122.1</ele>
        <time>2025-10-14T00:38:13Z</time>
      </trkpt>
      <trkpt lat="39.16068281275771" lon="117.77583551764818">
        <ele>12122.1</ele>
        <time>2025-10-14T00:38:14Z</time>
      </trkpt>
      <trkpt lat="39.160707110837556" lon="117.77583327476148">
        <ele>12130.1</ele>
        <time>2025-10-14T00:38:15Z</time>
      </trkpt>
      <trkpt lat="39.16073155879863" lon="117.77583134853909">
        <ele>12130.1</ele>
        <time>2025-10-14T00:38:16Z</time>
      </trkpt>
      <trkpt lat="39.16075531684689" lon="117.77582973353906">
        <ele>12130.1</ele>
        <time>2025-10-14T00:38:17Z</time>
      </trkpt>
      <trkpt lat="39.160778998207505" lon="117.77582840910158">
        <ele>12130.1</ele>
        <time>2025-10-14T00:38:18Z</time>
      </trkpt>
      <trkpt lat="39.160802440789865" lon="117.77582739686713">
        <ele>12130.1</ele>
        <time>2025-10-14T00:38:19Z</time>
      </trkpt>
      <trkpt lat="39.16082586172169" lon="117.7758268052322">
        <ele>12125.9</ele>
        <time>2025-10-14T00:38:20Z</time>
      </trkpt>
      <trkpt lat="39.160849061382315" lon="117.77582673054147">
        <ele>12125.9</ele>
        <time>2025-10-14T00:38:21Z</time>
      </trkpt>
      <trkpt lat="39.160875257944" lon="117.77582746471694">
        <ele>12125.9</ele>
        <time>2025-10-14T00:38:22Z</time>
      </trkpt>
      <trkpt lat="39.16089875965236" lon="117.77582883963811">
        <ele>12125.9</ele>
        <time>2025-10-14T00:38:23Z</time>
      </trkpt>
      <trkpt lat="39.16092570955945" lon="117.7758311567697">
        <ele>12125.9</ele>
        <time>2025-10-14T00:38:24Z</time>
      </trkpt>
      <trkpt lat="39.160949886239244" lon="117.775834041133">
        <ele>12110.3</ele>
        <time>2025-10-14T00:38:25Z</time>
      </trkpt>
      <trkpt lat="39.160974093309854" lon="117.77583756213046">
        <ele>12110.3</ele>
        <time>2025-10-14T00:38:26Z</time>
      </trkpt>
      <trkpt lat="39.160997766951084" lon="117.77584163203163">
        <ele>12110.3</ele>
        <time>2025-10-14T00:38:27Z</time>
      </trkpt>
      <trkpt lat="39.161021140157786" lon="117.7758461364893">
        <ele>12110.3</ele>
        <time>2025-10-14T00:38:28Z</time>
      </trkpt>
      <trkpt lat="39.16104431914842" lon="117.77585092764389">
        <ele>12110.3</ele>
        <time>2025-10-14T00:38:29Z</time>
      </trkpt>
      <trkpt lat="39.16106735928279" lon="117.77585586226208">
        <ele>12083.6</ele>
        <time>2025-10-14T00:38:30Z</time>
      </trkpt>
      <trkpt lat="39.161090304644794" lon="117.77586076815452">
        <ele>12083.6</ele>
        <time>2025-10-14T00:38:31Z</time>
      </trkpt>
      <trkpt lat="39.16111299128387" lon="117.77586549404127">
        <ele>12083.6</ele>
        <time>2025-10-14T00:38:32Z</time>
      </trkpt>
      <trkpt lat="39.16113554136526" lon="117.77586992106326">
        <ele>12083.6</ele>
        <time>2025-10-14T00:38:33Z</time>
      </trkpt>
      <trkpt lat="39.16115789322243" lon="117.77587390895918">
        <ele>12083.6</ele>
        <time>2025-10-14T00:38:34Z</time>
      </trkpt>
      <trkpt lat="39.16118362731688" lon="117.77587757354034">
        <ele>12046.4</ele>
        <time>2025-10-14T00:38:35Z</time>
      </trkpt>
      <trkpt lat="39.16120667837093" lon="117.77588042343606">
        <ele>12046.4</ele>
        <time>2025-10-14T00:38:36Z</time>
      </trkpt>
      <trkpt lat="39.161233214178026" lon="117.77588287184832">
        <ele>12046.4</ele>
        <time>2025-10-14T00:38:37Z</time>
      </trkpt>
      <trkpt lat="39.16125673555846" lon="117.77588453958674">
        <ele>12046.4</ele>
        <time>2025-10-14T00:38:38Z</time>
      </trkpt>
      <trkpt lat="39.16128045651857" lon="117.77588575561111">
        <ele>12046.4</ele>
        <time>2025-10-14T00:38:39Z</time>
      </trkpt>
      <trkpt lat="39.161303759978" lon="117.77588663784624">
        <ele>11999.3</ele>
        <time>2025-10-14T00:38:40Z</time>
      </trkpt>
      <trkpt lat="39.16132956416119" lon="117.77588529897453">
        <ele>11999.3</ele>
        <time>2025-10-14T00:38:41Z</time>
      </trkpt>
      <trkpt lat="39.16135776283749" lon="117.77588116882328">
        <ele>11999.3</ele>
        <time>2025-10-14T00:38:42Z</time>
      </trkpt>
      <trkpt lat="39.16138904386381" lon="117.77587229989409">
        <ele>11999.3</ele>
        <time>2025-10-14T00:38:43Z</time>
      </trkpt>
      <trkpt lat="39.16141889399536" lon="117.7758636745114">
        <ele>11999.3</ele>
        <time>2025-10-14T00:38:44Z</time>
      </trkpt>
      <trkpt lat="39.1614472336969" lon="117.77585606049423">
        <ele>11942.6</ele>
        <time>2025-10-14T00:38:45Z</time>
      </trkpt>
      <trkpt lat="39.161472866201024" lon="117.77585171742736">
        <ele>11942.6</ele>
        <time>2025-10-14T00:38:46Z</time>
      </trkpt>
      <trkpt lat="39.16149772090114" lon="117.77584796412184">
        <ele>11942.6</ele>
        <time>2025-10-14T00:38:47Z</time>
      </trkpt>
      <trkpt lat="39.16152183587082" lon="117.77584475156289">
        <ele>11942.6</ele>
        <time>2025-10-14T00:38:48Z</time>
      </trkpt>
      <trkpt lat="39.161542586219944" lon="117.77584162226837">
        <ele>11942.6</ele>
        <time>2025-10-14T00:38:49Z</time>
      </trkpt>
      <trkpt lat="39.16156563337133" lon="117.77583855660188">
        <ele>11876.8</ele>
        <time>2025-10-14T00:38:50Z</time>
      </trkpt>
      <trkpt lat="39.161588385049896" lon="117.77583555745211">
        <ele>11876.8</ele>
        <time>2025-10-14T00:38:51Z</time>
      </trkpt>
      <trkpt lat="39.16161149681273" lon="117.77583271525226">
        <ele>11876.8</ele>
        <time>2025-10-14T00:38:52Z</time>
      </trkpt>
      <trkpt lat="39.16163480232805" lon="117.77583015110432">
        <ele>11876.8</ele>
        <time>2025-10-14T00:38:53Z</time>
      </trkpt>
      <trkpt lat="39.161658289253324" lon="117.77582794042019">
        <ele>11876.8</ele>
        <time>2025-10-14T00:38:54Z</time>
      </trkpt>
      <trkpt lat="39.16168178729067" lon="117.77582615676769">
        <ele>-500</ele>
        <time>2025-10-14T00:38:55Z</time>
      </trkpt>
      <trkpt lat="39.161705641728865" lon="117.77582487356676">
        <ele>-500</ele>
        <time>2025-10-14T00:38:56Z</time>
      </trkpt>
      <trkpt lat="39.16172972449243" lon="117.77582409392016">
        <ele>-500</ele>
        <time>2025-10-14T00:38:57Z</time>
      </trkpt>
      <trkpt lat="39.16175394505431" lon="117.77582382866076">
        <ele>-500</ele>
        <time>2025-10-14T00:38:58Z</time>
      </trkpt>
      <trkpt lat="39.1617781183534" lon="117.77582413525442">
        <ele>-500</ele>
        <time>2025-10-14T00:38:59Z</time>
      </trkpt>
      <trkpt lat="39.16180256590791" lon="117.77582500978987">
        <ele>11720</ele>
        <time>2025-10-14T00:39:00Z</time>
      </trkpt>
      <trkpt lat="39.16182625183959" lon="117.77582643642448">
        <ele>11720</ele>
        <time>2025-10-14T00:39:01Z</time>
      </trkpt>
      <trkpt lat="39.161846846962646" lon="117.77582834601084">
        <ele>11720</ele>
        <time>2025-10-14T00:39:02Z</time>
      </trkpt>
      <trkpt lat="39.16186670205447" lon="117.77583074655472">
        <ele>11720</ele>
        <time>2025-10-14T00:39:03Z</time>
      </trkpt>
      <trkpt lat="39.16188686914797" lon="117.7758335889964">
        <ele>11720</ele>
        <time>2025-10-14T00:39:04Z</time>
      </trkpt>
      <trkpt lat="39.16190985861658" lon="117.77583686087264">
        <ele>11629.7</ele>
        <time>2025-10-14T00:39:05Z</time>
      </trkpt>
      <trkpt lat="39.16193356012957" lon="117.77584035432065">
        <ele>11629.7</ele>
        <time>2025-10-14T00:39:06Z</time>
      </trkpt>
      <trkpt lat="39.16195772183308" lon="117.7758439458046">
        <ele>11629.7</ele>
        <time>2025-10-14T00:39:07Z</time>
      </trkpt>
      <trkpt lat="39.16198205621298" lon="117.77584753633023">
        <ele>11629.7</ele>
        <time>2025-10-14T00:39:08Z</time>
      </trkpt>
      <trkpt lat="39.16200592541744" lon="117.77585101724645">
        <ele>11629.7</ele>
        <time>2025-10-14T00:39:09Z</time>
      </trkpt>
      <trkpt lat="39.16203274699035" lon="117.775854469977">
        <ele>11532.2</ele>
        <time>2025-10-14T00:39:10Z</time>
      </trkpt>
      <trkpt lat="39.16205659660465" lon="117.77585756158722">
        <ele>11532.2</ele>
        <time>2025-10-14T00:39:11Z</time>
      </trkpt>
      <trkpt lat="39.162080356196576" lon="117.77586036867675">
        <ele>11532.2</ele>
        <time>2025-10-14T00:39:12Z</time>
      </trkpt>
      <trkpt lat="39.16210372570452" lon="117.77586284973299">
        <ele>11532.2</ele>
        <time>2025-10-14T00:39:13Z</time>
      </trkpt>
      <trkpt lat="39.16212699917478" lon="117.77586503034873">
        <ele>11532.2</ele>
        <time>2025-10-14T00:39:14Z</time>
      </trkpt>
      <trkpt lat="39.16214998177295" lon="117.77586691859308">
        <ele>11427.8</ele>
        <time>2025-10-14T00:39:15Z</time>
      </trkpt>
      <trkpt lat="39.16217250624222" lon="117.77586854264791">
        <ele>11427.8</ele>
        <time>2025-10-14T00:39:16Z</time>
      </trkpt>
      <trkpt lat="39.16219810107468" lon="117.77587008317286">
        <ele>11427.8</ele>
        <time>2025-10-14T00:39:17Z</time>
      </trkpt>
      <trkpt lat="39.16222420085858" lon="117.77587144210906">
        <ele>11427.8</ele>
        <time>2025-10-14T00:39:18Z</time>
      </trkpt>
      <trkpt lat="39.162247750708474" lon="117.77587247714199">
        <ele>11427.8</ele>
        <time>2025-10-14T00:39:19Z</time>
      </trkpt>
      <trkpt lat="39.16227082743046" lon="117.77587328827174">
        <ele>11316.9</ele>
        <time>2025-10-14T00:39:20Z</time>
      </trkpt>
      <trkpt lat="39.16229434301572" lon="117.77587257086638">
        <ele>11316.9</ele>
        <time>2025-10-14T00:39:21Z</time>
      </trkpt>
      <trkpt lat="39.162318696436934" lon="117.77586998216968">
        <ele>11316.9</ele>
        <time>2025-10-14T00:39:22Z</time>
      </trkpt>
      <trkpt lat="39.16234320456752" lon="117.77586448269189">
        <ele>11316.9</ele>
        <time>2025-10-14T00:39:23Z</time>
      </trkpt>
      <trkpt lat="39.16236767820987" lon="117.77585824350295">
        <ele>11316.9</ele>
        <time>2025-10-14T00:39:24Z</time>
      </trkpt>
      <trkpt lat="39.162392302025694" lon="117.77585149711305">
        <ele>11199.8</ele>
        <time>2025-10-14T00:39:25Z</time>
      </trkpt>
      <trkpt lat="39.1624169876096" lon="117.77584403543811">
        <ele>11199.8</ele>
        <time>2025-10-14T00:39:26Z</time>
      </trkpt>
      <trkpt lat="39.16244141221869" lon="117.77583577525125">
        <ele>11199.8</ele>
        <time>2025-10-14T00:39:27Z</time>
      </trkpt>
      <trkpt lat="39.16246781906763" lon="117.7758256954342">
        <ele>11199.8</ele>
        <time>2025-10-14T00:39:28Z</time>
      </trkpt>
      <trkpt lat="39.16249189793927" lon="117.77581591881422">
        <ele>11199.8</ele>
        <time>2025-10-14T00:39:29Z</time>
      </trkpt>
      <trkpt lat="39.16251632362798" lon="117.77580597169518">
        <ele>11077.1</ele>
        <time>2025-10-14T00:39:30Z</time>
      </trkpt>
      <trkpt lat="39.162540266207124" lon="117.77579695573623">
        <ele>11077.1</ele>
        <time>2025-10-14T00:39:31Z</time>
      </trkpt>
      <trkpt lat="39.16256356482154" lon="117.77578894602627">
        <ele>11077.1</ele>
        <time>2025-10-14T00:39:32Z</time>
      </trkpt>
      <trkpt lat="39.162588425090235" lon="117.77578119730124">
        <ele>11077.1</ele>
        <time>2025-10-14T00:39:33Z</time>
      </trkpt>
      <trkpt lat="39.16261080900874" lon="117.77577440691208">
        <ele>11077.1</ele>
        <time>2025-10-14T00:39:34Z</time>
      </trkpt>
      <trkpt lat="39.16263390413778" lon="117.77576743819544">
        <ele>10949</ele>
        <time>2025-10-14T00:39:35Z</time>
      </trkpt>
      <trkpt lat="39.16265404927812" lon="117.77576154463873">
        <ele>10949</ele>
        <time>2025-10-14T00:39:36Z</time>
      </trkpt>
      <trkpt lat="39.16267674486045" lon="117.77575614719038">
        <ele>10949</ele>
        <time>2025-10-14T00:39:37Z</time>
      </trkpt>
      <trkpt lat="39.16269942826187" lon="117.77575235064621">
        <ele>10949</ele>
        <time>2025-10-14T00:39:38Z</time>
      </trkpt>
      <trkpt lat="39.162723028257936" lon="117.77574966179496">
        <ele>10949</ele>
        <time>2025-10-14T00:39:39Z</time>
      </trkpt>
      <trkpt lat="39.1627459206552" lon="117.77574847542125">
        <ele>10815.9</ele>
        <time>2025-10-14T00:39:40Z</time>
      </trkpt>
      <trkpt lat="39.16276790994467" lon="117.77574801033629">
        <ele>10815.9</ele>
        <time>2025-10-14T00:39:41Z</time>
      </trkpt>
      <trkpt lat="39.16278895187231" lon="117.77574835013543">
        <ele>10815.9</ele>
        <time>2025-10-14T00:39:42Z</time>
      </trkpt>
      <trkpt lat="39.162809535950075" lon="117.77574925044605">
        <ele>10815.9</ele>
        <time>2025-10-14T00:39:43Z</time>
      </trkpt>
      <trkpt lat="39.162829154802914" lon="117.77575037561928">
        <ele>10815.9</ele>
        <time>2025-10-14T00:39:44Z</time>
      </trkpt>
      <trkpt lat="39.16285073158448" lon="117.77575130524374">
        <ele>10678.2</ele>
        <time>2025-10-14T00:39:45Z</time>
      </trkpt>
      <trkpt lat="39.162869854474586" lon="117.77575170061473">
        <ele>10678.2</ele>
        <time>2025-10-14T00:39:46Z</time>
      </trkpt>
      <trkpt lat="39.16289214166271" lon="117.77575163454044">
        <ele>10678.2</ele>
        <time>2025-10-14T00:39:47Z</time>
      </trkpt>
      <trkpt lat="39.16291261951016" lon="117.77575160620145">
        <ele>10678.2</ele>
        <time>2025-10-14T00:39:48Z</time>
      </trkpt>
      <trkpt lat="39.16293402484144" lon="117.77575196242434">
        <ele>10678.2</ele>
        <time>2025-10-14T00:39:49Z</time>
      </trkpt>
      <trkpt lat="39.162955607424365" lon="117.77575326954556">
        <ele>10536.2</ele>
        <time>2025-10-14T00:39:50Z</time>
      </trkpt>
      <trkpt lat="39.16297815681986" lon="117.77575488452788">
        <ele>10536.2</ele>
        <time>2025-10-14T00:39:51Z</time>
      </trkpt>
      <trkpt lat="39.163001553323504" lon="117.77575683013937">
        <ele>10536.2</ele>
        <time>2025-10-14T00:39:52Z</time>
      </trkpt>
      <trkpt lat="39.16302623460875" lon="117.77575961486998">
        <ele>10536.2</ele>
        <time>2025-10-14T00:39:53Z</time>
      </trkpt>
      <trkpt lat="39.16305065520353" lon="117.77576177031261">
        <ele>10536.2</ele>
        <time>2025-10-14T00:39:54Z</time>
      </trkpt>
      <trkpt lat="39.163077949663396" lon="117.77576226684812">
        <ele>-500</ele>
        <time>2025-10-14T00:39:55Z</time>
      </trkpt>
      <trkpt lat="39.16310202212657" lon="117.77576039297998">
        <ele>-500</ele>
        <time>2025-10-14T00:39:56Z</time>
      </trkpt>
      <trkpt lat="39.163125864441504" lon="117.77575787168746">
        <ele>-500</ele>
        <time>2025-10-14T00:39:57Z</time>
      </trkpt>
      <trkpt lat="39.16314898668944" lon="117.77575469535226">
        <ele>-500</ele>
        <time>2025-10-14T00:39:58Z</time>
      </trkpt>
      <trkpt lat="39.163171810093054" lon="117.77575108902637">
        <ele>-500</ele>
        <time>2025-10-14T00:39:59Z</time>
      </trkpt>
      <trkpt lat="39.16319774355886" lon="117.77574618133376">
        <ele>10240.4</ele>
        <time>2025-10-14T00:40:00Z</time>
      </trkpt>
      <trkpt lat="39.16322098515371" lon="117.77574136004073">
        <ele>10240.4</ele>
        <time>2025-10-14T00:40:01Z</time>
      </trkpt>
      <trkpt lat="39.16324460101999" lon="117.77573586719002">
        <ele>10240.4</ele>
        <time>2025-10-14T00:40:02Z</time>
      </trkpt>
      <trkpt lat="39.163268071913485" lon="117.77572978272335">
        <ele>10240.4</ele>
        <time>2025-10-14T00:40:03Z</time>
      </trkpt>
      <trkpt lat="39.16329154721317" lon="117.77572308562226">
        <ele>10240.4</ele>
        <time>2025-10-14T00:40:04Z</time>
      </trkpt>
      <trkpt lat="39.16331505770259" lon="117.7757158436988">
        <ele>10087.3</ele>
        <time>2025-10-14T00:40:05Z</time>
      </trkpt>
      <trkpt lat="39.16333841059251" lon="117.77570824988902">
        <ele>10087.3</ele>
        <time>2025-10-14T00:40:06Z</time>
      </trkpt>
      <trkpt lat="39.16336192171577" lon="117.77570038821614">
        <ele>10087.3</ele>
        <time>2025-10-14T00:40:07Z</time>
      </trkpt>
      <trkpt lat="39.163385418193236" lon="117.7756924161855">
        <ele>10087.3</ele>
        <time>2025-10-14T00:40:08Z</time>
      </trkpt>
      <trkpt lat="39.16340911070966" lon="117.7756843967236">
        <ele>10087.3</ele>
        <time>2025-10-14T00:40:09Z</time>
      </trkpt>
      <trkpt lat="39.16343282295995" lon="117.77567646155316">
        <ele>9931.1</ele>
        <time>2025-10-14T00:40:10Z</time>
      </trkpt>
      <trkpt lat="39.16345661427701" lon="117.77566872386953">
        <ele>9931.1</ele>
        <time>2025-10-14T00:40:11Z</time>
      </trkpt>
      <trkpt lat="39.16348028896802" lon="117.77566136394712">
        <ele>9931.1</ele>
        <time>2025-10-14T00:40:12Z</time>
      </trkpt>
      <trkpt lat="39.163503956909544" lon="117.77565446611816">
        <ele>9931.1</ele>
        <time>2025-10-14T00:40:13Z</time>
      </trkpt>
      <trkpt lat="39.1635308665982" lon="117.77564735079642">
        <ele>9931.1</ele>
        <time>2025-10-14T00:40:14Z</time>
      </trkpt>
      <trkpt lat="39.16355523787753" lon="117.77564139880391">
        <ele>9772.1</ele>
        <time>2025-10-14T00:40:15Z</time>
      </trkpt>
      <trkpt lat="39.163579687631334" lon="117.77563598505593">
        <ele>9772.1</ele>
        <time>2025-10-14T00:40:16Z</time>
      </trkpt>
      <trkpt lat="39.163603411295355" lon="117.77563128208142">
        <ele>9772.1</ele>
        <time>2025-10-14T00:40:17Z</time>
      </trkpt>
      <trkpt lat="39.16362693059545" lon="117.77562708636937">
        <ele>9772.1</ele>
        <time>2025-10-14T00:40:18Z</time>
      </trkpt>
      <trkpt lat="39.1636533440695" lon="117.7756225753896">
        <ele>9772.1</ele>
        <time>2025-10-14T00:40:19Z</time>
      </trkpt>
      <trkpt lat="39.16367713568957" lon="117.77561884057721">
        <ele>9610.7</ele>
        <time>2025-10-14T00:40:20Z</time>
      </trkpt>
      <trkpt lat="39.16370114404708" lon="117.77561505916685">
        <ele>9610.7</ele>
        <time>2025-10-14T00:40:21Z</time>
      </trkpt>
      <trkpt lat="39.1637246271168" lon="117.7756112469298">
        <ele>9610.7</ele>
        <time>2025-10-14T00:40:22Z</time>
      </trkpt>
      <trkpt lat="39.163747941335274" lon="117.77560720677737">
        <ele>9610.7</ele>
        <time>2025-10-14T00:40:23Z</time>
      </trkpt>
      <trkpt lat="39.16377077178661" lon="117.77560296976033">
        <ele>9610.7</ele>
        <time>2025-10-14T00:40:24Z</time>
      </trkpt>
      <trkpt lat="39.163793432351326" lon="117.77559849751805">
        <ele>9446.9</ele>
        <time>2025-10-14T00:40:25Z</time>
      </trkpt>
      <trkpt lat="39.1638167668402" lon="117.77559400606515">
        <ele>9446.9</ele>
        <time>2025-10-14T00:40:26Z</time>
      </trkpt>
      <trkpt lat="39.16384102240217" lon="117.77558890267005">
        <ele>9446.9</ele>
        <time>2025-10-14T00:40:27Z</time>
      </trkpt>
      <trkpt lat="39.16386301231472" lon="117.77558344143178">
        <ele>9446.9</ele>
        <time>2025-10-14T00:40:28Z</time>
      </trkpt>
      <trkpt lat="39.16388433757882" lon="117.77557642077767">
        <ele>9446.9</ele>
        <time>2025-10-14T00:40:29Z</time>
      </trkpt>
      <trkpt lat="39.16390715735877" lon="117.7755668694821">
        <ele>9281.2</ele>
        <time>2025-10-14T00:40:30Z</time>
      </trkpt>
      <trkpt lat="39.1639299172484" lon="117.77555597774247">
        <ele>9281.2</ele>
        <time>2025-10-14T00:40:31Z</time>
      </trkpt>
      <trkpt lat="39.163952969873236" lon="117.77554395942666">
        <ele>9281.2</ele>
        <time>2025-10-14T00:40:32Z</time>
      </trkpt>
      <trkpt lat="39.163976060715" lon="117.77553115934133">
        <ele>9281.2</ele>
        <time>2025-10-14T00:40:33Z</time>
      </trkpt>
      <trkpt lat="39.16399886182564" lon="117.77551806548644">
        <ele>9281.2</ele>
        <time>2025-10-14T00:40:34Z</time>
      </trkpt>
      <trkpt lat="39.164021637819644" lon="117.77550502889775">
        <ele>9113.7</ele>
        <time>2025-10-14T00:40:35Z</time>
      </trkpt>
      <trkpt lat="39.164044072814065" lon="117.77549270297654">
        <ele>9113.7</ele>
        <time>2025-10-14T00:40:36Z</time>
      </trkpt>
      <trkpt lat="39.16406685189743" lon="117.7754809288148">
        <ele>9113.7</ele>
        <time>2025-10-14T00:40:37Z</time>
      </trkpt>
      <trkpt lat="39.16409038614494" lon="117.7754698647454">
        <ele>9113.7</ele>
        <time>2025-10-14T00:40:38Z</time>
      </trkpt>
      <trkpt lat="39.164112376902246" lon="117.77546057436685">
        <ele>9113.7</ele>
        <time>2025-10-14T00:40:39Z</time>
      </trkpt>
      <trkpt lat="39.164137229088716" lon="117.77545131907944">
        <ele>8944.7</ele>
        <time>2025-10-14T00:40:40Z</time>
      </trkpt>
      <trkpt lat="39.16416144908149" lon="117.77544284711126">
        <ele>8944.7</ele>
        <time>2025-10-14T00:40:41Z</time>
      </trkpt>
      <trkpt lat="39.1641856942573" lon="117.77543486793716">
        <ele>8944.7</ele>
        <time>2025-10-14T00:40:42Z</time>
      </trkpt>
      <trkpt lat="39.16420870313927" lon="117.77542748795337">
        <ele>8944.7</ele>
        <time>2025-10-14T00:40:43Z</time>
      </trkpt>
      <trkpt lat="39.16423137792847" lon="117.77542005128777">
        <ele>8944.7</ele>
        <time>2025-10-14T00:40:44Z</time>
      </trkpt>
      <trkpt lat="39.16425370961636" lon="117.77541229342346">
        <ele>8774.4</ele>
        <time>2025-10-14T00:40:45Z</time>
      </trkpt>
      <trkpt lat="39.16427617199843" lon="117.77540374130571">
        <ele>8774.4</ele>
        <time>2025-10-14T00:40:46Z</time>
      </trkpt>
      <trkpt lat="39.16429880223386" lon="117.77539504416397">
        <ele>8774.4</ele>
        <time>2025-10-14T00:40:47Z</time>
      </trkpt>
      <trkpt lat="39.16432158814765" lon="117.7753867089266">
        <ele>8774.4</ele>
        <time>2025-10-14T00:40:48Z</time>
      </trkpt>
      <trkpt lat="39.16434469769559" lon="117.77538003653176">
        <ele>8774.4</ele>
        <time>2025-10-14T00:40:49Z</time>
      </trkpt>
      <trkpt lat="39.16436789920774" lon="117.77537470553484">
        <ele>8603</ele>
        <time>2025-10-14T00:40:50Z</time>
      </trkpt>
      <trkpt lat="39.164391278347466" lon="117.7753706130202">
        <ele>8603</ele>
        <time>2025-10-14T00:40:51Z</time>
      </trkpt>
      <trkpt lat="39.1644148074735" lon="117.7753674038829">
        <ele>8603</ele>
        <time>2025-10-14T00:40:52Z</time>
      </trkpt>
      <trkpt lat="39.16443825449072" lon="117.77536479086396">
        <ele>8603</ele>
        <time>2025-10-14T00:40:53Z</time>
      </trkpt>
      <trkpt lat="39.16446120453352" lon="117.77536261759296">
        <ele>8603</ele>
        <time>2025-10-14T00:40:54Z</time>
      </trkpt>
      <trkpt lat="39.164483262353876" lon="117.77536060943166">
        <ele>-500</ele>
        <time>2025-10-14T00:40:55Z</time>
      </trkpt>
      <trkpt lat="39.16450438684614" lon="117.77535867647809">
        <ele>-500</ele>
        <time>2025-10-14T00:40:56Z</time>
      </trkpt>
      <trkpt lat="39.16452748131919" lon="117.77535593137617">
        <ele>-500</ele>
        <time>2025-10-14T00:40:57Z</time>
      </trkpt>
      <trkpt lat="39.16454840948543" lon="117.77535279588297">
        <ele>-500</ele>
        <time>2025-10-14T00:40:58Z</time>
      </trkpt>
      <trkpt lat="39.16457253600086" lon="117.77534770572848">
        <ele>-500</ele>
        <time>2025-10-14T00:40:59Z</time>
      </trkpt>
      <trkpt lat="39.16459488639001" lon="117.77534168047806">
        <ele>8258</ele>
        <time>2025-10-14T00:41:00Z</time>
      </trkpt>
      <trkpt lat="39.164618157520266" lon="117.77533404498499">
        <ele>8258</ele>
        <time>2025-10-14T00:41:01Z</time>
      </trkpt>
      <trkpt lat="39.164638064333715" lon="117.77532605668056">
        <ele>8258</ele>
        <time>2025-10-14T00:41:02Z</time>
      </trkpt>
      <trkpt lat="39.16465977496083" lon="117.77531494260977">
        <ele>8258</ele>
        <time>2025-10-14T00:41:03Z</time>
      </trkpt>
      <trkpt lat="39.164681296049636" lon="117.7753008625777">
        <ele>8258</ele>
        <time>2025-10-14T00:41:04Z</time>
      </trkpt>
      <trkpt lat="39.16470336484794" lon="117.77528574500053">
        <ele>8084.6</ele>
        <time>2025-10-14T00:41:05Z</time>
      </trkpt>
      <trkpt lat="39.16472595177214" lon="117.77527097564796">
        <ele>8084.6</ele>
        <time>2025-10-14T00:41:06Z</time>
      </trkpt>
      <trkpt lat="39.16474800475866" lon="117.77525848602144">
        <ele>8084.6</ele>
        <time>2025-10-14T00:41:07Z</time>
      </trkpt>
      <trkpt lat="39.164770198750205" lon="117.77524634851487">
        <ele>8084.6</ele>
        <time>2025-10-14T00:41:08Z</time>
      </trkpt>
      <trkpt lat="39.16479232965164" lon="117.77523468276154">
        <ele>8084.6</ele>
        <time>2025-10-14T00:41:09Z</time>
      </trkpt>
      <trkpt lat="39.164814673780775" lon="117.77522307302789">
        <ele>7911.1</ele>
        <time>2025-10-14T00:41:10Z</time>
      </trkpt>
      <trkpt lat="39.164837067787644" lon="117.7752115362488">
        <ele>7911.1</ele>
        <time>2025-10-14T00:41:11Z</time>
      </trkpt>
      <trkpt lat="39.16485630145807" lon="117.77520138679284">
        <ele>7911.1</ele>
        <time>2025-10-14T00:41:12Z</time>
      </trkpt>
      <trkpt lat="39.16487820935805" lon="117.7751902127669">
        <ele>7911.1</ele>
        <time>2025-10-14T00:41:13Z</time>
      </trkpt>
      <trkpt lat="39.16490007365067" lon="117.77517917278057">
        <ele>7911.1</ele>
        <time>2025-10-14T00:41:14Z</time>
      </trkpt>
      <trkpt lat="39.164922650757894" lon="117.77516796798594">
        <ele>7737.4</ele>
        <time>2025-10-14T00:41:15Z</time>
      </trkpt>
      <trkpt lat="39.16494534548423" lon="117.77515687566826">
        <ele>7737.4</ele>
        <time>2025-10-14T00:41:16Z</time>
      </trkpt>
      <trkpt lat="39.16496798668702" lon="117.77514596920513">
        <ele>7737.4</ele>
        <time>2025-10-14T00:41:17Z</time>
      </trkpt>
      <trkpt lat="39.16499058205219" lon="117.77513523018985">
        <ele>7737.4</ele>
        <time>2025-10-14T00:41:18Z</time>
      </trkpt>
      <trkpt lat="39.1650131163378" lon="117.7751246606882">
        <ele>7737.4</ele>
        <time>2025-10-14T00:41:19Z</time>
      </trkpt>
      <trkpt lat="39.165035778281684" lon="117.77511414063316">
        <ele>7563.8</ele>
        <time>2025-10-14T00:41:20Z</time>
      </trkpt>
      <trkpt lat="39.16505843521042" lon="117.77510370966912">
        <ele>7563.8</ele>
        <time>2025-10-14T00:41:21Z</time>
      </trkpt>
      <trkpt lat="39.165080899303305" lon="117.77509344009141">
        <ele>7563.8</ele>
        <time>2025-10-14T00:41:22Z</time>
      </trkpt>
      <trkpt lat="39.16510322536484" lon="117.77508325653677">
        <ele>7563.8</ele>
        <time>2025-10-14T00:41:23Z</time>
      </trkpt>
      <trkpt lat="39.16512862446631" lon="117.77507193814867">
        <ele>7563.8</ele>
        <time>2025-10-14T00:41:24Z</time>
      </trkpt>
      <trkpt lat="39.16515153756253" lon="117.77506169764851">
        <ele>7390.5</ele>
        <time>2025-10-14T00:41:25Z</time>
      </trkpt>
      <trkpt lat="39.16517784700459" lon="117.77505034541684">
        <ele>7390.5</ele>
        <time>2025-10-14T00:41:26Z</time>
      </trkpt>
      <trkpt lat="39.16520123192012" lon="117.77504035347799">
        <ele>7390.5</ele>
        <time>2025-10-14T00:41:27Z</time>
      </trkpt>
      <trkpt lat="39.16522487915992" lon="117.77503051813024">
        <ele>7390.5</ele>
        <time>2025-10-14T00:41:28Z</time>
      </trkpt>
      <trkpt lat="39.16524819405484" lon="117.77502114387055">
        <ele>7390.5</ele>
        <time>2025-10-14T00:41:29Z</time>
      </trkpt>
      <trkpt lat="39.16527170901278" lon="117.77501206441868">
        <ele>7217.5</ele>
        <time>2025-10-14T00:41:30Z</time>
      </trkpt>
      <trkpt lat="39.16529543273614" lon="117.7750033569133">
        <ele>7217.5</ele>
        <time>2025-10-14T00:41:31Z</time>
      </trkpt>
      <trkpt lat="39.16531621211729" lon="117.77499620086297">
        <ele>7217.5</ele>
        <time>2025-10-14T00:41:32Z</time>
      </trkpt>
      <trkpt lat="39.165338633595454" lon="117.77498894515064">
        <ele>7217.5</ele>
        <time>2025-10-14T00:41:33Z</time>
      </trkpt>
      <trkpt lat="39.16536083645625" lon="117.77498221896667">
        <ele>7217.5</ele>
        <time>2025-10-14T00:41:34Z</time>
      </trkpt>
      <trkpt lat="39.165383300406134" lon="117.77497582188116">
        <ele>7045.2</ele>
        <time>2025-10-14T00:41:35Z</time>
      </trkpt>
      <trkpt lat="39.16540690926361" lon="117.7749694856712">
        <ele>7045.2</ele>
        <time>2025-10-14T00:41:36Z</time>
      </trkpt>
      <trkpt lat="39.16543072397939" lon="117.77496350657668">
        <ele>7045.2</ele>
        <time>2025-10-14T00:41:37Z</time>
      </trkpt>
      <trkpt lat="39.165454911796886" lon="117.77495783032305">
        <ele>7045.2</ele>
        <time>2025-10-14T00:41:38Z</time>
      </trkpt>
      <trkpt lat="39.165475862565536" lon="117.77495363194767">
        <ele>7045.2</ele>
        <time>2025-10-14T00:41:39Z</time>
      </trkpt>
      <trkpt lat="39.16549606959876" lon="117.77495005611802">
        <ele>6873.5</ele>
        <time>2025-10-14T00:41:40Z</time>
      </trkpt>
      <trkpt lat="39.16551833143275" lon="117.77494609923299">
        <ele>6873.5</ele>
        <time>2025-10-14T00:41:41Z</time>
      </trkpt>
      <trkpt lat="39.16554062377641" lon="117.77494225555041">
        <ele>6873.5</ele>
        <time>2025-10-14T00:41:42Z</time>
      </trkpt>
      <trkpt lat="39.16556645596421" lon="117.77493716697366">
        <ele>6873.5</ele>
        <time>2025-10-14T00:41:43Z</time>
      </trkpt>
      <trkpt lat="39.16558967102315" lon="117.77493265312937">
        <ele>6873.5</ele>
        <time>2025-10-14T00:41:44Z</time>
      </trkpt>
      <trkpt lat="39.165613020661134" lon="117.77492766635385">
        <ele>6702.6</ele>
        <time>2025-10-14T00:41:45Z</time>
      </trkpt>
      <trkpt lat="39.16563575761789" lon="117.77492233938548">
        <ele>6702.6</ele>
        <time>2025-10-14T00:41:46Z</time>
      </trkpt>
      <trkpt lat="39.16565824327782" lon="117.77491651013611">
        <ele>6702.6</ele>
        <time>2025-10-14T00:41:47Z</time>
      </trkpt>
      <trkpt lat="39.1656803954614" lon="117.77491026573153">
        <ele>6702.6</ele>
        <time>2025-10-14T00:41:48Z</time>
      </trkpt>
      <trkpt lat="39.165702301952194" lon="117.77490370234578">
        <ele>6702.6</ele>
        <time>2025-10-14T00:41:49Z</time>
      </trkpt>
      <trkpt lat="39.16572484504435" lon="117.77489638781134">
        <ele>6532.7</ele>
        <time>2025-10-14T00:41:50Z</time>
      </trkpt>
      <trkpt lat="39.16574803497922" lon="117.77488765697603">
        <ele>6532.7</ele>
        <time>2025-10-14T00:41:51Z</time>
      </trkpt>
      <trkpt lat="39.1657713266977" lon="117.77487620903314">
        <ele>6532.7</ele>
        <time>2025-10-14T00:41:52Z</time>
      </trkpt>
      <trkpt lat="39.16579388920344" lon="117.77486401101758">
        <ele>6532.7</ele>
        <time>2025-10-14T00:41:53Z</time>
      </trkpt>
      <trkpt lat="39.165818897228434" lon="117.77485034566295">
        <ele>6532.7</ele>
        <time>2025-10-14T00:41:54Z</time>
      </trkpt>
      <trkpt lat="39.16584116684135" lon="117.77483884609312">
        <ele>-500</ele>
        <time>2025-10-14T00:41:55Z</time>
      </trkpt>
      <trkpt lat="39.165863487733425" lon="117.77482715735532">
        <ele>-500</ele>
        <time>2025-10-14T00:41:56Z</time>
      </trkpt>
      <trkpt lat="39.16588519897519" lon="117.77481567046935">
        <ele>-500</ele>
        <time>2025-10-14T00:41:57Z</time>
      </trkpt>
      <trkpt lat="39.165906879284556" lon="117.774804008075">
        <ele>-500</ele>
        <time>2025-10-14T00:41:58Z</time>
      </trkpt>
      <trkpt lat="39.16592851168975" lon="117.77479225591055">
        <ele>-500</ele>
        <time>2025-10-14T00:41:59Z</time>
      </trkpt>
      <trkpt lat="39.165950374127235" lon="117.77478037588241">
        <ele>6196.3</ele>
        <time>2025-10-14T00:42:00Z</time>
      </trkpt>
      <trkpt lat="39.1659721648109" lon="117.77476853623193">
        <ele>6196.3</ele>
        <time>2025-10-14T00:42:01Z</time>
      </trkpt>
      <trkpt lat="39.165997103150744" lon="117.77475543127083">
        <ele>6196.3</ele>
        <time>2025-10-14T00:42:02Z</time>
      </trkpt>
      <trkpt lat="39.166019596784494" lon="117.77474342758688">
        <ele>6196.3</ele>
        <time>2025-10-14T00:42:03Z</time>
      </trkpt>
      <trkpt lat="39.16604258894785" lon="117.77473131806033">
        <ele>6196.3</ele>
        <time>2025-10-14T00:42:04Z</time>
      </trkpt>
      <trkpt lat="39.166065371239235" lon="117.7747194752104">
        <ele>6030</ele>
        <time>2025-10-14T00:42:05Z</time>
      </trkpt>
      <trkpt lat="39.16608836253054" lon="117.77470773638815">
        <ele>6030</ele>
        <time>2025-10-14T00:42:06Z</time>
      </trkpt>
      <trkpt lat="39.16611147902386" lon="117.77469617213175">
        <ele>6030</ele>
        <time>2025-10-14T00:42:07Z</time>
      </trkpt>
      <trkpt lat="39.166134788950416" lon="117.77468478519516">
        <ele>6030</ele>
        <time>2025-10-14T00:42:08Z</time>
      </trkpt>
      <trkpt lat="39.16615825475245" lon="117.77467357800508">
        <ele>6030</ele>
        <time>2025-10-14T00:42:09Z</time>
      </trkpt>
      <trkpt lat="39.166184926332285" lon="117.77466141277527">
        <ele>5865.1</ele>
        <time>2025-10-14T00:42:10Z</time>
      </trkpt>
      <trkpt lat="39.166209332627666" lon="117.77465047598604">
        <ele>5865.1</ele>
        <time>2025-10-14T00:42:11Z</time>
      </trkpt>
      <trkpt lat="39.166234068934706" lon="117.77463979561223">
        <ele>5865.1</ele>
        <time>2025-10-14T00:42:12Z</time>
      </trkpt>
      <trkpt lat="39.166258578524456" lon="117.77462965470508">
        <ele>5865.1</ele>
        <time>2025-10-14T00:42:13Z</time>
      </trkpt>
      <trkpt lat="39.16628318092466" lon="117.77461988938973">
        <ele>5865.1</ele>
        <time>2025-10-14T00:42:14Z</time>
      </trkpt>
      <trkpt lat="39.16630775467083" lon="117.77461053546591">
        <ele>5701.7</ele>
        <time>2025-10-14T00:42:15Z</time>
      </trkpt>
      <trkpt lat="39.16633227727184" lon="117.77460163880095">
        <ele>5701.7</ele>
        <time>2025-10-14T00:42:16Z</time>
      </trkpt>
      <trkpt lat="39.166356753750485" lon="117.77459319202309">
        <ele>5701.7</ele>
        <time>2025-10-14T00:42:17Z</time>
      </trkpt>
      <trkpt lat="39.16638122989994" lon="117.77458518909347">
        <ele>5701.7</ele>
        <time>2025-10-14T00:42:18Z</time>
      </trkpt>
      <trkpt lat="39.1664059591889" lon="117.77457755271556">
        <ele>5701.7</ele>
        <time>2025-10-14T00:42:19Z</time>
      </trkpt>
      <trkpt lat="39.16643087663333" lon="117.77457020300224">
        <ele>5539.9</ele>
        <time>2025-10-14T00:42:20Z</time>
      </trkpt>
      <trkpt lat="39.166456031775134" lon="117.77456306099077">
        <ele>5539.9</ele>
        <time>2025-10-14T00:42:21Z</time>
      </trkpt>
      <trkpt lat="39.16647813735809" lon="117.77455724316657">
        <ele>5539.9</ele>
        <time>2025-10-14T00:42:22Z</time>
      </trkpt>
      <trkpt lat="39.16649951299219" lon="117.77455199694532">
        <ele>5539.9</ele>
        <time>2025-10-14T00:42:23Z</time>
      </trkpt>
      <trkpt lat="39.16652315386571" lon="117.77454642742033">
        <ele>5539.9</ele>
        <time>2025-10-14T00:42:24Z</time>
      </trkpt>
      <trkpt lat="39.1665470190399" lon="117.77454125943918">
        <ele>5379.8</ele>
        <time>2025-10-14T00:42:25Z</time>
      </trkpt>
      <trkpt lat="39.16657132155824" lon="117.77453639632965">
        <ele>5379.8</ele>
        <time>2025-10-14T00:42:26Z</time>
      </trkpt>
      <trkpt lat="39.166595707929524" lon="117.7745318991017">
        <ele>5379.8</ele>
        <time>2025-10-14T00:42:27Z</time>
      </trkpt>
      <trkpt lat="39.16662016281597" lon="117.77452760125642">
        <ele>5379.8</ele>
        <time>2025-10-14T00:42:28Z</time>
      </trkpt>
      <trkpt lat="39.166644766748156" lon="117.7745233140901">
        <ele>5379.8</ele>
        <time>2025-10-14T00:42:29Z</time>
      </trkpt>
      <trkpt lat="39.16666932337201" lon="117.77451890640373">
        <ele>5221.5</ele>
        <time>2025-10-14T00:42:30Z</time>
      </trkpt>
      <trkpt lat="39.166693725819506" lon="117.77451419640023">
        <ele>5221.5</ele>
        <time>2025-10-14T00:42:31Z</time>
      </trkpt>
      <trkpt lat="39.16671752608479" lon="117.7745091621652">
        <ele>5221.5</ele>
        <time>2025-10-14T00:42:32Z</time>
      </trkpt>
      <trkpt lat="39.166741130120826" lon="117.77450357436908">
        <ele>5221.5</ele>
        <time>2025-10-14T00:42:33Z</time>
      </trkpt>
      <trkpt lat="39.1667643960798" lon="117.77449746420254">
        <ele>5221.5</ele>
        <time>2025-10-14T00:42:34Z</time>
      </trkpt>
      <trkpt lat="39.166787753094894" lon="117.77449079232616">
        <ele>5065</ele>
        <time>2025-10-14T00:42:35Z</time>
      </trkpt>
      <trkpt lat="39.166807453100176" lon="117.77448492782462">
        <ele>5065</ele>
        <time>2025-10-14T00:42:36Z</time>
      </trkpt>
      <trkpt lat="39.16682619710566" lon="117.77447922934505">
        <ele>5065</ele>
        <time>2025-10-14T00:42:37Z</time>
      </trkpt>
      <trkpt lat="39.16684776145454" lon="117.77447345385741">
        <ele>5065</ele>
        <time>2025-10-14T00:42:38Z</time>
      </trkpt>
      <trkpt lat="39.16687061177236" lon="117.77446753372367">
        <ele>5065</ele>
        <time>2025-10-14T00:42:39Z</time>
      </trkpt>
      <trkpt lat="39.16689578946629" lon="117.77445993303535">
        <ele>4910.5</ele>
        <time>2025-10-14T00:42:40Z</time>
      </trkpt>
      <trkpt lat="39.16692044085824" lon="117.77445038356554">
        <ele>4910.5</ele>
        <time>2025-10-14T00:42:41Z</time>
      </trkpt>
      <trkpt lat="39.166944563284865" lon="117.7744395589883">
        <ele>4910.5</ele>
        <time>2025-10-14T00:42:42Z</time>
      </trkpt>
      <trkpt lat="39.16696700720684" lon="117.77442896027031">
        <ele>4910.5</ele>
        <time>2025-10-14T00:42:43Z</time>
      </trkpt>
      <trkpt lat="39.16698940996029" lon="117.77441794321405">
        <ele>4910.5</ele>
        <time>2025-10-14T00:42:44Z</time>
      </trkpt>
      <trkpt lat="39.16701168369281" lon="117.77440683189093">
        <ele>4757.9</ele>
        <time>2025-10-14T00:42:45Z</time>
      </trkpt>
      <trkpt lat="39.16703410869986" lon="117.77439555858729">
        <ele>4757.9</ele>
        <time>2025-10-14T00:42:46Z</time>
      </trkpt>
      <trkpt lat="39.16705617452969" lon="117.77438439419066">
        <ele>4757.9</ele>
        <time>2025-10-14T00:42:47Z</time>
      </trkpt>
      <trkpt lat="39.167078273620405" lon="117.7743731644426">
        <ele>4757.9</ele>
        <time>2025-10-14T00:42:48Z</time>
      </trkpt>
      <trkpt lat="39.167100349273674" lon="117.77436192234325">
        <ele>4757.9</ele>
        <time>2025-10-14T00:42:49Z</time>
      </trkpt>
      <trkpt lat="39.1671197456962" lon="117.7743519464599">
        <ele>4607.3</ele>
        <time>2025-10-14T00:42:50Z</time>
      </trkpt>
      <trkpt lat="39.16713831074603" lon="117.77434232518308">
        <ele>4607.3</ele>
        <time>2025-10-14T00:42:51Z</time>
      </trkpt>
      <trkpt lat="39.16715592154018" lon="117.77433308952874">
        <ele>4607.3</ele>
        <time>2025-10-14T00:42:52Z</time>
      </trkpt>
      <trkpt lat="39.16717602518272" lon="117.77432257973723">
        <ele>4607.3</ele>
        <time>2025-10-14T00:42:53Z</time>
      </trkpt>
      <trkpt lat="39.167196322503955" lon="117.77431186707385">
        <ele>4607.3</ele>
        <time>2025-10-14T00:42:54Z</time>
      </trkpt>
      <trkpt lat="39.167216956175544" lon="117.77430084268342">
        <ele>-500</ele>
        <time>2025-10-14T00:42:55Z</time>
      </trkpt>
      <trkpt lat="39.16723761380336" lon="117.77428964677472">
        <ele>-500</ele>
        <time>2025-10-14T00:42:56Z</time>
      </trkpt>
      <trkpt lat="39.16725819782055" lon="117.77427837083334">
        <ele>-500</ele>
        <time>2025-10-14T00:42:57Z</time>
      </trkpt>
      <trkpt lat="39.16727901017697" lon="117.77426696507696">
        <ele>-500</ele>
        <time>2025-10-14T00:42:58Z</time>
      </trkpt>
      <trkpt lat="39.16729990892933" lon="117.77425559512211">
        <ele>-500</ele>
        <time>2025-10-14T00:42:59Z</time>
      </trkpt>
      <trkpt lat="39.16732104225391" lon="117.77424423093252">
        <ele>4312.6</ele>
        <time>2025-10-14T00:43:00Z</time>
      </trkpt>
      <trkpt lat="39.167345253464866" lon="117.77423154663671">
        <ele>4312.6</ele>
        <time>2025-10-14T00:43:01Z</time>
      </trkpt>
      <trkpt lat="39.1673671935815" lon="117.77422001380423">
        <ele>4312.6</ele>
        <time>2025-10-14T00:43:02Z</time>
      </trkpt>
      <trkpt lat="39.1673893659958" lon="117.77420838100704">
        <ele>4312.6</ele>
        <time>2025-10-14T00:43:03Z</time>
      </trkpt>
      <trkpt lat="39.16741099730718" lon="117.77419695233203">
        <ele>4312.6</ele>
        <time>2025-10-14T00:43:04Z</time>
      </trkpt>
      <trkpt lat="39.16743255112419" lon="117.7741854337042">
        <ele>4168.5</ele>
        <time>2025-10-14T00:43:05Z</time>
      </trkpt>
      <trkpt lat="39.16745699244976" lon="117.77417245564192">
        <ele>4168.5</ele>
        <time>2025-10-14T00:43:06Z</time>
      </trkpt>
      <trkpt lat="39.16747889411225" lon="117.77416051166601">
        <ele>4168.5</ele>
        <time>2025-10-14T00:43:07Z</time>
      </trkpt>
      <trkpt lat="39.16750097136425" lon="117.77414838650954">
        <ele>4168.5</ele>
        <time>2025-10-14T00:43:08Z</time>
      </trkpt>
      <trkpt lat="39.16752266891194" lon="117.77413641814596">
        <ele>4168.5</ele>
        <time>2025-10-14T00:43:09Z</time>
      </trkpt>
      <trkpt lat="39.16754437453174" lon="117.77412443030678">
        <ele>4026.7</ele>
        <time>2025-10-14T00:43:10Z</time>
      </trkpt>
      <trkpt lat="39.167566208415366" lon="117.77411240706434">
        <ele>4026.7</ele>
        <time>2025-10-14T00:43:11Z</time>
      </trkpt>
      <trkpt lat="39.167588126174365" lon="117.77410043521353">
        <ele>4026.7</ele>
        <time>2025-10-14T00:43:12Z</time>
      </trkpt>
      <trkpt lat="39.16761034974807" lon="117.77408848286117">
        <ele>4026.7</ele>
        <time>2025-10-14T00:43:13Z</time>
      </trkpt>
      <trkpt lat="39.1676326154023" lon="117.77407677436709">
        <ele>4026.7</ele>
        <time>2025-10-14T00:43:14Z</time>
      </trkpt>
      <trkpt lat="39.16765526713" lon="117.77406531947064">
        <ele>3887.1</ele>
        <time>2025-10-14T00:43:15Z</time>
      </trkpt>
      <trkpt lat="39.167677946387954" lon="117.77405429817503">
        <ele>3887.1</ele>
        <time>2025-10-14T00:43:16Z</time>
      </trkpt>
      <trkpt lat="39.167700761417464" lon="117.77404369348352">
        <ele>3887.1</ele>
        <time>2025-10-14T00:43:17Z</time>
      </trkpt>
      <trkpt lat="39.167723469904864" lon="117.77403365989238">
        <ele>3887.1</ele>
        <time>2025-10-14T00:43:18Z</time>
      </trkpt>
      <trkpt lat="39.16774632313253" lon="117.77402407189169">
        <ele>3887.1</ele>
        <time>2025-10-14T00:43:19Z</time>
      </trkpt>
      <trkpt lat="39.167772176749665" lon="117.7740138512375">
        <ele>3749.9</ele>
        <time>2025-10-14T00:43:20Z</time>
      </trkpt>
      <trkpt lat="39.16779536212944" lon="117.77400521448507">
        <ele>3749.9</ele>
        <time>2025-10-14T00:43:21Z</time>
      </trkpt>
      <trkpt lat="39.16781867677303" lon="117.7739970104703">
        <ele>3749.9</ele>
        <time>2025-10-14T00:43:22Z</time>
      </trkpt>
      <trkpt lat="39.16784153322688" lon="117.77398947875606">
        <ele>3749.9</ele>
        <time>2025-10-14T00:43:23Z</time>
      </trkpt>
      <trkpt lat="39.16786433892872" lon="117.77398236933868">
        <ele>3749.9</ele>
        <time>2025-10-14T00:43:24Z</time>
      </trkpt>
      <trkpt lat="39.16788997426677" lon="117.7739745795575">
        <ele>3615</ele>
        <time>2025-10-14T00:43:25Z</time>
      </trkpt>
      <trkpt lat="39.16791283425293" lon="117.77396805949144">
        <ele>3615</ele>
        <time>2025-10-14T00:43:26Z</time>
      </trkpt>
      <trkpt lat="39.16793532258285" lon="117.77396179377008">
        <ele>3615</ele>
        <time>2025-10-14T00:43:27Z</time>
      </trkpt>
      <trkpt lat="39.16795425941815" lon="117.77395686056266">
        <ele>3615</ele>
        <time>2025-10-14T00:43:28Z</time>
      </trkpt>
      <trkpt lat="39.167975341527345" lon="117.77395117445825">
        <ele>3615</ele>
        <time>2025-10-14T00:43:29Z</time>
      </trkpt>
      <trkpt lat="39.167996613609134" lon="117.77394547343982">
        <ele>3482.4</ele>
        <time>2025-10-14T00:43:30Z</time>
      </trkpt>
      <trkpt lat="39.16801823957675" lon="117.77393977963888">
        <ele>3482.4</ele>
        <time>2025-10-14T00:43:31Z</time>
      </trkpt>
      <trkpt lat="39.16804057913281" lon="117.77393411666611">
        <ele>3482.4</ele>
        <time>2025-10-14T00:43:32Z</time>
      </trkpt>
      <trkpt lat="39.168063296985075" lon="117.77392862975704">
        <ele>3482.4</ele>
        <time>2025-10-14T00:43:33Z</time>
      </trkpt>
      <trkpt lat="39.1680893913966" lon="117.77392234876837">
        <ele>3482.4</ele>
        <time>2025-10-14T00:43:34Z</time>
      </trkpt>
      <trkpt lat="39.1681131492801" lon="117.77391719969751">
        <ele>3352.3</ele>
        <time>2025-10-14T00:43:35Z</time>
      </trkpt>
      <trkpt lat="39.16814016780457" lon="117.77391123831319">
        <ele>3352.3</ele>
        <time>2025-10-14T00:43:36Z</time>
      </trkpt>
      <trkpt lat="39.16816423310996" lon="117.77390641248338">
        <ele>3352.3</ele>
        <time>2025-10-14T00:43:37Z</time>
      </trkpt>
      <trkpt lat="39.16818771614348" lon="117.7739017297228">
        <ele>3352.3</ele>
        <time>2025-10-14T00:43:38Z</time>
      </trkpt>
      <trkpt lat="39.1682106165889" lon="117.77389695472719">
        <ele>3352.3</ele>
        <time>2025-10-14T00:43:39Z</time>
      </trkpt>
      <trkpt lat="39.16823302372522" lon="117.7738918188139">
        <ele>3224.6</ele>
        <time>2025-10-14T00:43:40Z</time>
      </trkpt>
      <trkpt lat="39.16825645220935" lon="117.77388608126854">
        <ele>3224.6</ele>
        <time>2025-10-14T00:43:41Z</time>
      </trkpt>
      <trkpt lat="39.1682791992259" lon="117.77387742428105">
        <ele>3224.6</ele>
        <time>2025-10-14T00:43:42Z</time>
      </trkpt>
      <trkpt lat="39.16830282731331" lon="117.77386322713045">
        <ele>3224.6</ele>
        <time>2025-10-14T00:43:43Z</time>
      </trkpt>
      <trkpt lat="39.16832520416599" lon="117.77384664631236">
        <ele>3224.6</ele>
        <time>2025-10-14T00:43:44Z</time>
      </trkpt>
      <trkpt lat="39.16834784027589" lon="117.77382986698707">
        <ele>3099.4</ele>
        <time>2025-10-14T00:43:45Z</time>
      </trkpt>
      <trkpt lat="39.1683692027308" lon="117.77381634461149">
        <ele>3099.4</ele>
        <time>2025-10-14T00:43:46Z</time>
      </trkpt>
      <trkpt lat="39.16839105313034" lon="117.77380281081767">
        <ele>3099.4</ele>
        <time>2025-10-14T00:43:47Z</time>
      </trkpt>
      <trkpt lat="39.168409826256706" lon="117.77379097842437">
        <ele>3099.4</ele>
        <time>2025-10-14T00:43:48Z</time>
      </trkpt>
      <trkpt lat="39.16843150801357" lon="117.7737781294522">
        <ele>3099.4</ele>
        <time>2025-10-14T00:43:49Z</time>
      </trkpt>
      <trkpt lat="39.168452855765636" lon="117.77376575147736">
        <ele>2976.6</ele>
        <time>2025-10-14T00:43:50Z</time>
      </trkpt>
      <trkpt lat="39.16847477086942" lon="117.77375360993248">
        <ele>2976.6</ele>
        <time>2025-10-14T00:43:51Z</time>
      </trkpt>
      <trkpt lat="39.168496798127634" lon="117.77374207347995">
        <ele>2976.6</ele>
        <time>2025-10-14T00:43:52Z</time>
      </trkpt>
      <trkpt lat="39.168519024180796" lon="117.77373118463939">
        <ele>2976.6</ele>
        <time>2025-10-14T00:43:53Z</time>
      </trkpt>
      <trkpt lat="39.16854138254046" lon="117.77372101951174">
        <ele>2976.6</ele>
        <time>2025-10-14T00:43:54Z</time>
      </trkpt>
      <trkpt lat="39.1685638787826" lon="117.77371162057923">
        <ele>-500</ele>
        <time>2025-10-14T00:43:55Z</time>
      </trkpt>
      <trkpt lat="39.16858649202348" lon="117.77370299499059">
        <ele>-500</ele>
        <time>2025-10-14T00:43:56Z</time>
      </trkpt>
      <trkpt lat="39.168609035701614" lon="117.7736952138709">
        <ele>-500</ele>
        <time>2025-10-14T00:43:57Z</time>
      </trkpt>
      <trkpt lat="39.16863177188609" lon="117.77368815039107">
        <ele>-500</ele>
        <time>2025-10-14T00:43:58Z</time>
      </trkpt>
      <trkpt lat="39.16865448631943" lon="117.77368180508093">
        <ele>-500</ele>
        <time>2025-10-14T00:43:59Z</time>
      </trkpt>
      <trkpt lat="39.168680389330135" lon="117.77367489612118">
        <ele>2738.4</ele>
        <time>2025-10-14T00:44:00Z</time>
      </trkpt>
      <trkpt lat="39.1687036417321" lon="117.77366956494393">
        <ele>2738.4</ele>
        <time>2025-10-14T00:44:01Z</time>
      </trkpt>
      <trkpt lat="39.16873005524885" lon="117.77366350608708">
        <ele>2738.4</ele>
        <time>2025-10-14T00:44:02Z</time>
      </trkpt>
      <trkpt lat="39.16875341793144" lon="117.77365893301098">
        <ele>2738.4</ele>
        <time>2025-10-14T00:44:03Z</time>
      </trkpt>
      <trkpt lat="39.16877696063997" lon="117.77365451437977">
        <ele>2738.4</ele>
        <time>2025-10-14T00:44:04Z</time>
      </trkpt>
      <trkpt lat="39.16879988709226" lon="117.77365044782492">
        <ele>2623</ele>
        <time>2025-10-14T00:44:05Z</time>
      </trkpt>
      <trkpt lat="39.16882331737102" lon="117.7736461900587">
        <ele>2623</ele>
        <time>2025-10-14T00:44:06Z</time>
      </trkpt>
      <trkpt lat="39.168846564724376" lon="117.77364177918346">
        <ele>2623</ele>
        <time>2025-10-14T00:44:07Z</time>
      </trkpt>
      <trkpt lat="39.168870018941725" lon="117.77363675054312">
        <ele>2623</ele>
        <time>2025-10-14T00:44:08Z</time>
      </trkpt>
      <trkpt lat="39.168893053218405" lon="117.77363102988805">
        <ele>2623</ele>
        <time>2025-10-14T00:44:09Z</time>
      </trkpt>
      <trkpt lat="39.1689160659345" lon="117.77362424762337">
        <ele>2510.1</ele>
        <time>2025-10-14T00:44:10Z</time>
      </trkpt>
      <trkpt lat="39.1689387822545" lon="117.77361638978951">
        <ele>2510.1</ele>
        <time>2025-10-14T00:44:11Z</time>
      </trkpt>
      <trkpt lat="39.16896136811136" lon="117.77360745950185">
        <ele>2510.1</ele>
        <time>2025-10-14T00:44:12Z</time>
      </trkpt>
      <trkpt lat="39.168983610798016" lon="117.77359766380839">
        <ele>2510.1</ele>
        <time>2025-10-14T00:44:13Z</time>
      </trkpt>
      <trkpt lat="39.169005498836206" lon="117.77358714841297">
        <ele>2510.1</ele>
        <time>2025-10-14T00:44:14Z</time>
      </trkpt>
      <trkpt lat="39.16902685104129" lon="117.77357619920363">
        <ele>2399.8</ele>
        <time>2025-10-14T00:44:15Z</time>
      </trkpt>
      <trkpt lat="39.169051081246366" lon="117.77356364429384">
        <ele>2399.8</ele>
        <time>2025-10-14T00:44:16Z</time>
      </trkpt>
      <trkpt lat="39.169072677963456" lon="117.77355193929152">
        <ele>2399.8</ele>
        <time>2025-10-14T00:44:17Z</time>
      </trkpt>
      <trkpt lat="39.169094332686925" lon="117.77354022496075">
        <ele>2399.8</ele>
        <time>2025-10-14T00:44:18Z</time>
      </trkpt>
      <trkpt lat="39.16911549858299" lon="117.7735289313191">
        <ele>2399.8</ele>
        <time>2025-10-14T00:44:19Z</time>
      </trkpt>
      <trkpt lat="39.169137404970364" lon="117.77351417123376">
        <ele>2291.8</ele>
        <time>2025-10-14T00:44:20Z</time>
      </trkpt>
      <trkpt lat="39.16916037107089" lon="117.77349628399527">
        <ele>2291.8</ele>
        <time>2025-10-14T00:44:21Z</time>
      </trkpt>
      <trkpt lat="39.16918497361623" lon="117.77347430203109">
        <ele>2291.8</ele>
        <time>2025-10-14T00:44:22Z</time>
      </trkpt>
      <trkpt lat="39.169209296557085" lon="117.7734541452694">
        <ele>2291.8</ele>
        <time>2025-10-14T00:44:23Z</time>
      </trkpt>
      <trkpt lat="39.169235651074345" lon="117.77343379636653">
        <ele>2291.8</ele>
        <time>2025-10-14T00:44:24Z</time>
      </trkpt>
      <trkpt lat="39.16925825759942" lon="117.7734171446516">
        <ele>2186.4</ele>
        <time>2025-10-14T00:44:25Z</time>
      </trkpt>
      <trkpt lat="39.16928085416897" lon="117.7734010208867">
        <ele>2186.4</ele>
        <time>2025-10-14T00:44:26Z</time>
      </trkpt>
      <trkpt lat="39.169303146947705" lon="117.77338543664705">
        <ele>2186.4</ele>
        <time>2025-10-14T00:44:27Z</time>
      </trkpt>
      <trkpt lat="39.16932550630739" lon="117.77336993756077">
        <ele>2186.4</ele>
        <time>2025-10-14T00:44:28Z</time>
      </trkpt>
      <trkpt lat="39.16934810789291" lon="117.77335426932973">
        <ele>2186.4</ele>
        <time>2025-10-14T00:44:29Z</time>
      </trkpt>
      <trkpt lat="39.16936824305017" lon="117.77334021950654">
        <ele>2083.5</ele>
        <time>2025-10-14T00:44:30Z</time>
      </trkpt>
      <trkpt lat="39.16938812908614" lon="117.77332617347284">
        <ele>2083.5</ele>
        <time>2025-10-14T00:44:31Z</time>
      </trkpt>
      <trkpt lat="39.16941070106349" lon="117.7733100379014">
        <ele>2083.5</ele>
        <time>2025-10-14T00:44:32Z</time>
      </trkpt>
      <trkpt lat="39.169433388651186" lon="117.77329357018087">
        <ele>2083.5</ele>
        <time>2025-10-14T00:44:33Z</time>
      </trkpt>
      <trkpt lat="39.169456025780704" lon="117.77327683905456">
        <ele>2083.5</ele>
        <time>2025-10-14T00:44:34Z</time>
      </trkpt>
      <trkpt lat="39.16947529328318" lon="117.7732621676101">
        <ele>1983</ele>
        <time>2025-10-14T00:44:35Z</time>
      </trkpt>
      <trkpt lat="39.16949703811443" lon="117.77324552067837">
        <ele>1983</ele>
        <time>2025-10-14T00:44:36Z</time>
      </trkpt>
      <trkpt lat="39.16951895549341" lon="117.7732285836282">
        <ele>1983</ele>
        <time>2025-10-14T00:44:37Z</time>
      </trkpt>
      <trkpt lat="39.16954131451479" lon="117.77321126120589">
        <ele>1983</ele>
        <time>2025-10-14T00:44:38Z</time>
      </trkpt>
      <trkpt lat="39.16956359181291" lon="117.77319402706426">
        <ele>1983</ele>
        <time>2025-10-14T00:44:39Z</time>
      </trkpt>
      <trkpt lat="39.169585756878114" lon="117.77317699384604">
        <ele>1885</ele>
        <time>2025-10-14T00:44:40Z</time>
      </trkpt>
      <trkpt lat="39.16960773651656" lon="117.77316026596344">
        <ele>1885</ele>
        <time>2025-10-14T00:44:41Z</time>
      </trkpt>
      <trkpt lat="39.16962953329313" lon="117.77314389282762">
        <ele>1885</ele>
        <time>2025-10-14T00:44:42Z</time>
      </trkpt>
      <trkpt lat="39.16965114382312" lon="117.77312788034742">
        <ele>1885</ele>
        <time>2025-10-14T00:44:43Z</time>
      </trkpt>
      <trkpt lat="39.1696755783302" lon="117.77311019154224">
        <ele>1885</ele>
        <time>2025-10-14T00:44:44Z</time>
      </trkpt>
      <trkpt lat="39.16969754571535" lon="117.77309445369742">
        <ele>1789.4</ele>
        <time>2025-10-14T00:44:45Z</time>
      </trkpt>
      <trkpt lat="39.169722427026095" lon="117.77307698860736">
        <ele>1789.4</ele>
        <time>2025-10-14T00:44:46Z</time>
      </trkpt>
      <trkpt lat="39.169744639996445" lon="117.77306157129296">
        <ele>1789.4</ele>
        <time>2025-10-14T00:44:47Z</time>
      </trkpt>
      <trkpt lat="39.169767003107665" lon="117.77304624405392">
        <ele>1789.4</ele>
        <time>2025-10-14T00:44:48Z</time>
      </trkpt>
      <trkpt lat="39.16978912756833" lon="117.77303122200522">
        <ele>1789.4</ele>
        <time>2025-10-14T00:44:49Z</time>
      </trkpt>
      <trkpt lat="39.16981118912416" lon="117.77301634006017">
        <ele>1696.2</ele>
        <time>2025-10-14T00:44:50Z</time>
      </trkpt>
      <trkpt lat="39.16983331745316" lon="117.77300156703713">
        <ele>1696.2</ele>
        <time>2025-10-14T00:44:51Z</time>
      </trkpt>
      <trkpt lat="39.169855443049144" lon="117.77298709689855">
        <ele>1696.2</ele>
        <time>2025-10-14T00:44:52Z</time>
      </trkpt>
      <trkpt lat="39.169877897029224" lon="117.77297281784256">
        <ele>1696.2</ele>
        <time>2025-10-14T00:44:53Z</time>
      </trkpt>
      <trkpt lat="39.16990055524515" lon="117.772958858367">
        <ele>1696.2</ele>
        <time>2025-10-14T00:44:54Z</time>
      </trkpt>
      <trkpt lat="39.16992343374776" lon="117.77294522365321">
        <ele>-500</ele>
        <time>2025-10-14T00:44:55Z</time>
      </trkpt>
      <trkpt lat="39.169946293968394" lon="117.77293197412092">
        <ele>-500</ele>
        <time>2025-10-14T00:44:56Z</time>
      </trkpt>
      <trkpt lat="39.169969187933994" lon="117.77291892884958">
        <ele>-500</ele>
        <time>2025-10-14T00:44:57Z</time>
      </trkpt>
      <trkpt lat="39.169989321475555" lon="117.7729077470243">
        <ele>-500</ele>
        <time>2025-10-14T00:44:58Z</time>
      </trkpt>
      <trkpt lat="39.170008721456746" lon="117.77289693724931">
        <ele>-500</ele>
        <time>2025-10-14T00:44:59Z</time>
      </trkpt>
      <trkpt lat="39.17003014707296" lon="117.77288457021824">
        <ele>1517.2</ele>
        <time>2025-10-14T00:45:00Z</time>
      </trkpt>
      <trkpt lat="39.1700513661239" lon="117.77287204469427">
        <ele>1517.2</ele>
        <time>2025-10-14T00:45:01Z</time>
      </trkpt>
      <trkpt lat="39.17007263810406" lon="117.77285915926231">
        <ele>1517.2</ele>
        <time>2025-10-14T00:45:02Z</time>
      </trkpt>
      <trkpt lat="39.17009512079327" lon="117.7728455134398">
        <ele>1517.2</ele>
        <time>2025-10-14T00:45:03Z</time>
      </trkpt>
      <trkpt lat="39.17011847749809" lon="117.77283085125002">
        <ele>1517.2</ele>
        <time>2025-10-14T00:45:04Z</time>
      </trkpt>
      <trkpt lat="39.17014472787436" lon="117.77281375046424">
        <ele>1431.2</ele>
        <time>2025-10-14T00:45:05Z</time>
      </trkpt>
      <trkpt lat="39.17016723715285" lon="117.77279830933179">
        <ele>1431.2</ele>
        <time>2025-10-14T00:45:06Z</time>
      </trkpt>
      <trkpt lat="39.17018876805281" lon="117.77278297887199">
        <ele>1431.2</ele>
        <time>2025-10-14T00:45:07Z</time>
      </trkpt>
      <trkpt lat="39.170208832483155" lon="117.77276727331397">
        <ele>1431.2</ele>
        <time>2025-10-14T00:45:08Z</time>
      </trkpt>
      <trkpt lat="39.17022863217838" lon="117.77275066600359">
        <ele>1431.2</ele>
        <time>2025-10-14T00:45:09Z</time>
      </trkpt>
      <trkpt lat="39.170248357379485" lon="117.77273310871382">
        <ele>1347.6</ele>
        <time>2025-10-14T00:45:10Z</time>
      </trkpt>
      <trkpt lat="39.17026790905919" lon="117.77271480815126">
        <ele>1347.6</ele>
        <time>2025-10-14T00:45:11Z</time>
      </trkpt>
      <trkpt lat="39.17028865599274" lon="117.77269438378174">
        <ele>1347.6</ele>
        <time>2025-10-14T00:45:12Z</time>
      </trkpt>
      <trkpt lat="39.17030884103704" lon="117.77267393971827">
        <ele>1347.6</ele>
        <time>2025-10-14T00:45:13Z</time>
      </trkpt>
      <trkpt lat="39.170329141353506" lon="117.77265323771638">
        <ele>1347.6</ele>
        <time>2025-10-14T00:45:14Z</time>
      </trkpt>
      <trkpt lat="39.17034802460467" lon="117.77263416350496">
        <ele>1266.4</ele>
        <time>2025-10-14T00:45:15Z</time>
      </trkpt>
      <trkpt lat="39.170367514469326" lon="117.77261469282229">
        <ele>1266.4</ele>
        <time>2025-10-14T00:45:16Z</time>
      </trkpt>
      <trkpt lat="39.17038507094806" lon="117.7725972743119">
        <ele>1266.4</ele>
        <time>2025-10-14T00:45:17Z</time>
      </trkpt>
      <trkpt lat="39.170404439613115" lon="117.77257811077725">
        <ele>1266.4</ele>
        <time>2025-10-14T00:45:18Z</time>
      </trkpt>
      <trkpt lat="39.17042401281463" lon="117.77255906022592">
        <ele>1266.4</ele>
        <time>2025-10-14T00:45:19Z</time>
      </trkpt>
      <trkpt lat="39.170445214397276" lon="117.77253943998143">
        <ele>1187.4</ele>
        <time>2025-10-14T00:45:20Z</time>
      </trkpt>
      <trkpt lat="39.170465379984115" lon="117.77252143601582">
        <ele>1187.4</ele>
        <time>2025-10-14T00:45:21Z</time>
      </trkpt>
      <trkpt lat="39.17048609086869" lon="117.77250295483965">
        <ele>1187.4</ele>
        <time>2025-10-14T00:45:22Z</time>
      </trkpt>
      <trkpt lat="39.17050513371758" lon="117.77248468708498">
        <ele>1187.4</ele>
        <time>2025-10-14T00:45:23Z</time>
      </trkpt>
      <trkpt lat="39.17052292944157" lon="117.77246630238099">
        <ele>1187.4</ele>
        <time>2025-10-14T00:45:24Z</time>
      </trkpt>
      <trkpt lat="39.170540173545135" lon="117.7724459176057">
        <ele>1110.8</ele>
        <time>2025-10-14T00:45:25Z</time>
      </trkpt>
      <trkpt lat="39.17055851865424" lon="117.77242328375559">
        <ele>1110.8</ele>
        <time>2025-10-14T00:45:26Z</time>
      </trkpt>
      <trkpt lat="39.17057698838511" lon="117.77240095967595">
        <ele>1110.8</ele>
        <time>2025-10-14T00:45:27Z</time>
      </trkpt>
      <trkpt lat="39.17059467293359" lon="117.77238177906041">
        <ele>1110.8</ele>
        <time>2025-10-14T00:45:28Z</time>
      </trkpt>
      <trkpt lat="39.17061323872735" lon="117.77236438472703">
        <ele>1110.8</ele>
        <time>2025-10-14T00:45:29Z</time>
      </trkpt>
      <trkpt lat="39.17063223318997" lon="117.77234809460194">
        <ele>1036.4</ele>
        <time>2025-10-14T00:45:30Z</time>
      </trkpt>
      <trkpt lat="39.17065182142665" lon="117.77233259678448">
        <ele>1036.4</ele>
        <time>2025-10-14T00:45:31Z</time>
      </trkpt>
      <trkpt lat="39.17067192511929" lon="117.77231769124948">
        <ele>1036.4</ele>
        <time>2025-10-14T00:45:32Z</time>
      </trkpt>
      <trkpt lat="39.17069230975836" lon="117.77230307283855">
        <ele>1036.4</ele>
        <time>2025-10-14T00:45:33Z</time>
      </trkpt>
      <trkpt lat="39.17071333761277" lon="117.77228818543624">
        <ele>1036.4</ele>
        <time>2025-10-14T00:45:34Z</time>
      </trkpt>
      <trkpt lat="39.17073528075686" lon="117.77227365859531">
        <ele>964.2</ele>
        <time>2025-10-14T00:45:35Z</time>
      </trkpt>
      <trkpt lat="39.1707560767708" lon="117.77226040791255">
        <ele>964.2</ele>
        <time>2025-10-14T00:45:36Z</time>
      </trkpt>
      <trkpt lat="39.17077912142184" lon="117.77224732020457">
        <ele>964.2</ele>
        <time>2025-10-14T00:45:37Z</time>
      </trkpt>
      <trkpt lat="39.17079959358834" lon="117.7722358875607">
        <ele>964.2</ele>
        <time>2025-10-14T00:45:38Z</time>
      </trkpt>
      <trkpt lat="39.170821314449064" lon="117.77222351366066">
        <ele>964.2</ele>
        <time>2025-10-14T00:45:39Z</time>
      </trkpt>
      <trkpt lat="39.17084184974822" lon="117.77220937351939">
        <ele>894.3</ele>
        <time>2025-10-14T00:45:40Z</time>
      </trkpt>
      <trkpt lat="39.170861628504" lon="117.77219423724351">
        <ele>894.3</ele>
        <time>2025-10-14T00:45:41Z</time>
      </trkpt>
      <trkpt lat="39.17088286788029" lon="117.77217609675483">
        <ele>894.3</ele>
        <time>2025-10-14T00:45:42Z</time>
      </trkpt>
      <trkpt lat="39.17090224222446" lon="117.77215903321509">
        <ele>894.3</ele>
        <time>2025-10-14T00:45:43Z</time>
      </trkpt>
      <trkpt lat="39.170922062123104" lon="117.77214140028097">
        <ele>894.3</ele>
        <time>2025-10-14T00:45:44Z</time>
      </trkpt>
      <trkpt lat="39.170941759360915" lon="117.77212393756331">
        <ele>826.5</ele>
        <time>2025-10-14T00:45:45Z</time>
      </trkpt>
      <trkpt lat="39.1709612969111" lon="117.77210644193131">
        <ele>826.5</ele>
        <time>2025-10-14T00:45:46Z</time>
      </trkpt>
      <trkpt lat="39.17098023825732" lon="117.77208909946098">
        <ele>826.5</ele>
        <time>2025-10-14T00:45:47Z</time>
      </trkpt>
      <trkpt lat="39.17099828189955" lon="117.77207185093722">
        <ele>826.5</ele>
        <time>2025-10-14T00:45:48Z</time>
      </trkpt>
      <trkpt lat="39.17101537145923" lon="117.77205484662316">
        <ele>826.5</ele>
        <time>2025-10-14T00:45:49Z</time>
      </trkpt>
      <trkpt lat="39.171031753717095" lon="117.77203747302282">
        <ele>760.9</ele>
        <time>2025-10-14T00:45:50Z</time>
      </trkpt>
      <trkpt lat="39.17104717208094" lon="117.77201863518337">
        <ele>760.9</ele>
        <time>2025-10-14T00:45:51Z</time>
      </trkpt>
      <trkpt lat="39.17106177454288" lon="117.7719980275721">
        <ele>760.9</ele>
        <time>2025-10-14T00:45:52Z</time>
      </trkpt>
      <trkpt lat="39.17107525271948" lon="117.77197568729191">
        <ele>760.9</ele>
        <time>2025-10-14T00:45:53Z</time>
      </trkpt>
      <trkpt lat="39.171086736325734" lon="117.77195175897214">
        <ele>760.9</ele>
        <time>2025-10-14T00:45:54Z</time>
      </trkpt>
      <trkpt lat="39.17109664975389" lon="117.77192755461569">
        <ele>-500</ele>
        <time>2025-10-14T00:45:55Z</time>
      </trkpt>
      <trkpt lat="39.171105767998775" lon="117.77190037333435">
        <ele>-500</ele>
        <time>2025-10-14T00:45:56Z</time>
      </trkpt>
      <trkpt lat="39.17111310490414" lon="117.7718755521572">
        <ele>-500</ele>
        <time>2025-10-14T00:45:57Z</time>
      </trkpt>
      <trkpt lat="39.17111968892129" lon="117.7718505425318">
        <ele>-500</ele>
        <time>2025-10-14T00:45:58Z</time>
      </trkpt>
      <trkpt lat="39.17112497865478" lon="117.77182525679389">
        <ele>-500</ele>
        <time>2025-10-14T00:45:59Z</time>
      </trkpt>
      <trkpt lat="39.171129152388104" lon="117.77179969861864">
        <ele>636</ele>
        <time>2025-10-14T00:46:00Z</time>
      </trkpt>
      <trkpt lat="39.17113214249756" lon="117.77177291945902">
        <ele>636</ele>
        <time>2025-10-14T00:46:01Z</time>
      </trkpt>
      <trkpt lat="39.171134032570585" lon="117.77174546027081">
        <ele>636</ele>
        <time>2025-10-14T00:46:02Z</time>
      </trkpt>
      <trkpt lat="39.171135434858876" lon="117.7717171500187">
        <ele>636</ele>
        <time>2025-10-14T00:46:03Z</time>
      </trkpt>
      <trkpt lat="39.171136651701346" lon="117.77168877637408">
        <ele>636</ele>
        <time>2025-10-14T00:46:04Z</time>
      </trkpt>
      <trkpt lat="39.171137566214895" lon="117.77166073762304">
        <ele>576.7</ele>
        <time>2025-10-14T00:46:05Z</time>
      </trkpt>
      <trkpt lat="39.17113834706023" lon="117.77163296790201">
        <ele>576.7</ele>
        <time>2025-10-14T00:46:06Z</time>
      </trkpt>
      <trkpt lat="39.171139011869386" lon="117.77160575498115">
        <ele>576.7</ele>
        <time>2025-10-14T00:46:07Z</time>
      </trkpt>
      <trkpt lat="39.17113986734243" lon="117.77157867759087">
        <ele>576.7</ele>
        <time>2025-10-14T00:46:08Z</time>
      </trkpt>
      <trkpt lat="39.171140759717446" lon="117.77155282458577">
        <ele>576.7</ele>
        <time>2025-10-14T00:46:09Z</time>
      </trkpt>
      <trkpt lat="39.171141850487544" lon="117.7715248138652">
        <ele>519.4</ele>
        <time>2025-10-14T00:46:10Z</time>
      </trkpt>
      <trkpt lat="39.17114276981671" lon="117.77150121976307">
        <ele>519.4</ele>
        <time>2025-10-14T00:46:11Z</time>
      </trkpt>
      <trkpt lat="39.171143195412256" lon="117.77147513962841">
        <ele>519.4</ele>
        <time>2025-10-14T00:46:12Z</time>
      </trkpt>
      <trkpt lat="39.17114299882553" lon="117.77145270800277">
        <ele>519.4</ele>
        <time>2025-10-14T00:46:13Z</time>
      </trkpt>
      <trkpt lat="39.17114273053198" lon="117.77142988049577">
        <ele>519.4</ele>
        <time>2025-10-14T00:46:14Z</time>
      </trkpt>
      <trkpt lat="39.171142983459006" lon="117.77140648053822">
        <ele>464</ele>
        <time>2025-10-14T00:46:15Z</time>
      </trkpt>
      <trkpt lat="39.17114339288664" lon="117.77138192299068">
        <ele>464</ele>
        <time>2025-10-14T00:46:16Z</time>
      </trkpt>
      <trkpt lat="39.17114343628966" lon="117.77135623929013">
        <ele>464</ele>
        <time>2025-10-14T00:46:17Z</time>
      </trkpt>
      <trkpt lat="39.171142785083376" lon="117.77132989618728">
        <ele>464</ele>
        <time>2025-10-14T00:46:18Z</time>
      </trkpt>
      <trkpt lat="39.171141961852214" lon="117.77130271753704">
        <ele>464</ele>
        <time>2025-10-14T00:46:19Z</time>
      </trkpt>
      <trkpt lat="39.17114111778154" lon="117.77127428145486">
        <ele>410.7</ele>
        <time>2025-10-14T00:46:20Z</time>
      </trkpt>
      <trkpt lat="39.171140067894875" lon="117.7712450147611">
        <ele>410.7</ele>
        <time>2025-10-14T00:46:21Z</time>
      </trkpt>
      <trkpt lat="39.17113858499021" lon="117.77121495409591">
        <ele>410.7</ele>
        <time>2025-10-14T00:46:22Z</time>
      </trkpt>
      <trkpt lat="39.17113646637889" lon="117.77118126787947">
        <ele>410.7</ele>
        <time>2025-10-14T00:46:23Z</time>
      </trkpt>
      <trkpt lat="39.171134359327944" lon="117.77114937967775">
        <ele>410.7</ele>
        <time>2025-10-14T00:46:24Z</time>
      </trkpt>
      <trkpt lat="39.17113238689789" lon="117.77111693541009">
        <ele>359.3</ele>
        <time>2025-10-14T00:46:25Z</time>
      </trkpt>
      <trkpt lat="39.17113086700147" lon="117.7710845196584">
        <ele>359.3</ele>
        <time>2025-10-14T00:46:26Z</time>
      </trkpt>
      <trkpt lat="39.171129711593444" lon="117.77105224199381">
        <ele>359.3</ele>
        <time>2025-10-14T00:46:27Z</time>
      </trkpt>
      <trkpt lat="39.171128927719025" lon="117.77101998260564">
        <ele>359.3</ele>
        <time>2025-10-14T00:46:28Z</time>
      </trkpt>
      <trkpt lat="39.171128560168505" lon="117.77098802822368">
        <ele>359.3</ele>
        <time>2025-10-14T00:46:29Z</time>
      </trkpt>
      <trkpt lat="39.17112835754746" lon="117.7709563066957">
        <ele>309.7</ele>
        <time>2025-10-14T00:46:30Z</time>
      </trkpt>
      <trkpt lat="39.171128321652944" lon="117.77092497705256">
        <ele>309.7</ele>
        <time>2025-10-14T00:46:31Z</time>
      </trkpt>
      <trkpt lat="39.1711284141808" lon="117.77089383547066">
        <ele>309.7</ele>
        <time>2025-10-14T00:46:32Z</time>
      </trkpt>
      <trkpt lat="39.171128646375294" lon="117.77086275337237">
        <ele>309.7</ele>
        <time>2025-10-14T00:46:33Z</time>
      </trkpt>
      <trkpt lat="39.171128523255966" lon="117.77083069972494">
        <ele>309.7</ele>
        <time>2025-10-14T00:46:34Z</time>
      </trkpt>
      <trkpt lat="39.17112829601521" lon="117.77079847419749">
        <ele>262</ele>
        <time>2025-10-14T00:46:35Z</time>
      </trkpt>
      <trkpt lat="39.171128195093914" lon="117.77076584389047">
        <ele>262</ele>
        <time>2025-10-14T00:46:36Z</time>
      </trkpt>
      <trkpt lat="39.17112906823835" lon="117.77073402426659">
        <ele>262</ele>
        <time>2025-10-14T00:46:37Z</time>
      </trkpt>
      <trkpt lat="39.171130661611734" lon="117.77070186973438">
        <ele>262</ele>
        <time>2025-10-14T00:46:38Z</time>
      </trkpt>
      <trkpt lat="39.171131914930726" lon="117.77066934602082">
        <ele>262</ele>
        <time>2025-10-14T00:46:39Z</time>
      </trkpt>
      <trkpt lat="39.17113215923445" lon="117.77063613358732">
        <ele>216.2</ele>
        <time>2025-10-14T00:46:40Z</time>
      </trkpt>
      <trkpt lat="39.1711313430057" lon="117.77060363420189">
        <ele>216.2</ele>
        <time>2025-10-14T00:46:41Z</time>
      </trkpt>
      <trkpt lat="39.171130553542696" lon="117.77057176337368">
        <ele>216.2</ele>
        <time>2025-10-14T00:46:42Z</time>
      </trkpt>
      <trkpt lat="39.17113010726076" lon="117.77054066985927">
        <ele>216.2</ele>
        <time>2025-10-14T00:46:43Z</time>
      </trkpt>
      <trkpt lat="39.17113009772099" lon="117.77050940513412">
        <ele>216.2</ele>
        <time>2025-10-14T00:46:44Z</time>
      </trkpt>
      <trkpt lat="39.17113027097054" lon="117.77047830796823">
        <ele>172.1</ele>
        <time>2025-10-14T00:46:45Z</time>
      </trkpt>
      <trkpt lat="39.171130690159835" lon="117.77044714667474">
        <ele>172.1</ele>
        <time>2025-10-14T00:46:46Z</time>
      </trkpt>
      <trkpt lat="39.171131548356946" lon="117.770415903851">
        <ele>172.1</ele>
        <time>2025-10-14T00:46:47Z</time>
      </trkpt>
      <trkpt lat="39.171132611605294" lon="117.77038477353938">
        <ele>172.1</ele>
        <time>2025-10-14T00:46:48Z</time>
      </trkpt>
      <trkpt lat="39.17113374616689" lon="117.77035418175817">
        <ele>172.1</ele>
        <time>2025-10-14T00:46:49Z</time>
      </trkpt>
      <trkpt lat="39.1711347686239" lon="117.7703246681935">
        <ele>129.8</ele>
        <time>2025-10-14T00:46:50Z</time>
      </trkpt>
      <trkpt lat="39.17113570525089" lon="117.77029649727858">
        <ele>129.8</ele>
        <time>2025-10-14T00:46:51Z</time>
      </trkpt>
      <trkpt lat="39.171136637569035" lon="117.77026656075239">
        <ele>129.8</ele>
        <time>2025-10-14T00:46:52Z</time>
      </trkpt>
      <trkpt lat="39.17113730056736" lon="117.77023978115973">
        <ele>129.8</ele>
        <time>2025-10-14T00:46:53Z</time>
      </trkpt>
      <trkpt lat="39.17113783059198" lon="117.7702125385743">
        <ele>129.8</ele>
        <time>2025-10-14T00:46:54Z</time>
      </trkpt>
      <trkpt lat="39.17113837655342" lon="117.77018497138864">
        <ele>-500</ele>
        <time>2025-10-14T00:46:55Z</time>
      </trkpt>
      <trkpt lat="39.171138899994574" lon="117.7701569529323">
        <ele>-500</ele>
        <time>2025-10-14T00:46:56Z</time>
      </trkpt>
      <trkpt lat="39.171139394018454" lon="117.77012845018179">
        <ele>-500</ele>
        <time>2025-10-14T00:46:57Z</time>
      </trkpt>
      <trkpt lat="39.17113978259355" lon="117.77009971123604">
        <ele>-500</ele>
        <time>2025-10-14T00:46:58Z</time>
      </trkpt>
      <trkpt lat="39.17114029529377" lon="117.77007055303653">
        <ele>-500</ele>
        <time>2025-10-14T00:46:59Z</time>
      </trkpt>
      <trkpt lat="39.171141052141294" lon="117.77004190766722">
        <ele>50.3</ele>
        <time>2025-10-14T00:47:00Z</time>
      </trkpt>
      <trkpt lat="39.171142202098814" lon="117.77001290359864">
        <ele>50.3</ele>
        <time>2025-10-14T00:47:01Z</time>
      </trkpt>
      <trkpt lat="39.17114373041313" lon="117.76998366147693">
        <ele>50.3</ele>
        <time>2025-10-14T00:47:02Z</time>
      </trkpt>
      <trkpt lat="39.17114570670708" lon="117.76995282901298">
        <ele>50.3</ele>
        <time>2025-10-14T00:47:03Z</time>
      </trkpt>
      <trkpt lat="39.17114790879047" lon="117.76992110406077">
        <ele>50.3</ele>
        <time>2025-10-14T00:47:04Z</time>
      </trkpt>
      <trkpt lat="39.17114995722868" lon="117.76988744577434">
        <ele>13.1</ele>
        <time>2025-10-14T00:47:05Z</time>
      </trkpt>
      <trkpt lat="39.171151196707896" lon="117.76985339450107">
        <ele>13.1</ele>
        <time>2025-10-14T00:47:06Z</time>
      </trkpt>
      <trkpt lat="39.17115138967633" lon="117.76982178648593">
        <ele>13.1</ele>
        <time>2025-10-14T00:47:07Z</time>
      </trkpt>
      <trkpt lat="39.17115057113971" lon="117.76978824511572">
        <ele>13.1</ele>
        <time>2025-10-14T00:47:08Z</time>
      </trkpt>
      <trkpt lat="39.17114945346641" lon="117.76975484466011">
        <ele>13.1</ele>
        <time>2025-10-14T00:47:09Z</time>
      </trkpt>
      <trkpt lat="39.17114824492675" lon="117.76972147299142">
        <ele>-22.5</ele>
        <time>2025-10-14T00:47:10Z</time>
      </trkpt>
      <trkpt lat="39.17114749268905" lon="117.76968854010522">
        <ele>-22.5</ele>
        <time>2025-10-14T00:47:11Z</time>
      </trkpt>
      <trkpt lat="39.17114720501418" lon="117.76965618268058">
        <ele>-22.5</ele>
        <time>2025-10-14T00:47:12Z</time>
      </trkpt>
      <trkpt lat="39.171147556988124" lon="117.76962110339912">
        <ele>-22.5</ele>
        <time>2025-10-14T00:47:13Z</time>
      </trkpt>
      <trkpt lat="39.171148132634364" lon="117.76958876865444">
        <ele>-22.5</ele>
        <time>2025-10-14T00:47:14Z</time>
      </trkpt>
      <trkpt lat="39.17114841292444" lon="117.76955620772705">
        <ele>-56.6</ele>
        <time>2025-10-14T00:47:15Z</time>
      </trkpt>
      <trkpt lat="39.17114759437496" lon="117.7695237436228">
        <ele>-56.6</ele>
        <time>2025-10-14T00:47:16Z</time>
      </trkpt>
      <trkpt lat="39.171145939881384" lon="117.76949147727453">
        <ele>-56.6</ele>
        <time>2025-10-14T00:47:17Z</time>
      </trkpt>
      <trkpt lat="39.171143781654635" lon="117.76946043809019">
        <ele>-56.6</ele>
        <time>2025-10-14T00:47:18Z</time>
      </trkpt>
      <trkpt lat="39.17114192085449" lon="117.76943094690324">
        <ele>-56.6</ele>
        <time>2025-10-14T00:47:19Z</time>
      </trkpt>
      <trkpt lat="39.17114046617071" lon="117.7694026169273">
        <ele>-89.1</ele>
        <time>2025-10-14T00:47:20Z</time>
      </trkpt>
      <trkpt lat="39.17113982042523" lon="117.76937139926687">
        <ele>-89.1</ele>
        <time>2025-10-14T00:47:21Z</time>
      </trkpt>
      <trkpt lat="39.17114002069601" lon="117.76934293421225">
        <ele>-89.1</ele>
        <time>2025-10-14T00:47:22Z</time>
      </trkpt>
      <trkpt lat="39.17114109236288" lon="117.76931424874209">
        <ele>-89.1</ele>
        <time>2025-10-14T00:47:23Z</time>
      </trkpt>
      <trkpt lat="39.17114277646316" lon="117.7692857594946">
        <ele>-89.1</ele>
        <time>2025-10-14T00:47:24Z</time>
      </trkpt>
      <trkpt lat="39.17114470845602" lon="117.76925696338353">
        <ele>-120.1</ele>
        <time>2025-10-14T00:47:25Z</time>
      </trkpt>
      <trkpt lat="39.171146578101364" lon="117.76922788146956">
        <ele>-120.1</ele>
        <time>2025-10-14T00:47:26Z</time>
      </trkpt>
      <trkpt lat="39.17114815742299" lon="117.7692020964674">
        <ele>-120.1</ele>
        <time>2025-10-14T00:47:27Z</time>
      </trkpt>
      <trkpt lat="39.171149742071606" lon="117.76917430053203">
        <ele>-120.1</ele>
        <time>2025-10-14T00:47:28Z</time>
      </trkpt>
      <trkpt lat="39.17115109186429" lon="117.76914717304217">
        <ele>-120.1</ele>
        <time>2025-10-14T00:47:29Z</time>
      </trkpt>
      <trkpt lat="39.171152152342415" lon="117.76911949507216">
        <ele>-149.7</ele>
        <time>2025-10-14T00:47:30Z</time>
      </trkpt>
      <trkpt lat="39.17115222349336" lon="117.76909082724143">
        <ele>-149.7</ele>
        <time>2025-10-14T00:47:31Z</time>
      </trkpt>
      <trkpt lat="39.17115138882119" lon="117.76906086208919">
        <ele>-149.7</ele>
        <time>2025-10-14T00:47:32Z</time>
      </trkpt>
      <trkpt lat="39.17114986807611" lon="117.76902912108686">
        <ele>-149.7</ele>
        <time>2025-10-14T00:47:33Z</time>
      </trkpt>
      <trkpt lat="39.171148279111705" lon="117.76899939496319">
        <ele>-149.7</ele>
        <time>2025-10-14T00:47:34Z</time>
      </trkpt>
      <trkpt lat="39.17114697341837" lon="117.76896602340118">
        <ele>-177.8</ele>
        <time>2025-10-14T00:47:35Z</time>
      </trkpt>
      <trkpt lat="39.17114634369303" lon="117.76893263407946">
        <ele>-177.8</ele>
        <time>2025-10-14T00:47:36Z</time>
      </trkpt>
      <trkpt lat="39.17114644032782" lon="117.76889846866035">
        <ele>-177.8</ele>
        <time>2025-10-14T00:47:37Z</time>
      </trkpt>
      <trkpt lat="39.17114744960238" lon="117.7688644676552">
        <ele>-177.8</ele>
        <time>2025-10-14T00:47:38Z</time>
      </trkpt>
      <trkpt lat="39.17114881834845" lon="117.7688305206806">
        <ele>-177.8</ele>
        <time>2025-10-14T00:47:39Z</time>
      </trkpt>
      <trkpt lat="39.171150325049894" lon="117.76879675096997">
        <ele>-204.5</ele>
        <time>2025-10-14T00:47:40Z</time>
      </trkpt>
      <trkpt lat="39.17115191161356" lon="117.76876329194633">
        <ele>-204.5</ele>
        <time>2025-10-14T00:47:41Z</time>
      </trkpt>
      <trkpt lat="39.17115348129819" lon="117.7687302129123">
        <ele>-204.5</ele>
        <time>2025-10-14T00:47:42Z</time>
      </trkpt>
      <trkpt lat="39.171154903556115" lon="117.76869750591952">
        <ele>-204.5</ele>
        <time>2025-10-14T00:47:43Z</time>
      </trkpt>
      <trkpt lat="39.171156568363834" lon="117.76866491479396">
        <ele>-204.5</ele>
        <time>2025-10-14T00:47:44Z</time>
      </trkpt>
      <trkpt lat="39.17115765984264" lon="117.7686325007183">
        <ele>-229.9</ele>
        <time>2025-10-14T00:47:45Z</time>
      </trkpt>
      <trkpt lat="39.17115827266388" lon="117.76860018013669">
        <ele>-229.9</ele>
        <time>2025-10-14T00:47:46Z</time>
      </trkpt>
      <trkpt lat="39.17115783723763" lon="117.76856813274728">
        <ele>-229.9</ele>
        <time>2025-10-14T00:47:47Z</time>
      </trkpt>
      <trkpt lat="39.171157666175276" lon="117.76853603081673">
        <ele>-229.9</ele>
        <time>2025-10-14T00:47:48Z</time>
      </trkpt>
      <trkpt lat="39.1711576774911" lon="117.76850290509883">
        <ele>-229.9</ele>
        <time>2025-10-14T00:47:49Z</time>
      </trkpt>
      <trkpt lat="39.17115781940116" lon="117.76847211866024">
        <ele>-253.9</ele>
        <time>2025-10-14T00:47:50Z</time>
      </trkpt>
      <trkpt lat="39.17115726629585" lon="117.76844143725607">
        <ele>-253.9</ele>
        <time>2025-10-14T00:47:51Z</time>
      </trkpt>
      <trkpt lat="39.17115599597811" lon="117.76840875410815">
        <ele>-253.9</ele>
        <time>2025-10-14T00:47:52Z</time>
      </trkpt>
      <trkpt lat="39.17115378720359" lon="117.76837479710125">
        <ele>-253.9</ele>
        <time>2025-10-14T00:47:53Z</time>
      </trkpt>
      <trkpt lat="39.17115186688689" lon="117.76833696828206">
        <ele>-253.9</ele>
        <time>2025-10-14T00:47:54Z</time>
      </trkpt>
      <trkpt lat="39.171150421894914" lon="117.76830252623515">
        <ele>-500</ele>
        <time>2025-10-14T00:47:55Z</time>
      </trkpt>
      <trkpt lat="39.1711497866535" lon="117.76827013297806">
        <ele>-500</ele>
        <time>2025-10-14T00:47:56Z</time>
      </trkpt>
      <trkpt lat="39.17114931653634" lon="117.7682385107627">
        <ele>-500</ele>
        <time>2025-10-14T00:47:57Z</time>
      </trkpt>
      <trkpt lat="39.17114901873043" lon="117.76820717060578">
        <ele>-500</ele>
        <time>2025-10-14T00:47:58Z</time>
      </trkpt>
      <trkpt lat="39.171148841357606" lon="117.7681758025814">
        <ele>-500</ele>
        <time>2025-10-14T00:47:59Z</time>
      </trkpt>
      <trkpt lat="39.17114885009021" lon="117.768144547304">
        <ele>-298.1</ele>
        <time>2025-10-14T00:48:00Z</time>
      </trkpt>
      <trkpt lat="39.17114908052579" lon="117.76811315678303">
        <ele>-298.1</ele>
        <time>2025-10-14T00:48:01Z</time>
      </trkpt>
      <trkpt lat="39.17114953997461" lon="117.76808161991966">
        <ele>-298.1</ele>
        <time>2025-10-14T00:48:02Z</time>
      </trkpt>
      <trkpt lat="39.17115009275274" lon="117.76805404024294">
        <ele>-298.1</ele>
        <time>2025-10-14T00:48:03Z</time>
      </trkpt>
      <trkpt lat="39.17115075590108" lon="117.76802724459365">
        <ele>-298.1</ele>
        <time>2025-10-14T00:48:04Z</time>
      </trkpt>
      <trkpt lat="39.171151576880675" lon="117.76799719023357">
        <ele>-318.4</ele>
        <time>2025-10-14T00:48:05Z</time>
      </trkpt>
      <trkpt lat="39.17115242778083" lon="117.76796680415707">
        <ele>-318.4</ele>
        <time>2025-10-14T00:48:06Z</time>
      </trkpt>
      <trkpt lat="39.17115337201076" lon="117.76793126537649">
        <ele>-318.4</ele>
        <time>2025-10-14T00:48:07Z</time>
      </trkpt>
      <trkpt lat="39.17115413982928" lon="117.76789930256074">
        <ele>-318.4</ele>
        <time>2025-10-14T00:48:08Z</time>
      </trkpt>
      <trkpt lat="39.17115480159037" lon="117.76786714449878">
        <ele>-318.4</ele>
        <time>2025-10-14T00:48:09Z</time>
      </trkpt>
      <trkpt lat="39.17115534559641" lon="117.76783602723796">
        <ele>-337.5</ele>
        <time>2025-10-14T00:48:10Z</time>
      </trkpt>
      <trkpt lat="39.17115583141474" lon="117.76780499195208">
        <ele>-337.5</ele>
        <time>2025-10-14T00:48:11Z</time>
      </trkpt>
      <trkpt lat="39.17115629374241" lon="117.7677742957025">
        <ele>-337.5</ele>
        <time>2025-10-14T00:48:12Z</time>
      </trkpt>
      <trkpt lat="39.17115676078174" lon="117.76774397392946">
        <ele>-337.5</ele>
        <time>2025-10-14T00:48:13Z</time>
      </trkpt>
      <trkpt lat="39.171157236953874" lon="117.76771377774895">
        <ele>-337.5</ele>
        <time>2025-10-14T00:48:14Z</time>
      </trkpt>
      <trkpt lat="39.17115771885675" lon="117.76768361511303">
        <ele>-355.4</ele>
        <time>2025-10-14T00:48:15Z</time>
      </trkpt>
      <trkpt lat="39.171158220467724" lon="117.76765321526726">
        <ele>-355.4</ele>
        <time>2025-10-14T00:48:16Z</time>
      </trkpt>
      <trkpt lat="39.17115874111346" lon="117.76762305138743">
        <ele>-355.4</ele>
        <time>2025-10-14T00:48:17Z</time>
      </trkpt>
      <trkpt lat="39.17115945012448" lon="117.7675889141904">
        <ele>-355.4</ele>
        <time>2025-10-14T00:48:18Z</time>
      </trkpt>
      <trkpt lat="39.17116013790473" lon="117.76755846404869">
        <ele>-355.4</ele>
        <time>2025-10-14T00:48:19Z</time>
      </trkpt>
      <trkpt lat="39.17116093054155" lon="117.7675277488508">
        <ele>-372.1</ele>
        <time>2025-10-14T00:48:20Z</time>
      </trkpt>
      <trkpt lat="39.171161788242074" lon="117.7674976778767">
        <ele>-372.1</ele>
        <time>2025-10-14T00:48:21Z</time>
      </trkpt>
      <trkpt lat="39.17116267908773" lon="117.76746786900698">
        <ele>-372.1</ele>
        <time>2025-10-14T00:48:22Z</time>
      </trkpt>
      <trkpt lat="39.17116355812968" lon="117.76743822023944">
        <ele>-372.1</ele>
        <time>2025-10-14T00:48:23Z</time>
      </trkpt>
      <trkpt lat="39.1711644013142" lon="117.76740840166954">
        <ele>-372.1</ele>
        <time>2025-10-14T00:48:24Z</time>
      </trkpt>
      <trkpt lat="39.17116519463912" lon="117.76737834867382">
        <ele>-387.8</ele>
        <time>2025-10-14T00:48:25Z</time>
      </trkpt>
      <trkpt lat="39.17116593723585" lon="117.76734843831115">
        <ele>-387.8</ele>
        <time>2025-10-14T00:48:26Z</time>
      </trkpt>
      <trkpt lat="39.1711666452288" lon="117.7673187055546">
        <ele>-387.8</ele>
        <time>2025-10-14T00:48:27Z</time>
      </trkpt>
      <trkpt lat="39.17116732131217" lon="117.76728894035034">
        <ele>-387.8</ele>
        <time>2025-10-14T00:48:28Z</time>
      </trkpt>
      <trkpt lat="39.1711679776286" lon="117.76725882095371">
        <ele>-387.8</ele>
        <time>2025-10-14T00:48:29Z</time>
      </trkpt>
      <trkpt lat="39.17116861895664" lon="117.76722845445553">
        <ele>-402.4</ele>
        <time>2025-10-14T00:48:30Z</time>
      </trkpt>
      <trkpt lat="39.17116922995416" lon="117.76719804146674">
        <ele>-402.4</ele>
        <time>2025-10-14T00:48:31Z</time>
      </trkpt>
      <trkpt lat="39.171170016482414" lon="117.76716331358548">
        <ele>-402.4</ele>
        <time>2025-10-14T00:48:32Z</time>
      </trkpt>
      <trkpt lat="39.171170753879565" lon="117.76713146685235">
        <ele>-402.4</ele>
        <time>2025-10-14T00:48:33Z</time>
      </trkpt>
      <trkpt lat="39.17117166697762" lon="117.76709902961136">
        <ele>-402.4</ele>
        <time>2025-10-14T00:48:34Z</time>
      </trkpt>
      <trkpt lat="39.17117281930494" lon="117.76706707368727">
        <ele>-416</ele>
        <time>2025-10-14T00:48:35Z</time>
      </trkpt>
      <trkpt lat="39.17117428073363" lon="117.76703567194862">
        <ele>-416</ele>
        <time>2025-10-14T00:48:36Z</time>
      </trkpt>
      <trkpt lat="39.171176149795215" lon="117.76700494074448">
        <ele>-416</ele>
        <time>2025-10-14T00:48:37Z</time>
      </trkpt>
      <trkpt lat="39.17117852185695" lon="117.76697481626799">
        <ele>-416</ele>
        <time>2025-10-14T00:48:38Z</time>
      </trkpt>
      <trkpt lat="39.17118141025885" lon="117.76694560326472">
        <ele>-416</ele>
        <time>2025-10-14T00:48:39Z</time>
      </trkpt>
      <trkpt lat="39.17118474291573" lon="117.76691685460015">
        <ele>-428.6</ele>
        <time>2025-10-14T00:48:40Z</time>
      </trkpt>
      <trkpt lat="39.17118809002667" lon="117.76689300843158">
        <ele>-428.6</ele>
        <time>2025-10-14T00:48:41Z</time>
      </trkpt>
      <trkpt lat="39.17119151866014" lon="117.76686631761876">
        <ele>-428.6</ele>
        <time>2025-10-14T00:48:42Z</time>
      </trkpt>
      <trkpt lat="39.17119675877559" lon="117.76683963185641">
        <ele>-428.6</ele>
        <time>2025-10-14T00:48:43Z</time>
      </trkpt>
      <trkpt lat="39.17120149965741" lon="117.76680973562395">
        <ele>-428.6</ele>
        <time>2025-10-14T00:48:44Z</time>
      </trkpt>
      <trkpt lat="39.17120254401199" lon="117.76677681188326">
        <ele>-440.2</ele>
        <time>2025-10-14T00:48:45Z</time>
      </trkpt>
      <trkpt lat="39.17120038970731" lon="117.76674258257557">
        <ele>-440.2</ele>
        <time>2025-10-14T00:48:46Z</time>
      </trkpt>
      <trkpt lat="39.17119762827867" lon="117.76670504590625">
        <ele>-440.2</ele>
        <time>2025-10-14T00:48:47Z</time>
      </trkpt>
      <trkpt lat="39.17119705202351" lon="117.76667212381106">
        <ele>-440.2</ele>
        <time>2025-10-14T00:48:48Z</time>
      </trkpt>
      <trkpt lat="39.171196225710005" lon="117.76663901129785">
        <ele>-440.2</ele>
        <time>2025-10-14T00:48:49Z</time>
      </trkpt>
      <trkpt lat="39.171195385813725" lon="117.76660659081233">
        <ele>-450.9</ele>
        <time>2025-10-14T00:48:50Z</time>
      </trkpt>
      <trkpt lat="39.17119427054174" lon="117.76657393458282">
        <ele>-450.9</ele>
        <time>2025-10-14T00:48:51Z</time>
      </trkpt>
      <trkpt lat="39.17119301468066" lon="117.76654137416774">
        <ele>-450.9</ele>
        <time>2025-10-14T00:48:52Z</time>
      </trkpt>
      <trkpt lat="39.17119176293711" lon="117.76650891032696">
        <ele>-450.9</ele>
        <time>2025-10-14T00:48:53Z</time>
      </trkpt>
      <trkpt lat="39.171190703717" lon="117.76647637996167">
        <ele>-450.9</ele>
        <time>2025-10-14T00:48:54Z</time>
      </trkpt>
      <trkpt lat="39.171189990871966" lon="117.76644394898693">
        <ele>-500</ele>
        <time>2025-10-14T00:48:55Z</time>
      </trkpt>
      <trkpt lat="39.171189953737034" lon="117.76641139400932">
        <ele>-500</ele>
        <time>2025-10-14T00:48:56Z</time>
      </trkpt>
      <trkpt lat="39.17119076090653" lon="117.76637898919542">
        <ele>-500</ele>
        <time>2025-10-14T00:48:57Z</time>
      </trkpt>
      <trkpt lat="39.17119258369855" lon="117.76634725379368">
        <ele>-500</ele>
        <time>2025-10-14T00:48:58Z</time>
      </trkpt>
      <trkpt lat="39.17119490885055" lon="117.76632021377786">
        <ele>-500</ele>
        <time>2025-10-14T00:48:59Z</time>
      </trkpt>
      <trkpt lat="39.171198407391714" lon="117.76629491814747">
        <ele>-469.6</ele>
        <time>2025-10-14T00:49:00Z</time>
      </trkpt>
      <trkpt lat="39.17120403885889" lon="117.76626707664308">
        <ele>-469.6</ele>
        <time>2025-10-14T00:49:01Z</time>
      </trkpt>
      <trkpt lat="39.17121113074526" lon="117.7662399306217">
        <ele>-469.6</ele>
        <time>2025-10-14T00:49:02Z</time>
      </trkpt>
      <trkpt lat="39.17121973828752" lon="117.76621276411615">
        <ele>-469.6</ele>
        <time>2025-10-14T00:49:03Z</time>
      </trkpt>
      <trkpt lat="39.171229553757826" lon="117.76618645497327">
        <ele>-469.6</ele>
        <time>2025-10-14T00:49:04Z</time>
      </trkpt>
      <trkpt lat="39.17124039595048" lon="117.76616045553435">
        <ele>-477.7</ele>
        <time>2025-10-14T00:49:05Z</time>
      </trkpt>
      <trkpt lat="39.17125193171832" lon="117.7661349268062">
        <ele>-477.7</ele>
        <time>2025-10-14T00:49:06Z</time>
      </trkpt>
      <trkpt lat="39.17126395798417" lon="117.76610944189156">
        <ele>-477.7</ele>
        <time>2025-10-14T00:49:07Z</time>
      </trkpt>
      <trkpt lat="39.17127600300445" lon="117.76608447362311">
        <ele>-477.7</ele>
        <time>2025-10-14T00:49:08Z</time>
      </trkpt>
      <trkpt lat="39.171287882570155" lon="117.76605951506596">
        <ele>-477.7</ele>
        <time>2025-10-14T00:49:09Z</time>
      </trkpt>
      <trkpt lat="39.17129935109654" lon="117.7660345411385">
        <ele>-484.9</ele>
        <time>2025-10-14T00:49:10Z</time>
      </trkpt>
      <trkpt lat="39.1713103443551" lon="117.76600895979234">
        <ele>-484.9</ele>
        <time>2025-10-14T00:49:11Z</time>
      </trkpt>
      <trkpt lat="39.1713206741659" lon="117.76598307091878">
        <ele>-484.9</ele>
        <time>2025-10-14T00:49:12Z</time>
      </trkpt>
      <trkpt lat="39.17133030579945" lon="117.76595682997122">
        <ele>-484.9</ele>
        <time>2025-10-14T00:49:13Z</time>
      </trkpt>
      <trkpt lat="39.171339172055994" lon="117.76593035281999">
        <ele>-484.9</ele>
        <time>2025-10-14T00:49:14Z</time>
      </trkpt>
      <trkpt lat="39.17134922023729" lon="117.7658995312356">
        <ele>-491.4</ele>
        <time>2025-10-14T00:49:15Z</time>
      </trkpt>
      <trkpt lat="39.171357848361026" lon="117.76587102433736">
        <ele>-491.4</ele>
        <time>2025-10-14T00:49:16Z</time>
      </trkpt>
      <trkpt lat="39.17136524312491" lon="117.76584120430813">
        <ele>-491.4</ele>
        <time>2025-10-14T00:49:17Z</time>
      </trkpt>
      <trkpt lat="39.17136849335487" lon="117.76581144508174">
        <ele>-491.4</ele>
        <time>2025-10-14T00:49:18Z</time>
      </trkpt>
      <trkpt lat="39.171369263028005" lon="117.76578127590899">
        <ele>-491.4</ele>
        <time>2025-10-14T00:49:19Z</time>
      </trkpt>
      <trkpt lat="39.17136830190817" lon="117.76575128407478">
        <ele>-497.1</ele>
        <time>2025-10-14T00:49:20Z</time>
      </trkpt>
      <trkpt lat="39.171366553355526" lon="117.76572148996947">
        <ele>-497.1</ele>
        <time>2025-10-14T00:49:21Z</time>
      </trkpt>
      <trkpt lat="39.171364623865706" lon="117.76569193948765">
        <ele>-497.1</ele>
        <time>2025-10-14T00:49:22Z</time>
      </trkpt>
      <trkpt lat="39.17136261595233" lon="117.76566250057269">
        <ele>-497.1</ele>
        <time>2025-10-14T00:49:23Z</time>
      </trkpt>
      <trkpt lat="39.17136042087406" lon="117.76563330462992">
        <ele>-497.1</ele>
        <time>2025-10-14T00:49:24Z</time>
      </trkpt>
      <trkpt lat="39.17135807187685" lon="117.76560402446519">
        <ele>-502.1</ele>
        <time>2025-10-14T00:49:25Z</time>
      </trkpt>
      <trkpt lat="39.171355582916775" lon="117.76557469487791">
        <ele>-502.1</ele>
        <time>2025-10-14T00:49:26Z</time>
      </trkpt>
      <trkpt lat="39.171353046624276" lon="117.76554545911851">
        <ele>-502.1</ele>
        <time>2025-10-14T00:49:27Z</time>
      </trkpt>
      <trkpt lat="39.17135051359487" lon="117.76551679574554">
        <ele>-502.1</ele>
        <time>2025-10-14T00:49:28Z</time>
      </trkpt>
      <trkpt lat="39.17134786169555" lon="117.76548558642227">
        <ele>-502.1</ele>
        <time>2025-10-14T00:49:29Z</time>
      </trkpt>
      <trkpt lat="39.1713456921102" lon="117.76545799786251">
        <ele>-506.3</ele>
        <time>2025-10-14T00:49:30Z</time>
      </trkpt>
      <trkpt lat="39.17134353904844" lon="117.76542702996086">
        <ele>-506.3</ele>
        <time>2025-10-14T00:49:31Z</time>
      </trkpt>
      <trkpt lat="39.17134170839555" lon="117.7653991838399">
        <ele>-506.3</ele>
        <time>2025-10-14T00:49:32Z</time>
      </trkpt>
      <trkpt lat="39.17133995017032" lon="117.76537073587234">
        <ele>-506.3</ele>
        <time>2025-10-14T00:49:33Z</time>
      </trkpt>
      <trkpt lat="39.17133831650374" lon="117.76534284417207">
        <ele>-506.3</ele>
        <time>2025-10-14T00:49:34Z</time>
      </trkpt>
      <trkpt lat="39.17133672239971" lon="117.76531484231693">
        <ele>-509.9</ele>
        <time>2025-10-14T00:49:35Z</time>
      </trkpt>
      <trkpt lat="39.17133496899418" lon="117.76528687600063">
        <ele>-509.9</ele>
        <time>2025-10-14T00:49:36Z</time>
      </trkpt>
      <trkpt lat="39.17133259947526" lon="117.76525910860806">
        <ele>-509.9</ele>
        <time>2025-10-14T00:49:37Z</time>
      </trkpt>
      <trkpt lat="39.1713300063525" lon="117.76523157877637">
        <ele>-509.9</ele>
        <time>2025-10-14T00:49:38Z</time>
      </trkpt>
      <trkpt lat="39.1713272300007" lon="117.76520358344305">
        <ele>-509.9</ele>
        <time>2025-10-14T00:49:39Z</time>
      </trkpt>
      <trkpt lat="39.17132459954078" lon="117.76517532291358">
        <ele>-512.8</ele>
        <time>2025-10-14T00:49:40Z</time>
      </trkpt>
      <trkpt lat="39.17132179448793" lon="117.76514659864118">
        <ele>-512.8</ele>
        <time>2025-10-14T00:49:41Z</time>
      </trkpt>
      <trkpt lat="39.171318543718286" lon="117.76511493955464">
        <ele>-512.8</ele>
        <time>2025-10-14T00:49:42Z</time>
      </trkpt>
      <trkpt lat="39.17131549309931" lon="117.76508533087622">
        <ele>-512.8</ele>
        <time>2025-10-14T00:49:43Z</time>
      </trkpt>
      <trkpt lat="39.17131237133109" lon="117.76505520583709">
        <ele>-512.8</ele>
        <time>2025-10-14T00:49:44Z</time>
      </trkpt>
      <trkpt lat="39.171309206650356" lon="117.76502510510466">
        <ele>-515.1</ele>
        <time>2025-10-14T00:49:45Z</time>
      </trkpt>
      <trkpt lat="39.1713057874943" lon="117.76499490136337">
        <ele>-515.1</ele>
        <time>2025-10-14T00:49:46Z</time>
      </trkpt>
      <trkpt lat="39.1713020188799" lon="117.76496441895922">
        <ele>-515.1</ele>
        <time>2025-10-14T00:49:47Z</time>
      </trkpt>
      <trkpt lat="39.171297824118" lon="117.76493349165615">
        <ele>-515.1</ele>
        <time>2025-10-14T00:49:48Z</time>
      </trkpt>
      <trkpt lat="39.17129330946252" lon="117.76490220600633">
        <ele>-515.1</ele>
        <time>2025-10-14T00:49:49Z</time>
      </trkpt>
      <trkpt lat="39.17128849958034" lon="117.76487051097662">
        <ele>-516.8</ele>
        <time>2025-10-14T00:49:50Z</time>
      </trkpt>
      <trkpt lat="39.17128278080753" lon="117.76483837966332">
        <ele>-516.8</ele>
        <time>2025-10-14T00:49:51Z</time>
      </trkpt>
      <trkpt lat="39.171276385113394" lon="117.76480559412377">
        <ele>-516.8</ele>
        <time>2025-10-14T00:49:52Z</time>
      </trkpt>
      <trkpt lat="39.17126940370531" lon="117.76477232575742">
        <ele>-516.8</ele>
        <time>2025-10-14T00:49:53Z</time>
      </trkpt>
      <trkpt lat="39.171262263756425" lon="117.7647391166279">
        <ele>-516.8</ele>
        <time>2025-10-14T00:49:54Z</time>
      </trkpt>
      <trkpt lat="39.17125489051277" lon="117.76470606411135">
        <ele>-500</ele>
        <time>2025-10-14T00:49:55Z</time>
      </trkpt>
      <trkpt lat="39.17124646257079" lon="117.76466990578011">
        <ele>-500</ele>
        <time>2025-10-14T00:49:56Z</time>
      </trkpt>
      <trkpt lat="39.171238617385995" lon="117.76463656331023">
        <ele>-500</ele>
        <time>2025-10-14T00:49:57Z</time>
      </trkpt>
      <trkpt lat="39.171230140869405" lon="117.76460078751597">
        <ele>-500</ele>
        <time>2025-10-14T00:49:58Z</time>
      </trkpt>
      <trkpt lat="39.171222511092665" lon="117.76456923846962">
        <ele>-500</ele>
        <time>2025-10-14T00:49:59Z</time>
      </trkpt>
      <trkpt lat="39.17121468012538" lon="117.7645384458261">
        <ele>-518.4</ele>
        <time>2025-10-14T00:50:00Z</time>
      </trkpt>
      <trkpt lat="39.171206612807936" lon="117.76450891058379">
        <ele>-518.4</ele>
        <time>2025-10-14T00:50:01Z</time>
      </trkpt>
      <trkpt lat="39.17119821148052" lon="117.76447974583178">
        <ele>-518.4</ele>
        <time>2025-10-14T00:50:02Z</time>
      </trkpt>
      <trkpt lat="39.17118919475113" lon="117.76445078618923">
        <ele>-518.4</ele>
        <time>2025-10-14T00:50:03Z</time>
      </trkpt>
      <trkpt lat="39.17117939337722" lon="117.76442198333571">
        <ele>-518.4</ele>
        <time>2025-10-14T00:50:04Z</time>
      </trkpt>
      <trkpt lat="39.17116911180464" lon="117.7643929734528">
        <ele>-518.6</ele>
        <time>2025-10-14T00:50:05Z</time>
      </trkpt>
      <trkpt lat="39.171158904683715" lon="117.76436370794136">
        <ele>-518.6</ele>
        <time>2025-10-14T00:50:06Z</time>
      </trkpt>
      <trkpt lat="39.17114936458631" lon="117.76433409665165">
        <ele>-518.6</ele>
        <time>2025-10-14T00:50:07Z</time>
      </trkpt>
      <trkpt lat="39.17114036232529" lon="117.76430394954377">
        <ele>-518.6</ele>
        <time>2025-10-14T00:50:08Z</time>
      </trkpt>
      <trkpt lat="39.171131619086836" lon="117.76427313078993">
        <ele>-518.6</ele>
        <time>2025-10-14T00:50:09Z</time>
      </trkpt>
      <trkpt lat="39.17112384737011" lon="117.76424456716498">
        <ele>-518.1</ele>
        <time>2025-10-14T00:50:10Z</time>
      </trkpt>
      <trkpt lat="39.17111606017676" lon="117.76421334565322">
        <ele>-518.1</ele>
        <time>2025-10-14T00:50:11Z</time>
      </trkpt>
      <trkpt lat="39.17110870811144" lon="117.76418186326674">
        <ele>-518.1</ele>
        <time>2025-10-14T00:50:12Z</time>
      </trkpt>
      <trkpt lat="39.17110121064151" lon="117.76414923113632">
        <ele>-518.1</ele>
        <time>2025-10-14T00:50:13Z</time>
      </trkpt>
      <trkpt lat="39.17109298102965" lon="117.76411597807977">
        <ele>-518.1</ele>
        <time>2025-10-14T00:50:14Z</time>
      </trkpt>
      <trkpt lat="39.17108439875447" lon="117.76408255622808">
        <ele>-517.1</ele>
        <time>2025-10-14T00:50:15Z</time>
      </trkpt>
      <trkpt lat="39.171075933590835" lon="117.76404966061183">
        <ele>-517.1</ele>
        <time>2025-10-14T00:50:16Z</time>
      </trkpt>
      <trkpt lat="39.17106789661419" lon="117.76401728464089">
        <ele>-517.1</ele>
        <time>2025-10-14T00:50:17Z</time>
      </trkpt>
      <trkpt lat="39.17105992214984" lon="117.76398531714916">
        <ele>-517.1</ele>
        <time>2025-10-14T00:50:18Z</time>
      </trkpt>
      <trkpt lat="39.17105168096766" lon="117.76395365452906">
        <ele>-517.1</ele>
        <time>2025-10-14T00:50:19Z</time>
      </trkpt>
      <trkpt lat="39.17104291018986" lon="117.76392183154178">
        <ele>-515.7</ele>
        <time>2025-10-14T00:50:20Z</time>
      </trkpt>
      <trkpt lat="39.171033912440954" lon="117.76389010638133">
        <ele>-515.7</ele>
        <time>2025-10-14T00:50:21Z</time>
      </trkpt>
      <trkpt lat="39.171024824498524" lon="117.76385887334955">
        <ele>-515.7</ele>
        <time>2025-10-14T00:50:22Z</time>
      </trkpt>
      <trkpt lat="39.1710156257145" lon="117.76382893077064">
        <ele>-515.7</ele>
        <time>2025-10-14T00:50:23Z</time>
      </trkpt>
      <trkpt lat="39.17100660056251" lon="117.76380088441346">
        <ele>-515.7</ele>
        <time>2025-10-14T00:50:24Z</time>
      </trkpt>
      <trkpt lat="39.17099674878224" lon="117.76377157176698">
        <ele>-513.9</ele>
        <time>2025-10-14T00:50:25Z</time>
      </trkpt>
      <trkpt lat="39.17098803514724" lon="117.76374639169994">
        <ele>-513.9</ele>
        <time>2025-10-14T00:50:26Z</time>
      </trkpt>
      <trkpt lat="39.170979340443544" lon="117.76371851003218">
        <ele>-513.9</ele>
        <time>2025-10-14T00:50:27Z</time>
      </trkpt>
      <trkpt lat="39.17097292866559" lon="117.76369317001266">
        <ele>-513.9</ele>
        <time>2025-10-14T00:50:28Z</time>
      </trkpt>
      <trkpt lat="39.1709678590326" lon="117.76366605494127">
        <ele>-513.9</ele>
        <time>2025-10-14T00:50:29Z</time>
      </trkpt>
      <trkpt lat="39.17096372099067" lon="117.7636379039691">
        <ele>-511.6</ele>
        <time>2025-10-14T00:50:30Z</time>
      </trkpt>
      <trkpt lat="39.170959453816344" lon="117.76360816422826">
        <ele>-511.6</ele>
        <time>2025-10-14T00:50:31Z</time>
      </trkpt>
      <trkpt lat="39.17095476110757" lon="117.76357807096736">
        <ele>-511.6</ele>
        <time>2025-10-14T00:50:32Z</time>
      </trkpt>
      <trkpt lat="39.170949157935354" lon="117.76354748405996">
        <ele>-511.6</ele>
        <time>2025-10-14T00:50:33Z</time>
      </trkpt>
      <trkpt lat="39.17094280217327" lon="117.76351694990943">
        <ele>-511.6</ele>
        <time>2025-10-14T00:50:34Z</time>
      </trkpt>
      <trkpt lat="39.17093542643979" lon="117.76348617238489">
        <ele>-508.9</ele>
        <time>2025-10-14T00:50:35Z</time>
      </trkpt>
      <trkpt lat="39.170927410663474" lon="117.76345524790769">
        <ele>-508.9</ele>
        <time>2025-10-14T00:50:36Z</time>
      </trkpt>
      <trkpt lat="39.17091941000345" lon="117.76342381009002">
        <ele>-508.9</ele>
        <time>2025-10-14T00:50:37Z</time>
      </trkpt>
      <trkpt lat="39.170912210270046" lon="117.76339249105246">
        <ele>-508.9</ele>
        <time>2025-10-14T00:50:38Z</time>
      </trkpt>
      <trkpt lat="39.17090811431473" lon="117.76336212895346">
        <ele>-508.9</ele>
        <time>2025-10-14T00:50:39Z</time>
      </trkpt>
      <trkpt lat="39.170907159564905" lon="117.7633346839731">
        <ele>-505.9</ele>
        <time>2025-10-14T00:50:40Z</time>
      </trkpt>
      <trkpt lat="39.17090908539878" lon="117.76331140563846">
        <ele>-505.9</ele>
        <time>2025-10-14T00:50:41Z</time>
      </trkpt>
      <trkpt lat="39.17091525187525" lon="117.76329468974399">
        <ele>-505.9</ele>
        <time>2025-10-14T00:50:42Z</time>
      </trkpt>
      <trkpt lat="39.170928026049104" lon="117.7632796284799">
        <ele>-505.9</ele>
        <time>2025-10-14T00:50:43Z</time>
      </trkpt>
      <trkpt lat="39.17094554604023" lon="117.76326548545556">
        <ele>-505.9</ele>
        <time>2025-10-14T00:50:44Z</time>
      </trkpt>
      <trkpt lat="39.17096492740714" lon="117.76325226677619">
        <ele>-502.4</ele>
        <time>2025-10-14T00:50:45Z</time>
      </trkpt>
      <trkpt lat="39.17098206042966" lon="117.76324110160915">
        <ele>-502.4</ele>
        <time>2025-10-14T00:50:46Z</time>
      </trkpt>
      <trkpt lat="39.1710007108948" lon="117.76322981274048">
        <ele>-502.4</ele>
        <time>2025-10-14T00:50:47Z</time>
      </trkpt>
      <trkpt lat="39.17101891618434" lon="117.7632190840855">
        <ele>-502.4</ele>
        <time>2025-10-14T00:50:48Z</time>
      </trkpt>
      <trkpt lat="39.17103759013937" lon="117.76320816664705">
        <ele>-502.4</ele>
        <time>2025-10-14T00:50:49Z</time>
      </trkpt>
      <trkpt lat="39.17105655602723" lon="117.76319736299683">
        <ele>-498.7</ele>
        <time>2025-10-14T00:50:50Z</time>
      </trkpt>
      <trkpt lat="39.171075607442454" lon="117.76318677000172">
        <ele>-498.7</ele>
        <time>2025-10-14T00:50:51Z</time>
      </trkpt>
      <trkpt lat="39.17109388943982" lon="117.76317560282698">
        <ele>-498.7</ele>
        <time>2025-10-14T00:50:52Z</time>
      </trkpt>
      <trkpt lat="39.1711089011024" lon="117.76316455917271">
        <ele>-498.7</ele>
        <time>2025-10-14T00:50:53Z</time>
      </trkpt>
      <trkpt lat="39.171122663672286" lon="117.76315230885662">
        <ele>-498.7</ele>
        <time>2025-10-14T00:50:54Z</time>
      </trkpt>
      <trkpt lat="39.171129208568765" lon="117.76314614029988">
        <ele>-500</ele>
        <time>2025-10-14T00:50:55Z</time>
      </trkpt>
    </trkseg>
  </trk>
</gpx>