<?xml version="1.0" encoding="UTF-8"?>
<gpx xmlns="http://www.topografix.com/GPX/1/1" xmlns:gpxtpx="http://www.garmin.com/xmlschemas/TrackPointExtension/v1" xmlns:xsi="http://www.w3.org/2001/XMLSchema-instance" xsi:schemaLocation="http://www.topografix.com/GPX/1/1 http://www.topografix.com/GPX/1/1/gpx.xsd" version="1.1" creator="gpx.py -- https://github.com/tkrajina/gpxpy">
  <trk>
    <name>gpx from codoon</name>
    <type>Run</type>
    <trkseg>
      <trkpt lat="39.171164583279825" lon="117.76386758884672">
        <ele>3.3</ele>
        <time>2025-11-21T00:10:22Z</time>
      </trkpt>
      <trkpt lat="39.171168375631446" lon="117.76390423082607">
        <ele>3.3</ele>
        <time>2025-11-21T00:10:23Z</time>
      </trkpt>
      <trkpt lat="39.171170326702246" lon="117.76391767466376">
        <ele>3.3</ele>
        <time>2025-11-21T00:10:24Z</time>
      </trkpt>
      <trkpt lat="39.171173275337864" lon="117.76394280756769">
        <ele>3.3</ele>
        <time>2025-11-21T00:10:25Z</time>
      </trkpt>
      <trkpt lat="39.17117740793239" lon="117.76396803654107">
        <ele>3.3</ele>
        <time>2025-11-21T00:10:26Z</time>
      </trkpt>
      <trkpt lat="39.171182403630766" lon="117.7639939892092">
        <ele>3.3</ele>
        <time>2025-11-21T00:10:27Z</time>
      </trkpt>
      <trkpt lat="39.171188533095226" lon="117.76401994902925">
        <ele>3.3</ele>
        <time>2025-11-21T00:10:28Z</time>
      </trkpt>
      <trkpt lat="39.17119482886563" lon="117.76404633379536">
        <ele>3.3</ele>
        <time>2025-11-21T00:10:29Z</time>
      </trkpt>
      <trkpt lat="39.17120075931698" lon="117.76407081988695">
        <ele>3.3</ele>
        <time>2025-11-21T00:10:30Z</time>
      </trkpt>
      <trkpt lat="39.171207035894604" lon="117.76409534538433">
        <ele>3.3</ele>
        <time>2025-11-21T00:10:31Z</time>
      </trkpt>
      <trkpt lat="39.17121322820799" lon="117.76412012747785">
        <ele>3.3</ele>
        <time>2025-11-21T00:10:32Z</time>
      </trkpt>
      <trkpt lat="39.171219516995016" lon="117.76414546726956">
        <ele>3.3</ele>
        <time>2025-11-21T00:10:33Z</time>
      </trkpt>
      <trkpt lat="39.17122550685856" lon="117.76417107105748">
        <ele>3.3</ele>
        <time>2025-11-21T00:10:34Z</time>
      </trkpt>
      <trkpt lat="39.17123212878673" lon="117.76419871889559">
        <ele>3.3</ele>
        <time>2025-11-21T00:10:35Z</time>
      </trkpt>
      <trkpt lat="39.171238248030996" lon="117.76422556295951">
        <ele>3.3</ele>
        <time>2025-11-21T00:10:36Z</time>
      </trkpt>
      <trkpt lat="39.1712440903356" lon="117.76425250307678">
        <ele>3.1</ele>
        <time>2025-11-21T00:10:37Z</time>
      </trkpt>
      <trkpt lat="39.17124941675352" lon="117.7642795094767">
        <ele>3.1</ele>
        <time>2025-11-21T00:10:38Z</time>
      </trkpt>
      <trkpt lat="39.17125443363499" lon="117.76430661396769">
        <ele>3.1</ele>
        <time>2025-11-21T00:10:39Z</time>
      </trkpt>
      <trkpt lat="39.17125923249001" lon="117.76433341842122">
        <ele>3.1</ele>
        <time>2025-11-21T00:10:40Z</time>
      </trkpt>
      <trkpt lat="39.17126404942386" lon="117.76436014321709">
        <ele>3.1</ele>
        <time>2025-11-21T00:10:41Z</time>
      </trkpt>
      <trkpt lat="39.171269103111726" lon="117.76438681922387">
        <ele>3.1</ele>
        <time>2025-11-21T00:10:42Z</time>
      </trkpt>
      <trkpt lat="39.17127452797269" lon="117.76441368474359">
        <ele>3.1</ele>
        <time>2025-11-21T00:10:43Z</time>
      </trkpt>
      <trkpt lat="39.17128002508735" lon="117.76444078070591">
        <ele>3.1</ele>
        <time>2025-11-21T00:10:44Z</time>
      </trkpt>
      <trkpt lat="39.17128534144135" lon="117.76446754916334">
        <ele>3.1</ele>
        <time>2025-11-21T00:10:45Z</time>
      </trkpt>
      <trkpt lat="39.17129041144887" lon="117.76449390263537">
        <ele>3.1</ele>
        <time>2025-11-21T00:10:46Z</time>
      </trkpt>
      <trkpt lat="39.17129551108301" lon="117.76452018061343">
        <ele>3.1</ele>
        <time>2025-11-21T00:10:47Z</time>
      </trkpt>
      <trkpt lat="39.17130051715849" lon="117.76454603669058">
        <ele>3.1</ele>
        <time>2025-11-21T00:10:48Z</time>
      </trkpt>
      <trkpt lat="39.17130567351413" lon="117.76457462075737">
        <ele>3.1</ele>
        <time>2025-11-21T00:10:49Z</time>
      </trkpt>
      <trkpt lat="39.17130970661464" lon="117.76460064599695">
        <ele>3.1</ele>
        <time>2025-11-21T00:10:50Z</time>
      </trkpt>
      <trkpt lat="39.17131297908336" lon="117.76462578156084">
        <ele>3.1</ele>
        <time>2025-11-21T00:10:51Z</time>
      </trkpt>
      <trkpt lat="39.171315306447255" lon="117.76464917675995">
        <ele>3.1</ele>
        <time>2025-11-21T00:10:52Z</time>
      </trkpt>
      <trkpt lat="39.17131756633529" lon="117.7646738132335">
        <ele>3.1</ele>
        <time>2025-11-21T00:10:53Z</time>
      </trkpt>
      <trkpt lat="39.17131989464209" lon="117.76470002352261">
        <ele>3.1</ele>
        <time>2025-11-21T00:10:54Z</time>
      </trkpt>
      <trkpt lat="39.171322613665254" lon="117.76472821667645">
        <ele>3.1</ele>
        <time>2025-11-21T00:10:55Z</time>
      </trkpt>
      <trkpt lat="39.17132485051464" lon="117.76475448547778">
        <ele>3.1</ele>
        <time>2025-11-21T00:10:56Z</time>
      </trkpt>
      <trkpt lat="39.17132699330893" lon="117.76478071811607">
        <ele>3.3</ele>
        <time>2025-11-21T00:10:57Z</time>
      </trkpt>
      <trkpt lat="39.17132875878953" lon="117.76480695981427">
        <ele>3.3</ele>
        <time>2025-11-21T00:10:58Z</time>
      </trkpt>
      <trkpt lat="39.17133072636416" lon="117.76483401482346">
        <ele>3.3</ele>
        <time>2025-11-21T00:10:59Z</time>
      </trkpt>
      <trkpt lat="39.17133281195677" lon="117.76486114260203">
        <ele>3.3</ele>
        <time>2025-11-21T00:11:00Z</time>
      </trkpt>
      <trkpt lat="39.171335183279155" lon="117.76488829299726">
        <ele>3.3</ele>
        <time>2025-11-21T00:11:01Z</time>
      </trkpt>
      <trkpt lat="39.171337924117005" lon="117.76491541928542">
        <ele>3.3</ele>
        <time>2025-11-21T00:11:02Z</time>
      </trkpt>
      <trkpt lat="39.171340979961" lon="117.76494263497423">
        <ele>3.3</ele>
        <time>2025-11-21T00:11:03Z</time>
      </trkpt>
      <trkpt lat="39.17134437845513" lon="117.7649702030581">
        <ele>3.3</ele>
        <time>2025-11-21T00:11:04Z</time>
      </trkpt>
      <trkpt lat="39.17134793228285" lon="117.76499819729693">
        <ele>3.3</ele>
        <time>2025-11-21T00:11:05Z</time>
      </trkpt>
      <trkpt lat="39.17135177041189" lon="117.76502642130292">
        <ele>3.3</ele>
        <time>2025-11-21T00:11:06Z</time>
      </trkpt>
      <trkpt lat="39.171356185034696" lon="117.76505486681025">
        <ele>3.3</ele>
        <time>2025-11-21T00:11:07Z</time>
      </trkpt>
      <trkpt lat="39.17136078839641" lon="117.76508306790602">
        <ele>3.3</ele>
        <time>2025-11-21T00:11:08Z</time>
      </trkpt>
      <trkpt lat="39.17136511352953" lon="117.76511137377341">
        <ele>3.3</ele>
        <time>2025-11-21T00:11:09Z</time>
      </trkpt>
      <trkpt lat="39.1713687190088" lon="117.76513944983394">
        <ele>3.3</ele>
        <time>2025-11-21T00:11:10Z</time>
      </trkpt>
      <trkpt lat="39.17137160615994" lon="117.76516755575182">
        <ele>3.3</ele>
        <time>2025-11-21T00:11:11Z</time>
      </trkpt>
      <trkpt lat="39.171373849769054" lon="117.76519553140523">
        <ele>3.3</ele>
        <time>2025-11-21T00:11:12Z</time>
      </trkpt>
      <trkpt lat="39.17137511546657" lon="117.76522342433637">
        <ele>3.3</ele>
        <time>2025-11-21T00:11:13Z</time>
      </trkpt>
      <trkpt lat="39.171375245308916" lon="117.76525135104298">
        <ele>3.3</ele>
        <time>2025-11-21T00:11:14Z</time>
      </trkpt>
      <trkpt lat="39.17137391928592" lon="117.76527932996204">
        <ele>3.3</ele>
        <time>2025-11-21T00:11:15Z</time>
      </trkpt>
      <trkpt lat="39.171370590002645" lon="117.76530736174605">
        <ele>3.3</ele>
        <time>2025-11-21T00:11:16Z</time>
      </trkpt>
      <trkpt lat="39.171366109522204" lon="117.76533523121947">
        <ele>3.3</ele>
        <time>2025-11-21T00:11:17Z</time>
      </trkpt>
      <trkpt lat="39.17136154292569" lon="117.76536296557529">
        <ele>3.3</ele>
        <time>2025-11-21T00:11:18Z</time>
      </trkpt>
      <trkpt lat="39.171357209730026" lon="117.76539066037013">
        <ele>3.3</ele>
        <time>2025-11-21T00:11:19Z</time>
      </trkpt>
      <trkpt lat="39.17135412089179" lon="117.76541819794241">
        <ele>3.3</ele>
        <time>2025-11-21T00:11:20Z</time>
      </trkpt>
      <trkpt lat="39.171352089894185" lon="117.76544587202136">
        <ele>3.3</ele>
        <time>2025-11-21T00:11:21Z</time>
      </trkpt>
      <trkpt lat="39.17135187651696" lon="117.76547377150088">
        <ele>3.3</ele>
        <time>2025-11-21T00:11:22Z</time>
      </trkpt>
      <trkpt lat="39.17135260487955" lon="117.76550213034483">
        <ele>3.3</ele>
        <time>2025-11-21T00:11:23Z</time>
      </trkpt>
      <trkpt lat="39.1713539749095" lon="117.76553060531984">
        <ele>3.3</ele>
        <time>2025-11-21T00:11:24Z</time>
      </trkpt>
      <trkpt lat="39.171356201855836" lon="117.76555930110567">
        <ele>3.3</ele>
        <time>2025-11-21T00:11:25Z</time>
      </trkpt>
      <trkpt lat="39.17135885137787" lon="117.76558818723983">
        <ele>3.3</ele>
        <time>2025-11-21T00:11:26Z</time>
      </trkpt>
      <trkpt lat="39.171362014701955" lon="117.76561740504377">
        <ele>3.3</ele>
        <time>2025-11-21T00:11:27Z</time>
      </trkpt>
      <trkpt lat="39.17136531246434" lon="117.76564672530719">
        <ele>3.3</ele>
        <time>2025-11-21T00:11:28Z</time>
      </trkpt>
      <trkpt lat="39.171368606941606" lon="117.76567630326862">
        <ele>3.3</ele>
        <time>2025-11-21T00:11:29Z</time>
      </trkpt>
      <trkpt lat="39.17137179735333" lon="117.76570577268457">
        <ele>3.3</ele>
        <time>2025-11-21T00:11:30Z</time>
      </trkpt>
      <trkpt lat="39.17137509653461" lon="117.76573519956914">
        <ele>3.3</ele>
        <time>2025-11-21T00:11:31Z</time>
      </trkpt>
      <trkpt lat="39.171378525258774" lon="117.76576439579104">
        <ele>3.3</ele>
        <time>2025-11-21T00:11:32Z</time>
      </trkpt>
      <trkpt lat="39.17138206437518" lon="117.76579352903684">
        <ele>3.3</ele>
        <time>2025-11-21T00:11:33Z</time>
      </trkpt>
      <trkpt lat="39.17138575549074" lon="117.76582282799853">
        <ele>3.3</ele>
        <time>2025-11-21T00:11:34Z</time>
      </trkpt>
      <trkpt lat="39.17138936213648" lon="117.76585151304177">
        <ele>3.3</ele>
        <time>2025-11-21T00:11:35Z</time>
      </trkpt>
      <trkpt lat="39.17139335457171" lon="117.76588250747275">
        <ele>3.3</ele>
        <time>2025-11-21T00:11:36Z</time>
      </trkpt>
      <trkpt lat="39.17139718523649" lon="117.76591036977675">
        <ele>3.3</ele>
        <time>2025-11-21T00:11:37Z</time>
      </trkpt>
      <trkpt lat="39.17140154220538" lon="117.76593853657677">
        <ele>3.3</ele>
        <time>2025-11-21T00:11:38Z</time>
      </trkpt>
      <trkpt lat="39.17140663803676" lon="117.76596656726004">
        <ele>3.3</ele>
        <time>2025-11-21T00:11:39Z</time>
      </trkpt>
      <trkpt lat="39.17141189153427" lon="117.76599437090074">
        <ele>3.3</ele>
        <time>2025-11-21T00:11:40Z</time>
      </trkpt>
      <trkpt lat="39.17141681945137" lon="117.76602204138955">
        <ele>3.3</ele>
        <time>2025-11-21T00:11:41Z</time>
      </trkpt>
      <trkpt lat="39.17142083435335" lon="117.7660498474983">
        <ele>3.3</ele>
        <time>2025-11-21T00:11:42Z</time>
      </trkpt>
      <trkpt lat="39.17142390218979" lon="117.76607826398124">
        <ele>3.3</ele>
        <time>2025-11-21T00:11:43Z</time>
      </trkpt>
      <trkpt lat="39.17142595160343" lon="117.76610700548368">
        <ele>3.3</ele>
        <time>2025-11-21T00:11:44Z</time>
      </trkpt>
      <trkpt lat="39.1714274561077" lon="117.7661364579903">
        <ele>3.3</ele>
        <time>2025-11-21T00:11:45Z</time>
      </trkpt>
      <trkpt lat="39.17142903606756" lon="117.76616581343832">
        <ele>3.3</ele>
        <time>2025-11-21T00:11:46Z</time>
      </trkpt>
      <trkpt lat="39.17143154716857" lon="117.76619533080718">
        <ele>3.3</ele>
        <time>2025-11-21T00:11:47Z</time>
      </trkpt>
      <trkpt lat="39.171434276899696" lon="117.7662202852032">
        <ele>3.3</ele>
        <time>2025-11-21T00:11:48Z</time>
      </trkpt>
      <trkpt lat="39.171433565924566" lon="117.76624349449347">
        <ele>3.3</ele>
        <time>2025-11-21T00:11:49Z</time>
      </trkpt>
      <trkpt lat="39.17143104740742" lon="117.76626826606504">
        <ele>3.3</ele>
        <time>2025-11-21T00:11:50Z</time>
      </trkpt>
      <trkpt lat="39.17142679625297" lon="117.76629907011102">
        <ele>3.3</ele>
        <time>2025-11-21T00:11:51Z</time>
      </trkpt>
      <trkpt lat="39.17142596686552" lon="117.76633066036017">
        <ele>3.7</ele>
        <time>2025-11-21T00:11:52Z</time>
      </trkpt>
      <trkpt lat="39.171425978393614" lon="117.76636208297013">
        <ele>3.7</ele>
        <time>2025-11-21T00:11:53Z</time>
      </trkpt>
      <trkpt lat="39.17142725133317" lon="117.76639228261907">
        <ele>3.7</ele>
        <time>2025-11-21T00:11:54Z</time>
      </trkpt>
      <trkpt lat="39.171427674576954" lon="117.766423913393">
        <ele>3.7</ele>
        <time>2025-11-21T00:11:55Z</time>
      </trkpt>
      <trkpt lat="39.17142777879931" lon="117.76645449208154">
        <ele>3.7</ele>
        <time>2025-11-21T00:11:56Z</time>
      </trkpt>
      <trkpt lat="39.17142691309108" lon="117.76648408474767">
        <ele>3.9</ele>
        <time>2025-11-21T00:11:57Z</time>
      </trkpt>
      <trkpt lat="39.171426944296165" lon="117.76651343826651">
        <ele>3.9</ele>
        <time>2025-11-21T00:11:58Z</time>
      </trkpt>
      <trkpt lat="39.171428676278" lon="117.766542566529">
        <ele>3.9</ele>
        <time>2025-11-21T00:11:59Z</time>
      </trkpt>
      <trkpt lat="39.171433685520064" lon="117.76656930183553">
        <ele>3.9</ele>
        <time>2025-11-21T00:12:00Z</time>
      </trkpt>
      <trkpt lat="39.1714409628881" lon="117.76659572630167">
        <ele>3.9</ele>
        <time>2025-11-21T00:12:01Z</time>
      </trkpt>
      <trkpt lat="39.171449221950546" lon="117.76662286040805">
        <ele>3.9</ele>
        <time>2025-11-21T00:12:02Z</time>
      </trkpt>
      <trkpt lat="39.1714561322134" lon="117.76665142726354">
        <ele>3.9</ele>
        <time>2025-11-21T00:12:03Z</time>
      </trkpt>
      <trkpt lat="39.17146041915756" lon="117.76668413931178">
        <ele>3.9</ele>
        <time>2025-11-21T00:12:04Z</time>
      </trkpt>
      <trkpt lat="39.17146234573695" lon="117.76671735328145">
        <ele>3.9</ele>
        <time>2025-11-21T00:12:05Z</time>
      </trkpt>
      <trkpt lat="39.171462579298186" lon="117.76675124358324">
        <ele>3.9</ele>
        <time>2025-11-21T00:12:06Z</time>
      </trkpt>
      <trkpt lat="39.171462453828966" lon="117.76678413779727">
        <ele>3.9</ele>
        <time>2025-11-21T00:12:07Z</time>
      </trkpt>
      <trkpt lat="39.17146206650561" lon="117.76681545051824">
        <ele>3.9</ele>
        <time>2025-11-21T00:12:08Z</time>
      </trkpt>
      <trkpt lat="39.17146176394776" lon="117.7668481066845">
        <ele>3.9</ele>
        <time>2025-11-21T00:12:09Z</time>
      </trkpt>
      <trkpt lat="39.17146139714595" lon="117.76687763892336">
        <ele>3.9</ele>
        <time>2025-11-21T00:12:10Z</time>
      </trkpt>
      <trkpt lat="39.17146104498627" lon="117.76690735221462">
        <ele>3.9</ele>
        <time>2025-11-21T00:12:11Z</time>
      </trkpt>
      <trkpt lat="39.17146070741847" lon="117.76693701719384">
        <ele>3.7</ele>
        <time>2025-11-21T00:12:12Z</time>
      </trkpt>
      <trkpt lat="39.17146036913608" lon="117.76696685199458">
        <ele>3.7</ele>
        <time>2025-11-21T00:12:13Z</time>
      </trkpt>
      <trkpt lat="39.17146003755612" lon="117.76699680597876">
        <ele>3.7</ele>
        <time>2025-11-21T00:12:14Z</time>
      </trkpt>
      <trkpt lat="39.171459722572344" lon="117.7670270222429">
        <ele>3.7</ele>
        <time>2025-11-21T00:12:15Z</time>
      </trkpt>
      <trkpt lat="39.17145943665688" lon="117.76705723432113">
        <ele>3.7</ele>
        <time>2025-11-21T00:12:16Z</time>
      </trkpt>
      <trkpt lat="39.17145916646343" lon="117.76708735277853">
        <ele>3.4</ele>
        <time>2025-11-21T00:12:17Z</time>
      </trkpt>
      <trkpt lat="39.17145886815864" lon="117.76711749010471">
        <ele>3.4</ele>
        <time>2025-11-21T00:12:18Z</time>
      </trkpt>
      <trkpt lat="39.17145852997956" lon="117.76714728472156">
        <ele>3.4</ele>
        <time>2025-11-21T00:12:19Z</time>
      </trkpt>
      <trkpt lat="39.17145813730278" lon="117.76717671836332">
        <ele>3.4</ele>
        <time>2025-11-21T00:12:20Z</time>
      </trkpt>
      <trkpt lat="39.17145768994735" lon="117.76720640181775">
        <ele>3.4</ele>
        <time>2025-11-21T00:12:21Z</time>
      </trkpt>
      <trkpt lat="39.17145718439413" lon="117.76723577240466">
        <ele>3.4</ele>
        <time>2025-11-21T00:12:22Z</time>
      </trkpt>
      <trkpt lat="39.17145654026147" lon="117.76726856504214">
        <ele>3.4</ele>
        <time>2025-11-21T00:12:23Z</time>
      </trkpt>
      <trkpt lat="39.171455887765276" lon="117.76729721922538">
        <ele>3.4</ele>
        <time>2025-11-21T00:12:24Z</time>
      </trkpt>
      <trkpt lat="39.17145518118943" lon="117.76732611898593">
        <ele>3.4</ele>
        <time>2025-11-21T00:12:25Z</time>
      </trkpt>
      <trkpt lat="39.17145444997068" lon="117.76735504672949">
        <ele>3.4</ele>
        <time>2025-11-21T00:12:26Z</time>
      </trkpt>
      <trkpt lat="39.1714536939761" lon="117.76738401291378">
        <ele>3.4</ele>
        <time>2025-11-21T00:12:27Z</time>
      </trkpt>
      <trkpt lat="39.17145290516337" lon="117.76741285663196">
        <ele>3.4</ele>
        <time>2025-11-21T00:12:28Z</time>
      </trkpt>
      <trkpt lat="39.17145205124065" lon="117.7674416513855">
        <ele>3.4</ele>
        <time>2025-11-21T00:12:29Z</time>
      </trkpt>
      <trkpt lat="39.171451118696986" lon="117.767470637102">
        <ele>3.4</ele>
        <time>2025-11-21T00:12:30Z</time>
      </trkpt>
      <trkpt lat="39.17145009485446" lon="117.7674999639504">
        <ele>3.4</ele>
        <time>2025-11-21T00:12:31Z</time>
      </trkpt>
      <trkpt lat="39.17144901152077" lon="117.76752956439631">
        <ele>3.4</ele>
        <time>2025-11-21T00:12:32Z</time>
      </trkpt>
      <trkpt lat="39.17144791523875" lon="117.76755916392214">
        <ele>3.4</ele>
        <time>2025-11-21T00:12:33Z</time>
      </trkpt>
      <trkpt lat="39.17144686944376" lon="117.76758861123045">
        <ele>3.4</ele>
        <time>2025-11-21T00:12:34Z</time>
      </trkpt>
      <trkpt lat="39.17144593802202" lon="117.76761784025749">
        <ele>3.4</ele>
        <time>2025-11-21T00:12:35Z</time>
      </trkpt>
      <trkpt lat="39.17144519728333" lon="117.76764614604242">
        <ele>3.4</ele>
        <time>2025-11-21T00:12:36Z</time>
      </trkpt>
      <trkpt lat="39.171444670144524" lon="117.76767402807748">
        <ele>3.4</ele>
        <time>2025-11-21T00:12:37Z</time>
      </trkpt>
      <trkpt lat="39.17144441642362" lon="117.76769853321251">
        <ele>3.4</ele>
        <time>2025-11-21T00:12:38Z</time>
      </trkpt>
      <trkpt lat="39.171444331734335" lon="117.76772387830606">
        <ele>3.4</ele>
        <time>2025-11-21T00:12:39Z</time>
      </trkpt>
      <trkpt lat="39.17144432318896" lon="117.76775304637059">
        <ele>3.4</ele>
        <time>2025-11-21T00:12:40Z</time>
      </trkpt>
      <trkpt lat="39.171444505027544" lon="117.76778200701277">
        <ele>3.4</ele>
        <time>2025-11-21T00:12:41Z</time>
      </trkpt>
      <trkpt lat="39.171444800256225" lon="117.76781098233221">
        <ele>3.4</ele>
        <time>2025-11-21T00:12:42Z</time>
      </trkpt>
      <trkpt lat="39.17144574195648" lon="117.76784033185332">
        <ele>3.4</ele>
        <time>2025-11-21T00:12:43Z</time>
      </trkpt>
      <trkpt lat="39.171446590610884" lon="117.76787058102128">
        <ele>3.4</ele>
        <time>2025-11-21T00:12:44Z</time>
      </trkpt>
      <trkpt lat="39.17144732588607" lon="117.76790117706302">
        <ele>3.4</ele>
        <time>2025-11-21T00:12:45Z</time>
      </trkpt>
      <trkpt lat="39.17144707813595" lon="117.76793093972545">
        <ele>3.4</ele>
        <time>2025-11-21T00:12:46Z</time>
      </trkpt>
      <trkpt lat="39.17144655716962" lon="117.76796047245163">
        <ele>3.4</ele>
        <time>2025-11-21T00:12:47Z</time>
      </trkpt>
      <trkpt lat="39.17144604848214" lon="117.76798997702022">
        <ele>3.4</ele>
        <time>2025-11-21T00:12:48Z</time>
      </trkpt>
      <trkpt lat="39.17144593889101" lon="117.76801938021971">
        <ele>3.4</ele>
        <time>2025-11-21T00:12:49Z</time>
      </trkpt>
      <trkpt lat="39.17144601200137" lon="117.76804844923271">
        <ele>3.4</ele>
        <time>2025-11-21T00:12:50Z</time>
      </trkpt>
      <trkpt lat="39.171445993304985" lon="117.76807720145084">
        <ele>3.4</ele>
        <time>2025-11-21T00:12:51Z</time>
      </trkpt>
      <trkpt lat="39.17144594637452" lon="117.76810597026959">
        <ele>3.4</ele>
        <time>2025-11-21T00:12:52Z</time>
      </trkpt>
      <trkpt lat="39.171445925454336" lon="117.76813421343729">
        <ele>3.4</ele>
        <time>2025-11-21T00:12:53Z</time>
      </trkpt>
      <trkpt lat="39.17144595302481" lon="117.76816508294411">
        <ele>3.4</ele>
        <time>2025-11-21T00:12:54Z</time>
      </trkpt>
      <trkpt lat="39.171445897068764" lon="117.7681932227011">
        <ele>3.4</ele>
        <time>2025-11-21T00:12:55Z</time>
      </trkpt>
      <trkpt lat="39.17144592578673" lon="117.76822219252671">
        <ele>3.4</ele>
        <time>2025-11-21T00:12:56Z</time>
      </trkpt>
      <trkpt lat="39.17144623043695" lon="117.76825137908361">
        <ele>3.4</ele>
        <time>2025-11-21T00:12:57Z</time>
      </trkpt>
      <trkpt lat="39.17144674362571" lon="117.76828049813511">
        <ele>3.4</ele>
        <time>2025-11-21T00:12:58Z</time>
      </trkpt>
      <trkpt lat="39.17144703282666" lon="117.76830893746094">
        <ele>3.4</ele>
        <time>2025-11-21T00:12:59Z</time>
      </trkpt>
      <trkpt lat="39.17144656627578" lon="117.76833672894809">
        <ele>3.4</ele>
        <time>2025-11-21T00:13:00Z</time>
      </trkpt>
      <trkpt lat="39.17144535679798" lon="117.76836403481899">
        <ele>3.4</ele>
        <time>2025-11-21T00:13:01Z</time>
      </trkpt>
      <trkpt lat="39.17144401818011" lon="117.7683914124094">
        <ele>3.4</ele>
        <time>2025-11-21T00:13:02Z</time>
      </trkpt>
      <trkpt lat="39.171443127811166" lon="117.76841908594945">
        <ele>3.4</ele>
        <time>2025-11-21T00:13:03Z</time>
      </trkpt>
      <trkpt lat="39.17144265784007" lon="117.76844707660148">
        <ele>3.4</ele>
        <time>2025-11-21T00:13:04Z</time>
      </trkpt>
      <trkpt lat="39.17144218369355" lon="117.76847496376169">
        <ele>3.4</ele>
        <time>2025-11-21T00:13:05Z</time>
      </trkpt>
      <trkpt lat="39.17144151537559" lon="117.76850306603762">
        <ele>3.4</ele>
        <time>2025-11-21T00:13:06Z</time>
      </trkpt>
      <trkpt lat="39.17144102555586" lon="117.76853145329402">
        <ele>3.4</ele>
        <time>2025-11-21T00:13:07Z</time>
      </trkpt>
      <trkpt lat="39.17144089528226" lon="117.76856105621953">
        <ele>3.4</ele>
        <time>2025-11-21T00:13:08Z</time>
      </trkpt>
      <trkpt lat="39.171441164328265" lon="117.76858917154195">
        <ele>3.4</ele>
        <time>2025-11-21T00:13:09Z</time>
      </trkpt>
      <trkpt lat="39.171441362279815" lon="117.76861798684902">
        <ele>3.4</ele>
        <time>2025-11-21T00:13:10Z</time>
      </trkpt>
      <trkpt lat="39.171441317033285" lon="117.7686490839807">
        <ele>3.4</ele>
        <time>2025-11-21T00:13:11Z</time>
      </trkpt>
      <trkpt lat="39.1714409153059" lon="117.76867913555472">
        <ele>3.4</ele>
        <time>2025-11-21T00:13:12Z</time>
      </trkpt>
      <trkpt lat="39.17144043696274" lon="117.7687081704271">
        <ele>3.4</ele>
        <time>2025-11-21T00:13:13Z</time>
      </trkpt>
      <trkpt lat="39.171440723614204" lon="117.76873642806599">
        <ele>3.4</ele>
        <time>2025-11-21T00:13:14Z</time>
      </trkpt>
      <trkpt lat="39.17144166872801" lon="117.76876446014599">
        <ele>3.4</ele>
        <time>2025-11-21T00:13:15Z</time>
      </trkpt>
      <trkpt lat="39.1714432467574" lon="117.76879294112129">
        <ele>3.4</ele>
        <time>2025-11-21T00:13:16Z</time>
      </trkpt>
      <trkpt lat="39.171444421962974" lon="117.76882221135067">
        <ele>3.4</ele>
        <time>2025-11-21T00:13:17Z</time>
      </trkpt>
      <trkpt lat="39.17144541949772" lon="117.76885193761906">
        <ele>3.4</ele>
        <time>2025-11-21T00:13:18Z</time>
      </trkpt>
      <trkpt lat="39.17144623062896" lon="117.76888178565152">
        <ele>3.4</ele>
        <time>2025-11-21T00:13:19Z</time>
      </trkpt>
      <trkpt lat="39.17144737193233" lon="117.76891148925294">
        <ele>3.4</ele>
        <time>2025-11-21T00:13:20Z</time>
      </trkpt>
      <trkpt lat="39.17144878478834" lon="117.76894108281387">
        <ele>3.4</ele>
        <time>2025-11-21T00:13:21Z</time>
      </trkpt>
      <trkpt lat="39.171450385534435" lon="117.76897064071647">
        <ele>3.4</ele>
        <time>2025-11-21T00:13:22Z</time>
      </trkpt>
      <trkpt lat="39.17145167978676" lon="117.76900024537036">
        <ele>3.4</ele>
        <time>2025-11-21T00:13:23Z</time>
      </trkpt>
      <trkpt lat="39.1714523550306" lon="117.7690294431258">
        <ele>3.4</ele>
        <time>2025-11-21T00:13:24Z</time>
      </trkpt>
      <trkpt lat="39.17145239862593" lon="117.76906110683514">
        <ele>3.4</ele>
        <time>2025-11-21T00:13:25Z</time>
      </trkpt>
      <trkpt lat="39.17145218875483" lon="117.76908986105276">
        <ele>3.4</ele>
        <time>2025-11-21T00:13:26Z</time>
      </trkpt>
      <trkpt lat="39.17145196323604" lon="117.7691191461139">
        <ele>3.4</ele>
        <time>2025-11-21T00:13:27Z</time>
      </trkpt>
      <trkpt lat="39.17145167404424" lon="117.76914858904635">
        <ele>3.4</ele>
        <time>2025-11-21T00:13:28Z</time>
      </trkpt>
      <trkpt lat="39.17145109391179" lon="117.76917813875392">
        <ele>3.4</ele>
        <time>2025-11-21T00:13:29Z</time>
      </trkpt>
      <trkpt lat="39.17145040382047" lon="117.76920751997993">
        <ele>3.4</ele>
        <time>2025-11-21T00:13:30Z</time>
      </trkpt>
      <trkpt lat="39.1714498762792" lon="117.76923676153741">
        <ele>3.4</ele>
        <time>2025-11-21T00:13:31Z</time>
      </trkpt>
      <trkpt lat="39.17144957381425" lon="117.76926580332739">
        <ele>3.4</ele>
        <time>2025-11-21T00:13:32Z</time>
      </trkpt>
      <trkpt lat="39.17144967937811" lon="117.76929448841713">
        <ele>3.4</ele>
        <time>2025-11-21T00:13:33Z</time>
      </trkpt>
      <trkpt lat="39.17144998186936" lon="117.76932286969527">
        <ele>3.4</ele>
        <time>2025-11-21T00:13:34Z</time>
      </trkpt>
      <trkpt lat="39.17145052330231" lon="117.7693509569097">
        <ele>3.4</ele>
        <time>2025-11-21T00:13:35Z</time>
      </trkpt>
      <trkpt lat="39.171450971709675" lon="117.76937903786012">
        <ele>3.4</ele>
        <time>2025-11-21T00:13:36Z</time>
      </trkpt>
      <trkpt lat="39.17145132707434" lon="117.76940710264404">
        <ele>3.4</ele>
        <time>2025-11-21T00:13:37Z</time>
      </trkpt>
      <trkpt lat="39.17145162948167" lon="117.76943532075605">
        <ele>3.4</ele>
        <time>2025-11-21T00:13:38Z</time>
      </trkpt>
      <trkpt lat="39.171452102798504" lon="117.76946337911231">
        <ele>3.4</ele>
        <time>2025-11-21T00:13:39Z</time>
      </trkpt>
      <trkpt lat="39.17145337551384" lon="117.76949133479256">
        <ele>3.4</ele>
        <time>2025-11-21T00:13:40Z</time>
      </trkpt>
      <trkpt lat="39.17145482068206" lon="117.769518551081">
        <ele>3.4</ele>
        <time>2025-11-21T00:13:41Z</time>
      </trkpt>
      <trkpt lat="39.17145607700174" lon="117.7695480375255">
        <ele>3.4</ele>
        <time>2025-11-21T00:13:42Z</time>
      </trkpt>
      <trkpt lat="39.17145633215588" lon="117.76957386652948">
        <ele>3.4</ele>
        <time>2025-11-21T00:13:43Z</time>
      </trkpt>
      <trkpt lat="39.17145568789234" lon="117.76959976781791">
        <ele>3.4</ele>
        <time>2025-11-21T00:13:44Z</time>
      </trkpt>
      <trkpt lat="39.17145454935323" lon="117.76962257335997">
        <ele>3.4</ele>
        <time>2025-11-21T00:13:45Z</time>
      </trkpt>
      <trkpt lat="39.171453425394795" lon="117.76964819439259">
        <ele>3.4</ele>
        <time>2025-11-21T00:13:46Z</time>
      </trkpt>
      <trkpt lat="39.17145307755798" lon="117.76967355704262">
        <ele>3.6</ele>
        <time>2025-11-21T00:13:47Z</time>
      </trkpt>
      <trkpt lat="39.17145330944808" lon="117.76969905588592">
        <ele>3.6</ele>
        <time>2025-11-21T00:13:48Z</time>
      </trkpt>
      <trkpt lat="39.17145384120554" lon="117.7697249131222">
        <ele>3.6</ele>
        <time>2025-11-21T00:13:49Z</time>
      </trkpt>
      <trkpt lat="39.17145382416094" lon="117.76975060610431">
        <ele>3.6</ele>
        <time>2025-11-21T00:13:50Z</time>
      </trkpt>
      <trkpt lat="39.1714532539796" lon="117.76977720122693">
        <ele>3.6</ele>
        <time>2025-11-21T00:13:51Z</time>
      </trkpt>
      <trkpt lat="39.17145220848279" lon="117.76979954136651">
        <ele>3.6</ele>
        <time>2025-11-21T00:13:52Z</time>
      </trkpt>
      <trkpt lat="39.17145114657837" lon="117.76982028933132">
        <ele>3.6</ele>
        <time>2025-11-21T00:13:53Z</time>
      </trkpt>
      <trkpt lat="39.171449807406205" lon="117.7698448072116">
        <ele>3.6</ele>
        <time>2025-11-21T00:13:54Z</time>
      </trkpt>
      <trkpt lat="39.17144831340797" lon="117.76987127344445">
        <ele>3.6</ele>
        <time>2025-11-21T00:13:55Z</time>
      </trkpt>
      <trkpt lat="39.17144679148617" lon="117.76990035473841">
        <ele>3.6</ele>
        <time>2025-11-21T00:13:56Z</time>
      </trkpt>
      <trkpt lat="39.171445600369886" lon="117.76992511787854">
        <ele>3.6</ele>
        <time>2025-11-21T00:13:57Z</time>
      </trkpt>
      <trkpt lat="39.171444455420946" lon="117.76995230398714">
        <ele>3.6</ele>
        <time>2025-11-21T00:13:58Z</time>
      </trkpt>
      <trkpt lat="39.171443468155786" lon="117.76997892193994">
        <ele>3.6</ele>
        <time>2025-11-21T00:13:59Z</time>
      </trkpt>
      <trkpt lat="39.17144245909268" lon="117.7700055935926">
        <ele>3.6</ele>
        <time>2025-11-21T00:14:00Z</time>
      </trkpt>
      <trkpt lat="39.17144136752486" lon="117.77003253515441">
        <ele>3.6</ele>
        <time>2025-11-21T00:14:01Z</time>
      </trkpt>
      <trkpt lat="39.17144039355183" lon="117.77005962877064">
        <ele>3.6</ele>
        <time>2025-11-21T00:14:02Z</time>
      </trkpt>
      <trkpt lat="39.171439714288894" lon="117.770086700286">
        <ele>3.6</ele>
        <time>2025-11-21T00:14:03Z</time>
      </trkpt>
      <trkpt lat="39.17143965079591" lon="117.77011330054587">
        <ele>3.6</ele>
        <time>2025-11-21T00:14:04Z</time>
      </trkpt>
      <trkpt lat="39.17143991495513" lon="117.77013982313206">
        <ele>3.6</ele>
        <time>2025-11-21T00:14:05Z</time>
      </trkpt>
      <trkpt lat="39.17144044326088" lon="117.77016617998316">
        <ele>3.6</ele>
        <time>2025-11-21T00:14:06Z</time>
      </trkpt>
      <trkpt lat="39.171441038359944" lon="117.77019256633359">
        <ele>3.6</ele>
        <time>2025-11-21T00:14:07Z</time>
      </trkpt>
      <trkpt lat="39.17144143460377" lon="117.77021890140449">
        <ele>3.6</ele>
        <time>2025-11-21T00:14:08Z</time>
      </trkpt>
      <trkpt lat="39.17144157976871" lon="117.77024500169705">
        <ele>3.6</ele>
        <time>2025-11-21T00:14:09Z</time>
      </trkpt>
      <trkpt lat="39.17144109406227" lon="117.77027137056092">
        <ele>3.6</ele>
        <time>2025-11-21T00:14:10Z</time>
      </trkpt>
      <trkpt lat="39.17144025466223" lon="117.77029709167763">
        <ele>3.6</ele>
        <time>2025-11-21T00:14:11Z</time>
      </trkpt>
      <trkpt lat="39.17143862545132" lon="117.77032598838221">
        <ele>3.6</ele>
        <time>2025-11-21T00:14:12Z</time>
      </trkpt>
      <trkpt lat="39.171436637460005" lon="117.77035220902582">
        <ele>3.6</ele>
        <time>2025-11-21T00:14:13Z</time>
      </trkpt>
      <trkpt lat="39.171434347391504" lon="117.7703791934846">
        <ele>3.6</ele>
        <time>2025-11-21T00:14:14Z</time>
      </trkpt>
      <trkpt lat="39.17143188213872" lon="117.77040605477671">
        <ele>3.6</ele>
        <time>2025-11-21T00:14:15Z</time>
      </trkpt>
      <trkpt lat="39.1714295313275" lon="117.77043304217418">
        <ele>3.6</ele>
        <time>2025-11-21T00:14:16Z</time>
      </trkpt>
      <trkpt lat="39.1714270349123" lon="117.7704601282417">
        <ele>3.6</ele>
        <time>2025-11-21T00:14:17Z</time>
      </trkpt>
      <trkpt lat="39.17142473016371" lon="117.77048734864199">
        <ele>3.6</ele>
        <time>2025-11-21T00:14:18Z</time>
      </trkpt>
      <trkpt lat="39.171422687915594" lon="117.77051454057079">
        <ele>3.6</ele>
        <time>2025-11-21T00:14:19Z</time>
      </trkpt>
      <trkpt lat="39.1714213076933" lon="117.77054185420612">
        <ele>3.6</ele>
        <time>2025-11-21T00:14:20Z</time>
      </trkpt>
      <trkpt lat="39.17142025917589" lon="117.77056892692548">
        <ele>3.6</ele>
        <time>2025-11-21T00:14:21Z</time>
      </trkpt>
      <trkpt lat="39.171419496251126" lon="117.77059603714734">
        <ele>3.6</ele>
        <time>2025-11-21T00:14:22Z</time>
      </trkpt>
      <trkpt lat="39.17141903546552" lon="117.7706229925753">
        <ele>3.6</ele>
        <time>2025-11-21T00:14:23Z</time>
      </trkpt>
      <trkpt lat="39.171419415931176" lon="117.77065021502642">
        <ele>3.6</ele>
        <time>2025-11-21T00:14:24Z</time>
      </trkpt>
      <trkpt lat="39.17142040780129" lon="117.77067728948867">
        <ele>3.6</ele>
        <time>2025-11-21T00:14:25Z</time>
      </trkpt>
      <trkpt lat="39.17142173123221" lon="117.7707045780604">
        <ele>3.6</ele>
        <time>2025-11-21T00:14:26Z</time>
      </trkpt>
      <trkpt lat="39.17142316038922" lon="117.7707296416188">
        <ele>3.6</ele>
        <time>2025-11-21T00:14:27Z</time>
      </trkpt>
      <trkpt lat="39.17142465512426" lon="117.77075462112863">
        <ele>3.6</ele>
        <time>2025-11-21T00:14:28Z</time>
      </trkpt>
      <trkpt lat="39.171426255760466" lon="117.77078159999327">
        <ele>3.6</ele>
        <time>2025-11-21T00:14:29Z</time>
      </trkpt>
      <trkpt lat="39.17142773033309" lon="117.7708076397257">
        <ele>3.6</ele>
        <time>2025-11-21T00:14:30Z</time>
      </trkpt>
      <trkpt lat="39.17142907059337" lon="117.77083336720366">
        <ele>3.6</ele>
        <time>2025-11-21T00:14:31Z</time>
      </trkpt>
      <trkpt lat="39.17143049118697" lon="117.77085914304257">
        <ele>3.6</ele>
        <time>2025-11-21T00:14:32Z</time>
      </trkpt>
      <trkpt lat="39.17143184719194" lon="117.77088494688333">
        <ele>3.6</ele>
        <time>2025-11-21T00:14:33Z</time>
      </trkpt>
      <trkpt lat="39.17143313908207" lon="117.77091098452846">
        <ele>3.6</ele>
        <time>2025-11-21T00:14:34Z</time>
      </trkpt>
      <trkpt lat="39.171434069852104" lon="117.77093713123689">
        <ele>3.6</ele>
        <time>2025-11-21T00:14:35Z</time>
      </trkpt>
      <trkpt lat="39.171434675819036" lon="117.77096357172576">
        <ele>3.6</ele>
        <time>2025-11-21T00:14:36Z</time>
      </trkpt>
      <trkpt lat="39.17143488701541" lon="117.77099032634064">
        <ele>3.6</ele>
        <time>2025-11-21T00:14:37Z</time>
      </trkpt>
      <trkpt lat="39.17143493074444" lon="117.77101728527278">
        <ele>3.6</ele>
        <time>2025-11-21T00:14:38Z</time>
      </trkpt>
      <trkpt lat="39.171435152349005" lon="117.7710442159197">
        <ele>3.6</ele>
        <time>2025-11-21T00:14:39Z</time>
      </trkpt>
      <trkpt lat="39.171435323317" lon="117.77107085118085">
        <ele>3.6</ele>
        <time>2025-11-21T00:14:40Z</time>
      </trkpt>
      <trkpt lat="39.17143478036213" lon="117.77109771761717">
        <ele>3.6</ele>
        <time>2025-11-21T00:14:41Z</time>
      </trkpt>
      <trkpt lat="39.171433602737665" lon="117.77112406574963">
        <ele>3.6</ele>
        <time>2025-11-21T00:14:42Z</time>
      </trkpt>
      <trkpt lat="39.17143190986452" lon="117.77115302834129">
        <ele>3.6</ele>
        <time>2025-11-21T00:14:43Z</time>
      </trkpt>
      <trkpt lat="39.171430433505144" lon="117.77117910412285">
        <ele>3.6</ele>
        <time>2025-11-21T00:14:44Z</time>
      </trkpt>
      <trkpt lat="39.17142892100827" lon="117.77120571460011">
        <ele>3.6</ele>
        <time>2025-11-21T00:14:45Z</time>
      </trkpt>
      <trkpt lat="39.17142722790545" lon="117.77123254794108">
        <ele>3.6</ele>
        <time>2025-11-21T00:14:46Z</time>
      </trkpt>
      <trkpt lat="39.17142565806266" lon="117.77125946797777">
        <ele>3.6</ele>
        <time>2025-11-21T00:14:47Z</time>
      </trkpt>
      <trkpt lat="39.171424563322475" lon="117.77128643013445">
        <ele>3.6</ele>
        <time>2025-11-21T00:14:48Z</time>
      </trkpt>
      <trkpt lat="39.171424193535486" lon="117.77131330052453">
        <ele>3.6</ele>
        <time>2025-11-21T00:14:49Z</time>
      </trkpt>
      <trkpt lat="39.17142397333065" lon="117.77134011014368">
        <ele>3.6</ele>
        <time>2025-11-21T00:14:50Z</time>
      </trkpt>
      <trkpt lat="39.17142369427522" lon="117.77136687626744">
        <ele>3.6</ele>
        <time>2025-11-21T00:14:51Z</time>
      </trkpt>
      <trkpt lat="39.171423351906796" lon="117.7713937172145">
        <ele>3.6</ele>
        <time>2025-11-21T00:14:52Z</time>
      </trkpt>
      <trkpt lat="39.17142284638333" lon="117.77142021688637">
        <ele>3.6</ele>
        <time>2025-11-21T00:14:53Z</time>
      </trkpt>
      <trkpt lat="39.17142208437979" lon="117.77144644815827">
        <ele>3.6</ele>
        <time>2025-11-21T00:14:54Z</time>
      </trkpt>
      <trkpt lat="39.171421200193556" lon="117.77147233493488">
        <ele>3.6</ele>
        <time>2025-11-21T00:14:55Z</time>
      </trkpt>
      <trkpt lat="39.17142047169216" lon="117.77149789576964">
        <ele>3.6</ele>
        <time>2025-11-21T00:14:56Z</time>
      </trkpt>
      <trkpt lat="39.17141953439273" lon="117.77152304858639">
        <ele>3.6</ele>
        <time>2025-11-21T00:14:57Z</time>
      </trkpt>
      <trkpt lat="39.17141738196989" lon="117.77154719705116">
        <ele>3.6</ele>
        <time>2025-11-21T00:14:58Z</time>
      </trkpt>
      <trkpt lat="39.171412377737354" lon="117.77157040269911">
        <ele>3.6</ele>
        <time>2025-11-21T00:14:59Z</time>
      </trkpt>
      <trkpt lat="39.17140396636739" lon="117.77159146783606">
        <ele>3.6</ele>
        <time>2025-11-21T00:15:00Z</time>
      </trkpt>
      <trkpt lat="39.17139039947343" lon="117.77160867198057">
        <ele>3.6</ele>
        <time>2025-11-21T00:15:01Z</time>
      </trkpt>
      <trkpt lat="39.17137391267607" lon="117.77162330826857">
        <ele>3.6</ele>
        <time>2025-11-21T00:15:02Z</time>
      </trkpt>
      <trkpt lat="39.171355403067814" lon="117.77163703820594">
        <ele>3.6</ele>
        <time>2025-11-21T00:15:03Z</time>
      </trkpt>
      <trkpt lat="39.17133531682658" lon="117.77164992879165">
        <ele>3.6</ele>
        <time>2025-11-21T00:15:04Z</time>
      </trkpt>
      <trkpt lat="39.17131492352361" lon="117.77166259429588">
        <ele>3.6</ele>
        <time>2025-11-21T00:15:05Z</time>
      </trkpt>
      <trkpt lat="39.171294820892044" lon="117.77167347523026">
        <ele>3.6</ele>
        <time>2025-11-21T00:15:06Z</time>
      </trkpt>
      <trkpt lat="39.171278909537435" lon="117.77168381845672">
        <ele>3.6</ele>
        <time>2025-11-21T00:15:07Z</time>
      </trkpt>
      <trkpt lat="39.171263040170125" lon="117.77169715230163">
        <ele>3.6</ele>
        <time>2025-11-21T00:15:08Z</time>
      </trkpt>
      <trkpt lat="39.17124613191431" lon="117.77171352454911">
        <ele>3.6</ele>
        <time>2025-11-21T00:15:09Z</time>
      </trkpt>
      <trkpt lat="39.17122764527757" lon="117.77173379181482">
        <ele>3.6</ele>
        <time>2025-11-21T00:15:10Z</time>
      </trkpt>
      <trkpt lat="39.171211070117394" lon="117.77175142859738">
        <ele>3.6</ele>
        <time>2025-11-21T00:15:11Z</time>
      </trkpt>
      <trkpt lat="39.17119612730345" lon="117.77176647088193">
        <ele>3.6</ele>
        <time>2025-11-21T00:15:12Z</time>
      </trkpt>
      <trkpt lat="39.17118076409093" lon="117.77177802404539">
        <ele>3.6</ele>
        <time>2025-11-21T00:15:13Z</time>
      </trkpt>
      <trkpt lat="39.17116425516087" lon="117.77179241000485">
        <ele>3.6</ele>
        <time>2025-11-21T00:15:14Z</time>
      </trkpt>
      <trkpt lat="39.171148563051005" lon="117.77181156125692">
        <ele>3.6</ele>
        <time>2025-11-21T00:15:15Z</time>
      </trkpt>
      <trkpt lat="39.1711344153433" lon="117.77183645294177">
        <ele>3.6</ele>
        <time>2025-11-21T00:15:16Z</time>
      </trkpt>
      <trkpt lat="39.17112282393007" lon="117.77186315207453">
        <ele>3.6</ele>
        <time>2025-11-21T00:15:17Z</time>
      </trkpt>
      <trkpt lat="39.17111253623441" lon="117.77189082055258">
        <ele>3.6</ele>
        <time>2025-11-21T00:15:18Z</time>
      </trkpt>
      <trkpt lat="39.171101174768744" lon="117.77191654417265">
        <ele>3.6</ele>
        <time>2025-11-21T00:15:19Z</time>
      </trkpt>
      <trkpt lat="39.171089699215514" lon="117.77193991745484">
        <ele>3.6</ele>
        <time>2025-11-21T00:15:20Z</time>
      </trkpt>
      <trkpt lat="39.171079146716195" lon="117.77196201068868">
        <ele>3.6</ele>
        <time>2025-11-21T00:15:21Z</time>
      </trkpt>
      <trkpt lat="39.17107159051557" lon="117.77198716252262">
        <ele>3.6</ele>
        <time>2025-11-21T00:15:22Z</time>
      </trkpt>
      <trkpt lat="39.171061886821214" lon="117.77201421974326">
        <ele>3.6</ele>
        <time>2025-11-21T00:15:23Z</time>
      </trkpt>
      <trkpt lat="39.171048886089345" lon="117.77204118259552">
        <ele>3.6</ele>
        <time>2025-11-21T00:15:24Z</time>
      </trkpt>
      <trkpt lat="39.17103294484458" lon="117.77206326479646">
        <ele>3.6</ele>
        <time>2025-11-21T00:15:25Z</time>
      </trkpt>
      <trkpt lat="39.171016746649265" lon="117.77208302391574">
        <ele>3.6</ele>
        <time>2025-11-21T00:15:26Z</time>
      </trkpt>
      <trkpt lat="39.171000257047716" lon="117.772101262308">
        <ele>3.6</ele>
        <time>2025-11-21T00:15:27Z</time>
      </trkpt>
      <trkpt lat="39.170983712581005" lon="117.77211844003746">
        <ele>3.6</ele>
        <time>2025-11-21T00:15:28Z</time>
      </trkpt>
      <trkpt lat="39.17096542530263" lon="117.77213652238068">
        <ele>3.6</ele>
        <time>2025-11-21T00:15:29Z</time>
      </trkpt>
      <trkpt lat="39.170946887788936" lon="117.77215414208217">
        <ele>3.6</ele>
        <time>2025-11-21T00:15:30Z</time>
      </trkpt>
      <trkpt lat="39.17092832383321" lon="117.77217088555764">
        <ele>3.6</ele>
        <time>2025-11-21T00:15:31Z</time>
      </trkpt>
      <trkpt lat="39.17090866559555" lon="117.77218619802507">
        <ele>3.8</ele>
        <time>2025-11-21T00:15:32Z</time>
      </trkpt>
      <trkpt lat="39.17088887614542" lon="117.77219935308301">
        <ele>3.8</ele>
        <time>2025-11-21T00:15:33Z</time>
      </trkpt>
      <trkpt lat="39.170866943718984" lon="117.7722107923499">
        <ele>3.8</ele>
        <time>2025-11-21T00:15:34Z</time>
      </trkpt>
      <trkpt lat="39.17084774781759" lon="117.77222072367897">
        <ele>3.8</ele>
        <time>2025-11-21T00:15:35Z</time>
      </trkpt>
      <trkpt lat="39.17082667561821" lon="117.77223319693103">
        <ele>3.8</ele>
        <time>2025-11-21T00:15:36Z</time>
      </trkpt>
      <trkpt lat="39.17080752138143" lon="117.77224656649402">
        <ele>3.8</ele>
        <time>2025-11-21T00:15:37Z</time>
      </trkpt>
      <trkpt lat="39.17078795623749" lon="117.77225981845375">
        <ele>3.8</ele>
        <time>2025-11-21T00:15:38Z</time>
      </trkpt>
      <trkpt lat="39.170768169741265" lon="117.77227298222938">
        <ele>3.8</ele>
        <time>2025-11-21T00:15:39Z</time>
      </trkpt>
      <trkpt lat="39.17074823204527" lon="117.77228619403687">
        <ele>3.8</ele>
        <time>2025-11-21T00:15:40Z</time>
      </trkpt>
      <trkpt lat="39.170728256181455" lon="117.77229955174258">
        <ele>3.8</ele>
        <time>2025-11-21T00:15:41Z</time>
      </trkpt>
      <trkpt lat="39.17070834502954" lon="117.77231316308458">
        <ele>3.8</ele>
        <time>2025-11-21T00:15:42Z</time>
      </trkpt>
      <trkpt lat="39.170688860790804" lon="117.77232686707806">
        <ele>3.8</ele>
        <time>2025-11-21T00:15:43Z</time>
      </trkpt>
      <trkpt lat="39.17066971521821" lon="117.77234087013791">
        <ele>3.8</ele>
        <time>2025-11-21T00:15:44Z</time>
      </trkpt>
      <trkpt lat="39.170652696761906" lon="117.77235372921632">
        <ele>3.8</ele>
        <time>2025-11-21T00:15:45Z</time>
      </trkpt>
      <trkpt lat="39.17063541577943" lon="117.7723674587464">
        <ele>3.8</ele>
        <time>2025-11-21T00:15:46Z</time>
      </trkpt>
      <trkpt lat="39.1706154933666" lon="117.77238407287385">
        <ele>3.6</ele>
        <time>2025-11-21T00:15:47Z</time>
      </trkpt>
      <trkpt lat="39.170596061905435" lon="117.77240080191133">
        <ele>3.6</ele>
        <time>2025-11-21T00:15:48Z</time>
      </trkpt>
      <trkpt lat="39.17057480538927" lon="117.77241964799398">
        <ele>3.6</ele>
        <time>2025-11-21T00:15:49Z</time>
      </trkpt>
      <trkpt lat="39.17055636941417" lon="117.77243656956936">
        <ele>3.6</ele>
        <time>2025-11-21T00:15:50Z</time>
      </trkpt>
      <trkpt lat="39.170538036065665" lon="117.77245392427871">
        <ele>3.6</ele>
        <time>2025-11-21T00:15:51Z</time>
      </trkpt>
      <trkpt lat="39.17051971425955" lon="117.77247182621858">
        <ele>3.4</ele>
        <time>2025-11-21T00:15:52Z</time>
      </trkpt>
      <trkpt lat="39.1705014093985" lon="117.7724902139042">
        <ele>3.4</ele>
        <time>2025-11-21T00:15:53Z</time>
      </trkpt>
      <trkpt lat="39.170483350487416" lon="117.77250880862407">
        <ele>3.4</ele>
        <time>2025-11-21T00:15:54Z</time>
      </trkpt>
      <trkpt lat="39.170465502544545" lon="117.7725275668281">
        <ele>3.4</ele>
        <time>2025-11-21T00:15:55Z</time>
      </trkpt>
      <trkpt lat="39.17044782137032" lon="117.7725464040012">
        <ele>3.4</ele>
        <time>2025-11-21T00:15:56Z</time>
      </trkpt>
      <trkpt lat="39.17043023158087" lon="117.77256531811939">
        <ele>3.4</ele>
        <time>2025-11-21T00:15:57Z</time>
      </trkpt>
      <trkpt lat="39.17041270278959" lon="117.77258427098356">
        <ele>3.4</ele>
        <time>2025-11-21T00:15:58Z</time>
      </trkpt>
      <trkpt lat="39.170395507494135" lon="117.77260289716301">
        <ele>3.4</ele>
        <time>2025-11-21T00:15:59Z</time>
      </trkpt>
      <trkpt lat="39.170378333025646" lon="117.77262139459258">
        <ele>3.4</ele>
        <time>2025-11-21T00:16:00Z</time>
      </trkpt>
      <trkpt lat="39.17036303609578" lon="117.77263804503134">
        <ele>3.4</ele>
        <time>2025-11-21T00:16:01Z</time>
      </trkpt>
      <trkpt lat="39.17034717941041" lon="117.7726550380336">
        <ele>3.4</ele>
        <time>2025-11-21T00:16:02Z</time>
      </trkpt>
      <trkpt lat="39.17032858162869" lon="117.77267452384294">
        <ele>3.4</ele>
        <time>2025-11-21T00:16:03Z</time>
      </trkpt>
      <trkpt lat="39.17030993896677" lon="117.77269390673031">
        <ele>3.4</ele>
        <time>2025-11-21T00:16:04Z</time>
      </trkpt>
      <trkpt lat="39.17029030837138" lon="117.77271531025319">
        <ele>3.4</ele>
        <time>2025-11-21T00:16:05Z</time>
      </trkpt>
      <trkpt lat="39.17027028697043" lon="117.77273661166635">
        <ele>3.4</ele>
        <time>2025-11-21T00:16:06Z</time>
      </trkpt>
      <trkpt lat="39.170250121969254" lon="117.77275718977889">
        <ele>3.4</ele>
        <time>2025-11-21T00:16:07Z</time>
      </trkpt>
      <trkpt lat="39.17022892797187" lon="117.7727762592969">
        <ele>3.4</ele>
        <time>2025-11-21T00:16:08Z</time>
      </trkpt>
      <trkpt lat="39.170209866960334" lon="117.7727921021985">
        <ele>3.4</ele>
        <time>2025-11-21T00:16:09Z</time>
      </trkpt>
      <trkpt lat="39.17019061132364" lon="117.77280715980707">
        <ele>3.4</ele>
        <time>2025-11-21T00:16:10Z</time>
      </trkpt>
      <trkpt lat="39.170171014160246" lon="117.77282120722016">
        <ele>3.4</ele>
        <time>2025-11-21T00:16:11Z</time>
      </trkpt>
      <trkpt lat="39.170151316361995" lon="117.77283422712495">
        <ele>3.4</ele>
        <time>2025-11-21T00:16:12Z</time>
      </trkpt>
      <trkpt lat="39.170131224559135" lon="117.77284629055916">
        <ele>3.4</ele>
        <time>2025-11-21T00:16:13Z</time>
      </trkpt>
      <trkpt lat="39.17011033399034" lon="117.77285690634417">
        <ele>3.4</ele>
        <time>2025-11-21T00:16:14Z</time>
      </trkpt>
      <trkpt lat="39.170089234361875" lon="117.77286632803872">
        <ele>3.4</ele>
        <time>2025-11-21T00:16:15Z</time>
      </trkpt>
      <trkpt lat="39.17006759657682" lon="117.77287516149288">
        <ele>3.4</ele>
        <time>2025-11-21T00:16:16Z</time>
      </trkpt>
      <trkpt lat="39.170047701039955" lon="117.77288270712789">
        <ele>3.4</ele>
        <time>2025-11-21T00:16:17Z</time>
      </trkpt>
      <trkpt lat="39.17002748971531" lon="117.77289005792618">
        <ele>3.4</ele>
        <time>2025-11-21T00:16:18Z</time>
      </trkpt>
      <trkpt lat="39.170005256766615" lon="117.77289730350442">
        <ele>3.4</ele>
        <time>2025-11-21T00:16:19Z</time>
      </trkpt>
      <trkpt lat="39.16998378722128" lon="117.77290365902263">
        <ele>3.4</ele>
        <time>2025-11-21T00:16:20Z</time>
      </trkpt>
      <trkpt lat="39.169960213615084" lon="117.7729101420687">
        <ele>3.4</ele>
        <time>2025-11-21T00:16:21Z</time>
      </trkpt>
      <trkpt lat="39.16993909040013" lon="117.77291612878139">
        <ele>3.4</ele>
        <time>2025-11-21T00:16:22Z</time>
      </trkpt>
      <trkpt lat="39.16991722042301" lon="117.77292308934571">
        <ele>3.4</ele>
        <time>2025-11-21T00:16:23Z</time>
      </trkpt>
      <trkpt lat="39.16989553557978" lon="117.77293165530088">
        <ele>3.4</ele>
        <time>2025-11-21T00:16:24Z</time>
      </trkpt>
      <trkpt lat="39.16987356508294" lon="117.77294131391179">
        <ele>3.4</ele>
        <time>2025-11-21T00:16:25Z</time>
      </trkpt>
      <trkpt lat="39.169852305951224" lon="117.77295161479498">
        <ele>3.4</ele>
        <time>2025-11-21T00:16:26Z</time>
      </trkpt>
      <trkpt lat="39.16983144480267" lon="117.77296241283106">
        <ele>3.4</ele>
        <time>2025-11-21T00:16:27Z</time>
      </trkpt>
      <trkpt lat="39.16981157347751" lon="117.77297368770745">
        <ele>3.4</ele>
        <time>2025-11-21T00:16:28Z</time>
      </trkpt>
      <trkpt lat="39.169792002616994" lon="117.7729859589337">
        <ele>3.4</ele>
        <time>2025-11-21T00:16:29Z</time>
      </trkpt>
      <trkpt lat="39.16977499685167" lon="117.77299786261136">
        <ele>3.4</ele>
        <time>2025-11-21T00:16:30Z</time>
      </trkpt>
      <trkpt lat="39.169756934604045" lon="117.77301122528752">
        <ele>3.4</ele>
        <time>2025-11-21T00:16:31Z</time>
      </trkpt>
      <trkpt lat="39.16973939401201" lon="117.77302443452515">
        <ele>3.4</ele>
        <time>2025-11-21T00:16:32Z</time>
      </trkpt>
      <trkpt lat="39.169720511883206" lon="117.77303913961565">
        <ele>3.4</ele>
        <time>2025-11-21T00:16:33Z</time>
      </trkpt>
      <trkpt lat="39.16970318101975" lon="117.77305342850677">
        <ele>3.4</ele>
        <time>2025-11-21T00:16:34Z</time>
      </trkpt>
      <trkpt lat="39.16968608452523" lon="117.77306859651439">
        <ele>3.4</ele>
        <time>2025-11-21T00:16:35Z</time>
      </trkpt>
      <trkpt lat="39.16966917654864" lon="117.77308497647074">
        <ele>3.4</ele>
        <time>2025-11-21T00:16:36Z</time>
      </trkpt>
      <trkpt lat="39.169652446978304" lon="117.77310197758776">
        <ele>3.4</ele>
        <time>2025-11-21T00:16:37Z</time>
      </trkpt>
      <trkpt lat="39.16963589668666" lon="117.77311960046777">
        <ele>3.4</ele>
        <time>2025-11-21T00:16:38Z</time>
      </trkpt>
      <trkpt lat="39.16961932505773" lon="117.77313822799658">
        <ele>3.4</ele>
        <time>2025-11-21T00:16:39Z</time>
      </trkpt>
      <trkpt lat="39.16960290753901" lon="117.77315718338298">
        <ele>3.4</ele>
        <time>2025-11-21T00:16:40Z</time>
      </trkpt>
      <trkpt lat="39.16958497787449" lon="117.77317798025427">
        <ele>3.4</ele>
        <time>2025-11-21T00:16:41Z</time>
      </trkpt>
      <trkpt lat="39.1695688976068" lon="117.77319655711132">
        <ele>3.4</ele>
        <time>2025-11-21T00:16:42Z</time>
      </trkpt>
      <trkpt lat="39.169552614051675" lon="117.77321482105066">
        <ele>3.4</ele>
        <time>2025-11-21T00:16:43Z</time>
      </trkpt>
      <trkpt lat="39.16953577670167" lon="117.77323255520143">
        <ele>3.4</ele>
        <time>2025-11-21T00:16:44Z</time>
      </trkpt>
      <trkpt lat="39.169518122392034" lon="117.77324951973478">
        <ele>3.4</ele>
        <time>2025-11-21T00:16:45Z</time>
      </trkpt>
      <trkpt lat="39.1694996308833" lon="117.77326570262979">
        <ele>3.4</ele>
        <time>2025-11-21T00:16:46Z</time>
      </trkpt>
      <trkpt lat="39.16948004437303" lon="117.77328084527277">
        <ele>3.4</ele>
        <time>2025-11-21T00:16:47Z</time>
      </trkpt>
      <trkpt lat="39.169460598202036" lon="117.7732949557425">
        <ele>3.4</ele>
        <time>2025-11-21T00:16:48Z</time>
      </trkpt>
      <trkpt lat="39.16943946904024" lon="117.77330922055408">
        <ele>3.4</ele>
        <time>2025-11-21T00:16:49Z</time>
      </trkpt>
      <trkpt lat="39.16942054558102" lon="117.77332102824172">
        <ele>3.4</ele>
        <time>2025-11-21T00:16:50Z</time>
      </trkpt>
      <trkpt lat="39.169401301399276" lon="117.7733325829496">
        <ele>3.4</ele>
        <time>2025-11-21T00:16:51Z</time>
      </trkpt>
      <trkpt lat="39.169381633007916" lon="117.7733441955464">
        <ele>3.4</ele>
        <time>2025-11-21T00:16:52Z</time>
      </trkpt>
      <trkpt lat="39.169361981044" lon="117.77335627102246">
        <ele>3.4</ele>
        <time>2025-11-21T00:16:53Z</time>
      </trkpt>
      <trkpt lat="39.16934246530628" lon="117.77336907858214">
        <ele>3.4</ele>
        <time>2025-11-21T00:16:54Z</time>
      </trkpt>
      <trkpt lat="39.16932350560741" lon="117.7733828439314">
        <ele>3.4</ele>
        <time>2025-11-21T00:16:55Z</time>
      </trkpt>
      <trkpt lat="39.16930464750596" lon="117.77339714795858">
        <ele>3.4</ele>
        <time>2025-11-21T00:16:56Z</time>
      </trkpt>
      <trkpt lat="39.16928563010586" lon="117.77341130878493">
        <ele>3.4</ele>
        <time>2025-11-21T00:16:57Z</time>
      </trkpt>
      <trkpt lat="39.16926582712847" lon="117.77342480044942">
        <ele>3.4</ele>
        <time>2025-11-21T00:16:58Z</time>
      </trkpt>
      <trkpt lat="39.16924571550348" lon="117.77343705321553">
        <ele>3.4</ele>
        <time>2025-11-21T00:16:59Z</time>
      </trkpt>
      <trkpt lat="39.169223236947516" lon="117.77344942596405">
        <ele>3.4</ele>
        <time>2025-11-21T00:17:00Z</time>
      </trkpt>
      <trkpt lat="39.1692027560261" lon="117.77345989390743">
        <ele>3.4</ele>
        <time>2025-11-21T00:17:01Z</time>
      </trkpt>
      <trkpt lat="39.16918187820992" lon="117.77347043136726">
        <ele>3.4</ele>
        <time>2025-11-21T00:17:02Z</time>
      </trkpt>
      <trkpt lat="39.16916233829121" lon="117.77347988774328">
        <ele>3.4</ele>
        <time>2025-11-21T00:17:03Z</time>
      </trkpt>
      <trkpt lat="39.16914228797881" lon="117.7734887412577">
        <ele>3.4</ele>
        <time>2025-11-21T00:17:04Z</time>
      </trkpt>
      <trkpt lat="39.16911998316647" lon="117.77349677605775">
        <ele>3.4</ele>
        <time>2025-11-21T00:17:05Z</time>
      </trkpt>
      <trkpt lat="39.169097991090545" lon="117.77350271879118">
        <ele>3.4</ele>
        <time>2025-11-21T00:17:06Z</time>
      </trkpt>
      <trkpt lat="39.16907600308903" lon="117.77350652632464">
        <ele>3.4</ele>
        <time>2025-11-21T00:17:07Z</time>
      </trkpt>
      <trkpt lat="39.16905389910548" lon="117.77350908704987">
        <ele>3.4</ele>
        <time>2025-11-21T00:17:08Z</time>
      </trkpt>
      <trkpt lat="39.16903218538812" lon="117.77351228141916">
        <ele>3.4</ele>
        <time>2025-11-21T00:17:09Z</time>
      </trkpt>
      <trkpt lat="39.16901126787931" lon="117.77351778804251">
        <ele>3.4</ele>
        <time>2025-11-21T00:17:10Z</time>
      </trkpt>
      <trkpt lat="39.16899143186044" lon="117.77352604717684">
        <ele>3.4</ele>
        <time>2025-11-21T00:17:11Z</time>
      </trkpt>
      <trkpt lat="39.16897251872122" lon="117.77353633741282">
        <ele>3.4</ele>
        <time>2025-11-21T00:17:12Z</time>
      </trkpt>
      <trkpt lat="39.16895406106452" lon="117.77354844039131">
        <ele>3.4</ele>
        <time>2025-11-21T00:17:13Z</time>
      </trkpt>
      <trkpt lat="39.168936362634724" lon="117.7735639404484">
        <ele>3.4</ele>
        <time>2025-11-21T00:17:14Z</time>
      </trkpt>
      <trkpt lat="39.16891833785583" lon="117.77358151367513">
        <ele>3.4</ele>
        <time>2025-11-21T00:17:15Z</time>
      </trkpt>
      <trkpt lat="39.168899708657925" lon="117.77359939344831">
        <ele>3.4</ele>
        <time>2025-11-21T00:17:16Z</time>
      </trkpt>
      <trkpt lat="39.16888046985524" lon="117.77361635865986">
        <ele>3.4</ele>
        <time>2025-11-21T00:17:17Z</time>
      </trkpt>
      <trkpt lat="39.16886034161607" lon="117.77363092764537">
        <ele>3.4</ele>
        <time>2025-11-21T00:17:18Z</time>
      </trkpt>
      <trkpt lat="39.16884049959555" lon="117.77364256754475">
        <ele>3.4</ele>
        <time>2025-11-21T00:17:19Z</time>
      </trkpt>
      <trkpt lat="39.16882126997255" lon="117.77364702477239">
        <ele>3.4</ele>
        <time>2025-11-21T00:17:20Z</time>
      </trkpt>
      <trkpt lat="39.168798959176804" lon="117.77364684083071">
        <ele>3.4</ele>
        <time>2025-11-21T00:17:21Z</time>
      </trkpt>
      <trkpt lat="39.168774381469056" lon="117.77364687267992">
        <ele>3.4</ele>
        <time>2025-11-21T00:17:22Z</time>
      </trkpt>
      <trkpt lat="39.1687497538151" lon="117.77364910295829">
        <ele>3.4</ele>
        <time>2025-11-21T00:17:23Z</time>
      </trkpt>
      <trkpt lat="39.168725580280324" lon="117.77365432131786">
        <ele>3.4</ele>
        <time>2025-11-21T00:17:24Z</time>
      </trkpt>
      <trkpt lat="39.16870296648405" lon="117.77365882268609">
        <ele>3.4</ele>
        <time>2025-11-21T00:17:25Z</time>
      </trkpt>
      <trkpt lat="39.168679611499265" lon="117.77366028572267">
        <ele>3.4</ele>
        <time>2025-11-21T00:17:26Z</time>
      </trkpt>
      <trkpt lat="39.168660929547165" lon="117.77366129305044">
        <ele>3.4</ele>
        <time>2025-11-21T00:17:27Z</time>
      </trkpt>
      <trkpt lat="39.168643938438194" lon="117.7736648311673">
        <ele>3.4</ele>
        <time>2025-11-21T00:17:28Z</time>
      </trkpt>
      <trkpt lat="39.1686266440763" lon="117.77367603528327">
        <ele>3.4</ele>
        <time>2025-11-21T00:17:29Z</time>
      </trkpt>
      <trkpt lat="39.16860688903737" lon="117.77368868714517">
        <ele>3.4</ele>
        <time>2025-11-21T00:17:30Z</time>
      </trkpt>
      <trkpt lat="39.1685858602507" lon="117.77370011145565">
        <ele>3.4</ele>
        <time>2025-11-21T00:17:31Z</time>
      </trkpt>
      <trkpt lat="39.16856514134755" lon="117.77370991928433">
        <ele>3.4</ele>
        <time>2025-11-21T00:17:32Z</time>
      </trkpt>
      <trkpt lat="39.16854588154421" lon="117.773720414933">
        <ele>3.4</ele>
        <time>2025-11-21T00:17:33Z</time>
      </trkpt>
      <trkpt lat="39.16852696104384" lon="117.77373203386954">
        <ele>3.4</ele>
        <time>2025-11-21T00:17:34Z</time>
      </trkpt>
      <trkpt lat="39.16850964825958" lon="117.773743795984">
        <ele>3.4</ele>
        <time>2025-11-21T00:17:35Z</time>
      </trkpt>
      <trkpt lat="39.16849184374898" lon="117.77375669912269">
        <ele>3.4</ele>
        <time>2025-11-21T00:17:36Z</time>
      </trkpt>
      <trkpt lat="39.168472123403774" lon="117.7737720410425">
        <ele>3.4</ele>
        <time>2025-11-21T00:17:37Z</time>
      </trkpt>
      <trkpt lat="39.16845312931217" lon="117.77378725207777">
        <ele>3.4</ele>
        <time>2025-11-21T00:17:38Z</time>
      </trkpt>
      <trkpt lat="39.16843282858125" lon="117.77380394906857">
        <ele>3.4</ele>
        <time>2025-11-21T00:17:39Z</time>
      </trkpt>
      <trkpt lat="39.16841442398896" lon="117.77381882199404">
        <ele>3.4</ele>
        <time>2025-11-21T00:17:40Z</time>
      </trkpt>
      <trkpt lat="39.1683955488666" lon="117.77383384072523">
        <ele>3.4</ele>
        <time>2025-11-21T00:17:41Z</time>
      </trkpt>
      <trkpt lat="39.168376103218094" lon="117.77384838977589">
        <ele>3.4</ele>
        <time>2025-11-21T00:17:42Z</time>
      </trkpt>
      <trkpt lat="39.16835608677511" lon="117.77386293520485">
        <ele>3.4</ele>
        <time>2025-11-21T00:17:43Z</time>
      </trkpt>
      <trkpt lat="39.16833509046433" lon="117.77387691178913">
        <ele>3.4</ele>
        <time>2025-11-21T00:17:44Z</time>
      </trkpt>
      <trkpt lat="39.168315142901854" lon="117.77389246897793">
        <ele>3.4</ele>
        <time>2025-11-21T00:17:45Z</time>
      </trkpt>
      <trkpt lat="39.16829676663186" lon="117.77390677676387">
        <ele>3.4</ele>
        <time>2025-11-21T00:17:46Z</time>
      </trkpt>
      <trkpt lat="39.168279458442306" lon="117.77391769890515">
        <ele>3.4</ele>
        <time>2025-11-21T00:17:47Z</time>
      </trkpt>
      <trkpt lat="39.16825947096851" lon="117.77392210861645">
        <ele>3.4</ele>
        <time>2025-11-21T00:17:48Z</time>
      </trkpt>
      <trkpt lat="39.168237472807974" lon="117.77392650741069">
        <ele>3.4</ele>
        <time>2025-11-21T00:17:49Z</time>
      </trkpt>
      <trkpt lat="39.1682143868717" lon="117.77393248434281">
        <ele>3.4</ele>
        <time>2025-11-21T00:17:50Z</time>
      </trkpt>
      <trkpt lat="39.16819402242682" lon="117.77393943819472">
        <ele>3.4</ele>
        <time>2025-11-21T00:17:51Z</time>
      </trkpt>
      <trkpt lat="39.16817172180032" lon="117.77394508007094">
        <ele>3.4</ele>
        <time>2025-11-21T00:17:52Z</time>
      </trkpt>
      <trkpt lat="39.168149494328425" lon="117.77394982705066">
        <ele>3.4</ele>
        <time>2025-11-21T00:17:53Z</time>
      </trkpt>
      <trkpt lat="39.168127401118355" lon="117.77395414677925">
        <ele>3.4</ele>
        <time>2025-11-21T00:17:54Z</time>
      </trkpt>
      <trkpt lat="39.1681051362276" lon="117.77395781521359">
        <ele>3.4</ele>
        <time>2025-11-21T00:17:55Z</time>
      </trkpt>
      <trkpt lat="39.16808276981703" lon="117.77396100075966">
        <ele>3.4</ele>
        <time>2025-11-21T00:17:56Z</time>
      </trkpt>
      <trkpt lat="39.168060167370925" lon="117.77396382258745">
        <ele>3.4</ele>
        <time>2025-11-21T00:17:57Z</time>
      </trkpt>
      <trkpt lat="39.1680374176364" lon="117.77396675415922">
        <ele>3.4</ele>
        <time>2025-11-21T00:17:58Z</time>
      </trkpt>
      <trkpt lat="39.168014508122795" lon="117.77397037048893">
        <ele>3.4</ele>
        <time>2025-11-21T00:17:59Z</time>
      </trkpt>
      <trkpt lat="39.16799368018988" lon="117.7739733038602">
        <ele>3.4</ele>
        <time>2025-11-21T00:18:00Z</time>
      </trkpt>
      <trkpt lat="39.16797599646939" lon="117.77397740242156">
        <ele>3.4</ele>
        <time>2025-11-21T00:18:01Z</time>
      </trkpt>
      <trkpt lat="39.167957166554345" lon="117.77398170929648">
        <ele>3.4</ele>
        <time>2025-11-21T00:18:02Z</time>
      </trkpt>
      <trkpt lat="39.167934178579145" lon="117.7739876629763">
        <ele>3.4</ele>
        <time>2025-11-21T00:18:03Z</time>
      </trkpt>
      <trkpt lat="39.16791028671968" lon="117.77399236916091">
        <ele>3.4</ele>
        <time>2025-11-21T00:18:04Z</time>
      </trkpt>
      <trkpt lat="39.16788808148453" lon="117.77399630040946">
        <ele>3.4</ele>
        <time>2025-11-21T00:18:05Z</time>
      </trkpt>
      <trkpt lat="39.16786799936555" lon="117.7739995528441">
        <ele>3.4</ele>
        <time>2025-11-21T00:18:06Z</time>
      </trkpt>
      <trkpt lat="39.167848555515164" lon="117.77400274604369">
        <ele>3.4</ele>
        <time>2025-11-21T00:18:07Z</time>
      </trkpt>
      <trkpt lat="39.16782735683694" lon="117.77400677447585">
        <ele>3.4</ele>
        <time>2025-11-21T00:18:08Z</time>
      </trkpt>
      <trkpt lat="39.16780729156655" lon="117.77401170575207">
        <ele>3.4</ele>
        <time>2025-11-21T00:18:09Z</time>
      </trkpt>
      <trkpt lat="39.16778557196224" lon="117.7740184467567">
        <ele>3.4</ele>
        <time>2025-11-21T00:18:10Z</time>
      </trkpt>
      <trkpt lat="39.167766064851655" lon="117.77402611254773">
        <ele>3.4</ele>
        <time>2025-11-21T00:18:11Z</time>
      </trkpt>
      <trkpt lat="39.167746289449546" lon="117.7740346939108">
        <ele>3.4</ele>
        <time>2025-11-21T00:18:12Z</time>
      </trkpt>
      <trkpt lat="39.167726450720124" lon="117.77404457236224">
        <ele>3.4</ele>
        <time>2025-11-21T00:18:13Z</time>
      </trkpt>
      <trkpt lat="39.16770690689756" lon="117.77405537665395">
        <ele>3.4</ele>
        <time>2025-11-21T00:18:14Z</time>
      </trkpt>
      <trkpt lat="39.167687622641154" lon="117.77406697340453">
        <ele>3.4</ele>
        <time>2025-11-21T00:18:15Z</time>
      </trkpt>
      <trkpt lat="39.16766904391929" lon="117.774079286557">
        <ele>3.4</ele>
        <time>2025-11-21T00:18:16Z</time>
      </trkpt>
      <trkpt lat="39.16765106416908" lon="117.77409179116911">
        <ele>3.4</ele>
        <time>2025-11-21T00:18:17Z</time>
      </trkpt>
      <trkpt lat="39.16763378320937" lon="117.77410450655422">
        <ele>3.4</ele>
        <time>2025-11-21T00:18:18Z</time>
      </trkpt>
      <trkpt lat="39.167616711364595" lon="117.77411768890255">
        <ele>3.4</ele>
        <time>2025-11-21T00:18:19Z</time>
      </trkpt>
      <trkpt lat="39.16759989990761" lon="117.77413064375281">
        <ele>3.4</ele>
        <time>2025-11-21T00:18:20Z</time>
      </trkpt>
      <trkpt lat="39.1675813735438" lon="117.77414484315456">
        <ele>3.4</ele>
        <time>2025-11-21T00:18:21Z</time>
      </trkpt>
      <trkpt lat="39.16756442814764" lon="117.77415738613746">
        <ele>3.4</ele>
        <time>2025-11-21T00:18:22Z</time>
      </trkpt>
      <trkpt lat="39.167547012625604" lon="117.77416969216569">
        <ele>3.4</ele>
        <time>2025-11-21T00:18:23Z</time>
      </trkpt>
      <trkpt lat="39.16752902021084" lon="117.77418086611262">
        <ele>3.4</ele>
        <time>2025-11-21T00:18:24Z</time>
      </trkpt>
      <trkpt lat="39.16751162365822" lon="117.77418993364253">
        <ele>3.4</ele>
        <time>2025-11-21T00:18:25Z</time>
      </trkpt>
      <trkpt lat="39.16749480272585" lon="117.774197040902">
        <ele>3.4</ele>
        <time>2025-11-21T00:18:26Z</time>
      </trkpt>
      <trkpt lat="39.167482318248766" lon="117.77420065040977">
        <ele>3.4</ele>
        <time>2025-11-21T00:18:27Z</time>
      </trkpt>
      <trkpt lat="39.167470145621365" lon="117.77420381920197">
        <ele>3.4</ele>
        <time>2025-11-21T00:18:28Z</time>
      </trkpt>
      <trkpt lat="39.167458669927676" lon="117.77420710011448">
        <ele>3.4</ele>
        <time>2025-11-21T00:18:29Z</time>
      </trkpt>
      <trkpt lat="39.16744601997217" lon="117.77421153443663">
        <ele>3.4</ele>
        <time>2025-11-21T00:18:30Z</time>
      </trkpt>
      <trkpt lat="39.1674334556263" lon="117.77421668103362">
        <ele>3.4</ele>
        <time>2025-11-21T00:18:31Z</time>
      </trkpt>
      <trkpt lat="39.167420187474605" lon="117.77422240494754">
        <ele>3.6</ele>
        <time>2025-11-21T00:18:32Z</time>
      </trkpt>
      <trkpt lat="39.16740564899778" lon="117.77422856158361">
        <ele>3.6</ele>
        <time>2025-11-21T00:18:33Z</time>
      </trkpt>
      <trkpt lat="39.16738937994422" lon="117.77423489973683">
        <ele>3.6</ele>
        <time>2025-11-21T00:18:34Z</time>
      </trkpt>
      <trkpt lat="39.16737115044064" lon="117.77424157169031">
        <ele>3.6</ele>
        <time>2025-11-21T00:18:35Z</time>
      </trkpt>
      <trkpt lat="39.16735180475985" lon="117.77424881252041">
        <ele>3.6</ele>
        <time>2025-11-21T00:18:36Z</time>
      </trkpt>
      <trkpt lat="39.167330401010084" lon="117.77425840236562">
        <ele>3.6</ele>
        <time>2025-11-21T00:18:37Z</time>
      </trkpt>
      <trkpt lat="39.167309495084474" lon="117.77426981765313">
        <ele>3.6</ele>
        <time>2025-11-21T00:18:38Z</time>
      </trkpt>
      <trkpt lat="39.16728853429268" lon="117.77428249655549">
        <ele>3.6</ele>
        <time>2025-11-21T00:18:39Z</time>
      </trkpt>
      <trkpt lat="39.16726709392302" lon="117.77429530466812">
        <ele>3.6</ele>
        <time>2025-11-21T00:18:40Z</time>
      </trkpt>
      <trkpt lat="39.16724490013064" lon="117.7743068267102">
        <ele>3.6</ele>
        <time>2025-11-21T00:18:41Z</time>
      </trkpt>
      <trkpt lat="39.167222251718414" lon="117.7743174022573">
        <ele>3.6</ele>
        <time>2025-11-21T00:18:42Z</time>
      </trkpt>
      <trkpt lat="39.16719894843879" lon="117.77432735105026">
        <ele>3.6</ele>
        <time>2025-11-21T00:18:43Z</time>
      </trkpt>
      <trkpt lat="39.16717581497208" lon="117.7743375870143">
        <ele>3.6</ele>
        <time>2025-11-21T00:18:44Z</time>
      </trkpt>
      <trkpt lat="39.16715081708166" lon="117.77434914680899">
        <ele>3.6</ele>
        <time>2025-11-21T00:18:45Z</time>
      </trkpt>
      <trkpt lat="39.167128182064296" lon="117.7743603706929">
        <ele>3.6</ele>
        <time>2025-11-21T00:18:46Z</time>
      </trkpt>
      <trkpt lat="39.16710533695892" lon="117.77437214549698">
        <ele>3.4</ele>
        <time>2025-11-21T00:18:47Z</time>
      </trkpt>
      <trkpt lat="39.16708233824415" lon="117.77438480866022">
        <ele>3.4</ele>
        <time>2025-11-21T00:18:48Z</time>
      </trkpt>
      <trkpt lat="39.167058722256975" lon="117.77439802820037">
        <ele>3.4</ele>
        <time>2025-11-21T00:18:49Z</time>
      </trkpt>
      <trkpt lat="39.16703475898563" lon="117.77441156382238">
        <ele>3.4</ele>
        <time>2025-11-21T00:18:50Z</time>
      </trkpt>
      <trkpt lat="39.16701003746855" lon="117.77442494248486">
        <ele>3.4</ele>
        <time>2025-11-21T00:18:51Z</time>
      </trkpt>
      <trkpt lat="39.16698565190313" lon="117.77443704139839">
        <ele>3.4</ele>
        <time>2025-11-21T00:18:52Z</time>
      </trkpt>
      <trkpt lat="39.1669592515935" lon="117.77444798001774">
        <ele>3.4</ele>
        <time>2025-11-21T00:18:53Z</time>
      </trkpt>
      <trkpt lat="39.16693505260947" lon="117.77445495374269">
        <ele>3.4</ele>
        <time>2025-11-21T00:18:54Z</time>
      </trkpt>
      <trkpt lat="39.16691031807385" lon="117.77445886614088">
        <ele>3.4</ele>
        <time>2025-11-21T00:18:55Z</time>
      </trkpt>
      <trkpt lat="39.16688599662186" lon="117.77446163056038">
        <ele>3.4</ele>
        <time>2025-11-21T00:18:56Z</time>
      </trkpt>
      <trkpt lat="39.1668628404463" lon="117.77446432876536">
        <ele>3.4</ele>
        <time>2025-11-21T00:18:57Z</time>
      </trkpt>
      <trkpt lat="39.16684090662976" lon="117.77446817350467">
        <ele>3.4</ele>
        <time>2025-11-21T00:18:58Z</time>
      </trkpt>
      <trkpt lat="39.16681887494787" lon="117.7744719638058">
        <ele>3.4</ele>
        <time>2025-11-21T00:18:59Z</time>
      </trkpt>
      <trkpt lat="39.16679664261393" lon="117.77447583581528">
        <ele>3.4</ele>
        <time>2025-11-21T00:19:00Z</time>
      </trkpt>
      <trkpt lat="39.16677428450961" lon="117.77447979418179">
        <ele>3.4</ele>
        <time>2025-11-21T00:19:01Z</time>
      </trkpt>
      <trkpt lat="39.16675124204678" lon="117.77448395413023">
        <ele>3.4</ele>
        <time>2025-11-21T00:19:02Z</time>
      </trkpt>
      <trkpt lat="39.16672829315949" lon="117.77448806913907">
        <ele>3.4</ele>
        <time>2025-11-21T00:19:03Z</time>
      </trkpt>
      <trkpt lat="39.16670276061249" lon="117.77449282209706">
        <ele>3.4</ele>
        <time>2025-11-21T00:19:04Z</time>
      </trkpt>
      <trkpt lat="39.16668026648282" lon="117.77449671422933">
        <ele>3.4</ele>
        <time>2025-11-21T00:19:05Z</time>
      </trkpt>
      <trkpt lat="39.166657569869614" lon="117.77450061950452">
        <ele>3.4</ele>
        <time>2025-11-21T00:19:06Z</time>
      </trkpt>
      <trkpt lat="39.16663412462708" lon="117.77450474353891">
        <ele>3.4</ele>
        <time>2025-11-21T00:19:07Z</time>
      </trkpt>
      <trkpt lat="39.16661076538535" lon="117.7745088869832">
        <ele>3.4</ele>
        <time>2025-11-21T00:19:08Z</time>
      </trkpt>
      <trkpt lat="39.16658472898568" lon="117.77451387176916">
        <ele>3.4</ele>
        <time>2025-11-21T00:19:09Z</time>
      </trkpt>
      <trkpt lat="39.16656197100674" lon="117.77451810951888">
        <ele>3.4</ele>
        <time>2025-11-21T00:19:10Z</time>
      </trkpt>
      <trkpt lat="39.16653920583343" lon="117.7745225447285">
        <ele>3.4</ele>
        <time>2025-11-21T00:19:11Z</time>
      </trkpt>
      <trkpt lat="39.16651659540778" lon="117.77452721567842">
        <ele>3.6</ele>
        <time>2025-11-21T00:19:12Z</time>
      </trkpt>
      <trkpt lat="39.16649397138964" lon="117.77453220029477">
        <ele>3.6</ele>
        <time>2025-11-21T00:19:13Z</time>
      </trkpt>
      <trkpt lat="39.16647131712551" lon="117.77453755739629">
        <ele>3.6</ele>
        <time>2025-11-21T00:19:14Z</time>
      </trkpt>
      <trkpt lat="39.16644864963404" lon="117.7745433419849">
        <ele>3.6</ele>
        <time>2025-11-21T00:19:15Z</time>
      </trkpt>
      <trkpt lat="39.16642587328355" lon="117.7745495616439">
        <ele>3.6</ele>
        <time>2025-11-21T00:19:16Z</time>
      </trkpt>
      <trkpt lat="39.16640308294783" lon="117.77455616296783">
        <ele>3.6</ele>
        <time>2025-11-21T00:19:17Z</time>
      </trkpt>
      <trkpt lat="39.166379759623474" lon="117.77456330938685">
        <ele>3.6</ele>
        <time>2025-11-21T00:19:18Z</time>
      </trkpt>
      <trkpt lat="39.16635672546671" lon="117.77457064036439">
        <ele>3.6</ele>
        <time>2025-11-21T00:19:19Z</time>
      </trkpt>
      <trkpt lat="39.16633120891767" lon="117.7745790233568">
        <ele>3.6</ele>
        <time>2025-11-21T00:19:20Z</time>
      </trkpt>
      <trkpt lat="39.16630896145376" lon="117.77458660897362">
        <ele>3.6</ele>
        <time>2025-11-21T00:19:21Z</time>
      </trkpt>
      <trkpt lat="39.16628673886759" lon="117.77459446289343">
        <ele>3.6</ele>
        <time>2025-11-21T00:19:22Z</time>
      </trkpt>
      <trkpt lat="39.16626413752207" lon="117.77460281904565">
        <ele>3.6</ele>
        <time>2025-11-21T00:19:23Z</time>
      </trkpt>
      <trkpt lat="39.16624178413211" lon="117.7746114631276">
        <ele>3.6</ele>
        <time>2025-11-21T00:19:24Z</time>
      </trkpt>
      <trkpt lat="39.16621689796196" lon="117.77462139056112">
        <ele>3.6</ele>
        <time>2025-11-21T00:19:25Z</time>
      </trkpt>
      <trkpt lat="39.166195250139026" lon="117.77463062871455">
        <ele>3.6</ele>
        <time>2025-11-21T00:19:26Z</time>
      </trkpt>
      <trkpt lat="39.16617351738404" lon="117.77464030848385">
        <ele>3.6</ele>
        <time>2025-11-21T00:19:27Z</time>
      </trkpt>
      <trkpt lat="39.16615169052212" lon="117.7746504495474">
        <ele>3.6</ele>
        <time>2025-11-21T00:19:28Z</time>
      </trkpt>
      <trkpt lat="39.16612970759687" lon="117.77466100364968">
        <ele>3.6</ele>
        <time>2025-11-21T00:19:29Z</time>
      </trkpt>
      <trkpt lat="39.16610763004105" lon="117.77467189178546">
        <ele>3.6</ele>
        <time>2025-11-21T00:19:30Z</time>
      </trkpt>
      <trkpt lat="39.16608504971878" lon="117.77468323231311">
        <ele>3.6</ele>
        <time>2025-11-21T00:19:31Z</time>
      </trkpt>
      <trkpt lat="39.166062613933185" lon="117.7746946972193">
        <ele>3.6</ele>
        <time>2025-11-21T00:19:32Z</time>
      </trkpt>
      <trkpt lat="39.16603748010701" lon="117.77470729180962">
        <ele>3.6</ele>
        <time>2025-11-21T00:19:33Z</time>
      </trkpt>
      <trkpt lat="39.166015606409324" lon="117.77471873371836">
        <ele>3.6</ele>
        <time>2025-11-21T00:19:34Z</time>
      </trkpt>
      <trkpt lat="39.165993726840384" lon="117.77473018332236">
        <ele>3.6</ele>
        <time>2025-11-21T00:19:35Z</time>
      </trkpt>
      <trkpt lat="39.165971890818895" lon="117.77474164244168">
        <ele>3.6</ele>
        <time>2025-11-21T00:19:36Z</time>
      </trkpt>
      <trkpt lat="39.165949903406336" lon="117.77475315501529">
        <ele>3.6</ele>
        <time>2025-11-21T00:19:37Z</time>
      </trkpt>
      <trkpt lat="39.165927452920684" lon="117.77476511816361">
        <ele>3.6</ele>
        <time>2025-11-21T00:19:38Z</time>
      </trkpt>
      <trkpt lat="39.165904695156435" lon="117.77477745045142">
        <ele>3.6</ele>
        <time>2025-11-21T00:19:39Z</time>
      </trkpt>
      <trkpt lat="39.16587981450575" lon="117.77479273773787">
        <ele>3.6</ele>
        <time>2025-11-21T00:19:40Z</time>
      </trkpt>
      <trkpt lat="39.16585499182978" lon="117.77480858130507">
        <ele>3.6</ele>
        <time>2025-11-21T00:19:41Z</time>
      </trkpt>
      <trkpt lat="39.16583302093002" lon="117.77482311049468">
        <ele>3.6</ele>
        <time>2025-11-21T00:19:42Z</time>
      </trkpt>
      <trkpt lat="39.16581094140738" lon="117.77483523628453">
        <ele>3.6</ele>
        <time>2025-11-21T00:19:43Z</time>
      </trkpt>
      <trkpt lat="39.16578893961669" lon="117.7748459543993">
        <ele>3.6</ele>
        <time>2025-11-21T00:19:44Z</time>
      </trkpt>
      <trkpt lat="39.16576682617418" lon="117.7748560525117">
        <ele>3.6</ele>
        <time>2025-11-21T00:19:45Z</time>
      </trkpt>
      <trkpt lat="39.165744509168924" lon="117.77486608884612">
        <ele>3.6</ele>
        <time>2025-11-21T00:19:46Z</time>
      </trkpt>
      <trkpt lat="39.1657224560707" lon="117.77487581779481">
        <ele>3.6</ele>
        <time>2025-11-21T00:19:47Z</time>
      </trkpt>
      <trkpt lat="39.16569844129441" lon="117.77488579523725">
        <ele>3.6</ele>
        <time>2025-11-21T00:19:48Z</time>
      </trkpt>
      <trkpt lat="39.165676614330806" lon="117.77489345362746">
        <ele>3.6</ele>
        <time>2025-11-21T00:19:49Z</time>
      </trkpt>
      <trkpt lat="39.16565447246288" lon="117.7748994903549">
        <ele>3.6</ele>
        <time>2025-11-21T00:19:50Z</time>
      </trkpt>
      <trkpt lat="39.165632337085555" lon="117.77490347843674">
        <ele>3.6</ele>
        <time>2025-11-21T00:19:51Z</time>
      </trkpt>
      <trkpt lat="39.1656103888161" lon="117.77490585518704">
        <ele>3.6</ele>
        <time>2025-11-21T00:19:52Z</time>
      </trkpt>
      <trkpt lat="39.16558888064797" lon="117.77490841716349">
        <ele>3.6</ele>
        <time>2025-11-21T00:19:53Z</time>
      </trkpt>
      <trkpt lat="39.16556650453044" lon="117.77491188539199">
        <ele>3.6</ele>
        <time>2025-11-21T00:19:54Z</time>
      </trkpt>
      <trkpt lat="39.16554448562701" lon="117.77491637126417">
        <ele>3.6</ele>
        <time>2025-11-21T00:19:55Z</time>
      </trkpt>
      <trkpt lat="39.16551938259533" lon="117.77492143798152">
        <ele>3.6</ele>
        <time>2025-11-21T00:19:56Z</time>
      </trkpt>
      <trkpt lat="39.165497527454704" lon="117.77492546258206">
        <ele>3.6</ele>
        <time>2025-11-21T00:19:57Z</time>
      </trkpt>
      <trkpt lat="39.165472985580955" lon="117.77493012384976">
        <ele>3.6</ele>
        <time>2025-11-21T00:19:58Z</time>
      </trkpt>
      <trkpt lat="39.16545151430214" lon="117.77493393293382">
        <ele>3.6</ele>
        <time>2025-11-21T00:19:59Z</time>
      </trkpt>
      <trkpt lat="39.165430165592696" lon="117.7749377241265">
        <ele>3.6</ele>
        <time>2025-11-21T00:20:00Z</time>
      </trkpt>
      <trkpt lat="39.16540882271721" lon="117.77494159825308">
        <ele>3.6</ele>
        <time>2025-11-21T00:20:01Z</time>
      </trkpt>
      <trkpt lat="39.16538757115417" lon="117.77494559759194">
        <ele>3.6</ele>
        <time>2025-11-21T00:20:02Z</time>
      </trkpt>
      <trkpt lat="39.165366297172376" lon="117.77494985171839">
        <ele>3.6</ele>
        <time>2025-11-21T00:20:03Z</time>
      </trkpt>
      <trkpt lat="39.16534455816939" lon="117.77495460374503">
        <ele>3.6</ele>
        <time>2025-11-21T00:20:04Z</time>
      </trkpt>
      <trkpt lat="39.165322941958586" lon="117.774959733544">
        <ele>3.6</ele>
        <time>2025-11-21T00:20:05Z</time>
      </trkpt>
      <trkpt lat="39.165298612191506" lon="117.77496610073374">
        <ele>3.6</ele>
        <time>2025-11-21T00:20:06Z</time>
      </trkpt>
      <trkpt lat="39.16527735608963" lon="117.77497206294623">
        <ele>3.6</ele>
        <time>2025-11-21T00:20:07Z</time>
      </trkpt>
      <trkpt lat="39.16525592179741" lon="117.77497852959986">
        <ele>3.6</ele>
        <time>2025-11-21T00:20:08Z</time>
      </trkpt>
      <trkpt lat="39.165233908619676" lon="117.7749856516331">
        <ele>3.6</ele>
        <time>2025-11-21T00:20:09Z</time>
      </trkpt>
      <trkpt lat="39.165211957643606" lon="117.77499319632655">
        <ele>3.6</ele>
        <time>2025-11-21T00:20:10Z</time>
      </trkpt>
      <trkpt lat="39.16518729406881" lon="117.77500198267315">
        <ele>3.6</ele>
        <time>2025-11-21T00:20:11Z</time>
      </trkpt>
      <trkpt lat="39.16516581951021" lon="117.77501019220072">
        <ele>3.6</ele>
        <time>2025-11-21T00:20:12Z</time>
      </trkpt>
      <trkpt lat="39.16514427831521" lon="117.77501874572027">
        <ele>3.6</ele>
        <time>2025-11-21T00:20:13Z</time>
      </trkpt>
      <trkpt lat="39.16512273371198" lon="117.77502759039878">
        <ele>3.6</ele>
        <time>2025-11-21T00:20:14Z</time>
      </trkpt>
      <trkpt lat="39.16510120528336" lon="117.77503664155648">
        <ele>3.6</ele>
        <time>2025-11-21T00:20:15Z</time>
      </trkpt>
      <trkpt lat="39.165079719964574" lon="117.7750457880999">
        <ele>3.6</ele>
        <time>2025-11-21T00:20:16Z</time>
      </trkpt>
      <trkpt lat="39.16505831404755" lon="117.77505496692926">
        <ele>3.6</ele>
        <time>2025-11-21T00:20:17Z</time>
      </trkpt>
      <trkpt lat="39.165036967631224" lon="117.77506419328681">
        <ele>3.6</ele>
        <time>2025-11-21T00:20:18Z</time>
      </trkpt>
      <trkpt lat="39.165015747004766" lon="117.77507356334478">
        <ele>3.6</ele>
        <time>2025-11-21T00:20:19Z</time>
      </trkpt>
      <trkpt lat="39.1649943335425" lon="117.77508358341508">
        <ele>3.6</ele>
        <time>2025-11-21T00:20:20Z</time>
      </trkpt>
      <trkpt lat="39.164973301264936" lon="117.77509426168155">
        <ele>3.6</ele>
        <time>2025-11-21T00:20:21Z</time>
      </trkpt>
      <trkpt lat="39.164950544783856" lon="117.77510816518082">
        <ele>3.6</ele>
        <time>2025-11-21T00:20:22Z</time>
      </trkpt>
      <trkpt lat="39.16493116189148" lon="117.77512301219035">
        <ele>3.6</ele>
        <time>2025-11-21T00:20:23Z</time>
      </trkpt>
      <trkpt lat="39.164911821294126" lon="117.77513890809472">
        <ele>3.6</ele>
        <time>2025-11-21T00:20:24Z</time>
      </trkpt>
      <trkpt lat="39.164892828978424" lon="117.77515330084654">
        <ele>3.6</ele>
        <time>2025-11-21T00:20:25Z</time>
      </trkpt>
      <trkpt lat="39.16487468709477" lon="117.77516508805697">
        <ele>3.6</ele>
        <time>2025-11-21T00:20:26Z</time>
      </trkpt>
      <trkpt lat="39.16485797899295" lon="117.77517432529746">
        <ele>3.6</ele>
        <time>2025-11-21T00:20:27Z</time>
      </trkpt>
      <trkpt lat="39.16484465741558" lon="117.77518111429394">
        <ele>3.6</ele>
        <time>2025-11-21T00:20:28Z</time>
      </trkpt>
      <trkpt lat="39.16483362731116" lon="117.77518721427153">
        <ele>3.6</ele>
        <time>2025-11-21T00:20:29Z</time>
      </trkpt>
      <trkpt lat="39.16482257484545" lon="117.77519343551184">
        <ele>3.6</ele>
        <time>2025-11-21T00:20:30Z</time>
      </trkpt>
      <trkpt lat="39.16481141756593" lon="117.77519955567364">
        <ele>3.6</ele>
        <time>2025-11-21T00:20:31Z</time>
      </trkpt>
      <trkpt lat="39.16479881158419" lon="117.77520587310536">
        <ele>3.6</ele>
        <time>2025-11-21T00:20:32Z</time>
      </trkpt>
      <trkpt lat="39.16478635482007" lon="117.77521234995962">
        <ele>3.6</ele>
        <time>2025-11-21T00:20:33Z</time>
      </trkpt>
      <trkpt lat="39.164773923229596" lon="117.7752191425443">
        <ele>3.6</ele>
        <time>2025-11-21T00:20:34Z</time>
      </trkpt>
      <trkpt lat="39.16476176256829" lon="117.77522624959428">
        <ele>3.6</ele>
        <time>2025-11-21T00:20:35Z</time>
      </trkpt>
      <trkpt lat="39.16474981721416" lon="117.77523391888029">
        <ele>3.6</ele>
        <time>2025-11-21T00:20:36Z</time>
      </trkpt>
      <trkpt lat="39.164739328693344" lon="117.77524115234323">
        <ele>3.6</ele>
        <time>2025-11-21T00:20:37Z</time>
      </trkpt>
      <trkpt lat="39.164728292504705" lon="117.77524919314897">
        <ele>3.6</ele>
        <time>2025-11-21T00:20:38Z</time>
      </trkpt>
      <trkpt lat="39.16471686960542" lon="117.77525745606734">
        <ele>3.6</ele>
        <time>2025-11-21T00:20:39Z</time>
      </trkpt>
      <trkpt lat="39.164703966649036" lon="117.7752662524618">
        <ele>3.6</ele>
        <time>2025-11-21T00:20:40Z</time>
      </trkpt>
      <trkpt lat="39.16469113649071" lon="117.77527401441608">
        <ele>3.6</ele>
        <time>2025-11-21T00:20:41Z</time>
      </trkpt>
      <trkpt lat="39.1646785796422" lon="117.77528060664781">
        <ele>3.6</ele>
        <time>2025-11-21T00:20:42Z</time>
      </trkpt>
      <trkpt lat="39.164665991103156" lon="117.77528653751821">
        <ele>3.6</ele>
        <time>2025-11-21T00:20:43Z</time>
      </trkpt>
      <trkpt lat="39.16465347936457" lon="117.77529186300767">
        <ele>3.6</ele>
        <time>2025-11-21T00:20:44Z</time>
      </trkpt>
      <trkpt lat="39.16464071264725" lon="117.77529657987817">
        <ele>3.6</ele>
        <time>2025-11-21T00:20:45Z</time>
      </trkpt>
      <trkpt lat="39.16462757876436" lon="117.77530063427787">
        <ele>3.6</ele>
        <time>2025-11-21T00:20:46Z</time>
      </trkpt>
      <trkpt lat="39.16461377674815" lon="117.77530427797296">
        <ele>3.6</ele>
        <time>2025-11-21T00:20:47Z</time>
      </trkpt>
      <trkpt lat="39.16460062110491" lon="117.77530713485748">
        <ele>3.6</ele>
        <time>2025-11-21T00:20:48Z</time>
      </trkpt>
      <trkpt lat="39.16458669238854" lon="117.77530970633536">
        <ele>3.6</ele>
        <time>2025-11-21T00:20:49Z</time>
      </trkpt>
      <trkpt lat="39.164572133710166" lon="117.775311627683">
        <ele>3.6</ele>
        <time>2025-11-21T00:20:50Z</time>
      </trkpt>
      <trkpt lat="39.16455711271471" lon="117.77531371731492">
        <ele>3.6</ele>
        <time>2025-11-21T00:20:51Z</time>
      </trkpt>
      <trkpt lat="39.16454384011516" lon="117.77531539041006">
        <ele>3.6</ele>
        <time>2025-11-21T00:20:52Z</time>
      </trkpt>
      <trkpt lat="39.164531938181575" lon="117.77531703481469">
        <ele>3.6</ele>
        <time>2025-11-21T00:20:53Z</time>
      </trkpt>
      <trkpt lat="39.164522062888565" lon="117.77531807106598">
        <ele>3.6</ele>
        <time>2025-11-21T00:20:54Z</time>
      </trkpt>
      <trkpt lat="39.164511534702136" lon="117.77531912829379">
        <ele>3.6</ele>
        <time>2025-11-21T00:20:55Z</time>
      </trkpt>
      <trkpt lat="39.16450068208116" lon="117.77532023056143">
        <ele>3.6</ele>
        <time>2025-11-21T00:20:56Z</time>
      </trkpt>
      <trkpt lat="39.16448778939292" lon="117.77532183508985">
        <ele>3.6</ele>
        <time>2025-11-21T00:20:57Z</time>
      </trkpt>
      <trkpt lat="39.16447677662702" lon="117.7753231655857">
        <ele>3.6</ele>
        <time>2025-11-21T00:20:58Z</time>
      </trkpt>
      <trkpt lat="39.16446555607988" lon="117.77532467383799">
        <ele>3.6</ele>
        <time>2025-11-21T00:20:59Z</time>
      </trkpt>
      <trkpt lat="39.16445397795566" lon="117.77532637334119">
        <ele>3.6</ele>
        <time>2025-11-21T00:21:00Z</time>
      </trkpt>
      <trkpt lat="39.16444022034033" lon="117.77532864730006">
        <ele>3.6</ele>
        <time>2025-11-21T00:21:01Z</time>
      </trkpt>
      <trkpt lat="39.16442660450574" lon="117.77533101755493">
        <ele>3.6</ele>
        <time>2025-11-21T00:21:02Z</time>
      </trkpt>
      <trkpt lat="39.16441357273912" lon="117.77533341086152">
        <ele>3.6</ele>
        <time>2025-11-21T00:21:03Z</time>
      </trkpt>
      <trkpt lat="39.16440101392437" lon="117.77533588339746">
        <ele>3.6</ele>
        <time>2025-11-21T00:21:04Z</time>
      </trkpt>
      <trkpt lat="39.16439069099606" lon="117.7753380742398">
        <ele>3.6</ele>
        <time>2025-11-21T00:21:05Z</time>
      </trkpt>
      <trkpt lat="39.1643796985894" lon="117.77534062147433">
        <ele>3.6</ele>
        <time>2025-11-21T00:21:06Z</time>
      </trkpt>
      <trkpt lat="39.16436854741357" lon="117.77534340725167">
        <ele>3.6</ele>
        <time>2025-11-21T00:21:07Z</time>
      </trkpt>
      <trkpt lat="39.16435514452543" lon="117.77534688782039">
        <ele>3.6</ele>
        <time>2025-11-21T00:21:08Z</time>
      </trkpt>
      <trkpt lat="39.16434211082921" lon="117.77535046860083">
        <ele>3.6</ele>
        <time>2025-11-21T00:21:09Z</time>
      </trkpt>
      <trkpt lat="39.16432930683433" lon="117.77535412532173">
        <ele>3.6</ele>
        <time>2025-11-21T00:21:10Z</time>
      </trkpt>
      <trkpt lat="39.16431690597589" lon="117.77535774275846">
        <ele>3.6</ele>
        <time>2025-11-21T00:21:11Z</time>
      </trkpt>
      <trkpt lat="39.16430676661278" lon="117.77536088336366">
        <ele>3.6</ele>
        <time>2025-11-21T00:21:12Z</time>
      </trkpt>
      <trkpt lat="39.16429633513426" lon="117.7753641174501">
        <ele>3.6</ele>
        <time>2025-11-21T00:21:13Z</time>
      </trkpt>
      <trkpt lat="39.16428619058067" lon="117.77536733952579">
        <ele>3.6</ele>
        <time>2025-11-21T00:21:14Z</time>
      </trkpt>
      <trkpt lat="39.16427428817183" lon="117.7753709904318">
        <ele>3.6</ele>
        <time>2025-11-21T00:21:15Z</time>
      </trkpt>
      <trkpt lat="39.16426451472416" lon="117.7753741998">
        <ele>3.6</ele>
        <time>2025-11-21T00:21:16Z</time>
      </trkpt>
      <trkpt lat="39.1642540648687" lon="117.77537758823212">
        <ele>3.6</ele>
        <time>2025-11-21T00:21:17Z</time>
      </trkpt>
      <trkpt lat="39.164242493797936" lon="117.77538139248468">
        <ele>3.6</ele>
        <time>2025-11-21T00:21:18Z</time>
      </trkpt>
      <trkpt lat="39.16422821409933" lon="117.77538604114858">
        <ele>3.6</ele>
        <time>2025-11-21T00:21:19Z</time>
      </trkpt>
      <trkpt lat="39.164211980483856" lon="117.77539207173791">
        <ele>3.6</ele>
        <time>2025-11-21T00:21:20Z</time>
      </trkpt>
      <trkpt lat="39.1641945311364" lon="117.77539907278978">
        <ele>3.6</ele>
        <time>2025-11-21T00:21:21Z</time>
      </trkpt>
      <trkpt lat="39.16417336293999" lon="117.77540807257951">
        <ele>3.6</ele>
        <time>2025-11-21T00:21:22Z</time>
      </trkpt>
      <trkpt lat="39.16415243606748" lon="117.77541715710423">
        <ele>3.6</ele>
        <time>2025-11-21T00:21:23Z</time>
      </trkpt>
      <trkpt lat="39.16413073734527" lon="117.7754271321941">
        <ele>3.6</ele>
        <time>2025-11-21T00:21:24Z</time>
      </trkpt>
      <trkpt lat="39.164110322699386" lon="117.77543724702407">
        <ele>3.6</ele>
        <time>2025-11-21T00:21:25Z</time>
      </trkpt>
      <trkpt lat="39.1640888329281" lon="117.77544844613746">
        <ele>3.6</ele>
        <time>2025-11-21T00:21:26Z</time>
      </trkpt>
      <trkpt lat="39.164067157092965" lon="117.7754603014185">
        <ele>3.6</ele>
        <time>2025-11-21T00:21:27Z</time>
      </trkpt>
      <trkpt lat="39.1640434958001" lon="117.77547322294917">
        <ele>3.6</ele>
        <time>2025-11-21T00:21:28Z</time>
      </trkpt>
      <trkpt lat="39.16402027809735" lon="117.7754862068607">
        <ele>3.6</ele>
        <time>2025-11-21T00:21:29Z</time>
      </trkpt>
      <trkpt lat="39.1639952393792" lon="117.7755006632062">
        <ele>3.6</ele>
        <time>2025-11-21T00:21:30Z</time>
      </trkpt>
      <trkpt lat="39.163972739343556" lon="117.77551434559737">
        <ele>3.6</ele>
        <time>2025-11-21T00:21:31Z</time>
      </trkpt>
      <trkpt lat="39.16394991329404" lon="117.77552778233712">
        <ele>3.8</ele>
        <time>2025-11-21T00:21:32Z</time>
      </trkpt>
      <trkpt lat="39.16392913083325" lon="117.77553855926917">
        <ele>3.8</ele>
        <time>2025-11-21T00:21:33Z</time>
      </trkpt>
      <trkpt lat="39.16390742346544" lon="117.77554791387078">
        <ele>3.8</ele>
        <time>2025-11-21T00:21:34Z</time>
      </trkpt>
      <trkpt lat="39.1638863503753" lon="117.7755551276867">
        <ele>3.8</ele>
        <time>2025-11-21T00:21:35Z</time>
      </trkpt>
      <trkpt lat="39.163862664929304" lon="117.77556120697969">
        <ele>3.8</ele>
        <time>2025-11-21T00:21:36Z</time>
      </trkpt>
      <trkpt lat="39.163840062019396" lon="117.77556535446479">
        <ele>3.8</ele>
        <time>2025-11-21T00:21:37Z</time>
      </trkpt>
      <trkpt lat="39.16381475225011" lon="117.77556919714604">
        <ele>3.8</ele>
        <time>2025-11-21T00:21:38Z</time>
      </trkpt>
      <trkpt lat="39.16379172226042" lon="117.77557245342082">
        <ele>3.8</ele>
        <time>2025-11-21T00:21:39Z</time>
      </trkpt>
      <trkpt lat="39.16376807112383" lon="117.77557602553695">
        <ele>3.8</ele>
        <time>2025-11-21T00:21:40Z</time>
      </trkpt>
      <trkpt lat="39.16374430718234" lon="117.77557960206046">
        <ele>3.8</ele>
        <time>2025-11-21T00:21:41Z</time>
      </trkpt>
      <trkpt lat="39.16372074271533" lon="117.77558280935546">
        <ele>3.8</ele>
        <time>2025-11-21T00:21:42Z</time>
      </trkpt>
      <trkpt lat="39.16369708015071" lon="117.77558575344864">
        <ele>3.8</ele>
        <time>2025-11-21T00:21:43Z</time>
      </trkpt>
      <trkpt lat="39.16367566330885" lon="117.7755883159984">
        <ele>3.8</ele>
        <time>2025-11-21T00:21:44Z</time>
      </trkpt>
      <trkpt lat="39.16365202198913" lon="117.7755915858086">
        <ele>3.8</ele>
        <time>2025-11-21T00:21:45Z</time>
      </trkpt>
      <trkpt lat="39.16362854334934" lon="117.77559532901293">
        <ele>3.8</ele>
        <time>2025-11-21T00:21:46Z</time>
      </trkpt>
      <trkpt lat="39.16360455525067" lon="117.77559956064286">
        <ele>3.8</ele>
        <time>2025-11-21T00:21:47Z</time>
      </trkpt>
      <trkpt lat="39.163580209344474" lon="117.77560420056957">
        <ele>3.8</ele>
        <time>2025-11-21T00:21:48Z</time>
      </trkpt>
      <trkpt lat="39.16355555570309" lon="117.77560951113804">
        <ele>3.8</ele>
        <time>2025-11-21T00:21:49Z</time>
      </trkpt>
      <trkpt lat="39.163531169460136" lon="117.77561534720105">
        <ele>3.8</ele>
        <time>2025-11-21T00:21:50Z</time>
      </trkpt>
      <trkpt lat="39.16350638160522" lon="117.77562217506467">
        <ele>3.8</ele>
        <time>2025-11-21T00:21:51Z</time>
      </trkpt>
      <trkpt lat="39.1634818612392" lon="117.77562961185548">
        <ele>3.6</ele>
        <time>2025-11-21T00:21:52Z</time>
      </trkpt>
      <trkpt lat="39.163455049636305" lon="117.77563897662593">
        <ele>3.6</ele>
        <time>2025-11-21T00:21:53Z</time>
      </trkpt>
      <trkpt lat="39.163430619446046" lon="117.775649325313">
        <ele>3.6</ele>
        <time>2025-11-21T00:21:54Z</time>
      </trkpt>
      <trkpt lat="39.16340565718467" lon="117.77566124237364">
        <ele>3.6</ele>
        <time>2025-11-21T00:21:55Z</time>
      </trkpt>
      <trkpt lat="39.163381046872445" lon="117.77567419328483">
        <ele>3.6</ele>
        <time>2025-11-21T00:21:56Z</time>
      </trkpt>
      <trkpt lat="39.163356753484" lon="117.77568700377839">
        <ele>3.6</ele>
        <time>2025-11-21T00:21:57Z</time>
      </trkpt>
      <trkpt lat="39.16333304971824" lon="117.77569879172587">
        <ele>3.6</ele>
        <time>2025-11-21T00:21:58Z</time>
      </trkpt>
      <trkpt lat="39.1633094939789" lon="117.77570878961662">
        <ele>3.6</ele>
        <time>2025-11-21T00:21:59Z</time>
      </trkpt>
      <trkpt lat="39.16328448035755" lon="117.77571510142168">
        <ele>3.6</ele>
        <time>2025-11-21T00:22:00Z</time>
      </trkpt>
      <trkpt lat="39.163261019110045" lon="117.77571871967467">
        <ele>3.6</ele>
        <time>2025-11-21T00:22:01Z</time>
      </trkpt>
      <trkpt lat="39.1632412133967" lon="117.77572125354943">
        <ele>3.6</ele>
        <time>2025-11-21T00:22:02Z</time>
      </trkpt>
      <trkpt lat="39.163221506629746" lon="117.77572828906719">
        <ele>3.6</ele>
        <time>2025-11-21T00:22:03Z</time>
      </trkpt>
      <trkpt lat="39.16319837459729" lon="117.77573450539435">
        <ele>3.6</ele>
        <time>2025-11-21T00:22:04Z</time>
      </trkpt>
      <trkpt lat="39.16317371508601" lon="117.77573879448161">
        <ele>3.6</ele>
        <time>2025-11-21T00:22:05Z</time>
      </trkpt>
      <trkpt lat="39.16314756466457" lon="117.77573868891298">
        <ele>3.6</ele>
        <time>2025-11-21T00:22:06Z</time>
      </trkpt>
      <trkpt lat="39.16312350384998" lon="117.77573884889269">
        <ele>3.6</ele>
        <time>2025-11-21T00:22:07Z</time>
      </trkpt>
      <trkpt lat="39.16309678891856" lon="117.77573890348066">
        <ele>3.6</ele>
        <time>2025-11-21T00:22:08Z</time>
      </trkpt>
      <trkpt lat="39.16307323832448" lon="117.77573847028107">
        <ele>3.6</ele>
        <time>2025-11-21T00:22:09Z</time>
      </trkpt>
      <trkpt lat="39.163049656017" lon="117.77573787336414">
        <ele>3.6</ele>
        <time>2025-11-21T00:22:10Z</time>
      </trkpt>
      <trkpt lat="39.1630257991224" lon="117.77573723281206">
        <ele>3.6</ele>
        <time>2025-11-21T00:22:11Z</time>
      </trkpt>
      <trkpt lat="39.16300188303286" lon="117.77573655759088">
        <ele>3.6</ele>
        <time>2025-11-21T00:22:12Z</time>
      </trkpt>
      <trkpt lat="39.162977990578916" lon="117.77573589840954">
        <ele>3.6</ele>
        <time>2025-11-21T00:22:13Z</time>
      </trkpt>
      <trkpt lat="39.16295391198748" lon="117.77573538956614">
        <ele>3.6</ele>
        <time>2025-11-21T00:22:14Z</time>
      </trkpt>
      <trkpt lat="39.162929942202666" lon="117.7757350958138">
        <ele>3.6</ele>
        <time>2025-11-21T00:22:15Z</time>
      </trkpt>
      <trkpt lat="39.16290275274525" lon="117.7757353730095">
        <ele>3.6</ele>
        <time>2025-11-21T00:22:16Z</time>
      </trkpt>
      <trkpt lat="39.16287883688587" lon="117.77573564143503">
        <ele>3.6</ele>
        <time>2025-11-21T00:22:17Z</time>
      </trkpt>
      <trkpt lat="39.16285198260671" lon="117.77573649839765">
        <ele>3.6</ele>
        <time>2025-11-21T00:22:18Z</time>
      </trkpt>
      <trkpt lat="39.16282838350936" lon="117.77573739855067">
        <ele>3.6</ele>
        <time>2025-11-21T00:22:19Z</time>
      </trkpt>
      <trkpt lat="39.162804539167226" lon="117.77573871849535">
        <ele>3.6</ele>
        <time>2025-11-21T00:22:20Z</time>
      </trkpt>
      <trkpt lat="39.16278068643976" lon="117.77574052412751">
        <ele>3.6</ele>
        <time>2025-11-21T00:22:21Z</time>
      </trkpt>
      <trkpt lat="39.16275682404568" lon="117.77574285381063">
        <ele>3.6</ele>
        <time>2025-11-21T00:22:22Z</time>
      </trkpt>
      <trkpt lat="39.16273317131358" lon="117.77574573999617">
        <ele>3.6</ele>
        <time>2025-11-21T00:22:23Z</time>
      </trkpt>
      <trkpt lat="39.162709293297674" lon="117.77574931548742">
        <ele>3.6</ele>
        <time>2025-11-21T00:22:24Z</time>
      </trkpt>
      <trkpt lat="39.16268565673563" lon="117.77575349355529">
        <ele>3.6</ele>
        <time>2025-11-21T00:22:25Z</time>
      </trkpt>
      <trkpt lat="39.16265940102666" lon="117.77575863882514">
        <ele>3.6</ele>
        <time>2025-11-21T00:22:26Z</time>
      </trkpt>
      <trkpt lat="39.162636453763" lon="117.77576394606054">
        <ele>3.6</ele>
        <time>2025-11-21T00:22:27Z</time>
      </trkpt>
      <trkpt lat="39.16261336094718" lon="117.77576975815666">
        <ele>3.6</ele>
        <time>2025-11-21T00:22:28Z</time>
      </trkpt>
      <trkpt lat="39.16258983593908" lon="117.77577605446784">
        <ele>3.6</ele>
        <time>2025-11-21T00:22:29Z</time>
      </trkpt>
      <trkpt lat="39.162566557423155" lon="117.77578262243652">
        <ele>3.6</ele>
        <time>2025-11-21T00:22:30Z</time>
      </trkpt>
      <trkpt lat="39.16254027487479" lon="117.77578986090099">
        <ele>3.6</ele>
        <time>2025-11-21T00:22:31Z</time>
      </trkpt>
      <trkpt lat="39.162517450301486" lon="117.77579671020953">
        <ele>3.6</ele>
        <time>2025-11-21T00:22:32Z</time>
      </trkpt>
      <trkpt lat="39.16249204138059" lon="117.77580395873268">
        <ele>3.6</ele>
        <time>2025-11-21T00:22:33Z</time>
      </trkpt>
      <trkpt lat="39.16246994061701" lon="117.7758106107854">
        <ele>3.6</ele>
        <time>2025-11-21T00:22:34Z</time>
      </trkpt>
      <trkpt lat="39.16244787644465" lon="117.77581738983123">
        <ele>3.6</ele>
        <time>2025-11-21T00:22:35Z</time>
      </trkpt>
      <trkpt lat="39.16242540263041" lon="117.77582418251237">
        <ele>3.6</ele>
        <time>2025-11-21T00:22:36Z</time>
      </trkpt>
      <trkpt lat="39.16240272336171" lon="117.77583283987502">
        <ele>3.6</ele>
        <time>2025-11-21T00:22:37Z</time>
      </trkpt>
      <trkpt lat="39.16237926914434" lon="117.77584126517739">
        <ele>3.6</ele>
        <time>2025-11-21T00:22:38Z</time>
      </trkpt>
      <trkpt lat="39.16235603443779" lon="117.77584856903746">
        <ele>3.6</ele>
        <time>2025-11-21T00:22:39Z</time>
      </trkpt>
      <trkpt lat="39.16233221384696" lon="117.7758524171679">
        <ele>3.6</ele>
        <time>2025-11-21T00:22:40Z</time>
      </trkpt>
      <trkpt lat="39.162308431258666" lon="117.77585457666169">
        <ele>3.6</ele>
        <time>2025-11-21T00:22:41Z</time>
      </trkpt>
      <trkpt lat="39.1622838514549" lon="117.77585537027528">
        <ele>3.6</ele>
        <time>2025-11-21T00:22:42Z</time>
      </trkpt>
      <trkpt lat="39.16226216933183" lon="117.77585621112905">
        <ele>3.6</ele>
        <time>2025-11-21T00:22:43Z</time>
      </trkpt>
      <trkpt lat="39.16224087439456" lon="117.77585630676599">
        <ele>3.6</ele>
        <time>2025-11-21T00:22:44Z</time>
      </trkpt>
      <trkpt lat="39.16222032171371" lon="117.77585664417656">
        <ele>3.6</ele>
        <time>2025-11-21T00:22:45Z</time>
      </trkpt>
      <trkpt lat="39.162195403253854" lon="117.77585667374129">
        <ele>3.6</ele>
        <time>2025-11-21T00:22:46Z</time>
      </trkpt>
      <trkpt lat="39.162171018219716" lon="117.77585688528458">
        <ele>3.6</ele>
        <time>2025-11-21T00:22:47Z</time>
      </trkpt>
      <trkpt lat="39.16215035602994" lon="117.77585583424685">
        <ele>3.6</ele>
        <time>2025-11-21T00:22:48Z</time>
      </trkpt>
      <trkpt lat="39.162129319983876" lon="117.7758530234632">
        <ele>3.6</ele>
        <time>2025-11-21T00:22:49Z</time>
      </trkpt>
      <trkpt lat="39.16210426764011" lon="117.77584810626945">
        <ele>3.6</ele>
        <time>2025-11-21T00:22:50Z</time>
      </trkpt>
      <trkpt lat="39.16207773614235" lon="117.77584214103167">
        <ele>3.6</ele>
        <time>2025-11-21T00:22:51Z</time>
      </trkpt>
      <trkpt lat="39.16205335400142" lon="117.77583569917458">
        <ele>3.6</ele>
        <time>2025-11-21T00:22:52Z</time>
      </trkpt>
      <trkpt lat="39.16202995065226" lon="117.7758289037193">
        <ele>3.6</ele>
        <time>2025-11-21T00:22:53Z</time>
      </trkpt>
      <trkpt lat="39.162006835359136" lon="117.7758224954678">
        <ele>3.6</ele>
        <time>2025-11-21T00:22:54Z</time>
      </trkpt>
      <trkpt lat="39.16198177442535" lon="117.77581635793864">
        <ele>3.6</ele>
        <time>2025-11-21T00:22:55Z</time>
      </trkpt>
      <trkpt lat="39.16195866068047" lon="117.77581180306962">
        <ele>3.6</ele>
        <time>2025-11-21T00:22:56Z</time>
      </trkpt>
      <trkpt lat="39.16193518317287" lon="117.77580793392043">
        <ele>3.6</ele>
        <time>2025-11-21T00:22:57Z</time>
      </trkpt>
      <trkpt lat="39.16191112525695" lon="117.77580515221419">
        <ele>3.6</ele>
        <time>2025-11-21T00:22:58Z</time>
      </trkpt>
      <trkpt lat="39.16188728537539" lon="117.77580287827843">
        <ele>3.6</ele>
        <time>2025-11-21T00:22:59Z</time>
      </trkpt>
      <trkpt lat="39.16186353090958" lon="117.77580158721477">
        <ele>3.6</ele>
        <time>2025-11-21T00:23:00Z</time>
      </trkpt>
      <trkpt lat="39.16184298582946" lon="117.7758004992732">
        <ele>3.6</ele>
        <time>2025-11-21T00:23:01Z</time>
      </trkpt>
      <trkpt lat="39.161824141407806" lon="117.77579878425283">
        <ele>3.6</ele>
        <time>2025-11-21T00:23:02Z</time>
      </trkpt>
      <trkpt lat="39.161806325369625" lon="117.77579482223474">
        <ele>3.6</ele>
        <time>2025-11-21T00:23:03Z</time>
      </trkpt>
      <trkpt lat="39.16178674875912" lon="117.77578836689457">
        <ele>3.6</ele>
        <time>2025-11-21T00:23:04Z</time>
      </trkpt>
      <trkpt lat="39.16176574542448" lon="117.7757835195195">
        <ele>3.6</ele>
        <time>2025-11-21T00:23:05Z</time>
      </trkpt>
      <trkpt lat="39.161744237378116" lon="117.77578173599554">
        <ele>3.6</ele>
        <time>2025-11-21T00:23:06Z</time>
      </trkpt>
      <trkpt lat="39.16172254331742" lon="117.77578397900044">
        <ele>3.8</ele>
        <time>2025-11-21T00:23:07Z</time>
      </trkpt>
      <trkpt lat="39.161701646337626" lon="117.7757868462213">
        <ele>3.8</ele>
        <time>2025-11-21T00:23:08Z</time>
      </trkpt>
      <trkpt lat="39.161680934770054" lon="117.77578987229401">
        <ele>3.8</ele>
        <time>2025-11-21T00:23:09Z</time>
      </trkpt>
      <trkpt lat="39.16166008466869" lon="117.77579299431707">
        <ele>3.8</ele>
        <time>2025-11-21T00:23:10Z</time>
      </trkpt>
      <trkpt lat="39.16163861484513" lon="117.77579627146417">
        <ele>3.8</ele>
        <time>2025-11-21T00:23:11Z</time>
      </trkpt>
      <trkpt lat="39.161616836315375" lon="117.77580002682717">
        <ele>4.1</ele>
        <time>2025-11-21T00:23:12Z</time>
      </trkpt>
      <trkpt lat="39.161594697464594" lon="117.7758047135157">
        <ele>4.1</ele>
        <time>2025-11-21T00:23:13Z</time>
      </trkpt>
      <trkpt lat="39.16157112422986" lon="117.77581060927005">
        <ele>4.1</ele>
        <time>2025-11-21T00:23:14Z</time>
      </trkpt>
      <trkpt lat="39.1615472361403" lon="117.77581689978581">
        <ele>4.1</ele>
        <time>2025-11-21T00:23:15Z</time>
      </trkpt>
      <trkpt lat="39.1615273836671" lon="117.77582188252356">
        <ele>4.1</ele>
        <time>2025-11-21T00:23:16Z</time>
      </trkpt>
      <trkpt lat="39.16151017460471" lon="117.77582598784049">
        <ele>4.1</ele>
        <time>2025-11-21T00:23:17Z</time>
      </trkpt>
      <trkpt lat="39.16149131980142" lon="117.7758301270665">
        <ele>4.1</ele>
        <time>2025-11-21T00:23:18Z</time>
      </trkpt>
      <trkpt lat="39.161470118829556" lon="117.77583500850338">
        <ele>4.1</ele>
        <time>2025-11-21T00:23:19Z</time>
      </trkpt>
      <trkpt lat="39.16144539348993" lon="117.77584019979217">
        <ele>4.1</ele>
        <time>2025-11-21T00:23:20Z</time>
      </trkpt>
      <trkpt lat="39.161422829158724" lon="117.77584445333947">
        <ele>4.1</ele>
        <time>2025-11-21T00:23:21Z</time>
      </trkpt>
      <trkpt lat="39.16140040404973" lon="117.77584788054511">
        <ele>4.1</ele>
        <time>2025-11-21T00:23:22Z</time>
      </trkpt>
      <trkpt lat="39.161380560510366" lon="117.77584979371775">
        <ele>4.1</ele>
        <time>2025-11-21T00:23:23Z</time>
      </trkpt>
      <trkpt lat="39.16135882141702" lon="117.77585098309928">
        <ele>4.1</ele>
        <time>2025-11-21T00:23:24Z</time>
      </trkpt>
      <trkpt lat="39.16133752374259" lon="117.77585152958174">
        <ele>4.1</ele>
        <time>2025-11-21T00:23:25Z</time>
      </trkpt>
      <trkpt lat="39.16131572830467" lon="117.77585185502294">
        <ele>4.1</ele>
        <time>2025-11-21T00:23:26Z</time>
      </trkpt>
      <trkpt lat="39.161293592628276" lon="117.77585196581292">
        <ele>4.1</ele>
        <time>2025-11-21T00:23:27Z</time>
      </trkpt>
      <trkpt lat="39.161271737886985" lon="117.77585213798963">
        <ele>4.1</ele>
        <time>2025-11-21T00:23:28Z</time>
      </trkpt>
      <trkpt lat="39.16125019268016" lon="117.77585212224369">
        <ele>4.1</ele>
        <time>2025-11-21T00:23:29Z</time>
      </trkpt>
      <trkpt lat="39.16123040089955" lon="117.77585164570863">
        <ele>4.1</ele>
        <time>2025-11-21T00:23:30Z</time>
      </trkpt>
      <trkpt lat="39.161210117316664" lon="117.77585027265387">
        <ele>4.1</ele>
        <time>2025-11-21T00:23:31Z</time>
      </trkpt>
      <trkpt lat="39.16118765125823" lon="117.7758479119449">
        <ele>4.1</ele>
        <time>2025-11-21T00:23:32Z</time>
      </trkpt>
      <trkpt lat="39.161165562525916" lon="117.77584476151587">
        <ele>4.1</ele>
        <time>2025-11-21T00:23:33Z</time>
      </trkpt>
      <trkpt lat="39.16114340065326" lon="117.77584079453496">
        <ele>4.1</ele>
        <time>2025-11-21T00:23:34Z</time>
      </trkpt>
      <trkpt lat="39.16112165118534" lon="117.7758357097144">
        <ele>4.1</ele>
        <time>2025-11-21T00:23:35Z</time>
      </trkpt>
      <trkpt lat="39.16110033672962" lon="117.77582988355076">
        <ele>4.1</ele>
        <time>2025-11-21T00:23:36Z</time>
      </trkpt>
      <trkpt lat="39.16107961695448" lon="117.77582368036192">
        <ele>4.1</ele>
        <time>2025-11-21T00:23:37Z</time>
      </trkpt>
      <trkpt lat="39.161059276854424" lon="117.77581706343179">
        <ele>4.1</ele>
        <time>2025-11-21T00:23:38Z</time>
      </trkpt>
      <trkpt lat="39.16103907564753" lon="117.77581050331669">
        <ele>4.1</ele>
        <time>2025-11-21T00:23:39Z</time>
      </trkpt>
      <trkpt lat="39.161018915579746" lon="117.7758042716024">
        <ele>4.1</ele>
        <time>2025-11-21T00:23:40Z</time>
      </trkpt>
      <trkpt lat="39.16099894560525" lon="117.775798751967">
        <ele>4.1</ele>
        <time>2025-11-21T00:23:41Z</time>
      </trkpt>
      <trkpt lat="39.1609790730069" lon="117.77579411974247">
        <ele>4.1</ele>
        <time>2025-11-21T00:23:42Z</time>
      </trkpt>
      <trkpt lat="39.16095965103355" lon="117.77579041835973">
        <ele>4.1</ele>
        <time>2025-11-21T00:23:43Z</time>
      </trkpt>
      <trkpt lat="39.16093968599389" lon="117.7757877814669">
        <ele>4.1</ele>
        <time>2025-11-21T00:23:44Z</time>
      </trkpt>
      <trkpt lat="39.16091956380242" lon="117.77578563672424">
        <ele>4.1</ele>
        <time>2025-11-21T00:23:45Z</time>
      </trkpt>
      <trkpt lat="39.16089915616187" lon="117.77578388139703">
        <ele>4.1</ele>
        <time>2025-11-21T00:23:46Z</time>
      </trkpt>
      <trkpt lat="39.1608786536698" lon="117.7757827170192">
        <ele>4.1</ele>
        <time>2025-11-21T00:23:47Z</time>
      </trkpt>
      <trkpt lat="39.16085841271265" lon="117.77578231744248">
        <ele>4.1</ele>
        <time>2025-11-21T00:23:48Z</time>
      </trkpt>
      <trkpt lat="39.16083815756202" lon="117.77578265041356">
        <ele>4.1</ele>
        <time>2025-11-21T00:23:49Z</time>
      </trkpt>
      <trkpt lat="39.1608183362752" lon="117.77578412994322">
        <ele>4.1</ele>
        <time>2025-11-21T00:23:50Z</time>
      </trkpt>
      <trkpt lat="39.16079821652687" lon="117.77578605193065">
        <ele>4.1</ele>
        <time>2025-11-21T00:23:51Z</time>
      </trkpt>
      <trkpt lat="39.16077784092751" lon="117.77578862732823">
        <ele>4.1</ele>
        <time>2025-11-21T00:23:52Z</time>
      </trkpt>
      <trkpt lat="39.160757107924205" lon="117.77579184100922">
        <ele>4.1</ele>
        <time>2025-11-21T00:23:53Z</time>
      </trkpt>
      <trkpt lat="39.16073634020941" lon="117.77579594322573">
        <ele>4.1</ele>
        <time>2025-11-21T00:23:54Z</time>
      </trkpt>
      <trkpt lat="39.16071556794581" lon="117.77580077844942">
        <ele>4.1</ele>
        <time>2025-11-21T00:23:55Z</time>
      </trkpt>
      <trkpt lat="39.160694710118754" lon="117.77580652985624">
        <ele>4.1</ele>
        <time>2025-11-21T00:23:56Z</time>
      </trkpt>
      <trkpt lat="39.16067375506221" lon="117.77581275377862">
        <ele>4.1</ele>
        <time>2025-11-21T00:23:57Z</time>
      </trkpt>
      <trkpt lat="39.16065246633559" lon="117.77581935218203">
        <ele>4.1</ele>
        <time>2025-11-21T00:23:58Z</time>
      </trkpt>
      <trkpt lat="39.16063330738304" lon="117.77582539771194">
        <ele>4.1</ele>
        <time>2025-11-21T00:23:59Z</time>
      </trkpt>
      <trkpt lat="39.16061401766936" lon="117.77583120336179">
        <ele>4.1</ele>
        <time>2025-11-21T00:24:00Z</time>
      </trkpt>
      <trkpt lat="39.16059493822467" lon="117.77583653511448">
        <ele>4.1</ele>
        <time>2025-11-21T00:24:01Z</time>
      </trkpt>
      <trkpt lat="39.16057820376182" lon="117.77584130444168">
        <ele>4.1</ele>
        <time>2025-11-21T00:24:02Z</time>
      </trkpt>
      <trkpt lat="39.16056253389519" lon="117.77584561234578">
        <ele>4.1</ele>
        <time>2025-11-21T00:24:03Z</time>
      </trkpt>
      <trkpt lat="39.16054877786316" lon="117.77584939108664">
        <ele>4.1</ele>
        <time>2025-11-21T00:24:04Z</time>
      </trkpt>
      <trkpt lat="39.160534715688684" lon="117.77585278804321">
        <ele>4.1</ele>
        <time>2025-11-21T00:24:05Z</time>
      </trkpt>
      <trkpt lat="39.16052155922514" lon="117.77585586703015">
        <ele>4.1</ele>
        <time>2025-11-21T00:24:06Z</time>
      </trkpt>
      <trkpt lat="39.160509722405905" lon="117.77585785845402">
        <ele>4.1</ele>
        <time>2025-11-21T00:24:07Z</time>
      </trkpt>
      <trkpt lat="39.16049744826605" lon="117.77585974453804">
        <ele>4.1</ele>
        <time>2025-11-21T00:24:08Z</time>
      </trkpt>
      <trkpt lat="39.160485346853996" lon="117.77586089405281">
        <ele>4.1</ele>
        <time>2025-11-21T00:24:09Z</time>
      </trkpt>
      <trkpt lat="39.160471901057115" lon="117.77586211706038">
        <ele>4.1</ele>
        <time>2025-11-21T00:24:10Z</time>
      </trkpt>
      <trkpt lat="39.16045913458633" lon="117.77586277741663">
        <ele>4.1</ele>
        <time>2025-11-21T00:24:11Z</time>
      </trkpt>
      <trkpt lat="39.16044635093693" lon="117.775863605352">
        <ele>4.1</ele>
        <time>2025-11-21T00:24:12Z</time>
      </trkpt>
      <trkpt lat="39.16043520807827" lon="117.77586421425175">
        <ele>4.1</ele>
        <time>2025-11-21T00:24:13Z</time>
      </trkpt>
      <trkpt lat="39.16042360631408" lon="117.77586494661651">
        <ele>4.1</ele>
        <time>2025-11-21T00:24:14Z</time>
      </trkpt>
      <trkpt lat="39.16041186538525" lon="117.77586543090752">
        <ele>4.1</ele>
        <time>2025-11-21T00:24:15Z</time>
      </trkpt>
      <trkpt lat="39.16039895906977" lon="117.7758659886971">
        <ele>4.1</ele>
        <time>2025-11-21T00:24:16Z</time>
      </trkpt>
      <trkpt lat="39.160386273094936" lon="117.77586602147787">
        <ele>3.8</ele>
        <time>2025-11-21T00:24:17Z</time>
      </trkpt>
      <trkpt lat="39.16037342872006" lon="117.77586560698278">
        <ele>3.8</ele>
        <time>2025-11-21T00:24:18Z</time>
      </trkpt>
      <trkpt lat="39.160361160516146" lon="117.77586464469685">
        <ele>3.8</ele>
        <time>2025-11-21T00:24:19Z</time>
      </trkpt>
      <trkpt lat="39.16034801035263" lon="117.77586307096988">
        <ele>3.8</ele>
        <time>2025-11-21T00:24:20Z</time>
      </trkpt>
      <trkpt lat="39.1603343475022" lon="117.77586087409324">
        <ele>3.8</ele>
        <time>2025-11-21T00:24:21Z</time>
      </trkpt>
      <trkpt lat="39.16031906448635" lon="117.77585802221135">
        <ele>3.6</ele>
        <time>2025-11-21T00:24:22Z</time>
      </trkpt>
      <trkpt lat="39.16030383238289" lon="117.7758542581077">
        <ele>3.6</ele>
        <time>2025-11-21T00:24:23Z</time>
      </trkpt>
      <trkpt lat="39.16028852483516" lon="117.77584936613049">
        <ele>3.6</ele>
        <time>2025-11-21T00:24:24Z</time>
      </trkpt>
      <trkpt lat="39.16027236273791" lon="117.77584258456592">
        <ele>3.6</ele>
        <time>2025-11-21T00:24:25Z</time>
      </trkpt>
      <trkpt lat="39.16025826390849" lon="117.77583675082778">
        <ele>3.6</ele>
        <time>2025-11-21T00:24:26Z</time>
      </trkpt>
      <trkpt lat="39.16024131595093" lon="117.77583187864856">
        <ele>3.6</ele>
        <time>2025-11-21T00:24:27Z</time>
      </trkpt>
      <trkpt lat="39.16022383988563" lon="117.7758290209486">
        <ele>3.6</ele>
        <time>2025-11-21T00:24:28Z</time>
      </trkpt>
      <trkpt lat="39.16020314568631" lon="117.77582572629096">
        <ele>3.6</ele>
        <time>2025-11-21T00:24:29Z</time>
      </trkpt>
      <trkpt lat="39.160180915588576" lon="117.77582219358928">
        <ele>3.6</ele>
        <time>2025-11-21T00:24:30Z</time>
      </trkpt>
      <trkpt lat="39.16015876598197" lon="117.77581859770739">
        <ele>3.6</ele>
        <time>2025-11-21T00:24:31Z</time>
      </trkpt>
      <trkpt lat="39.16013364722877" lon="117.77581500160197">
        <ele>3.6</ele>
        <time>2025-11-21T00:24:32Z</time>
      </trkpt>
      <trkpt lat="39.16011158596745" lon="117.77581170548486">
        <ele>3.6</ele>
        <time>2025-11-21T00:24:33Z</time>
      </trkpt>
      <trkpt lat="39.160089414724986" lon="117.77580869981412">
        <ele>3.6</ele>
        <time>2025-11-21T00:24:34Z</time>
      </trkpt>
      <trkpt lat="39.16006715470167" lon="117.77580604961452">
        <ele>3.6</ele>
        <time>2025-11-21T00:24:35Z</time>
      </trkpt>
      <trkpt lat="39.160044983588094" lon="117.77580376476931">
        <ele>3.6</ele>
        <time>2025-11-21T00:24:36Z</time>
      </trkpt>
      <trkpt lat="39.16002272703899" lon="117.77580184868131">
        <ele>3.6</ele>
        <time>2025-11-21T00:24:37Z</time>
      </trkpt>
      <trkpt lat="39.160000578764894" lon="117.77580032333142">
        <ele>3.6</ele>
        <time>2025-11-21T00:24:38Z</time>
      </trkpt>
      <trkpt lat="39.159978285996054" lon="117.77579915024288">
        <ele>3.6</ele>
        <time>2025-11-21T00:24:39Z</time>
      </trkpt>
      <trkpt lat="39.15995605459835" lon="117.77579831535039">
        <ele>3.6</ele>
        <time>2025-11-21T00:24:40Z</time>
      </trkpt>
      <trkpt lat="39.159933910005144" lon="117.77579785035209">
        <ele>3.6</ele>
        <time>2025-11-21T00:24:41Z</time>
      </trkpt>
      <trkpt lat="39.15991181573015" lon="117.77579775815461">
        <ele>3.6</ele>
        <time>2025-11-21T00:24:42Z</time>
      </trkpt>
      <trkpt lat="39.15988990166883" lon="117.77579806816694">
        <ele>3.6</ele>
        <time>2025-11-21T00:24:43Z</time>
      </trkpt>
      <trkpt lat="39.15986793989362" lon="117.7757988035205">
        <ele>3.6</ele>
        <time>2025-11-21T00:24:44Z</time>
      </trkpt>
      <trkpt lat="39.15984598034612" lon="117.77579991329253">
        <ele>3.6</ele>
        <time>2025-11-21T00:24:45Z</time>
      </trkpt>
      <trkpt lat="39.15982369593497" lon="117.77580136219876">
        <ele>3.6</ele>
        <time>2025-11-21T00:24:46Z</time>
      </trkpt>
      <trkpt lat="39.15980080296906" lon="117.77580313462317">
        <ele>3.6</ele>
        <time>2025-11-21T00:24:47Z</time>
      </trkpt>
      <trkpt lat="39.159777793538545" lon="117.77580514659257">
        <ele>3.6</ele>
        <time>2025-11-21T00:24:48Z</time>
      </trkpt>
      <trkpt lat="39.15975196527623" lon="117.77580741514686">
        <ele>3.6</ele>
        <time>2025-11-21T00:24:49Z</time>
      </trkpt>
      <trkpt lat="39.15972921840292" lon="117.77580981633494">
        <ele>3.6</ele>
        <time>2025-11-21T00:24:50Z</time>
      </trkpt>
      <trkpt lat="39.15970618830355" lon="117.77581236809843">
        <ele>3.6</ele>
        <time>2025-11-21T00:24:51Z</time>
      </trkpt>
      <trkpt lat="39.15968327036897" lon="117.77581503528627">
        <ele>3.6</ele>
        <time>2025-11-21T00:24:52Z</time>
      </trkpt>
      <trkpt lat="39.15966027607893" lon="117.77581778464342">
        <ele>3.6</ele>
        <time>2025-11-21T00:24:53Z</time>
      </trkpt>
      <trkpt lat="39.1596374410751" lon="117.77582059452472">
        <ele>3.6</ele>
        <time>2025-11-21T00:24:54Z</time>
      </trkpt>
      <trkpt lat="39.1596141856977" lon="117.7758234564059">
        <ele>3.6</ele>
        <time>2025-11-21T00:24:55Z</time>
      </trkpt>
      <trkpt lat="39.15959116520707" lon="117.77582625969342">
        <ele>3.6</ele>
        <time>2025-11-21T00:24:56Z</time>
      </trkpt>
      <trkpt lat="39.15956552672783" lon="117.77582898074351">
        <ele>3.6</ele>
        <time>2025-11-21T00:24:57Z</time>
      </trkpt>
      <trkpt lat="39.15954328105754" lon="117.77583134728688">
        <ele>3.6</ele>
        <time>2025-11-21T00:24:58Z</time>
      </trkpt>
      <trkpt lat="39.159521029769266" lon="117.77583340735022">
        <ele>3.6</ele>
        <time>2025-11-21T00:24:59Z</time>
      </trkpt>
      <trkpt lat="39.159498792486865" lon="117.7758351473965">
        <ele>3.6</ele>
        <time>2025-11-21T00:25:00Z</time>
      </trkpt>
      <trkpt lat="39.15947635243469" lon="117.77583662976275">
        <ele>3.6</ele>
        <time>2025-11-21T00:25:01Z</time>
      </trkpt>
      <trkpt lat="39.15945384811362" lon="117.7758378314512">
        <ele>3.6</ele>
        <time>2025-11-21T00:25:02Z</time>
      </trkpt>
      <trkpt lat="39.15943095016475" lon="117.7758391185121">
        <ele>3.6</ele>
        <time>2025-11-21T00:25:03Z</time>
      </trkpt>
      <trkpt lat="39.15940785989369" lon="117.77583985642528">
        <ele>3.6</ele>
        <time>2025-11-21T00:25:04Z</time>
      </trkpt>
      <trkpt lat="39.159381920528496" lon="117.77583986549892">
        <ele>3.6</ele>
        <time>2025-11-21T00:25:05Z</time>
      </trkpt>
      <trkpt lat="39.15935890186333" lon="117.77583869737713">
        <ele>3.6</ele>
        <time>2025-11-21T00:25:06Z</time>
      </trkpt>
      <trkpt lat="39.1593334560954" lon="117.7758367206436">
        <ele>3.6</ele>
        <time>2025-11-21T00:25:07Z</time>
      </trkpt>
      <trkpt lat="39.15931031062238" lon="117.77583417484239">
        <ele>3.6</ele>
        <time>2025-11-21T00:25:08Z</time>
      </trkpt>
      <trkpt lat="39.159286758564924" lon="117.77583082940023">
        <ele>3.6</ele>
        <time>2025-11-21T00:25:09Z</time>
      </trkpt>
      <trkpt lat="39.15926306308958" lon="117.77582665680183">
        <ele>3.6</ele>
        <time>2025-11-21T00:25:10Z</time>
      </trkpt>
      <trkpt lat="39.15923911737069" lon="117.77582204171773">
        <ele>3.6</ele>
        <time>2025-11-21T00:25:11Z</time>
      </trkpt>
      <trkpt lat="39.1592151397637" lon="117.77581718915148">
        <ele>3.6</ele>
        <time>2025-11-21T00:25:12Z</time>
      </trkpt>
      <trkpt lat="39.15919126921736" lon="117.77581181734242">
        <ele>3.6</ele>
        <time>2025-11-21T00:25:13Z</time>
      </trkpt>
      <trkpt lat="39.159167749510026" lon="117.77580597710397">
        <ele>3.6</ele>
        <time>2025-11-21T00:25:14Z</time>
      </trkpt>
      <trkpt lat="39.15914446107056" lon="117.77579973188588">
        <ele>3.6</ele>
        <time>2025-11-21T00:25:15Z</time>
      </trkpt>
      <trkpt lat="39.15912131292746" lon="117.77579328297107">
        <ele>3.6</ele>
        <time>2025-11-21T00:25:16Z</time>
      </trkpt>
      <trkpt lat="39.15909829788764" lon="117.77578719665247">
        <ele>3.6</ele>
        <time>2025-11-21T00:25:17Z</time>
      </trkpt>
      <trkpt lat="39.15907498680108" lon="117.77578179338062">
        <ele>3.6</ele>
        <time>2025-11-21T00:25:18Z</time>
      </trkpt>
      <trkpt lat="39.15905288286557" lon="117.77577761565296">
        <ele>3.6</ele>
        <time>2025-11-21T00:25:19Z</time>
      </trkpt>
      <trkpt lat="39.1590301950018" lon="117.77577418569354">
        <ele>3.6</ele>
        <time>2025-11-21T00:25:20Z</time>
      </trkpt>
      <trkpt lat="39.15900513481477" lon="117.77577113304953">
        <ele>3.6</ele>
        <time>2025-11-21T00:25:21Z</time>
      </trkpt>
      <trkpt lat="39.15898128034016" lon="117.77576903964635">
        <ele>3.6</ele>
        <time>2025-11-21T00:25:22Z</time>
      </trkpt>
      <trkpt lat="39.158955952745195" lon="117.77576752382917">
        <ele>3.6</ele>
        <time>2025-11-21T00:25:23Z</time>
      </trkpt>
      <trkpt lat="39.15893376685003" lon="117.77576715959577">
        <ele>3.6</ele>
        <time>2025-11-21T00:25:24Z</time>
      </trkpt>
      <trkpt lat="39.15891202776062" lon="117.77576746079617">
        <ele>3.6</ele>
        <time>2025-11-21T00:25:25Z</time>
      </trkpt>
      <trkpt lat="39.15889074275998" lon="117.77576864733024">
        <ele>3.6</ele>
        <time>2025-11-21T00:25:26Z</time>
      </trkpt>
      <trkpt lat="39.15886987992857" lon="117.77577036726379">
        <ele>3.6</ele>
        <time>2025-11-21T00:25:27Z</time>
      </trkpt>
      <trkpt lat="39.15884899307033" lon="117.77577266527628">
        <ele>3.6</ele>
        <time>2025-11-21T00:25:28Z</time>
      </trkpt>
      <trkpt lat="39.158828318309176" lon="117.77577578424977">
        <ele>3.6</ele>
        <time>2025-11-21T00:25:29Z</time>
      </trkpt>
      <trkpt lat="39.158807297986435" lon="117.77577950733162">
        <ele>3.6</ele>
        <time>2025-11-21T00:25:30Z</time>
      </trkpt>
      <trkpt lat="39.15878619368683" lon="117.77578409428183">
        <ele>3.6</ele>
        <time>2025-11-21T00:25:31Z</time>
      </trkpt>
      <trkpt lat="39.15876474402195" lon="117.77578957222065">
        <ele>3.6</ele>
        <time>2025-11-21T00:25:32Z</time>
      </trkpt>
      <trkpt lat="39.15874381639712" lon="117.77579552445532">
        <ele>3.6</ele>
        <time>2025-11-21T00:25:33Z</time>
      </trkpt>
      <trkpt lat="39.158720569697394" lon="117.7758026683683">
        <ele>3.6</ele>
        <time>2025-11-21T00:25:34Z</time>
      </trkpt>
      <trkpt lat="39.158699829392354" lon="117.77580958620703">
        <ele>3.6</ele>
        <time>2025-11-21T00:25:35Z</time>
      </trkpt>
      <trkpt lat="39.15867645874576" lon="117.77581775946183">
        <ele>3.6</ele>
        <time>2025-11-21T00:25:36Z</time>
      </trkpt>
      <trkpt lat="39.1586547563996" lon="117.77582514891697">
        <ele>3.6</ele>
        <time>2025-11-21T00:25:37Z</time>
      </trkpt>
      <trkpt lat="39.15863224508657" lon="117.77583226499107">
        <ele>3.6</ele>
        <time>2025-11-21T00:25:38Z</time>
      </trkpt>
      <trkpt lat="39.15860872889167" lon="117.77583852927424">
        <ele>3.6</ele>
        <time>2025-11-21T00:25:39Z</time>
      </trkpt>
      <trkpt lat="39.15858489239785" lon="117.77584367256696">
        <ele>3.6</ele>
        <time>2025-11-21T00:25:40Z</time>
      </trkpt>
      <trkpt lat="39.15856066889747" lon="117.77584738721723">
        <ele>3.6</ele>
        <time>2025-11-21T00:25:41Z</time>
      </trkpt>
      <trkpt lat="39.15853656492527" lon="117.77584887167673">
        <ele>3.6</ele>
        <time>2025-11-21T00:25:42Z</time>
      </trkpt>
      <trkpt lat="39.158512479071724" lon="117.77584886587685">
        <ele>3.6</ele>
        <time>2025-11-21T00:25:43Z</time>
      </trkpt>
      <trkpt lat="39.15848876182131" lon="117.7758478830169">
        <ele>3.6</ele>
        <time>2025-11-21T00:25:44Z</time>
      </trkpt>
      <trkpt lat="39.15846518838592" lon="117.7758460946989">
        <ele>3.6</ele>
        <time>2025-11-21T00:25:45Z</time>
      </trkpt>
      <trkpt lat="39.158442270378735" lon="117.77584398005496">
        <ele>3.6</ele>
        <time>2025-11-21T00:25:46Z</time>
      </trkpt>
      <trkpt lat="39.15841719358769" lon="117.77584127192763">
        <ele>3.6</ele>
        <time>2025-11-21T00:25:47Z</time>
      </trkpt>
      <trkpt lat="39.15839443448992" lon="117.77583845838875">
        <ele>3.6</ele>
        <time>2025-11-21T00:25:48Z</time>
      </trkpt>
      <trkpt lat="39.158371060050115" lon="117.77583557584471">
        <ele>3.6</ele>
        <time>2025-11-21T00:25:49Z</time>
      </trkpt>
      <trkpt lat="39.158349386267616" lon="117.77583266769429">
        <ele>3.6</ele>
        <time>2025-11-21T00:25:50Z</time>
      </trkpt>
      <trkpt lat="39.15832758444487" lon="117.77582936379305">
        <ele>3.6</ele>
        <time>2025-11-21T00:25:51Z</time>
      </trkpt>
      <trkpt lat="39.15830421754674" lon="117.77582497059872">
        <ele>3.6</ele>
        <time>2025-11-21T00:25:52Z</time>
      </trkpt>
      <trkpt lat="39.1582817670942" lon="117.77581991546944">
        <ele>3.6</ele>
        <time>2025-11-21T00:25:53Z</time>
      </trkpt>
      <trkpt lat="39.15826009181807" lon="117.77581411299593">
        <ele>3.6</ele>
        <time>2025-11-21T00:25:54Z</time>
      </trkpt>
      <trkpt lat="39.15823901612321" lon="117.7758072251038">
        <ele>3.6</ele>
        <time>2025-11-21T00:25:55Z</time>
      </trkpt>
      <trkpt lat="39.15821836854697" lon="117.77579981616955">
        <ele>3.6</ele>
        <time>2025-11-21T00:25:56Z</time>
      </trkpt>
      <trkpt lat="39.15819787295333" lon="117.77579233994204">
        <ele>3.6</ele>
        <time>2025-11-21T00:25:57Z</time>
      </trkpt>
      <trkpt lat="39.15817729998501" lon="117.77578481833712">
        <ele>3.6</ele>
        <time>2025-11-21T00:25:58Z</time>
      </trkpt>
      <trkpt lat="39.158156643321256" lon="117.77577774735389">
        <ele>3.6</ele>
        <time>2025-11-21T00:25:59Z</time>
      </trkpt>
      <trkpt lat="39.15813400277613" lon="117.77577042825028">
        <ele>3.6</ele>
        <time>2025-11-21T00:26:00Z</time>
      </trkpt>
      <trkpt lat="39.15811309515048" lon="117.77576463817853">
        <ele>3.6</ele>
        <time>2025-11-21T00:26:01Z</time>
      </trkpt>
      <trkpt lat="39.15809189893247" lon="117.77575958136713">
        <ele>3.6</ele>
        <time>2025-11-21T00:26:02Z</time>
      </trkpt>
      <trkpt lat="39.15807000970281" lon="117.77575628888901">
        <ele>3.6</ele>
        <time>2025-11-21T00:26:03Z</time>
      </trkpt>
      <trkpt lat="39.15804823210075" lon="117.7757543488955">
        <ele>3.6</ele>
        <time>2025-11-21T00:26:04Z</time>
      </trkpt>
      <trkpt lat="39.158026253759175" lon="117.77575358823144">
        <ele>3.6</ele>
        <time>2025-11-21T00:26:05Z</time>
      </trkpt>
      <trkpt lat="39.1580059739463" lon="117.77575368759302">
        <ele>3.6</ele>
        <time>2025-11-21T00:26:06Z</time>
      </trkpt>
      <trkpt lat="39.15798535216795" lon="117.77575433205601">
        <ele>3.6</ele>
        <time>2025-11-21T00:26:07Z</time>
      </trkpt>
      <trkpt lat="39.157962601122996" lon="117.77575564508227">
        <ele>3.6</ele>
        <time>2025-11-21T00:26:08Z</time>
      </trkpt>
      <trkpt lat="39.15794048740595" lon="117.77575754563001">
        <ele>3.6</ele>
        <time>2025-11-21T00:26:09Z</time>
      </trkpt>
      <trkpt lat="39.15791870599216" lon="117.77576021571933">
        <ele>3.6</ele>
        <time>2025-11-21T00:26:10Z</time>
      </trkpt>
      <trkpt lat="39.15789720099877" lon="117.7757638934934">
        <ele>3.6</ele>
        <time>2025-11-21T00:26:11Z</time>
      </trkpt>
      <trkpt lat="39.15787577652078" lon="117.77576844607778">
        <ele>3.6</ele>
        <time>2025-11-21T00:26:12Z</time>
      </trkpt>
      <trkpt lat="39.15785437114128" lon="117.77577367894314">
        <ele>3.6</ele>
        <time>2025-11-21T00:26:13Z</time>
      </trkpt>
      <trkpt lat="39.157832663223694" lon="117.7757802055578">
        <ele>3.6</ele>
        <time>2025-11-21T00:26:14Z</time>
      </trkpt>
      <trkpt lat="39.15781088412953" lon="117.77578693984594">
        <ele>3.6</ele>
        <time>2025-11-21T00:26:15Z</time>
      </trkpt>
      <trkpt lat="39.15778654129788" lon="117.7757944564571">
        <ele>3.6</ele>
        <time>2025-11-21T00:26:16Z</time>
      </trkpt>
      <trkpt lat="39.15776365258829" lon="117.77580107556318">
        <ele>3.6</ele>
        <time>2025-11-21T00:26:17Z</time>
      </trkpt>
      <trkpt lat="39.157739828700095" lon="117.77580807015171">
        <ele>3.6</ele>
        <time>2025-11-21T00:26:18Z</time>
      </trkpt>
      <trkpt lat="39.15771564740484" lon="117.77581551066639">
        <ele>3.6</ele>
        <time>2025-11-21T00:26:19Z</time>
      </trkpt>
      <trkpt lat="39.15769165162819" lon="117.77582297887079">
        <ele>3.6</ele>
        <time>2025-11-21T00:26:20Z</time>
      </trkpt>
      <trkpt lat="39.157667605745736" lon="117.77583030969497">
        <ele>3.6</ele>
        <time>2025-11-21T00:26:21Z</time>
      </trkpt>
      <trkpt lat="39.15764547450464" lon="117.77583658887508">
        <ele>3.6</ele>
        <time>2025-11-21T00:26:22Z</time>
      </trkpt>
      <trkpt lat="39.15762294975789" lon="117.77584231587008">
        <ele>3.6</ele>
        <time>2025-11-21T00:26:23Z</time>
      </trkpt>
      <trkpt lat="39.157600213658895" lon="117.77584688792015">
        <ele>3.6</ele>
        <time>2025-11-21T00:26:24Z</time>
      </trkpt>
      <trkpt lat="39.15757778293932" lon="117.77584997249026">
        <ele>3.6</ele>
        <time>2025-11-21T00:26:25Z</time>
      </trkpt>
      <trkpt lat="39.15755387554265" lon="117.77585083015248">
        <ele>3.6</ele>
        <time>2025-11-21T00:26:26Z</time>
      </trkpt>
      <trkpt lat="39.15753196439042" lon="117.77585042405966">
        <ele>3.6</ele>
        <time>2025-11-21T00:26:27Z</time>
      </trkpt>
      <trkpt lat="39.157510390173655" lon="117.77584939419616">
        <ele>3.6</ele>
        <time>2025-11-21T00:26:28Z</time>
      </trkpt>
      <trkpt lat="39.157495063475686" lon="117.77584924325163">
        <ele>3.6</ele>
        <time>2025-11-21T00:26:29Z</time>
      </trkpt>
      <trkpt lat="39.15748088642658" lon="117.77584935812223">
        <ele>3.6</ele>
        <time>2025-11-21T00:26:30Z</time>
      </trkpt>
      <trkpt lat="39.15746937749984" lon="117.77584938154115">
        <ele>3.6</ele>
        <time>2025-11-21T00:26:31Z</time>
      </trkpt>
      <trkpt lat="39.15745619286309" lon="117.77584862331173">
        <ele>3.8</ele>
        <time>2025-11-21T00:26:32Z</time>
      </trkpt>
      <trkpt lat="39.1574430591032" lon="117.77584692350504">
        <ele>3.8</ele>
        <time>2025-11-21T00:26:33Z</time>
      </trkpt>
      <trkpt lat="39.15742878639655" lon="117.77584418126136">
        <ele>3.8</ele>
        <time>2025-11-21T00:26:34Z</time>
      </trkpt>
      <trkpt lat="39.157417034569946" lon="117.77584164823031">
        <ele>3.8</ele>
        <time>2025-11-21T00:26:35Z</time>
      </trkpt>
      <trkpt lat="39.157405333002245" lon="117.77583912237061">
        <ele>3.8</ele>
        <time>2025-11-21T00:26:36Z</time>
      </trkpt>
      <trkpt lat="39.15739465404292" lon="117.77583690345966">
        <ele>3.8</ele>
        <time>2025-11-21T00:26:37Z</time>
      </trkpt>
      <trkpt lat="39.15738149072709" lon="117.77583405819676">
        <ele>3.8</ele>
        <time>2025-11-21T00:26:38Z</time>
      </trkpt>
      <trkpt lat="39.15736881804482" lon="117.775831232399">
        <ele>3.8</ele>
        <time>2025-11-21T00:26:39Z</time>
      </trkpt>
      <trkpt lat="39.15735617282953" lon="117.7758283536503">
        <ele>3.8</ele>
        <time>2025-11-21T00:26:40Z</time>
      </trkpt>
      <trkpt lat="39.15734571423094" lon="117.77582592421304">
        <ele>3.8</ele>
        <time>2025-11-21T00:26:41Z</time>
      </trkpt>
      <trkpt lat="39.15733470864204" lon="117.77582338297042">
        <ele>3.8</ele>
        <time>2025-11-21T00:26:42Z</time>
      </trkpt>
      <trkpt lat="39.15732351842361" lon="117.77582080659883">
        <ele>3.8</ele>
        <time>2025-11-21T00:26:43Z</time>
      </trkpt>
      <trkpt lat="39.157310069701666" lon="117.77581772505786">
        <ele>3.8</ele>
        <time>2025-11-21T00:26:44Z</time>
      </trkpt>
      <trkpt lat="39.1572971254951" lon="117.7758146776423">
        <ele>3.8</ele>
        <time>2025-11-21T00:26:45Z</time>
      </trkpt>
      <trkpt lat="39.15728446663045" lon="117.77581159718068">
        <ele>3.8</ele>
        <time>2025-11-21T00:26:46Z</time>
      </trkpt>
      <trkpt lat="39.15727397235665" lon="117.77580888609133">
        <ele>3.6</ele>
        <time>2025-11-21T00:26:47Z</time>
      </trkpt>
      <trkpt lat="39.15726292087696" lon="117.77580598348337">
        <ele>3.6</ele>
        <time>2025-11-21T00:26:48Z</time>
      </trkpt>
      <trkpt lat="39.157251373984074" lon="117.77580291913625">
        <ele>3.6</ele>
        <time>2025-11-21T00:26:49Z</time>
      </trkpt>
      <trkpt lat="39.15723778372466" lon="117.77579937779663">
        <ele>3.6</ele>
        <time>2025-11-21T00:26:50Z</time>
      </trkpt>
      <trkpt lat="39.15722458723088" lon="117.77579590638891">
        <ele>3.6</ele>
        <time>2025-11-21T00:26:51Z</time>
      </trkpt>
      <trkpt lat="39.157211919867756" lon="117.77579255357689">
        <ele>3.6</ele>
        <time>2025-11-21T00:26:52Z</time>
      </trkpt>
      <trkpt lat="39.15720136530923" lon="117.77578965965465">
        <ele>3.6</ele>
        <time>2025-11-21T00:26:53Z</time>
      </trkpt>
      <trkpt lat="39.157190481087504" lon="117.77578670126357">
        <ele>3.6</ele>
        <time>2025-11-21T00:26:54Z</time>
      </trkpt>
      <trkpt lat="39.1571792765618" lon="117.77578367657773">
        <ele>3.6</ele>
        <time>2025-11-21T00:26:55Z</time>
      </trkpt>
      <trkpt lat="39.15716599288549" lon="117.77578021973386">
        <ele>3.6</ele>
        <time>2025-11-21T00:26:56Z</time>
      </trkpt>
      <trkpt lat="39.15715305801698" lon="117.77577685960237">
        <ele>3.6</ele>
        <time>2025-11-21T00:26:57Z</time>
      </trkpt>
      <trkpt lat="39.15714046021811" lon="117.77577363649263">
        <ele>3.6</ele>
        <time>2025-11-21T00:26:58Z</time>
      </trkpt>
      <trkpt lat="39.15712996093169" lon="117.77577096363798">
        <ele>3.6</ele>
        <time>2025-11-21T00:26:59Z</time>
      </trkpt>
      <trkpt lat="39.15711911049417" lon="117.77576835761565">
        <ele>3.6</ele>
        <time>2025-11-21T00:27:00Z</time>
      </trkpt>
      <trkpt lat="39.15710790664273" lon="117.7757658370649">
        <ele>3.6</ele>
        <time>2025-11-21T00:27:01Z</time>
      </trkpt>
      <trkpt lat="39.15709447099278" lon="117.77576303646336">
        <ele>3.6</ele>
        <time>2025-11-21T00:27:02Z</time>
      </trkpt>
      <trkpt lat="39.157081258874676" lon="117.7757605214915">
        <ele>3.6</ele>
        <time>2025-11-21T00:27:03Z</time>
      </trkpt>
      <trkpt lat="39.15706850893311" lon="117.77575838012744">
        <ele>3.6</ele>
        <time>2025-11-21T00:27:04Z</time>
      </trkpt>
      <trkpt lat="39.1570561596845" lon="117.77575660541937">
        <ele>3.6</ele>
        <time>2025-11-21T00:27:05Z</time>
      </trkpt>
      <trkpt lat="39.15704584712314" lon="117.77575550855919">
        <ele>3.6</ele>
        <time>2025-11-21T00:27:06Z</time>
      </trkpt>
      <trkpt lat="39.15703512851222" lon="117.77575454972235">
        <ele>3.6</ele>
        <time>2025-11-21T00:27:07Z</time>
      </trkpt>
      <trkpt lat="39.157024211692374" lon="117.77575373378991">
        <ele>3.6</ele>
        <time>2025-11-21T00:27:08Z</time>
      </trkpt>
      <trkpt lat="39.157011770926204" lon="117.77575278142243">
        <ele>3.6</ele>
        <time>2025-11-21T00:27:09Z</time>
      </trkpt>
      <trkpt lat="39.15699969316244" lon="117.77575207236731">
        <ele>3.6</ele>
        <time>2025-11-21T00:27:10Z</time>
      </trkpt>
      <trkpt lat="39.15698956207707" lon="117.77575212823464">
        <ele>3.6</ele>
        <time>2025-11-21T00:27:11Z</time>
      </trkpt>
      <trkpt lat="39.15697864990899" lon="117.7757524728479">
        <ele>3.6</ele>
        <time>2025-11-21T00:27:12Z</time>
      </trkpt>
      <trkpt lat="39.156966176155144" lon="117.7757541055648">
        <ele>3.6</ele>
        <time>2025-11-21T00:27:13Z</time>
      </trkpt>
      <trkpt lat="39.15695132630426" lon="117.77575642660574">
        <ele>3.6</ele>
        <time>2025-11-21T00:27:14Z</time>
      </trkpt>
      <trkpt lat="39.15693683332184" lon="117.77575944329915">
        <ele>3.6</ele>
        <time>2025-11-21T00:27:15Z</time>
      </trkpt>
      <trkpt lat="39.156923577702464" lon="117.77576231342965">
        <ele>3.6</ele>
        <time>2025-11-21T00:27:16Z</time>
      </trkpt>
      <trkpt lat="39.15691233893618" lon="117.77576470201818">
        <ele>3.6</ele>
        <time>2025-11-21T00:27:17Z</time>
      </trkpt>
      <trkpt lat="39.15690063457303" lon="117.77576768766919">
        <ele>3.6</ele>
        <time>2025-11-21T00:27:18Z</time>
      </trkpt>
      <trkpt lat="39.15689045002155" lon="117.7757702128859">
        <ele>3.6</ele>
        <time>2025-11-21T00:27:19Z</time>
      </trkpt>
      <trkpt lat="39.15687775657152" lon="117.7757742531494">
        <ele>3.6</ele>
        <time>2025-11-21T00:27:20Z</time>
      </trkpt>
      <trkpt lat="39.15686679175233" lon="117.77577747176767">
        <ele>3.6</ele>
        <time>2025-11-21T00:27:21Z</time>
      </trkpt>
      <trkpt lat="39.15685421061137" lon="117.77578224102648">
        <ele>3.6</ele>
        <time>2025-11-21T00:27:22Z</time>
      </trkpt>
      <trkpt lat="39.156842180531655" lon="117.77578659221867">
        <ele>3.6</ele>
        <time>2025-11-21T00:27:23Z</time>
      </trkpt>
      <trkpt lat="39.15682795005609" lon="117.7757919105803">
        <ele>3.6</ele>
        <time>2025-11-21T00:27:24Z</time>
      </trkpt>
      <trkpt lat="39.1568125373415" lon="117.77579655423523">
        <ele>3.6</ele>
        <time>2025-11-21T00:27:25Z</time>
      </trkpt>
      <trkpt lat="39.156795160791184" lon="117.77580053591247">
        <ele>3.6</ele>
        <time>2025-11-21T00:27:26Z</time>
      </trkpt>
      <trkpt lat="39.15677585880049" lon="117.77580367773692">
        <ele>3.6</ele>
        <time>2025-11-21T00:27:27Z</time>
      </trkpt>
      <trkpt lat="39.156753248570354" lon="117.77580665258571">
        <ele>3.6</ele>
        <time>2025-11-21T00:27:28Z</time>
      </trkpt>
      <trkpt lat="39.156730139375604" lon="117.77580995783705">
        <ele>3.6</ele>
        <time>2025-11-21T00:27:29Z</time>
      </trkpt>
      <trkpt lat="39.15670691063419" lon="117.77581409133471">
        <ele>3.6</ele>
        <time>2025-11-21T00:27:30Z</time>
      </trkpt>
      <trkpt lat="39.15668344837483" lon="117.77581892319502">
        <ele>3.6</ele>
        <time>2025-11-21T00:27:31Z</time>
      </trkpt>
      <trkpt lat="39.15665990502752" lon="117.77582356297795">
        <ele>3.6</ele>
        <time>2025-11-21T00:27:32Z</time>
      </trkpt>
      <trkpt lat="39.156636577245074" lon="117.77582757175385">
        <ele>3.6</ele>
        <time>2025-11-21T00:27:33Z</time>
      </trkpt>
      <trkpt lat="39.15661350941975" lon="117.77583050179412">
        <ele>3.6</ele>
        <time>2025-11-21T00:27:34Z</time>
      </trkpt>
      <trkpt lat="39.156590856441845" lon="117.77583258193215">
        <ele>3.6</ele>
        <time>2025-11-21T00:27:35Z</time>
      </trkpt>
      <trkpt lat="39.15656830679887" lon="117.7758338257865">
        <ele>3.6</ele>
        <time>2025-11-21T00:27:36Z</time>
      </trkpt>
      <trkpt lat="39.156545466978" lon="117.77583399711222">
        <ele>3.6</ele>
        <time>2025-11-21T00:27:37Z</time>
      </trkpt>
      <trkpt lat="39.156522519162216" lon="117.77583320736606">
        <ele>3.6</ele>
        <time>2025-11-21T00:27:38Z</time>
      </trkpt>
      <trkpt lat="39.15649888032021" lon="117.77583163086456">
        <ele>3.6</ele>
        <time>2025-11-21T00:27:39Z</time>
      </trkpt>
      <trkpt lat="39.156477151484076" lon="117.77582960151754">
        <ele>3.6</ele>
        <time>2025-11-21T00:27:40Z</time>
      </trkpt>
      <trkpt lat="39.15645316323643" lon="117.77582699018423">
        <ele>3.6</ele>
        <time>2025-11-21T00:27:41Z</time>
      </trkpt>
      <trkpt lat="39.156429513071096" lon="117.77582388761904">
        <ele>3.6</ele>
        <time>2025-11-21T00:27:42Z</time>
      </trkpt>
      <trkpt lat="39.156405880440666" lon="117.77581990194145">
        <ele>3.6</ele>
        <time>2025-11-21T00:27:43Z</time>
      </trkpt>
      <trkpt lat="39.15638233262578" lon="117.7758146928105">
        <ele>3.6</ele>
        <time>2025-11-21T00:27:44Z</time>
      </trkpt>
      <trkpt lat="39.15635872938833" lon="117.77580851454697">
        <ele>3.6</ele>
        <time>2025-11-21T00:27:45Z</time>
      </trkpt>
      <trkpt lat="39.15633532365462" lon="117.77580129108333">
        <ele>3.6</ele>
        <time>2025-11-21T00:27:46Z</time>
      </trkpt>
      <trkpt lat="39.156311915285066" lon="117.7757929231214">
        <ele>3.6</ele>
        <time>2025-11-21T00:27:47Z</time>
      </trkpt>
      <trkpt lat="39.15628879582659" lon="117.77578387790744">
        <ele>3.6</ele>
        <time>2025-11-21T00:27:48Z</time>
      </trkpt>
      <trkpt lat="39.156265674589534" lon="117.77577486654027">
        <ele>3.6</ele>
        <time>2025-11-21T00:27:49Z</time>
      </trkpt>
      <trkpt lat="39.156242553601295" lon="117.77576628659935">
        <ele>3.6</ele>
        <time>2025-11-21T00:27:50Z</time>
      </trkpt>
      <trkpt lat="39.15621908217261" lon="117.77575846823012">
        <ele>3.6</ele>
        <time>2025-11-21T00:27:51Z</time>
      </trkpt>
      <trkpt lat="39.15619547965711" lon="117.77575112714183">
        <ele>3.6</ele>
        <time>2025-11-21T00:27:52Z</time>
      </trkpt>
      <trkpt lat="39.156171179084005" lon="117.77574380455134">
        <ele>3.6</ele>
        <time>2025-11-21T00:27:53Z</time>
      </trkpt>
      <trkpt lat="39.15614855820202" lon="117.77573720340648">
        <ele>3.6</ele>
        <time>2025-11-21T00:27:54Z</time>
      </trkpt>
      <trkpt lat="39.15612478296162" lon="117.77573031033761">
        <ele>3.6</ele>
        <time>2025-11-21T00:27:55Z</time>
      </trkpt>
      <trkpt lat="39.156103191570104" lon="117.77572470685752">
        <ele>3.6</ele>
        <time>2025-11-21T00:27:56Z</time>
      </trkpt>
      <trkpt lat="39.15607686880004" lon="117.77571836613329">
        <ele>3.6</ele>
        <time>2025-11-21T00:27:57Z</time>
      </trkpt>
      <trkpt lat="39.156054168465936" lon="117.77571304162375">
        <ele>3.6</ele>
        <time>2025-11-21T00:27:58Z</time>
      </trkpt>
      <trkpt lat="39.156032294950144" lon="117.77570901503465">
        <ele>3.6</ele>
        <time>2025-11-21T00:27:59Z</time>
      </trkpt>
      <trkpt lat="39.15601169283194" lon="117.77570553153699">
        <ele>3.6</ele>
        <time>2025-11-21T00:28:00Z</time>
      </trkpt>
      <trkpt lat="39.155987353655874" lon="117.77570268675365">
        <ele>3.6</ele>
        <time>2025-11-21T00:28:01Z</time>
      </trkpt>
      <trkpt lat="39.155961904043416" lon="117.77570008545298">
        <ele>3.6</ele>
        <time>2025-11-21T00:28:02Z</time>
      </trkpt>
      <trkpt lat="39.15593588904669" lon="117.77569918014277">
        <ele>3.6</ele>
        <time>2025-11-21T00:28:03Z</time>
      </trkpt>
      <trkpt lat="39.155910951892686" lon="117.77569920539474">
        <ele>3.6</ele>
        <time>2025-11-21T00:28:04Z</time>
      </trkpt>
      <trkpt lat="39.15588642874463" lon="117.77570013707397">
        <ele>3.6</ele>
        <time>2025-11-21T00:28:05Z</time>
      </trkpt>
      <trkpt lat="39.155862337301265" lon="117.77570151103411">
        <ele>3.6</ele>
        <time>2025-11-21T00:28:06Z</time>
      </trkpt>
      <trkpt lat="39.15583815575328" lon="117.77570310196694">
        <ele>3.6</ele>
        <time>2025-11-21T00:28:07Z</time>
      </trkpt>
      <trkpt lat="39.155811810302446" lon="117.77570422858321">
        <ele>3.6</ele>
        <time>2025-11-21T00:28:08Z</time>
      </trkpt>
      <trkpt lat="39.15578722738571" lon="117.77570579721215">
        <ele>3.6</ele>
        <time>2025-11-21T00:28:09Z</time>
      </trkpt>
      <trkpt lat="39.15576242188878" lon="117.7757085009792">
        <ele>3.6</ele>
        <time>2025-11-21T00:28:10Z</time>
      </trkpt>
      <trkpt lat="39.15573932711833" lon="117.77571268944891">
        <ele>3.6</ele>
        <time>2025-11-21T00:28:11Z</time>
      </trkpt>
      <trkpt lat="39.15571633997905" lon="117.77571731104217">
        <ele>3.8</ele>
        <time>2025-11-21T00:28:12Z</time>
      </trkpt>
      <trkpt lat="39.155691982319624" lon="117.77572198858961">
        <ele>3.8</ele>
        <time>2025-11-21T00:28:13Z</time>
      </trkpt>
      <trkpt lat="39.15566851302904" lon="117.7757257584327">
        <ele>3.8</ele>
        <time>2025-11-21T00:28:14Z</time>
      </trkpt>
      <trkpt lat="39.15564538565378" lon="117.77572836426715">
        <ele>3.8</ele>
        <time>2025-11-21T00:28:15Z</time>
      </trkpt>
      <trkpt lat="39.1556220666657" lon="117.77572966213572">
        <ele>3.8</ele>
        <time>2025-11-21T00:28:16Z</time>
      </trkpt>
      <trkpt lat="39.15559839401153" lon="117.77573015737089">
        <ele>4</ele>
        <time>2025-11-21T00:28:17Z</time>
      </trkpt>
      <trkpt lat="39.15557459870072" lon="117.77573020265886">
        <ele>4</ele>
        <time>2025-11-21T00:28:18Z</time>
      </trkpt>
      <trkpt lat="39.15555086735154" lon="117.77572958921306">
        <ele>4</ele>
        <time>2025-11-21T00:28:19Z</time>
      </trkpt>
      <trkpt lat="39.15552722620537" lon="117.77572823085018">
        <ele>4</ele>
        <time>2025-11-21T00:28:20Z</time>
      </trkpt>
      <trkpt lat="39.155503520652594" lon="117.7757260636357">
        <ele>4</ele>
        <time>2025-11-21T00:28:21Z</time>
      </trkpt>
      <trkpt lat="39.155479403444" lon="117.77572268427097">
        <ele>4</ele>
        <time>2025-11-21T00:28:22Z</time>
      </trkpt>
      <trkpt lat="39.15545548784004" lon="117.77571860390633">
        <ele>4</ele>
        <time>2025-11-21T00:28:23Z</time>
      </trkpt>
      <trkpt lat="39.15542946511521" lon="117.77571297451293">
        <ele>4</ele>
        <time>2025-11-21T00:28:24Z</time>
      </trkpt>
      <trkpt lat="39.15540620326579" lon="117.77570655259765">
        <ele>4</ele>
        <time>2025-11-21T00:28:25Z</time>
      </trkpt>
      <trkpt lat="39.15538301327486" lon="117.77569883005808">
        <ele>4</ele>
        <time>2025-11-21T00:28:26Z</time>
      </trkpt>
      <trkpt lat="39.155361679982555" lon="117.77569093577578">
        <ele>4</ele>
        <time>2025-11-21T00:28:27Z</time>
      </trkpt>
      <trkpt lat="39.15534015232437" lon="117.77568296524524">
        <ele>4</ele>
        <time>2025-11-21T00:28:28Z</time>
      </trkpt>
      <trkpt lat="39.15531645602224" lon="117.77567492765658">
        <ele>4</ele>
        <time>2025-11-21T00:28:29Z</time>
      </trkpt>
      <trkpt lat="39.15529334538159" lon="117.77566733017107">
        <ele>4</ele>
        <time>2025-11-21T00:28:30Z</time>
      </trkpt>
      <trkpt lat="39.155270458739274" lon="117.77565981021147">
        <ele>4</ele>
        <time>2025-11-21T00:28:31Z</time>
      </trkpt>
      <trkpt lat="39.15524793552303" lon="117.77565204795754">
        <ele>3.7</ele>
        <time>2025-11-21T00:28:32Z</time>
      </trkpt>
      <trkpt lat="39.155225431413854" lon="117.7756443049037">
        <ele>3.7</ele>
        <time>2025-11-21T00:28:33Z</time>
      </trkpt>
      <trkpt lat="39.15520275762333" lon="117.77563715235134">
        <ele>3.7</ele>
        <time>2025-11-21T00:28:34Z</time>
      </trkpt>
      <trkpt lat="39.15517934033079" lon="117.77563089843534">
        <ele>3.7</ele>
        <time>2025-11-21T00:28:35Z</time>
      </trkpt>
      <trkpt lat="39.15515585827416" lon="117.77562570660824">
        <ele>3.7</ele>
        <time>2025-11-21T00:28:36Z</time>
      </trkpt>
      <trkpt lat="39.15512963569218" lon="117.7756210410013">
        <ele>3.7</ele>
        <time>2025-11-21T00:28:37Z</time>
      </trkpt>
      <trkpt lat="39.1551052428714" lon="117.77561784944425">
        <ele>3.7</ele>
        <time>2025-11-21T00:28:38Z</time>
      </trkpt>
      <trkpt lat="39.15508025780497" lon="117.77561523787325">
        <ele>3.7</ele>
        <time>2025-11-21T00:28:39Z</time>
      </trkpt>
      <trkpt lat="39.15505518157612" lon="117.77561315511542">
        <ele>3.7</ele>
        <time>2025-11-21T00:28:40Z</time>
      </trkpt>
      <trkpt lat="39.155030982625185" lon="117.77561171822524">
        <ele>3.7</ele>
        <time>2025-11-21T00:28:41Z</time>
      </trkpt>
      <trkpt lat="39.15500520990728" lon="117.775610906476">
        <ele>3.7</ele>
        <time>2025-11-21T00:28:42Z</time>
      </trkpt>
      <trkpt lat="39.15498222479541" lon="117.77561150907925">
        <ele>3.7</ele>
        <time>2025-11-21T00:28:43Z</time>
      </trkpt>
      <trkpt lat="39.1549590871404" lon="117.77561347676154">
        <ele>3.7</ele>
        <time>2025-11-21T00:28:44Z</time>
      </trkpt>
      <trkpt lat="39.154935718994146" lon="117.77561771288836">
        <ele>3.7</ele>
        <time>2025-11-21T00:28:45Z</time>
      </trkpt>
      <trkpt lat="39.15491271328167" lon="117.77562295829895">
        <ele>3.7</ele>
        <time>2025-11-21T00:28:46Z</time>
      </trkpt>
      <trkpt lat="39.154887642381" lon="117.77562908343499">
        <ele>3.7</ele>
        <time>2025-11-21T00:28:47Z</time>
      </trkpt>
      <trkpt lat="39.154864803702424" lon="117.77563454647158">
        <ele>3.7</ele>
        <time>2025-11-21T00:28:48Z</time>
      </trkpt>
      <trkpt lat="39.15484139778521" lon="117.77563978573794">
        <ele>3.7</ele>
        <time>2025-11-21T00:28:49Z</time>
      </trkpt>
      <trkpt lat="39.15481790088339" lon="117.77564474712935">
        <ele>3.7</ele>
        <time>2025-11-21T00:28:50Z</time>
      </trkpt>
      <trkpt lat="39.15479412337248" lon="117.77564931645705">
        <ele>3.7</ele>
        <time>2025-11-21T00:28:51Z</time>
      </trkpt>
      <trkpt lat="39.15477044137598" lon="117.77565357770197">
        <ele>3.7</ele>
        <time>2025-11-21T00:28:52Z</time>
      </trkpt>
      <trkpt lat="39.154746729356454" lon="117.77565756647587">
        <ele>3.7</ele>
        <time>2025-11-21T00:28:53Z</time>
      </trkpt>
      <trkpt lat="39.15472319364457" lon="117.77566147926353">
        <ele>3.7</ele>
        <time>2025-11-21T00:28:54Z</time>
      </trkpt>
      <trkpt lat="39.15469975460442" lon="117.77566498341821">
        <ele>3.7</ele>
        <time>2025-11-21T00:28:55Z</time>
      </trkpt>
      <trkpt lat="39.154675962922916" lon="117.77566737890187">
        <ele>3.7</ele>
        <time>2025-11-21T00:28:56Z</time>
      </trkpt>
      <trkpt lat="39.15465254979895" lon="117.77566845749683">
        <ele>3.7</ele>
        <time>2025-11-21T00:28:57Z</time>
      </trkpt>
      <trkpt lat="39.15462709510762" lon="117.77566822701546">
        <ele>3.7</ele>
        <time>2025-11-21T00:28:58Z</time>
      </trkpt>
      <trkpt lat="39.15460423890997" lon="117.77566663868551">
        <ele>3.7</ele>
        <time>2025-11-21T00:28:59Z</time>
      </trkpt>
      <trkpt lat="39.15458127821834" lon="117.77566403961744">
        <ele>3.7</ele>
        <time>2025-11-21T00:29:00Z</time>
      </trkpt>
      <trkpt lat="39.15455830096689" lon="117.77566017814956">
        <ele>3.7</ele>
        <time>2025-11-21T00:29:01Z</time>
      </trkpt>
      <trkpt lat="39.15453565675633" lon="117.77565569462514">
        <ele>3.7</ele>
        <time>2025-11-21T00:29:02Z</time>
      </trkpt>
      <trkpt lat="39.15451112294588" lon="117.77565032961186">
        <ele>3.7</ele>
        <time>2025-11-21T00:29:03Z</time>
      </trkpt>
      <trkpt lat="39.154488831271145" lon="117.77564491983668">
        <ele>3.7</ele>
        <time>2025-11-21T00:29:04Z</time>
      </trkpt>
      <trkpt lat="39.15446624694208" lon="117.77563905769757">
        <ele>3.7</ele>
        <time>2025-11-21T00:29:05Z</time>
      </trkpt>
      <trkpt lat="39.15444343184168" lon="117.77563234683015">
        <ele>3.7</ele>
        <time>2025-11-21T00:29:06Z</time>
      </trkpt>
      <trkpt lat="39.15442049702995" lon="117.77562487343786">
        <ele>3.7</ele>
        <time>2025-11-21T00:29:07Z</time>
      </trkpt>
      <trkpt lat="39.15439748693587" lon="117.77561655305217">
        <ele>3.7</ele>
        <time>2025-11-21T00:29:08Z</time>
      </trkpt>
      <trkpt lat="39.154374515015725" lon="117.77560730547134">
        <ele>3.7</ele>
        <time>2025-11-21T00:29:09Z</time>
      </trkpt>
      <trkpt lat="39.15435160169274" lon="117.77559772201762">
        <ele>3.7</ele>
        <time>2025-11-21T00:29:10Z</time>
      </trkpt>
      <trkpt lat="39.15432857086747" lon="117.77558831378673">
        <ele>3.7</ele>
        <time>2025-11-21T00:29:11Z</time>
      </trkpt>
      <trkpt lat="39.154305297622486" lon="117.77557939906481">
        <ele>3.7</ele>
        <time>2025-11-21T00:29:12Z</time>
      </trkpt>
      <trkpt lat="39.154281905615115" lon="117.7755709187196">
        <ele>3.7</ele>
        <time>2025-11-21T00:29:13Z</time>
      </trkpt>
      <trkpt lat="39.15425813223924" lon="117.77556250126075">
        <ele>3.7</ele>
        <time>2025-11-21T00:29:14Z</time>
      </trkpt>
      <trkpt lat="39.15423628976089" lon="117.77555505781943">
        <ele>3.7</ele>
        <time>2025-11-21T00:29:15Z</time>
      </trkpt>
      <trkpt lat="39.154212302091395" lon="117.77554723159004">
        <ele>3.7</ele>
        <time>2025-11-21T00:29:16Z</time>
      </trkpt>
      <trkpt lat="39.15418877526309" lon="117.77554003838692">
        <ele>3.7</ele>
        <time>2025-11-21T00:29:17Z</time>
      </trkpt>
      <trkpt lat="39.15416568696463" lon="117.77553345776023">
        <ele>3.7</ele>
        <time>2025-11-21T00:29:18Z</time>
      </trkpt>
      <trkpt lat="39.15414294081881" lon="117.775527920106">
        <ele>3.7</ele>
        <time>2025-11-21T00:29:19Z</time>
      </trkpt>
      <trkpt lat="39.154120471789426" lon="117.77552322689806">
        <ele>3.7</ele>
        <time>2025-11-21T00:29:20Z</time>
      </trkpt>
      <trkpt lat="39.154098057438055" lon="117.7755194703992">
        <ele>3.7</ele>
        <time>2025-11-21T00:29:21Z</time>
      </trkpt>
      <trkpt lat="39.154075608405094" lon="117.77551672413283">
        <ele>3.7</ele>
        <time>2025-11-21T00:29:22Z</time>
      </trkpt>
      <trkpt lat="39.154052924359085" lon="117.77551492273413">
        <ele>3.7</ele>
        <time>2025-11-21T00:29:23Z</time>
      </trkpt>
      <trkpt lat="39.154030025020646" lon="117.77551428118417">
        <ele>3.7</ele>
        <time>2025-11-21T00:29:24Z</time>
      </trkpt>
      <trkpt lat="39.15400724605015" lon="117.77551492733554">
        <ele>3.7</ele>
        <time>2025-11-21T00:29:25Z</time>
      </trkpt>
      <trkpt lat="39.15398520136773" lon="117.77551611521419">
        <ele>3.7</ele>
        <time>2025-11-21T00:29:26Z</time>
      </trkpt>
      <trkpt lat="39.15396233907362" lon="117.77551691579433">
        <ele>3.7</ele>
        <time>2025-11-21T00:29:27Z</time>
      </trkpt>
      <trkpt lat="39.15394331340905" lon="117.77551783173037">
        <ele>3.7</ele>
        <time>2025-11-21T00:29:28Z</time>
      </trkpt>
      <trkpt lat="39.15392623613267" lon="117.7755190993802">
        <ele>3.7</ele>
        <time>2025-11-21T00:29:29Z</time>
      </trkpt>
      <trkpt lat="39.15391314184509" lon="117.77552120768006">
        <ele>3.7</ele>
        <time>2025-11-21T00:29:30Z</time>
      </trkpt>
      <trkpt lat="39.15390076580722" lon="117.77552349274139">
        <ele>3.7</ele>
        <time>2025-11-21T00:29:31Z</time>
      </trkpt>
      <trkpt lat="39.15388997057757" lon="117.77552560493346">
        <ele>3.9</ele>
        <time>2025-11-21T00:29:32Z</time>
      </trkpt>
      <trkpt lat="39.15387855461975" lon="117.77552790033576">
        <ele>3.9</ele>
        <time>2025-11-21T00:29:33Z</time>
      </trkpt>
      <trkpt lat="39.15386719469997" lon="117.77553070109322">
        <ele>3.9</ele>
        <time>2025-11-21T00:29:34Z</time>
      </trkpt>
      <trkpt lat="39.153854443196394" lon="117.7755340969465">
        <ele>3.9</ele>
        <time>2025-11-21T00:29:35Z</time>
      </trkpt>
      <trkpt lat="39.1538422450291" lon="117.77553752517156">
        <ele>3.9</ele>
        <time>2025-11-21T00:29:36Z</time>
      </trkpt>
      <trkpt lat="39.153829633563376" lon="117.77554068004213">
        <ele>3.9</ele>
        <time>2025-11-21T00:29:37Z</time>
      </trkpt>
      <trkpt lat="39.153817874456436" lon="117.7755428461955">
        <ele>3.9</ele>
        <time>2025-11-21T00:29:38Z</time>
      </trkpt>
      <trkpt lat="39.153805322627385" lon="117.77554484161583">
        <ele>3.9</ele>
        <time>2025-11-21T00:29:39Z</time>
      </trkpt>
      <trkpt lat="39.15379280442071" lon="117.77554661626586">
        <ele>3.9</ele>
        <time>2025-11-21T00:29:40Z</time>
      </trkpt>
      <trkpt lat="39.15377913442107" lon="117.77554869108003">
        <ele>3.9</ele>
        <time>2025-11-21T00:29:41Z</time>
      </trkpt>
      <trkpt lat="39.15376575637939" lon="117.77555018904789">
        <ele>3.9</ele>
        <time>2025-11-21T00:29:42Z</time>
      </trkpt>
      <trkpt lat="39.15375267801406" lon="117.77555111068172">
        <ele>3.9</ele>
        <time>2025-11-21T00:29:43Z</time>
      </trkpt>
      <trkpt lat="39.15373981033322" lon="117.77555168388874">
        <ele>3.9</ele>
        <time>2025-11-21T00:29:44Z</time>
      </trkpt>
      <trkpt lat="39.15372729923106" lon="117.7755520445546">
        <ele>3.9</ele>
        <time>2025-11-21T00:29:45Z</time>
      </trkpt>
      <trkpt lat="39.15371492780285" lon="117.7755521643593">
        <ele>3.9</ele>
        <time>2025-11-21T00:29:46Z</time>
      </trkpt>
      <trkpt lat="39.153702630388324" lon="117.77555208551415">
        <ele>3.7</ele>
        <time>2025-11-21T00:29:47Z</time>
      </trkpt>
      <trkpt lat="39.153690219968816" lon="117.77555173794916">
        <ele>3.7</ele>
        <time>2025-11-21T00:29:48Z</time>
      </trkpt>
      <trkpt lat="39.15367766879385" lon="117.77555117999795">
        <ele>3.7</ele>
        <time>2025-11-21T00:29:49Z</time>
      </trkpt>
      <trkpt lat="39.15366474121824" lon="117.77555021640318">
        <ele>3.7</ele>
        <time>2025-11-21T00:29:50Z</time>
      </trkpt>
      <trkpt lat="39.15365288338195" lon="117.77554908856904">
        <ele>3.7</ele>
        <time>2025-11-21T00:29:51Z</time>
      </trkpt>
      <trkpt lat="39.15364049151485" lon="117.77554781456519">
        <ele>3.7</ele>
        <time>2025-11-21T00:29:52Z</time>
      </trkpt>
      <trkpt lat="39.15362831912075" lon="117.77554656340283">
        <ele>3.7</ele>
        <time>2025-11-21T00:29:53Z</time>
      </trkpt>
      <trkpt lat="39.1536150008016" lon="117.7755450772256">
        <ele>3.7</ele>
        <time>2025-11-21T00:29:54Z</time>
      </trkpt>
      <trkpt lat="39.15360344375609" lon="117.77554394315008">
        <ele>3.7</ele>
        <time>2025-11-21T00:29:55Z</time>
      </trkpt>
      <trkpt lat="39.15359199525805" lon="117.77554275333686">
        <ele>3.7</ele>
        <time>2025-11-21T00:29:56Z</time>
      </trkpt>
      <trkpt lat="39.15358059969239" lon="117.77554130763409">
        <ele>3.7</ele>
        <time>2025-11-21T00:29:57Z</time>
      </trkpt>
      <trkpt lat="39.153567945868296" lon="117.77553915660309">
        <ele>3.7</ele>
        <time>2025-11-21T00:29:58Z</time>
      </trkpt>
      <trkpt lat="39.15355528016439" lon="117.7755365609006">
        <ele>3.7</ele>
        <time>2025-11-21T00:29:59Z</time>
      </trkpt>
      <trkpt lat="39.153542380029855" lon="117.77553382413842">
        <ele>3.7</ele>
        <time>2025-11-21T00:30:00Z</time>
      </trkpt>
      <trkpt lat="39.15353076305746" lon="117.77553080487222">
        <ele>3.7</ele>
        <time>2025-11-21T00:30:01Z</time>
      </trkpt>
      <trkpt lat="39.15351882065272" lon="117.77552731720832">
        <ele>3.7</ele>
        <time>2025-11-21T00:30:02Z</time>
      </trkpt>
      <trkpt lat="39.15350694968551" lon="117.77552326404032">
        <ele>3.7</ele>
        <time>2025-11-21T00:30:03Z</time>
      </trkpt>
      <trkpt lat="39.15349379027589" lon="117.77551851336823">
        <ele>3.7</ele>
        <time>2025-11-21T00:30:04Z</time>
      </trkpt>
      <trkpt lat="39.1534809764514" lon="117.77551346149731">
        <ele>3.7</ele>
        <time>2025-11-21T00:30:05Z</time>
      </trkpt>
      <trkpt lat="39.153468073240504" lon="117.77550813130856">
        <ele>3.7</ele>
        <time>2025-11-21T00:30:06Z</time>
      </trkpt>
      <trkpt lat="39.15345633258232" lon="117.77550331811862">
        <ele>3.7</ele>
        <time>2025-11-21T00:30:07Z</time>
      </trkpt>
      <trkpt lat="39.153444083050466" lon="117.77549852355926">
        <ele>3.7</ele>
        <time>2025-11-21T00:30:08Z</time>
      </trkpt>
      <trkpt lat="39.15343169623799" lon="117.77549390190792">
        <ele>3.7</ele>
        <time>2025-11-21T00:30:09Z</time>
      </trkpt>
      <trkpt lat="39.153417908669525" lon="117.77548892431155">
        <ele>3.7</ele>
        <time>2025-11-21T00:30:10Z</time>
      </trkpt>
      <trkpt lat="39.153404394004106" lon="117.77548401729469">
        <ele>3.7</ele>
        <time>2025-11-21T00:30:11Z</time>
      </trkpt>
      <trkpt lat="39.15339082073993" lon="117.7754789180089">
        <ele>3.7</ele>
        <time>2025-11-21T00:30:12Z</time>
      </trkpt>
      <trkpt lat="39.15337874291756" lon="117.77547406024108">
        <ele>3.7</ele>
        <time>2025-11-21T00:30:13Z</time>
      </trkpt>
      <trkpt lat="39.1533666583335" lon="117.77546900265662">
        <ele>3.7</ele>
        <time>2025-11-21T00:30:14Z</time>
      </trkpt>
      <trkpt lat="39.15335512047056" lon="117.7754642588837">
        <ele>3.7</ele>
        <time>2025-11-21T00:30:15Z</time>
      </trkpt>
      <trkpt lat="39.153342600087846" lon="117.77545941532915">
        <ele>3.7</ele>
        <time>2025-11-21T00:30:16Z</time>
      </trkpt>
      <trkpt lat="39.153330686012694" lon="117.77545493754768">
        <ele>3.7</ele>
        <time>2025-11-21T00:30:17Z</time>
      </trkpt>
      <trkpt lat="39.15331850766242" lon="117.77545038947201">
        <ele>3.7</ele>
        <time>2025-11-21T00:30:18Z</time>
      </trkpt>
      <trkpt lat="39.153307131043846" lon="117.77544606151939">
        <ele>3.7</ele>
        <time>2025-11-21T00:30:19Z</time>
      </trkpt>
      <trkpt lat="39.1532942584593" lon="117.77544137541759">
        <ele>3.7</ele>
        <time>2025-11-21T00:30:20Z</time>
      </trkpt>
      <trkpt lat="39.15328002293414" lon="117.7754362727937">
        <ele>3.7</ele>
        <time>2025-11-21T00:30:21Z</time>
      </trkpt>
      <trkpt lat="39.153263058406935" lon="117.77543023284974">
        <ele>3.7</ele>
        <time>2025-11-21T00:30:22Z</time>
      </trkpt>
      <trkpt lat="39.15324494771608" lon="117.7754238613381">
        <ele>3.7</ele>
        <time>2025-11-21T00:30:23Z</time>
      </trkpt>
      <trkpt lat="39.15322402938298" lon="117.77541676977755">
        <ele>3.7</ele>
        <time>2025-11-21T00:30:24Z</time>
      </trkpt>
      <trkpt lat="39.15320274764964" lon="117.77540991534653">
        <ele>3.7</ele>
        <time>2025-11-21T00:30:25Z</time>
      </trkpt>
      <trkpt lat="39.15318118308523" lon="117.77540324536034">
        <ele>3.7</ele>
        <time>2025-11-21T00:30:26Z</time>
      </trkpt>
      <trkpt lat="39.15316152585021" lon="117.77539780414703">
        <ele>3.7</ele>
        <time>2025-11-21T00:30:27Z</time>
      </trkpt>
      <trkpt lat="39.153141400357384" lon="117.77539311476166">
        <ele>3.7</ele>
        <time>2025-11-21T00:30:28Z</time>
      </trkpt>
      <trkpt lat="39.153118794504195" lon="117.77538894708357">
        <ele>3.7</ele>
        <time>2025-11-21T00:30:29Z</time>
      </trkpt>
      <trkpt lat="39.15309636850711" lon="117.77538609220025">
        <ele>3.7</ele>
        <time>2025-11-21T00:30:30Z</time>
      </trkpt>
      <trkpt lat="39.153071928542445" lon="117.77538436993432">
        <ele>3.7</ele>
        <time>2025-11-21T00:30:31Z</time>
      </trkpt>
      <trkpt lat="39.153049974071834" lon="117.77538446463043">
        <ele>3.7</ele>
        <time>2025-11-21T00:30:32Z</time>
      </trkpt>
      <trkpt lat="39.15302751268343" lon="117.7753854666087">
        <ele>3.7</ele>
        <time>2025-11-21T00:30:33Z</time>
      </trkpt>
      <trkpt lat="39.15300499528536" lon="117.77538756165082">
        <ele>3.7</ele>
        <time>2025-11-21T00:30:34Z</time>
      </trkpt>
      <trkpt lat="39.15298221784787" lon="117.77539041238336">
        <ele>3.7</ele>
        <time>2025-11-21T00:30:35Z</time>
      </trkpt>
      <trkpt lat="39.15295947291812" lon="117.77539391762609">
        <ele>3.7</ele>
        <time>2025-11-21T00:30:36Z</time>
      </trkpt>
      <trkpt lat="39.1529363177172" lon="117.77539818213307">
        <ele>3.7</ele>
        <time>2025-11-21T00:30:37Z</time>
      </trkpt>
      <trkpt lat="39.15291353089164" lon="117.77540245871884">
        <ele>3.7</ele>
        <time>2025-11-21T00:30:38Z</time>
      </trkpt>
      <trkpt lat="39.15288877023596" lon="117.77540683466422">
        <ele>3.7</ele>
        <time>2025-11-21T00:30:39Z</time>
      </trkpt>
      <trkpt lat="39.15286626237923" lon="117.77541059547116">
        <ele>3.7</ele>
        <time>2025-11-21T00:30:40Z</time>
      </trkpt>
      <trkpt lat="39.15284345769907" lon="117.7754143892081">
        <ele>3.7</ele>
        <time>2025-11-21T00:30:41Z</time>
      </trkpt>
      <trkpt lat="39.1528205787415" lon="117.77541818914072">
        <ele>3.7</ele>
        <time>2025-11-21T00:30:42Z</time>
      </trkpt>
      <trkpt lat="39.152798014630974" lon="117.77542162129198">
        <ele>3.7</ele>
        <time>2025-11-21T00:30:43Z</time>
      </trkpt>
      <trkpt lat="39.15277586847061" lon="117.77542445648436">
        <ele>3.7</ele>
        <time>2025-11-21T00:30:44Z</time>
      </trkpt>
      <trkpt lat="39.15275413424792" lon="117.77542647535807">
        <ele>3.7</ele>
        <time>2025-11-21T00:30:45Z</time>
      </trkpt>
      <trkpt lat="39.15273307215816" lon="117.7754278703531">
        <ele>3.7</ele>
        <time>2025-11-21T00:30:46Z</time>
      </trkpt>
      <trkpt lat="39.15270966440565" lon="117.7754288025462">
        <ele>3.7</ele>
        <time>2025-11-21T00:30:47Z</time>
      </trkpt>
      <trkpt lat="39.152688698674545" lon="117.77542899787292">
        <ele>3.7</ele>
        <time>2025-11-21T00:30:48Z</time>
      </trkpt>
      <trkpt lat="39.15266503390722" lon="117.7754285787869">
        <ele>3.7</ele>
        <time>2025-11-21T00:30:49Z</time>
      </trkpt>
      <trkpt lat="39.152643601156115" lon="117.77542732052885">
        <ele>3.7</ele>
        <time>2025-11-21T00:30:50Z</time>
      </trkpt>
      <trkpt lat="39.15262184456902" lon="117.77542483803197">
        <ele>3.7</ele>
        <time>2025-11-21T00:30:51Z</time>
      </trkpt>
      <trkpt lat="39.15260027703538" lon="117.77542074072757">
        <ele>3.7</ele>
        <time>2025-11-21T00:30:52Z</time>
      </trkpt>
      <trkpt lat="39.15257864564812" lon="117.77541555259886">
        <ele>3.7</ele>
        <time>2025-11-21T00:30:53Z</time>
      </trkpt>
      <trkpt lat="39.15255681927142" lon="117.77540977128933">
        <ele>3.7</ele>
        <time>2025-11-21T00:30:54Z</time>
      </trkpt>
      <trkpt lat="39.15253515360027" lon="117.77540281517979">
        <ele>3.7</ele>
        <time>2025-11-21T00:30:55Z</time>
      </trkpt>
      <trkpt lat="39.152513826019536" lon="117.77539483970617">
        <ele>3.7</ele>
        <time>2025-11-21T00:30:56Z</time>
      </trkpt>
      <trkpt lat="39.152493144476956" lon="117.77538594722454">
        <ele>3.7</ele>
        <time>2025-11-21T00:30:57Z</time>
      </trkpt>
      <trkpt lat="39.15247214529564" lon="117.7753764913299">
        <ele>3.7</ele>
        <time>2025-11-21T00:30:58Z</time>
      </trkpt>
      <trkpt lat="39.1524515116816" lon="117.77536749759287">
        <ele>3.7</ele>
        <time>2025-11-21T00:30:59Z</time>
      </trkpt>
      <trkpt lat="39.152428132621544" lon="117.77535809827783">
        <ele>3.7</ele>
        <time>2025-11-21T00:31:00Z</time>
      </trkpt>
      <trkpt lat="39.15240691829264" lon="117.77535015207565">
        <ele>3.7</ele>
        <time>2025-11-21T00:31:01Z</time>
      </trkpt>
      <trkpt lat="39.152384749087076" lon="117.7753421514898">
        <ele>3.7</ele>
        <time>2025-11-21T00:31:02Z</time>
      </trkpt>
      <trkpt lat="39.15236393967332" lon="117.77533526138309">
        <ele>3.7</ele>
        <time>2025-11-21T00:31:03Z</time>
      </trkpt>
      <trkpt lat="39.15234251289437" lon="117.77532884123696">
        <ele>3.7</ele>
        <time>2025-11-21T00:31:04Z</time>
      </trkpt>
      <trkpt lat="39.15231926808116" lon="117.77532236401699">
        <ele>3.7</ele>
        <time>2025-11-21T00:31:05Z</time>
      </trkpt>
      <trkpt lat="39.15229702920996" lon="117.7753161141842">
        <ele>3.7</ele>
        <time>2025-11-21T00:31:06Z</time>
      </trkpt>
      <trkpt lat="39.15227543843398" lon="117.77531001998783">
        <ele>3.7</ele>
        <time>2025-11-21T00:31:07Z</time>
      </trkpt>
      <trkpt lat="39.15225414520474" lon="117.77530443964024">
        <ele>3.7</ele>
        <time>2025-11-21T00:31:08Z</time>
      </trkpt>
      <trkpt lat="39.15223254502011" lon="117.77530015735547">
        <ele>3.7</ele>
        <time>2025-11-21T00:31:09Z</time>
      </trkpt>
      <trkpt lat="39.15221097094699" lon="117.77529714671131">
        <ele>3.7</ele>
        <time>2025-11-21T00:31:10Z</time>
      </trkpt>
      <trkpt lat="39.1521886586611" lon="117.77529533384707">
        <ele>3.7</ele>
        <time>2025-11-21T00:31:11Z</time>
      </trkpt>
      <trkpt lat="39.152166560515596" lon="117.77529412219776">
        <ele>3.7</ele>
        <time>2025-11-21T00:31:12Z</time>
      </trkpt>
      <trkpt lat="39.15214158455453" lon="117.77529360205686">
        <ele>3.7</ele>
        <time>2025-11-21T00:31:13Z</time>
      </trkpt>
      <trkpt lat="39.15211885745125" lon="117.77529430429497">
        <ele>3.7</ele>
        <time>2025-11-21T00:31:14Z</time>
      </trkpt>
      <trkpt lat="39.15209542179212" lon="117.77529569019775">
        <ele>3.7</ele>
        <time>2025-11-21T00:31:15Z</time>
      </trkpt>
      <trkpt lat="39.152074201364236" lon="117.77529760065082">
        <ele>3.7</ele>
        <time>2025-11-21T00:31:16Z</time>
      </trkpt>
      <trkpt lat="39.15205280481739" lon="117.77530033541079">
        <ele>3.7</ele>
        <time>2025-11-21T00:31:17Z</time>
      </trkpt>
      <trkpt lat="39.152030062381904" lon="117.7753040138123">
        <ele>3.7</ele>
        <time>2025-11-21T00:31:18Z</time>
      </trkpt>
      <trkpt lat="39.152007284368196" lon="117.77530901383783">
        <ele>3.7</ele>
        <time>2025-11-21T00:31:19Z</time>
      </trkpt>
      <trkpt lat="39.15198473713503" lon="117.77531471654856">
        <ele>3.7</ele>
        <time>2025-11-21T00:31:20Z</time>
      </trkpt>
      <trkpt lat="39.15196178786925" lon="117.77532135267155">
        <ele>3.7</ele>
        <time>2025-11-21T00:31:21Z</time>
      </trkpt>
      <trkpt lat="39.151939078305546" lon="117.77532730528809">
        <ele>3.7</ele>
        <time>2025-11-21T00:31:22Z</time>
      </trkpt>
      <trkpt lat="39.15191631690331" lon="117.77533231555566">
        <ele>3.7</ele>
        <time>2025-11-21T00:31:23Z</time>
      </trkpt>
      <trkpt lat="39.151893606168876" lon="117.77533588285684">
        <ele>3.7</ele>
        <time>2025-11-21T00:31:24Z</time>
      </trkpt>
      <trkpt lat="39.151870767041736" lon="117.77533864721391">
        <ele>3.7</ele>
        <time>2025-11-21T00:31:25Z</time>
      </trkpt>
      <trkpt lat="39.151847834354975" lon="117.77534065569823">
        <ele>3.7</ele>
        <time>2025-11-21T00:31:26Z</time>
      </trkpt>
      <trkpt lat="39.15182442787923" lon="117.77534176358654">
        <ele>3.7</ele>
        <time>2025-11-21T00:31:27Z</time>
      </trkpt>
      <trkpt lat="39.15180137346554" lon="117.77534188411589">
        <ele>3.7</ele>
        <time>2025-11-21T00:31:28Z</time>
      </trkpt>
      <trkpt lat="39.151776459833656" lon="117.77534040667557">
        <ele>3.7</ele>
        <time>2025-11-21T00:31:29Z</time>
      </trkpt>
      <trkpt lat="39.15175390467323" lon="117.77533708986745">
        <ele>3.7</ele>
        <time>2025-11-21T00:31:30Z</time>
      </trkpt>
      <trkpt lat="39.151731000998964" lon="117.77533243303223">
        <ele>3.7</ele>
        <time>2025-11-21T00:31:31Z</time>
      </trkpt>
      <trkpt lat="39.1517076321558" lon="117.77532684771333">
        <ele>3.7</ele>
        <time>2025-11-21T00:31:32Z</time>
      </trkpt>
      <trkpt lat="39.15168458915028" lon="117.77532091563963">
        <ele>3.7</ele>
        <time>2025-11-21T00:31:33Z</time>
      </trkpt>
      <trkpt lat="39.151659648277544" lon="117.77531396146448">
        <ele>3.7</ele>
        <time>2025-11-21T00:31:34Z</time>
      </trkpt>
      <trkpt lat="39.15163668275316" lon="117.7753065796264">
        <ele>3.7</ele>
        <time>2025-11-21T00:31:35Z</time>
      </trkpt>
      <trkpt lat="39.151612969966806" lon="117.77529786316164">
        <ele>3.7</ele>
        <time>2025-11-21T00:31:36Z</time>
      </trkpt>
      <trkpt lat="39.15158876896197" lon="117.77528713861399">
        <ele>3.7</ele>
        <time>2025-11-21T00:31:37Z</time>
      </trkpt>
      <trkpt lat="39.151564559481045" lon="117.77527438555825">
        <ele>3.7</ele>
        <time>2025-11-21T00:31:38Z</time>
      </trkpt>
      <trkpt lat="39.15154119779311" lon="117.77526353929096">
        <ele>3.7</ele>
        <time>2025-11-21T00:31:39Z</time>
      </trkpt>
      <trkpt lat="39.15151803564428" lon="117.7752555911123">
        <ele>3.7</ele>
        <time>2025-11-21T00:31:40Z</time>
      </trkpt>
      <trkpt lat="39.1514959572024" lon="117.77525072928962">
        <ele>3.7</ele>
        <time>2025-11-21T00:31:41Z</time>
      </trkpt>
      <trkpt lat="39.151474025319516" lon="117.77524558837905">
        <ele>3.7</ele>
        <time>2025-11-21T00:31:42Z</time>
      </trkpt>
      <trkpt lat="39.15145208659678" lon="117.77524034186615">
        <ele>3.7</ele>
        <time>2025-11-21T00:31:43Z</time>
      </trkpt>
      <trkpt lat="39.15143005588913" lon="117.77523517539576">
        <ele>3.7</ele>
        <time>2025-11-21T00:31:44Z</time>
      </trkpt>
      <trkpt lat="39.15140791788884" lon="117.77523027565921">
        <ele>3.7</ele>
        <time>2025-11-21T00:31:45Z</time>
      </trkpt>
      <trkpt lat="39.151385155505885" lon="117.77522572621652">
        <ele>3.7</ele>
        <time>2025-11-21T00:31:46Z</time>
      </trkpt>
      <trkpt lat="39.15136230687275" lon="117.77522163565561">
        <ele>3.7</ele>
        <time>2025-11-21T00:31:47Z</time>
      </trkpt>
      <trkpt lat="39.15133627978378" lon="117.77521775136985">
        <ele>3.7</ele>
        <time>2025-11-21T00:31:48Z</time>
      </trkpt>
      <trkpt lat="39.15131366657615" lon="117.7752148050628">
        <ele>3.7</ele>
        <time>2025-11-21T00:31:49Z</time>
      </trkpt>
      <trkpt lat="39.1512883381699" lon="117.7752122400679">
        <ele>3.7</ele>
        <time>2025-11-21T00:31:50Z</time>
      </trkpt>
      <trkpt lat="39.15126606130695" lon="117.77521062644206">
        <ele>3.7</ele>
        <time>2025-11-21T00:31:51Z</time>
      </trkpt>
      <trkpt lat="39.15124347068041" lon="117.77520959156705">
        <ele>3.7</ele>
        <time>2025-11-21T00:31:52Z</time>
      </trkpt>
      <trkpt lat="39.15122046233086" lon="117.77520909276048">
        <ele>3.7</ele>
        <time>2025-11-21T00:31:53Z</time>
      </trkpt>
      <trkpt lat="39.15119729435858" lon="117.77520906765882">
        <ele>3.7</ele>
        <time>2025-11-21T00:31:54Z</time>
      </trkpt>
      <trkpt lat="39.15117397367417" lon="117.77520945274568">
        <ele>3.7</ele>
        <time>2025-11-21T00:31:55Z</time>
      </trkpt>
      <trkpt lat="39.15115069018726" lon="117.77521017961458">
        <ele>3.7</ele>
        <time>2025-11-21T00:31:56Z</time>
      </trkpt>
      <trkpt lat="39.15112711376483" lon="117.77521107823677">
        <ele>3.7</ele>
        <time>2025-11-21T00:31:57Z</time>
      </trkpt>
      <trkpt lat="39.15110342578217" lon="117.77521203793967">
        <ele>3.7</ele>
        <time>2025-11-21T00:31:58Z</time>
      </trkpt>
      <trkpt lat="39.15107942932137" lon="117.77521294777756">
        <ele>3.7</ele>
        <time>2025-11-21T00:31:59Z</time>
      </trkpt>
      <trkpt lat="39.15105537601943" lon="117.7752137466017">
        <ele>3.7</ele>
        <time>2025-11-21T00:32:00Z</time>
      </trkpt>
      <trkpt lat="39.15103114895913" lon="117.77521437075102">
        <ele>3.7</ele>
        <time>2025-11-21T00:32:01Z</time>
      </trkpt>
      <trkpt lat="39.15100668969192" lon="117.77521479965561">
        <ele>3.7</ele>
        <time>2025-11-21T00:32:02Z</time>
      </trkpt>
      <trkpt lat="39.1509826029832" lon="117.77521508145934">
        <ele>3.7</ele>
        <time>2025-11-21T00:32:03Z</time>
      </trkpt>
      <trkpt lat="39.15095828685895" lon="117.77521516969074">
        <ele>3.7</ele>
        <time>2025-11-21T00:32:04Z</time>
      </trkpt>
      <trkpt lat="39.15093772522149" lon="117.77521539897148">
        <ele>3.7</ele>
        <time>2025-11-21T00:32:05Z</time>
      </trkpt>
      <trkpt lat="39.15091446982222" lon="117.77521521028137">
        <ele>3.7</ele>
        <time>2025-11-21T00:32:06Z</time>
      </trkpt>
      <trkpt lat="39.150898369473104" lon="117.77521566668031">
        <ele>3.7</ele>
        <time>2025-11-21T00:32:07Z</time>
      </trkpt>
      <trkpt lat="39.15088127776988" lon="117.77521536789524">
        <ele>3.7</ele>
        <time>2025-11-21T00:32:08Z</time>
      </trkpt>
      <trkpt lat="39.15086621103877" lon="117.77521519906868">
        <ele>3.7</ele>
        <time>2025-11-21T00:32:09Z</time>
      </trkpt>
      <trkpt lat="39.15084423423145" lon="117.77521434123533">
        <ele>3.7</ele>
        <time>2025-11-21T00:32:10Z</time>
      </trkpt>
      <trkpt lat="39.150823134174246" lon="117.7752137559256">
        <ele>3.7</ele>
        <time>2025-11-21T00:32:11Z</time>
      </trkpt>
      <trkpt lat="39.150802986639704" lon="117.77521412640431">
        <ele>3.7</ele>
        <time>2025-11-21T00:32:12Z</time>
      </trkpt>
      <trkpt lat="39.15078886042644" lon="117.77521278585145">
        <ele>3.7</ele>
        <time>2025-11-21T00:32:13Z</time>
      </trkpt>
      <trkpt lat="39.1507709619784" lon="117.7752109108083">
        <ele>3.7</ele>
        <time>2025-11-21T00:32:14Z</time>
      </trkpt>
      <trkpt lat="39.15075151518477" lon="117.77520731175981">
        <ele>3.7</ele>
        <time>2025-11-21T00:32:15Z</time>
      </trkpt>
      <trkpt lat="39.15072562822996" lon="117.77520441540966">
        <ele>3.7</ele>
        <time>2025-11-21T00:32:16Z</time>
      </trkpt>
      <trkpt lat="39.15069998666285" lon="117.77520108292592">
        <ele>3.7</ele>
        <time>2025-11-21T00:32:17Z</time>
      </trkpt>
      <trkpt lat="39.150675161541564" lon="117.77519734814962">
        <ele>3.7</ele>
        <time>2025-11-21T00:32:18Z</time>
      </trkpt>
      <trkpt lat="39.15065083244412" lon="117.77519322021604">
        <ele>3.7</ele>
        <time>2025-11-21T00:32:19Z</time>
      </trkpt>
      <trkpt lat="39.15062620413471" lon="117.77518832914214">
        <ele>3.7</ele>
        <time>2025-11-21T00:32:20Z</time>
      </trkpt>
      <trkpt lat="39.15060187438962" lon="117.77518291343642">
        <ele>3.7</ele>
        <time>2025-11-21T00:32:21Z</time>
      </trkpt>
      <trkpt lat="39.15057436721778" lon="117.7751744948242">
        <ele>3.7</ele>
        <time>2025-11-21T00:32:22Z</time>
      </trkpt>
      <trkpt lat="39.15054941324785" lon="117.77516601598299">
        <ele>3.7</ele>
        <time>2025-11-21T00:32:23Z</time>
      </trkpt>
      <trkpt lat="39.15052492957584" lon="117.77515582228536">
        <ele>3.7</ele>
        <time>2025-11-21T00:32:24Z</time>
      </trkpt>
      <trkpt lat="39.15050418526195" lon="117.77514697904843">
        <ele>3.7</ele>
        <time>2025-11-21T00:32:25Z</time>
      </trkpt>
      <trkpt lat="39.15048447954409" lon="117.77513796187968">
        <ele>3.7</ele>
        <time>2025-11-21T00:32:26Z</time>
      </trkpt>
      <trkpt lat="39.15046549591111" lon="117.77513075732098">
        <ele>3.7</ele>
        <time>2025-11-21T00:32:27Z</time>
      </trkpt>
      <trkpt lat="39.1504453572151" lon="117.7751260070455">
        <ele>3.7</ele>
        <time>2025-11-21T00:32:28Z</time>
      </trkpt>
      <trkpt lat="39.15042825949664" lon="117.77512417859546">
        <ele>3.7</ele>
        <time>2025-11-21T00:32:29Z</time>
      </trkpt>
      <trkpt lat="39.15041317773681" lon="117.77512246081487">
        <ele>3.7</ele>
        <time>2025-11-21T00:32:30Z</time>
      </trkpt>
      <trkpt lat="39.15040311264703" lon="117.77512011177431">
        <ele>3.7</ele>
        <time>2025-11-21T00:32:31Z</time>
      </trkpt>
      <trkpt lat="39.15039285614302" lon="117.77511540070132">
        <ele>3.7</ele>
        <time>2025-11-21T00:32:32Z</time>
      </trkpt>
      <trkpt lat="39.15038183694557" lon="117.77511074822684">
        <ele>3.7</ele>
        <time>2025-11-21T00:32:33Z</time>
      </trkpt>
      <trkpt lat="39.15036882428506" lon="117.77510621919923">
        <ele>3.7</ele>
        <time>2025-11-21T00:32:34Z</time>
      </trkpt>
      <trkpt lat="39.1503553360618" lon="117.77510254090402">
        <ele>3.7</ele>
        <time>2025-11-21T00:32:35Z</time>
      </trkpt>
      <trkpt lat="39.15034186069252" lon="117.77509950108453">
        <ele>3.7</ele>
        <time>2025-11-21T00:32:36Z</time>
      </trkpt>
      <trkpt lat="39.15032997471557" lon="117.7750970516545">
        <ele>3.7</ele>
        <time>2025-11-21T00:32:37Z</time>
      </trkpt>
      <trkpt lat="39.15031749847457" lon="117.7750940486139">
        <ele>3.7</ele>
        <time>2025-11-21T00:32:38Z</time>
      </trkpt>
      <trkpt lat="39.150305228961315" lon="117.77509072215062">
        <ele>3.7</ele>
        <time>2025-11-21T00:32:39Z</time>
      </trkpt>
      <trkpt lat="39.15029160105412" lon="117.77508685428651">
        <ele>3.7</ele>
        <time>2025-11-21T00:32:40Z</time>
      </trkpt>
      <trkpt lat="39.15027967746364" lon="117.7750840604858">
        <ele>3.7</ele>
        <time>2025-11-21T00:32:41Z</time>
      </trkpt>
      <trkpt lat="39.15026728187989" lon="117.77508142211548">
        <ele>3.7</ele>
        <time>2025-11-21T00:32:42Z</time>
      </trkpt>
      <trkpt lat="39.15025453155091" lon="117.77507864806236">
        <ele>3.7</ele>
        <time>2025-11-21T00:32:43Z</time>
      </trkpt>
      <trkpt lat="39.15024059393014" lon="117.77507499967675">
        <ele>3.7</ele>
        <time>2025-11-21T00:32:44Z</time>
      </trkpt>
      <trkpt lat="39.150226886645456" lon="117.77507086019148">
        <ele>3.7</ele>
        <time>2025-11-21T00:32:45Z</time>
      </trkpt>
      <trkpt lat="39.15021484756828" lon="117.77506682610574">
        <ele>3.7</ele>
        <time>2025-11-21T00:32:46Z</time>
      </trkpt>
      <trkpt lat="39.15020225424804" lon="117.77506257682197">
        <ele>3.7</ele>
        <time>2025-11-21T00:32:47Z</time>
      </trkpt>
      <trkpt lat="39.15018967501134" lon="117.7750589104835">
        <ele>3.7</ele>
        <time>2025-11-21T00:32:48Z</time>
      </trkpt>
      <trkpt lat="39.150175364065205" lon="117.77505557085225">
        <ele>3.7</ele>
        <time>2025-11-21T00:32:49Z</time>
      </trkpt>
      <trkpt lat="39.15016240535488" lon="117.77505412158627">
        <ele>3.7</ele>
        <time>2025-11-21T00:32:50Z</time>
      </trkpt>
      <trkpt lat="39.15015015928029" lon="117.7750540690473">
        <ele>3.7</ele>
        <time>2025-11-21T00:32:51Z</time>
      </trkpt>
      <trkpt lat="39.15014071100572" lon="117.77505495042818">
        <ele>3.7</ele>
        <time>2025-11-21T00:32:52Z</time>
      </trkpt>
      <trkpt lat="39.15013047941059" lon="117.77505596424547">
        <ele>3.7</ele>
        <time>2025-11-21T00:32:53Z</time>
      </trkpt>
      <trkpt lat="39.150119700126666" lon="117.7750571171103">
        <ele>3.7</ele>
        <time>2025-11-21T00:32:54Z</time>
      </trkpt>
      <trkpt lat="39.150106608973964" lon="117.77505867586505">
        <ele>3.7</ele>
        <time>2025-11-21T00:32:55Z</time>
      </trkpt>
      <trkpt lat="39.15009381916267" lon="117.7750603031979">
        <ele>3.7</ele>
        <time>2025-11-21T00:32:56Z</time>
      </trkpt>
      <trkpt lat="39.15008115858576" lon="117.7750620198818">
        <ele>3.7</ele>
        <time>2025-11-21T00:32:57Z</time>
      </trkpt>
      <trkpt lat="39.1500704574496" lon="117.77506355807701">
        <ele>3.7</ele>
        <time>2025-11-21T00:32:58Z</time>
      </trkpt>
      <trkpt lat="39.150059164273586" lon="117.77506521842369">
        <ele>3.7</ele>
        <time>2025-11-21T00:32:59Z</time>
      </trkpt>
      <trkpt lat="39.15004748247443" lon="117.77506694104054">
        <ele>3.7</ele>
        <time>2025-11-21T00:33:00Z</time>
      </trkpt>
      <trkpt lat="39.1500335422787" lon="117.77506896428496">
        <ele>3.7</ele>
        <time>2025-11-21T00:33:01Z</time>
      </trkpt>
      <trkpt lat="39.15001982920349" lon="117.77507096123135">
        <ele>3.7</ele>
        <time>2025-11-21T00:33:02Z</time>
      </trkpt>
      <trkpt lat="39.15000660142408" lon="117.77507292854699">
        <ele>3.7</ele>
        <time>2025-11-21T00:33:03Z</time>
      </trkpt>
      <trkpt lat="39.149993777386406" lon="117.77507490388037">
        <ele>3.7</ele>
        <time>2025-11-21T00:33:04Z</time>
      </trkpt>
      <trkpt lat="39.14998300643941" lon="117.77507664395381">
        <ele>3.7</ele>
        <time>2025-11-21T00:33:05Z</time>
      </trkpt>
      <trkpt lat="39.1499716000745" lon="117.77507846693128">
        <ele>3.7</ele>
        <time>2025-11-21T00:33:06Z</time>
      </trkpt>
      <trkpt lat="39.149960005615" lon="117.77508024872071">
        <ele>3.7</ele>
        <time>2025-11-21T00:33:07Z</time>
      </trkpt>
      <trkpt lat="39.14994641708902" lon="117.7750822012576">
        <ele>3.7</ele>
        <time>2025-11-21T00:33:08Z</time>
      </trkpt>
      <trkpt lat="39.1499335900278" lon="117.77508392834814">
        <ele>3.7</ele>
        <time>2025-11-21T00:33:09Z</time>
      </trkpt>
      <trkpt lat="39.149921015335" lon="117.77508552103174">
        <ele>3.7</ele>
        <time>2025-11-21T00:33:10Z</time>
      </trkpt>
      <trkpt lat="39.14991068513372" lon="117.77508675392336">
        <ele>3.7</ele>
        <time>2025-11-21T00:33:11Z</time>
      </trkpt>
      <trkpt lat="39.14990003628117" lon="117.77508804513967">
        <ele>3.7</ele>
        <time>2025-11-21T00:33:12Z</time>
      </trkpt>
      <trkpt lat="39.1498893398169" lon="117.77508940111863">
        <ele>3.7</ele>
        <time>2025-11-21T00:33:13Z</time>
      </trkpt>
      <trkpt lat="39.149876886142025" lon="117.77509106663483">
        <ele>3.7</ele>
        <time>2025-11-21T00:33:14Z</time>
      </trkpt>
      <trkpt lat="39.149864742418" lon="117.7750927444838">
        <ele>3.7</ele>
        <time>2025-11-21T00:33:15Z</time>
      </trkpt>
      <trkpt lat="39.14985464900184" lon="117.77509416251675">
        <ele>3.7</ele>
        <time>2025-11-21T00:33:16Z</time>
      </trkpt>
      <trkpt lat="39.14984398857926" lon="117.77509563166059">
        <ele>3.7</ele>
        <time>2025-11-21T00:33:17Z</time>
      </trkpt>
      <trkpt lat="39.14983278741147" lon="117.77509709075026">
        <ele>3.7</ele>
        <time>2025-11-21T00:33:18Z</time>
      </trkpt>
      <trkpt lat="39.149819235802354" lon="117.77509866408903">
        <ele>3.7</ele>
        <time>2025-11-21T00:33:19Z</time>
      </trkpt>
      <trkpt lat="39.149805758760856" lon="117.77509991749646">
        <ele>3.7</ele>
        <time>2025-11-21T00:33:20Z</time>
      </trkpt>
      <trkpt lat="39.149791116903266" lon="117.77510067116015">
        <ele>3.7</ele>
        <time>2025-11-21T00:33:21Z</time>
      </trkpt>
      <trkpt lat="39.14977704814173" lon="117.77510062793773">
        <ele>3.7</ele>
        <time>2025-11-21T00:33:22Z</time>
      </trkpt>
      <trkpt lat="39.1497616080946" lon="117.77510005371482">
        <ele>3.7</ele>
        <time>2025-11-21T00:33:23Z</time>
      </trkpt>
      <trkpt lat="39.14974549581219" lon="117.77509858501104">
        <ele>3.7</ele>
        <time>2025-11-21T00:33:24Z</time>
      </trkpt>
      <trkpt lat="39.14972636520739" lon="117.77509632618279">
        <ele>3.7</ele>
        <time>2025-11-21T00:33:25Z</time>
      </trkpt>
      <trkpt lat="39.14970348407062" lon="117.77509194203172">
        <ele>3.7</ele>
        <time>2025-11-21T00:33:26Z</time>
      </trkpt>
      <trkpt lat="39.149678487618274" lon="117.77508689745575">
        <ele>3.7</ele>
        <time>2025-11-21T00:33:27Z</time>
      </trkpt>
      <trkpt lat="39.14965192371519" lon="117.77508071550915">
        <ele>3.7</ele>
        <time>2025-11-21T00:33:28Z</time>
      </trkpt>
      <trkpt lat="39.14962437407888" lon="117.77507394520873">
        <ele>3.7</ele>
        <time>2025-11-21T00:33:29Z</time>
      </trkpt>
      <trkpt lat="39.149597033961285" lon="117.77506510936627">
        <ele>3.7</ele>
        <time>2025-11-21T00:33:30Z</time>
      </trkpt>
      <trkpt lat="39.14957024783374" lon="117.77505474022577">
        <ele>3.7</ele>
        <time>2025-11-21T00:33:31Z</time>
      </trkpt>
      <trkpt lat="39.14954377306459" lon="117.77504245560536">
        <ele>3.7</ele>
        <time>2025-11-21T00:33:32Z</time>
      </trkpt>
      <trkpt lat="39.14951785722955" lon="117.7750301337094">
        <ele>3.7</ele>
        <time>2025-11-21T00:33:33Z</time>
      </trkpt>
      <trkpt lat="39.14948963826211" lon="117.77501756273561">
        <ele>3.7</ele>
        <time>2025-11-21T00:33:34Z</time>
      </trkpt>
      <trkpt lat="39.14946327104757" lon="117.77500693007823">
        <ele>3.7</ele>
        <time>2025-11-21T00:33:35Z</time>
      </trkpt>
      <trkpt lat="39.149436290983004" lon="117.77499718890348">
        <ele>3.7</ele>
        <time>2025-11-21T00:33:36Z</time>
      </trkpt>
      <trkpt lat="39.149408999994534" lon="117.77498858342581">
        <ele>3.7</ele>
        <time>2025-11-21T00:33:37Z</time>
      </trkpt>
      <trkpt lat="39.14938187783365" lon="117.77498127929664">
        <ele>3.7</ele>
        <time>2025-11-21T00:33:38Z</time>
      </trkpt>
      <trkpt lat="39.14935445822241" lon="117.77497508499131">
        <ele>3.7</ele>
        <time>2025-11-21T00:33:39Z</time>
      </trkpt>
      <trkpt lat="39.14932946425294" lon="117.77497059734583">
        <ele>3.7</ele>
        <time>2025-11-21T00:33:40Z</time>
      </trkpt>
      <trkpt lat="39.14930279518752" lon="117.77496554076679">
        <ele>3.7</ele>
        <time>2025-11-21T00:33:41Z</time>
      </trkpt>
      <trkpt lat="39.149277143767534" lon="117.7749607962482">
        <ele>3.7</ele>
        <time>2025-11-21T00:33:42Z</time>
      </trkpt>
      <trkpt lat="39.149251894948364" lon="117.77495641399759">
        <ele>3.7</ele>
        <time>2025-11-21T00:33:43Z</time>
      </trkpt>
      <trkpt lat="39.14922648491088" lon="117.77495425348424">
        <ele>3.7</ele>
        <time>2025-11-21T00:33:44Z</time>
      </trkpt>
      <trkpt lat="39.149200624926934" lon="117.77495420171775">
        <ele>3.7</ele>
        <time>2025-11-21T00:33:45Z</time>
      </trkpt>
      <trkpt lat="39.149174280656226" lon="117.77495625015898">
        <ele>3.7</ele>
        <time>2025-11-21T00:33:46Z</time>
      </trkpt>
      <trkpt lat="39.14914745093164" lon="117.7749595409209">
        <ele>3.7</ele>
        <time>2025-11-21T00:33:47Z</time>
      </trkpt>
      <trkpt lat="39.14912037339635" lon="117.77496316275692">
        <ele>3.7</ele>
        <time>2025-11-21T00:33:48Z</time>
      </trkpt>
      <trkpt lat="39.14909313530574" lon="117.77496710518007">
        <ele>3.7</ele>
        <time>2025-11-21T00:33:49Z</time>
      </trkpt>
      <trkpt lat="39.14906598093679" lon="117.77497177351862">
        <ele>3.7</ele>
        <time>2025-11-21T00:33:50Z</time>
      </trkpt>
      <trkpt lat="39.149038786090735" lon="117.77497681752678">
        <ele>3.7</ele>
        <time>2025-11-21T00:33:51Z</time>
      </trkpt>
      <trkpt lat="39.14901179052912" lon="117.7749816580934">
        <ele>3.7</ele>
        <time>2025-11-21T00:33:52Z</time>
      </trkpt>
      <trkpt lat="39.14898471528173" lon="117.77498619069901">
        <ele>3.7</ele>
        <time>2025-11-21T00:33:53Z</time>
      </trkpt>
      <trkpt lat="39.148957903014335" lon="117.77499011891082">
        <ele>3.7</ele>
        <time>2025-11-21T00:33:54Z</time>
      </trkpt>
      <trkpt lat="39.14893063491818" lon="117.77499315748035">
        <ele>3.7</ele>
        <time>2025-11-21T00:33:55Z</time>
      </trkpt>
      <trkpt lat="39.14890563430648" lon="117.77499446196069">
        <ele>3.7</ele>
        <time>2025-11-21T00:33:56Z</time>
      </trkpt>
      <trkpt lat="39.148878447500564" lon="117.77499434682264">
        <ele>3.7</ele>
        <time>2025-11-21T00:33:57Z</time>
      </trkpt>
      <trkpt lat="39.14885195795031" lon="117.77499310393937">
        <ele>3.7</ele>
        <time>2025-11-21T00:33:58Z</time>
      </trkpt>
      <trkpt lat="39.148825671314526" lon="117.77499098013935">
        <ele>3.7</ele>
        <time>2025-11-21T00:33:59Z</time>
      </trkpt>
      <trkpt lat="39.148799847709576" lon="117.77498796914803">
        <ele>3.7</ele>
        <time>2025-11-21T00:34:00Z</time>
      </trkpt>
      <trkpt lat="39.1487743273455" lon="117.77498402220552">
        <ele>3.7</ele>
        <time>2025-11-21T00:34:01Z</time>
      </trkpt>
      <trkpt lat="39.148749195123635" lon="117.77497920651291">
        <ele>3.7</ele>
        <time>2025-11-21T00:34:02Z</time>
      </trkpt>
      <trkpt lat="39.14872432012209" lon="117.77497293343112">
        <ele>3.7</ele>
        <time>2025-11-21T00:34:03Z</time>
      </trkpt>
      <trkpt lat="39.14869960910579" lon="117.77496542335453">
        <ele>3.7</ele>
        <time>2025-11-21T00:34:04Z</time>
      </trkpt>
      <trkpt lat="39.148675163810864" lon="117.77495661576441">
        <ele>3.7</ele>
        <time>2025-11-21T00:34:05Z</time>
      </trkpt>
      <trkpt lat="39.14865089183693" lon="117.77494619234066">
        <ele>3.7</ele>
        <time>2025-11-21T00:34:06Z</time>
      </trkpt>
      <trkpt lat="39.14862694999761" lon="117.77493483490024">
        <ele>3.7</ele>
        <time>2025-11-21T00:34:07Z</time>
      </trkpt>
      <trkpt lat="39.1486031186332" lon="117.77492244119061">
        <ele>3.7</ele>
        <time>2025-11-21T00:34:08Z</time>
      </trkpt>
      <trkpt lat="39.14857940927124" lon="117.77490920794153">
        <ele>3.7</ele>
        <time>2025-11-21T00:34:09Z</time>
      </trkpt>
      <trkpt lat="39.14855581885642" lon="117.77489592336745">
        <ele>3.7</ele>
        <time>2025-11-21T00:34:10Z</time>
      </trkpt>
      <trkpt lat="39.14853193732127" lon="117.77488266876816">
        <ele>3.7</ele>
        <time>2025-11-21T00:34:11Z</time>
      </trkpt>
      <trkpt lat="39.148509953435685" lon="117.77487105391089">
        <ele>3.7</ele>
        <time>2025-11-21T00:34:12Z</time>
      </trkpt>
      <trkpt lat="39.14848565675976" lon="117.77485893371">
        <ele>3.7</ele>
        <time>2025-11-21T00:34:13Z</time>
      </trkpt>
      <trkpt lat="39.148461330762025" lon="117.77484827970915">
        <ele>3.7</ele>
        <time>2025-11-21T00:34:14Z</time>
      </trkpt>
      <trkpt lat="39.14843669872308" lon="117.77483902046752">
        <ele>3.7</ele>
        <time>2025-11-21T00:34:15Z</time>
      </trkpt>
      <trkpt lat="39.14841165276774" lon="117.7748320103735">
        <ele>3.7</ele>
        <time>2025-11-21T00:34:16Z</time>
      </trkpt>
      <trkpt lat="39.14838625195956" lon="117.77482695315118">
        <ele>3.7</ele>
        <time>2025-11-21T00:34:17Z</time>
      </trkpt>
      <trkpt lat="39.148360643893604" lon="117.7748238340554">
        <ele>3.7</ele>
        <time>2025-11-21T00:34:18Z</time>
      </trkpt>
      <trkpt lat="39.14833496186572" lon="117.77482246946262">
        <ele>3.7</ele>
        <time>2025-11-21T00:34:19Z</time>
      </trkpt>
      <trkpt lat="39.14830947958408" lon="117.7748214758315">
        <ele>3.7</ele>
        <time>2025-11-21T00:34:20Z</time>
      </trkpt>
      <trkpt lat="39.14828432315633" lon="117.77482038782527">
        <ele>3.7</ele>
        <time>2025-11-21T00:34:21Z</time>
      </trkpt>
      <trkpt lat="39.14825957386051" lon="117.77481879456735">
        <ele>3.7</ele>
        <time>2025-11-21T00:34:22Z</time>
      </trkpt>
      <trkpt lat="39.14823538708535" lon="117.7748167842277">
        <ele>3.7</ele>
        <time>2025-11-21T00:34:23Z</time>
      </trkpt>
      <trkpt lat="39.14821179726001" lon="117.77481440683275">
        <ele>3.7</ele>
        <time>2025-11-21T00:34:24Z</time>
      </trkpt>
      <trkpt lat="39.148188555566" lon="117.77481167287598">
        <ele>3.7</ele>
        <time>2025-11-21T00:34:25Z</time>
      </trkpt>
      <trkpt lat="39.14816596451076" lon="117.77480900428367">
        <ele>3.7</ele>
        <time>2025-11-21T00:34:26Z</time>
      </trkpt>
      <trkpt lat="39.148141554801896" lon="117.77480594248868">
        <ele>3.7</ele>
        <time>2025-11-21T00:34:27Z</time>
      </trkpt>
      <trkpt lat="39.14811943909516" lon="117.77480234903966">
        <ele>3.7</ele>
        <time>2025-11-21T00:34:28Z</time>
      </trkpt>
      <trkpt lat="39.148097184857455" lon="117.7747972462277">
        <ele>3.7</ele>
        <time>2025-11-21T00:34:29Z</time>
      </trkpt>
      <trkpt lat="39.148075023736716" lon="117.77479026283333">
        <ele>3.7</ele>
        <time>2025-11-21T00:34:30Z</time>
      </trkpt>
      <trkpt lat="39.14805298284785" lon="117.77478266968849">
        <ele>3.7</ele>
        <time>2025-11-21T00:34:31Z</time>
      </trkpt>
      <trkpt lat="39.148030848163074" lon="117.77477475572081">
        <ele>3.9</ele>
        <time>2025-11-21T00:34:32Z</time>
      </trkpt>
      <trkpt lat="39.14800840832567" lon="117.77476674839495">
        <ele>3.9</ele>
        <time>2025-11-21T00:34:33Z</time>
      </trkpt>
      <trkpt lat="39.1479858507686" lon="117.77475820943408">
        <ele>3.9</ele>
        <time>2025-11-21T00:34:34Z</time>
      </trkpt>
      <trkpt lat="39.147963376043776" lon="117.77474934980873">
        <ele>3.9</ele>
        <time>2025-11-21T00:34:35Z</time>
      </trkpt>
      <trkpt lat="39.14794146599837" lon="117.77473980044276">
        <ele>3.9</ele>
        <time>2025-11-21T00:34:36Z</time>
      </trkpt>
      <trkpt lat="39.14792013536121" lon="117.77472967435344">
        <ele>3.9</ele>
        <time>2025-11-21T00:34:37Z</time>
      </trkpt>
      <trkpt lat="39.14789915456207" lon="117.77471856719296">
        <ele>3.9</ele>
        <time>2025-11-21T00:34:38Z</time>
      </trkpt>
      <trkpt lat="39.14787874205785" lon="117.7747062839346">
        <ele>3.9</ele>
        <time>2025-11-21T00:34:39Z</time>
      </trkpt>
      <trkpt lat="39.14785888905417" lon="117.77469310551102">
        <ele>3.9</ele>
        <time>2025-11-21T00:34:40Z</time>
      </trkpt>
      <trkpt lat="39.147839724459715" lon="117.77467957231602">
        <ele>3.9</ele>
        <time>2025-11-21T00:34:41Z</time>
      </trkpt>
      <trkpt lat="39.14782119767908" lon="117.77466518490587">
        <ele>3.9</ele>
        <time>2025-11-21T00:34:42Z</time>
      </trkpt>
      <trkpt lat="39.14780354897386" lon="117.77465107737086">
        <ele>3.9</ele>
        <time>2025-11-21T00:34:43Z</time>
      </trkpt>
      <trkpt lat="39.14778463033954" lon="117.77463521171214">
        <ele>3.9</ele>
        <time>2025-11-21T00:34:44Z</time>
      </trkpt>
      <trkpt lat="39.14776767328895" lon="117.77462116987559">
        <ele>3.9</ele>
        <time>2025-11-21T00:34:45Z</time>
      </trkpt>
      <trkpt lat="39.147749847153754" lon="117.77460707811821">
        <ele>3.9</ele>
        <time>2025-11-21T00:34:46Z</time>
      </trkpt>
      <trkpt lat="39.147731392467065" lon="117.77459353405276">
        <ele>3.9</ele>
        <time>2025-11-21T00:34:47Z</time>
      </trkpt>
      <trkpt lat="39.14771217650727" lon="117.77457942800223">
        <ele>3.9</ele>
        <time>2025-11-21T00:34:48Z</time>
      </trkpt>
      <trkpt lat="39.14769259248484" lon="117.77456469816431">
        <ele>3.9</ele>
        <time>2025-11-21T00:34:49Z</time>
      </trkpt>
      <trkpt lat="39.14767263945521" lon="117.77454940675803">
        <ele>3.9</ele>
        <time>2025-11-21T00:34:50Z</time>
      </trkpt>
      <trkpt lat="39.14765247980201" lon="117.77453485326929">
        <ele>3.9</ele>
        <time>2025-11-21T00:34:51Z</time>
      </trkpt>
      <trkpt lat="39.1476319555481" lon="117.77452186662543">
        <ele>4.1</ele>
        <time>2025-11-21T00:34:52Z</time>
      </trkpt>
      <trkpt lat="39.1476108936403" lon="117.7745111979809">
        <ele>4.1</ele>
        <time>2025-11-21T00:34:53Z</time>
      </trkpt>
      <trkpt lat="39.147589439662546" lon="117.7745023730324">
        <ele>4.1</ele>
        <time>2025-11-21T00:34:54Z</time>
      </trkpt>
      <trkpt lat="39.14756783582284" lon="117.77449500976796">
        <ele>4.1</ele>
        <time>2025-11-21T00:34:55Z</time>
      </trkpt>
      <trkpt lat="39.147545986363404" lon="117.77448911634552">
        <ele>4.1</ele>
        <time>2025-11-21T00:34:56Z</time>
      </trkpt>
      <trkpt lat="39.14752467725478" lon="117.77448423359678">
        <ele>4.1</ele>
        <time>2025-11-21T00:34:57Z</time>
      </trkpt>
      <trkpt lat="39.147501226564096" lon="117.77448031256795">
        <ele>4.1</ele>
        <time>2025-11-21T00:34:58Z</time>
      </trkpt>
      <trkpt lat="39.147480358902406" lon="117.77447854972273">
        <ele>4.1</ele>
        <time>2025-11-21T00:34:59Z</time>
      </trkpt>
      <trkpt lat="39.14745719434023" lon="117.77447834538724">
        <ele>4.1</ele>
        <time>2025-11-21T00:35:00Z</time>
      </trkpt>
      <trkpt lat="39.14743647872607" lon="117.77447979595372">
        <ele>4.1</ele>
        <time>2025-11-21T00:35:01Z</time>
      </trkpt>
      <trkpt lat="39.147415621633456" lon="117.7744827593437">
        <ele>4.1</ele>
        <time>2025-11-21T00:35:02Z</time>
      </trkpt>
      <trkpt lat="39.14739495804048" lon="117.77448744833978">
        <ele>4.1</ele>
        <time>2025-11-21T00:35:03Z</time>
      </trkpt>
      <trkpt lat="39.147374265624755" lon="117.774493673711">
        <ele>4.1</ele>
        <time>2025-11-21T00:35:04Z</time>
      </trkpt>
      <trkpt lat="39.14735360064505" lon="117.77450104629469">
        <ele>4.1</ele>
        <time>2025-11-21T00:35:05Z</time>
      </trkpt>
      <trkpt lat="39.14733314261191" lon="117.77450977727281">
        <ele>4.1</ele>
        <time>2025-11-21T00:35:06Z</time>
      </trkpt>
      <trkpt lat="39.147312954957556" lon="117.77451883684242">
        <ele>4.1</ele>
        <time>2025-11-21T00:35:07Z</time>
      </trkpt>
      <trkpt lat="39.14729279334374" lon="117.774528016288">
        <ele>4.1</ele>
        <time>2025-11-21T00:35:08Z</time>
      </trkpt>
      <trkpt lat="39.14727244655582" lon="117.77453727203837">
        <ele>4.1</ele>
        <time>2025-11-21T00:35:09Z</time>
      </trkpt>
      <trkpt lat="39.1472515525153" lon="117.77454601307359">
        <ele>4.1</ele>
        <time>2025-11-21T00:35:10Z</time>
      </trkpt>
      <trkpt lat="39.147230184360836" lon="117.77455375768308">
        <ele>4.1</ele>
        <time>2025-11-21T00:35:11Z</time>
      </trkpt>
      <trkpt lat="39.14720803970007" lon="117.77455956038571">
        <ele>4.1</ele>
        <time>2025-11-21T00:35:12Z</time>
      </trkpt>
      <trkpt lat="39.14718606354174" lon="117.7745632845432">
        <ele>4.1</ele>
        <time>2025-11-21T00:35:13Z</time>
      </trkpt>
      <trkpt lat="39.14716204663155" lon="117.77456455744978">
        <ele>4.1</ele>
        <time>2025-11-21T00:35:14Z</time>
      </trkpt>
      <trkpt lat="39.147140613606766" lon="117.77456203247222">
        <ele>4.1</ele>
        <time>2025-11-21T00:35:15Z</time>
      </trkpt>
      <trkpt lat="39.14711936795961" lon="117.7745565571783">
        <ele>4.1</ele>
        <time>2025-11-21T00:35:16Z</time>
      </trkpt>
      <trkpt lat="39.147098711106125" lon="117.77454736360494">
        <ele>4.4</ele>
        <time>2025-11-21T00:35:17Z</time>
      </trkpt>
      <trkpt lat="39.14707827564195" lon="117.77453617971538">
        <ele>4.4</ele>
        <time>2025-11-21T00:35:18Z</time>
      </trkpt>
      <trkpt lat="39.14705802981781" lon="117.77452326725437">
        <ele>4.4</ele>
        <time>2025-11-21T00:35:19Z</time>
      </trkpt>
      <trkpt lat="39.14703851583655" lon="117.77450860353049">
        <ele>4.4</ele>
        <time>2025-11-21T00:35:20Z</time>
      </trkpt>
      <trkpt lat="39.14701962550601" lon="117.77449261124133">
        <ele>4.4</ele>
        <time>2025-11-21T00:35:21Z</time>
      </trkpt>
      <trkpt lat="39.147001478228276" lon="117.77447567895634">
        <ele>4.4</ele>
        <time>2025-11-21T00:35:22Z</time>
      </trkpt>
      <trkpt lat="39.1469836526539" lon="117.77445774221346">
        <ele>4.4</ele>
        <time>2025-11-21T00:35:23Z</time>
      </trkpt>
      <trkpt lat="39.146966070222206" lon="117.77443941304718">
        <ele>4.4</ele>
        <time>2025-11-21T00:35:24Z</time>
      </trkpt>
      <trkpt lat="39.146948685244354" lon="117.77442090734097">
        <ele>4.4</ele>
        <time>2025-11-21T00:35:25Z</time>
      </trkpt>
      <trkpt lat="39.146931679413946" lon="117.77440197623261">
        <ele>4.4</ele>
        <time>2025-11-21T00:35:26Z</time>
      </trkpt>
      <trkpt lat="39.14691498586612" lon="117.77438275886023">
        <ele>4.6</ele>
        <time>2025-11-21T00:35:27Z</time>
      </trkpt>
      <trkpt lat="39.14689847576135" lon="117.7743630700376">
        <ele>4.6</ele>
        <time>2025-11-21T00:35:28Z</time>
      </trkpt>
      <trkpt lat="39.14688212008625" lon="117.77434269399143">
        <ele>4.6</ele>
        <time>2025-11-21T00:35:29Z</time>
      </trkpt>
      <trkpt lat="39.14686589331546" lon="117.77432277127333">
        <ele>4.6</ele>
        <time>2025-11-21T00:35:30Z</time>
      </trkpt>
      <trkpt lat="39.14684802434885" lon="117.77430146020686">
        <ele>4.6</ele>
        <time>2025-11-21T00:35:31Z</time>
      </trkpt>
      <trkpt lat="39.14683161160002" lon="117.7742826154991">
        <ele>4.6</ele>
        <time>2025-11-21T00:35:32Z</time>
      </trkpt>
      <trkpt lat="39.146814712633876" lon="117.7742634774921">
        <ele>4.6</ele>
        <time>2025-11-21T00:35:33Z</time>
      </trkpt>
      <trkpt lat="39.146797562372456" lon="117.77424401824126">
        <ele>4.6</ele>
        <time>2025-11-21T00:35:34Z</time>
      </trkpt>
      <trkpt lat="39.146780224299256" lon="117.77422446917642">
        <ele>4.6</ele>
        <time>2025-11-21T00:35:35Z</time>
      </trkpt>
      <trkpt lat="39.14676309488481" lon="117.77420511920572">
        <ele>4.6</ele>
        <time>2025-11-21T00:35:36Z</time>
      </trkpt>
      <trkpt lat="39.14674628001911" lon="117.77418599587763">
        <ele>4.6</ele>
        <time>2025-11-21T00:35:37Z</time>
      </trkpt>
      <trkpt lat="39.146729679600845" lon="117.77416713532376">
        <ele>4.6</ele>
        <time>2025-11-21T00:35:38Z</time>
      </trkpt>
      <trkpt lat="39.14671292508221" lon="117.77414825708942">
        <ele>4.6</ele>
        <time>2025-11-21T00:35:39Z</time>
      </trkpt>
      <trkpt lat="39.146695565880044" lon="117.77412962047897">
        <ele>4.6</ele>
        <time>2025-11-21T00:35:40Z</time>
      </trkpt>
      <trkpt lat="39.14667775313075" lon="117.7741110288515">
        <ele>4.6</ele>
        <time>2025-11-21T00:35:41Z</time>
      </trkpt>
      <trkpt lat="39.146659701843454" lon="117.77409275745973">
        <ele>4.6</ele>
        <time>2025-11-21T00:35:42Z</time>
      </trkpt>
      <trkpt lat="39.146641492427364" lon="117.77407448041414">
        <ele>4.6</ele>
        <time>2025-11-21T00:35:43Z</time>
      </trkpt>
      <trkpt lat="39.14662378175285" lon="117.77405648436208">
        <ele>4.6</ele>
        <time>2025-11-21T00:35:44Z</time>
      </trkpt>
      <trkpt lat="39.14660489813714" lon="117.77403635277537">
        <ele>4.6</ele>
        <time>2025-11-21T00:35:45Z</time>
      </trkpt>
      <trkpt lat="39.14658823968437" lon="117.77401780392769">
        <ele>4.6</ele>
        <time>2025-11-21T00:35:46Z</time>
      </trkpt>
      <trkpt lat="39.146571417084466" lon="117.77399847040333">
        <ele>4.6</ele>
        <time>2025-11-21T00:35:47Z</time>
      </trkpt>
      <trkpt lat="39.14655446666774" lon="117.77397884527859">
        <ele>4.6</ele>
        <time>2025-11-21T00:35:48Z</time>
      </trkpt>
      <trkpt lat="39.14653769941315" lon="117.77395951964441">
        <ele>4.6</ele>
        <time>2025-11-21T00:35:49Z</time>
      </trkpt>
      <trkpt lat="39.14652125337566" lon="117.77394079896143">
        <ele>4.6</ele>
        <time>2025-11-21T00:35:50Z</time>
      </trkpt>
      <trkpt lat="39.14650476257783" lon="117.77392218590859">
        <ele>4.6</ele>
        <time>2025-11-21T00:35:51Z</time>
      </trkpt>
      <trkpt lat="39.146488238501455" lon="117.77390358962418">
        <ele>4.6</ele>
        <time>2025-11-21T00:35:52Z</time>
      </trkpt>
      <trkpt lat="39.14647170221096" lon="117.77388503842123">
        <ele>4.6</ele>
        <time>2025-11-21T00:35:53Z</time>
      </trkpt>
      <trkpt lat="39.14645515953038" lon="117.77386654905482">
        <ele>4.6</ele>
        <time>2025-11-21T00:35:54Z</time>
      </trkpt>
      <trkpt lat="39.14643861892314" lon="117.7738481412226">
        <ele>4.6</ele>
        <time>2025-11-21T00:35:55Z</time>
      </trkpt>
      <trkpt lat="39.146422065586606" lon="117.77382983492231">
        <ele>4.6</ele>
        <time>2025-11-21T00:35:56Z</time>
      </trkpt>
      <trkpt lat="39.146405429200115" lon="117.77381160480515">
        <ele>4.6</ele>
        <time>2025-11-21T00:35:57Z</time>
      </trkpt>
      <trkpt lat="39.146388684390814" lon="117.77379344331692">
        <ele>4.6</ele>
        <time>2025-11-21T00:35:58Z</time>
      </trkpt>
      <trkpt lat="39.14637153903089" lon="117.77377501905066">
        <ele>4.6</ele>
        <time>2025-11-21T00:35:59Z</time>
      </trkpt>
      <trkpt lat="39.14635418384638" lon="117.77375644072121">
        <ele>4.6</ele>
        <time>2025-11-21T00:36:00Z</time>
      </trkpt>
      <trkpt lat="39.14633492392168" lon="117.77373572495075">
        <ele>4.6</ele>
        <time>2025-11-21T00:36:01Z</time>
      </trkpt>
      <trkpt lat="39.14631612796296" lon="117.77371546811816">
        <ele>4.6</ele>
        <time>2025-11-21T00:36:02Z</time>
      </trkpt>
      <trkpt lat="39.14629964275052" lon="117.77369775479025">
        <ele>4.6</ele>
        <time>2025-11-21T00:36:03Z</time>
      </trkpt>
      <trkpt lat="39.1462830784782" lon="117.7736798624368">
        <ele>4.6</ele>
        <time>2025-11-21T00:36:04Z</time>
      </trkpt>
      <trkpt lat="39.14626649232692" lon="117.77366185100128">
        <ele>4.6</ele>
        <time>2025-11-21T00:36:05Z</time>
      </trkpt>
      <trkpt lat="39.1462499207719" lon="117.77364373514634">
        <ele>4.6</ele>
        <time>2025-11-21T00:36:06Z</time>
      </trkpt>
      <trkpt lat="39.1462335032341" lon="117.77362568506865">
        <ele>4.6</ele>
        <time>2025-11-21T00:36:07Z</time>
      </trkpt>
      <trkpt lat="39.146217109123164" lon="117.77360754137307">
        <ele>4.6</ele>
        <time>2025-11-21T00:36:08Z</time>
      </trkpt>
      <trkpt lat="39.146200858504656" lon="117.7735894182201">
        <ele>4.6</ele>
        <time>2025-11-21T00:36:09Z</time>
      </trkpt>
      <trkpt lat="39.14618463378203" lon="117.77357112890489">
        <ele>4.6</ele>
        <time>2025-11-21T00:36:10Z</time>
      </trkpt>
      <trkpt lat="39.14616847405016" lon="117.77355267385872">
        <ele>4.6</ele>
        <time>2025-11-21T00:36:11Z</time>
      </trkpt>
      <trkpt lat="39.14615233700231" lon="117.7735339780785">
        <ele>4.6</ele>
        <time>2025-11-21T00:36:12Z</time>
      </trkpt>
      <trkpt lat="39.146136339313806" lon="117.7735151823151">
        <ele>4.6</ele>
        <time>2025-11-21T00:36:13Z</time>
      </trkpt>
      <trkpt lat="39.14612073639869" lon="117.77349662354827">
        <ele>4.6</ele>
        <time>2025-11-21T00:36:14Z</time>
      </trkpt>
      <trkpt lat="39.14610535137003" lon="117.77347812716619">
        <ele>4.6</ele>
        <time>2025-11-21T00:36:15Z</time>
      </trkpt>
      <trkpt lat="39.146091891211526" lon="117.77346166087163">
        <ele>4.6</ele>
        <time>2025-11-21T00:36:16Z</time>
      </trkpt>
      <trkpt lat="39.14607800853155" lon="117.7734445970343">
        <ele>4.6</ele>
        <time>2025-11-21T00:36:17Z</time>
      </trkpt>
      <trkpt lat="39.14606183416872" lon="117.77342485711756">
        <ele>4.6</ele>
        <time>2025-11-21T00:36:18Z</time>
      </trkpt>
      <trkpt lat="39.14604574665911" lon="117.77340520100239">
        <ele>4.6</ele>
        <time>2025-11-21T00:36:19Z</time>
      </trkpt>
      <trkpt lat="39.146029640481466" lon="117.77338547734571">
        <ele>4.6</ele>
        <time>2025-11-21T00:36:20Z</time>
      </trkpt>
      <trkpt lat="39.14601353873046" lon="117.77336560398047">
        <ele>4.6</ele>
        <time>2025-11-21T00:36:21Z</time>
      </trkpt>
      <trkpt lat="39.1459971193123" lon="117.77334472770592">
        <ele>4.6</ele>
        <time>2025-11-21T00:36:22Z</time>
      </trkpt>
      <trkpt lat="39.14598096221826" lon="117.77332314338388">
        <ele>4.6</ele>
        <time>2025-11-21T00:36:23Z</time>
      </trkpt>
      <trkpt lat="39.14596517668532" lon="117.77330212602021">
        <ele>4.6</ele>
        <time>2025-11-21T00:36:24Z</time>
      </trkpt>
      <trkpt lat="39.14594905873671" lon="117.77328260321072">
        <ele>4.6</ele>
        <time>2025-11-21T00:36:25Z</time>
      </trkpt>
      <trkpt lat="39.145932173476915" lon="117.77326460093273">
        <ele>4.6</ele>
        <time>2025-11-21T00:36:26Z</time>
      </trkpt>
      <trkpt lat="39.14591441103146" lon="117.77324847818679">
        <ele>4.6</ele>
        <time>2025-11-21T00:36:27Z</time>
      </trkpt>
      <trkpt lat="39.145896914429414" lon="117.77323153260424">
        <ele>4.6</ele>
        <time>2025-11-21T00:36:28Z</time>
      </trkpt>
      <trkpt lat="39.145879756944545" lon="117.77321404478468">
        <ele>4.6</ele>
        <time>2025-11-21T00:36:29Z</time>
      </trkpt>
      <trkpt lat="39.14586324588088" lon="117.77319451240446">
        <ele>4.6</ele>
        <time>2025-11-21T00:36:30Z</time>
      </trkpt>
      <trkpt lat="39.145846946469995" lon="117.77317585922457">
        <ele>4.6</ele>
        <time>2025-11-21T00:36:31Z</time>
      </trkpt>
      <trkpt lat="39.14582909987976" lon="117.77315593410437">
        <ele>4.8</ele>
        <time>2025-11-21T00:36:32Z</time>
      </trkpt>
      <trkpt lat="39.14581325093496" lon="117.77313900867456">
        <ele>4.8</ele>
        <time>2025-11-21T00:36:33Z</time>
      </trkpt>
      <trkpt lat="39.14579791273628" lon="117.7731221500998">
        <ele>4.8</ele>
        <time>2025-11-21T00:36:34Z</time>
      </trkpt>
      <trkpt lat="39.145785038057454" lon="117.7731080925894">
        <ele>4.8</ele>
        <time>2025-11-21T00:36:35Z</time>
      </trkpt>
      <trkpt lat="39.14577299876228" lon="117.77309501132795">
        <ele>4.8</ele>
        <time>2025-11-21T00:36:36Z</time>
      </trkpt>
      <trkpt lat="39.14576135406474" lon="117.77308322847652">
        <ele>4.8</ele>
        <time>2025-11-21T00:36:37Z</time>
      </trkpt>
      <trkpt lat="39.14575046725089" lon="117.77307143640411">
        <ele>4.8</ele>
        <time>2025-11-21T00:36:38Z</time>
      </trkpt>
      <trkpt lat="39.145739764849225" lon="117.77305890525419">
        <ele>4.8</ele>
        <time>2025-11-21T00:36:39Z</time>
      </trkpt>
      <trkpt lat="39.14573032898942" lon="117.77304729941282">
        <ele>4.8</ele>
        <time>2025-11-21T00:36:40Z</time>
      </trkpt>
      <trkpt lat="39.14572015072793" lon="117.77303574824163">
        <ele>4.8</ele>
        <time>2025-11-21T00:36:41Z</time>
      </trkpt>
      <trkpt lat="39.14570964507739" lon="117.77302517597026">
        <ele>4.8</ele>
        <time>2025-11-21T00:36:42Z</time>
      </trkpt>
      <trkpt lat="39.145698067301815" lon="117.77301389895267">
        <ele>4.8</ele>
        <time>2025-11-21T00:36:43Z</time>
      </trkpt>
      <trkpt lat="39.1456871106604" lon="117.77300331331708">
        <ele>4.8</ele>
        <time>2025-11-21T00:36:44Z</time>
      </trkpt>
      <trkpt lat="39.14567655336205" lon="117.77299282520326">
        <ele>4.8</ele>
        <time>2025-11-21T00:36:45Z</time>
      </trkpt>
      <trkpt lat="39.145667513999044" lon="117.77298377344687">
        <ele>4.8</ele>
        <time>2025-11-21T00:36:46Z</time>
      </trkpt>
      <trkpt lat="39.145657274066124" lon="117.77297349773274">
        <ele>4.8</ele>
        <time>2025-11-21T00:36:47Z</time>
      </trkpt>
      <trkpt lat="39.145647250743444" lon="117.77296371907404">
        <ele>4.8</ele>
        <time>2025-11-21T00:36:48Z</time>
      </trkpt>
      <trkpt lat="39.14563740801132" lon="117.77295402221789">
        <ele>4.8</ele>
        <time>2025-11-21T00:36:49Z</time>
      </trkpt>
      <trkpt lat="39.14562958270008" lon="117.77294654484102">
        <ele>4.8</ele>
        <time>2025-11-21T00:36:50Z</time>
      </trkpt>
      <trkpt lat="39.1456211220449" lon="117.77293784213335">
        <ele>4.8</ele>
        <time>2025-11-21T00:36:51Z</time>
      </trkpt>
      <trkpt lat="39.14561084732405" lon="117.77292724025243">
        <ele>4.8</ele>
        <time>2025-11-21T00:36:52Z</time>
      </trkpt>
      <trkpt lat="39.14559984648569" lon="117.77291557348838">
        <ele>4.8</ele>
        <time>2025-11-21T00:36:53Z</time>
      </trkpt>
      <trkpt lat="39.145589368648615" lon="117.7729044905631">
        <ele>4.8</ele>
        <time>2025-11-21T00:36:54Z</time>
      </trkpt>
      <trkpt lat="39.145580478359925" lon="117.77289514042594">
        <ele>4.8</ele>
        <time>2025-11-21T00:36:55Z</time>
      </trkpt>
      <trkpt lat="39.14557257683362" lon="117.77288681876261">
        <ele>4.8</ele>
        <time>2025-11-21T00:36:56Z</time>
      </trkpt>
      <trkpt lat="39.14556414436537" lon="117.7728779939503">
        <ele>4.8</ele>
        <time>2025-11-21T00:36:57Z</time>
      </trkpt>
      <trkpt lat="39.145554063971176" lon="117.77286784218475">
        <ele>4.8</ele>
        <time>2025-11-21T00:36:58Z</time>
      </trkpt>
      <trkpt lat="39.14554398057377" lon="117.77285769324683">
        <ele>4.8</ele>
        <time>2025-11-21T00:36:59Z</time>
      </trkpt>
      <trkpt lat="39.14553413708253" lon="117.77284860230192">
        <ele>4.8</ele>
        <time>2025-11-21T00:37:00Z</time>
      </trkpt>
      <trkpt lat="39.14552461929094" lon="117.77283985092123">
        <ele>4.8</ele>
        <time>2025-11-21T00:37:01Z</time>
      </trkpt>
      <trkpt lat="39.14551409472039" lon="117.77283008781887">
        <ele>4.8</ele>
        <time>2025-11-21T00:37:02Z</time>
      </trkpt>
      <trkpt lat="39.14550378188996" lon="117.77281970038086">
        <ele>4.8</ele>
        <time>2025-11-21T00:37:03Z</time>
      </trkpt>
      <trkpt lat="39.145494559643254" lon="117.77280989581199">
        <ele>4.8</ele>
        <time>2025-11-21T00:37:04Z</time>
      </trkpt>
      <trkpt lat="39.145485078585615" lon="117.7727992233341">
        <ele>4.8</ele>
        <time>2025-11-21T00:37:05Z</time>
      </trkpt>
      <trkpt lat="39.145475763078004" lon="117.77278776727297">
        <ele>4.8</ele>
        <time>2025-11-21T00:37:06Z</time>
      </trkpt>
      <trkpt lat="39.145465790004735" lon="117.77277414795377">
        <ele>4.8</ele>
        <time>2025-11-21T00:37:07Z</time>
      </trkpt>
      <trkpt lat="39.1454566753989" lon="117.7727598904859">
        <ele>4.8</ele>
        <time>2025-11-21T00:37:08Z</time>
      </trkpt>
      <trkpt lat="39.145448233490086" lon="117.77274456087197">
        <ele>4.8</ele>
        <time>2025-11-21T00:37:09Z</time>
      </trkpt>
      <trkpt lat="39.14544166713704" lon="117.77272986768568">
        <ele>4.8</ele>
        <time>2025-11-21T00:37:10Z</time>
      </trkpt>
      <trkpt lat="39.145436107493815" lon="117.77271419964977">
        <ele>4.8</ele>
        <time>2025-11-21T00:37:11Z</time>
      </trkpt>
      <trkpt lat="39.14543199552299" lon="117.77269838743064">
        <ele>4.8</ele>
        <time>2025-11-21T00:37:12Z</time>
      </trkpt>
      <trkpt lat="39.14542830705666" lon="117.77268064957542">
        <ele>4.8</ele>
        <time>2025-11-21T00:37:13Z</time>
      </trkpt>
      <trkpt lat="39.1454259775697" lon="117.77266328734011">
        <ele>4.8</ele>
        <time>2025-11-21T00:37:14Z</time>
      </trkpt>
      <trkpt lat="39.14542468468277" lon="117.77264542294019">
        <ele>4.8</ele>
        <time>2025-11-21T00:37:15Z</time>
      </trkpt>
      <trkpt lat="39.14542437425898" lon="117.77262916286088">
        <ele>4.8</ele>
        <time>2025-11-21T00:37:16Z</time>
      </trkpt>
      <trkpt lat="39.14542463074045" lon="117.77260990231875">
        <ele>4.8</ele>
        <time>2025-11-21T00:37:17Z</time>
      </trkpt>
      <trkpt lat="39.14542560491121" lon="117.77258922965679">
        <ele>4.8</ele>
        <time>2025-11-21T00:37:18Z</time>
      </trkpt>
      <trkpt lat="39.14542676870843" lon="117.77256720806591">
        <ele>4.8</ele>
        <time>2025-11-21T00:37:19Z</time>
      </trkpt>
      <trkpt lat="39.145428342471284" lon="117.77254443902378">
        <ele>4.8</ele>
        <time>2025-11-21T00:37:20Z</time>
      </trkpt>
      <trkpt lat="39.145430046985915" lon="117.77251936078316">
        <ele>4.8</ele>
        <time>2025-11-21T00:37:21Z</time>
      </trkpt>
      <trkpt lat="39.145432252266446" lon="117.77248984779337">
        <ele>4.6</ele>
        <time>2025-11-21T00:37:22Z</time>
      </trkpt>
      <trkpt lat="39.14543506367301" lon="117.772461573238">
        <ele>4.6</ele>
        <time>2025-11-21T00:37:23Z</time>
      </trkpt>
      <trkpt lat="39.14543838924729" lon="117.77243686393669">
        <ele>4.6</ele>
        <time>2025-11-21T00:37:24Z</time>
      </trkpt>
      <trkpt lat="39.14544368450817" lon="117.77240808902388">
        <ele>4.6</ele>
        <time>2025-11-21T00:37:25Z</time>
      </trkpt>
      <trkpt lat="39.145450615414255" lon="117.7723783024652">
        <ele>4.6</ele>
        <time>2025-11-21T00:37:26Z</time>
      </trkpt>
      <trkpt lat="39.14546057156844" lon="117.77234413420949">
        <ele>4.6</ele>
        <time>2025-11-21T00:37:27Z</time>
      </trkpt>
      <trkpt lat="39.145471937725134" lon="117.7723165956284">
        <ele>4.6</ele>
        <time>2025-11-21T00:37:28Z</time>
      </trkpt>
      <trkpt lat="39.14548491792832" lon="117.77229073867811">
        <ele>4.6</ele>
        <time>2025-11-21T00:37:29Z</time>
      </trkpt>
      <trkpt lat="39.14549938593539" lon="117.77226652615194">
        <ele>4.6</ele>
        <time>2025-11-21T00:37:30Z</time>
      </trkpt>
      <trkpt lat="39.14551403420211" lon="117.77224278268008">
        <ele>4.6</ele>
        <time>2025-11-21T00:37:31Z</time>
      </trkpt>
      <trkpt lat="39.14552862480744" lon="117.77221932794136">
        <ele>4.6</ele>
        <time>2025-11-21T00:37:32Z</time>
      </trkpt>
      <trkpt lat="39.14554334972214" lon="117.77219528333325">
        <ele>4.6</ele>
        <time>2025-11-21T00:37:33Z</time>
      </trkpt>
      <trkpt lat="39.14555779106795" lon="117.77217166545165">
        <ele>4.6</ele>
        <time>2025-11-21T00:37:34Z</time>
      </trkpt>
      <trkpt lat="39.14557362473224" lon="117.77214639051289">
        <ele>4.6</ele>
        <time>2025-11-21T00:37:35Z</time>
      </trkpt>
      <trkpt lat="39.14558822071621" lon="117.77212439107807">
        <ele>4.6</ele>
        <time>2025-11-21T00:37:36Z</time>
      </trkpt>
      <trkpt lat="39.14560320988917" lon="117.77210286993363">
        <ele>4.6</ele>
        <time>2025-11-21T00:37:37Z</time>
      </trkpt>
      <trkpt lat="39.14561858132771" lon="117.7720816311196">
        <ele>4.6</ele>
        <time>2025-11-21T00:37:38Z</time>
      </trkpt>
      <trkpt lat="39.14563364589701" lon="117.7720607074304">
        <ele>4.6</ele>
        <time>2025-11-21T00:37:39Z</time>
      </trkpt>
      <trkpt lat="39.14565001288444" lon="117.77203740025634">
        <ele>4.6</ele>
        <time>2025-11-21T00:37:40Z</time>
      </trkpt>
      <trkpt lat="39.14566469773625" lon="117.77201586753556">
        <ele>4.6</ele>
        <time>2025-11-21T00:37:41Z</time>
      </trkpt>
      <trkpt lat="39.14567955515829" lon="117.77199367905604">
        <ele>4.6</ele>
        <time>2025-11-21T00:37:42Z</time>
      </trkpt>
      <trkpt lat="39.14569444268728" lon="117.7719712099096">
        <ele>4.6</ele>
        <time>2025-11-21T00:37:43Z</time>
      </trkpt>
      <trkpt lat="39.145709247132665" lon="117.7719485922926">
        <ele>4.6</ele>
        <time>2025-11-21T00:37:44Z</time>
      </trkpt>
      <trkpt lat="39.145724189480596" lon="117.77192602492745">
        <ele>4.6</ele>
        <time>2025-11-21T00:37:45Z</time>
      </trkpt>
      <trkpt lat="39.145739261782936" lon="117.7719036559055">
        <ele>4.6</ele>
        <time>2025-11-21T00:37:46Z</time>
      </trkpt>
      <trkpt lat="39.14575454523932" lon="117.77188177168168">
        <ele>4.8</ele>
        <time>2025-11-21T00:37:47Z</time>
      </trkpt>
      <trkpt lat="39.14576998000689" lon="117.77186039557711">
        <ele>4.8</ele>
        <time>2025-11-21T00:37:48Z</time>
      </trkpt>
      <trkpt lat="39.145786113796724" lon="117.77183987601033">
        <ele>4.8</ele>
        <time>2025-11-21T00:37:49Z</time>
      </trkpt>
      <trkpt lat="39.14580247561635" lon="117.77182005431445">
        <ele>4.8</ele>
        <time>2025-11-21T00:37:50Z</time>
      </trkpt>
      <trkpt lat="39.14582054693075" lon="117.77179815435873">
        <ele>4.8</ele>
        <time>2025-11-21T00:37:51Z</time>
      </trkpt>
      <trkpt lat="39.14583673605751" lon="117.77177709557732">
        <ele>5</ele>
        <time>2025-11-21T00:37:52Z</time>
      </trkpt>
      <trkpt lat="39.145852390880094" lon="117.7717544103037">
        <ele>5</ele>
        <time>2025-11-21T00:37:53Z</time>
      </trkpt>
      <trkpt lat="39.14586770052515" lon="117.77173095135754">
        <ele>5</ele>
        <time>2025-11-21T00:37:54Z</time>
      </trkpt>
      <trkpt lat="39.145883237640675" lon="117.77170778595607">
        <ele>5</ele>
        <time>2025-11-21T00:37:55Z</time>
      </trkpt>
      <trkpt lat="39.145899667784036" lon="117.77168553436422">
        <ele>5</ele>
        <time>2025-11-21T00:37:56Z</time>
      </trkpt>
      <trkpt lat="39.14591658932215" lon="117.77166377144292">
        <ele>5.2</ele>
        <time>2025-11-21T00:37:57Z</time>
      </trkpt>
      <trkpt lat="39.14593316654952" lon="117.77164177700129">
        <ele>5.2</ele>
        <time>2025-11-21T00:37:58Z</time>
      </trkpt>
      <trkpt lat="39.145949253275965" lon="117.77161925695793">
        <ele>5.2</ele>
        <time>2025-11-21T00:37:59Z</time>
      </trkpt>
      <trkpt lat="39.14596414145823" lon="117.77159630750346">
        <ele>5.2</ele>
        <time>2025-11-21T00:38:00Z</time>
      </trkpt>
      <trkpt lat="39.145978360793876" lon="117.77157360128813">
        <ele>5.2</ele>
        <time>2025-11-21T00:38:01Z</time>
      </trkpt>
      <trkpt lat="39.14599238821955" lon="117.77155109819161">
        <ele>5.2</ele>
        <time>2025-11-21T00:38:02Z</time>
      </trkpt>
      <trkpt lat="39.14600683133442" lon="117.77152921675493">
        <ele>5.2</ele>
        <time>2025-11-21T00:38:03Z</time>
      </trkpt>
      <trkpt lat="39.14602171327762" lon="117.77150785487783">
        <ele>5.2</ele>
        <time>2025-11-21T00:38:04Z</time>
      </trkpt>
      <trkpt lat="39.14603610003873" lon="117.77148684960439">
        <ele>5.2</ele>
        <time>2025-11-21T00:38:05Z</time>
      </trkpt>
      <trkpt lat="39.14605057765149" lon="117.77146587582575">
        <ele>5.2</ele>
        <time>2025-11-21T00:38:06Z</time>
      </trkpt>
      <trkpt lat="39.14606499715439" lon="117.77144385806919">
        <ele>5.4</ele>
        <time>2025-11-21T00:38:07Z</time>
      </trkpt>
      <trkpt lat="39.14608025202805" lon="117.77142082086571">
        <ele>5.4</ele>
        <time>2025-11-21T00:38:08Z</time>
      </trkpt>
      <trkpt lat="39.14609469479836" lon="117.77139868423055">
        <ele>5.4</ele>
        <time>2025-11-21T00:38:09Z</time>
      </trkpt>
      <trkpt lat="39.14610980966103" lon="117.77137698737884">
        <ele>5.4</ele>
        <time>2025-11-21T00:38:10Z</time>
      </trkpt>
      <trkpt lat="39.146124633999335" lon="117.77135617539061">
        <ele>5.4</ele>
        <time>2025-11-21T00:38:11Z</time>
      </trkpt>
      <trkpt lat="39.146138878368724" lon="117.7713360747973">
        <ele>5.6</ele>
        <time>2025-11-21T00:38:12Z</time>
      </trkpt>
      <trkpt lat="39.14615263227188" lon="117.77131653712102">
        <ele>5.6</ele>
        <time>2025-11-21T00:38:13Z</time>
      </trkpt>
      <trkpt lat="39.14616790725264" lon="117.77129593118704">
        <ele>5.6</ele>
        <time>2025-11-21T00:38:14Z</time>
      </trkpt>
      <trkpt lat="39.146183021065184" lon="117.7712768499303">
        <ele>5.6</ele>
        <time>2025-11-21T00:38:15Z</time>
      </trkpt>
      <trkpt lat="39.146197795749224" lon="117.77125865486975">
        <ele>5.6</ele>
        <time>2025-11-21T00:38:16Z</time>
      </trkpt>
      <trkpt lat="39.14621150702212" lon="117.7712412592121">
        <ele>5.6</ele>
        <time>2025-11-21T00:38:17Z</time>
      </trkpt>
      <trkpt lat="39.14622477177666" lon="117.77122342652953">
        <ele>5.6</ele>
        <time>2025-11-21T00:38:18Z</time>
      </trkpt>
      <trkpt lat="39.14623764897039" lon="117.77120564525633">
        <ele>5.6</ele>
        <time>2025-11-21T00:38:19Z</time>
      </trkpt>
      <trkpt lat="39.14625035763719" lon="117.77118733966901">
        <ele>5.6</ele>
        <time>2025-11-21T00:38:20Z</time>
      </trkpt>
      <trkpt lat="39.14626227892171" lon="117.77117019462455">
        <ele>5.6</ele>
        <time>2025-11-21T00:38:21Z</time>
      </trkpt>
      <trkpt lat="39.14627310169578" lon="117.77115397752023">
        <ele>5.8</ele>
        <time>2025-11-21T00:38:22Z</time>
      </trkpt>
      <trkpt lat="39.14628161013105" lon="117.77114070215394">
        <ele>5.8</ele>
        <time>2025-11-21T00:38:23Z</time>
      </trkpt>
      <trkpt lat="39.14628923965472" lon="117.77112902248696">
        <ele>5.8</ele>
        <time>2025-11-21T00:38:24Z</time>
      </trkpt>
      <trkpt lat="39.14629718784219" lon="117.7711168041059">
        <ele>5.8</ele>
        <time>2025-11-21T00:38:25Z</time>
      </trkpt>
      <trkpt lat="39.146305813790846" lon="117.77110344546031">
        <ele>5.8</ele>
        <time>2025-11-21T00:38:26Z</time>
      </trkpt>
      <trkpt lat="39.14631568446823" lon="117.77108798536943">
        <ele>6</ele>
        <time>2025-11-21T00:38:27Z</time>
      </trkpt>
      <trkpt lat="39.146326290346906" lon="117.77107170630688">
        <ele>6</ele>
        <time>2025-11-21T00:38:28Z</time>
      </trkpt>
      <trkpt lat="39.14633690733552" lon="117.77105652179478">
        <ele>6</ele>
        <time>2025-11-21T00:38:29Z</time>
      </trkpt>
      <trkpt lat="39.146347535573945" lon="117.77104075192582">
        <ele>6</ele>
        <time>2025-11-21T00:38:30Z</time>
      </trkpt>
      <trkpt lat="39.14635902378614" lon="117.77102328228939">
        <ele>6</ele>
        <time>2025-11-21T00:38:31Z</time>
      </trkpt>
      <trkpt lat="39.146371645871774" lon="117.77100295974338">
        <ele>6.2</ele>
        <time>2025-11-21T00:38:32Z</time>
      </trkpt>
      <trkpt lat="39.14638654557721" lon="117.77097937133517">
        <ele>6.2</ele>
        <time>2025-11-21T00:38:33Z</time>
      </trkpt>
      <trkpt lat="39.14640118080544" lon="117.77095677224945">
        <ele>6.2</ele>
        <time>2025-11-21T00:38:34Z</time>
      </trkpt>
      <trkpt lat="39.146416029069975" lon="117.770934692819">
        <ele>6.2</ele>
        <time>2025-11-21T00:38:35Z</time>
      </trkpt>
      <trkpt lat="39.14643104904435" lon="117.77091313152253">
        <ele>6.2</ele>
        <time>2025-11-21T00:38:36Z</time>
      </trkpt>
      <trkpt lat="39.14644723620544" lon="117.77088988000247">
        <ele>6.7</ele>
        <time>2025-11-21T00:38:37Z</time>
      </trkpt>
      <trkpt lat="39.146463764906166" lon="117.77086687292355">
        <ele>6.7</ele>
        <time>2025-11-21T00:38:38Z</time>
      </trkpt>
      <trkpt lat="39.14647907597325" lon="117.77084577397845">
        <ele>6.7</ele>
        <time>2025-11-21T00:38:39Z</time>
      </trkpt>
      <trkpt lat="39.14649494034173" lon="117.77082437012011">
        <ele>6.7</ele>
        <time>2025-11-21T00:38:40Z</time>
      </trkpt>
      <trkpt lat="39.14651042854616" lon="117.77080291511675">
        <ele>6.7</ele>
        <time>2025-11-21T00:38:41Z</time>
      </trkpt>
      <trkpt lat="39.14652585354515" lon="117.7707817211044">
        <ele>6.7</ele>
        <time>2025-11-21T00:38:42Z</time>
      </trkpt>
      <trkpt lat="39.14654087268567" lon="117.77076122218658">
        <ele>6.7</ele>
        <time>2025-11-21T00:38:43Z</time>
      </trkpt>
      <trkpt lat="39.146556018036655" lon="117.77074084120302">
        <ele>6.7</ele>
        <time>2025-11-21T00:38:44Z</time>
      </trkpt>
      <trkpt lat="39.14657127675251" lon="117.77072063309508">
        <ele>6.7</ele>
        <time>2025-11-21T00:38:45Z</time>
      </trkpt>
      <trkpt lat="39.14658687484452" lon="117.77070027810913">
        <ele>6.7</ele>
        <time>2025-11-21T00:38:46Z</time>
      </trkpt>
      <trkpt lat="39.14660240647008" lon="117.77068037907055">
        <ele>6.4</ele>
        <time>2025-11-21T00:38:47Z</time>
      </trkpt>
      <trkpt lat="39.146617976767615" lon="117.77066069808912">
        <ele>6.4</ele>
        <time>2025-11-21T00:38:48Z</time>
      </trkpt>
      <trkpt lat="39.14663376889942" lon="117.7706405610234">
        <ele>6.4</ele>
        <time>2025-11-21T00:38:49Z</time>
      </trkpt>
      <trkpt lat="39.14664803787002" lon="117.77062181270855">
        <ele>6.4</ele>
        <time>2025-11-21T00:38:50Z</time>
      </trkpt>
      <trkpt lat="39.146663492302885" lon="117.77060020441948">
        <ele>6.4</ele>
        <time>2025-11-21T00:38:51Z</time>
      </trkpt>
      <trkpt lat="39.14667712854494" lon="117.77058065748183">
        <ele>5.8</ele>
        <time>2025-11-21T00:38:52Z</time>
      </trkpt>
      <trkpt lat="39.14669352585305" lon="117.77055766505431">
        <ele>5.8</ele>
        <time>2025-11-21T00:38:53Z</time>
      </trkpt>
      <trkpt lat="39.14670854991236" lon="117.77053669498024">
        <ele>5.8</ele>
        <time>2025-11-21T00:38:54Z</time>
      </trkpt>
      <trkpt lat="39.14672383080842" lon="117.77051529866385">
        <ele>5.8</ele>
        <time>2025-11-21T00:38:55Z</time>
      </trkpt>
      <trkpt lat="39.14673926127159" lon="117.77049291931189">
        <ele>5.8</ele>
        <time>2025-11-21T00:38:56Z</time>
      </trkpt>
      <trkpt lat="39.14675496427345" lon="117.7704697971613">
        <ele>5.6</ele>
        <time>2025-11-21T00:38:57Z</time>
      </trkpt>
      <trkpt lat="39.14677069181078" lon="117.77044624358658">
        <ele>5.6</ele>
        <time>2025-11-21T00:38:58Z</time>
      </trkpt>
      <trkpt lat="39.146786288199046" lon="117.77042189624393">
        <ele>5.6</ele>
        <time>2025-11-21T00:38:59Z</time>
      </trkpt>
      <trkpt lat="39.14680113430917" lon="117.77039848478162">
        <ele>5.6</ele>
        <time>2025-11-21T00:39:00Z</time>
      </trkpt>
      <trkpt lat="39.14681610477975" lon="117.7703748079824">
        <ele>5.6</ele>
        <time>2025-11-21T00:39:01Z</time>
      </trkpt>
      <trkpt lat="39.1468300479583" lon="117.77035394050091">
        <ele>5.6</ele>
        <time>2025-11-21T00:39:02Z</time>
      </trkpt>
      <trkpt lat="39.14684673634411" lon="117.77033071156677">
        <ele>5.6</ele>
        <time>2025-11-21T00:39:03Z</time>
      </trkpt>
      <trkpt lat="39.14686173351258" lon="117.77030900311115">
        <ele>5.6</ele>
        <time>2025-11-21T00:39:04Z</time>
      </trkpt>
      <trkpt lat="39.14687863461656" lon="117.7702860613538">
        <ele>5.6</ele>
        <time>2025-11-21T00:39:05Z</time>
      </trkpt>
      <trkpt lat="39.146893862982026" lon="117.7702650725798">
        <ele>5.6</ele>
        <time>2025-11-21T00:39:06Z</time>
      </trkpt>
      <trkpt lat="39.14691176384636" lon="117.7702469013639">
        <ele>6.1</ele>
        <time>2025-11-21T00:39:07Z</time>
      </trkpt>
      <trkpt lat="39.14692716051231" lon="117.77022897941917">
        <ele>6.1</ele>
        <time>2025-11-21T00:39:08Z</time>
      </trkpt>
      <trkpt lat="39.14694060532588" lon="117.77020779055084">
        <ele>6.1</ele>
        <time>2025-11-21T00:39:09Z</time>
      </trkpt>
      <trkpt lat="39.14695413651587" lon="117.7701813141876">
        <ele>6.1</ele>
        <time>2025-11-21T00:39:10Z</time>
      </trkpt>
      <trkpt lat="39.146968248251255" lon="117.77015625550519">
        <ele>6.1</ele>
        <time>2025-11-21T00:39:11Z</time>
      </trkpt>
      <trkpt lat="39.146985585647506" lon="117.77013242705146">
        <ele>6.1</ele>
        <time>2025-11-21T00:39:12Z</time>
      </trkpt>
      <trkpt lat="39.147001640271874" lon="117.77011067594998">
        <ele>6.1</ele>
        <time>2025-11-21T00:39:13Z</time>
      </trkpt>
      <trkpt lat="39.14701754778397" lon="117.7700890639148">
        <ele>6.1</ele>
        <time>2025-11-21T00:39:14Z</time>
      </trkpt>
      <trkpt lat="39.14703354434354" lon="117.7700672594668">
        <ele>6.1</ele>
        <time>2025-11-21T00:39:15Z</time>
      </trkpt>
      <trkpt lat="39.147049631756595" lon="117.770045301339">
        <ele>6.1</ele>
        <time>2025-11-21T00:39:16Z</time>
      </trkpt>
      <trkpt lat="39.147065809238896" lon="117.77002325798182">
        <ele>6.1</ele>
        <time>2025-11-21T00:39:17Z</time>
      </trkpt>
      <trkpt lat="39.147082065400866" lon="117.77000118429046">
        <ele>6.1</ele>
        <time>2025-11-21T00:39:18Z</time>
      </trkpt>
      <trkpt lat="39.14709833299599" lon="117.76997914121789">
        <ele>6.1</ele>
        <time>2025-11-21T00:39:19Z</time>
      </trkpt>
      <trkpt lat="39.147114535057746" lon="117.76995718895128">
        <ele>6.1</ele>
        <time>2025-11-21T00:39:20Z</time>
      </trkpt>
      <trkpt lat="39.147130525601725" lon="117.76993551036297">
        <ele>6.1</ele>
        <time>2025-11-21T00:39:21Z</time>
      </trkpt>
      <trkpt lat="39.14714615411991" lon="117.76991428084011">
        <ele>5.4</ele>
        <time>2025-11-21T00:39:22Z</time>
      </trkpt>
      <trkpt lat="39.1471615310604" lon="117.76989332387451">
        <ele>5.4</ele>
        <time>2025-11-21T00:39:23Z</time>
      </trkpt>
      <trkpt lat="39.14717523102223" lon="117.76987456681016">
        <ele>5.4</ele>
        <time>2025-11-21T00:39:24Z</time>
      </trkpt>
      <trkpt lat="39.14718917938542" lon="117.76985532265866">
        <ele>5.4</ele>
        <time>2025-11-21T00:39:25Z</time>
      </trkpt>
      <trkpt lat="39.147205284185056" lon="117.76983292412753">
        <ele>5.4</ele>
        <time>2025-11-21T00:39:26Z</time>
      </trkpt>
      <trkpt lat="39.147221277476476" lon="117.76981050995082">
        <ele>5.2</ele>
        <time>2025-11-21T00:39:27Z</time>
      </trkpt>
      <trkpt lat="39.14723727245818" lon="117.76978793771707">
        <ele>5.2</ele>
        <time>2025-11-21T00:39:28Z</time>
      </trkpt>
      <trkpt lat="39.1472533835601" lon="117.76976505233213">
        <ele>5.2</ele>
        <time>2025-11-21T00:39:29Z</time>
      </trkpt>
      <trkpt lat="39.14726935220496" lon="117.76974222542908">
        <ele>5.2</ele>
        <time>2025-11-21T00:39:30Z</time>
      </trkpt>
      <trkpt lat="39.14728714371641" lon="117.76971678538335">
        <ele>5.2</ele>
        <time>2025-11-21T00:39:31Z</time>
      </trkpt>
      <trkpt lat="39.147302883495804" lon="117.76969421583654">
        <ele>5.2</ele>
        <time>2025-11-21T00:39:32Z</time>
      </trkpt>
      <trkpt lat="39.14731866957885" lon="117.76967172739232">
        <ele>5.2</ele>
        <time>2025-11-21T00:39:33Z</time>
      </trkpt>
      <trkpt lat="39.147334431645916" lon="117.76964951732666">
        <ele>5.2</ele>
        <time>2025-11-21T00:39:34Z</time>
      </trkpt>
      <trkpt lat="39.14735023103515" lon="117.7696275980109">
        <ele>5.2</ele>
        <time>2025-11-21T00:39:35Z</time>
      </trkpt>
      <trkpt lat="39.147366169579044" lon="117.76960590734123">
        <ele>5.2</ele>
        <time>2025-11-21T00:39:36Z</time>
      </trkpt>
      <trkpt lat="39.14738240083357" lon="117.7695843540013">
        <ele>5</ele>
        <time>2025-11-21T00:39:37Z</time>
      </trkpt>
      <trkpt lat="39.147398677441934" lon="117.76956328643212">
        <ele>5</ele>
        <time>2025-11-21T00:39:38Z</time>
      </trkpt>
      <trkpt lat="39.14741539000105" lon="117.76954252541245">
        <ele>5</ele>
        <time>2025-11-21T00:39:39Z</time>
      </trkpt>
      <trkpt lat="39.14743093105404" lon="117.76952411181512">
        <ele>5</ele>
        <time>2025-11-21T00:39:40Z</time>
      </trkpt>
      <trkpt lat="39.147450051746446" lon="117.7695037137174">
        <ele>5</ele>
        <time>2025-11-21T00:39:41Z</time>
      </trkpt>
      <trkpt lat="39.14747173118752" lon="117.76948000396983">
        <ele>5</ele>
        <time>2025-11-21T00:39:42Z</time>
      </trkpt>
      <trkpt lat="39.14749307489768" lon="117.76945577291208">
        <ele>5</ele>
        <time>2025-11-21T00:39:43Z</time>
      </trkpt>
      <trkpt lat="39.14750809200234" lon="117.76943374110516">
        <ele>5</ele>
        <time>2025-11-21T00:39:44Z</time>
      </trkpt>
      <trkpt lat="39.14752191952622" lon="117.769417165611">
        <ele>5</ele>
        <time>2025-11-21T00:39:45Z</time>
      </trkpt>
      <trkpt lat="39.14753747618085" lon="117.76940237061349">
        <ele>5</ele>
        <time>2025-11-21T00:39:46Z</time>
      </trkpt>
      <trkpt lat="39.147559394970344" lon="117.76938611055728">
        <ele>5</ele>
        <time>2025-11-21T00:39:47Z</time>
      </trkpt>
      <trkpt lat="39.14758029494271" lon="117.76936732905611">
        <ele>5</ele>
        <time>2025-11-21T00:39:48Z</time>
      </trkpt>
      <trkpt lat="39.14759957104182" lon="117.76934827382762">
        <ele>5</ele>
        <time>2025-11-21T00:39:49Z</time>
      </trkpt>
      <trkpt lat="39.14761827189076" lon="117.76932961093239">
        <ele>5</ele>
        <time>2025-11-21T00:39:50Z</time>
      </trkpt>
      <trkpt lat="39.14763700026164" lon="117.76931308327747">
        <ele>5</ele>
        <time>2025-11-21T00:39:51Z</time>
      </trkpt>
      <trkpt lat="39.14765798265297" lon="117.76929642730592">
        <ele>4.8</ele>
        <time>2025-11-21T00:39:52Z</time>
      </trkpt>
      <trkpt lat="39.14767706668757" lon="117.76928256856277">
        <ele>4.8</ele>
        <time>2025-11-21T00:39:53Z</time>
      </trkpt>
      <trkpt lat="39.14769708858158" lon="117.76926895553665">
        <ele>4.8</ele>
        <time>2025-11-21T00:39:54Z</time>
      </trkpt>
      <trkpt lat="39.1477164095796" lon="117.76925674623142">
        <ele>4.8</ele>
        <time>2025-11-21T00:39:55Z</time>
      </trkpt>
      <trkpt lat="39.14773625499216" lon="117.76924453030034">
        <ele>4.8</ele>
        <time>2025-11-21T00:39:56Z</time>
      </trkpt>
      <trkpt lat="39.14775817127446" lon="117.76923097720656">
        <ele>4.8</ele>
        <time>2025-11-21T00:39:57Z</time>
      </trkpt>
      <trkpt lat="39.147779442790615" lon="117.76921782747904">
        <ele>4.8</ele>
        <time>2025-11-21T00:39:58Z</time>
      </trkpt>
      <trkpt lat="39.14780262512437" lon="117.76920370971912">
        <ele>4.8</ele>
        <time>2025-11-21T00:39:59Z</time>
      </trkpt>
      <trkpt lat="39.14782365977675" lon="117.76919097174643">
        <ele>4.8</ele>
        <time>2025-11-21T00:40:00Z</time>
      </trkpt>
      <trkpt lat="39.14784477464918" lon="117.76917786869811">
        <ele>4.8</ele>
        <time>2025-11-21T00:40:01Z</time>
      </trkpt>
      <trkpt lat="39.147865850709586" lon="117.76916418853305">
        <ele>4.5</ele>
        <time>2025-11-21T00:40:02Z</time>
      </trkpt>
      <trkpt lat="39.147887219293025" lon="117.7691502275443">
        <ele>4.5</ele>
        <time>2025-11-21T00:40:03Z</time>
      </trkpt>
      <trkpt lat="39.14790874166217" lon="117.76913620462379">
        <ele>4.5</ele>
        <time>2025-11-21T00:40:04Z</time>
      </trkpt>
      <trkpt lat="39.14793022662888" lon="117.76912231931577">
        <ele>4.5</ele>
        <time>2025-11-21T00:40:05Z</time>
      </trkpt>
      <trkpt lat="39.147951233937405" lon="117.76910826638799">
        <ele>4.5</ele>
        <time>2025-11-21T00:40:06Z</time>
      </trkpt>
      <trkpt lat="39.14797196704311" lon="117.76909439512791">
        <ele>4.3</ele>
        <time>2025-11-21T00:40:07Z</time>
      </trkpt>
      <trkpt lat="39.14799275496695" lon="117.76908045609217">
        <ele>4.3</ele>
        <time>2025-11-21T00:40:08Z</time>
      </trkpt>
      <trkpt lat="39.14801312931753" lon="117.76906757768374">
        <ele>4.3</ele>
        <time>2025-11-21T00:40:09Z</time>
      </trkpt>
      <trkpt lat="39.14803572269646" lon="117.769053974168">
        <ele>4.3</ele>
        <time>2025-11-21T00:40:10Z</time>
      </trkpt>
      <trkpt lat="39.148055832123646" lon="117.76904253254898">
        <ele>4.3</ele>
        <time>2025-11-21T00:40:11Z</time>
      </trkpt>
      <trkpt lat="39.148076104272654" lon="117.76903103920245">
        <ele>3.9</ele>
        <time>2025-11-21T00:40:12Z</time>
      </trkpt>
      <trkpt lat="39.14809688576672" lon="117.76901929310083">
        <ele>3.9</ele>
        <time>2025-11-21T00:40:13Z</time>
      </trkpt>
      <trkpt lat="39.14811769543923" lon="117.7690075556207">
        <ele>3.9</ele>
        <time>2025-11-21T00:40:14Z</time>
      </trkpt>
      <trkpt lat="39.14814098453076" lon="117.76899439809561">
        <ele>3.9</ele>
        <time>2025-11-21T00:40:15Z</time>
      </trkpt>
      <trkpt lat="39.14816126930438" lon="117.76898290500147">
        <ele>3.9</ele>
        <time>2025-11-21T00:40:16Z</time>
      </trkpt>
      <trkpt lat="39.14818164621757" lon="117.768971278375">
        <ele>3.6</ele>
        <time>2025-11-21T00:40:17Z</time>
      </trkpt>
      <trkpt lat="39.14820211320934" lon="117.7689595022305">
        <ele>3.6</ele>
        <time>2025-11-21T00:40:18Z</time>
      </trkpt>
      <trkpt lat="39.148222665979794" lon="117.7689475873053">
        <ele>3.6</ele>
        <time>2025-11-21T00:40:19Z</time>
      </trkpt>
      <trkpt lat="39.14824335579946" lon="117.76893553175778">
        <ele>3.6</ele>
        <time>2025-11-21T00:40:20Z</time>
      </trkpt>
      <trkpt lat="39.14826407812686" lon="117.76892344071997">
        <ele>3.6</ele>
        <time>2025-11-21T00:40:21Z</time>
      </trkpt>
      <trkpt lat="39.14828517188112" lon="117.76891115294308">
        <ele>3.3</ele>
        <time>2025-11-21T00:40:22Z</time>
      </trkpt>
      <trkpt lat="39.148306529806824" lon="117.76889876328323">
        <ele>3.3</ele>
        <time>2025-11-21T00:40:23Z</time>
      </trkpt>
      <trkpt lat="39.148328410436996" lon="117.76888614035165">
        <ele>3.3</ele>
        <time>2025-11-21T00:40:24Z</time>
      </trkpt>
      <trkpt lat="39.14835005626022" lon="117.76887373260986">
        <ele>3.3</ele>
        <time>2025-11-21T00:40:25Z</time>
      </trkpt>
      <trkpt lat="39.14837448429367" lon="117.76885983886277">
        <ele>3.3</ele>
        <time>2025-11-21T00:40:26Z</time>
      </trkpt>
      <trkpt lat="39.14839587119543" lon="117.768847736545">
        <ele>3</ele>
        <time>2025-11-21T00:40:27Z</time>
      </trkpt>
      <trkpt lat="39.148419759899724" lon="117.76883426714222">
        <ele>3</ele>
        <time>2025-11-21T00:40:28Z</time>
      </trkpt>
      <trkpt lat="39.14844062444499" lon="117.76882253728489">
        <ele>3</ele>
        <time>2025-11-21T00:40:29Z</time>
      </trkpt>
      <trkpt lat="39.14846152437029" lon="117.76881082126758">
        <ele>3</ele>
        <time>2025-11-21T00:40:30Z</time>
      </trkpt>
      <trkpt lat="39.148482452328615" lon="117.76879911701063">
        <ele>3</ele>
        <time>2025-11-21T00:40:31Z</time>
      </trkpt>
      <trkpt lat="39.14850322946934" lon="117.76878752516151">
        <ele>2.6</ele>
        <time>2025-11-21T00:40:32Z</time>
      </trkpt>
      <trkpt lat="39.148524153826244" lon="117.76877587384861">
        <ele>2.6</ele>
        <time>2025-11-21T00:40:33Z</time>
      </trkpt>
      <trkpt lat="39.14854485603011" lon="117.76876430896378">
        <ele>2.6</ele>
        <time>2025-11-21T00:40:34Z</time>
      </trkpt>
      <trkpt lat="39.14856559221958" lon="117.76875259552025">
        <ele>2.6</ele>
        <time>2025-11-21T00:40:35Z</time>
      </trkpt>
      <trkpt lat="39.14858597852698" lon="117.76874081096352">
        <ele>2.6</ele>
        <time>2025-11-21T00:40:36Z</time>
      </trkpt>
      <trkpt lat="39.148606232290724" lon="117.76872868024307">
        <ele>2.4</ele>
        <time>2025-11-21T00:40:37Z</time>
      </trkpt>
      <trkpt lat="39.14862602095615" lon="117.76871607976891">
        <ele>2.4</ele>
        <time>2025-11-21T00:40:38Z</time>
      </trkpt>
      <trkpt lat="39.14864512582863" lon="117.76870267269531">
        <ele>2.4</ele>
        <time>2025-11-21T00:40:39Z</time>
      </trkpt>
      <trkpt lat="39.148663013761826" lon="117.768687729847">
        <ele>2.4</ele>
        <time>2025-11-21T00:40:40Z</time>
      </trkpt>
      <trkpt lat="39.148679176981574" lon="117.7686702946163">
        <ele>2.4</ele>
        <time>2025-11-21T00:40:41Z</time>
      </trkpt>
      <trkpt lat="39.14869440793685" lon="117.768647572949">
        <ele>2.2</ele>
        <time>2025-11-21T00:40:42Z</time>
      </trkpt>
      <trkpt lat="39.14870523802588" lon="117.76862340584223">
        <ele>2.2</ele>
        <time>2025-11-21T00:40:43Z</time>
      </trkpt>
      <trkpt lat="39.14871524670624" lon="117.76859757501302">
        <ele>2.2</ele>
        <time>2025-11-21T00:40:44Z</time>
      </trkpt>
      <trkpt lat="39.14872557066804" lon="117.76857159208788">
        <ele>2.2</ele>
        <time>2025-11-21T00:40:45Z</time>
      </trkpt>
      <trkpt lat="39.14873763060724" lon="117.76854691564156">
        <ele>2.2</ele>
        <time>2025-11-21T00:40:46Z</time>
      </trkpt>
      <trkpt lat="39.148751298912195" lon="117.76852376666109">
        <ele>1.9</ele>
        <time>2025-11-21T00:40:47Z</time>
      </trkpt>
      <trkpt lat="39.148766199635176" lon="117.768502112604">
        <ele>1.9</ele>
        <time>2025-11-21T00:40:48Z</time>
      </trkpt>
      <trkpt lat="39.14878067286256" lon="117.76848058299072">
        <ele>1.9</ele>
        <time>2025-11-21T00:40:49Z</time>
      </trkpt>
      <trkpt lat="39.148794031087" lon="117.76845874071164">
        <ele>1.9</ele>
        <time>2025-11-21T00:40:50Z</time>
      </trkpt>
      <trkpt lat="39.148805746685326" lon="117.76843593130818">
        <ele>1.9</ele>
        <time>2025-11-21T00:40:51Z</time>
      </trkpt>
      <trkpt lat="39.14881605042658" lon="117.76841263757373">
        <ele>1.9</ele>
        <time>2025-11-21T00:40:52Z</time>
      </trkpt>
      <trkpt lat="39.148824953461414" lon="117.76838885860366">
        <ele>1.9</ele>
        <time>2025-11-21T00:40:53Z</time>
      </trkpt>
      <trkpt lat="39.14883197520298" lon="117.7683642051551">
        <ele>1.9</ele>
        <time>2025-11-21T00:40:54Z</time>
      </trkpt>
      <trkpt lat="39.14883734654758" lon="117.76833969856774">
        <ele>1.9</ele>
        <time>2025-11-21T00:40:55Z</time>
      </trkpt>
      <trkpt lat="39.14884149675543" lon="117.76831595787638">
        <ele>1.9</ele>
        <time>2025-11-21T00:40:56Z</time>
      </trkpt>
      <trkpt lat="39.14884433963012" lon="117.76829594231482">
        <ele>1.7</ele>
        <time>2025-11-21T00:40:57Z</time>
      </trkpt>
      <trkpt lat="39.14884673406308" lon="117.76828065237942">
        <ele>1.7</ele>
        <time>2025-11-21T00:40:58Z</time>
      </trkpt>
      <trkpt lat="39.14884964889615" lon="117.76826871169375">
        <ele>1.7</ele>
        <time>2025-11-21T00:40:59Z</time>
      </trkpt>
      <trkpt lat="39.14885238147879" lon="117.7682626737905">
        <ele>1.7</ele>
        <time>2025-11-21T00:41:00Z</time>
      </trkpt>
      <trkpt lat="39.14885658562358" lon="117.76825781363499">
        <ele>1.7</ele>
        <time>2025-11-21T00:41:01Z</time>
      </trkpt>
      <trkpt lat="39.14886037218013" lon="117.76825647324218">
        <ele>1.7</ele>
        <time>2025-11-21T00:41:02Z</time>
      </trkpt>
      <trkpt lat="39.14886528392992" lon="117.76825601125607">
        <ele>1.7</ele>
        <time>2025-11-21T00:41:03Z</time>
      </trkpt>
      <trkpt lat="39.14887014294539" lon="117.76825775313587">
        <ele>1.7</ele>
        <time>2025-11-21T00:41:04Z</time>
      </trkpt>
      <trkpt lat="39.14887456394988" lon="117.76826007901231">
        <ele>1.7</ele>
        <time>2025-11-21T00:41:05Z</time>
      </trkpt>
      <trkpt lat="39.14887875858236" lon="117.76826332984304">
        <ele>1.7</ele>
        <time>2025-11-21T00:41:06Z</time>
      </trkpt>
      <trkpt lat="39.148882433649334" lon="117.76826711955373">
        <ele>1.5</ele>
        <time>2025-11-21T00:41:07Z</time>
      </trkpt>
      <trkpt lat="39.14888693093257" lon="117.76827088183639">
        <ele>1.5</ele>
        <time>2025-11-21T00:41:08Z</time>
      </trkpt>
      <trkpt lat="39.14889168837057" lon="117.76827468328344">
        <ele>1.5</ele>
        <time>2025-11-21T00:41:09Z</time>
      </trkpt>
      <trkpt lat="39.14889518491172" lon="117.76827687064308">
        <ele>1.5</ele>
        <time>2025-11-21T00:41:10Z</time>
      </trkpt>
      <trkpt lat="39.14889866012331" lon="117.76827937443313">
        <ele>1.5</ele>
        <time>2025-11-21T00:41:11Z</time>
      </trkpt>
      <trkpt lat="39.148901410274235" lon="117.76828100452995">
        <ele>1.5</ele>
        <time>2025-11-21T00:41:12Z</time>
      </trkpt>
      <trkpt lat="39.148904140335034" lon="117.7682825511622">
        <ele>1.5</ele>
        <time>2025-11-21T00:41:13Z</time>
      </trkpt>
      <trkpt lat="39.148905734321694" lon="117.76828280427067">
        <ele>1.5</ele>
        <time>2025-11-21T00:41:14Z</time>
      </trkpt>
      <trkpt lat="39.148906402752786" lon="117.76828289708199">
        <ele>1.5</ele>
        <time>2025-11-21T00:41:15Z</time>
      </trkpt>
      <trkpt lat="39.14890730662605" lon="117.76828347403585">
        <ele>1.5</ele>
        <time>2025-11-21T00:41:16Z</time>
      </trkpt>
      <trkpt lat="39.14890857227665" lon="117.7682847706176">
        <ele>1.8</ele>
        <time>2025-11-21T00:41:17Z</time>
      </trkpt>
      <trkpt lat="39.14891014503742" lon="117.768286600809">
        <ele>1.8</ele>
        <time>2025-11-21T00:41:18Z</time>
      </trkpt>
      <trkpt lat="39.14891275950879" lon="117.76828895403358">
        <ele>1.8</ele>
        <time>2025-11-21T00:41:19Z</time>
      </trkpt>
      <trkpt lat="39.14891605867495" lon="117.76829178751589">
        <ele>1.8</ele>
        <time>2025-11-21T00:41:20Z</time>
      </trkpt>
      <trkpt lat="39.14891973149405" lon="117.76829481335808">
        <ele>1.8</ele>
        <time>2025-11-21T00:41:21Z</time>
      </trkpt>
      <trkpt lat="39.14892318184616" lon="117.76829891467062">
        <ele>2</ele>
        <time>2025-11-21T00:41:22Z</time>
      </trkpt>
      <trkpt lat="39.14892515849152" lon="117.7683014335567">
        <ele>2</ele>
        <time>2025-11-21T00:41:23Z</time>
      </trkpt>
      <trkpt lat="39.14892661556198" lon="117.76830403158385">
        <ele>2</ele>
        <time>2025-11-21T00:41:24Z</time>
      </trkpt>
      <trkpt lat="39.14892681886887" lon="117.76830395407409">
        <ele>2</ele>
        <time>2025-11-21T00:41:25Z</time>
      </trkpt>
      <trkpt lat="39.14892834189235" lon="117.76830506696128">
        <ele>2</ele>
        <time>2025-11-21T00:41:26Z</time>
      </trkpt>
      <trkpt lat="39.14892910616611" lon="117.76830492177743">
        <ele>2</ele>
        <time>2025-11-21T00:41:27Z</time>
      </trkpt>
      <trkpt lat="39.14892972649167" lon="117.76830539219505">
        <ele>2</ele>
        <time>2025-11-21T00:41:28Z</time>
      </trkpt>
      <trkpt lat="39.14892943757312" lon="117.76830513685447">
        <ele>2</ele>
        <time>2025-11-21T00:41:29Z</time>
      </trkpt>
      <trkpt lat="39.14892996113881" lon="117.7683055041295">
        <ele>2</ele>
        <time>2025-11-21T00:41:30Z</time>
      </trkpt>
      <trkpt lat="39.14893026191742" lon="117.76830596032102">
        <ele>2</ele>
        <time>2025-11-21T00:41:31Z</time>
      </trkpt>
      <trkpt lat="39.148930864051025" lon="117.76830754471123">
        <ele>2</ele>
        <time>2025-11-21T00:41:32Z</time>
      </trkpt>
      <trkpt lat="39.148931714708596" lon="117.76831006945638">
        <ele>2</ele>
        <time>2025-11-21T00:41:33Z</time>
      </trkpt>
      <trkpt lat="39.14893285396267" lon="117.76831380376412">
        <ele>2</ele>
        <time>2025-11-21T00:41:34Z</time>
      </trkpt>
      <trkpt lat="39.14893462704915" lon="117.76831994460468">
        <ele>2</ele>
        <time>2025-11-21T00:41:35Z</time>
      </trkpt>
      <trkpt lat="39.14893646531357" lon="117.76832890961256">
        <ele>2</ele>
        <time>2025-11-21T00:41:36Z</time>
      </trkpt>
      <trkpt lat="39.148940730050825" lon="117.76834422619851">
        <ele>1.7</ele>
        <time>2025-11-21T00:41:37Z</time>
      </trkpt>
      <trkpt lat="39.14894600070325" lon="117.76835943163313">
        <ele>1.7</ele>
        <time>2025-11-21T00:41:38Z</time>
      </trkpt>
      <trkpt lat="39.1489551319053" lon="117.76837702526052">
        <ele>1.7</ele>
        <time>2025-11-21T00:41:39Z</time>
      </trkpt>
      <trkpt lat="39.14896789281907" lon="117.76839009134768">
        <ele>1.7</ele>
        <time>2025-11-21T00:41:40Z</time>
      </trkpt>
      <trkpt lat="39.14898618976647" lon="117.7684008287237">
        <ele>1.7</ele>
        <time>2025-11-21T00:41:41Z</time>
      </trkpt>
      <trkpt lat="39.14900708676331" lon="117.76840412172066">
        <ele>1.7</ele>
        <time>2025-11-21T00:41:42Z</time>
      </trkpt>
      <trkpt lat="39.1490315339248" lon="117.76840185320756">
        <ele>1.7</ele>
        <time>2025-11-21T00:41:43Z</time>
      </trkpt>
      <trkpt lat="39.14905498840834" lon="117.76839686187971">
        <ele>1.7</ele>
        <time>2025-11-21T00:41:44Z</time>
      </trkpt>
      <trkpt lat="39.14908002298546" lon="117.76839087749045">
        <ele>1.7</ele>
        <time>2025-11-21T00:41:45Z</time>
      </trkpt>
      <trkpt lat="39.149102656669406" lon="117.76838694268797">
        <ele>1.7</ele>
        <time>2025-11-21T00:41:46Z</time>
      </trkpt>
      <trkpt lat="39.149125791884536" lon="117.76838477720787">
        <ele>1.5</ele>
        <time>2025-11-21T00:41:47Z</time>
      </trkpt>
      <trkpt lat="39.14914784737155" lon="117.7683846574473">
        <ele>1.5</ele>
        <time>2025-11-21T00:41:48Z</time>
      </trkpt>
      <trkpt lat="39.1491705766628" lon="117.76838484770494">
        <ele>1.5</ele>
        <time>2025-11-21T00:41:49Z</time>
      </trkpt>
      <trkpt lat="39.149195823058605" lon="117.76838436435845">
        <ele>1.5</ele>
        <time>2025-11-21T00:41:50Z</time>
      </trkpt>
      <trkpt lat="39.14922049659962" lon="117.7683827700189">
        <ele>1.5</ele>
        <time>2025-11-21T00:41:51Z</time>
      </trkpt>
      <trkpt lat="39.149245507761776" lon="117.76838010404757">
        <ele>1.5</ele>
        <time>2025-11-21T00:41:52Z</time>
      </trkpt>
      <trkpt lat="39.14926778116644" lon="117.76837697993311">
        <ele>1.5</ele>
        <time>2025-11-21T00:41:53Z</time>
      </trkpt>
      <trkpt lat="39.149292571168715" lon="117.7683734410922">
        <ele>1.5</ele>
        <time>2025-11-21T00:41:54Z</time>
      </trkpt>
      <trkpt lat="39.14931694514835" lon="117.76837014091309">
        <ele>1.5</ele>
        <time>2025-11-21T00:41:55Z</time>
      </trkpt>
      <trkpt lat="39.14934205826136" lon="117.7683671337632">
        <ele>1.5</ele>
        <time>2025-11-21T00:41:56Z</time>
      </trkpt>
      <trkpt lat="39.14936716656524" lon="117.76836440363772">
        <ele>1.5</ele>
        <time>2025-11-21T00:41:57Z</time>
      </trkpt>
      <trkpt lat="39.149392314457515" lon="117.76836228095756">
        <ele>1.5</ele>
        <time>2025-11-21T00:41:58Z</time>
      </trkpt>
      <trkpt lat="39.14941820809344" lon="117.76836103677817">
        <ele>1.5</ele>
        <time>2025-11-21T00:41:59Z</time>
      </trkpt>
      <trkpt lat="39.149442282092174" lon="117.76836121631575">
        <ele>1.5</ele>
        <time>2025-11-21T00:42:00Z</time>
      </trkpt>
      <trkpt lat="39.149468757770364" lon="117.76836276980464">
        <ele>1.5</ele>
        <time>2025-11-21T00:42:01Z</time>
      </trkpt>
      <trkpt lat="39.149494627029945" lon="117.76836526114245">
        <ele>1.5</ele>
        <time>2025-11-21T00:42:02Z</time>
      </trkpt>
      <trkpt lat="39.14952042125053" lon="117.7683686740183">
        <ele>1.5</ele>
        <time>2025-11-21T00:42:03Z</time>
      </trkpt>
      <trkpt lat="39.14954591638184" lon="117.76837272484126">
        <ele>1.5</ele>
        <time>2025-11-21T00:42:04Z</time>
      </trkpt>
      <trkpt lat="39.14957117405339" lon="117.76837713592803">
        <ele>1.5</ele>
        <time>2025-11-21T00:42:05Z</time>
      </trkpt>
      <trkpt lat="39.149596112682225" lon="117.76838161148956">
        <ele>1.5</ele>
        <time>2025-11-21T00:42:06Z</time>
      </trkpt>
      <trkpt lat="39.14962118638384" lon="117.76838617953928">
        <ele>1.5</ele>
        <time>2025-11-21T00:42:07Z</time>
      </trkpt>
      <trkpt lat="39.149646616183" lon="117.76839083946402">
        <ele>1.5</ele>
        <time>2025-11-21T00:42:08Z</time>
      </trkpt>
      <trkpt lat="39.14967258033701" lon="117.76839557707544">
        <ele>1.5</ele>
        <time>2025-11-21T00:42:09Z</time>
      </trkpt>
      <trkpt lat="39.1496978107937" lon="117.76840141494033">
        <ele>1.5</ele>
        <time>2025-11-21T00:42:10Z</time>
      </trkpt>
      <trkpt lat="39.14972167809802" lon="117.76840775277878">
        <ele>1.5</ele>
        <time>2025-11-21T00:42:11Z</time>
      </trkpt>
      <trkpt lat="39.1497440516794" lon="117.76841464821476">
        <ele>1.5</ele>
        <time>2025-11-21T00:42:12Z</time>
      </trkpt>
      <trkpt lat="39.149766617416" lon="117.768421634541">
        <ele>1.5</ele>
        <time>2025-11-21T00:42:13Z</time>
      </trkpt>
      <trkpt lat="39.149788911000144" lon="117.76842861179341">
        <ele>1.5</ele>
        <time>2025-11-21T00:42:14Z</time>
      </trkpt>
      <trkpt lat="39.149811513531866" lon="117.76843578130905">
        <ele>1.5</ele>
        <time>2025-11-21T00:42:15Z</time>
      </trkpt>
      <trkpt lat="39.14983160996705" lon="117.76844225611563">
        <ele>1.5</ele>
        <time>2025-11-21T00:42:16Z</time>
      </trkpt>
      <trkpt lat="39.14985497554717" lon="117.76844988477751">
        <ele>1.5</ele>
        <time>2025-11-21T00:42:17Z</time>
      </trkpt>
      <trkpt lat="39.149878269866925" lon="117.76845757285444">
        <ele>1.5</ele>
        <time>2025-11-21T00:42:18Z</time>
      </trkpt>
      <trkpt lat="39.14990145341723" lon="117.76846527966715">
        <ele>1.5</ele>
        <time>2025-11-21T00:42:19Z</time>
      </trkpt>
      <trkpt lat="39.149924534799936" lon="117.76847296430518">
        <ele>1.5</ele>
        <time>2025-11-21T00:42:20Z</time>
      </trkpt>
      <trkpt lat="39.14994736969475" lon="117.76848054587923">
        <ele>1.5</ele>
        <time>2025-11-21T00:42:21Z</time>
      </trkpt>
      <trkpt lat="39.1499701717498" lon="117.76848806744452">
        <ele>1.5</ele>
        <time>2025-11-21T00:42:22Z</time>
      </trkpt>
      <trkpt lat="39.1499928212695" lon="117.76849548636228">
        <ele>1.5</ele>
        <time>2025-11-21T00:42:23Z</time>
      </trkpt>
      <trkpt lat="39.15001565314735" lon="117.76850291560979">
        <ele>1.5</ele>
        <time>2025-11-21T00:42:24Z</time>
      </trkpt>
      <trkpt lat="39.15003849729828" lon="117.76851030574703">
        <ele>1.5</ele>
        <time>2025-11-21T00:42:25Z</time>
      </trkpt>
      <trkpt lat="39.15006131854619" lon="117.76851766543197">
        <ele>1.5</ele>
        <time>2025-11-21T00:42:26Z</time>
      </trkpt>
      <trkpt lat="39.15008418745292" lon="117.76852504224499">
        <ele>1.5</ele>
        <time>2025-11-21T00:42:27Z</time>
      </trkpt>
      <trkpt lat="39.15010691496409" lon="117.76853242219744">
        <ele>1.5</ele>
        <time>2025-11-21T00:42:28Z</time>
      </trkpt>
      <trkpt lat="39.150130232211104" lon="117.76854006404179">
        <ele>1.5</ele>
        <time>2025-11-21T00:42:29Z</time>
      </trkpt>
      <trkpt lat="39.150153375112176" lon="117.76854771910371">
        <ele>1.5</ele>
        <time>2025-11-21T00:42:30Z</time>
      </trkpt>
      <trkpt lat="39.15017915041023" lon="117.76855625501844">
        <ele>1.5</ele>
        <time>2025-11-21T00:42:31Z</time>
      </trkpt>
      <trkpt lat="39.15020182235307" lon="117.76856378346208">
        <ele>1.5</ele>
        <time>2025-11-21T00:42:32Z</time>
      </trkpt>
      <trkpt lat="39.15022459600925" lon="117.76857129779748">
        <ele>1.5</ele>
        <time>2025-11-21T00:42:33Z</time>
      </trkpt>
      <trkpt lat="39.150247844947174" lon="117.76857888238705">
        <ele>1.5</ele>
        <time>2025-11-21T00:42:34Z</time>
      </trkpt>
      <trkpt lat="39.15027076896915" lon="117.76858625334378">
        <ele>1.5</ele>
        <time>2025-11-21T00:42:35Z</time>
      </trkpt>
      <trkpt lat="39.15029625589387" lon="117.76859433499658">
        <ele>1.5</ele>
        <time>2025-11-21T00:42:36Z</time>
      </trkpt>
      <trkpt lat="39.150318565871316" lon="117.76860130312858">
        <ele>1.5</ele>
        <time>2025-11-21T00:42:37Z</time>
      </trkpt>
      <trkpt lat="39.150340803164084" lon="117.76860820512893">
        <ele>1.5</ele>
        <time>2025-11-21T00:42:38Z</time>
      </trkpt>
      <trkpt lat="39.150362845816936" lon="117.76861505426048">
        <ele>1.5</ele>
        <time>2025-11-21T00:42:39Z</time>
      </trkpt>
      <trkpt lat="39.150384853585045" lon="117.7686219478722">
        <ele>1.5</ele>
        <time>2025-11-21T00:42:40Z</time>
      </trkpt>
      <trkpt lat="39.15040699653731" lon="117.76862894275976">
        <ele>1.5</ele>
        <time>2025-11-21T00:42:41Z</time>
      </trkpt>
      <trkpt lat="39.15042917343463" lon="117.76863600649241">
        <ele>1.5</ele>
        <time>2025-11-21T00:42:42Z</time>
      </trkpt>
      <trkpt lat="39.15045151025717" lon="117.76864315468927">
        <ele>1.5</ele>
        <time>2025-11-21T00:42:43Z</time>
      </trkpt>
      <trkpt lat="39.15047422738025" lon="117.76865047722407">
        <ele>1.5</ele>
        <time>2025-11-21T00:42:44Z</time>
      </trkpt>
      <trkpt lat="39.15049776584016" lon="117.76865806100439">
        <ele>1.5</ele>
        <time>2025-11-21T00:42:45Z</time>
      </trkpt>
      <trkpt lat="39.150522743620684" lon="117.76866618512537">
        <ele>1.5</ele>
        <time>2025-11-21T00:42:46Z</time>
      </trkpt>
      <trkpt lat="39.15055075866591" lon="117.76867506077713">
        <ele>1.5</ele>
        <time>2025-11-21T00:42:47Z</time>
      </trkpt>
      <trkpt lat="39.15057682194775" lon="117.76868262222108">
        <ele>1.5</ele>
        <time>2025-11-21T00:42:48Z</time>
      </trkpt>
      <trkpt lat="39.1506013203045" lon="117.76868990258554">
        <ele>1.5</ele>
        <time>2025-11-21T00:42:49Z</time>
      </trkpt>
      <trkpt lat="39.150624777349876" lon="117.7686974528444">
        <ele>1.5</ele>
        <time>2025-11-21T00:42:50Z</time>
      </trkpt>
      <trkpt lat="39.150646863971545" lon="117.76870545545525">
        <ele>1.5</ele>
        <time>2025-11-21T00:42:51Z</time>
      </trkpt>
      <trkpt lat="39.15066908311257" lon="117.76871337229942">
        <ele>1.5</ele>
        <time>2025-11-21T00:42:52Z</time>
      </trkpt>
      <trkpt lat="39.15069180104826" lon="117.76872137292696">
        <ele>1.5</ele>
        <time>2025-11-21T00:42:53Z</time>
      </trkpt>
      <trkpt lat="39.15071461535606" lon="117.76872930779696">
        <ele>1.5</ele>
        <time>2025-11-21T00:42:54Z</time>
      </trkpt>
      <trkpt lat="39.150737512227124" lon="117.76873719418434">
        <ele>1.5</ele>
        <time>2025-11-21T00:42:55Z</time>
      </trkpt>
      <trkpt lat="39.15076031293165" lon="117.7687450526907">
        <ele>1.5</ele>
        <time>2025-11-21T00:42:56Z</time>
      </trkpt>
      <trkpt lat="39.150783135228664" lon="117.76875302389178">
        <ele>1.5</ele>
        <time>2025-11-21T00:42:57Z</time>
      </trkpt>
      <trkpt lat="39.150805837592" lon="117.76876113334659">
        <ele>1.5</ele>
        <time>2025-11-21T00:42:58Z</time>
      </trkpt>
      <trkpt lat="39.15082849207763" lon="117.7687694676259">
        <ele>1.5</ele>
        <time>2025-11-21T00:42:59Z</time>
      </trkpt>
      <trkpt lat="39.150850569157136" lon="117.7687778255244">
        <ele>1.5</ele>
        <time>2025-11-21T00:43:00Z</time>
      </trkpt>
      <trkpt lat="39.15087231038127" lon="117.76878630627715">
        <ele>1.5</ele>
        <time>2025-11-21T00:43:01Z</time>
      </trkpt>
      <trkpt lat="39.1508916099941" lon="117.76879404603065">
        <ele>1.5</ele>
        <time>2025-11-21T00:43:02Z</time>
      </trkpt>
      <trkpt lat="39.15091158896458" lon="117.76880226495766">
        <ele>1.5</ele>
        <time>2025-11-21T00:43:03Z</time>
      </trkpt>
      <trkpt lat="39.1509348019155" lon="117.76881197088201">
        <ele>1.5</ele>
        <time>2025-11-21T00:43:04Z</time>
      </trkpt>
      <trkpt lat="39.150957815634285" lon="117.76882173940523">
        <ele>1.5</ele>
        <time>2025-11-21T00:43:05Z</time>
      </trkpt>
      <trkpt lat="39.1509829453712" lon="117.76883251042317">
        <ele>1.5</ele>
        <time>2025-11-21T00:43:06Z</time>
      </trkpt>
      <trkpt lat="39.15100500603465" lon="117.76884216551794">
        <ele>1.8</ele>
        <time>2025-11-21T00:43:07Z</time>
      </trkpt>
      <trkpt lat="39.151026940866615" lon="117.76885188464207">
        <ele>1.8</ele>
        <time>2025-11-21T00:43:08Z</time>
      </trkpt>
      <trkpt lat="39.151049070756194" lon="117.76886176915073">
        <ele>1.8</ele>
        <time>2025-11-21T00:43:09Z</time>
      </trkpt>
      <trkpt lat="39.151071252107585" lon="117.76887172051866">
        <ele>1.8</ele>
        <time>2025-11-21T00:43:10Z</time>
      </trkpt>
      <trkpt lat="39.151093479046" lon="117.76888172656942">
        <ele>1.8</ele>
        <time>2025-11-21T00:43:11Z</time>
      </trkpt>
      <trkpt lat="39.15111571437971" lon="117.76889179563622">
        <ele>1.8</ele>
        <time>2025-11-21T00:43:12Z</time>
      </trkpt>
      <trkpt lat="39.15113793016148" lon="117.76890191242154">
        <ele>1.8</ele>
        <time>2025-11-21T00:43:13Z</time>
      </trkpt>
      <trkpt lat="39.15116005114631" lon="117.76891202521847">
        <ele>1.8</ele>
        <time>2025-11-21T00:43:14Z</time>
      </trkpt>
      <trkpt lat="39.15118213157799" lon="117.76892211192335">
        <ele>1.8</ele>
        <time>2025-11-21T00:43:15Z</time>
      </trkpt>
      <trkpt lat="39.15120380434586" lon="117.76893196214745">
        <ele>1.8</ele>
        <time>2025-11-21T00:43:16Z</time>
      </trkpt>
      <trkpt lat="39.15122565243742" lon="117.768941800076">
        <ele>1.8</ele>
        <time>2025-11-21T00:43:17Z</time>
      </trkpt>
      <trkpt lat="39.151245099708994" lon="117.7689505422178">
        <ele>1.8</ele>
        <time>2025-11-21T00:43:18Z</time>
      </trkpt>
      <trkpt lat="39.15126753515514" lon="117.76896046510909">
        <ele>1.8</ele>
        <time>2025-11-21T00:43:19Z</time>
      </trkpt>
      <trkpt lat="39.151290059428234" lon="117.76897035763955">
        <ele>1.8</ele>
        <time>2025-11-21T00:43:20Z</time>
      </trkpt>
      <trkpt lat="39.15131266967268" lon="117.76898026513132">
        <ele>1.8</ele>
        <time>2025-11-21T00:43:21Z</time>
      </trkpt>
      <trkpt lat="39.15133557033748" lon="117.76899030057328">
        <ele>1.8</ele>
        <time>2025-11-21T00:43:22Z</time>
      </trkpt>
      <trkpt lat="39.151359458599984" lon="117.76900086285404">
        <ele>1.8</ele>
        <time>2025-11-21T00:43:23Z</time>
      </trkpt>
      <trkpt lat="39.1513837925655" lon="117.76901183932122">
        <ele>1.8</ele>
        <time>2025-11-21T00:43:24Z</time>
      </trkpt>
      <trkpt lat="39.151408002333966" lon="117.76902283782229">
        <ele>1.8</ele>
        <time>2025-11-21T00:43:25Z</time>
      </trkpt>
      <trkpt lat="39.151430732192516" lon="117.76903369242709">
        <ele>1.8</ele>
        <time>2025-11-21T00:43:26Z</time>
      </trkpt>
      <trkpt lat="39.15145255594289" lon="117.7690445008224">
        <ele>1.8</ele>
        <time>2025-11-21T00:43:27Z</time>
      </trkpt>
      <trkpt lat="39.151474300506656" lon="117.76905610186047">
        <ele>1.8</ele>
        <time>2025-11-21T00:43:28Z</time>
      </trkpt>
      <trkpt lat="39.151496040521224" lon="117.76906762247172">
        <ele>1.8</ele>
        <time>2025-11-21T00:43:29Z</time>
      </trkpt>
      <trkpt lat="39.151519923857876" lon="117.76908026576744">
        <ele>1.8</ele>
        <time>2025-11-21T00:43:30Z</time>
      </trkpt>
      <trkpt lat="39.15154053378383" lon="117.76909108882543">
        <ele>1.8</ele>
        <time>2025-11-21T00:43:31Z</time>
      </trkpt>
      <trkpt lat="39.15156069668086" lon="117.76910171441949">
        <ele>1.8</ele>
        <time>2025-11-21T00:43:32Z</time>
      </trkpt>
      <trkpt lat="39.15157865100391" lon="117.76911122474343">
        <ele>1.8</ele>
        <time>2025-11-21T00:43:33Z</time>
      </trkpt>
      <trkpt lat="39.15159699912487" lon="117.76912107320402">
        <ele>1.8</ele>
        <time>2025-11-21T00:43:34Z</time>
      </trkpt>
      <trkpt lat="39.15161845897143" lon="117.76913278540844">
        <ele>1.8</ele>
        <time>2025-11-21T00:43:35Z</time>
      </trkpt>
      <trkpt lat="39.151639200367754" lon="117.7691442769269">
        <ele>1.8</ele>
        <time>2025-11-21T00:43:36Z</time>
      </trkpt>
      <trkpt lat="39.15166014934019" lon="117.76915606220442">
        <ele>1.8</ele>
        <time>2025-11-21T00:43:37Z</time>
      </trkpt>
      <trkpt lat="39.1516777993191" lon="117.7691661608745">
        <ele>1.8</ele>
        <time>2025-11-21T00:43:38Z</time>
      </trkpt>
      <trkpt lat="39.15169861315278" lon="117.7691780957281">
        <ele>1.8</ele>
        <time>2025-11-21T00:43:39Z</time>
      </trkpt>
      <trkpt lat="39.15171903745424" lon="117.76918986686388">
        <ele>1.8</ele>
        <time>2025-11-21T00:43:40Z</time>
      </trkpt>
      <trkpt lat="39.151740020568404" lon="117.7692019702984">
        <ele>1.8</ele>
        <time>2025-11-21T00:43:41Z</time>
      </trkpt>
      <trkpt lat="39.15176084982731" lon="117.76921397422285">
        <ele>1.8</ele>
        <time>2025-11-21T00:43:42Z</time>
      </trkpt>
      <trkpt lat="39.151781879274765" lon="117.76922603282989">
        <ele>1.8</ele>
        <time>2025-11-21T00:43:43Z</time>
      </trkpt>
      <trkpt lat="39.151803021980456" lon="117.76923808871821">
        <ele>1.8</ele>
        <time>2025-11-21T00:43:44Z</time>
      </trkpt>
      <trkpt lat="39.151824155807326" lon="117.76925007847137">
        <ele>1.8</ele>
        <time>2025-11-21T00:43:45Z</time>
      </trkpt>
      <trkpt lat="39.1518447743154" lon="117.76926172756441">
        <ele>1.8</ele>
        <time>2025-11-21T00:43:46Z</time>
      </trkpt>
      <trkpt lat="39.151865468172616" lon="117.76927336165016">
        <ele>1.8</ele>
        <time>2025-11-21T00:43:47Z</time>
      </trkpt>
      <trkpt lat="39.1518838600776" lon="117.76928367929449">
        <ele>1.8</ele>
        <time>2025-11-21T00:43:48Z</time>
      </trkpt>
      <trkpt lat="39.15190523704616" lon="117.76929564017753">
        <ele>1.8</ele>
        <time>2025-11-21T00:43:49Z</time>
      </trkpt>
      <trkpt lat="39.15192643760515" lon="117.769307530778">
        <ele>1.8</ele>
        <time>2025-11-21T00:43:50Z</time>
      </trkpt>
      <trkpt lat="39.15194746633385" lon="117.76931935617753">
        <ele>1.8</ele>
        <time>2025-11-21T00:43:51Z</time>
      </trkpt>
      <trkpt lat="39.15196826243059" lon="117.76933107659009">
        <ele>1.8</ele>
        <time>2025-11-21T00:43:52Z</time>
      </trkpt>
      <trkpt lat="39.15198902339582" lon="117.76934277243643">
        <ele>1.8</ele>
        <time>2025-11-21T00:43:53Z</time>
      </trkpt>
      <trkpt lat="39.152009959840456" lon="117.76935454153902">
        <ele>1.8</ele>
        <time>2025-11-21T00:43:54Z</time>
      </trkpt>
      <trkpt lat="39.152030918518605" lon="117.76936628175872">
        <ele>1.8</ele>
        <time>2025-11-21T00:43:55Z</time>
      </trkpt>
      <trkpt lat="39.152052086416525" lon="117.7693780796722">
        <ele>1.8</ele>
        <time>2025-11-21T00:43:56Z</time>
      </trkpt>
      <trkpt lat="39.15207312913938" lon="117.76938974615942">
        <ele>1.8</ele>
        <time>2025-11-21T00:43:57Z</time>
      </trkpt>
      <trkpt lat="39.152094317973365" lon="117.76940140667713">
        <ele>1.8</ele>
        <time>2025-11-21T00:43:58Z</time>
      </trkpt>
      <trkpt lat="39.15211534610591" lon="117.76941286692657">
        <ele>1.8</ele>
        <time>2025-11-21T00:43:59Z</time>
      </trkpt>
      <trkpt lat="39.15213627416179" lon="117.76942415823015">
        <ele>1.8</ele>
        <time>2025-11-21T00:44:00Z</time>
      </trkpt>
      <trkpt lat="39.15215725036151" lon="117.7694353078131">
        <ele>1.8</ele>
        <time>2025-11-21T00:44:01Z</time>
      </trkpt>
      <trkpt lat="39.15217774936945" lon="117.76944621061065">
        <ele>1.8</ele>
        <time>2025-11-21T00:44:02Z</time>
      </trkpt>
      <trkpt lat="39.152199199928894" lon="117.76945722979998">
        <ele>1.8</ele>
        <time>2025-11-21T00:44:03Z</time>
      </trkpt>
      <trkpt lat="39.152218533123225" lon="117.76946790142655">
        <ele>1.8</ele>
        <time>2025-11-21T00:44:04Z</time>
      </trkpt>
      <trkpt lat="39.15223796273222" lon="117.7694800204725">
        <ele>1.8</ele>
        <time>2025-11-21T00:44:05Z</time>
      </trkpt>
      <trkpt lat="39.15225766999088" lon="117.76949528960787">
        <ele>1.8</ele>
        <time>2025-11-21T00:44:06Z</time>
      </trkpt>
      <trkpt lat="39.15227649653662" lon="117.7695107151955">
        <ele>1.8</ele>
        <time>2025-11-21T00:44:07Z</time>
      </trkpt>
      <trkpt lat="39.15229554203822" lon="117.7695258887073">
        <ele>1.8</ele>
        <time>2025-11-21T00:44:08Z</time>
      </trkpt>
      <trkpt lat="39.152315092245516" lon="117.76954007067633">
        <ele>1.8</ele>
        <time>2025-11-21T00:44:09Z</time>
      </trkpt>
      <trkpt lat="39.15233466445124" lon="117.7695535595346">
        <ele>1.8</ele>
        <time>2025-11-21T00:44:10Z</time>
      </trkpt>
      <trkpt lat="39.152355884992666" lon="117.7695678150279">
        <ele>1.8</ele>
        <time>2025-11-21T00:44:11Z</time>
      </trkpt>
      <trkpt lat="39.15237563736076" lon="117.76958048782264">
        <ele>1.8</ele>
        <time>2025-11-21T00:44:12Z</time>
      </trkpt>
      <trkpt lat="39.152395705246285" lon="117.7695933090144">
        <ele>1.8</ele>
        <time>2025-11-21T00:44:13Z</time>
      </trkpt>
      <trkpt lat="39.15241620082455" lon="117.7696064225855">
        <ele>1.8</ele>
        <time>2025-11-21T00:44:14Z</time>
      </trkpt>
      <trkpt lat="39.1524364742631" lon="117.76961984840558">
        <ele>1.8</ele>
        <time>2025-11-21T00:44:15Z</time>
      </trkpt>
      <trkpt lat="39.15245668481421" lon="117.76963354591305">
        <ele>1.8</ele>
        <time>2025-11-21T00:44:16Z</time>
      </trkpt>
      <trkpt lat="39.15247693941771" lon="117.76964747373043">
        <ele>1.8</ele>
        <time>2025-11-21T00:44:17Z</time>
      </trkpt>
      <trkpt lat="39.15249719738627" lon="117.76966129310715">
        <ele>1.8</ele>
        <time>2025-11-21T00:44:18Z</time>
      </trkpt>
      <trkpt lat="39.15251783641778" lon="117.76967523321673">
        <ele>1.8</ele>
        <time>2025-11-21T00:44:19Z</time>
      </trkpt>
      <trkpt lat="39.15253704941332" lon="117.76968802480972">
        <ele>1.8</ele>
        <time>2025-11-21T00:44:20Z</time>
      </trkpt>
      <trkpt lat="39.15255667418669" lon="117.76970079701194">
        <ele>1.8</ele>
        <time>2025-11-21T00:44:21Z</time>
      </trkpt>
      <trkpt lat="39.15257822529966" lon="117.76971461025701">
        <ele>2</ele>
        <time>2025-11-21T00:44:22Z</time>
      </trkpt>
      <trkpt lat="39.15259937795145" lon="117.76972846369539">
        <ele>2</ele>
        <time>2025-11-21T00:44:23Z</time>
      </trkpt>
      <trkpt lat="39.15262031726985" lon="117.76974263571823">
        <ele>2</ele>
        <time>2025-11-21T00:44:24Z</time>
      </trkpt>
      <trkpt lat="39.15264145030376" lon="117.7697570249576">
        <ele>2</ele>
        <time>2025-11-21T00:44:25Z</time>
      </trkpt>
      <trkpt lat="39.15266254958202" lon="117.7697703595257">
        <ele>2</ele>
        <time>2025-11-21T00:44:26Z</time>
      </trkpt>
      <trkpt lat="39.152685819516435" lon="117.76978350000161">
        <ele>2</ele>
        <time>2025-11-21T00:44:27Z</time>
      </trkpt>
      <trkpt lat="39.152707375834886" lon="117.76979425157373">
        <ele>2</ele>
        <time>2025-11-21T00:44:28Z</time>
      </trkpt>
      <trkpt lat="39.15272952253251" lon="117.76980489124855">
        <ele>2</ele>
        <time>2025-11-21T00:44:29Z</time>
      </trkpt>
      <trkpt lat="39.15275184029978" lon="117.76981553356386">
        <ele>2</ele>
        <time>2025-11-21T00:44:30Z</time>
      </trkpt>
      <trkpt lat="39.15277391788315" lon="117.76982624308428">
        <ele>2</ele>
        <time>2025-11-21T00:44:31Z</time>
      </trkpt>
      <trkpt lat="39.152795682608954" lon="117.76983672816979">
        <ele>2</ele>
        <time>2025-11-21T00:44:32Z</time>
      </trkpt>
      <trkpt lat="39.15281763140091" lon="117.76984663923449">
        <ele>2</ele>
        <time>2025-11-21T00:44:33Z</time>
      </trkpt>
      <trkpt lat="39.15283931825282" lon="117.76985579009315">
        <ele>2</ele>
        <time>2025-11-21T00:44:34Z</time>
      </trkpt>
      <trkpt lat="39.1528632709412" lon="117.76986490247829">
        <ele>2</ele>
        <time>2025-11-21T00:44:35Z</time>
      </trkpt>
      <trkpt lat="39.152884673278905" lon="117.76987211011907">
        <ele>2</ele>
        <time>2025-11-21T00:44:36Z</time>
      </trkpt>
      <trkpt lat="39.152908329148126" lon="117.76987877215758">
        <ele>2</ele>
        <time>2025-11-21T00:44:37Z</time>
      </trkpt>
      <trkpt lat="39.15293008884929" lon="117.7698837602361">
        <ele>2</ele>
        <time>2025-11-21T00:44:38Z</time>
      </trkpt>
      <trkpt lat="39.15295248757015" lon="117.76988836651289">
        <ele>2</ele>
        <time>2025-11-21T00:44:39Z</time>
      </trkpt>
      <trkpt lat="39.15297538306791" lon="117.76989303418894">
        <ele>2</ele>
        <time>2025-11-21T00:44:40Z</time>
      </trkpt>
      <trkpt lat="39.15299823446966" lon="117.76989772569814">
        <ele>2</ele>
        <time>2025-11-21T00:44:41Z</time>
      </trkpt>
      <trkpt lat="39.15302108676527" lon="117.7699025161627">
        <ele>2</ele>
        <time>2025-11-21T00:44:42Z</time>
      </trkpt>
      <trkpt lat="39.153043890853475" lon="117.76990731920966">
        <ele>2</ele>
        <time>2025-11-21T00:44:43Z</time>
      </trkpt>
      <trkpt lat="39.15306662630319" lon="117.76991221018444">
        <ele>2</ele>
        <time>2025-11-21T00:44:44Z</time>
      </trkpt>
      <trkpt lat="39.15308931629299" lon="117.76991703977949">
        <ele>2</ele>
        <time>2025-11-21T00:44:45Z</time>
      </trkpt>
      <trkpt lat="39.153111928804385" lon="117.76992156887276">
        <ele>2</ele>
        <time>2025-11-21T00:44:46Z</time>
      </trkpt>
      <trkpt lat="39.153134405377095" lon="117.76992587708888">
        <ele>2</ele>
        <time>2025-11-21T00:44:47Z</time>
      </trkpt>
      <trkpt lat="39.15315668787252" lon="117.76993000958088">
        <ele>2</ele>
        <time>2025-11-21T00:44:48Z</time>
      </trkpt>
      <trkpt lat="39.15317914631999" lon="117.76993422430839">
        <ele>2</ele>
        <time>2025-11-21T00:44:49Z</time>
      </trkpt>
      <trkpt lat="39.15320106135373" lon="117.76993844221757">
        <ele>2</ele>
        <time>2025-11-21T00:44:50Z</time>
      </trkpt>
      <trkpt lat="39.15322488603243" lon="117.76994313594439">
        <ele>2</ele>
        <time>2025-11-21T00:44:51Z</time>
      </trkpt>
      <trkpt lat="39.153245739658686" lon="117.76994719443167">
        <ele>2</ele>
        <time>2025-11-21T00:44:52Z</time>
      </trkpt>
      <trkpt lat="39.1532688818894" lon="117.76995139400957">
        <ele>2</ele>
        <time>2025-11-21T00:44:53Z</time>
      </trkpt>
      <trkpt lat="39.153289932618044" lon="117.76995484056167">
        <ele>2</ele>
        <time>2025-11-21T00:44:54Z</time>
      </trkpt>
      <trkpt lat="39.153311114443305" lon="117.76995788050219">
        <ele>2</ele>
        <time>2025-11-21T00:44:55Z</time>
      </trkpt>
      <trkpt lat="39.15333249666903" lon="117.76996063681626">
        <ele>2</ele>
        <time>2025-11-21T00:44:56Z</time>
      </trkpt>
      <trkpt lat="39.15335386595683" lon="117.76996306212634">
        <ele>2</ele>
        <time>2025-11-21T00:44:57Z</time>
      </trkpt>
      <trkpt lat="39.153375503011034" lon="117.76996542227099">
        <ele>2</ele>
        <time>2025-11-21T00:44:58Z</time>
      </trkpt>
      <trkpt lat="39.153397189596255" lon="117.769967648088">
        <ele>2</ele>
        <time>2025-11-21T00:44:59Z</time>
      </trkpt>
      <trkpt lat="39.153418807501595" lon="117.76997034352026">
        <ele>2</ele>
        <time>2025-11-21T00:45:00Z</time>
      </trkpt>
      <trkpt lat="39.15344045434865" lon="117.76997365249917">
        <ele>2</ele>
        <time>2025-11-21T00:45:01Z</time>
      </trkpt>
      <trkpt lat="39.15346175390691" lon="117.76997784664974">
        <ele>2</ele>
        <time>2025-11-21T00:45:02Z</time>
      </trkpt>
      <trkpt lat="39.15348312996214" lon="117.76998248077832">
        <ele>2</ele>
        <time>2025-11-21T00:45:03Z</time>
      </trkpt>
      <trkpt lat="39.153504054730156" lon="117.76998774408551">
        <ele>2</ele>
        <time>2025-11-21T00:45:04Z</time>
      </trkpt>
      <trkpt lat="39.15352611202331" lon="117.76999146098588">
        <ele>2</ele>
        <time>2025-11-21T00:45:05Z</time>
      </trkpt>
      <trkpt lat="39.153547928618295" lon="117.76999400839101">
        <ele>2</ele>
        <time>2025-11-21T00:45:06Z</time>
      </trkpt>
      <trkpt lat="39.15357253423622" lon="117.76999503927102">
        <ele>2</ele>
        <time>2025-11-21T00:45:07Z</time>
      </trkpt>
      <trkpt lat="39.15359405967192" lon="117.7699962335293">
        <ele>2</ele>
        <time>2025-11-21T00:45:08Z</time>
      </trkpt>
      <trkpt lat="39.15361559967227" lon="117.7699975485555">
        <ele>2</ele>
        <time>2025-11-21T00:45:09Z</time>
      </trkpt>
      <trkpt lat="39.15363732695547" lon="117.76999898161483">
        <ele>2</ele>
        <time>2025-11-21T00:45:10Z</time>
      </trkpt>
      <trkpt lat="39.15365922308237" lon="117.77000051657762">
        <ele>2</ele>
        <time>2025-11-21T00:45:11Z</time>
      </trkpt>
      <trkpt lat="39.15368126023805" lon="117.77000210166531">
        <ele>2</ele>
        <time>2025-11-21T00:45:12Z</time>
      </trkpt>
      <trkpt lat="39.153703581921945" lon="117.77000365470943">
        <ele>2</ele>
        <time>2025-11-21T00:45:13Z</time>
      </trkpt>
      <trkpt lat="39.15372601640278" lon="117.77000509514959">
        <ele>2</ele>
        <time>2025-11-21T00:45:14Z</time>
      </trkpt>
      <trkpt lat="39.15374855228325" lon="117.77000637156712">
        <ele>2</ele>
        <time>2025-11-21T00:45:15Z</time>
      </trkpt>
      <trkpt lat="39.15377123022059" lon="117.77000740032119">
        <ele>2</ele>
        <time>2025-11-21T00:45:16Z</time>
      </trkpt>
      <trkpt lat="39.153793877402535" lon="117.77000815185853">
        <ele>2</ele>
        <time>2025-11-21T00:45:17Z</time>
      </trkpt>
      <trkpt lat="39.15381688794241" lon="117.77000857767413">
        <ele>2</ele>
        <time>2025-11-21T00:45:18Z</time>
      </trkpt>
      <trkpt lat="39.15383982289543" lon="117.77000863454099">
        <ele>2</ele>
        <time>2025-11-21T00:45:19Z</time>
      </trkpt>
      <trkpt lat="39.15386245060665" lon="117.77000832050508">
        <ele>2</ele>
        <time>2025-11-21T00:45:20Z</time>
      </trkpt>
      <trkpt lat="39.15388462717541" lon="117.7700076456312">
        <ele>2</ele>
        <time>2025-11-21T00:45:21Z</time>
      </trkpt>
      <trkpt lat="39.15390442521524" lon="117.77000670560753">
        <ele>2</ele>
        <time>2025-11-21T00:45:22Z</time>
      </trkpt>
      <trkpt lat="39.15392480032198" lon="117.77000556043606">
        <ele>2</ele>
        <time>2025-11-21T00:45:23Z</time>
      </trkpt>
      <trkpt lat="39.153948237814575" lon="117.77000423756387">
        <ele>2</ele>
        <time>2025-11-21T00:45:24Z</time>
      </trkpt>
      <trkpt lat="39.15397138560255" lon="117.77000292407773">
        <ele>2</ele>
        <time>2025-11-21T00:45:25Z</time>
      </trkpt>
      <trkpt lat="39.153994437462366" lon="117.77000166382918">
        <ele>2</ele>
        <time>2025-11-21T00:45:26Z</time>
      </trkpt>
      <trkpt lat="39.154017434337376" lon="117.77000047344123">
        <ele>2</ele>
        <time>2025-11-21T00:45:27Z</time>
      </trkpt>
      <trkpt lat="39.15404049931574" lon="117.76999935460228">
        <ele>2</ele>
        <time>2025-11-21T00:45:28Z</time>
      </trkpt>
      <trkpt lat="39.15406361335406" lon="117.7699982844927">
        <ele>2</ele>
        <time>2025-11-21T00:45:29Z</time>
      </trkpt>
      <trkpt lat="39.15408725001099" lon="117.76999718795464">
        <ele>2</ele>
        <time>2025-11-21T00:45:30Z</time>
      </trkpt>
      <trkpt lat="39.15411077838129" lon="117.76999609543913">
        <ele>2</ele>
        <time>2025-11-21T00:45:31Z</time>
      </trkpt>
      <trkpt lat="39.15413721740692" lon="117.76999485144749">
        <ele>2</ele>
        <time>2025-11-21T00:45:32Z</time>
      </trkpt>
      <trkpt lat="39.15416047302273" lon="117.76999366695905">
        <ele>2</ele>
        <time>2025-11-21T00:45:33Z</time>
      </trkpt>
      <trkpt lat="39.154183817281286" lon="117.76999231728753">
        <ele>2</ele>
        <time>2025-11-21T00:45:34Z</time>
      </trkpt>
      <trkpt lat="39.15420682484297" lon="117.76999070761745">
        <ele>2</ele>
        <time>2025-11-21T00:45:35Z</time>
      </trkpt>
      <trkpt lat="39.15422927847953" lon="117.76998879454338">
        <ele>2</ele>
        <time>2025-11-21T00:45:36Z</time>
      </trkpt>
      <trkpt lat="39.154251053595935" lon="117.76998653326045">
        <ele>2</ele>
        <time>2025-11-21T00:45:37Z</time>
      </trkpt>
      <trkpt lat="39.15427025882284" lon="117.76998398544784">
        <ele>2</ele>
        <time>2025-11-21T00:45:38Z</time>
      </trkpt>
      <trkpt lat="39.15428996087027" lon="117.76998098654461">
        <ele>2</ele>
        <time>2025-11-21T00:45:39Z</time>
      </trkpt>
      <trkpt lat="39.154312893693216" lon="117.76997738619167">
        <ele>2</ele>
        <time>2025-11-21T00:45:40Z</time>
      </trkpt>
      <trkpt lat="39.15433549317758" lon="117.76997334432224">
        <ele>2</ele>
        <time>2025-11-21T00:45:41Z</time>
      </trkpt>
      <trkpt lat="39.15435780455373" lon="117.7699688082215">
        <ele>2</ele>
        <time>2025-11-21T00:45:42Z</time>
      </trkpt>
      <trkpt lat="39.15437983562183" lon="117.76996337655632">
        <ele>2</ele>
        <time>2025-11-21T00:45:43Z</time>
      </trkpt>
      <trkpt lat="39.154401710455126" lon="117.76995677076499">
        <ele>2</ele>
        <time>2025-11-21T00:45:44Z</time>
      </trkpt>
      <trkpt lat="39.15442407662891" lon="117.76994672521504">
        <ele>2</ele>
        <time>2025-11-21T00:45:45Z</time>
      </trkpt>
      <trkpt lat="39.15444580438984" lon="117.76993344129531">
        <ele>2</ele>
        <time>2025-11-21T00:45:46Z</time>
      </trkpt>
      <trkpt lat="39.15446769139082" lon="117.76991860657681">
        <ele>2</ele>
        <time>2025-11-21T00:45:47Z</time>
      </trkpt>
      <trkpt lat="39.15448916554148" lon="117.76990512864177">
        <ele>2</ele>
        <time>2025-11-21T00:45:48Z</time>
      </trkpt>
      <trkpt lat="39.15451043944855" lon="117.7698925540051">
        <ele>2</ele>
        <time>2025-11-21T00:45:49Z</time>
      </trkpt>
      <trkpt lat="39.15453173062187" lon="117.76988038724343">
        <ele>2</ele>
        <time>2025-11-21T00:45:50Z</time>
      </trkpt>
      <trkpt lat="39.15455269307276" lon="117.76986815481155">
        <ele>2</ele>
        <time>2025-11-21T00:45:51Z</time>
      </trkpt>
      <trkpt lat="39.154573764064935" lon="117.76985499719031">
        <ele>2</ele>
        <time>2025-11-21T00:45:52Z</time>
      </trkpt>
      <trkpt lat="39.154593726422135" lon="117.76984096543458">
        <ele>2</ele>
        <time>2025-11-21T00:45:53Z</time>
      </trkpt>
      <trkpt lat="39.154614952711015" lon="117.76982382438067">
        <ele>2</ele>
        <time>2025-11-21T00:45:54Z</time>
      </trkpt>
      <trkpt lat="39.15463320623476" lon="117.76980651459881">
        <ele>2</ele>
        <time>2025-11-21T00:45:55Z</time>
      </trkpt>
      <trkpt lat="39.15465116438472" lon="117.76978807834905">
        <ele>2</ele>
        <time>2025-11-21T00:45:56Z</time>
      </trkpt>
      <trkpt lat="39.15466862463492" lon="117.7697688616874">
        <ele>2</ele>
        <time>2025-11-21T00:45:57Z</time>
      </trkpt>
      <trkpt lat="39.15468595495465" lon="117.76974982164269">
        <ele>2</ele>
        <time>2025-11-21T00:45:58Z</time>
      </trkpt>
      <trkpt lat="39.15470355449102" lon="117.7697307083402">
        <ele>2</ele>
        <time>2025-11-21T00:45:59Z</time>
      </trkpt>
      <trkpt lat="39.154721015959396" lon="117.76971142264645">
        <ele>2</ele>
        <time>2025-11-21T00:46:00Z</time>
      </trkpt>
      <trkpt lat="39.15473808833398" lon="117.76969186257665">
        <ele>2</ele>
        <time>2025-11-21T00:46:01Z</time>
      </trkpt>
      <trkpt lat="39.154754864738905" lon="117.76967210432021">
        <ele>2</ele>
        <time>2025-11-21T00:46:02Z</time>
      </trkpt>
      <trkpt lat="39.15476998104407" lon="117.76965390947763">
        <ele>2</ele>
        <time>2025-11-21T00:46:03Z</time>
      </trkpt>
      <trkpt lat="39.15478702307982" lon="117.76963338692433">
        <ele>2</ele>
        <time>2025-11-21T00:46:04Z</time>
      </trkpt>
      <trkpt lat="39.154803902597834" lon="117.76961264824688">
        <ele>2</ele>
        <time>2025-11-21T00:46:05Z</time>
      </trkpt>
      <trkpt lat="39.15482043742659" lon="117.7695923436105">
        <ele>2</ele>
        <time>2025-11-21T00:46:06Z</time>
      </trkpt>
      <trkpt lat="39.15483656396096" lon="117.76957265331185">
        <ele>2.2</ele>
        <time>2025-11-21T00:46:07Z</time>
      </trkpt>
      <trkpt lat="39.15485256199652" lon="117.76955431586113">
        <ele>2.2</ele>
        <time>2025-11-21T00:46:08Z</time>
      </trkpt>
      <trkpt lat="39.154870482193466" lon="117.76953514888149">
        <ele>2.2</ele>
        <time>2025-11-21T00:46:09Z</time>
      </trkpt>
      <trkpt lat="39.154887321154966" lon="117.76951856473268">
        <ele>2.2</ele>
        <time>2025-11-21T00:46:10Z</time>
      </trkpt>
      <trkpt lat="39.15490467957638" lon="117.7695018507948">
        <ele>2.2</ele>
        <time>2025-11-21T00:46:11Z</time>
      </trkpt>
      <trkpt lat="39.154922434272116" lon="117.76948538702152">
        <ele>2.2</ele>
        <time>2025-11-21T00:46:12Z</time>
      </trkpt>
      <trkpt lat="39.15494007605772" lon="117.76946974101821">
        <ele>2.2</ele>
        <time>2025-11-21T00:46:13Z</time>
      </trkpt>
      <trkpt lat="39.15495864137065" lon="117.76945455022557">
        <ele>2.2</ele>
        <time>2025-11-21T00:46:14Z</time>
      </trkpt>
      <trkpt lat="39.154975796901915" lon="117.7694419237352">
        <ele>2.2</ele>
        <time>2025-11-21T00:46:15Z</time>
      </trkpt>
      <trkpt lat="39.15499572104497" lon="117.76942862528519">
        <ele>2.2</ele>
        <time>2025-11-21T00:46:16Z</time>
      </trkpt>
      <trkpt lat="39.155015786749516" lon="117.7694159789423">
        <ele>2.2</ele>
        <time>2025-11-21T00:46:17Z</time>
      </trkpt>
      <trkpt lat="39.15503669280175" lon="117.76940368457694">
        <ele>2.2</ele>
        <time>2025-11-21T00:46:18Z</time>
      </trkpt>
      <trkpt lat="39.15505824751729" lon="117.76939160949291">
        <ele>2.2</ele>
        <time>2025-11-21T00:46:19Z</time>
      </trkpt>
      <trkpt lat="39.1550807643234" lon="117.76937971657922">
        <ele>2.2</ele>
        <time>2025-11-21T00:46:20Z</time>
      </trkpt>
      <trkpt lat="39.155103017189894" lon="117.76936862849207">
        <ele>2.2</ele>
        <time>2025-11-21T00:46:21Z</time>
      </trkpt>
      <trkpt lat="39.15512576857294" lon="117.76935823538749">
        <ele>2.2</ele>
        <time>2025-11-21T00:46:22Z</time>
      </trkpt>
      <trkpt lat="39.15514740891692" lon="117.76934897793294">
        <ele>2.2</ele>
        <time>2025-11-21T00:46:23Z</time>
      </trkpt>
      <trkpt lat="39.15517147534325" lon="117.769338776043">
        <ele>2.2</ele>
        <time>2025-11-21T00:46:24Z</time>
      </trkpt>
      <trkpt lat="39.1551918640626" lon="117.76933028055076">
        <ele>2.2</ele>
        <time>2025-11-21T00:46:25Z</time>
      </trkpt>
      <trkpt lat="39.155211304269194" lon="117.76932232037977">
        <ele>2.2</ele>
        <time>2025-11-21T00:46:26Z</time>
      </trkpt>
      <trkpt lat="39.155225408062954" lon="117.76931659897787">
        <ele>2.2</ele>
        <time>2025-11-21T00:46:27Z</time>
      </trkpt>
      <trkpt lat="39.155237519743004" lon="117.76931200585285">
        <ele>2.2</ele>
        <time>2025-11-21T00:46:28Z</time>
      </trkpt>
      <trkpt lat="39.15525357527334" lon="117.76930578830755">
        <ele>2.2</ele>
        <time>2025-11-21T00:46:29Z</time>
      </trkpt>
      <trkpt lat="39.15527329966073" lon="117.76929828072736">
        <ele>2.2</ele>
        <time>2025-11-21T00:46:30Z</time>
      </trkpt>
      <trkpt lat="39.15529642972673" lon="117.76928924864274">
        <ele>2.2</ele>
        <time>2025-11-21T00:46:31Z</time>
      </trkpt>
      <trkpt lat="39.15531957286527" lon="117.76928029592948">
        <ele>2.2</ele>
        <time>2025-11-21T00:46:32Z</time>
      </trkpt>
      <trkpt lat="39.15534230799691" lon="117.76927165008057">
        <ele>2.2</ele>
        <time>2025-11-21T00:46:33Z</time>
      </trkpt>
      <trkpt lat="39.15536473292859" lon="117.76926331112239">
        <ele>2.2</ele>
        <time>2025-11-21T00:46:34Z</time>
      </trkpt>
      <trkpt lat="39.15538690478039" lon="117.76925525261818">
        <ele>2.2</ele>
        <time>2025-11-21T00:46:35Z</time>
      </trkpt>
      <trkpt lat="39.15540891428207" lon="117.7692473965018">
        <ele>2.2</ele>
        <time>2025-11-21T00:46:36Z</time>
      </trkpt>
      <trkpt lat="39.15543076275942" lon="117.76923970950797">
        <ele>2.2</ele>
        <time>2025-11-21T00:46:37Z</time>
      </trkpt>
      <trkpt lat="39.15545273343993" lon="117.7692320162676">
        <ele>2.2</ele>
        <time>2025-11-21T00:46:38Z</time>
      </trkpt>
      <trkpt lat="39.155474455659714" lon="117.76922448969113">
        <ele>2.2</ele>
        <time>2025-11-21T00:46:39Z</time>
      </trkpt>
      <trkpt lat="39.15549598570056" lon="117.769217085377">
        <ele>2.2</ele>
        <time>2025-11-21T00:46:40Z</time>
      </trkpt>
      <trkpt lat="39.15551779785794" lon="117.76920956413322">
        <ele>2.2</ele>
        <time>2025-11-21T00:46:41Z</time>
      </trkpt>
      <trkpt lat="39.15553962239474" lon="117.76920203949302">
        <ele>2.2</ele>
        <time>2025-11-21T00:46:42Z</time>
      </trkpt>
      <trkpt lat="39.15556401316429" lon="117.76919329279374">
        <ele>2.2</ele>
        <time>2025-11-21T00:46:43Z</time>
      </trkpt>
      <trkpt lat="39.15558534397626" lon="117.76918583535725">
        <ele>2.2</ele>
        <time>2025-11-21T00:46:44Z</time>
      </trkpt>
      <trkpt lat="39.155606785428375" lon="117.76917815602432">
        <ele>2.2</ele>
        <time>2025-11-21T00:46:45Z</time>
      </trkpt>
      <trkpt lat="39.15562846460293" lon="117.76917011006559">
        <ele>2.2</ele>
        <time>2025-11-21T00:46:46Z</time>
      </trkpt>
      <trkpt lat="39.1556501559789" lon="117.76916178869782">
        <ele>2.2</ele>
        <time>2025-11-21T00:46:47Z</time>
      </trkpt>
      <trkpt lat="39.15567200548845" lon="117.76915308885206">
        <ele>2.2</ele>
        <time>2025-11-21T00:46:48Z</time>
      </trkpt>
      <trkpt lat="39.15569360710973" lon="117.7691441480604">
        <ele>2.2</ele>
        <time>2025-11-21T00:46:49Z</time>
      </trkpt>
      <trkpt lat="39.15571532731801" lon="117.76913481958255">
        <ele>2.2</ele>
        <time>2025-11-21T00:46:50Z</time>
      </trkpt>
      <trkpt lat="39.15573666323314" lon="117.76912538268407">
        <ele>2.2</ele>
        <time>2025-11-21T00:46:51Z</time>
      </trkpt>
      <trkpt lat="39.15575838158807" lon="117.76911546423192">
        <ele>2.2</ele>
        <time>2025-11-21T00:46:52Z</time>
      </trkpt>
      <trkpt lat="39.15577974205911" lon="117.76910553419869">
        <ele>2.2</ele>
        <time>2025-11-21T00:46:53Z</time>
      </trkpt>
      <trkpt lat="39.155803673471276" lon="117.76909409171182">
        <ele>2.2</ele>
        <time>2025-11-21T00:46:54Z</time>
      </trkpt>
      <trkpt lat="39.15582418444068" lon="117.76908416617174">
        <ele>2.2</ele>
        <time>2025-11-21T00:46:55Z</time>
      </trkpt>
      <trkpt lat="39.15584442530339" lon="117.76907413716845">
        <ele>2.2</ele>
        <time>2025-11-21T00:46:56Z</time>
      </trkpt>
      <trkpt lat="39.15586227926312" lon="117.76906509775856">
        <ele>2.2</ele>
        <time>2025-11-21T00:46:57Z</time>
      </trkpt>
      <trkpt lat="39.15588065651528" lon="117.7690555838288">
        <ele>2.2</ele>
        <time>2025-11-21T00:46:58Z</time>
      </trkpt>
      <trkpt lat="39.15590181858994" lon="117.76904438192513">
        <ele>2.2</ele>
        <time>2025-11-21T00:46:59Z</time>
      </trkpt>
      <trkpt lat="39.15592281793237" lon="117.7690330935845">
        <ele>2.2</ele>
        <time>2025-11-21T00:47:00Z</time>
      </trkpt>
      <trkpt lat="39.155943636512134" lon="117.76902170704619">
        <ele>2.2</ele>
        <time>2025-11-21T00:47:01Z</time>
      </trkpt>
      <trkpt lat="39.15596438545737" lon="117.7690101242813">
        <ele>2.2</ele>
        <time>2025-11-21T00:47:02Z</time>
      </trkpt>
      <trkpt lat="39.15598493198828" lon="117.76899848290826">
        <ele>2.2</ele>
        <time>2025-11-21T00:47:03Z</time>
      </trkpt>
      <trkpt lat="39.1560051804925" lon="117.76898691164257">
        <ele>2.2</ele>
        <time>2025-11-21T00:47:04Z</time>
      </trkpt>
      <trkpt lat="39.15602533818136" lon="117.76897529880362">
        <ele>2.2</ele>
        <time>2025-11-21T00:47:05Z</time>
      </trkpt>
      <trkpt lat="39.156045427045655" lon="117.7689637270862">
        <ele>2.2</ele>
        <time>2025-11-21T00:47:06Z</time>
      </trkpt>
      <trkpt lat="39.15606574118285" lon="117.76895203745612">
        <ele>2.2</ele>
        <time>2025-11-21T00:47:07Z</time>
      </trkpt>
      <trkpt lat="39.15608592154147" lon="117.76894039652662">
        <ele>2.2</ele>
        <time>2025-11-21T00:47:08Z</time>
      </trkpt>
      <trkpt lat="39.15610609530746" lon="117.76892876499409">
        <ele>2.2</ele>
        <time>2025-11-21T00:47:09Z</time>
      </trkpt>
      <trkpt lat="39.156125968188356" lon="117.76891730403356">
        <ele>2.2</ele>
        <time>2025-11-21T00:47:10Z</time>
      </trkpt>
      <trkpt lat="39.156146294269845" lon="117.76890544925706">
        <ele>2.2</ele>
        <time>2025-11-21T00:47:11Z</time>
      </trkpt>
      <trkpt lat="39.15616647031555" lon="117.76889358105045">
        <ele>2.2</ele>
        <time>2025-11-21T00:47:12Z</time>
      </trkpt>
      <trkpt lat="39.15618943640413" lon="117.76887981184105">
        <ele>2.2</ele>
        <time>2025-11-21T00:47:13Z</time>
      </trkpt>
      <trkpt lat="39.15620937245552" lon="117.76886781993295">
        <ele>2.2</ele>
        <time>2025-11-21T00:47:14Z</time>
      </trkpt>
      <trkpt lat="39.15623171457159" lon="117.76885418080622">
        <ele>2.2</ele>
        <time>2025-11-21T00:47:15Z</time>
      </trkpt>
      <trkpt lat="39.156251209316444" lon="117.76884222249802">
        <ele>2.2</ele>
        <time>2025-11-21T00:47:16Z</time>
      </trkpt>
      <trkpt lat="39.15627057216818" lon="117.76883014912985">
        <ele>2.2</ele>
        <time>2025-11-21T00:47:17Z</time>
      </trkpt>
      <trkpt lat="39.15628993101821" lon="117.76881776286835">
        <ele>2.2</ele>
        <time>2025-11-21T00:47:18Z</time>
      </trkpt>
      <trkpt lat="39.15630915672554" lon="117.76880516291713">
        <ele>2.2</ele>
        <time>2025-11-21T00:47:19Z</time>
      </trkpt>
      <trkpt lat="39.156328405799464" lon="117.76879224859373">
        <ele>2.2</ele>
        <time>2025-11-21T00:47:20Z</time>
      </trkpt>
      <trkpt lat="39.15634765802727" lon="117.76877899716568">
        <ele>2.2</ele>
        <time>2025-11-21T00:47:21Z</time>
      </trkpt>
      <trkpt lat="39.156366918291184" lon="117.76876548530896">
        <ele>2.2</ele>
        <time>2025-11-21T00:47:22Z</time>
      </trkpt>
      <trkpt lat="39.15638618292968" lon="117.7687517210752">
        <ele>2.2</ele>
        <time>2025-11-21T00:47:23Z</time>
      </trkpt>
      <trkpt lat="39.156405379606724" lon="117.76873768939986">
        <ele>2.2</ele>
        <time>2025-11-21T00:47:24Z</time>
      </trkpt>
      <trkpt lat="39.15642467380432" lon="117.76872333843271">
        <ele>2.2</ele>
        <time>2025-11-21T00:47:25Z</time>
      </trkpt>
      <trkpt lat="39.15644385440865" lon="117.7687088310032">
        <ele>2.2</ele>
        <time>2025-11-21T00:47:26Z</time>
      </trkpt>
      <trkpt lat="39.15646314282759" lon="117.76869394703353">
        <ele>2.2</ele>
        <time>2025-11-21T00:47:27Z</time>
      </trkpt>
      <trkpt lat="39.15648217874147" lon="117.76867904903044">
        <ele>2.2</ele>
        <time>2025-11-21T00:47:28Z</time>
      </trkpt>
      <trkpt lat="39.15650342468618" lon="117.76866227346132">
        <ele>2.2</ele>
        <time>2025-11-21T00:47:29Z</time>
      </trkpt>
      <trkpt lat="39.15652188326904" lon="117.76864738081585">
        <ele>2.2</ele>
        <time>2025-11-21T00:47:30Z</time>
      </trkpt>
      <trkpt lat="39.15654027377547" lon="117.76863232083356">
        <ele>2.2</ele>
        <time>2025-11-21T00:47:31Z</time>
      </trkpt>
      <trkpt lat="39.156558958984036" lon="117.76861672474308">
        <ele>2.2</ele>
        <time>2025-11-21T00:47:32Z</time>
      </trkpt>
      <trkpt lat="39.156577293657776" lon="117.76860116053926">
        <ele>2.2</ele>
        <time>2025-11-21T00:47:33Z</time>
      </trkpt>
      <trkpt lat="39.15659789720952" lon="117.76858356450978">
        <ele>2.2</ele>
        <time>2025-11-21T00:47:34Z</time>
      </trkpt>
      <trkpt lat="39.156615659119225" lon="117.76856801431657">
        <ele>2.2</ele>
        <time>2025-11-21T00:47:35Z</time>
      </trkpt>
      <trkpt lat="39.15663352047044" lon="117.76855225392514">
        <ele>2.2</ele>
        <time>2025-11-21T00:47:36Z</time>
      </trkpt>
      <trkpt lat="39.156651370381574" lon="117.76853637226966">
        <ele>2.2</ele>
        <time>2025-11-21T00:47:37Z</time>
      </trkpt>
      <trkpt lat="39.15666936145571" lon="117.7685203483732">
        <ele>2.2</ele>
        <time>2025-11-21T00:47:38Z</time>
      </trkpt>
      <trkpt lat="39.1566876059621" lon="117.76850413611763">
        <ele>2.2</ele>
        <time>2025-11-21T00:47:39Z</time>
      </trkpt>
      <trkpt lat="39.156705903098434" lon="117.7684878574061">
        <ele>2.2</ele>
        <time>2025-11-21T00:47:40Z</time>
      </trkpt>
      <trkpt lat="39.15672431494599" lon="117.76847148772933">
        <ele>2.2</ele>
        <time>2025-11-21T00:47:41Z</time>
      </trkpt>
      <trkpt lat="39.15674274692914" lon="117.76845505836766">
        <ele>2.2</ele>
        <time>2025-11-21T00:47:42Z</time>
      </trkpt>
      <trkpt lat="39.15676162268767" lon="117.76843809650639">
        <ele>2.2</ele>
        <time>2025-11-21T00:47:43Z</time>
      </trkpt>
      <trkpt lat="39.15678025118761" lon="117.76842121689275">
        <ele>2.2</ele>
        <time>2025-11-21T00:47:44Z</time>
      </trkpt>
      <trkpt lat="39.15680098244523" lon="117.76840230960549">
        <ele>2.2</ele>
        <time>2025-11-21T00:47:45Z</time>
      </trkpt>
      <trkpt lat="39.15681880842677" lon="117.76838570727632">
        <ele>2.2</ele>
        <time>2025-11-21T00:47:46Z</time>
      </trkpt>
      <trkpt lat="39.15683650896138" lon="117.76836894894774">
        <ele>2.2</ele>
        <time>2025-11-21T00:47:47Z</time>
      </trkpt>
      <trkpt lat="39.15685395268647" lon="117.76835210657075">
        <ele>2.2</ele>
        <time>2025-11-21T00:47:48Z</time>
      </trkpt>
      <trkpt lat="39.15687122989737" lon="117.76833519516482">
        <ele>2.2</ele>
        <time>2025-11-21T00:47:49Z</time>
      </trkpt>
      <trkpt lat="39.15688857995352" lon="117.76831806581035">
        <ele>2.2</ele>
        <time>2025-11-21T00:47:50Z</time>
      </trkpt>
      <trkpt lat="39.15690627421433" lon="117.76830043492792">
        <ele>2.2</ele>
        <time>2025-11-21T00:47:51Z</time>
      </trkpt>
      <trkpt lat="39.15692381917286" lon="117.768282773747">
        <ele>2.2</ele>
        <time>2025-11-21T00:47:52Z</time>
      </trkpt>
      <trkpt lat="39.1569432857099" lon="117.76826311687783">
        <ele>2.2</ele>
        <time>2025-11-21T00:47:53Z</time>
      </trkpt>
      <trkpt lat="39.15696009351067" lon="117.7682457310781">
        <ele>2.2</ele>
        <time>2025-11-21T00:47:54Z</time>
      </trkpt>
      <trkpt lat="39.15697687590545" lon="117.76822824470415">
        <ele>2.2</ele>
        <time>2025-11-21T00:47:55Z</time>
      </trkpt>
      <trkpt lat="39.15699360866789" lon="117.76821062056422">
        <ele>2.2</ele>
        <time>2025-11-21T00:47:56Z</time>
      </trkpt>
      <trkpt lat="39.15701022476759" lon="117.76819291083441">
        <ele>2.2</ele>
        <time>2025-11-21T00:47:57Z</time>
      </trkpt>
      <trkpt lat="39.157026811472996" lon="117.76817493156082">
        <ele>2.2</ele>
        <time>2025-11-21T00:47:58Z</time>
      </trkpt>
      <trkpt lat="39.157043599883664" lon="117.7681564102111">
        <ele>2.2</ele>
        <time>2025-11-21T00:47:59Z</time>
      </trkpt>
      <trkpt lat="39.157060273658765" lon="117.76813767792015">
        <ele>2.2</ele>
        <time>2025-11-21T00:48:00Z</time>
      </trkpt>
      <trkpt lat="39.15707904302299" lon="117.76811666667851">
        <ele>2.2</ele>
        <time>2025-11-21T00:48:01Z</time>
      </trkpt>
      <trkpt lat="39.157095436912485" lon="117.76809775841608">
        <ele>2.2</ele>
        <time>2025-11-21T00:48:02Z</time>
      </trkpt>
      <trkpt lat="39.15711196858668" lon="117.76807858745131">
        <ele>2.2</ele>
        <time>2025-11-21T00:48:03Z</time>
      </trkpt>
      <trkpt lat="39.157129052917604" lon="117.76805874201294">
        <ele>2.2</ele>
        <time>2025-11-21T00:48:04Z</time>
      </trkpt>
      <trkpt lat="39.15714603181566" lon="117.76803895802087">
        <ele>2.2</ele>
        <time>2025-11-21T00:48:05Z</time>
      </trkpt>
      <trkpt lat="39.15716517404678" lon="117.76801702522974">
        <ele>2.2</ele>
        <time>2025-11-21T00:48:06Z</time>
      </trkpt>
      <trkpt lat="39.15718170229934" lon="117.76799771325751">
        <ele>2.2</ele>
        <time>2025-11-21T00:48:07Z</time>
      </trkpt>
      <trkpt lat="39.15719830995977" lon="117.76797839549742">
        <ele>2.2</ele>
        <time>2025-11-21T00:48:08Z</time>
      </trkpt>
      <trkpt lat="39.15721495418604" lon="117.76795906623929">
        <ele>2.2</ele>
        <time>2025-11-21T00:48:09Z</time>
      </trkpt>
      <trkpt lat="39.15723160668816" lon="117.76793970323965">
        <ele>2.2</ele>
        <time>2025-11-21T00:48:10Z</time>
      </trkpt>
      <trkpt lat="39.15724814496275" lon="117.76792005514092">
        <ele>2.2</ele>
        <time>2025-11-21T00:48:11Z</time>
      </trkpt>
      <trkpt lat="39.15726452309207" lon="117.76790000426958">
        <ele>2.2</ele>
        <time>2025-11-21T00:48:12Z</time>
      </trkpt>
      <trkpt lat="39.15728023555812" lon="117.76787819936496">
        <ele>2.2</ele>
        <time>2025-11-21T00:48:13Z</time>
      </trkpt>
      <trkpt lat="39.15729553930288" lon="117.7678551533964">
        <ele>2.2</ele>
        <time>2025-11-21T00:48:14Z</time>
      </trkpt>
      <trkpt lat="39.157309286398224" lon="117.76783223890034">
        <ele>2.2</ele>
        <time>2025-11-21T00:48:15Z</time>
      </trkpt>
      <trkpt lat="39.15732357924973" lon="117.76781007265335">
        <ele>2.2</ele>
        <time>2025-11-21T00:48:16Z</time>
      </trkpt>
      <trkpt lat="39.1573383004179" lon="117.76778870461757">
        <ele>2.2</ele>
        <time>2025-11-21T00:48:17Z</time>
      </trkpt>
      <trkpt lat="39.15735413566087" lon="117.76776752753811">
        <ele>2.2</ele>
        <time>2025-11-21T00:48:18Z</time>
      </trkpt>
      <trkpt lat="39.15736991221291" lon="117.76774710931905">
        <ele>2.2</ele>
        <time>2025-11-21T00:48:19Z</time>
      </trkpt>
      <trkpt lat="39.15738607477791" lon="117.7677273768853">
        <ele>2.2</ele>
        <time>2025-11-21T00:48:20Z</time>
      </trkpt>
      <trkpt lat="39.15740101386074" lon="117.767709967828">
        <ele>2.2</ele>
        <time>2025-11-21T00:48:21Z</time>
      </trkpt>
      <trkpt lat="39.157416677108685" lon="117.76769369906745">
        <ele>2.2</ele>
        <time>2025-11-21T00:48:22Z</time>
      </trkpt>
      <trkpt lat="39.15743332019525" lon="117.76767354749106">
        <ele>2.2</ele>
        <time>2025-11-21T00:48:23Z</time>
      </trkpt>
      <trkpt lat="39.15744887979777" lon="117.76765298911963">
        <ele>2.2</ele>
        <time>2025-11-21T00:48:24Z</time>
      </trkpt>
      <trkpt lat="39.15746487658919" lon="117.76762849934752">
        <ele>2.2</ele>
        <time>2025-11-21T00:48:25Z</time>
      </trkpt>
      <trkpt lat="39.15747899914019" lon="117.76760757617564">
        <ele>2.2</ele>
        <time>2025-11-21T00:48:26Z</time>
      </trkpt>
      <trkpt lat="39.157493217694416" lon="117.76758674914944">
        <ele>2.2</ele>
        <time>2025-11-21T00:48:27Z</time>
      </trkpt>
      <trkpt lat="39.15750747628764" lon="117.76756601019586">
        <ele>2.2</ele>
        <time>2025-11-21T00:48:28Z</time>
      </trkpt>
      <trkpt lat="39.157521546485526" lon="117.7675456838375">
        <ele>2.2</ele>
        <time>2025-11-21T00:48:29Z</time>
      </trkpt>
      <trkpt lat="39.15753550999118" lon="117.76752555707277">
        <ele>2.2</ele>
        <time>2025-11-21T00:48:30Z</time>
      </trkpt>
      <trkpt lat="39.15754818203441" lon="117.76750762149611">
        <ele>2.2</ele>
        <time>2025-11-21T00:48:31Z</time>
      </trkpt>
      <trkpt lat="39.15756120951598" lon="117.76748906195488">
        <ele>2</ele>
        <time>2025-11-21T00:48:32Z</time>
      </trkpt>
      <trkpt lat="39.15757617109993" lon="117.76746717271972">
        <ele>2</ele>
        <time>2025-11-21T00:48:33Z</time>
      </trkpt>
      <trkpt lat="39.15759088844469" lon="117.76744561475763">
        <ele>2</ele>
        <time>2025-11-21T00:48:34Z</time>
      </trkpt>
      <trkpt lat="39.15760556803377" lon="117.76742398296824">
        <ele>2</ele>
        <time>2025-11-21T00:48:35Z</time>
      </trkpt>
      <trkpt lat="39.157619985632486" lon="117.76740256816493">
        <ele>2</ele>
        <time>2025-11-21T00:48:36Z</time>
      </trkpt>
      <trkpt lat="39.15763438242991" lon="117.76738091540915">
        <ele>1.8</ele>
        <time>2025-11-21T00:48:37Z</time>
      </trkpt>
      <trkpt lat="39.15764855003892" lon="117.76735937757292">
        <ele>1.8</ele>
        <time>2025-11-21T00:48:38Z</time>
      </trkpt>
      <trkpt lat="39.15766285434005" lon="117.76733727109593">
        <ele>1.8</ele>
        <time>2025-11-21T00:48:39Z</time>
      </trkpt>
      <trkpt lat="39.15767689048739" lon="117.76731537871932">
        <ele>1.8</ele>
        <time>2025-11-21T00:48:40Z</time>
      </trkpt>
      <trkpt lat="39.157692447172394" lon="117.76729053240635">
        <ele>1.8</ele>
        <time>2025-11-21T00:48:41Z</time>
      </trkpt>
      <trkpt lat="39.15770612413831" lon="117.7672688112288">
        <ele>1.8</ele>
        <time>2025-11-21T00:48:42Z</time>
      </trkpt>
      <trkpt lat="39.15771985424095" lon="117.76724693224087">
        <ele>1.8</ele>
        <time>2025-11-21T00:48:43Z</time>
      </trkpt>
      <trkpt lat="39.157733781863996" lon="117.76722460430008">
        <ele>1.8</ele>
        <time>2025-11-21T00:48:44Z</time>
      </trkpt>
      <trkpt lat="39.15774766032524" lon="117.76720230812897">
        <ele>1.8</ele>
        <time>2025-11-21T00:48:45Z</time>
      </trkpt>
      <trkpt lat="39.15776295603494" lon="117.76717717639441">
        <ele>1.8</ele>
        <time>2025-11-21T00:48:46Z</time>
      </trkpt>
      <trkpt lat="39.157776339596964" lon="117.76715517445409">
        <ele>1.8</ele>
        <time>2025-11-21T00:48:47Z</time>
      </trkpt>
      <trkpt lat="39.15778952537782" lon="117.76713308306589">
        <ele>1.8</ele>
        <time>2025-11-21T00:48:48Z</time>
      </trkpt>
      <trkpt lat="39.15780256177566" lon="117.76711065963983">
        <ele>1.8</ele>
        <time>2025-11-21T00:48:49Z</time>
      </trkpt>
      <trkpt lat="39.157815351417646" lon="117.7670880829063">
        <ele>1.8</ele>
        <time>2025-11-21T00:48:50Z</time>
      </trkpt>
      <trkpt lat="39.157828025753254" lon="117.7670649992046">
        <ele>1.8</ele>
        <time>2025-11-21T00:48:51Z</time>
      </trkpt>
      <trkpt lat="39.157840487707844" lon="117.76704142886247">
        <ele>1.8</ele>
        <time>2025-11-21T00:48:52Z</time>
      </trkpt>
      <trkpt lat="39.15785271307469" lon="117.7670174527293">
        <ele>1.8</ele>
        <time>2025-11-21T00:48:53Z</time>
      </trkpt>
      <trkpt lat="39.157864611233244" lon="117.76699323045203">
        <ele>1.8</ele>
        <time>2025-11-21T00:48:54Z</time>
      </trkpt>
      <trkpt lat="39.15787609722463" lon="117.76696890829514">
        <ele>1.8</ele>
        <time>2025-11-21T00:48:55Z</time>
      </trkpt>
      <trkpt lat="39.15788730771073" lon="117.76694435164832">
        <ele>1.8</ele>
        <time>2025-11-21T00:48:56Z</time>
      </trkpt>
      <trkpt lat="39.15789827289004" lon="117.76691960332639">
        <ele>1.8</ele>
        <time>2025-11-21T00:48:57Z</time>
      </trkpt>
      <trkpt lat="39.15790898245741" lon="117.7668946654512">
        <ele>1.8</ele>
        <time>2025-11-21T00:48:58Z</time>
      </trkpt>
      <trkpt lat="39.15791957025021" lon="117.76686948283165">
        <ele>1.8</ele>
        <time>2025-11-21T00:48:59Z</time>
      </trkpt>
      <trkpt lat="39.1579300496281" lon="117.76684417902307">
        <ele>1.8</ele>
        <time>2025-11-21T00:49:00Z</time>
      </trkpt>
      <trkpt lat="39.157940768534864" lon="117.76681814213411">
        <ele>1.8</ele>
        <time>2025-11-21T00:49:01Z</time>
      </trkpt>
      <trkpt lat="39.15795130928369" lon="117.76679251473588">
        <ele>1.8</ele>
        <time>2025-11-21T00:49:02Z</time>
      </trkpt>
      <trkpt lat="39.15796324290883" lon="117.76676406048914">
        <ele>1.8</ele>
        <time>2025-11-21T00:49:03Z</time>
      </trkpt>
      <trkpt lat="39.15797348406517" lon="117.76673942929375">
        <ele>1.8</ele>
        <time>2025-11-21T00:49:04Z</time>
      </trkpt>
      <trkpt lat="39.1579840305179" lon="117.76671440904964">
        <ele>1.8</ele>
        <time>2025-11-21T00:49:05Z</time>
      </trkpt>
      <trkpt lat="39.15799466316627" lon="117.76668943102975">
        <ele>1.8</ele>
        <time>2025-11-21T00:49:06Z</time>
      </trkpt>
      <trkpt lat="39.15800537581802" lon="117.76666452004248">
        <ele>1.8</ele>
        <time>2025-11-21T00:49:07Z</time>
      </trkpt>
      <trkpt lat="39.15801608913398" lon="117.76663976414551">
        <ele>1.8</ele>
        <time>2025-11-21T00:49:08Z</time>
      </trkpt>
      <trkpt lat="39.158026803473916" lon="117.76661494353458">
        <ele>1.8</ele>
        <time>2025-11-21T00:49:09Z</time>
      </trkpt>
      <trkpt lat="39.158037627017805" lon="117.76658971335344">
        <ele>1.8</ele>
        <time>2025-11-21T00:49:10Z</time>
      </trkpt>
      <trkpt lat="39.158048334170005" lon="117.76656443070995">
        <ele>1.8</ele>
        <time>2025-11-21T00:49:11Z</time>
      </trkpt>
      <trkpt lat="39.15805888193562" lon="117.76653903092328">
        <ele>1.8</ele>
        <time>2025-11-21T00:49:12Z</time>
      </trkpt>
      <trkpt lat="39.15806924045681" lon="117.76651356261924">
        <ele>1.8</ele>
        <time>2025-11-21T00:49:13Z</time>
      </trkpt>
      <trkpt lat="39.158079464289834" lon="117.76648790535943">
        <ele>1.8</ele>
        <time>2025-11-21T00:49:14Z</time>
      </trkpt>
      <trkpt lat="39.158089761525034" lon="117.76646154647716">
        <ele>1.8</ele>
        <time>2025-11-21T00:49:15Z</time>
      </trkpt>
      <trkpt lat="39.15809978262957" lon="117.76643538848916">
        <ele>1.8</ele>
        <time>2025-11-21T00:49:16Z</time>
      </trkpt>
      <trkpt lat="39.15811098874796" lon="117.76640602058569">
        <ele>1.8</ele>
        <time>2025-11-21T00:49:17Z</time>
      </trkpt>
      <trkpt lat="39.15812054904705" lon="117.76638008947147">
        <ele>1.8</ele>
        <time>2025-11-21T00:49:18Z</time>
      </trkpt>
      <trkpt lat="39.158130048707115" lon="117.76635404336791">
        <ele>1.8</ele>
        <time>2025-11-21T00:49:19Z</time>
      </trkpt>
      <trkpt lat="39.15813952275259" lon="117.76632787654938">
        <ele>1.8</ele>
        <time>2025-11-21T00:49:20Z</time>
      </trkpt>
      <trkpt lat="39.15814890020478" lon="117.76630183500383">
        <ele>1.8</ele>
        <time>2025-11-21T00:49:21Z</time>
      </trkpt>
      <trkpt lat="39.158158339762544" lon="117.76627548792845">
        <ele>1.8</ele>
        <time>2025-11-21T00:49:22Z</time>
      </trkpt>
      <trkpt lat="39.15816759094745" lon="117.76624932955144">
        <ele>1.8</ele>
        <time>2025-11-21T00:49:23Z</time>
      </trkpt>
      <trkpt lat="39.158176888067004" lon="117.76622280259296">
        <ele>1.8</ele>
        <time>2025-11-21T00:49:24Z</time>
      </trkpt>
      <trkpt lat="39.15818622065421" lon="117.76619601197493">
        <ele>1.8</ele>
        <time>2025-11-21T00:49:25Z</time>
      </trkpt>
      <trkpt lat="39.1581955578724" lon="117.76616905582333">
        <ele>1.8</ele>
        <time>2025-11-21T00:49:26Z</time>
      </trkpt>
      <trkpt lat="39.15820481043587" lon="117.76614217625169">
        <ele>1.8</ele>
        <time>2025-11-21T00:49:27Z</time>
      </trkpt>
      <trkpt lat="39.15821385393872" lon="117.76611546776125">
        <ele>1.8</ele>
        <time>2025-11-21T00:49:28Z</time>
      </trkpt>
      <trkpt lat="39.158222627188124" lon="117.76608885446673">
        <ele>1.8</ele>
        <time>2025-11-21T00:49:29Z</time>
      </trkpt>
      <trkpt lat="39.15823102837556" lon="117.76606185100363">
        <ele>1.8</ele>
        <time>2025-11-21T00:49:30Z</time>
      </trkpt>
      <trkpt lat="39.15823891845057" lon="117.76603449361447">
        <ele>1.8</ele>
        <time>2025-11-21T00:49:31Z</time>
      </trkpt>
      <trkpt lat="39.15824534477979" lon="117.76600503772255">
        <ele>1.8</ele>
        <time>2025-11-21T00:49:32Z</time>
      </trkpt>
      <trkpt lat="39.15825045005653" lon="117.76597499625113">
        <ele>1.8</ele>
        <time>2025-11-21T00:49:33Z</time>
      </trkpt>
      <trkpt lat="39.158255000251025" lon="117.76594153988515">
        <ele>1.8</ele>
        <time>2025-11-21T00:49:34Z</time>
      </trkpt>
      <trkpt lat="39.158257761031535" lon="117.76591260476744">
        <ele>1.8</ele>
        <time>2025-11-21T00:49:35Z</time>
      </trkpt>
      <trkpt lat="39.15826002280359" lon="117.76588412793694">
        <ele>1.8</ele>
        <time>2025-11-21T00:49:36Z</time>
      </trkpt>
      <trkpt lat="39.158261369828125" lon="117.76585495689731">
        <ele>1.8</ele>
        <time>2025-11-21T00:49:37Z</time>
      </trkpt>
      <trkpt lat="39.158262790054636" lon="117.7658258929024">
        <ele>1.8</ele>
        <time>2025-11-21T00:49:38Z</time>
      </trkpt>
      <trkpt lat="39.15826434612542" lon="117.76579329127702">
        <ele>1.8</ele>
        <time>2025-11-21T00:49:39Z</time>
      </trkpt>
      <trkpt lat="39.158265788945464" lon="117.76576474028123">
        <ele>1.8</ele>
        <time>2025-11-21T00:49:40Z</time>
      </trkpt>
      <trkpt lat="39.15826722870122" lon="117.76573626535985">
        <ele>1.8</ele>
        <time>2025-11-21T00:49:41Z</time>
      </trkpt>
      <trkpt lat="39.15826866523703" lon="117.76570781950292">
        <ele>1.8</ele>
        <time>2025-11-21T00:49:42Z</time>
      </trkpt>
      <trkpt lat="39.15827010673966" lon="117.76567921951192">
        <ele>1.8</ele>
        <time>2025-11-21T00:49:43Z</time>
      </trkpt>
      <trkpt lat="39.158271553399366" lon="117.76565028764111">
        <ele>1.8</ele>
        <time>2025-11-21T00:49:44Z</time>
      </trkpt>
      <trkpt lat="39.15827297282459" lon="117.76562125189486">
        <ele>1.8</ele>
        <time>2025-11-21T00:49:45Z</time>
      </trkpt>
      <trkpt lat="39.15827434680899" lon="117.76559199574292">
        <ele>1.8</ele>
        <time>2025-11-21T00:49:46Z</time>
      </trkpt>
      <trkpt lat="39.1582756311512" lon="117.76556257532305">
        <ele>1.8</ele>
        <time>2025-11-21T00:49:47Z</time>
      </trkpt>
      <trkpt lat="39.158276789466335" lon="117.76553244894832">
        <ele>1.8</ele>
        <time>2025-11-21T00:49:48Z</time>
      </trkpt>
      <trkpt lat="39.15827778478139" lon="117.76550240799334">
        <ele>1.8</ele>
        <time>2025-11-21T00:49:49Z</time>
      </trkpt>
      <trkpt lat="39.158278698352525" lon="117.76546893165286">
        <ele>1.8</ele>
        <time>2025-11-21T00:49:50Z</time>
      </trkpt>
      <trkpt lat="39.1582793845752" lon="117.76543933377678">
        <ele>1.8</ele>
        <time>2025-11-21T00:49:51Z</time>
      </trkpt>
      <trkpt lat="39.15827997645457" lon="117.7654095182728">
        <ele>1.8</ele>
        <time>2025-11-21T00:49:52Z</time>
      </trkpt>
      <trkpt lat="39.15828050376969" lon="117.76537933092692">
        <ele>1.8</ele>
        <time>2025-11-21T00:49:53Z</time>
      </trkpt>
      <trkpt lat="39.15828097483356" lon="117.7653492501222">
        <ele>1.8</ele>
        <time>2025-11-21T00:49:54Z</time>
      </trkpt>
      <trkpt lat="39.158281392078486" lon="117.76531906784933">
        <ele>1.8</ele>
        <time>2025-11-21T00:49:55Z</time>
      </trkpt>
      <trkpt lat="39.15828173947659" lon="117.76528884352855">
        <ele>1.8</ele>
        <time>2025-11-21T00:49:56Z</time>
      </trkpt>
      <trkpt lat="39.1582820424896" lon="117.76525844392057">
        <ele>1.8</ele>
        <time>2025-11-21T00:49:57Z</time>
      </trkpt>
      <trkpt lat="39.15828230187154" lon="117.76522810419696">
        <ele>1.8</ele>
        <time>2025-11-21T00:49:58Z</time>
      </trkpt>
      <trkpt lat="39.158282518860105" lon="117.76519803146103">
        <ele>1.8</ele>
        <time>2025-11-21T00:49:59Z</time>
      </trkpt>
      <trkpt lat="39.15828271671332" lon="117.76516801097023">
        <ele>1.8</ele>
        <time>2025-11-21T00:50:00Z</time>
      </trkpt>
      <trkpt lat="39.15828291472577" lon="117.76513813781649">
        <ele>1.8</ele>
        <time>2025-11-21T00:50:01Z</time>
      </trkpt>
      <trkpt lat="39.158283133891814" lon="117.76510845638109">
        <ele>1.8</ele>
        <time>2025-11-21T00:50:02Z</time>
      </trkpt>
      <trkpt lat="39.1582833919495" lon="117.76507945528382">
        <ele>1.8</ele>
        <time>2025-11-21T00:50:03Z</time>
      </trkpt>
      <trkpt lat="39.158283693150594" lon="117.76505106916234">
        <ele>1.8</ele>
        <time>2025-11-21T00:50:04Z</time>
      </trkpt>
      <trkpt lat="39.158283963406575" lon="117.76502593673244">
        <ele>1.8</ele>
        <time>2025-11-21T00:50:05Z</time>
      </trkpt>
      <trkpt lat="39.158284215100444" lon="117.7650001708628">
        <ele>1.8</ele>
        <time>2025-11-21T00:50:06Z</time>
      </trkpt>
      <trkpt lat="39.15828445276753" lon="117.76497020282086">
        <ele>1.8</ele>
        <time>2025-11-21T00:50:07Z</time>
      </trkpt>
      <trkpt lat="39.158284608023195" lon="117.76494028272488">
        <ele>1.8</ele>
        <time>2025-11-21T00:50:08Z</time>
      </trkpt>
      <trkpt lat="39.158284681106885" lon="117.764910681724">
        <ele>1.8</ele>
        <time>2025-11-21T00:50:09Z</time>
      </trkpt>
      <trkpt lat="39.158284676067225" lon="117.76488140998178">
        <ele>1.8</ele>
        <time>2025-11-21T00:50:10Z</time>
      </trkpt>
      <trkpt lat="39.15828459951787" lon="117.76485247928015">
        <ele>1.8</ele>
        <time>2025-11-21T00:50:11Z</time>
      </trkpt>
      <trkpt lat="39.158284449107946" lon="117.76482367601295">
        <ele>1.8</ele>
        <time>2025-11-21T00:50:12Z</time>
      </trkpt>
      <trkpt lat="39.158284198388806" lon="117.76479517468744">
        <ele>1.8</ele>
        <time>2025-11-21T00:50:13Z</time>
      </trkpt>
      <trkpt lat="39.15828387030351" lon="117.7647668994366">
        <ele>1.8</ele>
        <time>2025-11-21T00:50:14Z</time>
      </trkpt>
      <trkpt lat="39.158283488009424" lon="117.76473878090579">
        <ele>1.8</ele>
        <time>2025-11-21T00:50:15Z</time>
      </trkpt>
      <trkpt lat="39.158283064637246" lon="117.76471074837362">
        <ele>1.8</ele>
        <time>2025-11-21T00:50:16Z</time>
      </trkpt>
      <trkpt lat="39.15828255038551" lon="117.76468267888387">
        <ele>1.8</ele>
        <time>2025-11-21T00:50:17Z</time>
      </trkpt>
      <trkpt lat="39.158281866043076" lon="117.76465459952556">
        <ele>1.8</ele>
        <time>2025-11-21T00:50:18Z</time>
      </trkpt>
      <trkpt lat="39.15828080490202" lon="117.76462601592056">
        <ele>1.8</ele>
        <time>2025-11-21T00:50:19Z</time>
      </trkpt>
      <trkpt lat="39.158279210995865" lon="117.76459776525677">
        <ele>1.8</ele>
        <time>2025-11-21T00:50:20Z</time>
      </trkpt>
      <trkpt lat="39.15827624157074" lon="117.76456665606118">
        <ele>1.8</ele>
        <time>2025-11-21T00:50:21Z</time>
      </trkpt>
      <trkpt lat="39.158271891013456" lon="117.76453887186848">
        <ele>1.8</ele>
        <time>2025-11-21T00:50:22Z</time>
      </trkpt>
      <trkpt lat="39.15826630235194" lon="117.76451068444365">
        <ele>1.8</ele>
        <time>2025-11-21T00:50:23Z</time>
      </trkpt>
      <trkpt lat="39.158259910056856" lon="117.76448276865844">
        <ele>1.8</ele>
        <time>2025-11-21T00:50:24Z</time>
      </trkpt>
      <trkpt lat="39.158253311543405" lon="117.76445577618925">
        <ele>1.8</ele>
        <time>2025-11-21T00:50:25Z</time>
      </trkpt>
      <trkpt lat="39.158246239084065" lon="117.76442809044093">
        <ele>1.8</ele>
        <time>2025-11-21T00:50:26Z</time>
      </trkpt>
      <trkpt lat="39.15823931433908" lon="117.76440304206751">
        <ele>1.6</ele>
        <time>2025-11-21T00:50:27Z</time>
      </trkpt>
      <trkpt lat="39.1582314163437" lon="117.76437486939065">
        <ele>1.6</ele>
        <time>2025-11-21T00:50:28Z</time>
      </trkpt>
      <trkpt lat="39.158223630556634" lon="117.76434765648932">
        <ele>1.6</ele>
        <time>2025-11-21T00:50:29Z</time>
      </trkpt>
      <trkpt lat="39.15821569859437" lon="117.76432005297801">
        <ele>1.6</ele>
        <time>2025-11-21T00:50:30Z</time>
      </trkpt>
      <trkpt lat="39.158208259175" lon="117.76429478294149">
        <ele>1.6</ele>
        <time>2025-11-21T00:50:31Z</time>
      </trkpt>
      <trkpt lat="39.15820073266788" lon="117.76426889410308">
        <ele>1.6</ele>
        <time>2025-11-21T00:50:32Z</time>
      </trkpt>
      <trkpt lat="39.15819320510862" lon="117.76424295805634">
        <ele>1.6</ele>
        <time>2025-11-21T00:50:33Z</time>
      </trkpt>
      <trkpt lat="39.15818521413623" lon="117.76421477908052">
        <ele>1.6</ele>
        <time>2025-11-21T00:50:34Z</time>
      </trkpt>
      <trkpt lat="39.15817679146484" lon="117.76418536580618">
        <ele>1.6</ele>
        <time>2025-11-21T00:50:35Z</time>
      </trkpt>
      <trkpt lat="39.158168269509886" lon="117.7641560505549">
        <ele>1.6</ele>
        <time>2025-11-21T00:50:36Z</time>
      </trkpt>
      <trkpt lat="39.15815986116083" lon="117.76412931857543">
        <ele>1.6</ele>
        <time>2025-11-21T00:50:37Z</time>
      </trkpt>
      <trkpt lat="39.1581513272184" lon="117.7641043057016">
        <ele>1.6</ele>
        <time>2025-11-21T00:50:38Z</time>
      </trkpt>
      <trkpt lat="39.15814194469763" lon="117.76407878458643">
        <ele>1.6</ele>
        <time>2025-11-21T00:50:39Z</time>
      </trkpt>
      <trkpt lat="39.15813212698739" lon="117.76405369668561">
        <ele>1.6</ele>
        <time>2025-11-21T00:50:40Z</time>
      </trkpt>
      <trkpt lat="39.15812142825895" lon="117.76402872831738">
        <ele>1.6</ele>
        <time>2025-11-21T00:50:41Z</time>
      </trkpt>
      <trkpt lat="39.15810920139215" lon="117.76400255235366">
        <ele>1.6</ele>
        <time>2025-11-21T00:50:42Z</time>
      </trkpt>
      <trkpt lat="39.15809598279146" lon="117.76397608573984">
        <ele>1.6</ele>
        <time>2025-11-21T00:50:43Z</time>
      </trkpt>
      <trkpt lat="39.15808260054571" lon="117.76395030653575">
        <ele>1.6</ele>
        <time>2025-11-21T00:50:44Z</time>
      </trkpt>
      <trkpt lat="39.15806822467299" lon="117.76392442145254">
        <ele>1.6</ele>
        <time>2025-11-21T00:50:45Z</time>
      </trkpt>
      <trkpt lat="39.15805473645469" lon="117.76389965229158">
        <ele>1.6</ele>
        <time>2025-11-21T00:50:46Z</time>
      </trkpt>
      <trkpt lat="39.15804189576297" lon="117.76387559963887">
        <ele>1.6</ele>
        <time>2025-11-21T00:50:47Z</time>
      </trkpt>
      <trkpt lat="39.158030039266855" lon="117.76385185065004">
        <ele>1.6</ele>
        <time>2025-11-21T00:50:48Z</time>
      </trkpt>
      <trkpt lat="39.1580181278611" lon="117.76382852884667">
        <ele>1.6</ele>
        <time>2025-11-21T00:50:49Z</time>
      </trkpt>
      <trkpt lat="39.15800597803093" lon="117.76380508580704">
        <ele>1.6</ele>
        <time>2025-11-21T00:50:50Z</time>
      </trkpt>
      <trkpt lat="39.15799489470203" lon="117.76378427204807">
        <ele>1.6</ele>
        <time>2025-11-21T00:50:51Z</time>
      </trkpt>
      <trkpt lat="39.1579834644209" lon="117.76376274057601">
        <ele>1.8</ele>
        <time>2025-11-21T00:50:52Z</time>
      </trkpt>
      <trkpt lat="39.157970521732416" lon="117.76373770097173">
        <ele>1.8</ele>
        <time>2025-11-21T00:50:53Z</time>
      </trkpt>
      <trkpt lat="39.1579576913309" lon="117.76371269642759">
        <ele>1.8</ele>
        <time>2025-11-21T00:50:54Z</time>
      </trkpt>
      <trkpt lat="39.157944978701536" lon="117.76368770520706">
        <ele>1.8</ele>
        <time>2025-11-21T00:50:55Z</time>
      </trkpt>
      <trkpt lat="39.15793233342141" lon="117.7636625537454">
        <ele>1.8</ele>
        <time>2025-11-21T00:50:56Z</time>
      </trkpt>
      <trkpt lat="39.15791978388278" lon="117.76363734637671">
        <ele>2</ele>
        <time>2025-11-21T00:50:57Z</time>
      </trkpt>
      <trkpt lat="39.15790734526763" lon="117.76361212380837">
        <ele>2</ele>
        <time>2025-11-21T00:50:58Z</time>
      </trkpt>
      <trkpt lat="39.157894786374186" lon="117.76358640691038">
        <ele>2</ele>
        <time>2025-11-21T00:50:59Z</time>
      </trkpt>
      <trkpt lat="39.15788240354943" lon="117.76356096069064">
        <ele>2</ele>
        <time>2025-11-21T00:51:00Z</time>
      </trkpt>
      <trkpt lat="39.157868774062045" lon="117.76353255262353">
        <ele>2</ele>
        <time>2025-11-21T00:51:01Z</time>
      </trkpt>
      <trkpt lat="39.15785684463606" lon="117.76350791659951">
        <ele>2</ele>
        <time>2025-11-21T00:51:02Z</time>
      </trkpt>
      <trkpt lat="39.15784492047702" lon="117.76348314190909">
        <ele>2</ele>
        <time>2025-11-21T00:51:03Z</time>
      </trkpt>
      <trkpt lat="39.15783299480822" lon="117.76345811898399">
        <ele>2</ele>
        <time>2025-11-21T00:51:04Z</time>
      </trkpt>
      <trkpt lat="39.15782130535682" lon="117.76343350714416">
        <ele>2</ele>
        <time>2025-11-21T00:51:05Z</time>
      </trkpt>
      <trkpt lat="39.157808476277765" lon="117.76340602083634">
        <ele>2</ele>
        <time>2025-11-21T00:51:06Z</time>
      </trkpt>
      <trkpt lat="39.15779717119108" lon="117.76338197725381">
        <ele>2</ele>
        <time>2025-11-21T00:51:07Z</time>
      </trkpt>
      <trkpt lat="39.157785887380534" lon="117.76335783440858">
        <ele>2</ele>
        <time>2025-11-21T00:51:08Z</time>
      </trkpt>
      <trkpt lat="39.15777473372282" lon="117.76333376014342">
        <ele>2</ele>
        <time>2025-11-21T00:51:09Z</time>
      </trkpt>
      <trkpt lat="39.15776385819524" lon="117.76331008142263">
        <ele>2</ele>
        <time>2025-11-21T00:51:10Z</time>
      </trkpt>
      <trkpt lat="39.15775314750278" lon="117.76328630912616">
        <ele>2</ele>
        <time>2025-11-21T00:51:11Z</time>
      </trkpt>
      <trkpt lat="39.15774275457943" lon="117.76326248892923">
        <ele>2</ele>
        <time>2025-11-21T00:51:12Z</time>
      </trkpt>
      <trkpt lat="39.15773261853872" lon="117.7632383123936">
        <ele>2</ele>
        <time>2025-11-21T00:51:13Z</time>
      </trkpt>
      <trkpt lat="39.15772277482954" lon="117.76321372574235">
        <ele>2</ele>
        <time>2025-11-21T00:51:14Z</time>
      </trkpt>
      <trkpt lat="39.15771320087038" lon="117.76318850465057">
        <ele>2</ele>
        <time>2025-11-21T00:51:15Z</time>
      </trkpt>
      <trkpt lat="39.15770396137417" lon="117.76316284742887">
        <ele>2</ele>
        <time>2025-11-21T00:51:16Z</time>
      </trkpt>
      <trkpt lat="39.157695077669224" lon="117.76313673486577">
        <ele>2</ele>
        <time>2025-11-21T00:51:17Z</time>
      </trkpt>
      <trkpt lat="39.157686567914446" lon="117.76311007107046">
        <ele>2</ele>
        <time>2025-11-21T00:51:18Z</time>
      </trkpt>
      <trkpt lat="39.15767839678496" lon="117.76308293400986">
        <ele>2</ele>
        <time>2025-11-21T00:51:19Z</time>
      </trkpt>
      <trkpt lat="39.15767072272561" lon="117.76305588120256">
        <ele>2</ele>
        <time>2025-11-21T00:51:20Z</time>
      </trkpt>
      <trkpt lat="39.15766336283574" lon="117.76302851941038">
        <ele>2</ele>
        <time>2025-11-21T00:51:21Z</time>
      </trkpt>
      <trkpt lat="39.157656248388044" lon="117.76300084823959">
        <ele>2</ele>
        <time>2025-11-21T00:51:22Z</time>
      </trkpt>
      <trkpt lat="39.15764814554301" lon="117.76296967469035">
        <ele>2</ele>
        <time>2025-11-21T00:51:23Z</time>
      </trkpt>
      <trkpt lat="39.157641549239" lon="117.76294207370647">
        <ele>2</ele>
        <time>2025-11-21T00:51:24Z</time>
      </trkpt>
      <trkpt lat="39.15763503602673" lon="117.7629145451199">
        <ele>2</ele>
        <time>2025-11-21T00:51:25Z</time>
      </trkpt>
      <trkpt lat="39.15762839811504" lon="117.76288679782164">
        <ele>2</ele>
        <time>2025-11-21T00:51:26Z</time>
      </trkpt>
      <trkpt lat="39.15762172801119" lon="117.76285903687459">
        <ele>2</ele>
        <time>2025-11-21T00:51:27Z</time>
      </trkpt>
      <trkpt lat="39.1576150512221" lon="117.76283143742562">
        <ele>2</ele>
        <time>2025-11-21T00:51:28Z</time>
      </trkpt>
      <trkpt lat="39.157608806985415" lon="117.76280352167495">
        <ele>2</ele>
        <time>2025-11-21T00:51:29Z</time>
      </trkpt>
      <trkpt lat="39.15760297218423" lon="117.76277645715388">
        <ele>2</ele>
        <time>2025-11-21T00:51:30Z</time>
      </trkpt>
      <trkpt lat="39.157599897687206" lon="117.76274658664425">
        <ele>2</ele>
        <time>2025-11-21T00:51:31Z</time>
      </trkpt>
      <trkpt lat="39.15759737954409" lon="117.76272335346847">
        <ele>2</ele>
        <time>2025-11-21T00:51:32Z</time>
      </trkpt>
      <trkpt lat="39.157594073053694" lon="117.76269306899627">
        <ele>2</ele>
        <time>2025-11-21T00:51:33Z</time>
      </trkpt>
      <trkpt lat="39.15758851109709" lon="117.76266411635918">
        <ele>2</ele>
        <time>2025-11-21T00:51:34Z</time>
      </trkpt>
      <trkpt lat="39.1575839383544" lon="117.76263151532156">
        <ele>2</ele>
        <time>2025-11-21T00:51:35Z</time>
      </trkpt>
      <trkpt lat="39.157580198346444" lon="117.7626015938172">
        <ele>2</ele>
        <time>2025-11-21T00:51:36Z</time>
      </trkpt>
      <trkpt lat="39.15757643393336" lon="117.76257297332135">
        <ele>2</ele>
        <time>2025-11-21T00:51:37Z</time>
      </trkpt>
      <trkpt lat="39.157571837877896" lon="117.76254213807718">
        <ele>2</ele>
        <time>2025-11-21T00:51:38Z</time>
      </trkpt>
      <trkpt lat="39.15756702902814" lon="117.76251453505384">
        <ele>2</ele>
        <time>2025-11-21T00:51:39Z</time>
      </trkpt>
      <trkpt lat="39.157561978943725" lon="117.76248691949789">
        <ele>2</ele>
        <time>2025-11-21T00:51:40Z</time>
      </trkpt>
      <trkpt lat="39.157556637232894" lon="117.76245929956124">
        <ele>2</ele>
        <time>2025-11-21T00:51:41Z</time>
      </trkpt>
      <trkpt lat="39.157551030289156" lon="117.76243169692343">
        <ele>2</ele>
        <time>2025-11-21T00:51:42Z</time>
      </trkpt>
      <trkpt lat="39.157544831350215" lon="117.76240381413902">
        <ele>2</ele>
        <time>2025-11-21T00:51:43Z</time>
      </trkpt>
      <trkpt lat="39.157537724290016" lon="117.76237595624703">
        <ele>2</ele>
        <time>2025-11-21T00:51:44Z</time>
      </trkpt>
      <trkpt lat="39.15752954797339" lon="117.76234796678163">
        <ele>2</ele>
        <time>2025-11-21T00:51:45Z</time>
      </trkpt>
      <trkpt lat="39.15752036174359" lon="117.76232004246431">
        <ele>2</ele>
        <time>2025-11-21T00:51:46Z</time>
      </trkpt>
      <trkpt lat="39.15751026825259" lon="117.7622925855681">
        <ele>2</ele>
        <time>2025-11-21T00:51:47Z</time>
      </trkpt>
      <trkpt lat="39.15749976444053" lon="117.76226542772942">
        <ele>2</ele>
        <time>2025-11-21T00:51:48Z</time>
      </trkpt>
      <trkpt lat="39.15748915603327" lon="117.7622386879303">
        <ele>2</ele>
        <time>2025-11-21T00:51:49Z</time>
      </trkpt>
      <trkpt lat="39.15747832625433" lon="117.7622121706021">
        <ele>2</ele>
        <time>2025-11-21T00:51:50Z</time>
      </trkpt>
      <trkpt lat="39.15746756123363" lon="117.76218635316913">
        <ele>2</ele>
        <time>2025-11-21T00:51:51Z</time>
      </trkpt>
      <trkpt lat="39.15745640547632" lon="117.76216066786769">
        <ele>2</ele>
        <time>2025-11-21T00:51:52Z</time>
      </trkpt>
      <trkpt lat="39.15744576353965" lon="117.76213774989736">
        <ele>2</ele>
        <time>2025-11-21T00:51:53Z</time>
      </trkpt>
      <trkpt lat="39.157433342834395" lon="117.76211248019685">
        <ele>2</ele>
        <time>2025-11-21T00:51:54Z</time>
      </trkpt>
      <trkpt lat="39.157420671407884" lon="117.76208756435416">
        <ele>2</ele>
        <time>2025-11-21T00:51:55Z</time>
      </trkpt>
      <trkpt lat="39.157407569159005" lon="117.7620629472">
        <ele>2</ele>
        <time>2025-11-21T00:51:56Z</time>
      </trkpt>
      <trkpt lat="39.15739404916039" lon="117.76203849830534">
        <ele>2</ele>
        <time>2025-11-21T00:51:57Z</time>
      </trkpt>
      <trkpt lat="39.15738012672757" lon="117.76201477681965">
        <ele>2</ele>
        <time>2025-11-21T00:51:58Z</time>
      </trkpt>
      <trkpt lat="39.15736573601964" lon="117.7619917993861">
        <ele>2</ele>
        <time>2025-11-21T00:51:59Z</time>
      </trkpt>
      <trkpt lat="39.15735064980588" lon="117.76197112087827">
        <ele>2</ele>
        <time>2025-11-21T00:52:00Z</time>
      </trkpt>
      <trkpt lat="39.15733524259109" lon="117.76195219238691">
        <ele>2</ele>
        <time>2025-11-21T00:52:01Z</time>
      </trkpt>
      <trkpt lat="39.1573195029451" lon="117.76193404680225">
        <ele>2</ele>
        <time>2025-11-21T00:52:02Z</time>
      </trkpt>
      <trkpt lat="39.157304927014245" lon="117.761917336421">
        <ele>2</ele>
        <time>2025-11-21T00:52:03Z</time>
      </trkpt>
      <trkpt lat="39.15728873049648" lon="117.7618975659216">
        <ele>2</ele>
        <time>2025-11-21T00:52:04Z</time>
      </trkpt>
      <trkpt lat="39.15727282159772" lon="117.7618778548501">
        <ele>2</ele>
        <time>2025-11-21T00:52:05Z</time>
      </trkpt>
      <trkpt lat="39.157257040357514" lon="117.76185821056565">
        <ele>2</ele>
        <time>2025-11-21T00:52:06Z</time>
      </trkpt>
      <trkpt lat="39.1572425970862" lon="117.76184064501793">
        <ele>2</ele>
        <time>2025-11-21T00:52:07Z</time>
      </trkpt>
      <trkpt lat="39.15722778611671" lon="117.76182296550866">
        <ele>2</ele>
        <time>2025-11-21T00:52:08Z</time>
      </trkpt>
      <trkpt lat="39.157212938531494" lon="117.76180558145751">
        <ele>2</ele>
        <time>2025-11-21T00:52:09Z</time>
      </trkpt>
      <trkpt lat="39.15719703702067" lon="117.76178734092005">
        <ele>2</ele>
        <time>2025-11-21T00:52:10Z</time>
      </trkpt>
      <trkpt lat="39.15718178296602" lon="117.76176977393584">
        <ele>2</ele>
        <time>2025-11-21T00:52:11Z</time>
      </trkpt>
      <trkpt lat="39.157166558434895" lon="117.76175217860717">
        <ele>2</ele>
        <time>2025-11-21T00:52:12Z</time>
      </trkpt>
      <trkpt lat="39.157152803865465" lon="117.76173636064087">
        <ele>2</ele>
        <time>2025-11-21T00:52:13Z</time>
      </trkpt>
      <trkpt lat="39.15713673263866" lon="117.76171959578933">
        <ele>2</ele>
        <time>2025-11-21T00:52:14Z</time>
      </trkpt>
      <trkpt lat="39.15712051529347" lon="117.76170415727873">
        <ele>2</ele>
        <time>2025-11-21T00:52:15Z</time>
      </trkpt>
      <trkpt lat="39.157103626476925" lon="117.7616886153404">
        <ele>2</ele>
        <time>2025-11-21T00:52:16Z</time>
      </trkpt>
      <trkpt lat="39.15708902199667" lon="117.76167341844223">
        <ele>2</ele>
        <time>2025-11-21T00:52:17Z</time>
      </trkpt>
      <trkpt lat="39.157074119697675" lon="117.76165431963477">
        <ele>2</ele>
        <time>2025-11-21T00:52:18Z</time>
      </trkpt>
      <trkpt lat="39.15706081790274" lon="117.76163442868713">
        <ele>2</ele>
        <time>2025-11-21T00:52:19Z</time>
      </trkpt>
      <trkpt lat="39.15704795048054" lon="117.76161439162227">
        <ele>2</ele>
        <time>2025-11-21T00:52:20Z</time>
      </trkpt>
      <trkpt lat="39.1570350365457" lon="117.761594960596">
        <ele>2</ele>
        <time>2025-11-21T00:52:21Z</time>
      </trkpt>
      <trkpt lat="39.15702196798471" lon="117.76157631079913">
        <ele>2</ele>
        <time>2025-11-21T00:52:22Z</time>
      </trkpt>
      <trkpt lat="39.157008938650904" lon="117.76155803320985">
        <ele>2</ele>
        <time>2025-11-21T00:52:23Z</time>
      </trkpt>
      <trkpt lat="39.15699751590682" lon="117.761542017685">
        <ele>2</ele>
        <time>2025-11-21T00:52:24Z</time>
      </trkpt>
      <trkpt lat="39.15698590158509" lon="117.76152553491579">
        <ele>2</ele>
        <time>2025-11-21T00:52:25Z</time>
      </trkpt>
      <trkpt lat="39.156974801610275" lon="117.76150937880351">
        <ele>2</ele>
        <time>2025-11-21T00:52:26Z</time>
      </trkpt>
      <trkpt lat="39.15696213114506" lon="117.76149092518149">
        <ele>2</ele>
        <time>2025-11-21T00:52:27Z</time>
      </trkpt>
      <trkpt lat="39.1569494748457" lon="117.76147290922621">
        <ele>2</ele>
        <time>2025-11-21T00:52:28Z</time>
      </trkpt>
      <trkpt lat="39.156935939612346" lon="117.76145386104587">
        <ele>2</ele>
        <time>2025-11-21T00:52:29Z</time>
      </trkpt>
      <trkpt lat="39.15692335677945" lon="117.76143591646765">
        <ele>2</ele>
        <time>2025-11-21T00:52:30Z</time>
      </trkpt>
      <trkpt lat="39.15690898688291" lon="117.7614146893448">
        <ele>2</ele>
        <time>2025-11-21T00:52:31Z</time>
      </trkpt>
      <trkpt lat="39.15689457651127" lon="117.76139322546693">
        <ele>1.8</ele>
        <time>2025-11-21T00:52:32Z</time>
      </trkpt>
      <trkpt lat="39.15688001629824" lon="117.76137159397959">
        <ele>1.8</ele>
        <time>2025-11-21T00:52:33Z</time>
      </trkpt>
      <trkpt lat="39.15686655002283" lon="117.76135119785438">
        <ele>1.8</ele>
        <time>2025-11-21T00:52:34Z</time>
      </trkpt>
      <trkpt lat="39.15685314317627" lon="117.76133036252952">
        <ele>1.8</ele>
        <time>2025-11-21T00:52:35Z</time>
      </trkpt>
      <trkpt lat="39.156839958202646" lon="117.76130969551603">
        <ele>1.8</ele>
        <time>2025-11-21T00:52:36Z</time>
      </trkpt>
      <trkpt lat="39.15682776243986" lon="117.7612912939793">
        <ele>1.8</ele>
        <time>2025-11-21T00:52:37Z</time>
      </trkpt>
      <trkpt lat="39.15681532697217" lon="117.7612733620019">
        <ele>1.8</ele>
        <time>2025-11-21T00:52:38Z</time>
      </trkpt>
      <trkpt lat="39.156800762839545" lon="117.76125370983083">
        <ele>1.8</ele>
        <time>2025-11-21T00:52:39Z</time>
      </trkpt>
      <trkpt lat="39.15678570391701" lon="117.76123304247301">
        <ele>1.8</ele>
        <time>2025-11-21T00:52:40Z</time>
      </trkpt>
      <trkpt lat="39.15676967110211" lon="117.7612101389734">
        <ele>1.8</ele>
        <time>2025-11-21T00:52:41Z</time>
      </trkpt>
      <trkpt lat="39.15675573793177" lon="117.7611887268051">
        <ele>2.1</ele>
        <time>2025-11-21T00:52:42Z</time>
      </trkpt>
      <trkpt lat="39.15674154547332" lon="117.76116677417087">
        <ele>2.1</ele>
        <time>2025-11-21T00:52:43Z</time>
      </trkpt>
      <trkpt lat="39.156727233240204" lon="117.76114500799902">
        <ele>2.1</ele>
        <time>2025-11-21T00:52:44Z</time>
      </trkpt>
      <trkpt lat="39.156712486301316" lon="117.76112359696937">
        <ele>2.1</ele>
        <time>2025-11-21T00:52:45Z</time>
      </trkpt>
      <trkpt lat="39.15669747169678" lon="117.76110230654741">
        <ele>2.1</ele>
        <time>2025-11-21T00:52:46Z</time>
      </trkpt>
      <trkpt lat="39.156682050280295" lon="117.76108130903337">
        <ele>2.1</ele>
        <time>2025-11-21T00:52:47Z</time>
      </trkpt>
      <trkpt lat="39.15666652993078" lon="117.76106034482216">
        <ele>2.1</ele>
        <time>2025-11-21T00:52:48Z</time>
      </trkpt>
      <trkpt lat="39.156650994638674" lon="117.76103955377548">
        <ele>2.1</ele>
        <time>2025-11-21T00:52:49Z</time>
      </trkpt>
      <trkpt lat="39.156635252394665" lon="117.76101920178758">
        <ele>2.1</ele>
        <time>2025-11-21T00:52:50Z</time>
      </trkpt>
      <trkpt lat="39.15662021688989" lon="117.76099840631127">
        <ele>2.1</ele>
        <time>2025-11-21T00:52:51Z</time>
      </trkpt>
      <trkpt lat="39.15660514581581" lon="117.76097738224739">
        <ele>2.1</ele>
        <time>2025-11-21T00:52:52Z</time>
      </trkpt>
      <trkpt lat="39.156590322003844" lon="117.76095689705491">
        <ele>2.1</ele>
        <time>2025-11-21T00:52:53Z</time>
      </trkpt>
      <trkpt lat="39.156574417319845" lon="117.76093784892849">
        <ele>2.1</ele>
        <time>2025-11-21T00:52:54Z</time>
      </trkpt>
      <trkpt lat="39.15655723451963" lon="117.76091828905562">
        <ele>2.1</ele>
        <time>2025-11-21T00:52:55Z</time>
      </trkpt>
      <trkpt lat="39.15654130996692" lon="117.76089959652322">
        <ele>2.1</ele>
        <time>2025-11-21T00:52:56Z</time>
      </trkpt>
      <trkpt lat="39.15652552555525" lon="117.76087962527255">
        <ele>2.1</ele>
        <time>2025-11-21T00:52:57Z</time>
      </trkpt>
      <trkpt lat="39.156511017256896" lon="117.76086064218991">
        <ele>2.1</ele>
        <time>2025-11-21T00:52:58Z</time>
      </trkpt>
      <trkpt lat="39.15649526556638" lon="117.76083979147494">
        <ele>2.1</ele>
        <time>2025-11-21T00:52:59Z</time>
      </trkpt>
      <trkpt lat="39.15648022816265" lon="117.76081936880257">
        <ele>2.1</ele>
        <time>2025-11-21T00:53:00Z</time>
      </trkpt>
      <trkpt lat="39.15646565621816" lon="117.76079906748494">
        <ele>2.1</ele>
        <time>2025-11-21T00:53:01Z</time>
      </trkpt>
      <trkpt lat="39.156451220951794" lon="117.76077926853857">
        <ele>1.8</ele>
        <time>2025-11-21T00:53:02Z</time>
      </trkpt>
      <trkpt lat="39.15643680280067" lon="117.7607597548448">
        <ele>1.8</ele>
        <time>2025-11-21T00:53:03Z</time>
      </trkpt>
      <trkpt lat="39.156422182963006" lon="117.76074036307429">
        <ele>1.8</ele>
        <time>2025-11-21T00:53:04Z</time>
      </trkpt>
      <trkpt lat="39.156407583967" lon="117.76072105626484">
        <ele>1.8</ele>
        <time>2025-11-21T00:53:05Z</time>
      </trkpt>
      <trkpt lat="39.15639276889659" lon="117.76070215755263">
        <ele>1.8</ele>
        <time>2025-11-21T00:53:06Z</time>
      </trkpt>
      <trkpt lat="39.1563777984796" lon="117.76068369652991">
        <ele>1.8</ele>
        <time>2025-11-21T00:53:07Z</time>
      </trkpt>
      <trkpt lat="39.156362322339014" lon="117.7606658039567">
        <ele>1.8</ele>
        <time>2025-11-21T00:53:08Z</time>
      </trkpt>
      <trkpt lat="39.15634645267913" lon="117.7606484911048">
        <ele>1.8</ele>
        <time>2025-11-21T00:53:09Z</time>
      </trkpt>
      <trkpt lat="39.15632989422435" lon="117.76063178005847">
        <ele>1.8</ele>
        <time>2025-11-21T00:53:10Z</time>
      </trkpt>
      <trkpt lat="39.15631406322777" lon="117.76061700192467">
        <ele>1.8</ele>
        <time>2025-11-21T00:53:11Z</time>
      </trkpt>
      <trkpt lat="39.15629768446651" lon="117.76060222409853">
        <ele>1.8</ele>
        <time>2025-11-21T00:53:12Z</time>
      </trkpt>
      <trkpt lat="39.156279856062206" lon="117.76058589083178">
        <ele>1.8</ele>
        <time>2025-11-21T00:53:13Z</time>
      </trkpt>
      <trkpt lat="39.15626223627811" lon="117.76056989172824">
        <ele>1.8</ele>
        <time>2025-11-21T00:53:14Z</time>
      </trkpt>
      <trkpt lat="39.15624465810089" lon="117.76055483531951">
        <ele>1.8</ele>
        <time>2025-11-21T00:53:15Z</time>
      </trkpt>
      <trkpt lat="39.15622625340345" lon="117.76054142628134">
        <ele>1.8</ele>
        <time>2025-11-21T00:53:16Z</time>
      </trkpt>
      <trkpt lat="39.15620723810508" lon="117.76053034191324">
        <ele>1.8</ele>
        <time>2025-11-21T00:53:17Z</time>
      </trkpt>
      <trkpt lat="39.15618694279536" lon="117.7605215118482">
        <ele>1.8</ele>
        <time>2025-11-21T00:53:18Z</time>
      </trkpt>
      <trkpt lat="39.156167566934755" lon="117.76051633300713">
        <ele>1.8</ele>
        <time>2025-11-21T00:53:19Z</time>
      </trkpt>
      <trkpt lat="39.15614565235783" lon="117.76051277432538">
        <ele>1.8</ele>
        <time>2025-11-21T00:53:20Z</time>
      </trkpt>
      <trkpt lat="39.156123933153665" lon="117.76051047613524">
        <ele>1.8</ele>
        <time>2025-11-21T00:53:21Z</time>
      </trkpt>
      <trkpt lat="39.15610242562059" lon="117.7605087832638">
        <ele>1.8</ele>
        <time>2025-11-21T00:53:22Z</time>
      </trkpt>
      <trkpt lat="39.15608082153702" lon="117.76050786593652">
        <ele>1.8</ele>
        <time>2025-11-21T00:53:23Z</time>
      </trkpt>
      <trkpt lat="39.156059266097394" lon="117.7605068667298">
        <ele>1.8</ele>
        <time>2025-11-21T00:53:24Z</time>
      </trkpt>
      <trkpt lat="39.15603711528851" lon="117.76050553614125">
        <ele>1.8</ele>
        <time>2025-11-21T00:53:25Z</time>
      </trkpt>
      <trkpt lat="39.15601661844449" lon="117.76050279498598">
        <ele>1.8</ele>
        <time>2025-11-21T00:53:26Z</time>
      </trkpt>
      <trkpt lat="39.15599566991033" lon="117.76049988190897">
        <ele>1.8</ele>
        <time>2025-11-21T00:53:27Z</time>
      </trkpt>
      <trkpt lat="39.155973005724675" lon="117.76049694043924">
        <ele>1.8</ele>
        <time>2025-11-21T00:53:28Z</time>
      </trkpt>
      <trkpt lat="39.15595084856261" lon="117.76049497356895">
        <ele>1.8</ele>
        <time>2025-11-21T00:53:29Z</time>
      </trkpt>
      <trkpt lat="39.15592851573497" lon="117.76049276725504">
        <ele>1.8</ele>
        <time>2025-11-21T00:53:30Z</time>
      </trkpt>
      <trkpt lat="39.15590825236577" lon="117.76049025685633">
        <ele>1.8</ele>
        <time>2025-11-21T00:53:31Z</time>
      </trkpt>
      <trkpt lat="39.15588574918604" lon="117.76048684280988">
        <ele>1.8</ele>
        <time>2025-11-21T00:53:32Z</time>
      </trkpt>
      <trkpt lat="39.155863865401784" lon="117.76048314596056">
        <ele>1.8</ele>
        <time>2025-11-21T00:53:33Z</time>
      </trkpt>
      <trkpt lat="39.155841631736486" lon="117.76047906974263">
        <ele>1.8</ele>
        <time>2025-11-21T00:53:34Z</time>
      </trkpt>
      <trkpt lat="39.15582148480346" lon="117.76047481901222">
        <ele>1.8</ele>
        <time>2025-11-21T00:53:35Z</time>
      </trkpt>
      <trkpt lat="39.15579953285033" lon="117.7604697430675">
        <ele>1.8</ele>
        <time>2025-11-21T00:53:36Z</time>
      </trkpt>
      <trkpt lat="39.15577832599689" lon="117.76046470801175">
        <ele>1.8</ele>
        <time>2025-11-21T00:53:37Z</time>
      </trkpt>
      <trkpt lat="39.155757632035794" lon="117.76045971786192">
        <ele>1.8</ele>
        <time>2025-11-21T00:53:38Z</time>
      </trkpt>
      <trkpt lat="39.15573715265388" lon="117.76045466827196">
        <ele>1.8</ele>
        <time>2025-11-21T00:53:39Z</time>
      </trkpt>
      <trkpt lat="39.15571697690789" lon="117.76044925929742">
        <ele>1.8</ele>
        <time>2025-11-21T00:53:40Z</time>
      </trkpt>
      <trkpt lat="39.15569659368785" lon="117.7604428767132">
        <ele>1.8</ele>
        <time>2025-11-21T00:53:41Z</time>
      </trkpt>
      <trkpt lat="39.155677773675905" lon="117.76043592344718">
        <ele>1.8</ele>
        <time>2025-11-21T00:53:42Z</time>
      </trkpt>
      <trkpt lat="39.15565796083396" lon="117.76042850314865">
        <ele>1.8</ele>
        <time>2025-11-21T00:53:43Z</time>
      </trkpt>
      <trkpt lat="39.155637892502284" lon="117.76042156038784">
        <ele>1.8</ele>
        <time>2025-11-21T00:53:44Z</time>
      </trkpt>
      <trkpt lat="39.15561592186866" lon="117.76041467562531">
        <ele>1.8</ele>
        <time>2025-11-21T00:53:45Z</time>
      </trkpt>
      <trkpt lat="39.15559445864652" lon="117.76040814561068">
        <ele>1.8</ele>
        <time>2025-11-21T00:53:46Z</time>
      </trkpt>
      <trkpt lat="39.15557318458664" lon="117.76040171961336">
        <ele>1.8</ele>
        <time>2025-11-21T00:53:47Z</time>
      </trkpt>
      <trkpt lat="39.15555189005184" lon="117.76039557611149">
        <ele>1.8</ele>
        <time>2025-11-21T00:53:48Z</time>
      </trkpt>
      <trkpt lat="39.15553060145751" lon="117.76038949289264">
        <ele>1.8</ele>
        <time>2025-11-21T00:53:49Z</time>
      </trkpt>
      <trkpt lat="39.155509192498094" lon="117.76038338967993">
        <ele>1.8</ele>
        <time>2025-11-21T00:53:50Z</time>
      </trkpt>
      <trkpt lat="39.15548768667671" lon="117.76037712040551">
        <ele>1.8</ele>
        <time>2025-11-21T00:53:51Z</time>
      </trkpt>
      <trkpt lat="39.15546655521354" lon="117.76037094999157">
        <ele>1.8</ele>
        <time>2025-11-21T00:53:52Z</time>
      </trkpt>
      <trkpt lat="39.15544526441315" lon="117.76036502379844">
        <ele>1.8</ele>
        <time>2025-11-21T00:53:53Z</time>
      </trkpt>
      <trkpt lat="39.155426267654626" lon="117.76036040502454">
        <ele>1.8</ele>
        <time>2025-11-21T00:53:54Z</time>
      </trkpt>
      <trkpt lat="39.1554050371593" lon="117.76035642328128">
        <ele>1.8</ele>
        <time>2025-11-21T00:53:55Z</time>
      </trkpt>
      <trkpt lat="39.15538460942842" lon="117.76035318009795">
        <ele>1.8</ele>
        <time>2025-11-21T00:53:56Z</time>
      </trkpt>
      <trkpt lat="39.15536439548203" lon="117.76035040602206">
        <ele>1.8</ele>
        <time>2025-11-21T00:53:57Z</time>
      </trkpt>
      <trkpt lat="39.155346477840204" lon="117.76034795941959">
        <ele>1.8</ele>
        <time>2025-11-21T00:53:58Z</time>
      </trkpt>
      <trkpt lat="39.15532851660473" lon="117.76034576213013">
        <ele>1.8</ele>
        <time>2025-11-21T00:53:59Z</time>
      </trkpt>
      <trkpt lat="39.155311575622974" lon="117.76034383877384">
        <ele>1.8</ele>
        <time>2025-11-21T00:54:00Z</time>
      </trkpt>
      <trkpt lat="39.15529419545789" lon="117.76034195460662">
        <ele>1.8</ele>
        <time>2025-11-21T00:54:01Z</time>
      </trkpt>
      <trkpt lat="39.15527886344772" lon="117.76034152584103">
        <ele>1.8</ele>
        <time>2025-11-21T00:54:02Z</time>
      </trkpt>
      <trkpt lat="39.15526637369934" lon="117.76034234423034">
        <ele>1.8</ele>
        <time>2025-11-21T00:54:03Z</time>
      </trkpt>
      <trkpt lat="39.15525743919311" lon="117.76034547439622">
        <ele>1.8</ele>
        <time>2025-11-21T00:54:04Z</time>
      </trkpt>
      <trkpt lat="39.15524932219627" lon="117.76034885851797">
        <ele>1.8</ele>
        <time>2025-11-21T00:54:05Z</time>
      </trkpt>
      <trkpt lat="39.155242826737286" lon="117.76035230791484">
        <ele>1.8</ele>
        <time>2025-11-21T00:54:06Z</time>
      </trkpt>
      <trkpt lat="39.15523656034878" lon="117.76035424266134">
        <ele>1.8</ele>
        <time>2025-11-21T00:54:07Z</time>
      </trkpt>
      <trkpt lat="39.15523321600171" lon="117.76035523988955">
        <ele>1.8</ele>
        <time>2025-11-21T00:54:08Z</time>
      </trkpt>
      <trkpt lat="39.15522972152931" lon="117.76035443444356">
        <ele>1.8</ele>
        <time>2025-11-21T00:54:09Z</time>
      </trkpt>
      <trkpt lat="39.15522834411617" lon="117.76035180771926">
        <ele>1.8</ele>
        <time>2025-11-21T00:54:10Z</time>
      </trkpt>
      <trkpt lat="39.15522808156607" lon="117.7603474458723">
        <ele>1.8</ele>
        <time>2025-11-21T00:54:11Z</time>
      </trkpt>
      <trkpt lat="39.15522708954425" lon="117.7603397279876">
        <ele>1.8</ele>
        <time>2025-11-21T00:54:12Z</time>
      </trkpt>
      <trkpt lat="39.15522722367693" lon="117.76033310662868">
        <ele>1.8</ele>
        <time>2025-11-21T00:54:13Z</time>
      </trkpt>
      <trkpt lat="39.15522633318097" lon="117.76032567341348">
        <ele>1.8</ele>
        <time>2025-11-21T00:54:14Z</time>
      </trkpt>
      <trkpt lat="39.155227411295535" lon="117.76031946664152">
        <ele>1.8</ele>
        <time>2025-11-21T00:54:15Z</time>
      </trkpt>
      <trkpt lat="39.15522873760127" lon="117.76031223459135">
        <ele>1.8</ele>
        <time>2025-11-21T00:54:16Z</time>
      </trkpt>
      <trkpt lat="39.15523195026858" lon="117.76030588614123">
        <ele>1.8</ele>
        <time>2025-11-21T00:54:17Z</time>
      </trkpt>
      <trkpt lat="39.15523663118041" lon="117.76030322861502">
        <ele>1.8</ele>
        <time>2025-11-21T00:54:18Z</time>
      </trkpt>
      <trkpt lat="39.1552445239716" lon="117.76030267417302">
        <ele>1.8</ele>
        <time>2025-11-21T00:54:19Z</time>
      </trkpt>
      <trkpt lat="39.155255159708574" lon="117.76030512958735">
        <ele>1.8</ele>
        <time>2025-11-21T00:54:20Z</time>
      </trkpt>
      <trkpt lat="39.155268863392266" lon="117.76030883505214">
        <ele>1.8</ele>
        <time>2025-11-21T00:54:21Z</time>
      </trkpt>
      <trkpt lat="39.155283814827236" lon="117.76031413700144">
        <ele>1.8</ele>
        <time>2025-11-21T00:54:22Z</time>
      </trkpt>
      <trkpt lat="39.15530059931637" lon="117.760320371435">
        <ele>1.8</ele>
        <time>2025-11-21T00:54:23Z</time>
      </trkpt>
      <trkpt lat="39.15531686485712" lon="117.76032635762265">
        <ele>1.8</ele>
        <time>2025-11-21T00:54:24Z</time>
      </trkpt>
      <trkpt lat="39.155335443605836" lon="117.76033292701028">
        <ele>1.8</ele>
        <time>2025-11-21T00:54:25Z</time>
      </trkpt>
      <trkpt lat="39.15535386684246" lon="117.7603392244388">
        <ele>1.8</ele>
        <time>2025-11-21T00:54:26Z</time>
      </trkpt>
      <trkpt lat="39.15537335627381" lon="117.7603456621136">
        <ele>1.8</ele>
        <time>2025-11-21T00:54:27Z</time>
      </trkpt>
      <trkpt lat="39.155392800046776" lon="117.76035204544456">
        <ele>1.8</ele>
        <time>2025-11-21T00:54:28Z</time>
      </trkpt>
      <trkpt lat="39.155411845842615" lon="117.7603580847013">
        <ele>1.8</ele>
        <time>2025-11-21T00:54:29Z</time>
      </trkpt>
      <trkpt lat="39.155431236963246" lon="117.76036408738248">
        <ele>1.8</ele>
        <time>2025-11-21T00:54:30Z</time>
      </trkpt>
      <trkpt lat="39.15545087237424" lon="117.76037024130177">
        <ele>1.8</ele>
        <time>2025-11-21T00:54:31Z</time>
      </trkpt>
      <trkpt lat="39.15547096248867" lon="117.7603769008363">
        <ele>1.8</ele>
        <time>2025-11-21T00:54:32Z</time>
      </trkpt>
      <trkpt lat="39.15549139804557" lon="117.76038407392139">
        <ele>1.8</ele>
        <time>2025-11-21T00:54:33Z</time>
      </trkpt>
      <trkpt lat="39.155512594007966" lon="117.76039121944774">
        <ele>1.8</ele>
        <time>2025-11-21T00:54:34Z</time>
      </trkpt>
      <trkpt lat="39.15553343853473" lon="117.76039764311281">
        <ele>1.8</ele>
        <time>2025-11-21T00:54:35Z</time>
      </trkpt>
      <trkpt lat="39.15555488710991" lon="117.76040350605315">
        <ele>1.8</ele>
        <time>2025-11-21T00:54:36Z</time>
      </trkpt>
      <trkpt lat="39.155574387430356" lon="117.7604079902107">
        <ele>1.8</ele>
        <time>2025-11-21T00:54:37Z</time>
      </trkpt>
      <trkpt lat="39.15559622173835" lon="117.76041231584598">
        <ele>1.8</ele>
        <time>2025-11-21T00:54:38Z</time>
      </trkpt>
      <trkpt lat="39.15561749693773" lon="117.7604161501178">
        <ele>1.8</ele>
        <time>2025-11-21T00:54:39Z</time>
      </trkpt>
      <trkpt lat="39.15563867301326" lon="117.76042003228812">
        <ele>1.8</ele>
        <time>2025-11-21T00:54:40Z</time>
      </trkpt>
      <trkpt lat="39.155660228421524" lon="117.7604243402303">
        <ele>1.8</ele>
        <time>2025-11-21T00:54:41Z</time>
      </trkpt>
      <trkpt lat="39.15568201288176" lon="117.76042904868669">
        <ele>1.8</ele>
        <time>2025-11-21T00:54:42Z</time>
      </trkpt>
      <trkpt lat="39.15570411535268" lon="117.76043412343348">
        <ele>1.8</ele>
        <time>2025-11-21T00:54:43Z</time>
      </trkpt>
      <trkpt lat="39.15572613977314" lon="117.76043945307835">
        <ele>1.8</ele>
        <time>2025-11-21T00:54:44Z</time>
      </trkpt>
      <trkpt lat="39.15574848052589" lon="117.76044434157173">
        <ele>1.8</ele>
        <time>2025-11-21T00:54:45Z</time>
      </trkpt>
      <trkpt lat="39.155770655668775" lon="117.76044836903124">
        <ele>1.8</ele>
        <time>2025-11-21T00:54:46Z</time>
      </trkpt>
      <trkpt lat="39.15579306371992" lon="117.76045172840811">
        <ele>1.8</ele>
        <time>2025-11-21T00:54:47Z</time>
      </trkpt>
      <trkpt lat="39.15581533255629" lon="117.76045558371914">
        <ele>1.8</ele>
        <time>2025-11-21T00:54:48Z</time>
      </trkpt>
      <trkpt lat="39.155837791572864" lon="117.76046046327544">
        <ele>1.8</ele>
        <time>2025-11-21T00:54:49Z</time>
      </trkpt>
      <trkpt lat="39.15586022505011" lon="117.76046632324366">
        <ele>1.8</ele>
        <time>2025-11-21T00:54:50Z</time>
      </trkpt>
      <trkpt lat="39.15588267801106" lon="117.76047201215059">
        <ele>1.8</ele>
        <time>2025-11-21T00:54:51Z</time>
      </trkpt>
      <trkpt lat="39.15590529842028" lon="117.76047721157731">
        <ele>1.8</ele>
        <time>2025-11-21T00:54:52Z</time>
      </trkpt>
      <trkpt lat="39.15592799795185" lon="117.7604816040624">
        <ele>1.8</ele>
        <time>2025-11-21T00:54:53Z</time>
      </trkpt>
      <trkpt lat="39.15595081505343" lon="117.7604857960768">
        <ele>1.8</ele>
        <time>2025-11-21T00:54:54Z</time>
      </trkpt>
      <trkpt lat="39.15597426766917" lon="117.760490310429">
        <ele>1.8</ele>
        <time>2025-11-21T00:54:55Z</time>
      </trkpt>
      <trkpt lat="39.155996183487815" lon="117.76049451743201">
        <ele>1.8</ele>
        <time>2025-11-21T00:54:56Z</time>
      </trkpt>
      <trkpt lat="39.15602050820087" lon="117.76049844759093">
        <ele>1.8</ele>
        <time>2025-11-21T00:54:57Z</time>
      </trkpt>
      <trkpt lat="39.15604427363425" lon="117.7605010940662">
        <ele>1.8</ele>
        <time>2025-11-21T00:54:58Z</time>
      </trkpt>
      <trkpt lat="39.15606807963811" lon="117.7605025200461">
        <ele>1.8</ele>
        <time>2025-11-21T00:54:59Z</time>
      </trkpt>
      <trkpt lat="39.1560898652253" lon="117.7605028609447">
        <ele>1.8</ele>
        <time>2025-11-21T00:55:00Z</time>
      </trkpt>
      <trkpt lat="39.156111400480306" lon="117.76050292357347">
        <ele>1.8</ele>
        <time>2025-11-21T00:55:01Z</time>
      </trkpt>
      <trkpt lat="39.15613149052653" lon="117.76050349379139">
        <ele>1.8</ele>
        <time>2025-11-21T00:55:02Z</time>
      </trkpt>
      <trkpt lat="39.1561489138788" lon="117.76050665144201">
        <ele>1.8</ele>
        <time>2025-11-21T00:55:03Z</time>
      </trkpt>
      <trkpt lat="39.15616543768368" lon="117.76051724841567">
        <ele>1.8</ele>
        <time>2025-11-21T00:55:04Z</time>
      </trkpt>
      <trkpt lat="39.15618299059922" lon="117.76053062287444">
        <ele>1.8</ele>
        <time>2025-11-21T00:55:05Z</time>
      </trkpt>
      <trkpt lat="39.15620236664314" lon="117.76054426108514">
        <ele>1.8</ele>
        <time>2025-11-21T00:55:06Z</time>
      </trkpt>
      <trkpt lat="39.15622375358279" lon="117.76055454612391">
        <ele>2</ele>
        <time>2025-11-21T00:55:07Z</time>
      </trkpt>
      <trkpt lat="39.1562436366135" lon="117.76056524952162">
        <ele>2</ele>
        <time>2025-11-21T00:55:08Z</time>
      </trkpt>
      <trkpt lat="39.15626238449941" lon="117.76057747219313">
        <ele>2</ele>
        <time>2025-11-21T00:55:09Z</time>
      </trkpt>
      <trkpt lat="39.156280338186555" lon="117.7605920960111">
        <ele>2</ele>
        <time>2025-11-21T00:55:10Z</time>
      </trkpt>
      <trkpt lat="39.15629776289103" lon="117.76060801516721">
        <ele>2</ele>
        <time>2025-11-21T00:55:11Z</time>
      </trkpt>
      <trkpt lat="39.15631535821735" lon="117.76062598053012">
        <ele>2.3</ele>
        <time>2025-11-21T00:55:12Z</time>
      </trkpt>
      <trkpt lat="39.156328480203236" lon="117.76064107710826">
        <ele>2.3</ele>
        <time>2025-11-21T00:55:13Z</time>
      </trkpt>
      <trkpt lat="39.15634153523726" lon="117.76065606994422">
        <ele>2.3</ele>
        <time>2025-11-21T00:55:14Z</time>
      </trkpt>
      <trkpt lat="39.15635411675146" lon="117.76067242197325">
        <ele>2.3</ele>
        <time>2025-11-21T00:55:15Z</time>
      </trkpt>
      <trkpt lat="39.156368041617675" lon="117.76069060391433">
        <ele>2.3</ele>
        <time>2025-11-21T00:55:16Z</time>
      </trkpt>
      <trkpt lat="39.156382655220064" lon="117.76070787767736">
        <ele>2.5</ele>
        <time>2025-11-21T00:55:17Z</time>
      </trkpt>
      <trkpt lat="39.15639566976406" lon="117.76072307992051">
        <ele>2.5</ele>
        <time>2025-11-21T00:55:18Z</time>
      </trkpt>
      <trkpt lat="39.15641146505685" lon="117.76073787715329">
        <ele>2.5</ele>
        <time>2025-11-21T00:55:19Z</time>
      </trkpt>
      <trkpt lat="39.156427752391984" lon="117.76075557947651">
        <ele>2.5</ele>
        <time>2025-11-21T00:55:20Z</time>
      </trkpt>
      <trkpt lat="39.15644603187921" lon="117.76077423012434">
        <ele>2.5</ele>
        <time>2025-11-21T00:55:21Z</time>
      </trkpt>
      <trkpt lat="39.15646296147842" lon="117.76079421740796">
        <ele>2.5</ele>
        <time>2025-11-21T00:55:22Z</time>
      </trkpt>
      <trkpt lat="39.15647880973606" lon="117.7608135674481">
        <ele>2.5</ele>
        <time>2025-11-21T00:55:23Z</time>
      </trkpt>
      <trkpt lat="39.15649528507886" lon="117.76083525108838">
        <ele>2.5</ele>
        <time>2025-11-21T00:55:24Z</time>
      </trkpt>
      <trkpt lat="39.15650923988628" lon="117.76085469997405">
        <ele>2.5</ele>
        <time>2025-11-21T00:55:25Z</time>
      </trkpt>
      <trkpt lat="39.15652053756276" lon="117.76087337139018">
        <ele>2.5</ele>
        <time>2025-11-21T00:55:26Z</time>
      </trkpt>
      <trkpt lat="39.156530361171626" lon="117.76089112844146">
        <ele>2.5</ele>
        <time>2025-11-21T00:55:27Z</time>
      </trkpt>
      <trkpt lat="39.15654297813422" lon="117.76091424183367">
        <ele>2.5</ele>
        <time>2025-11-21T00:55:28Z</time>
      </trkpt>
      <trkpt lat="39.156557573676686" lon="117.76093818900821">
        <ele>2.5</ele>
        <time>2025-11-21T00:55:29Z</time>
      </trkpt>
      <trkpt lat="39.15657295399324" lon="117.7609615087499">
        <ele>2.5</ele>
        <time>2025-11-21T00:55:30Z</time>
      </trkpt>
      <trkpt lat="39.15658660356561" lon="117.76098019934571">
        <ele>2.5</ele>
        <time>2025-11-21T00:55:31Z</time>
      </trkpt>
      <trkpt lat="39.15660318306993" lon="117.76100181802501">
        <ele>2.5</ele>
        <time>2025-11-21T00:55:32Z</time>
      </trkpt>
      <trkpt lat="39.15661962464393" lon="117.76102247424113">
        <ele>2.5</ele>
        <time>2025-11-21T00:55:33Z</time>
      </trkpt>
      <trkpt lat="39.1566373599803" lon="117.76104439640908">
        <ele>2.5</ele>
        <time>2025-11-21T00:55:34Z</time>
      </trkpt>
      <trkpt lat="39.15665473320469" lon="117.76106509420465">
        <ele>2.5</ele>
        <time>2025-11-21T00:55:35Z</time>
      </trkpt>
      <trkpt lat="39.156672137480804" lon="117.76108579854763">
        <ele>2.5</ele>
        <time>2025-11-21T00:55:36Z</time>
      </trkpt>
      <trkpt lat="39.1566896156252" lon="117.7611067265144">
        <ele>2.5</ele>
        <time>2025-11-21T00:55:37Z</time>
      </trkpt>
      <trkpt lat="39.156707259926634" lon="117.7611278512666">
        <ele>2.5</ele>
        <time>2025-11-21T00:55:38Z</time>
      </trkpt>
      <trkpt lat="39.15672511282263" lon="117.7611490966734">
        <ele>2.5</ele>
        <time>2025-11-21T00:55:39Z</time>
      </trkpt>
      <trkpt lat="39.156742980926815" lon="117.76117063335346">
        <ele>2.5</ele>
        <time>2025-11-21T00:55:40Z</time>
      </trkpt>
      <trkpt lat="39.15676046046198" lon="117.76119250726754">
        <ele>2.5</ele>
        <time>2025-11-21T00:55:41Z</time>
      </trkpt>
      <trkpt lat="39.156777475197586" lon="117.76121474944485">
        <ele>2.5</ele>
        <time>2025-11-21T00:55:42Z</time>
      </trkpt>
      <trkpt lat="39.15679388476019" lon="117.76123695310538">
        <ele>2.5</ele>
        <time>2025-11-21T00:55:43Z</time>
      </trkpt>
      <trkpt lat="39.156809721217414" lon="117.76125936839733">
        <ele>2.5</ele>
        <time>2025-11-21T00:55:44Z</time>
      </trkpt>
      <trkpt lat="39.15682506606816" lon="117.76128138285526">
        <ele>2.5</ele>
        <time>2025-11-21T00:55:45Z</time>
      </trkpt>
      <trkpt lat="39.15684176145711" lon="117.76130520909571">
        <ele>2.5</ele>
        <time>2025-11-21T00:55:46Z</time>
      </trkpt>
      <trkpt lat="39.156857352332345" lon="117.7613269961072">
        <ele>2.5</ele>
        <time>2025-11-21T00:55:47Z</time>
      </trkpt>
      <trkpt lat="39.156873343851856" lon="117.76134925460683">
        <ele>2.5</ele>
        <time>2025-11-21T00:55:48Z</time>
      </trkpt>
      <trkpt lat="39.15688916743484" lon="117.76137215064995">
        <ele>2.5</ele>
        <time>2025-11-21T00:55:49Z</time>
      </trkpt>
      <trkpt lat="39.156904499242536" lon="117.76139547388146">
        <ele>2.5</ele>
        <time>2025-11-21T00:55:50Z</time>
      </trkpt>
      <trkpt lat="39.15691940066118" lon="117.76141905049506">
        <ele>2.5</ele>
        <time>2025-11-21T00:55:51Z</time>
      </trkpt>
      <trkpt lat="39.15693403144785" lon="117.76144273193188">
        <ele>2.5</ele>
        <time>2025-11-21T00:55:52Z</time>
      </trkpt>
      <trkpt lat="39.1569483960138" lon="117.76146628727776">
        <ele>2.5</ele>
        <time>2025-11-21T00:55:53Z</time>
      </trkpt>
      <trkpt lat="39.156962552090604" lon="117.76148982603289">
        <ele>2.5</ele>
        <time>2025-11-21T00:55:54Z</time>
      </trkpt>
      <trkpt lat="39.15697622744697" lon="117.76151349980597">
        <ele>2.5</ele>
        <time>2025-11-21T00:55:55Z</time>
      </trkpt>
      <trkpt lat="39.15698988017313" lon="117.76153730127471">
        <ele>2.5</ele>
        <time>2025-11-21T00:55:56Z</time>
      </trkpt>
      <trkpt lat="39.15700368749775" lon="117.76156093569008">
        <ele>2.5</ele>
        <time>2025-11-21T00:55:57Z</time>
      </trkpt>
      <trkpt lat="39.157018218102465" lon="117.76158395832775">
        <ele>2.5</ele>
        <time>2025-11-21T00:55:58Z</time>
      </trkpt>
      <trkpt lat="39.1570333940537" lon="117.76160632811221">
        <ele>2.5</ele>
        <time>2025-11-21T00:55:59Z</time>
      </trkpt>
      <trkpt lat="39.15704883058256" lon="117.76162791240556">
        <ele>2.5</ele>
        <time>2025-11-21T00:56:00Z</time>
      </trkpt>
      <trkpt lat="39.15706453910008" lon="117.76164910247896">
        <ele>2.5</ele>
        <time>2025-11-21T00:56:01Z</time>
      </trkpt>
      <trkpt lat="39.15708017334454" lon="117.7616693267841">
        <ele>2.5</ele>
        <time>2025-11-21T00:56:02Z</time>
      </trkpt>
      <trkpt lat="39.157097727200295" lon="117.76169056723">
        <ele>2.5</ele>
        <time>2025-11-21T00:56:03Z</time>
      </trkpt>
      <trkpt lat="39.15711450659104" lon="117.76170908461643">
        <ele>2.5</ele>
        <time>2025-11-21T00:56:04Z</time>
      </trkpt>
      <trkpt lat="39.15713186251938" lon="117.76172728862274">
        <ele>2.5</ele>
        <time>2025-11-21T00:56:05Z</time>
      </trkpt>
      <trkpt lat="39.15714963384256" lon="117.76174514104072">
        <ele>2.5</ele>
        <time>2025-11-21T00:56:06Z</time>
      </trkpt>
      <trkpt lat="39.157167363090196" lon="117.76176255898402">
        <ele>2.5</ele>
        <time>2025-11-21T00:56:07Z</time>
      </trkpt>
      <trkpt lat="39.15718516839284" lon="117.76177990474216">
        <ele>2.5</ele>
        <time>2025-11-21T00:56:08Z</time>
      </trkpt>
      <trkpt lat="39.1572033667187" lon="117.76179735480686">
        <ele>2.5</ele>
        <time>2025-11-21T00:56:09Z</time>
      </trkpt>
      <trkpt lat="39.157222041937935" lon="117.76181473913145">
        <ele>2.5</ele>
        <time>2025-11-21T00:56:10Z</time>
      </trkpt>
      <trkpt lat="39.15724115927121" lon="117.76183216518784">
        <ele>2.5</ele>
        <time>2025-11-21T00:56:11Z</time>
      </trkpt>
      <trkpt lat="39.15726056860917" lon="117.76184945798488">
        <ele>2.5</ele>
        <time>2025-11-21T00:56:12Z</time>
      </trkpt>
      <trkpt lat="39.15727988090486" lon="117.76186763460039">
        <ele>2.5</ele>
        <time>2025-11-21T00:56:13Z</time>
      </trkpt>
      <trkpt lat="39.15729938908097" lon="117.76188706149091">
        <ele>2.5</ele>
        <time>2025-11-21T00:56:14Z</time>
      </trkpt>
      <trkpt lat="39.15731858623764" lon="117.76190768045441">
        <ele>2.5</ele>
        <time>2025-11-21T00:56:15Z</time>
      </trkpt>
      <trkpt lat="39.157335292401406" lon="117.76192399675196">
        <ele>2.5</ele>
        <time>2025-11-21T00:56:16Z</time>
      </trkpt>
      <trkpt lat="39.15734917186818" lon="117.76193893667265">
        <ele>2.5</ele>
        <time>2025-11-21T00:56:17Z</time>
      </trkpt>
      <trkpt lat="39.157360983348376" lon="117.76195874985726">
        <ele>2.5</ele>
        <time>2025-11-21T00:56:18Z</time>
      </trkpt>
      <trkpt lat="39.157373137653686" lon="117.76198158524356">
        <ele>2.5</ele>
        <time>2025-11-21T00:56:19Z</time>
      </trkpt>
      <trkpt lat="39.157386408483674" lon="117.76200592946394">
        <ele>2.5</ele>
        <time>2025-11-21T00:56:20Z</time>
      </trkpt>
      <trkpt lat="39.157400796573036" lon="117.76203006587538">
        <ele>2.5</ele>
        <time>2025-11-21T00:56:21Z</time>
      </trkpt>
      <trkpt lat="39.15741438675145" lon="117.76205471576121">
        <ele>2.5</ele>
        <time>2025-11-21T00:56:22Z</time>
      </trkpt>
      <trkpt lat="39.157427402780186" lon="117.76207990750177">
        <ele>2.5</ele>
        <time>2025-11-21T00:56:23Z</time>
      </trkpt>
      <trkpt lat="39.157439236940455" lon="117.76210562437531">
        <ele>2.5</ele>
        <time>2025-11-21T00:56:24Z</time>
      </trkpt>
      <trkpt lat="39.15745017948133" lon="117.76213207525039">
        <ele>2.5</ele>
        <time>2025-11-21T00:56:25Z</time>
      </trkpt>
      <trkpt lat="39.15746010962191" lon="117.76215900665545">
        <ele>2.5</ele>
        <time>2025-11-21T00:56:26Z</time>
      </trkpt>
      <trkpt lat="39.15746940732652" lon="117.76218680604632">
        <ele>2.5</ele>
        <time>2025-11-21T00:56:27Z</time>
      </trkpt>
      <trkpt lat="39.157478088632104" lon="117.76221478243471">
        <ele>2.5</ele>
        <time>2025-11-21T00:56:28Z</time>
      </trkpt>
      <trkpt lat="39.157485959119896" lon="117.76224307460737">
        <ele>2.5</ele>
        <time>2025-11-21T00:56:29Z</time>
      </trkpt>
      <trkpt lat="39.15749269417367" lon="117.76227168249086">
        <ele>2.5</ele>
        <time>2025-11-21T00:56:30Z</time>
      </trkpt>
      <trkpt lat="39.157498832350726" lon="117.76230071734288">
        <ele>2.5</ele>
        <time>2025-11-21T00:56:31Z</time>
      </trkpt>
      <trkpt lat="39.15750477834049" lon="117.76232983400219">
        <ele>2.5</ele>
        <time>2025-11-21T00:56:32Z</time>
      </trkpt>
      <trkpt lat="39.15751099443181" lon="117.76235869073643">
        <ele>2.5</ele>
        <time>2025-11-21T00:56:33Z</time>
      </trkpt>
      <trkpt lat="39.15751783440798" lon="117.76238703338423">
        <ele>2.5</ele>
        <time>2025-11-21T00:56:34Z</time>
      </trkpt>
      <trkpt lat="39.15752520819461" lon="117.76241489202276">
        <ele>2.5</ele>
        <time>2025-11-21T00:56:35Z</time>
      </trkpt>
      <trkpt lat="39.15753281265865" lon="117.76244257208428">
        <ele>2.5</ele>
        <time>2025-11-21T00:56:36Z</time>
      </trkpt>
      <trkpt lat="39.15754025893379" lon="117.7624703504327">
        <ele>2.5</ele>
        <time>2025-11-21T00:56:37Z</time>
      </trkpt>
      <trkpt lat="39.157547658094146" lon="117.76249848373524">
        <ele>2.5</ele>
        <time>2025-11-21T00:56:38Z</time>
      </trkpt>
      <trkpt lat="39.15755501857512" lon="117.7625265354471">
        <ele>2.5</ele>
        <time>2025-11-21T00:56:39Z</time>
      </trkpt>
      <trkpt lat="39.15756233055529" lon="117.76255428602359">
        <ele>2.5</ele>
        <time>2025-11-21T00:56:40Z</time>
      </trkpt>
      <trkpt lat="39.15756951018454" lon="117.76258185803357">
        <ele>2.5</ele>
        <time>2025-11-21T00:56:41Z</time>
      </trkpt>
      <trkpt lat="39.15757598893286" lon="117.76260959498451">
        <ele>2.5</ele>
        <time>2025-11-21T00:56:42Z</time>
      </trkpt>
      <trkpt lat="39.157581678123705" lon="117.76263776478865">
        <ele>2.5</ele>
        <time>2025-11-21T00:56:43Z</time>
      </trkpt>
      <trkpt lat="39.15758668546835" lon="117.76266592489733">
        <ele>2.5</ele>
        <time>2025-11-21T00:56:44Z</time>
      </trkpt>
      <trkpt lat="39.15759200092228" lon="117.76269388625389">
        <ele>2.5</ele>
        <time>2025-11-21T00:56:45Z</time>
      </trkpt>
      <trkpt lat="39.15759796057519" lon="117.76272097003066">
        <ele>2.5</ele>
        <time>2025-11-21T00:56:46Z</time>
      </trkpt>
      <trkpt lat="39.157605660418405" lon="117.76275066690742">
        <ele>2.5</ele>
        <time>2025-11-21T00:56:47Z</time>
      </trkpt>
      <trkpt lat="39.15761301550761" lon="117.76277753456708">
        <ele>2.5</ele>
        <time>2025-11-21T00:56:48Z</time>
      </trkpt>
      <trkpt lat="39.15762025005979" lon="117.762804694311">
        <ele>2.5</ele>
        <time>2025-11-21T00:56:49Z</time>
      </trkpt>
      <trkpt lat="39.157626584279036" lon="117.7628316221613">
        <ele>2.5</ele>
        <time>2025-11-21T00:56:50Z</time>
      </trkpt>
      <trkpt lat="39.15763237204223" lon="117.76285872358898">
        <ele>2.5</ele>
        <time>2025-11-21T00:56:51Z</time>
      </trkpt>
      <trkpt lat="39.15763796084595" lon="117.76288609844207">
        <ele>2.5</ele>
        <time>2025-11-21T00:56:52Z</time>
      </trkpt>
      <trkpt lat="39.15764388463131" lon="117.76291381322136">
        <ele>2.5</ele>
        <time>2025-11-21T00:56:53Z</time>
      </trkpt>
      <trkpt lat="39.157650632183135" lon="117.76294189415523">
        <ele>2.5</ele>
        <time>2025-11-21T00:56:54Z</time>
      </trkpt>
      <trkpt lat="39.15765807771858" lon="117.76297017482315">
        <ele>2.5</ele>
        <time>2025-11-21T00:56:55Z</time>
      </trkpt>
      <trkpt lat="39.15766604768884" lon="117.76299862394558">
        <ele>2.5</ele>
        <time>2025-11-21T00:56:56Z</time>
      </trkpt>
      <trkpt lat="39.157674029666644" lon="117.76302709501118">
        <ele>2.5</ele>
        <time>2025-11-21T00:56:57Z</time>
      </trkpt>
      <trkpt lat="39.157682102795896" lon="117.76305522849336">
        <ele>2.5</ele>
        <time>2025-11-21T00:56:58Z</time>
      </trkpt>
      <trkpt lat="39.15769093471991" lon="117.76308257453609">
        <ele>2.5</ele>
        <time>2025-11-21T00:56:59Z</time>
      </trkpt>
      <trkpt lat="39.157700390157935" lon="117.76310961018628">
        <ele>2.5</ele>
        <time>2025-11-21T00:57:00Z</time>
      </trkpt>
      <trkpt lat="39.15771071513029" lon="117.76313685386492">
        <ele>2.5</ele>
        <time>2025-11-21T00:57:01Z</time>
      </trkpt>
      <trkpt lat="39.157720675137845" lon="117.76316203788802">
        <ele>2.5</ele>
        <time>2025-11-21T00:57:02Z</time>
      </trkpt>
      <trkpt lat="39.1577311413986" lon="117.76318698546885">
        <ele>2.5</ele>
        <time>2025-11-21T00:57:03Z</time>
      </trkpt>
      <trkpt lat="39.15774306368938" lon="117.76321403775947">
        <ele>2.5</ele>
        <time>2025-11-21T00:57:04Z</time>
      </trkpt>
      <trkpt lat="39.157755128086755" lon="117.76324071326069">
        <ele>2.5</ele>
        <time>2025-11-21T00:57:05Z</time>
      </trkpt>
      <trkpt lat="39.157767313632405" lon="117.76326712161848">
        <ele>2.5</ele>
        <time>2025-11-21T00:57:06Z</time>
      </trkpt>
      <trkpt lat="39.15777934107209" lon="117.76329328928645">
        <ele>2.5</ele>
        <time>2025-11-21T00:57:07Z</time>
      </trkpt>
      <trkpt lat="39.1577910669501" lon="117.76331940186141">
        <ele>2.5</ele>
        <time>2025-11-21T00:57:08Z</time>
      </trkpt>
      <trkpt lat="39.15780252575364" lon="117.76334546237308">
        <ele>2.5</ele>
        <time>2025-11-21T00:57:09Z</time>
      </trkpt>
      <trkpt lat="39.157813783892436" lon="117.76337137918128">
        <ele>2.5</ele>
        <time>2025-11-21T00:57:10Z</time>
      </trkpt>
      <trkpt lat="39.157824901391024" lon="117.76339732531727">
        <ele>2.5</ele>
        <time>2025-11-21T00:57:11Z</time>
      </trkpt>
      <trkpt lat="39.157835568080245" lon="117.7634237934199">
        <ele>2.7</ele>
        <time>2025-11-21T00:57:12Z</time>
      </trkpt>
      <trkpt lat="39.15784532429933" lon="117.76345098517436">
        <ele>2.7</ele>
        <time>2025-11-21T00:57:13Z</time>
      </trkpt>
      <trkpt lat="39.15785448512068" lon="117.76347884915899">
        <ele>2.7</ele>
        <time>2025-11-21T00:57:14Z</time>
      </trkpt>
      <trkpt lat="39.157863185563706" lon="117.76350693668473">
        <ele>2.7</ele>
        <time>2025-11-21T00:57:15Z</time>
      </trkpt>
      <trkpt lat="39.15787126680895" lon="117.76353516698445">
        <ele>2.7</ele>
        <time>2025-11-21T00:57:16Z</time>
      </trkpt>
      <trkpt lat="39.15787895438582" lon="117.76356275409519">
        <ele>2.7</ele>
        <time>2025-11-21T00:57:17Z</time>
      </trkpt>
      <trkpt lat="39.157887395684945" lon="117.76359284874601">
        <ele>2.7</ele>
        <time>2025-11-21T00:57:18Z</time>
      </trkpt>
      <trkpt lat="39.15789550397074" lon="117.76361990616878">
        <ele>2.7</ele>
        <time>2025-11-21T00:57:19Z</time>
      </trkpt>
      <trkpt lat="39.157904200295405" lon="117.7636469923068">
        <ele>2.7</ele>
        <time>2025-11-21T00:57:20Z</time>
      </trkpt>
      <trkpt lat="39.15791363684028" lon="117.76367349842995">
        <ele>2.7</ele>
        <time>2025-11-21T00:57:21Z</time>
      </trkpt>
      <trkpt lat="39.15792362296336" lon="117.76369993231134">
        <ele>2.9</ele>
        <time>2025-11-21T00:57:22Z</time>
      </trkpt>
      <trkpt lat="39.15793394284403" lon="117.76372629956565">
        <ele>2.9</ele>
        <time>2025-11-21T00:57:23Z</time>
      </trkpt>
      <trkpt lat="39.15794438661437" lon="117.76375255759729">
        <ele>2.9</ele>
        <time>2025-11-21T00:57:24Z</time>
      </trkpt>
      <trkpt lat="39.1579548489308" lon="117.76377851501404">
        <ele>2.9</ele>
        <time>2025-11-21T00:57:25Z</time>
      </trkpt>
      <trkpt lat="39.15796531215874" lon="117.7638041951801">
        <ele>2.9</ele>
        <time>2025-11-21T00:57:26Z</time>
      </trkpt>
      <trkpt lat="39.157975856849" lon="117.76382954087332">
        <ele>2.9</ele>
        <time>2025-11-21T00:57:27Z</time>
      </trkpt>
      <trkpt lat="39.15798680731312" lon="117.76385513926988">
        <ele>2.9</ele>
        <time>2025-11-21T00:57:28Z</time>
      </trkpt>
      <trkpt lat="39.15799824751207" lon="117.76388069846818">
        <ele>2.9</ele>
        <time>2025-11-21T00:57:29Z</time>
      </trkpt>
      <trkpt lat="39.15801020790234" lon="117.76390596612538">
        <ele>2.9</ele>
        <time>2025-11-21T00:57:30Z</time>
      </trkpt>
      <trkpt lat="39.15802220815378" lon="117.76393072945764">
        <ele>2.9</ele>
        <time>2025-11-21T00:57:31Z</time>
      </trkpt>
      <trkpt lat="39.15803420088384" lon="117.76395494623826">
        <ele>2.9</ele>
        <time>2025-11-21T00:57:32Z</time>
      </trkpt>
      <trkpt lat="39.15804610072754" lon="117.76397853485048">
        <ele>2.9</ele>
        <time>2025-11-21T00:57:33Z</time>
      </trkpt>
      <trkpt lat="39.15805928740409" lon="117.76400426031744">
        <ele>2.9</ele>
        <time>2025-11-21T00:57:34Z</time>
      </trkpt>
      <trkpt lat="39.15807257576506" lon="117.76403065763148">
        <ele>2.9</ele>
        <time>2025-11-21T00:57:35Z</time>
      </trkpt>
      <trkpt lat="39.158084823983835" lon="117.76405570992472">
        <ele>2.9</ele>
        <time>2025-11-21T00:57:36Z</time>
      </trkpt>
      <trkpt lat="39.15809685346041" lon="117.76408146930957">
        <ele>2.9</ele>
        <time>2025-11-21T00:57:37Z</time>
      </trkpt>
      <trkpt lat="39.158108762321355" lon="117.76410730693941">
        <ele>2.9</ele>
        <time>2025-11-21T00:57:38Z</time>
      </trkpt>
      <trkpt lat="39.15812061053543" lon="117.76413361843177">
        <ele>2.9</ele>
        <time>2025-11-21T00:57:39Z</time>
      </trkpt>
      <trkpt lat="39.1581320951282" lon="117.7641602439059">
        <ele>2.9</ele>
        <time>2025-11-21T00:57:40Z</time>
      </trkpt>
      <trkpt lat="39.158143230823995" lon="117.76418726950409">
        <ele>2.9</ele>
        <time>2025-11-21T00:57:41Z</time>
      </trkpt>
      <trkpt lat="39.15815407128333" lon="117.76421452470883">
        <ele>2.9</ele>
        <time>2025-11-21T00:57:42Z</time>
      </trkpt>
      <trkpt lat="39.15816454082326" lon="117.76424223450326">
        <ele>2.9</ele>
        <time>2025-11-21T00:57:43Z</time>
      </trkpt>
      <trkpt lat="39.15817472687433" lon="117.76427028539601">
        <ele>2.9</ele>
        <time>2025-11-21T00:57:44Z</time>
      </trkpt>
      <trkpt lat="39.15818444466079" lon="117.76429830819664">
        <ele>2.9</ele>
        <time>2025-11-21T00:57:45Z</time>
      </trkpt>
      <trkpt lat="39.158193714160554" lon="117.76432611455216">
        <ele>2.9</ele>
        <time>2025-11-21T00:57:46Z</time>
      </trkpt>
      <trkpt lat="39.158202800248795" lon="117.7643538390809">
        <ele>2.9</ele>
        <time>2025-11-21T00:57:47Z</time>
      </trkpt>
      <trkpt lat="39.15821211533271" lon="117.76438216672823">
        <ele>2.9</ele>
        <time>2025-11-21T00:57:48Z</time>
      </trkpt>
      <trkpt lat="39.15822059784804" lon="117.764408354886">
        <ele>2.9</ele>
        <time>2025-11-21T00:57:49Z</time>
      </trkpt>
      <trkpt lat="39.158228513758615" lon="117.76443427623421">
        <ele>2.9</ele>
        <time>2025-11-21T00:57:50Z</time>
      </trkpt>
      <trkpt lat="39.15823592434931" lon="117.76446225391675">
        <ele>2.9</ele>
        <time>2025-11-21T00:57:51Z</time>
      </trkpt>
      <trkpt lat="39.15824238074964" lon="117.76448994032073">
        <ele>2.9</ele>
        <time>2025-11-21T00:57:52Z</time>
      </trkpt>
      <trkpt lat="39.15824809322373" lon="117.76451766981113">
        <ele>2.9</ele>
        <time>2025-11-21T00:57:53Z</time>
      </trkpt>
      <trkpt lat="39.158252972107164" lon="117.7645454963884">
        <ele>2.9</ele>
        <time>2025-11-21T00:57:54Z</time>
      </trkpt>
      <trkpt lat="39.158257311236596" lon="117.76457339991802">
        <ele>2.9</ele>
        <time>2025-11-21T00:57:55Z</time>
      </trkpt>
      <trkpt lat="39.1582611658923" lon="117.76460148293955">
        <ele>2.9</ele>
        <time>2025-11-21T00:57:56Z</time>
      </trkpt>
      <trkpt lat="39.15826439135351" lon="117.76462940323627">
        <ele>2.9</ele>
        <time>2025-11-21T00:57:57Z</time>
      </trkpt>
      <trkpt lat="39.15826696429037" lon="117.76465737282994">
        <ele>2.9</ele>
        <time>2025-11-21T00:57:58Z</time>
      </trkpt>
      <trkpt lat="39.15826870267039" lon="117.76468517965307">
        <ele>2.9</ele>
        <time>2025-11-21T00:57:59Z</time>
      </trkpt>
      <trkpt lat="39.158269740425794" lon="117.76471334166908">
        <ele>2.9</ele>
        <time>2025-11-21T00:58:00Z</time>
      </trkpt>
      <trkpt lat="39.15827054116278" lon="117.76474140031137">
        <ele>2.9</ele>
        <time>2025-11-21T00:58:01Z</time>
      </trkpt>
      <trkpt lat="39.15827131904329" lon="117.76476952513973">
        <ele>2.9</ele>
        <time>2025-11-21T00:58:02Z</time>
      </trkpt>
      <trkpt lat="39.15827201180606" lon="117.7647976380429">
        <ele>2.9</ele>
        <time>2025-11-21T00:58:03Z</time>
      </trkpt>
      <trkpt lat="39.158272429246956" lon="117.76482603870323">
        <ele>2.9</ele>
        <time>2025-11-21T00:58:04Z</time>
      </trkpt>
      <trkpt lat="39.15827259410539" lon="117.76485510319795">
        <ele>2.9</ele>
        <time>2025-11-21T00:58:05Z</time>
      </trkpt>
      <trkpt lat="39.15827218413169" lon="117.76488106707588">
        <ele>2.9</ele>
        <time>2025-11-21T00:58:06Z</time>
      </trkpt>
      <trkpt lat="39.15827112872226" lon="117.7649094195956">
        <ele>2.9</ele>
        <time>2025-11-21T00:58:07Z</time>
      </trkpt>
      <trkpt lat="39.1582697251648" lon="117.76493753062624">
        <ele>2.9</ele>
        <time>2025-11-21T00:58:08Z</time>
      </trkpt>
      <trkpt lat="39.15826832718434" lon="117.76496626598053">
        <ele>2.9</ele>
        <time>2025-11-21T00:58:09Z</time>
      </trkpt>
      <trkpt lat="39.158267260219446" lon="117.76499547640438">
        <ele>2.9</ele>
        <time>2025-11-21T00:58:10Z</time>
      </trkpt>
      <trkpt lat="39.1582664461349" lon="117.76502415338523">
        <ele>2.9</ele>
        <time>2025-11-21T00:58:11Z</time>
      </trkpt>
      <trkpt lat="39.15826578471734" lon="117.7650523206568">
        <ele>2.9</ele>
        <time>2025-11-21T00:58:12Z</time>
      </trkpt>
      <trkpt lat="39.15826547154021" lon="117.76507978577668">
        <ele>2.9</ele>
        <time>2025-11-21T00:58:13Z</time>
      </trkpt>
      <trkpt lat="39.15826545852882" lon="117.76510714403884">
        <ele>2.9</ele>
        <time>2025-11-21T00:58:14Z</time>
      </trkpt>
      <trkpt lat="39.15826575045607" lon="117.76513449756983">
        <ele>2.9</ele>
        <time>2025-11-21T00:58:15Z</time>
      </trkpt>
      <trkpt lat="39.15826611533657" lon="117.76516184028817">
        <ele>2.9</ele>
        <time>2025-11-21T00:58:16Z</time>
      </trkpt>
      <trkpt lat="39.15826624445145" lon="117.76518924570094">
        <ele>2.9</ele>
        <time>2025-11-21T00:58:17Z</time>
      </trkpt>
      <trkpt lat="39.15826588284969" lon="117.76521658525749">
        <ele>2.9</ele>
        <time>2025-11-21T00:58:18Z</time>
      </trkpt>
      <trkpt lat="39.158264806977456" lon="117.76524408918718">
        <ele>2.9</ele>
        <time>2025-11-21T00:58:19Z</time>
      </trkpt>
      <trkpt lat="39.15826347823244" lon="117.76527119865669">
        <ele>2.9</ele>
        <time>2025-11-21T00:58:20Z</time>
      </trkpt>
      <trkpt lat="39.158262165219604" lon="117.76530164915837">
        <ele>2.9</ele>
        <time>2025-11-21T00:58:21Z</time>
      </trkpt>
      <trkpt lat="39.1582613167104" lon="117.7653295581228">
        <ele>2.9</ele>
        <time>2025-11-21T00:58:22Z</time>
      </trkpt>
      <trkpt lat="39.15826074860934" lon="117.76535815427718">
        <ele>2.9</ele>
        <time>2025-11-21T00:58:23Z</time>
      </trkpt>
      <trkpt lat="39.158260243853114" lon="117.7653864180078">
        <ele>2.9</ele>
        <time>2025-11-21T00:58:24Z</time>
      </trkpt>
      <trkpt lat="39.158259594678675" lon="117.76541460358365">
        <ele>2.9</ele>
        <time>2025-11-21T00:58:25Z</time>
      </trkpt>
      <trkpt lat="39.15825877718183" lon="117.76544288714491">
        <ele>2.9</ele>
        <time>2025-11-21T00:58:26Z</time>
      </trkpt>
      <trkpt lat="39.15825809106196" lon="117.76547083668632">
        <ele>2.9</ele>
        <time>2025-11-21T00:58:27Z</time>
      </trkpt>
      <trkpt lat="39.158257531662485" lon="117.76549867592487">
        <ele>2.9</ele>
        <time>2025-11-21T00:58:28Z</time>
      </trkpt>
      <trkpt lat="39.15825694078521" lon="117.76552609885081">
        <ele>2.9</ele>
        <time>2025-11-21T00:58:29Z</time>
      </trkpt>
      <trkpt lat="39.15825597993382" lon="117.76555369465511">
        <ele>2.9</ele>
        <time>2025-11-21T00:58:30Z</time>
      </trkpt>
      <trkpt lat="39.158254882329416" lon="117.76558166924974">
        <ele>2.9</ele>
        <time>2025-11-21T00:58:31Z</time>
      </trkpt>
      <trkpt lat="39.15825370438573" lon="117.7656097352088">
        <ele>2.9</ele>
        <time>2025-11-21T00:58:32Z</time>
      </trkpt>
      <trkpt lat="39.15825241066446" lon="117.7656378524688">
        <ele>2.9</ele>
        <time>2025-11-21T00:58:33Z</time>
      </trkpt>
      <trkpt lat="39.15825081999867" lon="117.765665873258">
        <ele>2.9</ele>
        <time>2025-11-21T00:58:34Z</time>
      </trkpt>
      <trkpt lat="39.158248752498345" lon="117.76569429342426">
        <ele>2.9</ele>
        <time>2025-11-21T00:58:35Z</time>
      </trkpt>
      <trkpt lat="39.15824649167521" lon="117.76572013430328">
        <ele>2.9</ele>
        <time>2025-11-21T00:58:36Z</time>
      </trkpt>
      <trkpt lat="39.15824413457718" lon="117.76574568282463">
        <ele>2.9</ele>
        <time>2025-11-21T00:58:37Z</time>
      </trkpt>
      <trkpt lat="39.15824164033666" lon="117.76577370546403">
        <ele>2.9</ele>
        <time>2025-11-21T00:58:38Z</time>
      </trkpt>
      <trkpt lat="39.158239051018896" lon="117.76580158108717">
        <ele>2.9</ele>
        <time>2025-11-21T00:58:39Z</time>
      </trkpt>
      <trkpt lat="39.15823618057042" lon="117.76582965645409">
        <ele>2.9</ele>
        <time>2025-11-21T00:58:40Z</time>
      </trkpt>
      <trkpt lat="39.15823291758255" lon="117.76585747763295">
        <ele>2.9</ele>
        <time>2025-11-21T00:58:41Z</time>
      </trkpt>
      <trkpt lat="39.15822971872686" lon="117.7658851439148">
        <ele>2.9</ele>
        <time>2025-11-21T00:58:42Z</time>
      </trkpt>
      <trkpt lat="39.15822668772782" lon="117.76591250607213">
        <ele>2.9</ele>
        <time>2025-11-21T00:58:43Z</time>
      </trkpt>
      <trkpt lat="39.15822384923541" lon="117.76593991592419">
        <ele>2.9</ele>
        <time>2025-11-21T00:58:44Z</time>
      </trkpt>
      <trkpt lat="39.1582207399495" lon="117.76596753990677">
        <ele>2.9</ele>
        <time>2025-11-21T00:58:45Z</time>
      </trkpt>
      <trkpt lat="39.158216962312906" lon="117.76599538704458">
        <ele>2.9</ele>
        <time>2025-11-21T00:58:46Z</time>
      </trkpt>
      <trkpt lat="39.15821204859463" lon="117.7660228434207">
        <ele>2.9</ele>
        <time>2025-11-21T00:58:47Z</time>
      </trkpt>
      <trkpt lat="39.15820616559425" lon="117.76604990451938">
        <ele>2.9</ele>
        <time>2025-11-21T00:58:48Z</time>
      </trkpt>
      <trkpt lat="39.15819958821192" lon="117.76607622986114">
        <ele>2.9</ele>
        <time>2025-11-21T00:58:49Z</time>
      </trkpt>
      <trkpt lat="39.15819207814833" lon="117.76610202436483">
        <ele>2.9</ele>
        <time>2025-11-21T00:58:50Z</time>
      </trkpt>
      <trkpt lat="39.158184270190084" lon="117.766126645197">
        <ele>2.9</ele>
        <time>2025-11-21T00:58:51Z</time>
      </trkpt>
      <trkpt lat="39.15817476918167" lon="117.76615316588006">
        <ele>2.9</ele>
        <time>2025-11-21T00:58:52Z</time>
      </trkpt>
      <trkpt lat="39.15816587200619" lon="117.76617627697183">
        <ele>2.9</ele>
        <time>2025-11-21T00:58:53Z</time>
      </trkpt>
      <trkpt lat="39.15815694061655" lon="117.76619892069971">
        <ele>2.9</ele>
        <time>2025-11-21T00:58:54Z</time>
      </trkpt>
      <trkpt lat="39.15815009564471" lon="117.76621732394476">
        <ele>2.9</ele>
        <time>2025-11-21T00:58:55Z</time>
      </trkpt>
      <trkpt lat="39.15814442709151" lon="117.76623383420801">
        <ele>2.9</ele>
        <time>2025-11-21T00:58:56Z</time>
      </trkpt>
      <trkpt lat="39.15813944441762" lon="117.76624915040158">
        <ele>2.9</ele>
        <time>2025-11-21T00:58:57Z</time>
      </trkpt>
      <trkpt lat="39.15813327511898" lon="117.7662677437721">
        <ele>2.9</ele>
        <time>2025-11-21T00:58:58Z</time>
      </trkpt>
      <trkpt lat="39.158126036842596" lon="117.76628831123514">
        <ele>2.9</ele>
        <time>2025-11-21T00:58:59Z</time>
      </trkpt>
      <trkpt lat="39.15811781008406" lon="117.76631075641745">
        <ele>2.9</ele>
        <time>2025-11-21T00:59:00Z</time>
      </trkpt>
      <trkpt lat="39.15810891273557" lon="117.76633435104542">
        <ele>2.9</ele>
        <time>2025-11-21T00:59:01Z</time>
      </trkpt>
      <trkpt lat="39.15809982657021" lon="117.7663588354446">
        <ele>2.9</ele>
        <time>2025-11-21T00:59:02Z</time>
      </trkpt>
      <trkpt lat="39.158090529726564" lon="117.76638384010381">
        <ele>2.9</ele>
        <time>2025-11-21T00:59:03Z</time>
      </trkpt>
      <trkpt lat="39.15808072646579" lon="117.76640916563554">
        <ele>2.9</ele>
        <time>2025-11-21T00:59:04Z</time>
      </trkpt>
      <trkpt lat="39.15807047585266" lon="117.76643509420596">
        <ele>2.9</ele>
        <time>2025-11-21T00:59:05Z</time>
      </trkpt>
      <trkpt lat="39.15805977997857" lon="117.76646232795451">
        <ele>2.9</ele>
        <time>2025-11-21T00:59:06Z</time>
      </trkpt>
      <trkpt lat="39.15804957044729" lon="117.76648856521163">
        <ele>2.9</ele>
        <time>2025-11-21T00:59:07Z</time>
      </trkpt>
      <trkpt lat="39.15803870824769" lon="117.76651565323753">
        <ele>2.9</ele>
        <time>2025-11-21T00:59:08Z</time>
      </trkpt>
      <trkpt lat="39.15802484506851" lon="117.76654037644816">
        <ele>2.9</ele>
        <time>2025-11-21T00:59:09Z</time>
      </trkpt>
      <trkpt lat="39.15801174500473" lon="117.76656154743658">
        <ele>2.9</ele>
        <time>2025-11-21T00:59:10Z</time>
      </trkpt>
      <trkpt lat="39.15800028884618" lon="117.76658060153412">
        <ele>2.9</ele>
        <time>2025-11-21T00:59:11Z</time>
      </trkpt>
      <trkpt lat="39.1579927370617" lon="117.7666041664857">
        <ele>2.9</ele>
        <time>2025-11-21T00:59:12Z</time>
      </trkpt>
      <trkpt lat="39.157984617775384" lon="117.7666305787069">
        <ele>2.9</ele>
        <time>2025-11-21T00:59:13Z</time>
      </trkpt>
      <trkpt lat="39.157975106307745" lon="117.76665826820181">
        <ele>2.9</ele>
        <time>2025-11-21T00:59:14Z</time>
      </trkpt>
      <trkpt lat="39.157963309307114" lon="117.76668514121111">
        <ele>2.9</ele>
        <time>2025-11-21T00:59:15Z</time>
      </trkpt>
      <trkpt lat="39.15795118289348" lon="117.76671130428652">
        <ele>2.9</ele>
        <time>2025-11-21T00:59:16Z</time>
      </trkpt>
      <trkpt lat="39.157938853558775" lon="117.76673675801938">
        <ele>2.9</ele>
        <time>2025-11-21T00:59:17Z</time>
      </trkpt>
      <trkpt lat="39.15792642593561" lon="117.7667612951724">
        <ele>2.9</ele>
        <time>2025-11-21T00:59:18Z</time>
      </trkpt>
      <trkpt lat="39.157914055464495" lon="117.76678527969558">
        <ele>2.9</ele>
        <time>2025-11-21T00:59:19Z</time>
      </trkpt>
      <trkpt lat="39.15790169502063" lon="117.76680883997338">
        <ele>2.9</ele>
        <time>2025-11-21T00:59:20Z</time>
      </trkpt>
      <trkpt lat="39.157889325440664" lon="117.7668318984543">
        <ele>2.9</ele>
        <time>2025-11-21T00:59:21Z</time>
      </trkpt>
      <trkpt lat="39.15787697259586" lon="117.76685423542831">
        <ele>2.9</ele>
        <time>2025-11-21T00:59:22Z</time>
      </trkpt>
      <trkpt lat="39.157863228688" lon="117.76687844619246">
        <ele>2.9</ele>
        <time>2025-11-21T00:59:23Z</time>
      </trkpt>
      <trkpt lat="39.15785057095858" lon="117.76690049893203">
        <ele>2.9</ele>
        <time>2025-11-21T00:59:24Z</time>
      </trkpt>
      <trkpt lat="39.157838030204" lon="117.76692271966967">
        <ele>2.9</ele>
        <time>2025-11-21T00:59:25Z</time>
      </trkpt>
      <trkpt lat="39.15782598836149" lon="117.76694477583928">
        <ele>2.9</ele>
        <time>2025-11-21T00:59:26Z</time>
      </trkpt>
      <trkpt lat="39.15781435423958" lon="117.76696689136602">
        <ele>2.9</ele>
        <time>2025-11-21T00:59:27Z</time>
      </trkpt>
      <trkpt lat="39.15780294674857" lon="117.76698921790519">
        <ele>2.9</ele>
        <time>2025-11-21T00:59:28Z</time>
      </trkpt>
      <trkpt lat="39.157791599167105" lon="117.76701165732895">
        <ele>2.9</ele>
        <time>2025-11-21T00:59:29Z</time>
      </trkpt>
      <trkpt lat="39.15778007381366" lon="117.7670340366199">
        <ele>2.9</ele>
        <time>2025-11-21T00:59:30Z</time>
      </trkpt>
      <trkpt lat="39.157768198384886" lon="117.76705639622806">
        <ele>2.9</ele>
        <time>2025-11-21T00:59:31Z</time>
      </trkpt>
      <trkpt lat="39.15775589771053" lon="117.76707865368112">
        <ele>2.9</ele>
        <time>2025-11-21T00:59:32Z</time>
      </trkpt>
      <trkpt lat="39.15774329777404" lon="117.76710098187998">
        <ele>2.9</ele>
        <time>2025-11-21T00:59:33Z</time>
      </trkpt>
      <trkpt lat="39.15773044228166" lon="117.76712358574056">
        <ele>2.9</ele>
        <time>2025-11-21T00:59:34Z</time>
      </trkpt>
      <trkpt lat="39.15771727596209" lon="117.76714627636231">
        <ele>2.9</ele>
        <time>2025-11-21T00:59:35Z</time>
      </trkpt>
      <trkpt lat="39.157703618785845" lon="117.76716916417938">
        <ele>2.9</ele>
        <time>2025-11-21T00:59:36Z</time>
      </trkpt>
      <trkpt lat="39.15768932283335" lon="117.76719243822421">
        <ele>2.9</ele>
        <time>2025-11-21T00:59:37Z</time>
      </trkpt>
      <trkpt lat="39.15767591701295" lon="117.76721388828096">
        <ele>2.9</ele>
        <time>2025-11-21T00:59:38Z</time>
      </trkpt>
      <trkpt lat="39.15766278789713" lon="117.76723494400076">
        <ele>2.9</ele>
        <time>2025-11-21T00:59:39Z</time>
      </trkpt>
      <trkpt lat="39.157648677518544" lon="117.76725750712028">
        <ele>2.9</ele>
        <time>2025-11-21T00:59:40Z</time>
      </trkpt>
      <trkpt lat="39.1576347412049" lon="117.76727953008641">
        <ele>2.9</ele>
        <time>2025-11-21T00:59:41Z</time>
      </trkpt>
      <trkpt lat="39.15762065935579" lon="117.76730161352465">
        <ele>2.9</ele>
        <time>2025-11-21T00:59:42Z</time>
      </trkpt>
      <trkpt lat="39.157606772158395" lon="117.76732351755594">
        <ele>2.9</ele>
        <time>2025-11-21T00:59:43Z</time>
      </trkpt>
      <trkpt lat="39.15759266056889" lon="117.76734538231464">
        <ele>2.9</ele>
        <time>2025-11-21T00:59:44Z</time>
      </trkpt>
      <trkpt lat="39.15757837217441" lon="117.76736668241045">
        <ele>2.9</ele>
        <time>2025-11-21T00:59:45Z</time>
      </trkpt>
      <trkpt lat="39.15756349233601" lon="117.76738776442599">
        <ele>2.9</ele>
        <time>2025-11-21T00:59:46Z</time>
      </trkpt>
      <trkpt lat="39.157548439702154" lon="117.76740920684674">
        <ele>2.9</ele>
        <time>2025-11-21T00:59:47Z</time>
      </trkpt>
      <trkpt lat="39.157532952143214" lon="117.76743261827734">
        <ele>2.9</ele>
        <time>2025-11-21T00:59:48Z</time>
      </trkpt>
      <trkpt lat="39.15752027639658" lon="117.76745520984714">
        <ele>2.9</ele>
        <time>2025-11-21T00:59:49Z</time>
      </trkpt>
      <trkpt lat="39.1575089752456" lon="117.76747703101637">
        <ele>2.9</ele>
        <time>2025-11-21T00:59:50Z</time>
      </trkpt>
      <trkpt lat="39.15749810820973" lon="117.76749534959929">
        <ele>2.9</ele>
        <time>2025-11-21T00:59:51Z</time>
      </trkpt>
      <trkpt lat="39.157485725814205" lon="117.7675122592327">
        <ele>3.1</ele>
        <time>2025-11-21T00:59:52Z</time>
      </trkpt>
      <trkpt lat="39.15746999162905" lon="117.76753065048631">
        <ele>3.1</ele>
        <time>2025-11-21T00:59:53Z</time>
      </trkpt>
      <trkpt lat="39.15745445982454" lon="117.7675512852264">
        <ele>3.1</ele>
        <time>2025-11-21T00:59:54Z</time>
      </trkpt>
      <trkpt lat="39.15743796144236" lon="117.76757480796635">
        <ele>3.1</ele>
        <time>2025-11-21T00:59:55Z</time>
      </trkpt>
      <trkpt lat="39.15742401334395" lon="117.76759864788431">
        <ele>3.1</ele>
        <time>2025-11-21T00:59:56Z</time>
      </trkpt>
      <trkpt lat="39.15740953207715" lon="117.76762339606682">
        <ele>3.3</ele>
        <time>2025-11-21T00:59:57Z</time>
      </trkpt>
      <trkpt lat="39.15739337351249" lon="117.76764427955442">
        <ele>3.3</ele>
        <time>2025-11-21T00:59:58Z</time>
      </trkpt>
      <trkpt lat="39.1573770900563" lon="117.76766066789743">
        <ele>3.3</ele>
        <time>2025-11-21T00:59:59Z</time>
      </trkpt>
      <trkpt lat="39.15736233368593" lon="117.76767466247617">
        <ele>3.3</ele>
        <time>2025-11-21T01:00:00Z</time>
      </trkpt>
      <trkpt lat="39.157350350789116" lon="117.76769286249653">
        <ele>3.3</ele>
        <time>2025-11-21T01:00:01Z</time>
      </trkpt>
      <trkpt lat="39.15733772266551" lon="117.76771441838716">
        <ele>3.5</ele>
        <time>2025-11-21T01:00:02Z</time>
      </trkpt>
      <trkpt lat="39.15732302819298" lon="117.76773804655345">
        <ele>3.5</ele>
        <time>2025-11-21T01:00:03Z</time>
      </trkpt>
      <trkpt lat="39.15730910813493" lon="117.76775632998088">
        <ele>3.5</ele>
        <time>2025-11-21T01:00:04Z</time>
      </trkpt>
      <trkpt lat="39.15729338832959" lon="117.76777609240195">
        <ele>3.5</ele>
        <time>2025-11-21T01:00:05Z</time>
      </trkpt>
      <trkpt lat="39.15727778863275" lon="117.76779403271942">
        <ele>3.5</ele>
        <time>2025-11-21T01:00:06Z</time>
      </trkpt>
      <trkpt lat="39.157260659834556" lon="117.76781345590899">
        <ele>3.5</ele>
        <time>2025-11-21T01:00:07Z</time>
      </trkpt>
      <trkpt lat="39.15724359793436" lon="117.767831936113">
        <ele>3.5</ele>
        <time>2025-11-21T01:00:08Z</time>
      </trkpt>
      <trkpt lat="39.15722724690043" lon="117.76785086568978">
        <ele>3.5</ele>
        <time>2025-11-21T01:00:09Z</time>
      </trkpt>
      <trkpt lat="39.15721020132327" lon="117.76787280833379">
        <ele>3.5</ele>
        <time>2025-11-21T01:00:10Z</time>
      </trkpt>
      <trkpt lat="39.15719523961228" lon="117.76789371048596">
        <ele>3.5</ele>
        <time>2025-11-21T01:00:11Z</time>
      </trkpt>
      <trkpt lat="39.15717999577924" lon="117.76791464471998">
        <ele>3.3</ele>
        <time>2025-11-21T01:00:12Z</time>
      </trkpt>
      <trkpt lat="39.157164429478556" lon="117.76793437300917">
        <ele>3.3</ele>
        <time>2025-11-21T01:00:13Z</time>
      </trkpt>
      <trkpt lat="39.157148373382206" lon="117.76795339187254">
        <ele>3.3</ele>
        <time>2025-11-21T01:00:14Z</time>
      </trkpt>
      <trkpt lat="39.15713198065667" lon="117.76797187260124">
        <ele>3.3</ele>
        <time>2025-11-21T01:00:15Z</time>
      </trkpt>
      <trkpt lat="39.15711540048123" lon="117.76799007522757">
        <ele>3.3</ele>
        <time>2025-11-21T01:00:16Z</time>
      </trkpt>
      <trkpt lat="39.157098758727926" lon="117.76800814179592">
        <ele>3.3</ele>
        <time>2025-11-21T01:00:17Z</time>
      </trkpt>
      <trkpt lat="39.15708217171826" lon="117.76802605666474">
        <ele>3.3</ele>
        <time>2025-11-21T01:00:18Z</time>
      </trkpt>
      <trkpt lat="39.15706549842876" lon="117.76804385522813">
        <ele>3.3</ele>
        <time>2025-11-21T01:00:19Z</time>
      </trkpt>
      <trkpt lat="39.157048910307154" lon="117.76806179979874">
        <ele>3.3</ele>
        <time>2025-11-21T01:00:20Z</time>
      </trkpt>
      <trkpt lat="39.157032281006664" lon="117.7680801168581">
        <ele>3.3</ele>
        <time>2025-11-21T01:00:21Z</time>
      </trkpt>
      <trkpt lat="39.15701576865884" lon="117.7680991328003">
        <ele>3.3</ele>
        <time>2025-11-21T01:00:22Z</time>
      </trkpt>
      <trkpt lat="39.15699908088601" lon="117.76811836238484">
        <ele>3.3</ele>
        <time>2025-11-21T01:00:23Z</time>
      </trkpt>
      <trkpt lat="39.15698199614782" lon="117.76813753090832">
        <ele>3.3</ele>
        <time>2025-11-21T01:00:24Z</time>
      </trkpt>
      <trkpt lat="39.15696598402162" lon="117.76815427781911">
        <ele>3.3</ele>
        <time>2025-11-21T01:00:25Z</time>
      </trkpt>
      <trkpt lat="39.15695000532348" lon="117.76817035569758">
        <ele>3.3</ele>
        <time>2025-11-21T01:00:26Z</time>
      </trkpt>
      <trkpt lat="39.15693251395257" lon="117.76818765716652">
        <ele>3.3</ele>
        <time>2025-11-21T01:00:27Z</time>
      </trkpt>
      <trkpt lat="39.1569150712838" lon="117.76820487467818">
        <ele>3.3</ele>
        <time>2025-11-21T01:00:28Z</time>
      </trkpt>
      <trkpt lat="39.15689756764215" lon="117.76822224556206">
        <ele>3.3</ele>
        <time>2025-11-21T01:00:29Z</time>
      </trkpt>
      <trkpt lat="39.15688027646904" lon="117.76823962075379">
        <ele>3.3</ele>
        <time>2025-11-21T01:00:30Z</time>
      </trkpt>
      <trkpt lat="39.156863017708154" lon="117.76825685172366">
        <ele>3.3</ele>
        <time>2025-11-21T01:00:31Z</time>
      </trkpt>
      <trkpt lat="39.15684593163359" lon="117.76827393288559">
        <ele>3.3</ele>
        <time>2025-11-21T01:00:32Z</time>
      </trkpt>
      <trkpt lat="39.15682899230078" lon="117.76829064472778">
        <ele>3.3</ele>
        <time>2025-11-21T01:00:33Z</time>
      </trkpt>
      <trkpt lat="39.1568125069367" lon="117.76830704473872">
        <ele>3.3</ele>
        <time>2025-11-21T01:00:34Z</time>
      </trkpt>
      <trkpt lat="39.156796037706286" lon="117.76832305415884">
        <ele>3.3</ele>
        <time>2025-11-21T01:00:35Z</time>
      </trkpt>
      <trkpt lat="39.156779446573296" lon="117.76833896954602">
        <ele>3.3</ele>
        <time>2025-11-21T01:00:36Z</time>
      </trkpt>
      <trkpt lat="39.156762738333825" lon="117.76835477714037">
        <ele>3.3</ele>
        <time>2025-11-21T01:00:37Z</time>
      </trkpt>
      <trkpt lat="39.15674594938249" lon="117.76837062637703">
        <ele>3.3</ele>
        <time>2025-11-21T01:00:38Z</time>
      </trkpt>
      <trkpt lat="39.15672911320379" lon="117.7683860294327">
        <ele>3.3</ele>
        <time>2025-11-21T01:00:39Z</time>
      </trkpt>
      <trkpt lat="39.156712285095374" lon="117.76840102448345">
        <ele>3.3</ele>
        <time>2025-11-21T01:00:40Z</time>
      </trkpt>
      <trkpt lat="39.15669321875855" lon="117.76841751391521">
        <ele>3.3</ele>
        <time>2025-11-21T01:00:41Z</time>
      </trkpt>
      <trkpt lat="39.156675496589" lon="117.76843276738694">
        <ele>3.3</ele>
        <time>2025-11-21T01:00:42Z</time>
      </trkpt>
      <trkpt lat="39.1566570392372" lon="117.76844866071016">
        <ele>3.3</ele>
        <time>2025-11-21T01:00:43Z</time>
      </trkpt>
      <trkpt lat="39.15663864201906" lon="117.76846439879398">
        <ele>3.3</ele>
        <time>2025-11-21T01:00:44Z</time>
      </trkpt>
      <trkpt lat="39.15661989612978" lon="117.76848013711549">
        <ele>3.3</ele>
        <time>2025-11-21T01:00:45Z</time>
      </trkpt>
      <trkpt lat="39.15660121757023" lon="117.76849555653673">
        <ele>3.3</ele>
        <time>2025-11-21T01:00:46Z</time>
      </trkpt>
      <trkpt lat="39.156582596896484" lon="117.768510981494">
        <ele>3.3</ele>
        <time>2025-11-21T01:00:47Z</time>
      </trkpt>
      <trkpt lat="39.15656429228125" lon="117.76852623696851">
        <ele>3.3</ele>
        <time>2025-11-21T01:00:48Z</time>
      </trkpt>
      <trkpt lat="39.15654589482339" lon="117.76854180987083">
        <ele>3.3</ele>
        <time>2025-11-21T01:00:49Z</time>
      </trkpt>
      <trkpt lat="39.15652943038549" lon="117.7685558065665">
        <ele>3.3</ele>
        <time>2025-11-21T01:00:50Z</time>
      </trkpt>
      <trkpt lat="39.15651087065342" lon="117.76857090257018">
        <ele>3.3</ele>
        <time>2025-11-21T01:00:51Z</time>
      </trkpt>
      <trkpt lat="39.156492225296965" lon="117.76858489115251">
        <ele>3.3</ele>
        <time>2025-11-21T01:00:52Z</time>
      </trkpt>
      <trkpt lat="39.15647271766281" lon="117.76859850577058">
        <ele>3.3</ele>
        <time>2025-11-21T01:00:53Z</time>
      </trkpt>
      <trkpt lat="39.1564542402709" lon="117.76861215746968">
        <ele>3.3</ele>
        <time>2025-11-21T01:00:54Z</time>
      </trkpt>
      <trkpt lat="39.156436774495496" lon="117.76862680852037">
        <ele>3.3</ele>
        <time>2025-11-21T01:00:55Z</time>
      </trkpt>
      <trkpt lat="39.15641803150601" lon="117.76864451999293">
        <ele>3.3</ele>
        <time>2025-11-21T01:00:56Z</time>
      </trkpt>
      <trkpt lat="39.156400508326705" lon="117.76866046504415">
        <ele>3.3</ele>
        <time>2025-11-21T01:00:57Z</time>
      </trkpt>
      <trkpt lat="39.15638144849411" lon="117.76867739937367">
        <ele>3.3</ele>
        <time>2025-11-21T01:00:58Z</time>
      </trkpt>
      <trkpt lat="39.156363466408436" lon="117.7686914455494">
        <ele>3.3</ele>
        <time>2025-11-21T01:00:59Z</time>
      </trkpt>
      <trkpt lat="39.15634451274892" lon="117.76870624715521">
        <ele>3.3</ele>
        <time>2025-11-21T01:01:00Z</time>
      </trkpt>
      <trkpt lat="39.15632608765636" lon="117.76871973288635">
        <ele>3.3</ele>
        <time>2025-11-21T01:01:01Z</time>
      </trkpt>
      <trkpt lat="39.15630605143163" lon="117.76873456492808">
        <ele>3.3</ele>
        <time>2025-11-21T01:01:02Z</time>
      </trkpt>
      <trkpt lat="39.156286193605865" lon="117.76874912441558">
        <ele>3.3</ele>
        <time>2025-11-21T01:01:03Z</time>
      </trkpt>
      <trkpt lat="39.156265943396114" lon="117.76876335440579">
        <ele>3.3</ele>
        <time>2025-11-21T01:01:04Z</time>
      </trkpt>
      <trkpt lat="39.15624536172171" lon="117.76877698527258">
        <ele>3.3</ele>
        <time>2025-11-21T01:01:05Z</time>
      </trkpt>
      <trkpt lat="39.156224546273506" lon="117.76879006751196">
        <ele>3.3</ele>
        <time>2025-11-21T01:01:06Z</time>
      </trkpt>
      <trkpt lat="39.156203598392445" lon="117.7688028279179">
        <ele>3.3</ele>
        <time>2025-11-21T01:01:07Z</time>
      </trkpt>
      <trkpt lat="39.15618300517237" lon="117.76881534120069">
        <ele>3.3</ele>
        <time>2025-11-21T01:01:08Z</time>
      </trkpt>
      <trkpt lat="39.15616280783992" lon="117.76882766427603">
        <ele>3.3</ele>
        <time>2025-11-21T01:01:09Z</time>
      </trkpt>
      <trkpt lat="39.15614309551664" lon="117.7688397547164">
        <ele>3.3</ele>
        <time>2025-11-21T01:01:10Z</time>
      </trkpt>
      <trkpt lat="39.156123697851974" lon="117.76885160433056">
        <ele>3.3</ele>
        <time>2025-11-21T01:01:11Z</time>
      </trkpt>
      <trkpt lat="39.1561041183613" lon="117.7688632287021">
        <ele>3.3</ele>
        <time>2025-11-21T01:01:12Z</time>
      </trkpt>
      <trkpt lat="39.15608432575147" lon="117.76887469628393">
        <ele>3.3</ele>
        <time>2025-11-21T01:01:13Z</time>
      </trkpt>
      <trkpt lat="39.1560643367612" lon="117.76888613099491">
        <ele>3.3</ele>
        <time>2025-11-21T01:01:14Z</time>
      </trkpt>
      <trkpt lat="39.15604489173737" lon="117.76889743673887">
        <ele>3.3</ele>
        <time>2025-11-21T01:01:15Z</time>
      </trkpt>
      <trkpt lat="39.15602373146442" lon="117.7689104959844">
        <ele>3.3</ele>
        <time>2025-11-21T01:01:16Z</time>
      </trkpt>
      <trkpt lat="39.15600457387708" lon="117.76892276064657">
        <ele>3.3</ele>
        <time>2025-11-21T01:01:17Z</time>
      </trkpt>
      <trkpt lat="39.15598503601438" lon="117.76893533443781">
        <ele>3.3</ele>
        <time>2025-11-21T01:01:18Z</time>
      </trkpt>
      <trkpt lat="39.15596533662401" lon="117.76894676977534">
        <ele>3.3</ele>
        <time>2025-11-21T01:01:19Z</time>
      </trkpt>
      <trkpt lat="39.155944999961044" lon="117.76895707222347">
        <ele>3.3</ele>
        <time>2025-11-21T01:01:20Z</time>
      </trkpt>
      <trkpt lat="39.15592373396541" lon="117.7689665297694">
        <ele>3.3</ele>
        <time>2025-11-21T01:01:21Z</time>
      </trkpt>
      <trkpt lat="39.155902580078056" lon="117.76897835168724">
        <ele>3.1</ele>
        <time>2025-11-21T01:01:22Z</time>
      </trkpt>
      <trkpt lat="39.15588319331276" lon="117.76899236883673">
        <ele>3.1</ele>
        <time>2025-11-21T01:01:23Z</time>
      </trkpt>
      <trkpt lat="39.155866364483906" lon="117.76900598587916">
        <ele>3.1</ele>
        <time>2025-11-21T01:01:24Z</time>
      </trkpt>
      <trkpt lat="39.155849800870506" lon="117.7690134516914">
        <ele>3.1</ele>
        <time>2025-11-21T01:01:25Z</time>
      </trkpt>
      <trkpt lat="39.155831597539844" lon="117.76901942121431">
        <ele>3.1</ele>
        <time>2025-11-21T01:01:26Z</time>
      </trkpt>
      <trkpt lat="39.155811648546354" lon="117.76902623036658">
        <ele>3.1</ele>
        <time>2025-11-21T01:01:27Z</time>
      </trkpt>
      <trkpt lat="39.15579114619183" lon="117.76903551920225">
        <ele>3.1</ele>
        <time>2025-11-21T01:01:28Z</time>
      </trkpt>
      <trkpt lat="39.155770827926915" lon="117.76904449145434">
        <ele>3.1</ele>
        <time>2025-11-21T01:01:29Z</time>
      </trkpt>
      <trkpt lat="39.155750602301694" lon="117.76905299869716">
        <ele>3.1</ele>
        <time>2025-11-21T01:01:30Z</time>
      </trkpt>
      <trkpt lat="39.1557311673693" lon="117.76906365259212">
        <ele>3.1</ele>
        <time>2025-11-21T01:01:31Z</time>
      </trkpt>
      <trkpt lat="39.15571238670046" lon="117.76907430398872">
        <ele>3.1</ele>
        <time>2025-11-21T01:01:32Z</time>
      </trkpt>
      <trkpt lat="39.15569164734349" lon="117.7690863470629">
        <ele>3.1</ele>
        <time>2025-11-21T01:01:33Z</time>
      </trkpt>
      <trkpt lat="39.155672287676914" lon="117.76909622624066">
        <ele>3.1</ele>
        <time>2025-11-21T01:01:34Z</time>
      </trkpt>
      <trkpt lat="39.155652427487446" lon="117.76910575756493">
        <ele>3.1</ele>
        <time>2025-11-21T01:01:35Z</time>
      </trkpt>
      <trkpt lat="39.15563247716498" lon="117.76911454148991">
        <ele>3.1</ele>
        <time>2025-11-21T01:01:36Z</time>
      </trkpt>
      <trkpt lat="39.155612314334604" lon="117.76912321402548">
        <ele>3.1</ele>
        <time>2025-11-21T01:01:37Z</time>
      </trkpt>
      <trkpt lat="39.15559193184437" lon="117.76913198726807">
        <ele>3.1</ele>
        <time>2025-11-21T01:01:38Z</time>
      </trkpt>
      <trkpt lat="39.155571687125054" lon="117.76914087353416">
        <ele>3.1</ele>
        <time>2025-11-21T01:01:39Z</time>
      </trkpt>
      <trkpt lat="39.15555187122375" lon="117.76914969050475">
        <ele>3.1</ele>
        <time>2025-11-21T01:01:40Z</time>
      </trkpt>
      <trkpt lat="39.15553221308785" lon="117.76915813018933">
        <ele>3.1</ele>
        <time>2025-11-21T01:01:41Z</time>
      </trkpt>
      <trkpt lat="39.15551247234443" lon="117.76916626157367">
        <ele>3.1</ele>
        <time>2025-11-21T01:01:42Z</time>
      </trkpt>
      <trkpt lat="39.15549237988526" lon="117.76917441146253">
        <ele>3.1</ele>
        <time>2025-11-21T01:01:43Z</time>
      </trkpt>
      <trkpt lat="39.15547222758507" lon="117.76918271741536">
        <ele>3.1</ele>
        <time>2025-11-21T01:01:44Z</time>
      </trkpt>
      <trkpt lat="39.15545208722536" lon="117.76919086558617">
        <ele>3.1</ele>
        <time>2025-11-21T01:01:45Z</time>
      </trkpt>
      <trkpt lat="39.155432153306734" lon="117.7691983497237">
        <ele>3.1</ele>
        <time>2025-11-21T01:01:46Z</time>
      </trkpt>
      <trkpt lat="39.155409651079715" lon="117.76920532754137">
        <ele>3.1</ele>
        <time>2025-11-21T01:01:47Z</time>
      </trkpt>
      <trkpt lat="39.15538861210391" lon="117.7692106627454">
        <ele>3.1</ele>
        <time>2025-11-21T01:01:48Z</time>
      </trkpt>
      <trkpt lat="39.155366785029514" lon="117.76921566412544">
        <ele>3.1</ele>
        <time>2025-11-21T01:01:49Z</time>
      </trkpt>
      <trkpt lat="39.15534491474897" lon="117.76922112671772">
        <ele>3.1</ele>
        <time>2025-11-21T01:01:50Z</time>
      </trkpt>
      <trkpt lat="39.155322847026866" lon="117.76922728822701">
        <ele>3.1</ele>
        <time>2025-11-21T01:01:51Z</time>
      </trkpt>
      <trkpt lat="39.15530078002601" lon="117.76923392064057">
        <ele>3.1</ele>
        <time>2025-11-21T01:01:52Z</time>
      </trkpt>
      <trkpt lat="39.15527872402535" lon="117.76924051262122">
        <ele>3.1</ele>
        <time>2025-11-21T01:01:53Z</time>
      </trkpt>
      <trkpt lat="39.15525678544569" lon="117.76924705251541">
        <ele>3.1</ele>
        <time>2025-11-21T01:01:54Z</time>
      </trkpt>
      <trkpt lat="39.15523501038839" lon="117.7692537945062">
        <ele>3.1</ele>
        <time>2025-11-21T01:01:55Z</time>
      </trkpt>
      <trkpt lat="39.1552135055804" lon="117.76926151364869">
        <ele>3.1</ele>
        <time>2025-11-21T01:01:56Z</time>
      </trkpt>
      <trkpt lat="39.155191940142075" lon="117.769269954028">
        <ele>3.1</ele>
        <time>2025-11-21T01:01:57Z</time>
      </trkpt>
      <trkpt lat="39.1551702714033" lon="117.76927889834855">
        <ele>3.1</ele>
        <time>2025-11-21T01:01:58Z</time>
      </trkpt>
      <trkpt lat="39.1551485330933" lon="117.7692881672106">
        <ele>3.1</ele>
        <time>2025-11-21T01:01:59Z</time>
      </trkpt>
      <trkpt lat="39.15512695665619" lon="117.76929760650384">
        <ele>3.1</ele>
        <time>2025-11-21T01:02:00Z</time>
      </trkpt>
      <trkpt lat="39.155105808304256" lon="117.76930736751592">
        <ele>3.1</ele>
        <time>2025-11-21T01:02:01Z</time>
      </trkpt>
      <trkpt lat="39.15508515589783" lon="117.76931747918616">
        <ele>3.1</ele>
        <time>2025-11-21T01:02:02Z</time>
      </trkpt>
      <trkpt lat="39.15506524148515" lon="117.7693277180701">
        <ele>3.1</ele>
        <time>2025-11-21T01:02:03Z</time>
      </trkpt>
      <trkpt lat="39.15504343650299" lon="117.76933977734588">
        <ele>3.1</ele>
        <time>2025-11-21T01:02:04Z</time>
      </trkpt>
      <trkpt lat="39.15502393137686" lon="117.76935130767995">
        <ele>3.1</ele>
        <time>2025-11-21T01:02:05Z</time>
      </trkpt>
      <trkpt lat="39.155004442614" lon="117.76936376611519">
        <ele>3.1</ele>
        <time>2025-11-21T01:02:06Z</time>
      </trkpt>
      <trkpt lat="39.15498567082707" lon="117.7693771996325">
        <ele>3.1</ele>
        <time>2025-11-21T01:02:07Z</time>
      </trkpt>
      <trkpt lat="39.15496690366889" lon="117.7693918353807">
        <ele>3.1</ele>
        <time>2025-11-21T01:02:08Z</time>
      </trkpt>
      <trkpt lat="39.154948200147786" lon="117.76940748392168">
        <ele>3.1</ele>
        <time>2025-11-21T01:02:09Z</time>
      </trkpt>
      <trkpt lat="39.1549297640077" lon="117.76942404240275">
        <ele>3.1</ele>
        <time>2025-11-21T01:02:10Z</time>
      </trkpt>
      <trkpt lat="39.15491165458496" lon="117.76944109631427">
        <ele>3.1</ele>
        <time>2025-11-21T01:02:11Z</time>
      </trkpt>
      <trkpt lat="39.15489388147937" lon="117.76945823877223">
        <ele>3.1</ele>
        <time>2025-11-21T01:02:12Z</time>
      </trkpt>
      <trkpt lat="39.154876598416465" lon="117.76947552683362">
        <ele>3.1</ele>
        <time>2025-11-21T01:02:13Z</time>
      </trkpt>
      <trkpt lat="39.15485962484226" lon="117.76949301405915">
        <ele>3.1</ele>
        <time>2025-11-21T01:02:14Z</time>
      </trkpt>
      <trkpt lat="39.154842860466715" lon="117.76951081651556">
        <ele>3.1</ele>
        <time>2025-11-21T01:02:15Z</time>
      </trkpt>
      <trkpt lat="39.15482583633538" lon="117.76952866802593">
        <ele>3.1</ele>
        <time>2025-11-21T01:02:16Z</time>
      </trkpt>
      <trkpt lat="39.15480862630137" lon="117.76954607952528">
        <ele>3.1</ele>
        <time>2025-11-21T01:02:17Z</time>
      </trkpt>
      <trkpt lat="39.15478928224772" lon="117.76956501664073">
        <ele>3.1</ele>
        <time>2025-11-21T01:02:18Z</time>
      </trkpt>
      <trkpt lat="39.154771403400005" lon="117.76958245495169">
        <ele>3.1</ele>
        <time>2025-11-21T01:02:19Z</time>
      </trkpt>
      <trkpt lat="39.15475351224387" lon="117.769600441994">
        <ele>3.1</ele>
        <time>2025-11-21T01:02:20Z</time>
      </trkpt>
      <trkpt lat="39.154736332750375" lon="117.76961894588821">
        <ele>3.1</ele>
        <time>2025-11-21T01:02:21Z</time>
      </trkpt>
      <trkpt lat="39.154719729313214" lon="117.76963766208311">
        <ele>3.1</ele>
        <time>2025-11-21T01:02:22Z</time>
      </trkpt>
      <trkpt lat="39.154703626169194" lon="117.76965673623742">
        <ele>3.1</ele>
        <time>2025-11-21T01:02:23Z</time>
      </trkpt>
      <trkpt lat="39.15468803365571" lon="117.7696763611944">
        <ele>3.1</ele>
        <time>2025-11-21T01:02:24Z</time>
      </trkpt>
      <trkpt lat="39.154672648448404" lon="117.76969660850239">
        <ele>3.1</ele>
        <time>2025-11-21T01:02:25Z</time>
      </trkpt>
      <trkpt lat="39.15465709158173" lon="117.76971687586332">
        <ele>3.1</ele>
        <time>2025-11-21T01:02:26Z</time>
      </trkpt>
      <trkpt lat="39.154641004463215" lon="117.76973656789515">
        <ele>3.1</ele>
        <time>2025-11-21T01:02:27Z</time>
      </trkpt>
      <trkpt lat="39.15462426681047" lon="117.76975543308824">
        <ele>3.1</ele>
        <time>2025-11-21T01:02:28Z</time>
      </trkpt>
      <trkpt lat="39.1546067958766" lon="117.76977330739696">
        <ele>3.1</ele>
        <time>2025-11-21T01:02:29Z</time>
      </trkpt>
      <trkpt lat="39.1545884085196" lon="117.76978957130395">
        <ele>3.1</ele>
        <time>2025-11-21T01:02:30Z</time>
      </trkpt>
      <trkpt lat="39.15456957014893" lon="117.76980480351308">
        <ele>3.1</ele>
        <time>2025-11-21T01:02:31Z</time>
      </trkpt>
      <trkpt lat="39.15455064652321" lon="117.76981956343307">
        <ele>3.1</ele>
        <time>2025-11-21T01:02:32Z</time>
      </trkpt>
      <trkpt lat="39.154531384475774" lon="117.76983369874237">
        <ele>3.1</ele>
        <time>2025-11-21T01:02:33Z</time>
      </trkpt>
      <trkpt lat="39.15451188918662" lon="117.76984709576678">
        <ele>3.1</ele>
        <time>2025-11-21T01:02:34Z</time>
      </trkpt>
      <trkpt lat="39.15448960575084" lon="117.76986040467311">
        <ele>3.1</ele>
        <time>2025-11-21T01:02:35Z</time>
      </trkpt>
      <trkpt lat="39.154468743251975" lon="117.76987157384737">
        <ele>3.1</ele>
        <time>2025-11-21T01:02:36Z</time>
      </trkpt>
      <trkpt lat="39.15444732638" lon="117.76988204756907">
        <ele>3.1</ele>
        <time>2025-11-21T01:02:37Z</time>
      </trkpt>
      <trkpt lat="39.15442590472724" lon="117.76989201576733">
        <ele>3.1</ele>
        <time>2025-11-21T01:02:38Z</time>
      </trkpt>
      <trkpt lat="39.15440426259023" lon="117.76990198691246">
        <ele>3.1</ele>
        <time>2025-11-21T01:02:39Z</time>
      </trkpt>
      <trkpt lat="39.15438235710675" lon="117.76991179780119">
        <ele>3.1</ele>
        <time>2025-11-21T01:02:40Z</time>
      </trkpt>
      <trkpt lat="39.15436008794662" lon="117.76992058013217">
        <ele>3.1</ele>
        <time>2025-11-21T01:02:41Z</time>
      </trkpt>
      <trkpt lat="39.15433753586854" lon="117.76992779824106">
        <ele>3.1</ele>
        <time>2025-11-21T01:02:42Z</time>
      </trkpt>
      <trkpt lat="39.1543147193404" lon="117.76993327486232">
        <ele>3.1</ele>
        <time>2025-11-21T01:02:43Z</time>
      </trkpt>
      <trkpt lat="39.15429176044491" lon="117.76993656183454">
        <ele>3.1</ele>
        <time>2025-11-21T01:02:44Z</time>
      </trkpt>
      <trkpt lat="39.154268902108775" lon="117.76993845334692">
        <ele>3.1</ele>
        <time>2025-11-21T01:02:45Z</time>
      </trkpt>
      <trkpt lat="39.154243887503746" lon="117.76993918698446">
        <ele>3.1</ele>
        <time>2025-11-21T01:02:46Z</time>
      </trkpt>
      <trkpt lat="39.15422113185736" lon="117.76993929217514">
        <ele>3.1</ele>
        <time>2025-11-21T01:02:47Z</time>
      </trkpt>
      <trkpt lat="39.1541983358102" lon="117.7699394229419">
        <ele>3.1</ele>
        <time>2025-11-21T01:02:48Z</time>
      </trkpt>
      <trkpt lat="39.154175907364326" lon="117.76994018492374">
        <ele>3.1</ele>
        <time>2025-11-21T01:02:49Z</time>
      </trkpt>
      <trkpt lat="39.15415346306268" lon="117.76994169635081">
        <ele>3.1</ele>
        <time>2025-11-21T01:02:50Z</time>
      </trkpt>
      <trkpt lat="39.15412863178061" lon="117.76994431100354">
        <ele>3.1</ele>
        <time>2025-11-21T01:02:51Z</time>
      </trkpt>
      <trkpt lat="39.15410555316974" lon="117.76994705833886">
        <ele>3.1</ele>
        <time>2025-11-21T01:02:52Z</time>
      </trkpt>
      <trkpt lat="39.15408209712434" lon="117.76994953428157">
        <ele>3.1</ele>
        <time>2025-11-21T01:02:53Z</time>
      </trkpt>
      <trkpt lat="39.15405879245562" lon="117.76995105183626">
        <ele>3.1</ele>
        <time>2025-11-21T01:02:54Z</time>
      </trkpt>
      <trkpt lat="39.154035567169814" lon="117.76995207427997">
        <ele>3.1</ele>
        <time>2025-11-21T01:02:55Z</time>
      </trkpt>
      <trkpt lat="39.15401258044964" lon="117.76995274065602">
        <ele>3.1</ele>
        <time>2025-11-21T01:02:56Z</time>
      </trkpt>
      <trkpt lat="39.15398976515599" lon="117.76995333088779">
        <ele>3.1</ele>
        <time>2025-11-21T01:02:57Z</time>
      </trkpt>
      <trkpt lat="39.15396718681777" lon="117.76995406565206">
        <ele>3.1</ele>
        <time>2025-11-21T01:02:58Z</time>
      </trkpt>
      <trkpt lat="39.1539447018064" lon="117.76995512285956">
        <ele>3.1</ele>
        <time>2025-11-21T01:02:59Z</time>
      </trkpt>
      <trkpt lat="39.15392235705677" lon="117.76995653361585">
        <ele>3.1</ele>
        <time>2025-11-21T01:03:00Z</time>
      </trkpt>
      <trkpt lat="39.15390005163155" lon="117.7699578046027">
        <ele>3.1</ele>
        <time>2025-11-21T01:03:01Z</time>
      </trkpt>
      <trkpt lat="39.15387786471464" lon="117.76995858776789">
        <ele>3.1</ele>
        <time>2025-11-21T01:03:02Z</time>
      </trkpt>
      <trkpt lat="39.15385569573921" lon="117.76995843822772">
        <ele>3.1</ele>
        <time>2025-11-21T01:03:03Z</time>
      </trkpt>
      <trkpt lat="39.15383378216688" lon="117.76995777269796">
        <ele>3.1</ele>
        <time>2025-11-21T01:03:04Z</time>
      </trkpt>
      <trkpt lat="39.15380957345157" lon="117.76995695284525">
        <ele>3.1</ele>
        <time>2025-11-21T01:03:05Z</time>
      </trkpt>
      <trkpt lat="39.15378731704059" lon="117.76995639375907">
        <ele>3.1</ele>
        <time>2025-11-21T01:03:06Z</time>
      </trkpt>
      <trkpt lat="39.15376467674492" lon="117.76995605928413">
        <ele>3.1</ele>
        <time>2025-11-21T01:03:07Z</time>
      </trkpt>
      <trkpt lat="39.15374216834327" lon="117.76995552962607">
        <ele>3.1</ele>
        <time>2025-11-21T01:03:08Z</time>
      </trkpt>
      <trkpt lat="39.15371956309615" lon="117.7699546675321">
        <ele>3.1</ele>
        <time>2025-11-21T01:03:09Z</time>
      </trkpt>
      <trkpt lat="39.153697051912545" lon="117.76995325870509">
        <ele>3.1</ele>
        <time>2025-11-21T01:03:10Z</time>
      </trkpt>
      <trkpt lat="39.15367468978853" lon="117.76995137267703">
        <ele>3.1</ele>
        <time>2025-11-21T01:03:11Z</time>
      </trkpt>
      <trkpt lat="39.15365253490202" lon="117.7699497205633">
        <ele>3.1</ele>
        <time>2025-11-21T01:03:12Z</time>
      </trkpt>
      <trkpt lat="39.15363083366987" lon="117.76994788791656">
        <ele>3.1</ele>
        <time>2025-11-21T01:03:13Z</time>
      </trkpt>
      <trkpt lat="39.15360891333046" lon="117.76994546635146">
        <ele>3.1</ele>
        <time>2025-11-21T01:03:14Z</time>
      </trkpt>
      <trkpt lat="39.15358741859252" lon="117.7699422529903">
        <ele>3.1</ele>
        <time>2025-11-21T01:03:15Z</time>
      </trkpt>
      <trkpt lat="39.15356597633947" lon="117.76993882810748">
        <ele>3.1</ele>
        <time>2025-11-21T01:03:16Z</time>
      </trkpt>
      <trkpt lat="39.15354447588139" lon="117.76993518284684">
        <ele>3.1</ele>
        <time>2025-11-21T01:03:17Z</time>
      </trkpt>
      <trkpt lat="39.15352318759197" lon="117.76993148528538">
        <ele>3.1</ele>
        <time>2025-11-21T01:03:18Z</time>
      </trkpt>
      <trkpt lat="39.15350201445142" lon="117.76992772980607">
        <ele>3.1</ele>
        <time>2025-11-21T01:03:19Z</time>
      </trkpt>
      <trkpt lat="39.153481194501595" lon="117.76992398267554">
        <ele>3.1</ele>
        <time>2025-11-21T01:03:20Z</time>
      </trkpt>
      <trkpt lat="39.15346044101185" lon="117.76992019106066">
        <ele>3.1</ele>
        <time>2025-11-21T01:03:21Z</time>
      </trkpt>
      <trkpt lat="39.15343675184776" lon="117.76991571709844">
        <ele>3.1</ele>
        <time>2025-11-21T01:03:22Z</time>
      </trkpt>
      <trkpt lat="39.15341572203553" lon="117.76991169512014">
        <ele>3.1</ele>
        <time>2025-11-21T01:03:23Z</time>
      </trkpt>
      <trkpt lat="39.153391324345776" lon="117.7699068567273">
        <ele>3.1</ele>
        <time>2025-11-21T01:03:24Z</time>
      </trkpt>
      <trkpt lat="39.15336989153515" lon="117.76990247617921">
        <ele>3.1</ele>
        <time>2025-11-21T01:03:25Z</time>
      </trkpt>
      <trkpt lat="39.15334832064836" lon="117.76989791072283">
        <ele>3.1</ele>
        <time>2025-11-21T01:03:26Z</time>
      </trkpt>
      <trkpt lat="39.15332745901084" lon="117.76989331862644">
        <ele>3.1</ele>
        <time>2025-11-21T01:03:27Z</time>
      </trkpt>
      <trkpt lat="39.153306689598836" lon="117.76988860562494">
        <ele>3.1</ele>
        <time>2025-11-21T01:03:28Z</time>
      </trkpt>
      <trkpt lat="39.15328605050507" lon="117.76988381117171">
        <ele>3.1</ele>
        <time>2025-11-21T01:03:29Z</time>
      </trkpt>
      <trkpt lat="39.15326541206655" lon="117.76987896943827">
        <ele>3.1</ele>
        <time>2025-11-21T01:03:30Z</time>
      </trkpt>
      <trkpt lat="39.1532447278073" lon="117.7698741244111">
        <ele>3.1</ele>
        <time>2025-11-21T01:03:31Z</time>
      </trkpt>
      <trkpt lat="39.15322393277161" lon="117.7698693047182">
        <ele>3.1</ele>
        <time>2025-11-21T01:03:32Z</time>
      </trkpt>
      <trkpt lat="39.153202806112084" lon="117.76986449347804">
        <ele>3.1</ele>
        <time>2025-11-21T01:03:33Z</time>
      </trkpt>
      <trkpt lat="39.15318142976867" lon="117.76985974701343">
        <ele>3.1</ele>
        <time>2025-11-21T01:03:34Z</time>
      </trkpt>
      <trkpt lat="39.15315974680711" lon="117.76985507412304">
        <ele>3.1</ele>
        <time>2025-11-21T01:03:35Z</time>
      </trkpt>
      <trkpt lat="39.15314109646885" lon="117.7698511484109">
        <ele>3.1</ele>
        <time>2025-11-21T01:03:36Z</time>
      </trkpt>
      <trkpt lat="39.15312291669783" lon="117.76984739908374">
        <ele>3.1</ele>
        <time>2025-11-21T01:03:37Z</time>
      </trkpt>
      <trkpt lat="39.15310234403773" lon="117.76984317521185">
        <ele>3.1</ele>
        <time>2025-11-21T01:03:38Z</time>
      </trkpt>
      <trkpt lat="39.15308151206754" lon="117.76983891274712">
        <ele>3.1</ele>
        <time>2025-11-21T01:03:39Z</time>
      </trkpt>
      <trkpt lat="39.15306029870627" lon="117.76983457012393">
        <ele>3.1</ele>
        <time>2025-11-21T01:03:40Z</time>
      </trkpt>
      <trkpt lat="39.15303891458348" lon="117.76983018945009">
        <ele>3.1</ele>
        <time>2025-11-21T01:03:41Z</time>
      </trkpt>
      <trkpt lat="39.15301770183209" lon="117.76982581907988">
        <ele>3.1</ele>
        <time>2025-11-21T01:03:42Z</time>
      </trkpt>
      <trkpt lat="39.152996565995295" lon="117.76982140874459">
        <ele>3.1</ele>
        <time>2025-11-21T01:03:43Z</time>
      </trkpt>
      <trkpt lat="39.15297550408029" lon="117.76981693433969">
        <ele>3.1</ele>
        <time>2025-11-21T01:03:44Z</time>
      </trkpt>
      <trkpt lat="39.152954273267106" lon="117.76981235534778">
        <ele>3.1</ele>
        <time>2025-11-21T01:03:45Z</time>
      </trkpt>
      <trkpt lat="39.152932764777454" lon="117.76980724760206">
        <ele>3.1</ele>
        <time>2025-11-21T01:03:46Z</time>
      </trkpt>
      <trkpt lat="39.15291179610464" lon="117.76980119940221">
        <ele>3.1</ele>
        <time>2025-11-21T01:03:47Z</time>
      </trkpt>
      <trkpt lat="39.152890922755184" lon="117.76979414104171">
        <ele>3.1</ele>
        <time>2025-11-21T01:03:48Z</time>
      </trkpt>
      <trkpt lat="39.15286799237843" lon="117.7697851291886">
        <ele>3.1</ele>
        <time>2025-11-21T01:03:49Z</time>
      </trkpt>
      <trkpt lat="39.152846969220626" lon="117.76977576226169">
        <ele>3.1</ele>
        <time>2025-11-21T01:03:50Z</time>
      </trkpt>
      <trkpt lat="39.15282527994313" lon="117.76976518795725">
        <ele>3.1</ele>
        <time>2025-11-21T01:03:51Z</time>
      </trkpt>
      <trkpt lat="39.152805641056105" lon="117.76975484395184">
        <ele>3.1</ele>
        <time>2025-11-21T01:03:52Z</time>
      </trkpt>
      <trkpt lat="39.15278618908199" lon="117.76974444351053">
        <ele>3.1</ele>
        <time>2025-11-21T01:03:53Z</time>
      </trkpt>
      <trkpt lat="39.15276521799368" lon="117.76973336197965">
        <ele>3.1</ele>
        <time>2025-11-21T01:03:54Z</time>
      </trkpt>
      <trkpt lat="39.15274429151678" lon="117.76972246498241">
        <ele>3.1</ele>
        <time>2025-11-21T01:03:55Z</time>
      </trkpt>
      <trkpt lat="39.1527235932316" lon="117.76971140705255">
        <ele>3.1</ele>
        <time>2025-11-21T01:03:56Z</time>
      </trkpt>
      <trkpt lat="39.152703472064694" lon="117.76969975952042">
        <ele>3.1</ele>
        <time>2025-11-21T01:03:57Z</time>
      </trkpt>
      <trkpt lat="39.152683974667916" lon="117.76968790995149">
        <ele>3.1</ele>
        <time>2025-11-21T01:03:58Z</time>
      </trkpt>
      <trkpt lat="39.152664814490635" lon="117.7696756659057">
        <ele>3.1</ele>
        <time>2025-11-21T01:03:59Z</time>
      </trkpt>
      <trkpt lat="39.15264588800254" lon="117.76966315288938">
        <ele>3.1</ele>
        <time>2025-11-21T01:04:00Z</time>
      </trkpt>
      <trkpt lat="39.15262712298412" lon="117.76965037379023">
        <ele>3.1</ele>
        <time>2025-11-21T01:04:01Z</time>
      </trkpt>
      <trkpt lat="39.152608378785565" lon="117.76963756512222">
        <ele>3.1</ele>
        <time>2025-11-21T01:04:02Z</time>
      </trkpt>
      <trkpt lat="39.15258942091099" lon="117.76962475866573">
        <ele>3.1</ele>
        <time>2025-11-21T01:04:03Z</time>
      </trkpt>
      <trkpt lat="39.15257019313332" lon="117.76961184980566">
        <ele>3.1</ele>
        <time>2025-11-21T01:04:04Z</time>
      </trkpt>
      <trkpt lat="39.15255071202243" lon="117.7695991843471">
        <ele>3.1</ele>
        <time>2025-11-21T01:04:05Z</time>
      </trkpt>
      <trkpt lat="39.15253122635489" lon="117.76958682667234">
        <ele>3.1</ele>
        <time>2025-11-21T01:04:06Z</time>
      </trkpt>
      <trkpt lat="39.152512073095195" lon="117.76957479682036">
        <ele>3.1</ele>
        <time>2025-11-21T01:04:07Z</time>
      </trkpt>
      <trkpt lat="39.15249118477232" lon="117.76956128522694">
        <ele>3.1</ele>
        <time>2025-11-21T01:04:08Z</time>
      </trkpt>
      <trkpt lat="39.15247267129987" lon="117.76954900814482">
        <ele>3.1</ele>
        <time>2025-11-21T01:04:09Z</time>
      </trkpt>
      <trkpt lat="39.152451983324205" lon="117.76953543767144">
        <ele>3.1</ele>
        <time>2025-11-21T01:04:10Z</time>
      </trkpt>
      <trkpt lat="39.152433416080605" lon="117.76952324853868">
        <ele>3.1</ele>
        <time>2025-11-21T01:04:11Z</time>
      </trkpt>
      <trkpt lat="39.1524146456397" lon="117.76951064804656">
        <ele>3.1</ele>
        <time>2025-11-21T01:04:12Z</time>
      </trkpt>
      <trkpt lat="39.15239602218044" lon="117.76949748887569">
        <ele>3.1</ele>
        <time>2025-11-21T01:04:13Z</time>
      </trkpt>
      <trkpt lat="39.152377199110624" lon="117.769483840557">
        <ele>3.1</ele>
        <time>2025-11-21T01:04:14Z</time>
      </trkpt>
      <trkpt lat="39.15235785967475" lon="117.7694703295711">
        <ele>3.1</ele>
        <time>2025-11-21T01:04:15Z</time>
      </trkpt>
      <trkpt lat="39.15233760638646" lon="117.76945723660252">
        <ele>3.1</ele>
        <time>2025-11-21T01:04:16Z</time>
      </trkpt>
      <trkpt lat="39.152317148571996" lon="117.76944480057915">
        <ele>3.1</ele>
        <time>2025-11-21T01:04:17Z</time>
      </trkpt>
      <trkpt lat="39.15229675141084" lon="117.76943269071927">
        <ele>3.1</ele>
        <time>2025-11-21T01:04:18Z</time>
      </trkpt>
      <trkpt lat="39.152276429497704" lon="117.76942077599905">
        <ele>3.1</ele>
        <time>2025-11-21T01:04:19Z</time>
      </trkpt>
      <trkpt lat="39.15225609791167" lon="117.76940890652405">
        <ele>3.1</ele>
        <time>2025-11-21T01:04:20Z</time>
      </trkpt>
      <trkpt lat="39.15223578969818" lon="117.76939705173884">
        <ele>3.1</ele>
        <time>2025-11-21T01:04:21Z</time>
      </trkpt>
      <trkpt lat="39.152215363992774" lon="117.76938507257452">
        <ele>3.1</ele>
        <time>2025-11-21T01:04:22Z</time>
      </trkpt>
      <trkpt lat="39.15219500261104" lon="117.76937301444248">
        <ele>3.1</ele>
        <time>2025-11-21T01:04:23Z</time>
      </trkpt>
      <trkpt lat="39.15217177842586" lon="117.76935922934972">
        <ele>3.1</ele>
        <time>2025-11-21T01:04:24Z</time>
      </trkpt>
      <trkpt lat="39.15215128072031" lon="117.7693468479652">
        <ele>3.1</ele>
        <time>2025-11-21T01:04:25Z</time>
      </trkpt>
      <trkpt lat="39.152130787456926" lon="117.76933439566983">
        <ele>3.1</ele>
        <time>2025-11-21T01:04:26Z</time>
      </trkpt>
      <trkpt lat="39.1521107370989" lon="117.76932218834676">
        <ele>3.1</ele>
        <time>2025-11-21T01:04:27Z</time>
      </trkpt>
      <trkpt lat="39.15209070104727" lon="117.7693100571745">
        <ele>3.1</ele>
        <time>2025-11-21T01:04:28Z</time>
      </trkpt>
      <trkpt lat="39.15207083350004" lon="117.76929814283893">
        <ele>3.1</ele>
        <time>2025-11-21T01:04:29Z</time>
      </trkpt>
      <trkpt lat="39.15205106411073" lon="117.76928645392327">
        <ele>3.1</ele>
        <time>2025-11-21T01:04:30Z</time>
      </trkpt>
      <trkpt lat="39.15203141496678" lon="117.769275009603">
        <ele>3.1</ele>
        <time>2025-11-21T01:04:31Z</time>
      </trkpt>
      <trkpt lat="39.15200876034029" lon="117.76926209270874">
        <ele>3.1</ele>
        <time>2025-11-21T01:04:32Z</time>
      </trkpt>
      <trkpt lat="39.151988636972625" lon="117.76925071370678">
        <ele>3.1</ele>
        <time>2025-11-21T01:04:33Z</time>
      </trkpt>
      <trkpt lat="39.151968404573225" lon="117.76923938078838">
        <ele>3.1</ele>
        <time>2025-11-21T01:04:34Z</time>
      </trkpt>
      <trkpt lat="39.15194882421113" lon="117.76922847842138">
        <ele>3.1</ele>
        <time>2025-11-21T01:04:35Z</time>
      </trkpt>
      <trkpt lat="39.151929367158424" lon="117.76921765827551">
        <ele>3.1</ele>
        <time>2025-11-21T01:04:36Z</time>
      </trkpt>
      <trkpt lat="39.151910106889815" lon="117.76920689911198">
        <ele>3.1</ele>
        <time>2025-11-21T01:04:37Z</time>
      </trkpt>
      <trkpt lat="39.15189095736198" lon="117.76919613722094">
        <ele>3.1</ele>
        <time>2025-11-21T01:04:38Z</time>
      </trkpt>
      <trkpt lat="39.15187192484747" lon="117.76918537339276">
        <ele>3.1</ele>
        <time>2025-11-21T01:04:39Z</time>
      </trkpt>
      <trkpt lat="39.15185000701347" lon="117.76917303840102">
        <ele>3.1</ele>
        <time>2025-11-21T01:04:40Z</time>
      </trkpt>
      <trkpt lat="39.15183042553304" lon="117.76916199138114">
        <ele>3.1</ele>
        <time>2025-11-21T01:04:41Z</time>
      </trkpt>
      <trkpt lat="39.151810677974055" lon="117.76915092381874">
        <ele>3.1</ele>
        <time>2025-11-21T01:04:42Z</time>
      </trkpt>
      <trkpt lat="39.15179115379012" lon="117.76914010460564">
        <ele>3.1</ele>
        <time>2025-11-21T01:04:43Z</time>
      </trkpt>
      <trkpt lat="39.15177162665857" lon="117.76912942513133">
        <ele>3.1</ele>
        <time>2025-11-21T01:04:44Z</time>
      </trkpt>
      <trkpt lat="39.15174898237239" lon="117.7691172422084">
        <ele>3.1</ele>
        <time>2025-11-21T01:04:45Z</time>
      </trkpt>
      <trkpt lat="39.151728738926415" lon="117.76910647533578">
        <ele>3.1</ele>
        <time>2025-11-21T01:04:46Z</time>
      </trkpt>
      <trkpt lat="39.15170823362563" lon="117.76909568686939">
        <ele>3.1</ele>
        <time>2025-11-21T01:04:47Z</time>
      </trkpt>
      <trkpt lat="39.15168803503136" lon="117.7690851772456">
        <ele>3.1</ele>
        <time>2025-11-21T01:04:48Z</time>
      </trkpt>
      <trkpt lat="39.15166772896377" lon="117.76907469176447">
        <ele>3.1</ele>
        <time>2025-11-21T01:04:49Z</time>
      </trkpt>
      <trkpt lat="39.151647325572895" lon="117.76906425324864">
        <ele>3.1</ele>
        <time>2025-11-21T01:04:50Z</time>
      </trkpt>
      <trkpt lat="39.151626876437064" lon="117.76905393772459">
        <ele>3.1</ele>
        <time>2025-11-21T01:04:51Z</time>
      </trkpt>
      <trkpt lat="39.1516062098446" lon="117.76904367846612">
        <ele>3.1</ele>
        <time>2025-11-21T01:04:52Z</time>
      </trkpt>
      <trkpt lat="39.15158530855039" lon="117.76903347808295">
        <ele>3.1</ele>
        <time>2025-11-21T01:04:53Z</time>
      </trkpt>
      <trkpt lat="39.151567149881245" lon="117.76902487581053">
        <ele>3.1</ele>
        <time>2025-11-21T01:04:54Z</time>
      </trkpt>
      <trkpt lat="39.151549473707746" lon="117.7690167036914">
        <ele>3.1</ele>
        <time>2025-11-21T01:04:55Z</time>
      </trkpt>
      <trkpt lat="39.15152936765557" lon="117.7690074741612">
        <ele>3.1</ele>
        <time>2025-11-21T01:04:56Z</time>
      </trkpt>
      <trkpt lat="39.15150893491285" lon="117.7689982536838">
        <ele>3.1</ele>
        <time>2025-11-21T01:04:57Z</time>
      </trkpt>
      <trkpt lat="39.15148799980303" lon="117.76898891490788">
        <ele>3.1</ele>
        <time>2025-11-21T01:04:58Z</time>
      </trkpt>
      <trkpt lat="39.151466988538104" lon="117.76897955952322">
        <ele>3.1</ele>
        <time>2025-11-21T01:04:59Z</time>
      </trkpt>
      <trkpt lat="39.15144597651088" lon="117.76897013134976">
        <ele>3.1</ele>
        <time>2025-11-21T01:05:00Z</time>
      </trkpt>
      <trkpt lat="39.15142508174656" lon="117.76896060887663">
        <ele>3.1</ele>
        <time>2025-11-21T01:05:01Z</time>
      </trkpt>
      <trkpt lat="39.15140450392214" lon="117.7689510950798">
        <ele>3.1</ele>
        <time>2025-11-21T01:05:02Z</time>
      </trkpt>
      <trkpt lat="39.151384145798026" lon="117.76894152362416">
        <ele>3.1</ele>
        <time>2025-11-21T01:05:03Z</time>
      </trkpt>
      <trkpt lat="39.15136085675034" lon="117.76893027312165">
        <ele>3.1</ele>
        <time>2025-11-21T01:05:04Z</time>
      </trkpt>
      <trkpt lat="39.151340042733246" lon="117.76892051013601">
        <ele>3.1</ele>
        <time>2025-11-21T01:05:05Z</time>
      </trkpt>
      <trkpt lat="39.151318997549645" lon="117.76891026808251">
        <ele>3.1</ele>
        <time>2025-11-21T01:05:06Z</time>
      </trkpt>
      <trkpt lat="39.151298929107625" lon="117.76890007353033">
        <ele>3.3</ele>
        <time>2025-11-21T01:05:07Z</time>
      </trkpt>
      <trkpt lat="39.151278640140795" lon="117.76888907572192">
        <ele>3.3</ele>
        <time>2025-11-21T01:05:08Z</time>
      </trkpt>
      <trkpt lat="39.15125780334652" lon="117.7688780554651">
        <ele>3.3</ele>
        <time>2025-11-21T01:05:09Z</time>
      </trkpt>
      <trkpt lat="39.151238519843666" lon="117.76886848920745">
        <ele>3.3</ele>
        <time>2025-11-21T01:05:10Z</time>
      </trkpt>
      <trkpt lat="39.15121917615719" lon="117.76885973552265">
        <ele>3.3</ele>
        <time>2025-11-21T01:05:11Z</time>
      </trkpt>
      <trkpt lat="39.15119822116621" lon="117.76885092997327">
        <ele>3.3</ele>
        <time>2025-11-21T01:05:12Z</time>
      </trkpt>
      <trkpt lat="39.15117748447178" lon="117.76884227837107">
        <ele>3.3</ele>
        <time>2025-11-21T01:05:13Z</time>
      </trkpt>
      <trkpt lat="39.151157078643145" lon="117.76883335798225">
        <ele>3.3</ele>
        <time>2025-11-21T01:05:14Z</time>
      </trkpt>
      <trkpt lat="39.151136828078585" lon="117.76882441058447">
        <ele>3.3</ele>
        <time>2025-11-21T01:05:15Z</time>
      </trkpt>
      <trkpt lat="39.151116622916696" lon="117.76881595736245">
        <ele>3.3</ele>
        <time>2025-11-21T01:05:16Z</time>
      </trkpt>
      <trkpt lat="39.151096062575924" lon="117.76880795888917">
        <ele>3.3</ele>
        <time>2025-11-21T01:05:17Z</time>
      </trkpt>
      <trkpt lat="39.15107527027569" lon="117.76880010358441">
        <ele>3.3</ele>
        <time>2025-11-21T01:05:18Z</time>
      </trkpt>
      <trkpt lat="39.15105425247245" lon="117.76879200237225">
        <ele>3.3</ele>
        <time>2025-11-21T01:05:19Z</time>
      </trkpt>
      <trkpt lat="39.15103299909057" lon="117.76878362163389">
        <ele>3.3</ele>
        <time>2025-11-21T01:05:20Z</time>
      </trkpt>
      <trkpt lat="39.1510117482939" lon="117.76877534288849">
        <ele>3.3</ele>
        <time>2025-11-21T01:05:21Z</time>
      </trkpt>
      <trkpt lat="39.1509902711029" lon="117.76876715799033">
        <ele>3.3</ele>
        <time>2025-11-21T01:05:22Z</time>
      </trkpt>
      <trkpt lat="39.15096830832047" lon="117.76875902624184">
        <ele>3.3</ele>
        <time>2025-11-21T01:05:23Z</time>
      </trkpt>
      <trkpt lat="39.150948233812585" lon="117.7687511861133">
        <ele>3.3</ele>
        <time>2025-11-21T01:05:24Z</time>
      </trkpt>
      <trkpt lat="39.15092856251118" lon="117.768742207815">
        <ele>3.3</ele>
        <time>2025-11-21T01:05:25Z</time>
      </trkpt>
      <trkpt lat="39.15091021217416" lon="117.76873332733099">
        <ele>3.3</ele>
        <time>2025-11-21T01:05:26Z</time>
      </trkpt>
      <trkpt lat="39.15088977543465" lon="117.76872378952692">
        <ele>3.3</ele>
        <time>2025-11-21T01:05:27Z</time>
      </trkpt>
      <trkpt lat="39.15086965433332" lon="117.76871539050434">
        <ele>3.3</ele>
        <time>2025-11-21T01:05:28Z</time>
      </trkpt>
      <trkpt lat="39.15084922715345" lon="117.76870698969465">
        <ele>3.3</ele>
        <time>2025-11-21T01:05:29Z</time>
      </trkpt>
      <trkpt lat="39.150828844985966" lon="117.76869874657828">
        <ele>3.3</ele>
        <time>2025-11-21T01:05:30Z</time>
      </trkpt>
      <trkpt lat="39.150808440394265" lon="117.76869047910634">
        <ele>3.3</ele>
        <time>2025-11-21T01:05:31Z</time>
      </trkpt>
      <trkpt lat="39.150788034357696" lon="117.76868224381965">
        <ele>3.3</ele>
        <time>2025-11-21T01:05:32Z</time>
      </trkpt>
      <trkpt lat="39.150767588269986" lon="117.7686740551248">
        <ele>3.3</ele>
        <time>2025-11-21T01:05:33Z</time>
      </trkpt>
      <trkpt lat="39.15074710252509" lon="117.76866594921002">
        <ele>3.3</ele>
        <time>2025-11-21T01:05:34Z</time>
      </trkpt>
      <trkpt lat="39.15072347045536" lon="117.76865690870625">
        <ele>3.3</ele>
        <time>2025-11-21T01:05:35Z</time>
      </trkpt>
      <trkpt lat="39.15070218326744" lon="117.768648830859">
        <ele>3.3</ele>
        <time>2025-11-21T01:05:36Z</time>
      </trkpt>
      <trkpt lat="39.15068059482081" lon="117.76864087128753">
        <ele>3.3</ele>
        <time>2025-11-21T01:05:37Z</time>
      </trkpt>
      <trkpt lat="39.150659268416234" lon="117.76863323715169">
        <ele>3.3</ele>
        <time>2025-11-21T01:05:38Z</time>
      </trkpt>
      <trkpt lat="39.15063780673196" lon="117.76862576221002">
        <ele>3.3</ele>
        <time>2025-11-21T01:05:39Z</time>
      </trkpt>
      <trkpt lat="39.1506162338694" lon="117.76861839863086">
        <ele>3.3</ele>
        <time>2025-11-21T01:05:40Z</time>
      </trkpt>
      <trkpt lat="39.15059776880426" lon="117.76861218556184">
        <ele>3.3</ele>
        <time>2025-11-21T01:05:41Z</time>
      </trkpt>
      <trkpt lat="39.15057987650431" lon="117.76860626180063">
        <ele>3.3</ele>
        <time>2025-11-21T01:05:42Z</time>
      </trkpt>
      <trkpt lat="39.15055969258698" lon="117.76859968649414">
        <ele>3.3</ele>
        <time>2025-11-21T01:05:43Z</time>
      </trkpt>
      <trkpt lat="39.15053907456548" lon="117.76859305531516">
        <ele>3.3</ele>
        <time>2025-11-21T01:05:44Z</time>
      </trkpt>
      <trkpt lat="39.150517978991175" lon="117.76858633153104">
        <ele>3.3</ele>
        <time>2025-11-21T01:05:45Z</time>
      </trkpt>
      <trkpt lat="39.1504967412929" lon="117.76857960833337">
        <ele>3.3</ele>
        <time>2025-11-21T01:05:46Z</time>
      </trkpt>
      <trkpt lat="39.15047539952573" lon="117.76857285029334">
        <ele>3.3</ele>
        <time>2025-11-21T01:05:47Z</time>
      </trkpt>
      <trkpt lat="39.15045401775158" lon="117.7685660454604">
        <ele>3.3</ele>
        <time>2025-11-21T01:05:48Z</time>
      </trkpt>
      <trkpt lat="39.15043244881413" lon="117.76855915336222">
        <ele>3.3</ele>
        <time>2025-11-21T01:05:49Z</time>
      </trkpt>
      <trkpt lat="39.150410861253754" lon="117.76855223520158">
        <ele>3.3</ele>
        <time>2025-11-21T01:05:50Z</time>
      </trkpt>
      <trkpt lat="39.15038927403414" lon="117.76854534632216">
        <ele>3.3</ele>
        <time>2025-11-21T01:05:51Z</time>
      </trkpt>
      <trkpt lat="39.15036790571732" lon="117.76853861811705">
        <ele>3.3</ele>
        <time>2025-11-21T01:05:52Z</time>
      </trkpt>
      <trkpt lat="39.15034665308282" lon="117.76853207679821">
        <ele>3.3</ele>
        <time>2025-11-21T01:05:53Z</time>
      </trkpt>
      <trkpt lat="39.150325546500156" lon="117.76852579108768">
        <ele>3.3</ele>
        <time>2025-11-21T01:05:54Z</time>
      </trkpt>
      <trkpt lat="39.15030458901334" lon="117.76851980223557">
        <ele>3.3</ele>
        <time>2025-11-21T01:05:55Z</time>
      </trkpt>
      <trkpt lat="39.15028048508512" lon="117.76851306809893">
        <ele>3.3</ele>
        <time>2025-11-21T01:05:56Z</time>
      </trkpt>
      <trkpt lat="39.15025576212541" lon="117.76850633607225">
        <ele>3.3</ele>
        <time>2025-11-21T01:05:57Z</time>
      </trkpt>
      <trkpt lat="39.15023330244984" lon="117.76850043202103">
        <ele>3.3</ele>
        <time>2025-11-21T01:05:58Z</time>
      </trkpt>
      <trkpt lat="39.150211092699244" lon="117.76849465266835">
        <ele>3.3</ele>
        <time>2025-11-21T01:05:59Z</time>
      </trkpt>
      <trkpt lat="39.150189354144736" lon="117.76848897090204">
        <ele>3.3</ele>
        <time>2025-11-21T01:06:00Z</time>
      </trkpt>
      <trkpt lat="39.15016773752862" lon="117.76848319233291">
        <ele>3.3</ele>
        <time>2025-11-21T01:06:01Z</time>
      </trkpt>
      <trkpt lat="39.15014656231715" lon="117.76847820404083">
        <ele>3.3</ele>
        <time>2025-11-21T01:06:02Z</time>
      </trkpt>
      <trkpt lat="39.15012488151536" lon="117.76847338427247">
        <ele>3.3</ele>
        <time>2025-11-21T01:06:03Z</time>
      </trkpt>
      <trkpt lat="39.150102566087526" lon="117.76846883810718">
        <ele>3.3</ele>
        <time>2025-11-21T01:06:04Z</time>
      </trkpt>
      <trkpt lat="39.15007996384063" lon="117.76846329759913">
        <ele>3.3</ele>
        <time>2025-11-21T01:06:05Z</time>
      </trkpt>
      <trkpt lat="39.15005731785345" lon="117.76845725299081">
        <ele>3.3</ele>
        <time>2025-11-21T01:06:06Z</time>
      </trkpt>
      <trkpt lat="39.15003478390835" lon="117.76845085492928">
        <ele>3.3</ele>
        <time>2025-11-21T01:06:07Z</time>
      </trkpt>
      <trkpt lat="39.15001243019299" lon="117.76844466528752">
        <ele>3.3</ele>
        <time>2025-11-21T01:06:08Z</time>
      </trkpt>
      <trkpt lat="39.14999044864128" lon="117.76843844869619">
        <ele>3.3</ele>
        <time>2025-11-21T01:06:09Z</time>
      </trkpt>
      <trkpt lat="39.14996895850483" lon="117.76843186097108">
        <ele>3.3</ele>
        <time>2025-11-21T01:06:10Z</time>
      </trkpt>
      <trkpt lat="39.149947958595114" lon="117.76842494860568">
        <ele>3.3</ele>
        <time>2025-11-21T01:06:11Z</time>
      </trkpt>
      <trkpt lat="39.14992756080872" lon="117.76841824968443">
        <ele>3.3</ele>
        <time>2025-11-21T01:06:12Z</time>
      </trkpt>
      <trkpt lat="39.14990504404301" lon="117.76841092831253">
        <ele>3.3</ele>
        <time>2025-11-21T01:06:13Z</time>
      </trkpt>
      <trkpt lat="39.14988478283367" lon="117.76840436586278">
        <ele>3.3</ele>
        <time>2025-11-21T01:06:14Z</time>
      </trkpt>
      <trkpt lat="39.149861687331686" lon="117.7683969361525">
        <ele>3.3</ele>
        <time>2025-11-21T01:06:15Z</time>
      </trkpt>
      <trkpt lat="39.149840637780684" lon="117.76839056993437">
        <ele>3.3</ele>
        <time>2025-11-21T01:06:16Z</time>
      </trkpt>
      <trkpt lat="39.14981890237457" lon="117.76838444959645">
        <ele>3.3</ele>
        <time>2025-11-21T01:06:17Z</time>
      </trkpt>
      <trkpt lat="39.14979719076859" lon="117.76837838746029">
        <ele>3.3</ele>
        <time>2025-11-21T01:06:18Z</time>
      </trkpt>
      <trkpt lat="39.14977504741992" lon="117.76837160836207">
        <ele>3.3</ele>
        <time>2025-11-21T01:06:19Z</time>
      </trkpt>
      <trkpt lat="39.14975229206143" lon="117.76836374776519">
        <ele>3.3</ele>
        <time>2025-11-21T01:06:20Z</time>
      </trkpt>
      <trkpt lat="39.149733066171656" lon="117.76835689631808">
        <ele>3.3</ele>
        <time>2025-11-21T01:06:21Z</time>
      </trkpt>
      <trkpt lat="39.14971405671017" lon="117.76835023337703">
        <ele>3.3</ele>
        <time>2025-11-21T01:06:22Z</time>
      </trkpt>
      <trkpt lat="39.149696391885016" lon="117.76834451013953">
        <ele>3.3</ele>
        <time>2025-11-21T01:06:23Z</time>
      </trkpt>
      <trkpt lat="39.149675535618634" lon="117.76833871683202">
        <ele>3.3</ele>
        <time>2025-11-21T01:06:24Z</time>
      </trkpt>
      <trkpt lat="39.14965502644719" lon="117.7683337205203">
        <ele>3.3</ele>
        <time>2025-11-21T01:06:25Z</time>
      </trkpt>
      <trkpt lat="39.1496334925348" lon="117.76832956953604">
        <ele>3.3</ele>
        <time>2025-11-21T01:06:26Z</time>
      </trkpt>
      <trkpt lat="39.14961611277456" lon="117.7683257340009">
        <ele>3.3</ele>
        <time>2025-11-21T01:06:27Z</time>
      </trkpt>
      <trkpt lat="39.149595972528324" lon="117.7683225870407">
        <ele>3.3</ele>
        <time>2025-11-21T01:06:28Z</time>
      </trkpt>
      <trkpt lat="39.149576560355825" lon="117.76831958841896">
        <ele>3.3</ele>
        <time>2025-11-21T01:06:29Z</time>
      </trkpt>
      <trkpt lat="39.149551807583194" lon="117.76831589869104">
        <ele>3.3</ele>
        <time>2025-11-21T01:06:30Z</time>
      </trkpt>
      <trkpt lat="39.14953205896149" lon="117.76831272825217">
        <ele>3.3</ele>
        <time>2025-11-21T01:06:31Z</time>
      </trkpt>
      <trkpt lat="39.14951324442457" lon="117.76830974114061">
        <ele>3.4</ele>
        <time>2025-11-21T01:06:32Z</time>
      </trkpt>
      <trkpt lat="39.149496872096776" lon="117.76830761819238">
        <ele>3.4</ele>
        <time>2025-11-21T01:06:33Z</time>
      </trkpt>
      <trkpt lat="39.14947756370927" lon="117.76830472006509">
        <ele>3.4</ele>
        <time>2025-11-21T01:06:34Z</time>
      </trkpt>
      <trkpt lat="39.14945689511198" lon="117.76830202655141">
        <ele>3.4</ele>
        <time>2025-11-21T01:06:35Z</time>
      </trkpt>
      <trkpt lat="39.14943700633144" lon="117.76830023189761">
        <ele>3.4</ele>
        <time>2025-11-21T01:06:36Z</time>
      </trkpt>
      <trkpt lat="39.14941430629139" lon="117.76830126448984">
        <ele>3.4</ele>
        <time>2025-11-21T01:06:37Z</time>
      </trkpt>
      <trkpt lat="39.149393562403446" lon="117.76830264784105">
        <ele>3.4</ele>
        <time>2025-11-21T01:06:38Z</time>
      </trkpt>
      <trkpt lat="39.1493739642818" lon="117.7683049307088">
        <ele>3.4</ele>
        <time>2025-11-21T01:06:39Z</time>
      </trkpt>
      <trkpt lat="39.14935700194433" lon="117.76830605580206">
        <ele>3.4</ele>
        <time>2025-11-21T01:06:40Z</time>
      </trkpt>
      <trkpt lat="39.14933507499054" lon="117.76830732810811">
        <ele>3.4</ele>
        <time>2025-11-21T01:06:41Z</time>
      </trkpt>
      <trkpt lat="39.14931274784556" lon="117.7683087608187">
        <ele>3.6</ele>
        <time>2025-11-21T01:06:42Z</time>
      </trkpt>
      <trkpt lat="39.14929185511629" lon="117.76831047255429">
        <ele>3.6</ele>
        <time>2025-11-21T01:06:43Z</time>
      </trkpt>
      <trkpt lat="39.14927384222324" lon="117.7683129511948">
        <ele>3.6</ele>
        <time>2025-11-21T01:06:44Z</time>
      </trkpt>
      <trkpt lat="39.14925503718045" lon="117.76831613554371">
        <ele>3.6</ele>
        <time>2025-11-21T01:06:45Z</time>
      </trkpt>
      <trkpt lat="39.149235280152105" lon="117.76832065064696">
        <ele>3.6</ele>
        <time>2025-11-21T01:06:46Z</time>
      </trkpt>
      <trkpt lat="39.14921625720901" lon="117.76832663913216">
        <ele>3.6</ele>
        <time>2025-11-21T01:06:47Z</time>
      </trkpt>
      <trkpt lat="39.149195268161534" lon="117.76833382332025">
        <ele>3.6</ele>
        <time>2025-11-21T01:06:48Z</time>
      </trkpt>
      <trkpt lat="39.14917455790845" lon="117.76834059470642">
        <ele>3.6</ele>
        <time>2025-11-21T01:06:49Z</time>
      </trkpt>
      <trkpt lat="39.149153682662686" lon="117.76834733360978">
        <ele>3.6</ele>
        <time>2025-11-21T01:06:50Z</time>
      </trkpt>
      <trkpt lat="39.149132953542654" lon="117.76835498737539">
        <ele>3.6</ele>
        <time>2025-11-21T01:06:51Z</time>
      </trkpt>
      <trkpt lat="39.149112357278604" lon="117.7683637140277">
        <ele>3.6</ele>
        <time>2025-11-21T01:06:52Z</time>
      </trkpt>
      <trkpt lat="39.14909156919689" lon="117.76837335950952">
        <ele>3.6</ele>
        <time>2025-11-21T01:06:53Z</time>
      </trkpt>
      <trkpt lat="39.14907047582901" lon="117.76838356918532">
        <ele>3.6</ele>
        <time>2025-11-21T01:06:54Z</time>
      </trkpt>
      <trkpt lat="39.14904888502804" lon="117.76839358485866">
        <ele>3.6</ele>
        <time>2025-11-21T01:06:55Z</time>
      </trkpt>
      <trkpt lat="39.14902703520592" lon="117.76840258342817">
        <ele>3.6</ele>
        <time>2025-11-21T01:06:56Z</time>
      </trkpt>
      <trkpt lat="39.149005120066015" lon="117.76840764426086">
        <ele>3.6</ele>
        <time>2025-11-21T01:06:57Z</time>
      </trkpt>
      <trkpt lat="39.14898384895907" lon="117.76840908230591">
        <ele>3.6</ele>
        <time>2025-11-21T01:06:58Z</time>
      </trkpt>
      <trkpt lat="39.14896066487952" lon="117.76840582994743">
        <ele>3.6</ele>
        <time>2025-11-21T01:06:59Z</time>
      </trkpt>
      <trkpt lat="39.14893986527015" lon="117.76840028277299">
        <ele>3.6</ele>
        <time>2025-11-21T01:07:00Z</time>
      </trkpt>
      <trkpt lat="39.148918915146524" lon="117.76839365080745">
        <ele>3.6</ele>
        <time>2025-11-21T01:07:01Z</time>
      </trkpt>
      <trkpt lat="39.148898294706285" lon="117.76838789284767">
        <ele>3.4</ele>
        <time>2025-11-21T01:07:02Z</time>
      </trkpt>
      <trkpt lat="39.14887750955103" lon="117.76838346822838">
        <ele>3.4</ele>
        <time>2025-11-21T01:07:03Z</time>
      </trkpt>
      <trkpt lat="39.14885682281075" lon="117.76838130141034">
        <ele>3.4</ele>
        <time>2025-11-21T01:07:04Z</time>
      </trkpt>
      <trkpt lat="39.14883666314508" lon="117.76838356562781">
        <ele>3.4</ele>
        <time>2025-11-21T01:07:05Z</time>
      </trkpt>
      <trkpt lat="39.14881747771534" lon="117.76838936379548">
        <ele>3.4</ele>
        <time>2025-11-21T01:07:06Z</time>
      </trkpt>
      <trkpt lat="39.14879917785861" lon="117.76839884594145">
        <ele>3.4</ele>
        <time>2025-11-21T01:07:07Z</time>
      </trkpt>
      <trkpt lat="39.148782369559726" lon="117.768412210709">
        <ele>3.4</ele>
        <time>2025-11-21T01:07:08Z</time>
      </trkpt>
      <trkpt lat="39.1487665144483" lon="117.76842802695498">
        <ele>3.4</ele>
        <time>2025-11-21T01:07:09Z</time>
      </trkpt>
      <trkpt lat="39.1487516869379" lon="117.76844564349827">
        <ele>3.4</ele>
        <time>2025-11-21T01:07:10Z</time>
      </trkpt>
      <trkpt lat="39.14873803075353" lon="117.76846462952099">
        <ele>3.4</ele>
        <time>2025-11-21T01:07:11Z</time>
      </trkpt>
      <trkpt lat="39.148725279352604" lon="117.76848455782493">
        <ele>3.4</ele>
        <time>2025-11-21T01:07:12Z</time>
      </trkpt>
      <trkpt lat="39.148713801365616" lon="117.76850533537694">
        <ele>3.4</ele>
        <time>2025-11-21T01:07:13Z</time>
      </trkpt>
      <trkpt lat="39.148703583489" lon="117.76852731519342">
        <ele>3.4</ele>
        <time>2025-11-21T01:07:14Z</time>
      </trkpt>
      <trkpt lat="39.14869363659364" lon="117.7685495827024">
        <ele>3.4</ele>
        <time>2025-11-21T01:07:15Z</time>
      </trkpt>
      <trkpt lat="39.148681300500265" lon="117.76857381752752">
        <ele>3.4</ele>
        <time>2025-11-21T01:07:16Z</time>
      </trkpt>
      <trkpt lat="39.148668495382566" lon="117.76859440144504">
        <ele>3.4</ele>
        <time>2025-11-21T01:07:17Z</time>
      </trkpt>
      <trkpt lat="39.148654096327576" lon="117.76861312351862">
        <ele>3.4</ele>
        <time>2025-11-21T01:07:18Z</time>
      </trkpt>
      <trkpt lat="39.14863761961156" lon="117.76862876132991">
        <ele>3.4</ele>
        <time>2025-11-21T01:07:19Z</time>
      </trkpt>
      <trkpt lat="39.14862009934604" lon="117.76864266505191">
        <ele>3.4</ele>
        <time>2025-11-21T01:07:20Z</time>
      </trkpt>
      <trkpt lat="39.14860209878288" lon="117.76865540448314">
        <ele>3.4</ele>
        <time>2025-11-21T01:07:21Z</time>
      </trkpt>
      <trkpt lat="39.14858360595974" lon="117.7686676040458">
        <ele>3.4</ele>
        <time>2025-11-21T01:07:22Z</time>
      </trkpt>
      <trkpt lat="39.148564884663216" lon="117.7686794441499">
        <ele>3.4</ele>
        <time>2025-11-21T01:07:23Z</time>
      </trkpt>
      <trkpt lat="39.14854596609989" lon="117.76869108841011">
        <ele>3.4</ele>
        <time>2025-11-21T01:07:24Z</time>
      </trkpt>
      <trkpt lat="39.14852704512296" lon="117.76870249151595">
        <ele>3.4</ele>
        <time>2025-11-21T01:07:25Z</time>
      </trkpt>
      <trkpt lat="39.14850798639414" lon="117.76871374592055">
        <ele>3.4</ele>
        <time>2025-11-21T01:07:26Z</time>
      </trkpt>
      <trkpt lat="39.1484886459056" lon="117.7687249389234">
        <ele>3.4</ele>
        <time>2025-11-21T01:07:27Z</time>
      </trkpt>
      <trkpt lat="39.1484690287617" lon="117.76873609820665">
        <ele>3.4</ele>
        <time>2025-11-21T01:07:28Z</time>
      </trkpt>
      <trkpt lat="39.148449315540596" lon="117.76874713323238">
        <ele>3.4</ele>
        <time>2025-11-21T01:07:29Z</time>
      </trkpt>
      <trkpt lat="39.14842654229499" lon="117.76876000626098">
        <ele>3.4</ele>
        <time>2025-11-21T01:07:30Z</time>
      </trkpt>
      <trkpt lat="39.14840599173" lon="117.76877142835046">
        <ele>3.4</ele>
        <time>2025-11-21T01:07:31Z</time>
      </trkpt>
      <trkpt lat="39.1483852574611" lon="117.76878299349957">
        <ele>3.6</ele>
        <time>2025-11-21T01:07:32Z</time>
      </trkpt>
      <trkpt lat="39.148364944711695" lon="117.76879436666147">
        <ele>3.6</ele>
        <time>2025-11-21T01:07:33Z</time>
      </trkpt>
      <trkpt lat="39.14834472150453" lon="117.76880576359781">
        <ele>3.6</ele>
        <time>2025-11-21T01:07:34Z</time>
      </trkpt>
      <trkpt lat="39.14832466858957" lon="117.76881712687721">
        <ele>3.6</ele>
        <time>2025-11-21T01:07:35Z</time>
      </trkpt>
      <trkpt lat="39.148304758071376" lon="117.76882849091048">
        <ele>3.6</ele>
        <time>2025-11-21T01:07:36Z</time>
      </trkpt>
      <trkpt lat="39.1482849995212" lon="117.76883983453546">
        <ele>3.8</ele>
        <time>2025-11-21T01:07:37Z</time>
      </trkpt>
      <trkpt lat="39.148262348327826" lon="117.76885317358271">
        <ele>3.8</ele>
        <time>2025-11-21T01:07:38Z</time>
      </trkpt>
      <trkpt lat="39.14824216994621" lon="117.76886505965238">
        <ele>3.8</ele>
        <time>2025-11-21T01:07:39Z</time>
      </trkpt>
      <trkpt lat="39.14822189489496" lon="117.76887718706354">
        <ele>3.8</ele>
        <time>2025-11-21T01:07:40Z</time>
      </trkpt>
      <trkpt lat="39.14820225965353" lon="117.76888903433762">
        <ele>3.8</ele>
        <time>2025-11-21T01:07:41Z</time>
      </trkpt>
      <trkpt lat="39.148182731810564" lon="117.76890081734891">
        <ele>4.1</ele>
        <time>2025-11-21T01:07:42Z</time>
      </trkpt>
      <trkpt lat="39.14816337639169" lon="117.76891238999052">
        <ele>4.1</ele>
        <time>2025-11-21T01:07:43Z</time>
      </trkpt>
      <trkpt lat="39.14814398098274" lon="117.7689239081101">
        <ele>4.1</ele>
        <time>2025-11-21T01:07:44Z</time>
      </trkpt>
      <trkpt lat="39.14812467066116" lon="117.76893527990127">
        <ele>4.1</ele>
        <time>2025-11-21T01:07:45Z</time>
      </trkpt>
      <trkpt lat="39.148102576334374" lon="117.76894848560013">
        <ele>4.1</ele>
        <time>2025-11-21T01:07:46Z</time>
      </trkpt>
      <trkpt lat="39.14808290339839" lon="117.76896001972649">
        <ele>4.2</ele>
        <time>2025-11-21T01:07:47Z</time>
      </trkpt>
      <trkpt lat="39.14806312911825" lon="117.76897158183466">
        <ele>4.2</ele>
        <time>2025-11-21T01:07:48Z</time>
      </trkpt>
      <trkpt lat="39.14804365754428" lon="117.76898291338765">
        <ele>4.2</ele>
        <time>2025-11-21T01:07:49Z</time>
      </trkpt>
      <trkpt lat="39.14802422600728" lon="117.76899414071066">
        <ele>4.2</ele>
        <time>2025-11-21T01:07:50Z</time>
      </trkpt>
      <trkpt lat="39.14800488487508" lon="117.76900524145759">
        <ele>4.2</ele>
        <time>2025-11-21T01:07:51Z</time>
      </trkpt>
      <trkpt lat="39.14798580183708" lon="117.7690161727373">
        <ele>4.5</ele>
        <time>2025-11-21T01:07:52Z</time>
      </trkpt>
      <trkpt lat="39.14796686937413" lon="117.76902701809007">
        <ele>4.5</ele>
        <time>2025-11-21T01:07:53Z</time>
      </trkpt>
      <trkpt lat="39.14794809086575" lon="117.76903780607857">
        <ele>4.5</ele>
        <time>2025-11-21T01:07:54Z</time>
      </trkpt>
      <trkpt lat="39.1479292890515" lon="117.76904873060413">
        <ele>4.5</ele>
        <time>2025-11-21T01:07:55Z</time>
      </trkpt>
      <trkpt lat="39.14791054354332" lon="117.76905969292456">
        <ele>4.5</ele>
        <time>2025-11-21T01:07:56Z</time>
      </trkpt>
      <trkpt lat="39.14789183423626" lon="117.76907072311973">
        <ele>4.9</ele>
        <time>2025-11-21T01:07:57Z</time>
      </trkpt>
      <trkpt lat="39.14787320746655" lon="117.7690818595161">
        <ele>4.9</ele>
        <time>2025-11-21T01:07:58Z</time>
      </trkpt>
      <trkpt lat="39.14785467514587" lon="117.76909305833264">
        <ele>4.9</ele>
        <time>2025-11-21T01:07:59Z</time>
      </trkpt>
      <trkpt lat="39.14783337769672" lon="117.76910654471874">
        <ele>4.9</ele>
        <time>2025-11-21T01:08:00Z</time>
      </trkpt>
      <trkpt lat="39.147814513520345" lon="117.76911837812769">
        <ele>4.9</ele>
        <time>2025-11-21T01:08:01Z</time>
      </trkpt>
      <trkpt lat="39.147792887897886" lon="117.76913261457877">
        <ele>5.2</ele>
        <time>2025-11-21T01:08:02Z</time>
      </trkpt>
      <trkpt lat="39.14777406152886" lon="117.76914497707297">
        <ele>5.2</ele>
        <time>2025-11-21T01:08:03Z</time>
      </trkpt>
      <trkpt lat="39.147755190250045" lon="117.76915767791397">
        <ele>5.2</ele>
        <time>2025-11-21T01:08:04Z</time>
      </trkpt>
      <trkpt lat="39.14773681842704" lon="117.76917033225705">
        <ele>5.2</ele>
        <time>2025-11-21T01:08:05Z</time>
      </trkpt>
      <trkpt lat="39.14771842726565" lon="117.76918319402381">
        <ele>5.2</ele>
        <time>2025-11-21T01:08:06Z</time>
      </trkpt>
      <trkpt lat="39.14770004366512" lon="117.76919621584163">
        <ele>5.6</ele>
        <time>2025-11-21T01:08:07Z</time>
      </trkpt>
      <trkpt lat="39.14768165784682" lon="117.76920953581904">
        <ele>5.6</ele>
        <time>2025-11-21T01:08:08Z</time>
      </trkpt>
      <trkpt lat="39.147663296719614" lon="117.7692231551706">
        <ele>5.6</ele>
        <time>2025-11-21T01:08:09Z</time>
      </trkpt>
      <trkpt lat="39.147644969684464" lon="117.76923713330159">
        <ele>5.6</ele>
        <time>2025-11-21T01:08:10Z</time>
      </trkpt>
      <trkpt lat="39.147626711547076" lon="117.76925153690026">
        <ele>5.6</ele>
        <time>2025-11-21T01:08:11Z</time>
      </trkpt>
      <trkpt lat="39.14760847883033" lon="117.76926631112828">
        <ele>5.8</ele>
        <time>2025-11-21T01:08:12Z</time>
      </trkpt>
      <trkpt lat="39.147590252216126" lon="117.76928144501123">
        <ele>5.8</ele>
        <time>2025-11-21T01:08:13Z</time>
      </trkpt>
      <trkpt lat="39.14757204758745" lon="117.76929699934365">
        <ele>5.8</ele>
        <time>2025-11-21T01:08:14Z</time>
      </trkpt>
      <trkpt lat="39.147553831483336" lon="117.76931294675423">
        <ele>5.8</ele>
        <time>2025-11-21T01:08:15Z</time>
      </trkpt>
      <trkpt lat="39.1475356143132" lon="117.76932936094924">
        <ele>5.8</ele>
        <time>2025-11-21T01:08:16Z</time>
      </trkpt>
      <trkpt lat="39.14752000194652" lon="117.76934386415286">
        <ele>6.1</ele>
        <time>2025-11-21T01:08:17Z</time>
      </trkpt>
      <trkpt lat="39.14750500983832" lon="117.76935833539869">
        <ele>6.1</ele>
        <time>2025-11-21T01:08:18Z</time>
      </trkpt>
      <trkpt lat="39.147488325485206" lon="117.7693751070038">
        <ele>6.1</ele>
        <time>2025-11-21T01:08:19Z</time>
      </trkpt>
      <trkpt lat="39.14747163185917" lon="117.76939248334939">
        <ele>6.1</ele>
        <time>2025-11-21T01:08:20Z</time>
      </trkpt>
      <trkpt lat="39.14745466559542" lon="117.76941077094708">
        <ele>6.1</ele>
        <time>2025-11-21T01:08:21Z</time>
      </trkpt>
      <trkpt lat="39.14743786546729" lon="117.76942964507808">
        <ele>6.3</ele>
        <time>2025-11-21T01:08:22Z</time>
      </trkpt>
      <trkpt lat="39.14742123334411" lon="117.769449070587">
        <ele>6.3</ele>
        <time>2025-11-21T01:08:23Z</time>
      </trkpt>
      <trkpt lat="39.1474049550304" lon="117.76946883495769">
        <ele>6.3</ele>
        <time>2025-11-21T01:08:24Z</time>
      </trkpt>
      <trkpt lat="39.14738880171993" lon="117.76948918915589">
        <ele>6.3</ele>
        <time>2025-11-21T01:08:25Z</time>
      </trkpt>
      <trkpt lat="39.1473728168528" lon="117.76950987138278">
        <ele>6.3</ele>
        <time>2025-11-21T01:08:26Z</time>
      </trkpt>
      <trkpt lat="39.1473569398056" lon="117.76953082582847">
        <ele>6.3</ele>
        <time>2025-11-21T01:08:27Z</time>
      </trkpt>
      <trkpt lat="39.14734118800133" lon="117.76955201614578">
        <ele>6.3</ele>
        <time>2025-11-21T01:08:28Z</time>
      </trkpt>
      <trkpt lat="39.14732552637385" lon="117.76957335594672">
        <ele>6.3</ele>
        <time>2025-11-21T01:08:29Z</time>
      </trkpt>
      <trkpt lat="39.14730998792834" lon="117.76959480475458">
        <ele>6.3</ele>
        <time>2025-11-21T01:08:30Z</time>
      </trkpt>
      <trkpt lat="39.14729476360166" lon="117.76961619508646">
        <ele>6.3</ele>
        <time>2025-11-21T01:08:31Z</time>
      </trkpt>
      <trkpt lat="39.1472798965644" lon="117.76963739039788">
        <ele>6.5</ele>
        <time>2025-11-21T01:08:32Z</time>
      </trkpt>
      <trkpt lat="39.1472628829728" lon="117.76966121334512">
        <ele>6.5</ele>
        <time>2025-11-21T01:08:33Z</time>
      </trkpt>
      <trkpt lat="39.14724792958625" lon="117.76968274973348">
        <ele>6.5</ele>
        <time>2025-11-21T01:08:34Z</time>
      </trkpt>
      <trkpt lat="39.14723283329901" lon="117.76970450516257">
        <ele>6.5</ele>
        <time>2025-11-21T01:08:35Z</time>
      </trkpt>
      <trkpt lat="39.147218162937435" lon="117.76972587971292">
        <ele>6.5</ele>
        <time>2025-11-21T01:08:36Z</time>
      </trkpt>
      <trkpt lat="39.14720358081002" lon="117.76974718570571">
        <ele>6.5</ele>
        <time>2025-11-21T01:08:37Z</time>
      </trkpt>
      <trkpt lat="39.147186756535504" lon="117.76977114071306">
        <ele>6.5</ele>
        <time>2025-11-21T01:08:38Z</time>
      </trkpt>
      <trkpt lat="39.14717179081568" lon="117.76979277042098">
        <ele>6.5</ele>
        <time>2025-11-21T01:08:39Z</time>
      </trkpt>
      <trkpt lat="39.147156674946885" lon="117.7698144356141">
        <ele>6.5</ele>
        <time>2025-11-21T01:08:40Z</time>
      </trkpt>
      <trkpt lat="39.147141852025726" lon="117.76983561861772">
        <ele>6.5</ele>
        <time>2025-11-21T01:08:41Z</time>
      </trkpt>
      <trkpt lat="39.1471270260791" lon="117.76985667862319">
        <ele>6.5</ele>
        <time>2025-11-21T01:08:42Z</time>
      </trkpt>
      <trkpt lat="39.147112214686295" lon="117.76987758131135">
        <ele>6.5</ele>
        <time>2025-11-21T01:08:43Z</time>
      </trkpt>
      <trkpt lat="39.14709737828081" lon="117.76989841573511">
        <ele>6.5</ele>
        <time>2025-11-21T01:08:44Z</time>
      </trkpt>
      <trkpt lat="39.147082507539984" lon="117.76991918798943">
        <ele>6.5</ele>
        <time>2025-11-21T01:08:45Z</time>
      </trkpt>
      <trkpt lat="39.14706761446769" lon="117.76993992155819">
        <ele>6.5</ele>
        <time>2025-11-21T01:08:46Z</time>
      </trkpt>
      <trkpt lat="39.14705272005994" lon="117.76996062035312">
        <ele>6.5</ele>
        <time>2025-11-21T01:08:47Z</time>
      </trkpt>
      <trkpt lat="39.14703782927395" lon="117.76998124875645">
        <ele>6.5</ele>
        <time>2025-11-21T01:08:48Z</time>
      </trkpt>
      <trkpt lat="39.1470204881562" lon="117.77000478804665">
        <ele>6.5</ele>
        <time>2025-11-21T01:08:49Z</time>
      </trkpt>
      <trkpt lat="39.147004907678365" lon="117.77002600189454">
        <ele>6.5</ele>
        <time>2025-11-21T01:08:50Z</time>
      </trkpt>
      <trkpt lat="39.14698922668721" lon="117.77004708694682">
        <ele>6.5</ele>
        <time>2025-11-21T01:08:51Z</time>
      </trkpt>
      <trkpt lat="39.14697459796126" lon="117.77006828108523">
        <ele>6.5</ele>
        <time>2025-11-21T01:08:52Z</time>
      </trkpt>
      <trkpt lat="39.14696013916438" lon="117.77009043761484">
        <ele>6.5</ele>
        <time>2025-11-21T01:08:53Z</time>
      </trkpt>
      <trkpt lat="39.146945836679606" lon="117.77011378035144">
        <ele>6.5</ele>
        <time>2025-11-21T01:08:54Z</time>
      </trkpt>
      <trkpt lat="39.146931630637326" lon="117.77013659479124">
        <ele>6.5</ele>
        <time>2025-11-21T01:08:55Z</time>
      </trkpt>
      <trkpt lat="39.146917527568036" lon="117.77015873983802">
        <ele>6.5</ele>
        <time>2025-11-21T01:08:56Z</time>
      </trkpt>
      <trkpt lat="39.14690341977787" lon="117.77018008543926">
        <ele>6.7</ele>
        <time>2025-11-21T01:08:57Z</time>
      </trkpt>
      <trkpt lat="39.14688907874627" lon="117.77020113384434">
        <ele>6.7</ele>
        <time>2025-11-21T01:08:58Z</time>
      </trkpt>
      <trkpt lat="39.14687502080677" lon="117.77022220949105">
        <ele>6.7</ele>
        <time>2025-11-21T01:08:59Z</time>
      </trkpt>
      <trkpt lat="39.14686111586244" lon="117.77024305019413">
        <ele>6.7</ele>
        <time>2025-11-21T01:09:00Z</time>
      </trkpt>
      <trkpt lat="39.14684704511799" lon="117.77026445055493">
        <ele>6.7</ele>
        <time>2025-11-21T01:09:01Z</time>
      </trkpt>
      <trkpt lat="39.14683268912625" lon="117.77028557938053">
        <ele>6.7</ele>
        <time>2025-11-21T01:09:02Z</time>
      </trkpt>
      <trkpt lat="39.14681820959076" lon="117.77030688059352">
        <ele>6.7</ele>
        <time>2025-11-21T01:09:03Z</time>
      </trkpt>
      <trkpt lat="39.14680585623114" lon="117.77032505799258">
        <ele>6.7</ele>
        <time>2025-11-21T01:09:04Z</time>
      </trkpt>
      <trkpt lat="39.14679386647015" lon="117.77034267492486">
        <ele>6.7</ele>
        <time>2025-11-21T01:09:05Z</time>
      </trkpt>
      <trkpt lat="39.14678020124255" lon="117.7703625465095">
        <ele>6.7</ele>
        <time>2025-11-21T01:09:06Z</time>
      </trkpt>
      <trkpt lat="39.14676625184513" lon="117.7703826791596">
        <ele>6.9</ele>
        <time>2025-11-21T01:09:07Z</time>
      </trkpt>
      <trkpt lat="39.14675191042915" lon="117.77040328681804">
        <ele>6.9</ele>
        <time>2025-11-21T01:09:08Z</time>
      </trkpt>
      <trkpt lat="39.14673757054416" lon="117.77042386379935">
        <ele>6.9</ele>
        <time>2025-11-21T01:09:09Z</time>
      </trkpt>
      <trkpt lat="39.146723178659244" lon="117.7704445224239">
        <ele>6.9</ele>
        <time>2025-11-21T01:09:10Z</time>
      </trkpt>
      <trkpt lat="39.1467087965852" lon="117.77046518133743">
        <ele>6.9</ele>
        <time>2025-11-21T01:09:11Z</time>
      </trkpt>
      <trkpt lat="39.14669428205335" lon="117.77048600710219">
        <ele>6.9</ele>
        <time>2025-11-21T01:09:12Z</time>
      </trkpt>
      <trkpt lat="39.146679840431176" lon="117.77050667776741">
        <ele>6.9</ele>
        <time>2025-11-21T01:09:13Z</time>
      </trkpt>
      <trkpt lat="39.14666547487058" lon="117.77052717200178">
        <ele>6.9</ele>
        <time>2025-11-21T01:09:14Z</time>
      </trkpt>
      <trkpt lat="39.14665112284622" lon="117.77054758563929">
        <ele>6.9</ele>
        <time>2025-11-21T01:09:15Z</time>
      </trkpt>
      <trkpt lat="39.146636671802376" lon="117.77056807908681">
        <ele>6.9</ele>
        <time>2025-11-21T01:09:16Z</time>
      </trkpt>
      <trkpt lat="39.14662209346013" lon="117.77058863513727">
        <ele>6.9</ele>
        <time>2025-11-21T01:09:17Z</time>
      </trkpt>
      <trkpt lat="39.14660738841005" lon="117.77060923105962">
        <ele>6.9</ele>
        <time>2025-11-21T01:09:18Z</time>
      </trkpt>
      <trkpt lat="39.14659268026384" lon="117.77062968314918">
        <ele>6.9</ele>
        <time>2025-11-21T01:09:19Z</time>
      </trkpt>
      <trkpt lat="39.14657571182264" lon="117.77065321292265">
        <ele>6.9</ele>
        <time>2025-11-21T01:09:20Z</time>
      </trkpt>
      <trkpt lat="39.146560512365284" lon="117.77067408290203">
        <ele>6.9</ele>
        <time>2025-11-21T01:09:21Z</time>
      </trkpt>
      <trkpt lat="39.14654515662871" lon="117.77069505354869">
        <ele>6.9</ele>
        <time>2025-11-21T01:09:22Z</time>
      </trkpt>
      <trkpt lat="39.14653020126515" lon="117.77071538394246">
        <ele>6.9</ele>
        <time>2025-11-21T01:09:23Z</time>
      </trkpt>
      <trkpt lat="39.14651528380604" lon="117.7707356635825">
        <ele>6.9</ele>
        <time>2025-11-21T01:09:24Z</time>
      </trkpt>
      <trkpt lat="39.14650044397471" lon="117.77075587432934">
        <ele>6.9</ele>
        <time>2025-11-21T01:09:25Z</time>
      </trkpt>
      <trkpt lat="39.146485614078806" lon="117.77077613669964">
        <ele>6.9</ele>
        <time>2025-11-21T01:09:26Z</time>
      </trkpt>
      <trkpt lat="39.146470771315485" lon="117.77079647983301">
        <ele>6.9</ele>
        <time>2025-11-21T01:09:27Z</time>
      </trkpt>
      <trkpt lat="39.14645588724353" lon="117.77081693697873">
        <ele>6.9</ele>
        <time>2025-11-21T01:09:28Z</time>
      </trkpt>
      <trkpt lat="39.146440960181806" lon="117.7708375200919">
        <ele>6.9</ele>
        <time>2025-11-21T01:09:29Z</time>
      </trkpt>
      <trkpt lat="39.1464260123039" lon="117.77085822742582">
        <ele>6.9</ele>
        <time>2025-11-21T01:09:30Z</time>
      </trkpt>
      <trkpt lat="39.14641106649463" lon="117.77087903506087">
        <ele>6.9</ele>
        <time>2025-11-21T01:09:31Z</time>
      </trkpt>
      <trkpt lat="39.146396144749716" lon="117.7708999199335">
        <ele>6.9</ele>
        <time>2025-11-21T01:09:32Z</time>
      </trkpt>
      <trkpt lat="39.146379582931274" lon="117.77092257553272">
        <ele>6.9</ele>
        <time>2025-11-21T01:09:33Z</time>
      </trkpt>
      <trkpt lat="39.146364795553495" lon="117.77094751403558">
        <ele>6.9</ele>
        <time>2025-11-21T01:09:34Z</time>
      </trkpt>
      <trkpt lat="39.146350704060055" lon="117.77096903220452">
        <ele>6.9</ele>
        <time>2025-11-21T01:09:35Z</time>
      </trkpt>
      <trkpt lat="39.14633871597502" lon="117.77098877295809">
        <ele>6.9</ele>
        <time>2025-11-21T01:09:36Z</time>
      </trkpt>
      <trkpt lat="39.14632300629031" lon="117.77100875282791">
        <ele>6.9</ele>
        <time>2025-11-21T01:09:37Z</time>
      </trkpt>
      <trkpt lat="39.146308403404994" lon="117.77102977000816">
        <ele>6.9</ele>
        <time>2025-11-21T01:09:38Z</time>
      </trkpt>
      <trkpt lat="39.14629330564196" lon="117.77105099727481">
        <ele>6.9</ele>
        <time>2025-11-21T01:09:39Z</time>
      </trkpt>
      <trkpt lat="39.1462783621384" lon="117.77107242869177">
        <ele>6.9</ele>
        <time>2025-11-21T01:09:40Z</time>
      </trkpt>
      <trkpt lat="39.14626337154166" lon="117.77109387843181">
        <ele>6.9</ele>
        <time>2025-11-21T01:09:41Z</time>
      </trkpt>
      <trkpt lat="39.146248379584804" lon="117.77111529621605">
        <ele>6.9</ele>
        <time>2025-11-21T01:09:42Z</time>
      </trkpt>
      <trkpt lat="39.14623344910492" lon="117.77113644184705">
        <ele>6.9</ele>
        <time>2025-11-21T01:09:43Z</time>
      </trkpt>
      <trkpt lat="39.14621861728397" lon="117.77115725850122">
        <ele>6.9</ele>
        <time>2025-11-21T01:09:44Z</time>
      </trkpt>
      <trkpt lat="39.14620394876379" lon="117.77117772404644">
        <ele>6.9</ele>
        <time>2025-11-21T01:09:45Z</time>
      </trkpt>
      <trkpt lat="39.1461893979302" lon="117.77119804646206">
        <ele>6.9</ele>
        <time>2025-11-21T01:09:46Z</time>
      </trkpt>
      <trkpt lat="39.14617497743749" lon="117.7712182831626">
        <ele>6.9</ele>
        <time>2025-11-21T01:09:47Z</time>
      </trkpt>
      <trkpt lat="39.146160579200064" lon="117.77123863362112">
        <ele>6.9</ele>
        <time>2025-11-21T01:09:48Z</time>
      </trkpt>
      <trkpt lat="39.14614618811127" lon="117.77125910605645">
        <ele>6.9</ele>
        <time>2025-11-21T01:09:49Z</time>
      </trkpt>
      <trkpt lat="39.14613178656457" lon="117.77127970215315">
        <ele>6.9</ele>
        <time>2025-11-21T01:09:50Z</time>
      </trkpt>
      <trkpt lat="39.14611530488987" lon="117.77130331968488">
        <ele>6.9</ele>
        <time>2025-11-21T01:09:51Z</time>
      </trkpt>
      <trkpt lat="39.14610057885374" lon="117.771324527272">
        <ele>6.9</ele>
        <time>2025-11-21T01:09:52Z</time>
      </trkpt>
      <trkpt lat="39.14608577257753" lon="117.77134589941043">
        <ele>6.9</ele>
        <time>2025-11-21T01:09:53Z</time>
      </trkpt>
      <trkpt lat="39.14607139834575" lon="117.77136669919494">
        <ele>6.9</ele>
        <time>2025-11-21T01:09:54Z</time>
      </trkpt>
      <trkpt lat="39.14605717291885" lon="117.77138729514105">
        <ele>6.9</ele>
        <time>2025-11-21T01:09:55Z</time>
      </trkpt>
      <trkpt lat="39.146043002368465" lon="117.77140778399094">
        <ele>6.9</ele>
        <time>2025-11-21T01:09:56Z</time>
      </trkpt>
      <trkpt lat="39.14602867101926" lon="117.77142842426711">
        <ele>6.7</ele>
        <time>2025-11-21T01:09:57Z</time>
      </trkpt>
      <trkpt lat="39.14601413584753" lon="117.77144928039064">
        <ele>6.7</ele>
        <time>2025-11-21T01:09:58Z</time>
      </trkpt>
      <trkpt lat="39.14599947906303" lon="117.77147024170718">
        <ele>6.7</ele>
        <time>2025-11-21T01:09:59Z</time>
      </trkpt>
      <trkpt lat="39.14598473213617" lon="117.7714912903484">
        <ele>6.7</ele>
        <time>2025-11-21T01:10:00Z</time>
      </trkpt>
      <trkpt lat="39.14596988786715" lon="117.77151237282878">
        <ele>6.7</ele>
        <time>2025-11-21T01:10:01Z</time>
      </trkpt>
      <trkpt lat="39.14595493277414" lon="117.77153345464978">
        <ele>6.7</ele>
        <time>2025-11-21T01:10:02Z</time>
      </trkpt>
      <trkpt lat="39.14593984379719" lon="117.77155453188762">
        <ele>6.7</ele>
        <time>2025-11-21T01:10:03Z</time>
      </trkpt>
      <trkpt lat="39.145924611284784" lon="117.77157564545328">
        <ele>6.7</ele>
        <time>2025-11-21T01:10:04Z</time>
      </trkpt>
      <trkpt lat="39.14590923276018" lon="117.77159685838888">
        <ele>6.7</ele>
        <time>2025-11-21T01:10:05Z</time>
      </trkpt>
      <trkpt lat="39.14589599402488" lon="117.77161499497778">
        <ele>6.7</ele>
        <time>2025-11-21T01:10:06Z</time>
      </trkpt>
      <trkpt lat="39.145883152326" lon="117.77163256929778">
        <ele>6.5</ele>
        <time>2025-11-21T01:10:07Z</time>
      </trkpt>
      <trkpt lat="39.14586873728877" lon="117.77165241931559">
        <ele>6.5</ele>
        <time>2025-11-21T01:10:08Z</time>
      </trkpt>
      <trkpt lat="39.14585416869877" lon="117.77167255551926">
        <ele>6.5</ele>
        <time>2025-11-21T01:10:09Z</time>
      </trkpt>
      <trkpt lat="39.145839330622096" lon="117.77169319133868">
        <ele>6.5</ele>
        <time>2025-11-21T01:10:10Z</time>
      </trkpt>
      <trkpt lat="39.145824459961446" lon="117.77171399969745">
        <ele>6.5</ele>
        <time>2025-11-21T01:10:11Z</time>
      </trkpt>
      <trkpt lat="39.14580945716545" lon="117.77173513126267">
        <ele>6.5</ele>
        <time>2025-11-21T01:10:12Z</time>
      </trkpt>
      <trkpt lat="39.14579447409255" lon="117.7717563627726">
        <ele>6.5</ele>
        <time>2025-11-21T01:10:13Z</time>
      </trkpt>
      <trkpt lat="39.145779525658874" lon="117.77177767285306">
        <ele>6.5</ele>
        <time>2025-11-21T01:10:14Z</time>
      </trkpt>
      <trkpt lat="39.145764654179224" lon="117.77179900895239">
        <ele>6.5</ele>
        <time>2025-11-21T01:10:15Z</time>
      </trkpt>
      <trkpt lat="39.14574983638492" lon="117.77182033549418">
        <ele>6.5</ele>
        <time>2025-11-21T01:10:16Z</time>
      </trkpt>
      <trkpt lat="39.145735059827416" lon="117.77184158858188">
        <ele>6.5</ele>
        <time>2025-11-21T01:10:17Z</time>
      </trkpt>
      <trkpt lat="39.14571914782923" lon="117.77186368635431">
        <ele>6.5</ele>
        <time>2025-11-21T01:10:18Z</time>
      </trkpt>
      <trkpt lat="39.14570180368241" lon="117.771887333055">
        <ele>6.5</ele>
        <time>2025-11-21T01:10:19Z</time>
      </trkpt>
      <trkpt lat="39.14568714778694" lon="117.77191321138541">
        <ele>6.5</ele>
        <time>2025-11-21T01:10:20Z</time>
      </trkpt>
      <trkpt lat="39.14567514367074" lon="117.7719381996384">
        <ele>6.5</ele>
        <time>2025-11-21T01:10:21Z</time>
      </trkpt>
      <trkpt lat="39.1456630426897" lon="117.77195842838051">
        <ele>6.3</ele>
        <time>2025-11-21T01:10:22Z</time>
      </trkpt>
      <trkpt lat="39.145649022846655" lon="117.77197380987586">
        <ele>6.3</ele>
        <time>2025-11-21T01:10:23Z</time>
      </trkpt>
      <trkpt lat="39.1456325358703" lon="117.77198905097912">
        <ele>6.3</ele>
        <time>2025-11-21T01:10:24Z</time>
      </trkpt>
      <trkpt lat="39.14561528830601" lon="117.77200987613583">
        <ele>6.3</ele>
        <time>2025-11-21T01:10:25Z</time>
      </trkpt>
      <trkpt lat="39.145597978158115" lon="117.77203142716272">
        <ele>6.3</ele>
        <time>2025-11-21T01:10:26Z</time>
      </trkpt>
      <trkpt lat="39.14558026501862" lon="117.77205395567957">
        <ele>6.1</ele>
        <time>2025-11-21T01:10:27Z</time>
      </trkpt>
      <trkpt lat="39.14556279310962" lon="117.77207881025436">
        <ele>6.1</ele>
        <time>2025-11-21T01:10:28Z</time>
      </trkpt>
      <trkpt lat="39.1455467702886" lon="117.77210562819556">
        <ele>6.1</ele>
        <time>2025-11-21T01:10:29Z</time>
      </trkpt>
      <trkpt lat="39.14553328215128" lon="117.77213221518531">
        <ele>6.1</ele>
        <time>2025-11-21T01:10:30Z</time>
      </trkpt>
      <trkpt lat="39.1455202423072" lon="117.7721502282522">
        <ele>6.1</ele>
        <time>2025-11-21T01:10:31Z</time>
      </trkpt>
      <trkpt lat="39.14550593795966" lon="117.77216551879715">
        <ele>6.1</ele>
        <time>2025-11-21T01:10:32Z</time>
      </trkpt>
      <trkpt lat="39.145490106156856" lon="117.7721802600327">
        <ele>6.1</ele>
        <time>2025-11-21T01:10:33Z</time>
      </trkpt>
      <trkpt lat="39.14547667201594" lon="117.7721999906927">
        <ele>6.1</ele>
        <time>2025-11-21T01:10:34Z</time>
      </trkpt>
      <trkpt lat="39.14546548471508" lon="117.77222393174081">
        <ele>6.1</ele>
        <time>2025-11-21T01:10:35Z</time>
      </trkpt>
      <trkpt lat="39.14545758383736" lon="117.77224974365448">
        <ele>6.1</ele>
        <time>2025-11-21T01:10:36Z</time>
      </trkpt>
      <trkpt lat="39.1454525765954" lon="117.77228026885767">
        <ele>5.9</ele>
        <time>2025-11-21T01:10:37Z</time>
      </trkpt>
      <trkpt lat="39.14545005759116" lon="117.77230954921701">
        <ele>5.9</ele>
        <time>2025-11-21T01:10:38Z</time>
      </trkpt>
      <trkpt lat="39.14544857957104" lon="117.7723397631648">
        <ele>5.9</ele>
        <time>2025-11-21T01:10:39Z</time>
      </trkpt>
      <trkpt lat="39.14544714477446" lon="117.77236968349686">
        <ele>5.9</ele>
        <time>2025-11-21T01:10:40Z</time>
      </trkpt>
      <trkpt lat="39.14544583154146" lon="117.77240012365264">
        <ele>5.9</ele>
        <time>2025-11-21T01:10:41Z</time>
      </trkpt>
      <trkpt lat="39.14544435400976" lon="117.77243151197113">
        <ele>5.6</ele>
        <time>2025-11-21T01:10:42Z</time>
      </trkpt>
      <trkpt lat="39.14543986175718" lon="117.7724625860165">
        <ele>5.6</ele>
        <time>2025-11-21T01:10:43Z</time>
      </trkpt>
      <trkpt lat="39.145432677317004" lon="117.7724917367741">
        <ele>5.6</ele>
        <time>2025-11-21T01:10:44Z</time>
      </trkpt>
      <trkpt lat="39.145424424623116" lon="117.7725172895812">
        <ele>5.6</ele>
        <time>2025-11-21T01:10:45Z</time>
      </trkpt>
      <trkpt lat="39.14542190101293" lon="117.7725408385276">
        <ele>5.6</ele>
        <time>2025-11-21T01:10:46Z</time>
      </trkpt>
      <trkpt lat="39.14542222583221" lon="117.77256547650339">
        <ele>5.4</ele>
        <time>2025-11-21T01:10:47Z</time>
      </trkpt>
      <trkpt lat="39.145424506443504" lon="117.7725957923417">
        <ele>5.4</ele>
        <time>2025-11-21T01:10:48Z</time>
      </trkpt>
      <trkpt lat="39.145424487698655" lon="117.77262575840183">
        <ele>5.4</ele>
        <time>2025-11-21T01:10:49Z</time>
      </trkpt>
      <trkpt lat="39.14542482011861" lon="117.77265616931301">
        <ele>5.4</ele>
        <time>2025-11-21T01:10:50Z</time>
      </trkpt>
      <trkpt lat="39.145426458401516" lon="117.77268654092974">
        <ele>5.4</ele>
        <time>2025-11-21T01:10:51Z</time>
      </trkpt>
      <trkpt lat="39.14543108143402" lon="117.77271496869074">
        <ele>5.4</ele>
        <time>2025-11-21T01:10:52Z</time>
      </trkpt>
      <trkpt lat="39.1454387819962" lon="117.772740853265">
        <ele>5.4</ele>
        <time>2025-11-21T01:10:53Z</time>
      </trkpt>
      <trkpt lat="39.14545102856341" lon="117.77276319056539">
        <ele>5.4</ele>
        <time>2025-11-21T01:10:54Z</time>
      </trkpt>
      <trkpt lat="39.1454648398795" lon="117.77278428132394">
        <ele>5.4</ele>
        <time>2025-11-21T01:10:55Z</time>
      </trkpt>
      <trkpt lat="39.14548245208288" lon="117.77280721969741">
        <ele>5.4</ele>
        <time>2025-11-21T01:10:56Z</time>
      </trkpt>
      <trkpt lat="39.14549864046532" lon="117.77282740819267">
        <ele>5.2</ele>
        <time>2025-11-21T01:10:57Z</time>
      </trkpt>
      <trkpt lat="39.14551537301884" lon="117.77284742956529">
        <ele>5.2</ele>
        <time>2025-11-21T01:10:58Z</time>
      </trkpt>
      <trkpt lat="39.14553212677753" lon="117.77286704524684">
        <ele>5.2</ele>
        <time>2025-11-21T01:10:59Z</time>
      </trkpt>
      <trkpt lat="39.145549075027375" lon="117.77288656896312">
        <ele>5.2</ele>
        <time>2025-11-21T01:11:00Z</time>
      </trkpt>
      <trkpt lat="39.14556611400013" lon="117.77290602457009">
        <ele>5.2</ele>
        <time>2025-11-21T01:11:01Z</time>
      </trkpt>
      <trkpt lat="39.14558323901133" lon="117.77292548271745">
        <ele>5.2</ele>
        <time>2025-11-21T01:11:02Z</time>
      </trkpt>
      <trkpt lat="39.14560041177925" lon="117.77294495436638">
        <ele>5.2</ele>
        <time>2025-11-21T01:11:03Z</time>
      </trkpt>
      <trkpt lat="39.145617507862966" lon="117.77296425462703">
        <ele>5.2</ele>
        <time>2025-11-21T01:11:04Z</time>
      </trkpt>
      <trkpt lat="39.145634641186696" lon="117.77298344931388">
        <ele>5.2</ele>
        <time>2025-11-21T01:11:05Z</time>
      </trkpt>
      <trkpt lat="39.14565167682788" lon="117.77300235423796">
        <ele>5.2</ele>
        <time>2025-11-21T01:11:06Z</time>
      </trkpt>
      <trkpt lat="39.1456689018453" lon="117.77302125650189">
        <ele>5.2</ele>
        <time>2025-11-21T01:11:07Z</time>
      </trkpt>
      <trkpt lat="39.145683691706225" lon="117.77303714864878">
        <ele>5.2</ele>
        <time>2025-11-21T01:11:08Z</time>
      </trkpt>
      <trkpt lat="39.14569819469954" lon="117.77305245523482">
        <ele>5.2</ele>
        <time>2025-11-21T01:11:09Z</time>
      </trkpt>
      <trkpt lat="39.14571465009535" lon="117.77306975542548">
        <ele>5.2</ele>
        <time>2025-11-21T01:11:10Z</time>
      </trkpt>
      <trkpt lat="39.145731186632176" lon="117.77308715155269">
        <ele>5.2</ele>
        <time>2025-11-21T01:11:11Z</time>
      </trkpt>
      <trkpt lat="39.14574803915523" lon="117.77310501621737">
        <ele>5.2</ele>
        <time>2025-11-21T01:11:12Z</time>
      </trkpt>
      <trkpt lat="39.14576504933451" lon="117.77312323481198">
        <ele>5.2</ele>
        <time>2025-11-21T01:11:13Z</time>
      </trkpt>
      <trkpt lat="39.14578226400962" lon="117.77314183646601">
        <ele>5.2</ele>
        <time>2025-11-21T01:11:14Z</time>
      </trkpt>
      <trkpt lat="39.145799509944126" lon="117.77316064159601">
        <ele>5.2</ele>
        <time>2025-11-21T01:11:15Z</time>
      </trkpt>
      <trkpt lat="39.14581633279689" lon="117.77317916418212">
        <ele>5.2</ele>
        <time>2025-11-21T01:11:16Z</time>
      </trkpt>
      <trkpt lat="39.14583315337578" lon="117.77319788719112">
        <ele>5.2</ele>
        <time>2025-11-21T01:11:17Z</time>
      </trkpt>
      <trkpt lat="39.145849851673326" lon="117.77321663610606">
        <ele>5.2</ele>
        <time>2025-11-21T01:11:18Z</time>
      </trkpt>
      <trkpt lat="39.14586677015748" lon="117.77323573994906">
        <ele>5.2</ele>
        <time>2025-11-21T01:11:19Z</time>
      </trkpt>
      <trkpt lat="39.145883535261255" lon="117.77325474380565">
        <ele>5.2</ele>
        <time>2025-11-21T01:11:20Z</time>
      </trkpt>
      <trkpt lat="39.145902698283145" lon="117.77327646842224">
        <ele>5.2</ele>
        <time>2025-11-21T01:11:21Z</time>
      </trkpt>
      <trkpt lat="39.145919771571045" lon="117.77329589648261">
        <ele>5.2</ele>
        <time>2025-11-21T01:11:22Z</time>
      </trkpt>
      <trkpt lat="39.14593696198003" lon="117.7733154609419">
        <ele>5.2</ele>
        <time>2025-11-21T01:11:23Z</time>
      </trkpt>
      <trkpt lat="39.14595137718439" lon="117.77333191301283">
        <ele>5.2</ele>
        <time>2025-11-21T01:11:24Z</time>
      </trkpt>
      <trkpt lat="39.14596620641913" lon="117.77334907373147">
        <ele>5.2</ele>
        <time>2025-11-21T01:11:25Z</time>
      </trkpt>
      <trkpt lat="39.145983786297016" lon="117.77336831832841">
        <ele>5.2</ele>
        <time>2025-11-21T01:11:26Z</time>
      </trkpt>
      <trkpt lat="39.146001477311316" lon="117.77338684710959">
        <ele>5.2</ele>
        <time>2025-11-21T01:11:27Z</time>
      </trkpt>
      <trkpt lat="39.14602115175237" lon="117.77340745790083">
        <ele>5.2</ele>
        <time>2025-11-21T01:11:28Z</time>
      </trkpt>
      <trkpt lat="39.146038591821096" lon="117.7734273747481">
        <ele>5.2</ele>
        <time>2025-11-21T01:11:29Z</time>
      </trkpt>
      <trkpt lat="39.146057185999275" lon="117.77344944251408">
        <ele>5.2</ele>
        <time>2025-11-21T01:11:30Z</time>
      </trkpt>
      <trkpt lat="39.14607408972075" lon="117.7734697155924">
        <ele>5.2</ele>
        <time>2025-11-21T01:11:31Z</time>
      </trkpt>
      <trkpt lat="39.14609304122437" lon="117.77349088394297">
        <ele>5.2</ele>
        <time>2025-11-21T01:11:32Z</time>
      </trkpt>
      <trkpt lat="39.146111762267886" lon="117.77351205880788">
        <ele>5.2</ele>
        <time>2025-11-21T01:11:33Z</time>
      </trkpt>
      <trkpt lat="39.146130294958304" lon="117.77353333185808">
        <ele>5.2</ele>
        <time>2025-11-21T01:11:34Z</time>
      </trkpt>
      <trkpt lat="39.14614836226399" lon="117.773555075393">
        <ele>5.2</ele>
        <time>2025-11-21T01:11:35Z</time>
      </trkpt>
      <trkpt lat="39.146166369175354" lon="117.77357641433177">
        <ele>5.2</ele>
        <time>2025-11-21T01:11:36Z</time>
      </trkpt>
      <trkpt lat="39.14618413801302" lon="117.77359699410906">
        <ele>5.2</ele>
        <time>2025-11-21T01:11:37Z</time>
      </trkpt>
      <trkpt lat="39.14620180863909" lon="117.77361677938973">
        <ele>5.2</ele>
        <time>2025-11-21T01:11:38Z</time>
      </trkpt>
      <trkpt lat="39.146219175981074" lon="117.77363612144688">
        <ele>5.2</ele>
        <time>2025-11-21T01:11:39Z</time>
      </trkpt>
      <trkpt lat="39.14623837370882" lon="117.77365733004444">
        <ele>5.2</ele>
        <time>2025-11-21T01:11:40Z</time>
      </trkpt>
      <trkpt lat="39.14625615888104" lon="117.77367714893877">
        <ele>5.2</ele>
        <time>2025-11-21T01:11:41Z</time>
      </trkpt>
      <trkpt lat="39.146274106340705" lon="117.7736976210833">
        <ele>5.2</ele>
        <time>2025-11-21T01:11:42Z</time>
      </trkpt>
      <trkpt lat="39.14629202577034" lon="117.77371829306301">
        <ele>5.2</ele>
        <time>2025-11-21T01:11:43Z</time>
      </trkpt>
      <trkpt lat="39.14630969639244" lon="117.7737387969362">
        <ele>5.2</ele>
        <time>2025-11-21T01:11:44Z</time>
      </trkpt>
      <trkpt lat="39.14632707926688" lon="117.77375876534117">
        <ele>5.2</ele>
        <time>2025-11-21T01:11:45Z</time>
      </trkpt>
      <trkpt lat="39.14634381598053" lon="117.77377842563388">
        <ele>5.2</ele>
        <time>2025-11-21T01:11:46Z</time>
      </trkpt>
      <trkpt lat="39.14636012926086" lon="117.77379731710953">
        <ele>5</ele>
        <time>2025-11-21T01:11:47Z</time>
      </trkpt>
      <trkpt lat="39.1463781954519" lon="117.77381789725827">
        <ele>5</ele>
        <time>2025-11-21T01:11:48Z</time>
      </trkpt>
      <trkpt lat="39.14639458574738" lon="117.77383599063795">
        <ele>5</ele>
        <time>2025-11-21T01:11:49Z</time>
      </trkpt>
      <trkpt lat="39.14641081721662" lon="117.77385416911183">
        <ele>5</ele>
        <time>2025-11-21T01:11:50Z</time>
      </trkpt>
      <trkpt lat="39.1464267127234" lon="117.77387193412443">
        <ele>5</ele>
        <time>2025-11-21T01:11:51Z</time>
      </trkpt>
      <trkpt lat="39.14644322533986" lon="117.7738899420195">
        <ele>5</ele>
        <time>2025-11-21T01:11:52Z</time>
      </trkpt>
      <trkpt lat="39.14645972753745" lon="117.77390821618748">
        <ele>5</ele>
        <time>2025-11-21T01:11:53Z</time>
      </trkpt>
      <trkpt lat="39.14647624265109" lon="117.77392668869413">
        <ele>5</ele>
        <time>2025-11-21T01:11:54Z</time>
      </trkpt>
      <trkpt lat="39.14649202434739" lon="117.7739451683744">
        <ele>5</ele>
        <time>2025-11-21T01:11:55Z</time>
      </trkpt>
      <trkpt lat="39.14651000061793" lon="117.77396571551319">
        <ele>5</ele>
        <time>2025-11-21T01:11:56Z</time>
      </trkpt>
      <trkpt lat="39.146526810735736" lon="117.7739850824375">
        <ele>5</ele>
        <time>2025-11-21T01:11:57Z</time>
      </trkpt>
      <trkpt lat="39.14654491912686" lon="117.77400579666052">
        <ele>5</ele>
        <time>2025-11-21T01:11:58Z</time>
      </trkpt>
      <trkpt lat="39.14656181696529" lon="117.77402541323704">
        <ele>5</ele>
        <time>2025-11-21T01:11:59Z</time>
      </trkpt>
      <trkpt lat="39.14657831257857" lon="117.77404410641724">
        <ele>5</ele>
        <time>2025-11-21T01:12:00Z</time>
      </trkpt>
      <trkpt lat="39.14659441614493" lon="117.7740619749801">
        <ele>5</ele>
        <time>2025-11-21T01:12:01Z</time>
      </trkpt>
      <trkpt lat="39.1466116356154" lon="117.77408137309833">
        <ele>5</ele>
        <time>2025-11-21T01:12:02Z</time>
      </trkpt>
      <trkpt lat="39.14663002037809" lon="117.77410124772099">
        <ele>5</ele>
        <time>2025-11-21T01:12:03Z</time>
      </trkpt>
      <trkpt lat="39.146648788450534" lon="117.77412064666608">
        <ele>5</ele>
        <time>2025-11-21T01:12:04Z</time>
      </trkpt>
      <trkpt lat="39.14666810362875" lon="117.77413885629014">
        <ele>5</ele>
        <time>2025-11-21T01:12:05Z</time>
      </trkpt>
      <trkpt lat="39.14668692522869" lon="117.7741566830704">
        <ele>5</ele>
        <time>2025-11-21T01:12:06Z</time>
      </trkpt>
      <trkpt lat="39.14670528246087" lon="117.7741745077274">
        <ele>5.2</ele>
        <time>2025-11-21T01:12:07Z</time>
      </trkpt>
      <trkpt lat="39.146723014257084" lon="117.77419242041593">
        <ele>5.2</ele>
        <time>2025-11-21T01:12:08Z</time>
      </trkpt>
      <trkpt lat="39.14674031741794" lon="117.77421088682884">
        <ele>5.2</ele>
        <time>2025-11-21T01:12:09Z</time>
      </trkpt>
      <trkpt lat="39.14675745740519" lon="117.77422971632029">
        <ele>5.2</ele>
        <time>2025-11-21T01:12:10Z</time>
      </trkpt>
      <trkpt lat="39.14677291020517" lon="117.77424719636963">
        <ele>5.2</ele>
        <time>2025-11-21T01:12:11Z</time>
      </trkpt>
      <trkpt lat="39.14678802355303" lon="117.77426414708657">
        <ele>5.2</ele>
        <time>2025-11-21T01:12:12Z</time>
      </trkpt>
      <trkpt lat="39.14680444192564" lon="117.77428231042016">
        <ele>5.2</ele>
        <time>2025-11-21T01:12:13Z</time>
      </trkpt>
      <trkpt lat="39.1468205796724" lon="117.77430057532553">
        <ele>5.2</ele>
        <time>2025-11-21T01:12:14Z</time>
      </trkpt>
      <trkpt lat="39.146836615915284" lon="117.77431980811004">
        <ele>5.2</ele>
        <time>2025-11-21T01:12:15Z</time>
      </trkpt>
      <trkpt lat="39.146853496213865" lon="117.77433950054915">
        <ele>5.2</ele>
        <time>2025-11-21T01:12:16Z</time>
      </trkpt>
      <trkpt lat="39.14687158124892" lon="117.77435926366583">
        <ele>5.2</ele>
        <time>2025-11-21T01:12:17Z</time>
      </trkpt>
      <trkpt lat="39.14689054350584" lon="117.77437693220658">
        <ele>5.2</ele>
        <time>2025-11-21T01:12:18Z</time>
      </trkpt>
      <trkpt lat="39.14690548727053" lon="117.77439306449212">
        <ele>5.2</ele>
        <time>2025-11-21T01:12:19Z</time>
      </trkpt>
      <trkpt lat="39.146919255233584" lon="117.77441037337076">
        <ele>5.2</ele>
        <time>2025-11-21T01:12:20Z</time>
      </trkpt>
      <trkpt lat="39.146932881858795" lon="117.77442973406899">
        <ele>5.2</ele>
        <time>2025-11-21T01:12:21Z</time>
      </trkpt>
      <trkpt lat="39.1469502697625" lon="117.77445134872076">
        <ele>5.2</ele>
        <time>2025-11-21T01:12:22Z</time>
      </trkpt>
      <trkpt lat="39.146968160093685" lon="117.77447167185535">
        <ele>5.2</ele>
        <time>2025-11-21T01:12:23Z</time>
      </trkpt>
      <trkpt lat="39.14698699635993" lon="117.77449421228987">
        <ele>5.2</ele>
        <time>2025-11-21T01:12:24Z</time>
      </trkpt>
      <trkpt lat="39.14700388245587" lon="117.77451400067295">
        <ele>5.2</ele>
        <time>2025-11-21T01:12:25Z</time>
      </trkpt>
      <trkpt lat="39.14702088313642" lon="117.7745334300641">
        <ele>5.2</ele>
        <time>2025-11-21T01:12:26Z</time>
      </trkpt>
      <trkpt lat="39.14703702683119" lon="117.77454840911462">
        <ele>5.5</ele>
        <time>2025-11-21T01:12:27Z</time>
      </trkpt>
      <trkpt lat="39.14705518421341" lon="117.77456355026905">
        <ele>5.5</ele>
        <time>2025-11-21T01:12:28Z</time>
      </trkpt>
      <trkpt lat="39.14707364290364" lon="117.77457731513785">
        <ele>5.5</ele>
        <time>2025-11-21T01:12:29Z</time>
      </trkpt>
      <trkpt lat="39.147092798096" lon="117.77459098474962">
        <ele>5.5</ele>
        <time>2025-11-21T01:12:30Z</time>
      </trkpt>
      <trkpt lat="39.14711300003306" lon="117.7746037064688">
        <ele>5.5</ele>
        <time>2025-11-21T01:12:31Z</time>
      </trkpt>
      <trkpt lat="39.14713405778767" lon="117.77461617187377">
        <ele>5.5</ele>
        <time>2025-11-21T01:12:32Z</time>
      </trkpt>
      <trkpt lat="39.1471549540753" lon="117.77462871264358">
        <ele>5.5</ele>
        <time>2025-11-21T01:12:33Z</time>
      </trkpt>
      <trkpt lat="39.14717532103742" lon="117.77464241703414">
        <ele>5.5</ele>
        <time>2025-11-21T01:12:34Z</time>
      </trkpt>
      <trkpt lat="39.147194669730105" lon="117.77465706236782">
        <ele>5.5</ele>
        <time>2025-11-21T01:12:35Z</time>
      </trkpt>
      <trkpt lat="39.14721337462112" lon="117.77467264111793">
        <ele>5.5</ele>
        <time>2025-11-21T01:12:36Z</time>
      </trkpt>
      <trkpt lat="39.14723114847132" lon="117.77468926334207">
        <ele>5.5</ele>
        <time>2025-11-21T01:12:37Z</time>
      </trkpt>
      <trkpt lat="39.147248426142724" lon="117.77470661664859">
        <ele>5.5</ele>
        <time>2025-11-21T01:12:38Z</time>
      </trkpt>
      <trkpt lat="39.14726708304656" lon="117.77472722860233">
        <ele>5.5</ele>
        <time>2025-11-21T01:12:39Z</time>
      </trkpt>
      <trkpt lat="39.147284090095" lon="117.77474755299932">
        <ele>5.5</ele>
        <time>2025-11-21T01:12:40Z</time>
      </trkpt>
      <trkpt lat="39.147301122329694" lon="117.77476969843984">
        <ele>5.5</ele>
        <time>2025-11-21T01:12:41Z</time>
      </trkpt>
      <trkpt lat="39.14731593398047" lon="117.77479108643331">
        <ele>5.3</ele>
        <time>2025-11-21T01:12:42Z</time>
      </trkpt>
      <trkpt lat="39.14732984465877" lon="117.77481290043113">
        <ele>5.3</ele>
        <time>2025-11-21T01:12:43Z</time>
      </trkpt>
      <trkpt lat="39.14734260820492" lon="117.77483391230714">
        <ele>5.3</ele>
        <time>2025-11-21T01:12:44Z</time>
      </trkpt>
      <trkpt lat="39.14735610583257" lon="117.7748557929983">
        <ele>5.3</ele>
        <time>2025-11-21T01:12:45Z</time>
      </trkpt>
      <trkpt lat="39.147369015753476" lon="117.77487688396694">
        <ele>5.3</ele>
        <time>2025-11-21T01:12:46Z</time>
      </trkpt>
      <trkpt lat="39.147381664707545" lon="117.77489820394524">
        <ele>5.3</ele>
        <time>2025-11-21T01:12:47Z</time>
      </trkpt>
      <trkpt lat="39.14739372525776" lon="117.77491962342616">
        <ele>5.3</ele>
        <time>2025-11-21T01:12:48Z</time>
      </trkpt>
      <trkpt lat="39.14740638937097" lon="117.77494126501591">
        <ele>5.3</ele>
        <time>2025-11-21T01:12:49Z</time>
      </trkpt>
      <trkpt lat="39.14742029688332" lon="117.77496245631137">
        <ele>5.3</ele>
        <time>2025-11-21T01:12:50Z</time>
      </trkpt>
      <trkpt lat="39.14743718439536" lon="117.77498360616768">
        <ele>5.3</ele>
        <time>2025-11-21T01:12:51Z</time>
      </trkpt>
      <trkpt lat="39.14745482288777" lon="117.77500379536794">
        <ele>5.3</ele>
        <time>2025-11-21T01:12:52Z</time>
      </trkpt>
      <trkpt lat="39.14747273111324" lon="117.77502335271727">
        <ele>5.3</ele>
        <time>2025-11-21T01:12:53Z</time>
      </trkpt>
      <trkpt lat="39.1474900779381" lon="117.7750423032295">
        <ele>5.3</ele>
        <time>2025-11-21T01:12:54Z</time>
      </trkpt>
      <trkpt lat="39.14750759994802" lon="117.77506118109488">
        <ele>5.3</ele>
        <time>2025-11-21T01:12:55Z</time>
      </trkpt>
      <trkpt lat="39.147525074705435" lon="117.77507989782885">
        <ele>5.3</ele>
        <time>2025-11-21T01:12:56Z</time>
      </trkpt>
      <trkpt lat="39.147542683453175" lon="117.77509864470247">
        <ele>5.3</ele>
        <time>2025-11-21T01:12:57Z</time>
      </trkpt>
      <trkpt lat="39.147560236033506" lon="117.77511729962579">
        <ele>5.3</ele>
        <time>2025-11-21T01:12:58Z</time>
      </trkpt>
      <trkpt lat="39.14758001987345" lon="117.77513846555104">
        <ele>5.3</ele>
        <time>2025-11-21T01:12:59Z</time>
      </trkpt>
      <trkpt lat="39.14759764495389" lon="117.77515734645266">
        <ele>5.3</ele>
        <time>2025-11-21T01:13:00Z</time>
      </trkpt>
      <trkpt lat="39.14761528496769" lon="117.775176380724">
        <ele>5.3</ele>
        <time>2025-11-21T01:13:01Z</time>
      </trkpt>
      <trkpt lat="39.14763262300335" lon="117.77519524512118">
        <ele>5.3</ele>
        <time>2025-11-21T01:13:02Z</time>
      </trkpt>
      <trkpt lat="39.147649893244186" lon="117.77521421965648">
        <ele>5.3</ele>
        <time>2025-11-21T01:13:03Z</time>
      </trkpt>
      <trkpt lat="39.147667067791666" lon="117.77523328199837">
        <ele>5.3</ele>
        <time>2025-11-21T01:13:04Z</time>
      </trkpt>
      <trkpt lat="39.14768419899387" lon="117.77525247059721">
        <ele>5.3</ele>
        <time>2025-11-21T01:13:05Z</time>
      </trkpt>
      <trkpt lat="39.147701115236075" lon="117.77527159315083">
        <ele>5.3</ele>
        <time>2025-11-21T01:13:06Z</time>
      </trkpt>
      <trkpt lat="39.14771776255206" lon="117.77529057809714">
        <ele>5.3</ele>
        <time>2025-11-21T01:13:07Z</time>
      </trkpt>
      <trkpt lat="39.1477343208267" lon="117.77530965049927">
        <ele>5.3</ele>
        <time>2025-11-21T01:13:08Z</time>
      </trkpt>
      <trkpt lat="39.14775084732479" lon="117.7753288171671">
        <ele>5.3</ele>
        <time>2025-11-21T01:13:09Z</time>
      </trkpt>
      <trkpt lat="39.14777002251342" lon="117.77535103050513">
        <ele>5.3</ele>
        <time>2025-11-21T01:13:10Z</time>
      </trkpt>
      <trkpt lat="39.14778729649529" lon="117.7753711346743">
        <ele>5.3</ele>
        <time>2025-11-21T01:13:11Z</time>
      </trkpt>
      <trkpt lat="39.14780494920297" lon="117.77539163369171">
        <ele>5.3</ele>
        <time>2025-11-21T01:13:12Z</time>
      </trkpt>
      <trkpt lat="39.14781985231577" lon="117.77540903560417">
        <ele>5.3</ele>
        <time>2025-11-21T01:13:13Z</time>
      </trkpt>
      <trkpt lat="39.147834304561805" lon="117.77542594237424">
        <ele>5.3</ele>
        <time>2025-11-21T01:13:14Z</time>
      </trkpt>
      <trkpt lat="39.14784814457159" lon="117.77544219727764">
        <ele>5.3</ele>
        <time>2025-11-21T01:13:15Z</time>
      </trkpt>
      <trkpt lat="39.14786412960601" lon="117.77546084631896">
        <ele>5.3</ele>
        <time>2025-11-21T01:13:16Z</time>
      </trkpt>
      <trkpt lat="39.14788032942667" lon="117.77547966661841">
        <ele>5.3</ele>
        <time>2025-11-21T01:13:17Z</time>
      </trkpt>
      <trkpt lat="39.1478969027424" lon="117.77549878566123">
        <ele>5.3</ele>
        <time>2025-11-21T01:13:18Z</time>
      </trkpt>
      <trkpt lat="39.1479136281229" lon="117.77551790943008">
        <ele>5.3</ele>
        <time>2025-11-21T01:13:19Z</time>
      </trkpt>
      <trkpt lat="39.14793051432402" lon="117.7755370182009">
        <ele>5.3</ele>
        <time>2025-11-21T01:13:20Z</time>
      </trkpt>
      <trkpt lat="39.147947416048076" lon="117.77555591320959">
        <ele>5.3</ele>
        <time>2025-11-21T01:13:21Z</time>
      </trkpt>
      <trkpt lat="39.14796431222309" lon="117.77557458875856">
        <ele>5.3</ele>
        <time>2025-11-21T01:13:22Z</time>
      </trkpt>
      <trkpt lat="39.147981049012905" lon="117.7755928833893">
        <ele>5.3</ele>
        <time>2025-11-21T01:13:23Z</time>
      </trkpt>
      <trkpt lat="39.14799771719889" lon="117.77561095467536">
        <ele>5.3</ele>
        <time>2025-11-21T01:13:24Z</time>
      </trkpt>
      <trkpt lat="39.14801443979885" lon="117.7756289878498">
        <ele>5.3</ele>
        <time>2025-11-21T01:13:25Z</time>
      </trkpt>
      <trkpt lat="39.148031223103494" lon="117.77564707015419">
        <ele>5.3</ele>
        <time>2025-11-21T01:13:26Z</time>
      </trkpt>
      <trkpt lat="39.14804792988634" lon="117.77566511488553">
        <ele>5.3</ele>
        <time>2025-11-21T01:13:27Z</time>
      </trkpt>
      <trkpt lat="39.14806435613305" lon="117.77568296978237">
        <ele>5.3</ele>
        <time>2025-11-21T01:13:28Z</time>
      </trkpt>
      <trkpt lat="39.14808041109075" lon="117.7757005950517">
        <ele>5.3</ele>
        <time>2025-11-21T01:13:29Z</time>
      </trkpt>
      <trkpt lat="39.1480987197731" lon="117.77572099361673">
        <ele>5.3</ele>
        <time>2025-11-21T01:13:30Z</time>
      </trkpt>
      <trkpt lat="39.148115009410816" lon="117.77573940715686">
        <ele>5.3</ele>
        <time>2025-11-21T01:13:31Z</time>
      </trkpt>
      <trkpt lat="39.148133848409394" lon="117.77576094579356">
        <ele>5.3</ele>
        <time>2025-11-21T01:13:32Z</time>
      </trkpt>
      <trkpt lat="39.14815029096564" lon="117.77578000428387">
        <ele>5.3</ele>
        <time>2025-11-21T01:13:33Z</time>
      </trkpt>
      <trkpt lat="39.14816672756224" lon="117.77579917103266">
        <ele>5.3</ele>
        <time>2025-11-21T01:13:34Z</time>
      </trkpt>
      <trkpt lat="39.14818277422691" lon="117.77581793576928">
        <ele>5.3</ele>
        <time>2025-11-21T01:13:35Z</time>
      </trkpt>
      <trkpt lat="39.14819882045835" lon="117.77583668960861">
        <ele>5.3</ele>
        <time>2025-11-21T01:13:36Z</time>
      </trkpt>
      <trkpt lat="39.14821484623835" lon="117.7758553828206">
        <ele>5.3</ele>
        <time>2025-11-21T01:13:37Z</time>
      </trkpt>
      <trkpt lat="39.14823106482901" lon="117.77587420923903">
        <ele>5.3</ele>
        <time>2025-11-21T01:13:38Z</time>
      </trkpt>
      <trkpt lat="39.14824739002334" lon="117.7758929940682">
        <ele>5.3</ele>
        <time>2025-11-21T01:13:39Z</time>
      </trkpt>
      <trkpt lat="39.14826387103022" lon="117.77591171527928">
        <ele>5.3</ele>
        <time>2025-11-21T01:13:40Z</time>
      </trkpt>
      <trkpt lat="39.14828033724682" lon="117.77593017601411">
        <ele>5.3</ele>
        <time>2025-11-21T01:13:41Z</time>
      </trkpt>
      <trkpt lat="39.14829697791492" lon="117.77594863793996">
        <ele>5.3</ele>
        <time>2025-11-21T01:13:42Z</time>
      </trkpt>
      <trkpt lat="39.14831347715096" lon="117.77596681512257">
        <ele>5.3</ele>
        <time>2025-11-21T01:13:43Z</time>
      </trkpt>
      <trkpt lat="39.14832994615645" lon="117.77598484011286">
        <ele>5.3</ele>
        <time>2025-11-21T01:13:44Z</time>
      </trkpt>
      <trkpt lat="39.14834622226437" lon="117.77600254270783">
        <ele>5.3</ele>
        <time>2025-11-21T01:13:45Z</time>
      </trkpt>
      <trkpt lat="39.14836501602491" lon="117.77602298246488">
        <ele>5.3</ele>
        <time>2025-11-21T01:13:46Z</time>
      </trkpt>
      <trkpt lat="39.1483820554282" lon="117.77604142814322">
        <ele>5.3</ele>
        <time>2025-11-21T01:13:47Z</time>
      </trkpt>
      <trkpt lat="39.14839918657647" lon="117.77605998643811">
        <ele>5.3</ele>
        <time>2025-11-21T01:13:48Z</time>
      </trkpt>
      <trkpt lat="39.14841602350061" lon="117.7760782688378">
        <ele>5.3</ele>
        <time>2025-11-21T01:13:49Z</time>
      </trkpt>
      <trkpt lat="39.14843268824485" lon="117.77609645439115">
        <ele>5.3</ele>
        <time>2025-11-21T01:13:50Z</time>
      </trkpt>
      <trkpt lat="39.14844934351962" lon="117.7761147759589">
        <ele>5.3</ele>
        <time>2025-11-21T01:13:51Z</time>
      </trkpt>
      <trkpt lat="39.14846599702346" lon="117.77613325861769">
        <ele>5.3</ele>
        <time>2025-11-21T01:13:52Z</time>
      </trkpt>
      <trkpt lat="39.1484825002793" lon="117.77615176163789">
        <ele>5.3</ele>
        <time>2025-11-21T01:13:53Z</time>
      </trkpt>
      <trkpt lat="39.14849882378873" lon="117.77617025360017">
        <ele>5.3</ele>
        <time>2025-11-21T01:13:54Z</time>
      </trkpt>
      <trkpt lat="39.14851498335696" lon="117.7761887335056">
        <ele>5.3</ele>
        <time>2025-11-21T01:13:55Z</time>
      </trkpt>
      <trkpt lat="39.14853121368206" lon="117.7762074035791">
        <ele>5.3</ele>
        <time>2025-11-21T01:13:56Z</time>
      </trkpt>
      <trkpt lat="39.14854737963921" lon="117.77622606355588">
        <ele>5.3</ele>
        <time>2025-11-21T01:13:57Z</time>
      </trkpt>
      <trkpt lat="39.14856353639105" lon="117.77624475825365">
        <ele>5.3</ele>
        <time>2025-11-21T01:13:58Z</time>
      </trkpt>
      <trkpt lat="39.148579528918525" lon="117.77626331573387">
        <ele>5.3</ele>
        <time>2025-11-21T01:13:59Z</time>
      </trkpt>
      <trkpt lat="39.14859572854057" lon="117.77628215330184">
        <ele>5.3</ele>
        <time>2025-11-21T01:14:00Z</time>
      </trkpt>
      <trkpt lat="39.14860963192615" lon="117.7762983880917">
        <ele>5.3</ele>
        <time>2025-11-21T01:14:01Z</time>
      </trkpt>
      <trkpt lat="39.14862576564436" lon="117.77631696942372">
        <ele>5.3</ele>
        <time>2025-11-21T01:14:02Z</time>
      </trkpt>
      <trkpt lat="39.14864199976463" lon="117.77633539058648">
        <ele>5.3</ele>
        <time>2025-11-21T01:14:03Z</time>
      </trkpt>
      <trkpt lat="39.14865881363232" lon="117.77635416994544">
        <ele>5.3</ele>
        <time>2025-11-21T01:14:04Z</time>
      </trkpt>
      <trkpt lat="39.14867583427696" lon="117.77637291886094">
        <ele>5.3</ele>
        <time>2025-11-21T01:14:05Z</time>
      </trkpt>
      <trkpt lat="39.14869303224192" lon="117.77639167632373">
        <ele>5.3</ele>
        <time>2025-11-21T01:14:06Z</time>
      </trkpt>
      <trkpt lat="39.148710267407" lon="117.77641035169226">
        <ele>5.3</ele>
        <time>2025-11-21T01:14:07Z</time>
      </trkpt>
      <trkpt lat="39.14872748819482" lon="117.7764289299436">
        <ele>5.3</ele>
        <time>2025-11-21T01:14:08Z</time>
      </trkpt>
      <trkpt lat="39.148744788807704" lon="117.77644757238308">
        <ele>5.3</ele>
        <time>2025-11-21T01:14:09Z</time>
      </trkpt>
      <trkpt lat="39.14876191959143" lon="117.77646603770435">
        <ele>5.3</ele>
        <time>2025-11-21T01:14:10Z</time>
      </trkpt>
      <trkpt lat="39.148779129853516" lon="117.7764846241213">
        <ele>5.3</ele>
        <time>2025-11-21T01:14:11Z</time>
      </trkpt>
      <trkpt lat="39.1487960087963" lon="117.77650287008707">
        <ele>5.3</ele>
        <time>2025-11-21T01:14:12Z</time>
      </trkpt>
      <trkpt lat="39.14881293094451" lon="117.77652118510075">
        <ele>5.3</ele>
        <time>2025-11-21T01:14:13Z</time>
      </trkpt>
      <trkpt lat="39.148829738398064" lon="117.77653939309478">
        <ele>5.3</ele>
        <time>2025-11-21T01:14:14Z</time>
      </trkpt>
      <trkpt lat="39.14884659592464" lon="117.77655769045722">
        <ele>5.3</ele>
        <time>2025-11-21T01:14:15Z</time>
      </trkpt>
      <trkpt lat="39.148865811609625" lon="117.77657862180685">
        <ele>5.3</ele>
        <time>2025-11-21T01:14:16Z</time>
      </trkpt>
      <trkpt lat="39.14888293108341" lon="117.77659725334287">
        <ele>5.3</ele>
        <time>2025-11-21T01:14:17Z</time>
      </trkpt>
      <trkpt lat="39.14890265463326" lon="117.77661882445537">
        <ele>5.3</ele>
        <time>2025-11-21T01:14:18Z</time>
      </trkpt>
      <trkpt lat="39.14892006650847" lon="117.7766379069483">
        <ele>5.3</ele>
        <time>2025-11-21T01:14:19Z</time>
      </trkpt>
      <trkpt lat="39.14893754940008" lon="117.77665714412915">
        <ele>5.3</ele>
        <time>2025-11-21T01:14:20Z</time>
      </trkpt>
      <trkpt lat="39.148954450729434" lon="117.77667578378458">
        <ele>5.3</ele>
        <time>2025-11-21T01:14:21Z</time>
      </trkpt>
      <trkpt lat="39.1489713637904" lon="117.7766944960759">
        <ele>5.3</ele>
        <time>2025-11-21T01:14:22Z</time>
      </trkpt>
      <trkpt lat="39.14898813889766" lon="117.77671312352348">
        <ele>5.3</ele>
        <time>2025-11-21T01:14:23Z</time>
      </trkpt>
      <trkpt lat="39.14900485804354" lon="117.77673179444918">
        <ele>5.3</ele>
        <time>2025-11-21T01:14:24Z</time>
      </trkpt>
      <trkpt lat="39.14902126199273" lon="117.77675020010209">
        <ele>5.3</ele>
        <time>2025-11-21T01:14:25Z</time>
      </trkpt>
      <trkpt lat="39.14903759975084" lon="117.77676858892954">
        <ele>5.3</ele>
        <time>2025-11-21T01:14:26Z</time>
      </trkpt>
      <trkpt lat="39.14905402634578" lon="117.77678704993316">
        <ele>5.3</ele>
        <time>2025-11-21T01:14:27Z</time>
      </trkpt>
      <trkpt lat="39.149071316408836" lon="117.7768063600902">
        <ele>5.3</ele>
        <time>2025-11-21T01:14:28Z</time>
      </trkpt>
      <trkpt lat="39.14908934733754" lon="117.7768259387203">
        <ele>5.3</ele>
        <time>2025-11-21T01:14:29Z</time>
      </trkpt>
      <trkpt lat="39.14910728604009" lon="117.7768450641538">
        <ele>5.3</ele>
        <time>2025-11-21T01:14:30Z</time>
      </trkpt>
      <trkpt lat="39.14912451547177" lon="117.77686307437698">
        <ele>5.3</ele>
        <time>2025-11-21T01:14:31Z</time>
      </trkpt>
      <trkpt lat="39.149143011115164" lon="117.77688257115003">
        <ele>5.3</ele>
        <time>2025-11-21T01:14:32Z</time>
      </trkpt>
      <trkpt lat="39.1491595068107" lon="117.77689977588827">
        <ele>5.3</ele>
        <time>2025-11-21T01:14:33Z</time>
      </trkpt>
      <trkpt lat="39.14917618038789" lon="117.7769173801672">
        <ele>5.3</ele>
        <time>2025-11-21T01:14:34Z</time>
      </trkpt>
      <trkpt lat="39.14919241443154" lon="117.77693525469377">
        <ele>5.3</ele>
        <time>2025-11-21T01:14:35Z</time>
      </trkpt>
      <trkpt lat="39.149208713838625" lon="117.77695385511737">
        <ele>5.3</ele>
        <time>2025-11-21T01:14:36Z</time>
      </trkpt>
      <trkpt lat="39.14922491799277" lon="117.77697254186658">
        <ele>5.3</ele>
        <time>2025-11-21T01:14:37Z</time>
      </trkpt>
      <trkpt lat="39.14924127824347" lon="117.77699097227807">
        <ele>5.3</ele>
        <time>2025-11-21T01:14:38Z</time>
      </trkpt>
      <trkpt lat="39.14925759797334" lon="117.7770091817912">
        <ele>5.3</ele>
        <time>2025-11-21T01:14:39Z</time>
      </trkpt>
      <trkpt lat="39.14927380970677" lon="117.77702751860623">
        <ele>5.3</ele>
        <time>2025-11-21T01:14:40Z</time>
      </trkpt>
      <trkpt lat="39.14928976630399" lon="117.77704647587015">
        <ele>5.3</ele>
        <time>2025-11-21T01:14:41Z</time>
      </trkpt>
      <trkpt lat="39.14930551508178" lon="117.77706550617815">
        <ele>5.3</ele>
        <time>2025-11-21T01:14:42Z</time>
      </trkpt>
      <trkpt lat="39.14932327161627" lon="117.77708681662054">
        <ele>5.3</ele>
        <time>2025-11-21T01:14:43Z</time>
      </trkpt>
      <trkpt lat="39.14933997372315" lon="117.77710580729017">
        <ele>5.3</ele>
        <time>2025-11-21T01:14:44Z</time>
      </trkpt>
      <trkpt lat="39.14935729084787" lon="117.77712469308175">
        <ele>5.3</ele>
        <time>2025-11-21T01:14:45Z</time>
      </trkpt>
      <trkpt lat="39.149374516948725" lon="117.77714250619434">
        <ele>5.3</ele>
        <time>2025-11-21T01:14:46Z</time>
      </trkpt>
      <trkpt lat="39.1493913250302" lon="117.77715964347544">
        <ele>5.3</ele>
        <time>2025-11-21T01:14:47Z</time>
      </trkpt>
      <trkpt lat="39.14940971339116" lon="117.77717798651767">
        <ele>5.3</ele>
        <time>2025-11-21T01:14:48Z</time>
      </trkpt>
      <trkpt lat="39.149426603974845" lon="117.77719392422156">
        <ele>5.3</ele>
        <time>2025-11-21T01:14:49Z</time>
      </trkpt>
      <trkpt lat="39.14944449806144" lon="117.77720834872204">
        <ele>5.3</ele>
        <time>2025-11-21T01:14:50Z</time>
      </trkpt>
      <trkpt lat="39.1494640709355" lon="117.77721941359945">
        <ele>5.3</ele>
        <time>2025-11-21T01:14:51Z</time>
      </trkpt>
      <trkpt lat="39.14948411713871" lon="117.77722753673369">
        <ele>5.3</ele>
        <time>2025-11-21T01:14:52Z</time>
      </trkpt>
      <trkpt lat="39.14950279125168" lon="117.77723146792307">
        <ele>5.3</ele>
        <time>2025-11-21T01:14:53Z</time>
      </trkpt>
      <trkpt lat="39.14951598428949" lon="117.77722448644447">
        <ele>5.3</ele>
        <time>2025-11-21T01:14:54Z</time>
      </trkpt>
      <trkpt lat="39.14952700407333" lon="117.77720936189102">
        <ele>5.3</ele>
        <time>2025-11-21T01:14:55Z</time>
      </trkpt>
      <trkpt lat="39.149536789311604" lon="117.77718768794524">
        <ele>5.3</ele>
        <time>2025-11-21T01:14:56Z</time>
      </trkpt>
      <trkpt lat="39.14954540829643" lon="117.77716336616052">
        <ele>5.3</ele>
        <time>2025-11-21T01:14:57Z</time>
      </trkpt>
      <trkpt lat="39.14955334545834" lon="117.77714184219701">
        <ele>5.3</ele>
        <time>2025-11-21T01:14:58Z</time>
      </trkpt>
      <trkpt lat="39.14955938731824" lon="117.77712519734533">
        <ele>5.3</ele>
        <time>2025-11-21T01:14:59Z</time>
      </trkpt>
      <trkpt lat="39.14956474803658" lon="117.7771206559104">
        <ele>5.3</ele>
        <time>2025-11-21T01:15:00Z</time>
      </trkpt>
      <trkpt lat="39.149567812430135" lon="117.77712595753702">
        <ele>5.3</ele>
        <time>2025-11-21T01:15:01Z</time>
      </trkpt>
      <trkpt lat="39.149570366754524" lon="117.77714227170547">
        <ele>5.3</ele>
        <time>2025-11-21T01:15:02Z</time>
      </trkpt>
      <trkpt lat="39.14957262133789" lon="117.777165584852">
        <ele>5.3</ele>
        <time>2025-11-21T01:15:03Z</time>
      </trkpt>
      <trkpt lat="39.149574626081076" lon="117.77719180102953">
        <ele>5.3</ele>
        <time>2025-11-21T01:15:04Z</time>
      </trkpt>
      <trkpt lat="39.14957577558159" lon="117.77722149611695">
        <ele>5.3</ele>
        <time>2025-11-21T01:15:05Z</time>
      </trkpt>
      <trkpt lat="39.14957588309542" lon="117.77725142463616">
        <ele>5.3</ele>
        <time>2025-11-21T01:15:06Z</time>
      </trkpt>
      <trkpt lat="39.14957583157676" lon="117.77728147656201">
        <ele>5.3</ele>
        <time>2025-11-21T01:15:07Z</time>
      </trkpt>
      <trkpt lat="39.14957775595297" lon="117.77731050114704">
        <ele>5.3</ele>
        <time>2025-11-21T01:15:08Z</time>
      </trkpt>
      <trkpt lat="39.149582145832596" lon="117.7773380933991">
        <ele>5.3</ele>
        <time>2025-11-21T01:15:09Z</time>
      </trkpt>
      <trkpt lat="39.149591630402654" lon="117.77736606207517">
        <ele>5.3</ele>
        <time>2025-11-21T01:15:10Z</time>
      </trkpt>
      <trkpt lat="39.14960384565828" lon="117.77738962706411">
        <ele>5.3</ele>
        <time>2025-11-21T01:15:11Z</time>
      </trkpt>
      <trkpt lat="39.14961914366927" lon="117.77741187691332">
        <ele>5.3</ele>
        <time>2025-11-21T01:15:12Z</time>
      </trkpt>
      <trkpt lat="39.149636614815215" lon="117.77743253715067">
        <ele>5.3</ele>
        <time>2025-11-21T01:15:13Z</time>
      </trkpt>
      <trkpt lat="39.14965502679595" lon="117.77745274899306">
        <ele>5.3</ele>
        <time>2025-11-21T01:15:14Z</time>
      </trkpt>
      <trkpt lat="39.14967344852332" lon="117.77747249603475">
        <ele>5.3</ele>
        <time>2025-11-21T01:15:15Z</time>
      </trkpt>
      <trkpt lat="39.14969095027186" lon="117.77749215902675">
        <ele>5.3</ele>
        <time>2025-11-21T01:15:16Z</time>
      </trkpt>
      <trkpt lat="39.1497075942791" lon="117.77751154998313">
        <ele>5.3</ele>
        <time>2025-11-21T01:15:17Z</time>
      </trkpt>
      <trkpt lat="39.14972574423532" lon="117.77753327815773">
        <ele>5.3</ele>
        <time>2025-11-21T01:15:18Z</time>
      </trkpt>
      <trkpt lat="39.149742562233406" lon="117.77755299047028">
        <ele>5.3</ele>
        <time>2025-11-21T01:15:19Z</time>
      </trkpt>
      <trkpt lat="39.14975992372531" lon="117.77757249714294">
        <ele>5.3</ele>
        <time>2025-11-21T01:15:20Z</time>
      </trkpt>
      <trkpt lat="39.1497770839501" lon="117.77759087151748">
        <ele>5.3</ele>
        <time>2025-11-21T01:15:21Z</time>
      </trkpt>
      <trkpt lat="39.14979415885754" lon="117.77760865254864">
        <ele>5.1</ele>
        <time>2025-11-21T01:15:22Z</time>
      </trkpt>
      <trkpt lat="39.149813241811536" lon="117.77762815831497">
        <ele>5.1</ele>
        <time>2025-11-21T01:15:23Z</time>
      </trkpt>
      <trkpt lat="39.14983109323954" lon="117.77764588308371">
        <ele>5.1</ele>
        <time>2025-11-21T01:15:24Z</time>
      </trkpt>
      <trkpt lat="39.14984949709169" lon="117.7776640154038">
        <ele>5.1</ele>
        <time>2025-11-21T01:15:25Z</time>
      </trkpt>
      <trkpt lat="39.149867749566845" lon="117.77768203245078">
        <ele>5.1</ele>
        <time>2025-11-21T01:15:26Z</time>
      </trkpt>
      <trkpt lat="39.14988576709934" lon="117.77770036843513">
        <ele>5.1</ele>
        <time>2025-11-21T01:15:27Z</time>
      </trkpt>
      <trkpt lat="39.14990339711369" lon="117.77771868076277">
        <ele>5.1</ele>
        <time>2025-11-21T01:15:28Z</time>
      </trkpt>
      <trkpt lat="39.14992063741113" lon="117.77773724154744">
        <ele>5.1</ele>
        <time>2025-11-21T01:15:29Z</time>
      </trkpt>
      <trkpt lat="39.14993775623229" lon="117.77775618502515">
        <ele>5.1</ele>
        <time>2025-11-21T01:15:30Z</time>
      </trkpt>
      <trkpt lat="39.14995451369105" lon="117.77777547659147">
        <ele>5.1</ele>
        <time>2025-11-21T01:15:31Z</time>
      </trkpt>
      <trkpt lat="39.14997095470083" lon="117.77779477158">
        <ele>5.1</ele>
        <time>2025-11-21T01:15:32Z</time>
      </trkpt>
      <trkpt lat="39.14998698576079" lon="117.7778136635492">
        <ele>5.1</ele>
        <time>2025-11-21T01:15:33Z</time>
      </trkpt>
      <trkpt lat="39.1500046304988" lon="117.77783438906802">
        <ele>5.1</ele>
        <time>2025-11-21T01:15:34Z</time>
      </trkpt>
      <trkpt lat="39.15002058969136" lon="117.77785395808665">
        <ele>5.1</ele>
        <time>2025-11-21T01:15:35Z</time>
      </trkpt>
      <trkpt lat="39.150036584160645" lon="117.77787338954776">
        <ele>5.1</ele>
        <time>2025-11-21T01:15:36Z</time>
      </trkpt>
      <trkpt lat="39.15005295816048" lon="117.77789276344126">
        <ele>5.1</ele>
        <time>2025-11-21T01:15:37Z</time>
      </trkpt>
      <trkpt lat="39.15006940344874" lon="117.77791118568454">
        <ele>5.1</ele>
        <time>2025-11-21T01:15:38Z</time>
      </trkpt>
      <trkpt lat="39.1500858430808" lon="117.77792940727433">
        <ele>5.1</ele>
        <time>2025-11-21T01:15:39Z</time>
      </trkpt>
      <trkpt lat="39.15010220956618" lon="117.77794736922858">
        <ele>5.1</ele>
        <time>2025-11-21T01:15:40Z</time>
      </trkpt>
      <trkpt lat="39.150118453289046" lon="117.77796521101523">
        <ele>5.1</ele>
        <time>2025-11-21T01:15:41Z</time>
      </trkpt>
      <trkpt lat="39.15013703331356" lon="117.77798553109757">
        <ele>5.1</ele>
        <time>2025-11-21T01:15:42Z</time>
      </trkpt>
      <trkpt lat="39.15015348532472" lon="117.77800376355918">
        <ele>5.1</ele>
        <time>2025-11-21T01:15:43Z</time>
      </trkpt>
      <trkpt lat="39.15016992115744" lon="117.77802207281442">
        <ele>5.1</ele>
        <time>2025-11-21T01:15:44Z</time>
      </trkpt>
      <trkpt lat="39.15018590684112" lon="117.77803993727774">
        <ele>5.1</ele>
        <time>2025-11-21T01:15:45Z</time>
      </trkpt>
      <trkpt lat="39.150201767246884" lon="117.77805763710518">
        <ele>5.1</ele>
        <time>2025-11-21T01:15:46Z</time>
      </trkpt>
      <trkpt lat="39.150217489569066" lon="117.77807510684458">
        <ele>5.1</ele>
        <time>2025-11-21T01:15:47Z</time>
      </trkpt>
      <trkpt lat="39.1502331541831" lon="117.77809239738974">
        <ele>5.1</ele>
        <time>2025-11-21T01:15:48Z</time>
      </trkpt>
      <trkpt lat="39.15024878737526" lon="117.77810952071573">
        <ele>5.1</ele>
        <time>2025-11-21T01:15:49Z</time>
      </trkpt>
      <trkpt lat="39.150266963562835" lon="117.77812910409136">
        <ele>5.1</ele>
        <time>2025-11-21T01:15:50Z</time>
      </trkpt>
      <trkpt lat="39.15028324298186" lon="117.77814659356866">
        <ele>5.1</ele>
        <time>2025-11-21T01:15:51Z</time>
      </trkpt>
      <trkpt lat="39.1502997695444" lon="117.77816419363391">
        <ele>4.8</ele>
        <time>2025-11-21T01:15:52Z</time>
      </trkpt>
      <trkpt lat="39.150316072871625" lon="117.77818139065567">
        <ele>4.8</ele>
        <time>2025-11-21T01:15:53Z</time>
      </trkpt>
      <trkpt lat="39.150332472331876" lon="117.77819852197882">
        <ele>4.8</ele>
        <time>2025-11-21T01:15:54Z</time>
      </trkpt>
      <trkpt lat="39.150348941467435" lon="117.77821555924713">
        <ele>4.8</ele>
        <time>2025-11-21T01:15:55Z</time>
      </trkpt>
      <trkpt lat="39.15036566527113" lon="117.77823270731804">
        <ele>4.8</ele>
        <time>2025-11-21T01:15:56Z</time>
      </trkpt>
      <trkpt lat="39.150382506965414" lon="117.77824990272207">
        <ele>4.8</ele>
        <time>2025-11-21T01:15:57Z</time>
      </trkpt>
      <trkpt lat="39.150399429079606" lon="117.77826717981068">
        <ele>4.8</ele>
        <time>2025-11-21T01:15:58Z</time>
      </trkpt>
      <trkpt lat="39.15041636446042" lon="117.77828452546571">
        <ele>4.8</ele>
        <time>2025-11-21T01:15:59Z</time>
      </trkpt>
      <trkpt lat="39.15043326476965" lon="117.7783019223091">
        <ele>4.8</ele>
        <time>2025-11-21T01:16:00Z</time>
      </trkpt>
      <trkpt lat="39.15045011565197" lon="117.77831937217509">
        <ele>4.8</ele>
        <time>2025-11-21T01:16:01Z</time>
      </trkpt>
      <trkpt lat="39.150466941452294" lon="117.77833687122045">
        <ele>4.8</ele>
        <time>2025-11-21T01:16:02Z</time>
      </trkpt>
      <trkpt lat="39.15048376839935" lon="117.77835445212465">
        <ele>4.8</ele>
        <time>2025-11-21T01:16:03Z</time>
      </trkpt>
      <trkpt lat="39.150500647889146" lon="117.77837214438362">
        <ele>4.8</ele>
        <time>2025-11-21T01:16:04Z</time>
      </trkpt>
      <trkpt lat="39.15051494202622" lon="117.77838730458697">
        <ele>4.8</ele>
        <time>2025-11-21T01:16:05Z</time>
      </trkpt>
      <trkpt lat="39.15052873254809" lon="117.77840201341249">
        <ele>4.8</ele>
        <time>2025-11-21T01:16:06Z</time>
      </trkpt>
      <trkpt lat="39.150544363674555" lon="117.77841854663869">
        <ele>4.8</ele>
        <time>2025-11-21T01:16:07Z</time>
      </trkpt>
      <trkpt lat="39.15056012213921" lon="117.7784352351344">
        <ele>4.8</ele>
        <time>2025-11-21T01:16:08Z</time>
      </trkpt>
      <trkpt lat="39.150578879930926" lon="117.77845483424908">
        <ele>4.8</ele>
        <time>2025-11-21T01:16:09Z</time>
      </trkpt>
      <trkpt lat="39.15059571449549" lon="117.77847251091026">
        <ele>4.8</ele>
        <time>2025-11-21T01:16:10Z</time>
      </trkpt>
      <trkpt lat="39.15061282167716" lon="117.77849037605588">
        <ele>4.8</ele>
        <time>2025-11-21T01:16:11Z</time>
      </trkpt>
      <trkpt lat="39.150629666943175" lon="117.77850784577774">
        <ele>4.8</ele>
        <time>2025-11-21T01:16:12Z</time>
      </trkpt>
      <trkpt lat="39.15064656102594" lon="117.77852526188039">
        <ele>4.8</ele>
        <time>2025-11-21T01:16:13Z</time>
      </trkpt>
      <trkpt lat="39.150663436312136" lon="117.77854254614367">
        <ele>4.8</ele>
        <time>2025-11-21T01:16:14Z</time>
      </trkpt>
      <trkpt lat="39.15068033512672" lon="117.7785596868189">
        <ele>4.8</ele>
        <time>2025-11-21T01:16:15Z</time>
      </trkpt>
      <trkpt lat="39.15069720136217" lon="117.77857661697287">
        <ele>4.8</ele>
        <time>2025-11-21T01:16:16Z</time>
      </trkpt>
      <trkpt lat="39.150713999649724" lon="117.77859326872182">
        <ele>4.8</ele>
        <time>2025-11-21T01:16:17Z</time>
      </trkpt>
      <trkpt lat="39.15073070837661" lon="117.77860957537118">
        <ele>4.8</ele>
        <time>2025-11-21T01:16:18Z</time>
      </trkpt>
      <trkpt lat="39.150747287299936" lon="117.77862554985866">
        <ele>4.8</ele>
        <time>2025-11-21T01:16:19Z</time>
      </trkpt>
      <trkpt lat="39.15076651591332" lon="117.7786437648322">
        <ele>4.8</ele>
        <time>2025-11-21T01:16:20Z</time>
      </trkpt>
      <trkpt lat="39.150783560971924" lon="117.77865969903357">
        <ele>4.8</ele>
        <time>2025-11-21T01:16:21Z</time>
      </trkpt>
      <trkpt lat="39.15080351627119" lon="117.77867791073268">
        <ele>4.8</ele>
        <time>2025-11-21T01:16:22Z</time>
      </trkpt>
      <trkpt lat="39.15082120863253" lon="117.77869356105009">
        <ele>4.8</ele>
        <time>2025-11-21T01:16:23Z</time>
      </trkpt>
      <trkpt lat="39.15083941556037" lon="117.77870919647155">
        <ele>4.8</ele>
        <time>2025-11-21T01:16:24Z</time>
      </trkpt>
      <trkpt lat="39.15085771766648" lon="117.77872448603742">
        <ele>4.8</ele>
        <time>2025-11-21T01:16:25Z</time>
      </trkpt>
      <trkpt lat="39.15087628780671" lon="117.77873976230354">
        <ele>4.8</ele>
        <time>2025-11-21T01:16:26Z</time>
      </trkpt>
      <trkpt lat="39.15089495297849" lon="117.77875503805598">
        <ele>4.8</ele>
        <time>2025-11-21T01:16:27Z</time>
      </trkpt>
      <trkpt lat="39.150913684737276" lon="117.77877038919198">
        <ele>4.8</ele>
        <time>2025-11-21T01:16:28Z</time>
      </trkpt>
      <trkpt lat="39.15093244409607" lon="117.77878585606777">
        <ele>4.8</ele>
        <time>2025-11-21T01:16:29Z</time>
      </trkpt>
      <trkpt lat="39.15095125534908" lon="117.77880142351255">
        <ele>4.8</ele>
        <time>2025-11-21T01:16:30Z</time>
      </trkpt>
      <trkpt lat="39.15097014729371" lon="117.77881703034595">
        <ele>4.8</ele>
        <time>2025-11-21T01:16:31Z</time>
      </trkpt>
      <trkpt lat="39.15098911181694" lon="117.7788326243247">
        <ele>4.8</ele>
        <time>2025-11-21T01:16:32Z</time>
      </trkpt>
      <trkpt lat="39.15101097963645" lon="117.77885059335217">
        <ele>4.8</ele>
        <time>2025-11-21T01:16:33Z</time>
      </trkpt>
      <trkpt lat="39.151030774925566" lon="117.77886655660285">
        <ele>4.8</ele>
        <time>2025-11-21T01:16:34Z</time>
      </trkpt>
      <trkpt lat="39.15105089049242" lon="117.77888260319004">
        <ele>4.8</ele>
        <time>2025-11-21T01:16:35Z</time>
      </trkpt>
      <trkpt lat="39.151067967989874" lon="117.77889586138092">
        <ele>4.8</ele>
        <time>2025-11-21T01:16:36Z</time>
      </trkpt>
      <trkpt lat="39.15108451380925" lon="117.77890856457557">
        <ele>4.8</ele>
        <time>2025-11-21T01:16:37Z</time>
      </trkpt>
      <trkpt lat="39.15110308449681" lon="117.77892293793232">
        <ele>4.8</ele>
        <time>2025-11-21T01:16:38Z</time>
      </trkpt>
      <trkpt lat="39.15112185318792" lon="117.77893746587843">
        <ele>4.8</ele>
        <time>2025-11-21T01:16:39Z</time>
      </trkpt>
      <trkpt lat="39.15114097107562" lon="117.77895230023572">
        <ele>4.8</ele>
        <time>2025-11-21T01:16:40Z</time>
      </trkpt>
      <trkpt lat="39.15115997603091" lon="117.77896701868733">
        <ele>4.8</ele>
        <time>2025-11-21T01:16:41Z</time>
      </trkpt>
      <trkpt lat="39.15117895773512" lon="117.7789816852866">
        <ele>4.8</ele>
        <time>2025-11-21T01:16:42Z</time>
      </trkpt>
      <trkpt lat="39.151197848230396" lon="117.77899624713442">
        <ele>4.8</ele>
        <time>2025-11-21T01:16:43Z</time>
      </trkpt>
      <trkpt lat="39.15121680791915" lon="117.77901087093255">
        <ele>4.8</ele>
        <time>2025-11-21T01:16:44Z</time>
      </trkpt>
      <trkpt lat="39.15123571242401" lon="117.77902550923125">
        <ele>4.8</ele>
        <time>2025-11-21T01:16:45Z</time>
      </trkpt>
      <trkpt lat="39.151254580742275" lon="117.77904022195379">
        <ele>4.8</ele>
        <time>2025-11-21T01:16:46Z</time>
      </trkpt>
      <trkpt lat="39.15127338925089" lon="117.77905504724018">
        <ele>4.8</ele>
        <time>2025-11-21T01:16:47Z</time>
      </trkpt>
      <trkpt lat="39.15129317569869" lon="117.77906933670806">
        <ele>4.8</ele>
        <time>2025-11-21T01:16:48Z</time>
      </trkpt>
      <trkpt lat="39.15131409797205" lon="117.77908368655933">
        <ele>4.8</ele>
        <time>2025-11-21T01:16:49Z</time>
      </trkpt>
      <trkpt lat="39.15133540461697" lon="117.77909830189598">
        <ele>4.8</ele>
        <time>2025-11-21T01:16:50Z</time>
      </trkpt>
      <trkpt lat="39.15135618065521" lon="117.77911330824976">
        <ele>4.8</ele>
        <time>2025-11-21T01:16:51Z</time>
      </trkpt>
      <trkpt lat="39.1513763189793" lon="117.77912820112375">
        <ele>4.8</ele>
        <time>2025-11-21T01:16:52Z</time>
      </trkpt>
      <trkpt lat="39.151393786187384" lon="117.77914030761671">
        <ele>4.8</ele>
        <time>2025-11-21T01:16:53Z</time>
      </trkpt>
      <trkpt lat="39.15141362987525" lon="117.77915384276294">
        <ele>4.8</ele>
        <time>2025-11-21T01:16:54Z</time>
      </trkpt>
      <trkpt lat="39.15143341767894" lon="117.77916721038483">
        <ele>4.8</ele>
        <time>2025-11-21T01:16:55Z</time>
      </trkpt>
      <trkpt lat="39.15145351197355" lon="117.77918080445868">
        <ele>4.8</ele>
        <time>2025-11-21T01:16:56Z</time>
      </trkpt>
      <trkpt lat="39.15147361342375" lon="117.77919440820659">
        <ele>4.8</ele>
        <time>2025-11-21T01:16:57Z</time>
      </trkpt>
      <trkpt lat="39.151493555044816" lon="117.77920790385974">
        <ele>4.8</ele>
        <time>2025-11-21T01:16:58Z</time>
      </trkpt>
      <trkpt lat="39.15151651075151" lon="117.77922310824005">
        <ele>4.8</ele>
        <time>2025-11-21T01:16:59Z</time>
      </trkpt>
      <trkpt lat="39.151537078858745" lon="117.7792366966252">
        <ele>4.8</ele>
        <time>2025-11-21T01:17:00Z</time>
      </trkpt>
      <trkpt lat="39.15155789533982" lon="117.77925020064177">
        <ele>4.8</ele>
        <time>2025-11-21T01:17:01Z</time>
      </trkpt>
      <trkpt lat="39.15157836455362" lon="117.77926325544085">
        <ele>4.8</ele>
        <time>2025-11-21T01:17:02Z</time>
      </trkpt>
      <trkpt lat="39.15159881768446" lon="117.77927608615288">
        <ele>4.8</ele>
        <time>2025-11-21T01:17:03Z</time>
      </trkpt>
      <trkpt lat="39.15161913972808" lon="117.7792886573929">
        <ele>4.8</ele>
        <time>2025-11-21T01:17:04Z</time>
      </trkpt>
      <trkpt lat="39.15163936519867" lon="117.77930095707309">
        <ele>4.8</ele>
        <time>2025-11-21T01:17:05Z</time>
      </trkpt>
      <trkpt lat="39.151659451929184" lon="117.77931295861639">
        <ele>4.8</ele>
        <time>2025-11-21T01:17:06Z</time>
      </trkpt>
      <trkpt lat="39.151682485762116" lon="117.77932649343902">
        <ele>4.8</ele>
        <time>2025-11-21T01:17:07Z</time>
      </trkpt>
      <trkpt lat="39.15170298012075" lon="117.77933837623853">
        <ele>4.8</ele>
        <time>2025-11-21T01:17:08Z</time>
      </trkpt>
      <trkpt lat="39.1517235206354" lon="117.77935022209392">
        <ele>4.8</ele>
        <time>2025-11-21T01:17:09Z</time>
      </trkpt>
      <trkpt lat="39.151743499147706" lon="117.77936169493962">
        <ele>4.8</ele>
        <time>2025-11-21T01:17:10Z</time>
      </trkpt>
      <trkpt lat="39.15176329208093" lon="117.77937302331205">
        <ele>4.8</ele>
        <time>2025-11-21T01:17:11Z</time>
      </trkpt>
      <trkpt lat="39.15178595461892" lon="117.77938595164306">
        <ele>4.8</ele>
        <time>2025-11-21T01:17:12Z</time>
      </trkpt>
      <trkpt lat="39.15180609288424" lon="117.77939732222168">
        <ele>4.8</ele>
        <time>2025-11-21T01:17:13Z</time>
      </trkpt>
      <trkpt lat="39.15182633348275" lon="117.77940869249777">
        <ele>4.8</ele>
        <time>2025-11-21T01:17:14Z</time>
      </trkpt>
      <trkpt lat="39.15184612886439" lon="117.77941973974895">
        <ele>4.8</ele>
        <time>2025-11-21T01:17:15Z</time>
      </trkpt>
      <trkpt lat="39.15186591772803" lon="117.77943072534477">
        <ele>4.8</ele>
        <time>2025-11-21T01:17:16Z</time>
      </trkpt>
      <trkpt lat="39.1518856806837" lon="117.7794416165594">
        <ele>4.8</ele>
        <time>2025-11-21T01:17:17Z</time>
      </trkpt>
      <trkpt lat="39.15190533223392" lon="117.77945235996981">
        <ele>4.8</ele>
        <time>2025-11-21T01:17:18Z</time>
      </trkpt>
      <trkpt lat="39.15192497621275" lon="117.77946304632279">
        <ele>4.8</ele>
        <time>2025-11-21T01:17:19Z</time>
      </trkpt>
      <trkpt lat="39.15194460574982" lon="117.77947371722519">
        <ele>4.8</ele>
        <time>2025-11-21T01:17:20Z</time>
      </trkpt>
      <trkpt lat="39.151964412766446" lon="117.7794845019079">
        <ele>4.8</ele>
        <time>2025-11-21T01:17:21Z</time>
      </trkpt>
      <trkpt lat="39.15198427523593" lon="117.7794953521444">
        <ele>4.8</ele>
        <time>2025-11-21T01:17:22Z</time>
      </trkpt>
      <trkpt lat="39.15200716168346" lon="117.77950798107378">
        <ele>4.8</ele>
        <time>2025-11-21T01:17:23Z</time>
      </trkpt>
      <trkpt lat="39.15202767295528" lon="117.77951933604898">
        <ele>4.8</ele>
        <time>2025-11-21T01:17:24Z</time>
      </trkpt>
      <trkpt lat="39.15205034268096" lon="117.7795328720672">
        <ele>4.8</ele>
        <time>2025-11-21T01:17:25Z</time>
      </trkpt>
      <trkpt lat="39.15207192530465" lon="117.77954036310788">
        <ele>4.8</ele>
        <time>2025-11-21T01:17:26Z</time>
      </trkpt>
      <trkpt lat="39.15209300039764" lon="117.77955093192273">
        <ele>4.8</ele>
        <time>2025-11-21T01:17:27Z</time>
      </trkpt>
      <trkpt lat="39.15211191252097" lon="117.77955852566689">
        <ele>4.8</ele>
        <time>2025-11-21T01:17:28Z</time>
      </trkpt>
      <trkpt lat="39.15213179547584" lon="117.779571616384">
        <ele>4.8</ele>
        <time>2025-11-21T01:17:29Z</time>
      </trkpt>
      <trkpt lat="39.152152455657614" lon="117.77958109540508">
        <ele>4.8</ele>
        <time>2025-11-21T01:17:30Z</time>
      </trkpt>
      <trkpt lat="39.152173642075546" lon="117.77959111494141">
        <ele>4.8</ele>
        <time>2025-11-21T01:17:31Z</time>
      </trkpt>
      <trkpt lat="39.15219508903515" lon="117.77960058346449">
        <ele>4.8</ele>
        <time>2025-11-21T01:17:32Z</time>
      </trkpt>
      <trkpt lat="39.15221653807061" lon="117.7796100323313">
        <ele>4.8</ele>
        <time>2025-11-21T01:17:33Z</time>
      </trkpt>
      <trkpt lat="39.152238078013504" lon="117.77961940646709">
        <ele>4.8</ele>
        <time>2025-11-21T01:17:34Z</time>
      </trkpt>
      <trkpt lat="39.15225955657507" lon="117.77962872947744">
        <ele>4.8</ele>
        <time>2025-11-21T01:17:35Z</time>
      </trkpt>
      <trkpt lat="39.15228114568349" lon="117.77963803877356">
        <ele>4.8</ele>
        <time>2025-11-21T01:17:36Z</time>
      </trkpt>
      <trkpt lat="39.15230287546037" lon="117.7796473168554">
        <ele>4.8</ele>
        <time>2025-11-21T01:17:37Z</time>
      </trkpt>
      <trkpt lat="39.15232184586592" lon="117.7796554449602">
        <ele>4.8</ele>
        <time>2025-11-21T01:17:38Z</time>
      </trkpt>
      <trkpt lat="39.15234030124725" lon="117.77966327494582">
        <ele>4.8</ele>
        <time>2025-11-21T01:17:39Z</time>
      </trkpt>
      <trkpt lat="39.15236091400137" lon="117.77967183868182">
        <ele>4.8</ele>
        <time>2025-11-21T01:17:40Z</time>
      </trkpt>
      <trkpt lat="39.15238158384597" lon="117.77968044813537">
        <ele>4.8</ele>
        <time>2025-11-21T01:17:41Z</time>
      </trkpt>
      <trkpt lat="39.152402623024834" lon="117.77968930529066">
        <ele>4.8</ele>
        <time>2025-11-21T01:17:42Z</time>
      </trkpt>
      <trkpt lat="39.15242043861106" lon="117.77969712539064">
        <ele>4.8</ele>
        <time>2025-11-21T01:17:43Z</time>
      </trkpt>
      <trkpt lat="39.15244066928019" lon="117.77970586949844">
        <ele>4.8</ele>
        <time>2025-11-21T01:17:44Z</time>
      </trkpt>
      <trkpt lat="39.15246081358501" lon="117.77971452950602">
        <ele>4.8</ele>
        <time>2025-11-21T01:17:45Z</time>
      </trkpt>
      <trkpt lat="39.152481683775136" lon="117.77972331505681">
        <ele>4.8</ele>
        <time>2025-11-21T01:17:46Z</time>
      </trkpt>
      <trkpt lat="39.15250279953302" lon="117.7797320160291">
        <ele>4.8</ele>
        <time>2025-11-21T01:17:47Z</time>
      </trkpt>
      <trkpt lat="39.152524079781266" lon="117.77974061194939">
        <ele>4.8</ele>
        <time>2025-11-21T01:17:48Z</time>
      </trkpt>
      <trkpt lat="39.152545444866995" lon="117.77974905293183">
        <ele>4.8</ele>
        <time>2025-11-21T01:17:49Z</time>
      </trkpt>
      <trkpt lat="39.15256687381975" lon="117.77975729849766">
        <ele>4.8</ele>
        <time>2025-11-21T01:17:50Z</time>
      </trkpt>
      <trkpt lat="39.15258834133815" lon="117.77976534736042">
        <ele>4.8</ele>
        <time>2025-11-21T01:17:51Z</time>
      </trkpt>
      <trkpt lat="39.15260984055629" lon="117.77977317895949">
        <ele>4.8</ele>
        <time>2025-11-21T01:17:52Z</time>
      </trkpt>
      <trkpt lat="39.15263136005763" lon="117.77978075951489">
        <ele>4.8</ele>
        <time>2025-11-21T01:17:53Z</time>
      </trkpt>
      <trkpt lat="39.15265598434481" lon="117.77978913512257">
        <ele>4.8</ele>
        <time>2025-11-21T01:17:54Z</time>
      </trkpt>
      <trkpt lat="39.15268127790083" lon="117.779797547384">
        <ele>4.8</ele>
        <time>2025-11-21T01:17:55Z</time>
      </trkpt>
      <trkpt lat="39.152704315375416" lon="117.77980508915905">
        <ele>4.8</ele>
        <time>2025-11-21T01:17:56Z</time>
      </trkpt>
      <trkpt lat="39.15272710568663" lon="117.77981245173804">
        <ele>4.8</ele>
        <time>2025-11-21T01:17:57Z</time>
      </trkpt>
      <trkpt lat="39.15274942477791" lon="117.77981961616722">
        <ele>4.8</ele>
        <time>2025-11-21T01:17:58Z</time>
      </trkpt>
      <trkpt lat="39.15277162258141" lon="117.77982670444312">
        <ele>4.8</ele>
        <time>2025-11-21T01:17:59Z</time>
      </trkpt>
      <trkpt lat="39.152793727953274" lon="117.77983368271485">
        <ele>4.8</ele>
        <time>2025-11-21T01:18:00Z</time>
      </trkpt>
      <trkpt lat="39.15281581140331" lon="117.77984058829263">
        <ele>4.8</ele>
        <time>2025-11-21T01:18:01Z</time>
      </trkpt>
      <trkpt lat="39.15283788230831" lon="117.779847432344">
        <ele>4.8</ele>
        <time>2025-11-21T01:18:02Z</time>
      </trkpt>
      <trkpt lat="39.152859938226925" lon="117.7798542188537">
        <ele>4.8</ele>
        <time>2025-11-21T01:18:03Z</time>
      </trkpt>
      <trkpt lat="39.15288195576086" lon="117.77986099611279">
        <ele>4.8</ele>
        <time>2025-11-21T01:18:04Z</time>
      </trkpt>
      <trkpt lat="39.1529038808926" lon="117.77986776977662">
        <ele>4.8</ele>
        <time>2025-11-21T01:18:05Z</time>
      </trkpt>
      <trkpt lat="39.15292566715493" lon="117.77987452404892">
        <ele>4.8</ele>
        <time>2025-11-21T01:18:06Z</time>
      </trkpt>
      <trkpt lat="39.15294727106385" lon="117.77988126919159">
        <ele>4.8</ele>
        <time>2025-11-21T01:18:07Z</time>
      </trkpt>
      <trkpt lat="39.152968697957306" lon="117.7798879898045">
        <ele>4.8</ele>
        <time>2025-11-21T01:18:08Z</time>
      </trkpt>
      <trkpt lat="39.15298996391487" lon="117.77989464379299">
        <ele>4.8</ele>
        <time>2025-11-21T01:18:09Z</time>
      </trkpt>
      <trkpt lat="39.15301106998395" lon="117.77990123875436">
        <ele>4.8</ele>
        <time>2025-11-21T01:18:10Z</time>
      </trkpt>
      <trkpt lat="39.15303534235381" lon="117.7799086530686">
        <ele>4.8</ele>
        <time>2025-11-21T01:18:11Z</time>
      </trkpt>
      <trkpt lat="39.15305707860912" lon="117.77991527438827">
        <ele>4.8</ele>
        <time>2025-11-21T01:18:12Z</time>
      </trkpt>
      <trkpt lat="39.15307895323874" lon="117.77992182802842">
        <ele>4.8</ele>
        <time>2025-11-21T01:18:13Z</time>
      </trkpt>
      <trkpt lat="39.15310033807469" lon="117.77992808439117">
        <ele>4.8</ele>
        <time>2025-11-21T01:18:14Z</time>
      </trkpt>
      <trkpt lat="39.15312163839131" lon="117.77993419304849">
        <ele>4.8</ele>
        <time>2025-11-21T01:18:15Z</time>
      </trkpt>
      <trkpt lat="39.153142783208956" lon="117.77994013184654">
        <ele>4.8</ele>
        <time>2025-11-21T01:18:16Z</time>
      </trkpt>
      <trkpt lat="39.15316383870653" lon="117.77994589262234">
        <ele>4.8</ele>
        <time>2025-11-21T01:18:17Z</time>
      </trkpt>
      <trkpt lat="39.15318478361239" lon="117.77995150304372">
        <ele>4.8</ele>
        <time>2025-11-21T01:18:18Z</time>
      </trkpt>
      <trkpt lat="39.15320896541134" lon="117.77995777313656">
        <ele>4.8</ele>
        <time>2025-11-21T01:18:19Z</time>
      </trkpt>
      <trkpt lat="39.15323050652255" lon="117.77996324115819">
        <ele>4.8</ele>
        <time>2025-11-21T01:18:20Z</time>
      </trkpt>
      <trkpt lat="39.15325224530325" lon="117.77996859102824">
        <ele>4.8</ele>
        <time>2025-11-21T01:18:21Z</time>
      </trkpt>
      <trkpt lat="39.153273436742644" lon="117.77997358000196">
        <ele>4.8</ele>
        <time>2025-11-21T01:18:22Z</time>
      </trkpt>
      <trkpt lat="39.153294694140115" lon="117.77997839006578">
        <ele>4.8</ele>
        <time>2025-11-21T01:18:23Z</time>
      </trkpt>
      <trkpt lat="39.153316019204226" lon="117.77998302698936">
        <ele>4.8</ele>
        <time>2025-11-21T01:18:24Z</time>
      </trkpt>
      <trkpt lat="39.15333436695875" lon="117.77998679692232">
        <ele>4.8</ele>
        <time>2025-11-21T01:18:25Z</time>
      </trkpt>
      <trkpt lat="39.15335216635121" lon="117.7799902495149">
        <ele>4.8</ele>
        <time>2025-11-21T01:18:26Z</time>
      </trkpt>
      <trkpt lat="39.15337253894451" lon="117.77999400521423">
        <ele>4.8</ele>
        <time>2025-11-21T01:18:27Z</time>
      </trkpt>
      <trkpt lat="39.153393244608836" lon="117.77999759202457">
        <ele>4.8</ele>
        <time>2025-11-21T01:18:28Z</time>
      </trkpt>
      <trkpt lat="39.15341785357274" lon="117.78000179370532">
        <ele>4.8</ele>
        <time>2025-11-21T01:18:29Z</time>
      </trkpt>
      <trkpt lat="39.15344003410581" lon="117.7800053749281">
        <ele>4.8</ele>
        <time>2025-11-21T01:18:30Z</time>
      </trkpt>
      <trkpt lat="39.15346258200624" lon="117.78000900540493">
        <ele>4.8</ele>
        <time>2025-11-21T01:18:31Z</time>
      </trkpt>
      <trkpt lat="39.15348477156782" lon="117.78001254856528">
        <ele>4.8</ele>
        <time>2025-11-21T01:18:32Z</time>
      </trkpt>
      <trkpt lat="39.153507020550904" lon="117.78001617123873">
        <ele>4.8</ele>
        <time>2025-11-21T01:18:33Z</time>
      </trkpt>
      <trkpt lat="39.1535292884206" lon="117.78001987734342">
        <ele>4.8</ele>
        <time>2025-11-21T01:18:34Z</time>
      </trkpt>
      <trkpt lat="39.153551666218206" lon="117.7800236476152">
        <ele>4.8</ele>
        <time>2025-11-21T01:18:35Z</time>
      </trkpt>
      <trkpt lat="39.15357417277108" lon="117.7800274505672">
        <ele>4.8</ele>
        <time>2025-11-21T01:18:36Z</time>
      </trkpt>
      <trkpt lat="39.15359684106205" lon="117.78003124229042">
        <ele>4.8</ele>
        <time>2025-11-21T01:18:37Z</time>
      </trkpt>
      <trkpt lat="39.15361969322068" lon="117.78003496203056">
        <ele>4.8</ele>
        <time>2025-11-21T01:18:38Z</time>
      </trkpt>
      <trkpt lat="39.153642733033486" lon="117.7800386283714">
        <ele>4.8</ele>
        <time>2025-11-21T01:18:39Z</time>
      </trkpt>
      <trkpt lat="39.153665954034004" lon="117.78004222668689">
        <ele>4.8</ele>
        <time>2025-11-21T01:18:40Z</time>
      </trkpt>
      <trkpt lat="39.15368595257457" lon="117.780045133956">
        <ele>4.8</ele>
        <time>2025-11-21T01:18:41Z</time>
      </trkpt>
      <trkpt lat="39.15370525571652" lon="117.78004777810476">
        <ele>4.8</ele>
        <time>2025-11-21T01:18:42Z</time>
      </trkpt>
      <trkpt lat="39.15372689877642" lon="117.78005067357132">
        <ele>4.8</ele>
        <time>2025-11-21T01:18:43Z</time>
      </trkpt>
      <trkpt lat="39.15374861216627" lon="117.78005349439228">
        <ele>4.8</ele>
        <time>2025-11-21T01:18:44Z</time>
      </trkpt>
      <trkpt lat="39.15377393813568" lon="117.7800568622022">
        <ele>4.8</ele>
        <time>2025-11-21T01:18:45Z</time>
      </trkpt>
      <trkpt lat="39.15379656446434" lon="117.7800597660637">
        <ele>4.8</ele>
        <time>2025-11-21T01:18:46Z</time>
      </trkpt>
      <trkpt lat="39.15381935117518" lon="117.78006268131487">
        <ele>4.8</ele>
        <time>2025-11-21T01:18:47Z</time>
      </trkpt>
      <trkpt lat="39.153841624378124" lon="117.78006544148043">
        <ele>4.8</ele>
        <time>2025-11-21T01:18:48Z</time>
      </trkpt>
      <trkpt lat="39.153863807461896" lon="117.78006809266591">
        <ele>4.8</ele>
        <time>2025-11-21T01:18:49Z</time>
      </trkpt>
      <trkpt lat="39.15388583520812" lon="117.78007057682647">
        <ele>4.8</ele>
        <time>2025-11-21T01:18:50Z</time>
      </trkpt>
      <trkpt lat="39.153907588489794" lon="117.78007285380727">
        <ele>4.8</ele>
        <time>2025-11-21T01:18:51Z</time>
      </trkpt>
      <trkpt lat="39.153929188214825" lon="117.78007496633526">
        <ele>4.8</ele>
        <time>2025-11-21T01:18:52Z</time>
      </trkpt>
      <trkpt lat="39.15395061695417" lon="117.78007691754603">
        <ele>4.8</ele>
        <time>2025-11-21T01:18:53Z</time>
      </trkpt>
      <trkpt lat="39.15397204482497" lon="117.78007875503164">
        <ele>4.8</ele>
        <time>2025-11-21T01:18:54Z</time>
      </trkpt>
      <trkpt lat="39.15399327700866" lon="117.7800805081665">
        <ele>4.8</ele>
        <time>2025-11-21T01:18:55Z</time>
      </trkpt>
      <trkpt lat="39.15401768110881" lon="117.78008273114426">
        <ele>4.8</ele>
        <time>2025-11-21T01:18:56Z</time>
      </trkpt>
      <trkpt lat="39.154039258535676" lon="117.78008458447133">
        <ele>4.8</ele>
        <time>2025-11-21T01:18:57Z</time>
      </trkpt>
      <trkpt lat="39.15406408601468" lon="117.78008695878839">
        <ele>4.8</ele>
        <time>2025-11-21T01:18:58Z</time>
      </trkpt>
      <trkpt lat="39.15408572241931" lon="117.78008890196163">
        <ele>4.8</ele>
        <time>2025-11-21T01:18:59Z</time>
      </trkpt>
      <trkpt lat="39.154107481541075" lon="117.78009088248457">
        <ele>4.8</ele>
        <time>2025-11-21T01:19:00Z</time>
      </trkpt>
      <trkpt lat="39.15412891405746" lon="117.78009286915236">
        <ele>4.8</ele>
        <time>2025-11-21T01:19:01Z</time>
      </trkpt>
      <trkpt lat="39.15415031101892" lon="117.78009365365621">
        <ele>4.8</ele>
        <time>2025-11-21T01:19:02Z</time>
      </trkpt>
      <trkpt lat="39.154171818269404" lon="117.78009385506152">
        <ele>4.8</ele>
        <time>2025-11-21T01:19:03Z</time>
      </trkpt>
      <trkpt lat="39.15419265693411" lon="117.78009308405935">
        <ele>4.8</ele>
        <time>2025-11-21T01:19:04Z</time>
      </trkpt>
      <trkpt lat="39.15421351255057" lon="117.78009308248366">
        <ele>4.8</ele>
        <time>2025-11-21T01:19:05Z</time>
      </trkpt>
      <trkpt lat="39.15423410940466" lon="117.78009327501148">
        <ele>4.8</ele>
        <time>2025-11-21T01:19:06Z</time>
      </trkpt>
      <trkpt lat="39.15425534898966" lon="117.78009371807714">
        <ele>4.8</ele>
        <time>2025-11-21T01:19:07Z</time>
      </trkpt>
      <trkpt lat="39.154276567867996" lon="117.78009433550808">
        <ele>4.8</ele>
        <time>2025-11-21T01:19:08Z</time>
      </trkpt>
      <trkpt lat="39.15429784303472" lon="117.78009510806373">
        <ele>4.8</ele>
        <time>2025-11-21T01:19:09Z</time>
      </trkpt>
      <trkpt lat="39.154318871308725" lon="117.78009598931791">
        <ele>4.8</ele>
        <time>2025-11-21T01:19:10Z</time>
      </trkpt>
      <trkpt lat="39.154339790339485" lon="117.7800969589966">
        <ele>4.8</ele>
        <time>2025-11-21T01:19:11Z</time>
      </trkpt>
      <trkpt lat="39.154363979896246" lon="117.78009805473094">
        <ele>4.8</ele>
        <time>2025-11-21T01:19:12Z</time>
      </trkpt>
      <trkpt lat="39.15438568899193" lon="117.78009914944033">
        <ele>4.8</ele>
        <time>2025-11-21T01:19:13Z</time>
      </trkpt>
      <trkpt lat="39.15440769891464" lon="117.78010027260741">
        <ele>4.8</ele>
        <time>2025-11-21T01:19:14Z</time>
      </trkpt>
      <trkpt lat="39.15442924111598" lon="117.78010137958726">
        <ele>4.8</ele>
        <time>2025-11-21T01:19:15Z</time>
      </trkpt>
      <trkpt lat="39.154450871374095" lon="117.78010247025735">
        <ele>4.8</ele>
        <time>2025-11-21T01:19:16Z</time>
      </trkpt>
      <trkpt lat="39.15447572188593" lon="117.78010353822243">
        <ele>4.8</ele>
        <time>2025-11-21T01:19:17Z</time>
      </trkpt>
      <trkpt lat="39.154498159280756" lon="117.78010443589051">
        <ele>4.8</ele>
        <time>2025-11-21T01:19:18Z</time>
      </trkpt>
      <trkpt lat="39.15452087367783" lon="117.78010515461659">
        <ele>4.8</ele>
        <time>2025-11-21T01:19:19Z</time>
      </trkpt>
      <trkpt lat="39.15454322548399" lon="117.78010563937029">
        <ele>4.8</ele>
        <time>2025-11-21T01:19:20Z</time>
      </trkpt>
      <trkpt lat="39.15456558432429" lon="117.78010589191345">
        <ele>4.8</ele>
        <time>2025-11-21T01:19:21Z</time>
      </trkpt>
      <trkpt lat="39.154587841468604" lon="117.78010590253537">
        <ele>4.8</ele>
        <time>2025-11-21T01:19:22Z</time>
      </trkpt>
      <trkpt lat="39.15461020517301" lon="117.78010573061066">
        <ele>4.8</ele>
        <time>2025-11-21T01:19:23Z</time>
      </trkpt>
      <trkpt lat="39.154632508927094" lon="117.78010545847845">
        <ele>4.8</ele>
        <time>2025-11-21T01:19:24Z</time>
      </trkpt>
      <trkpt lat="39.154654757108226" lon="117.78010516849812">
        <ele>4.8</ele>
        <time>2025-11-21T01:19:25Z</time>
      </trkpt>
      <trkpt lat="39.15467690795272" lon="117.7801048873845">
        <ele>4.8</ele>
        <time>2025-11-21T01:19:26Z</time>
      </trkpt>
      <trkpt lat="39.154698922754015" lon="117.78010463737955">
        <ele>4.8</ele>
        <time>2025-11-21T01:19:27Z</time>
      </trkpt>
      <trkpt lat="39.154724190295624" lon="117.78010445710368">
        <ele>4.8</ele>
        <time>2025-11-21T01:19:28Z</time>
      </trkpt>
      <trkpt lat="39.154746692463114" lon="117.78010430086637">
        <ele>4.8</ele>
        <time>2025-11-21T01:19:29Z</time>
      </trkpt>
      <trkpt lat="39.15477271154154" lon="117.78010419671088">
        <ele>4.8</ele>
        <time>2025-11-21T01:19:30Z</time>
      </trkpt>
      <trkpt lat="39.15479560198365" lon="117.78010406937429">
        <ele>4.8</ele>
        <time>2025-11-21T01:19:31Z</time>
      </trkpt>
      <trkpt lat="39.15481866902522" lon="117.78010392492169">
        <ele>4.8</ele>
        <time>2025-11-21T01:19:32Z</time>
      </trkpt>
      <trkpt lat="39.154841183873316" lon="117.7801037579485">
        <ele>4.8</ele>
        <time>2025-11-21T01:19:33Z</time>
      </trkpt>
      <trkpt lat="39.1548636179541" lon="117.78010357057941">
        <ele>4.8</ele>
        <time>2025-11-21T01:19:34Z</time>
      </trkpt>
      <trkpt lat="39.15488587984679" lon="117.78010336454304">
        <ele>4.8</ele>
        <time>2025-11-21T01:19:35Z</time>
      </trkpt>
      <trkpt lat="39.15490803922707" lon="117.78010311888374">
        <ele>4.8</ele>
        <time>2025-11-21T01:19:36Z</time>
      </trkpt>
      <trkpt lat="39.15493008896138" lon="117.78010285582519">
        <ele>4.8</ele>
        <time>2025-11-21T01:19:37Z</time>
      </trkpt>
      <trkpt lat="39.154952057589924" lon="117.78010258652583">
        <ele>4.8</ele>
        <time>2025-11-21T01:19:38Z</time>
      </trkpt>
      <trkpt lat="39.15497396408013" lon="117.78010233622437">
        <ele>4.8</ele>
        <time>2025-11-21T01:19:39Z</time>
      </trkpt>
      <trkpt lat="39.15499583399837" lon="117.78010211022253">
        <ele>4.8</ele>
        <time>2025-11-21T01:19:40Z</time>
      </trkpt>
      <trkpt lat="39.15501811278334" lon="117.7801014864551">
        <ele>4.8</ele>
        <time>2025-11-21T01:19:41Z</time>
      </trkpt>
      <trkpt lat="39.15503995313927" lon="117.78010106381022">
        <ele>4.8</ele>
        <time>2025-11-21T01:19:42Z</time>
      </trkpt>
      <trkpt lat="39.155061713271145" lon="117.78010051321338">
        <ele>4.8</ele>
        <time>2025-11-21T01:19:43Z</time>
      </trkpt>
      <trkpt lat="39.155085636078375" lon="117.7801004145012">
        <ele>4.8</ele>
        <time>2025-11-21T01:19:44Z</time>
      </trkpt>
      <trkpt lat="39.15510697352193" lon="117.78010031753452">
        <ele>4.8</ele>
        <time>2025-11-21T01:19:45Z</time>
      </trkpt>
      <trkpt lat="39.15513113204312" lon="117.78010053722421">
        <ele>4.8</ele>
        <time>2025-11-21T01:19:46Z</time>
      </trkpt>
      <trkpt lat="39.15515285540828" lon="117.78010099023192">
        <ele>4.8</ele>
        <time>2025-11-21T01:19:47Z</time>
      </trkpt>
      <trkpt lat="39.15517507575755" lon="117.78010143934596">
        <ele>4.8</ele>
        <time>2025-11-21T01:19:48Z</time>
      </trkpt>
      <trkpt lat="39.155197000871375" lon="117.78010155680414">
        <ele>4.8</ele>
        <time>2025-11-21T01:19:49Z</time>
      </trkpt>
      <trkpt lat="39.15521933470778" lon="117.7801012282897">
        <ele>4.8</ele>
        <time>2025-11-21T01:19:50Z</time>
      </trkpt>
      <trkpt lat="39.15524212029113" lon="117.78010070910786">
        <ele>4.8</ele>
        <time>2025-11-21T01:19:51Z</time>
      </trkpt>
      <trkpt lat="39.15526503097538" lon="117.780100627343">
        <ele>4.8</ele>
        <time>2025-11-21T01:19:52Z</time>
      </trkpt>
      <trkpt lat="39.15528784699928" lon="117.78010102341993">
        <ele>4.8</ele>
        <time>2025-11-21T01:19:53Z</time>
      </trkpt>
      <trkpt lat="39.15531015884683" lon="117.78010171903267">
        <ele>4.8</ele>
        <time>2025-11-21T01:19:54Z</time>
      </trkpt>
      <trkpt lat="39.15533217289731" lon="117.78010228335016">
        <ele>4.8</ele>
        <time>2025-11-21T01:19:55Z</time>
      </trkpt>
      <trkpt lat="39.15535391158026" lon="117.78010249480403">
        <ele>4.8</ele>
        <time>2025-11-21T01:19:56Z</time>
      </trkpt>
      <trkpt lat="39.15537555003989" lon="117.78010160604384">
        <ele>4.8</ele>
        <time>2025-11-21T01:19:57Z</time>
      </trkpt>
      <trkpt lat="39.15539686499856" lon="117.78009763645233">
        <ele>4.8</ele>
        <time>2025-11-21T01:19:58Z</time>
      </trkpt>
      <trkpt lat="39.15541769752167" lon="117.78009071063266">
        <ele>4.8</ele>
        <time>2025-11-21T01:19:59Z</time>
      </trkpt>
      <trkpt lat="39.155440350015134" lon="117.78007958018814">
        <ele>4.8</ele>
        <time>2025-11-21T01:20:00Z</time>
      </trkpt>
      <trkpt lat="39.15546118812779" lon="117.78006794289068">
        <ele>4.8</ele>
        <time>2025-11-21T01:20:01Z</time>
      </trkpt>
      <trkpt lat="39.15548288370109" lon="117.78005649275622">
        <ele>4.8</ele>
        <time>2025-11-21T01:20:02Z</time>
      </trkpt>
      <trkpt lat="39.15550544304103" lon="117.7800479800131">
        <ele>4.8</ele>
        <time>2025-11-21T01:20:03Z</time>
      </trkpt>
      <trkpt lat="39.15552861714147" lon="117.78004154787051">
        <ele>4.8</ele>
        <time>2025-11-21T01:20:04Z</time>
      </trkpt>
      <trkpt lat="39.15555189816225" lon="117.78003658460023">
        <ele>4.8</ele>
        <time>2025-11-21T01:20:05Z</time>
      </trkpt>
      <trkpt lat="39.15557479873935" lon="117.78003102713305">
        <ele>4.8</ele>
        <time>2025-11-21T01:20:06Z</time>
      </trkpt>
      <trkpt lat="39.15559759116528" lon="117.78002417261098">
        <ele>4.8</ele>
        <time>2025-11-21T01:20:07Z</time>
      </trkpt>
      <trkpt lat="39.15562065870081" lon="117.78001569743053">
        <ele>4.8</ele>
        <time>2025-11-21T01:20:08Z</time>
      </trkpt>
      <trkpt lat="39.15564152154752" lon="117.78000682644415">
        <ele>4.8</ele>
        <time>2025-11-21T01:20:09Z</time>
      </trkpt>
      <trkpt lat="39.155662928050475" lon="117.77999440712344">
        <ele>4.8</ele>
        <time>2025-11-21T01:20:10Z</time>
      </trkpt>
      <trkpt lat="39.155681934699146" lon="117.77997915253077">
        <ele>4.8</ele>
        <time>2025-11-21T01:20:11Z</time>
      </trkpt>
      <trkpt lat="39.15569823596225" lon="117.7799598532844">
        <ele>4.8</ele>
        <time>2025-11-21T01:20:12Z</time>
      </trkpt>
      <trkpt lat="39.15571062359608" lon="117.7799359804831">
        <ele>4.8</ele>
        <time>2025-11-21T01:20:13Z</time>
      </trkpt>
      <trkpt lat="39.15572052531024" lon="117.77990857724396">
        <ele>4.8</ele>
        <time>2025-11-21T01:20:14Z</time>
      </trkpt>
      <trkpt lat="39.15572780849621" lon="117.77987581065403">
        <ele>4.8</ele>
        <time>2025-11-21T01:20:15Z</time>
      </trkpt>
      <trkpt lat="39.15573220969186" lon="117.77984506774851">
        <ele>4.8</ele>
        <time>2025-11-21T01:20:16Z</time>
      </trkpt>
      <trkpt lat="39.1557346032461" lon="117.77981062975438">
        <ele>4.8</ele>
        <time>2025-11-21T01:20:17Z</time>
      </trkpt>
      <trkpt lat="39.1557359845178" lon="117.77977978569821">
        <ele>4.8</ele>
        <time>2025-11-21T01:20:18Z</time>
      </trkpt>
      <trkpt lat="39.15573676936928" lon="117.77974875745693">
        <ele>4.8</ele>
        <time>2025-11-21T01:20:19Z</time>
      </trkpt>
      <trkpt lat="39.15573723795504" lon="117.7797187678036">
        <ele>4.8</ele>
        <time>2025-11-21T01:20:20Z</time>
      </trkpt>
      <trkpt lat="39.15573752548684" lon="117.77968890571861">
        <ele>4.8</ele>
        <time>2025-11-21T01:20:21Z</time>
      </trkpt>
      <trkpt lat="39.15573768723966" lon="117.77965928164294">
        <ele>4.8</ele>
        <time>2025-11-21T01:20:22Z</time>
      </trkpt>
      <trkpt lat="39.15573775486416" lon="117.77962930790055">
        <ele>4.8</ele>
        <time>2025-11-21T01:20:23Z</time>
      </trkpt>
      <trkpt lat="39.15573774437802" lon="117.77959935977331">
        <ele>4.8</ele>
        <time>2025-11-21T01:20:24Z</time>
      </trkpt>
      <trkpt lat="39.15573769943404" lon="117.77956941275198">
        <ele>4.8</ele>
        <time>2025-11-21T01:20:25Z</time>
      </trkpt>
      <trkpt lat="39.15573766721064" lon="117.77953975964652">
        <ele>4.8</ele>
        <time>2025-11-21T01:20:26Z</time>
      </trkpt>
      <trkpt lat="39.155737665285855" lon="117.77951022518042">
        <ele>4.8</ele>
        <time>2025-11-21T01:20:27Z</time>
      </trkpt>
      <trkpt lat="39.15573768049534" lon="117.7794808267769">
        <ele>4.8</ele>
        <time>2025-11-21T01:20:28Z</time>
      </trkpt>
      <trkpt lat="39.15573768053806" lon="117.77945156815204">
        <ele>4.8</ele>
        <time>2025-11-21T01:20:29Z</time>
      </trkpt>
      <trkpt lat="39.15573764290234" lon="117.77942248107009">
        <ele>4.8</ele>
        <time>2025-11-21T01:20:30Z</time>
      </trkpt>
      <trkpt lat="39.155737569059774" lon="117.77938941951156">
        <ele>4.8</ele>
        <time>2025-11-21T01:20:31Z</time>
      </trkpt>
      <trkpt lat="39.155737442208164" lon="117.77935973715132">
        <ele>4.8</ele>
        <time>2025-11-21T01:20:32Z</time>
      </trkpt>
      <trkpt lat="39.155737266413176" lon="117.77932990862529">
        <ele>4.8</ele>
        <time>2025-11-21T01:20:33Z</time>
      </trkpt>
      <trkpt lat="39.15573705403302" lon="117.77930071572285">
        <ele>4.8</ele>
        <time>2025-11-21T01:20:34Z</time>
      </trkpt>
      <trkpt lat="39.15573683143526" lon="117.77927160770258">
        <ele>4.8</ele>
        <time>2025-11-21T01:20:35Z</time>
      </trkpt>
      <trkpt lat="39.1557366390972" lon="117.77924263733914">
        <ele>4.8</ele>
        <time>2025-11-21T01:20:36Z</time>
      </trkpt>
      <trkpt lat="39.155736478073386" lon="117.7792136963268">
        <ele>4.7</ele>
        <time>2025-11-21T01:20:37Z</time>
      </trkpt>
      <trkpt lat="39.15573632755891" lon="117.77918476293233">
        <ele>4.7</ele>
        <time>2025-11-21T01:20:38Z</time>
      </trkpt>
      <trkpt lat="39.15573615838878" lon="117.77915581903483">
        <ele>4.7</ele>
        <time>2025-11-21T01:20:39Z</time>
      </trkpt>
      <trkpt lat="39.15573597491776" lon="117.77912685891529">
        <ele>4.7</ele>
        <time>2025-11-21T01:20:40Z</time>
      </trkpt>
      <trkpt lat="39.15573579702583" lon="117.77909788401107">
        <ele>4.7</ele>
        <time>2025-11-21T01:20:41Z</time>
      </trkpt>
      <trkpt lat="39.15573566601005" lon="117.77906470483958">
        <ele>4.7</ele>
        <time>2025-11-21T01:20:42Z</time>
      </trkpt>
      <trkpt lat="39.15573556915464" lon="117.77903464653612">
        <ele>4.7</ele>
        <time>2025-11-21T01:20:43Z</time>
      </trkpt>
      <trkpt lat="39.15573553437569" lon="117.77900414396434">
        <ele>4.7</ele>
        <time>2025-11-21T01:20:44Z</time>
      </trkpt>
      <trkpt lat="39.15573556294109" lon="117.77897809844616">
        <ele>4.7</ele>
        <time>2025-11-21T01:20:45Z</time>
      </trkpt>
      <trkpt lat="39.155735681638454" lon="117.77895278317943">
        <ele>4.7</ele>
        <time>2025-11-21T01:20:46Z</time>
      </trkpt>
      <trkpt lat="39.15573591394391" lon="117.77892444826719">
        <ele>4.7</ele>
        <time>2025-11-21T01:20:47Z</time>
      </trkpt>
      <trkpt lat="39.15573622216308" lon="117.77889579369067">
        <ele>4.7</ele>
        <time>2025-11-21T01:20:48Z</time>
      </trkpt>
      <trkpt lat="39.15573658497956" lon="117.7788665913343">
        <ele>4.7</ele>
        <time>2025-11-21T01:20:49Z</time>
      </trkpt>
      <trkpt lat="39.15573698894532" lon="117.77883732541231">
        <ele>4.7</ele>
        <time>2025-11-21T01:20:50Z</time>
      </trkpt>
      <trkpt lat="39.15573742706818" lon="117.77880802623429">
        <ele>4.7</ele>
        <time>2025-11-21T01:20:51Z</time>
      </trkpt>
      <trkpt lat="39.15573790570729" lon="117.77877879712868">
        <ele>4.7</ele>
        <time>2025-11-21T01:20:52Z</time>
      </trkpt>
      <trkpt lat="39.15573843102527" lon="117.77874943569309">
        <ele>4.7</ele>
        <time>2025-11-21T01:20:53Z</time>
      </trkpt>
      <trkpt lat="39.15573900265448" lon="117.77872013398033">
        <ele>4.7</ele>
        <time>2025-11-21T01:20:54Z</time>
      </trkpt>
      <trkpt lat="39.15573960832956" lon="117.77869086375968">
        <ele>4.7</ele>
        <time>2025-11-21T01:20:55Z</time>
      </trkpt>
      <trkpt lat="39.15574020935747" lon="117.77866186920315">
        <ele>4.7</ele>
        <time>2025-11-21T01:20:56Z</time>
      </trkpt>
      <trkpt lat="39.15574077511144" lon="117.7786329791362">
        <ele>4.7</ele>
        <time>2025-11-21T01:20:57Z</time>
      </trkpt>
      <trkpt lat="39.15574127815996" lon="117.77860423088943">
        <ele>4.7</ele>
        <time>2025-11-21T01:20:58Z</time>
      </trkpt>
      <trkpt lat="39.155741709131114" lon="117.77857539269988">
        <ele>4.7</ele>
        <time>2025-11-21T01:20:59Z</time>
      </trkpt>
      <trkpt lat="39.155742051017576" lon="117.77854667684913">
        <ele>4.7</ele>
        <time>2025-11-21T01:21:00Z</time>
      </trkpt>
      <trkpt lat="39.155742353730716" lon="117.77851371328661">
        <ele>4.7</ele>
        <time>2025-11-21T01:21:01Z</time>
      </trkpt>
      <trkpt lat="39.155742584415535" lon="117.778484323558">
        <ele>4.7</ele>
        <time>2025-11-21T01:21:02Z</time>
      </trkpt>
      <trkpt lat="39.15574284788589" lon="117.77845041545137">
        <ele>4.7</ele>
        <time>2025-11-21T01:21:03Z</time>
      </trkpt>
      <trkpt lat="39.15574309821206" lon="117.77842056566863">
        <ele>4.7</ele>
        <time>2025-11-21T01:21:04Z</time>
      </trkpt>
      <trkpt lat="39.15574338026488" lon="117.77839050613402">
        <ele>4.7</ele>
        <time>2025-11-21T01:21:05Z</time>
      </trkpt>
      <trkpt lat="39.15574370524337" lon="117.778361376778">
        <ele>4.7</ele>
        <time>2025-11-21T01:21:06Z</time>
      </trkpt>
      <trkpt lat="39.15574408688991" lon="117.77833236343386">
        <ele>4.7</ele>
        <time>2025-11-21T01:21:07Z</time>
      </trkpt>
      <trkpt lat="39.15574451615269" lon="117.77830353058481">
        <ele>4.7</ele>
        <time>2025-11-21T01:21:08Z</time>
      </trkpt>
      <trkpt lat="39.15574495796947" lon="117.77827451314569">
        <ele>4.7</ele>
        <time>2025-11-21T01:21:09Z</time>
      </trkpt>
      <trkpt lat="39.1557453744853" lon="117.77824550056751">
        <ele>4.7</ele>
        <time>2025-11-21T01:21:10Z</time>
      </trkpt>
      <trkpt lat="39.155745731473715" lon="117.77821650037036">
        <ele>4.7</ele>
        <time>2025-11-21T01:21:11Z</time>
      </trkpt>
      <trkpt lat="39.155746001451284" lon="117.77818779221644">
        <ele>4.7</ele>
        <time>2025-11-21T01:21:12Z</time>
      </trkpt>
      <trkpt lat="39.15574618260929" lon="117.77815921810203">
        <ele>4.7</ele>
        <time>2025-11-21T01:21:13Z</time>
      </trkpt>
      <trkpt lat="39.15574593152597" lon="117.77812972789287">
        <ele>4.7</ele>
        <time>2025-11-21T01:21:14Z</time>
      </trkpt>
      <trkpt lat="39.15574569123679" lon="117.77810032987122">
        <ele>4.7</ele>
        <time>2025-11-21T01:21:15Z</time>
      </trkpt>
      <trkpt lat="39.15574542358247" lon="117.77807053125154">
        <ele>4.7</ele>
        <time>2025-11-21T01:21:16Z</time>
      </trkpt>
      <trkpt lat="39.15574557755929" lon="117.77803765598296">
        <ele>4.7</ele>
        <time>2025-11-21T01:21:17Z</time>
      </trkpt>
      <trkpt lat="39.15574568308219" lon="117.77800800413019">
        <ele>4.7</ele>
        <time>2025-11-21T01:21:18Z</time>
      </trkpt>
      <trkpt lat="39.155745829804346" lon="117.77797863097541">
        <ele>4.7</ele>
        <time>2025-11-21T01:21:19Z</time>
      </trkpt>
      <trkpt lat="39.155745966299904" lon="117.77794993451428">
        <ele>4.7</ele>
        <time>2025-11-21T01:21:20Z</time>
      </trkpt>
      <trkpt lat="39.15574611009179" lon="117.77792143657395">
        <ele>4.7</ele>
        <time>2025-11-21T01:21:21Z</time>
      </trkpt>
      <trkpt lat="39.15574626047275" lon="117.77789315436141">
        <ele>4.7</ele>
        <time>2025-11-21T01:21:22Z</time>
      </trkpt>
      <trkpt lat="39.15574642169203" lon="117.77786501256278">
        <ele>4.7</ele>
        <time>2025-11-21T01:21:23Z</time>
      </trkpt>
      <trkpt lat="39.15574659237321" lon="117.77783698550056">
        <ele>4.7</ele>
        <time>2025-11-21T01:21:24Z</time>
      </trkpt>
      <trkpt lat="39.1557468109836" lon="117.77780488612711">
        <ele>4.7</ele>
        <time>2025-11-21T01:21:25Z</time>
      </trkpt>
      <trkpt lat="39.155747055386755" lon="117.7777760232853">
        <ele>4.7</ele>
        <time>2025-11-21T01:21:26Z</time>
      </trkpt>
      <trkpt lat="39.15574738159603" lon="117.77774711675917">
        <ele>4.7</ele>
        <time>2025-11-21T01:21:27Z</time>
      </trkpt>
      <trkpt lat="39.1557477787884" lon="117.77771853227766">
        <ele>4.7</ele>
        <time>2025-11-21T01:21:28Z</time>
      </trkpt>
      <trkpt lat="39.15574822069485" lon="117.77768994681279">
        <ele>4.7</ele>
        <time>2025-11-21T01:21:29Z</time>
      </trkpt>
      <trkpt lat="39.155748647229444" lon="117.77766117228656">
        <ele>4.7</ele>
        <time>2025-11-21T01:21:30Z</time>
      </trkpt>
      <trkpt lat="39.15574902807975" lon="117.77763259438709">
        <ele>4.7</ele>
        <time>2025-11-21T01:21:31Z</time>
      </trkpt>
      <trkpt lat="39.155749330167396" lon="117.77760405169413">
        <ele>4.7</ele>
        <time>2025-11-21T01:21:32Z</time>
      </trkpt>
      <trkpt lat="39.15574958131211" lon="117.77757118567793">
        <ele>4.7</ele>
        <time>2025-11-21T01:21:33Z</time>
      </trkpt>
      <trkpt lat="39.15574973108944" lon="117.77754148544295">
        <ele>4.7</ele>
        <time>2025-11-21T01:21:34Z</time>
      </trkpt>
      <trkpt lat="39.15574982567509" lon="117.77751141700526">
        <ele>4.7</ele>
        <time>2025-11-21T01:21:35Z</time>
      </trkpt>
      <trkpt lat="39.15574986617004" lon="117.77748204466131">
        <ele>4.7</ele>
        <time>2025-11-21T01:21:36Z</time>
      </trkpt>
      <trkpt lat="39.15574986840523" lon="117.7774526998679">
        <ele>4.7</ele>
        <time>2025-11-21T01:21:37Z</time>
      </trkpt>
      <trkpt lat="39.15574983298255" lon="117.7774235043521">
        <ele>4.7</ele>
        <time>2025-11-21T01:21:38Z</time>
      </trkpt>
      <trkpt lat="39.15574976814846" lon="117.77739438370726">
        <ele>4.7</ele>
        <time>2025-11-21T01:21:39Z</time>
      </trkpt>
      <trkpt lat="39.15574970591296" lon="117.77736535674634">
        <ele>4.7</ele>
        <time>2025-11-21T01:21:40Z</time>
      </trkpt>
      <trkpt lat="39.15574964901932" lon="117.77733642997553">
        <ele>4.7</ele>
        <time>2025-11-21T01:21:41Z</time>
      </trkpt>
      <trkpt lat="39.15574959806911" lon="117.77730762376316">
        <ele>4.7</ele>
        <time>2025-11-21T01:21:42Z</time>
      </trkpt>
      <trkpt lat="39.155749533693744" lon="117.77727894546506">
        <ele>4.7</ele>
        <time>2025-11-21T01:21:43Z</time>
      </trkpt>
      <trkpt lat="39.15574946883149" lon="117.77725039103143">
        <ele>4.7</ele>
        <time>2025-11-21T01:21:44Z</time>
      </trkpt>
      <trkpt lat="39.15574942236911" lon="117.7772216927013">
        <ele>4.7</ele>
        <time>2025-11-21T01:21:45Z</time>
      </trkpt>
      <trkpt lat="39.15574942419581" lon="117.77719299659613">
        <ele>4.7</ele>
        <time>2025-11-21T01:21:46Z</time>
      </trkpt>
      <trkpt lat="39.155749488043384" lon="117.777164239989">
        <ele>4.7</ele>
        <time>2025-11-21T01:21:47Z</time>
      </trkpt>
      <trkpt lat="39.15574960136534" lon="117.77713982375474">
        <ele>4.7</ele>
        <time>2025-11-21T01:21:48Z</time>
      </trkpt>
      <trkpt lat="39.15574991330249" lon="117.7771155705432">
        <ele>4.7</ele>
        <time>2025-11-21T01:21:49Z</time>
      </trkpt>
      <trkpt lat="39.15575047648265" lon="117.77708859626789">
        <ele>4.7</ele>
        <time>2025-11-21T01:21:50Z</time>
      </trkpt>
      <trkpt lat="39.155751222963886" lon="117.77706062494583">
        <ele>4.7</ele>
        <time>2025-11-21T01:21:51Z</time>
      </trkpt>
      <trkpt lat="39.15575217406369" lon="117.77703204186713">
        <ele>4.7</ele>
        <time>2025-11-21T01:21:52Z</time>
      </trkpt>
      <trkpt lat="39.1557535096091" lon="117.77700294431898">
        <ele>4.7</ele>
        <time>2025-11-21T01:21:53Z</time>
      </trkpt>
      <trkpt lat="39.15575500844517" lon="117.77697347631475">
        <ele>4.7</ele>
        <time>2025-11-21T01:21:54Z</time>
      </trkpt>
      <trkpt lat="39.15575633483712" lon="117.77694367324985">
        <ele>4.7</ele>
        <time>2025-11-21T01:21:55Z</time>
      </trkpt>
      <trkpt lat="39.155757055664246" lon="117.77691392908474">
        <ele>4.7</ele>
        <time>2025-11-21T01:21:56Z</time>
      </trkpt>
      <trkpt lat="39.155757306089875" lon="117.77688406100741">
        <ele>4.7</ele>
        <time>2025-11-21T01:21:57Z</time>
      </trkpt>
      <trkpt lat="39.15575729559514" lon="117.77685436878481">
        <ele>4.7</ele>
        <time>2025-11-21T01:21:58Z</time>
      </trkpt>
      <trkpt lat="39.15575721938294" lon="117.77682468515624">
        <ele>4.7</ele>
        <time>2025-11-21T01:21:59Z</time>
      </trkpt>
      <trkpt lat="39.15575718381347" lon="117.77679528506076">
        <ele>4.7</ele>
        <time>2025-11-21T01:22:00Z</time>
      </trkpt>
      <trkpt lat="39.15575702989534" lon="117.77676600732853">
        <ele>4.7</ele>
        <time>2025-11-21T01:22:01Z</time>
      </trkpt>
      <trkpt lat="39.15575666351197" lon="117.77673676227025">
        <ele>4.7</ele>
        <time>2025-11-21T01:22:02Z</time>
      </trkpt>
      <trkpt lat="39.15575614057141" lon="117.77670810145311">
        <ele>4.7</ele>
        <time>2025-11-21T01:22:03Z</time>
      </trkpt>
      <trkpt lat="39.15575535049048" lon="117.77667644656964">
        <ele>4.7</ele>
        <time>2025-11-21T01:22:04Z</time>
      </trkpt>
      <trkpt lat="39.15575455878936" lon="117.7766476209045">
        <ele>4.7</ele>
        <time>2025-11-21T01:22:05Z</time>
      </trkpt>
      <trkpt lat="39.15575369895303" lon="117.77661820738429">
        <ele>4.7</ele>
        <time>2025-11-21T01:22:06Z</time>
      </trkpt>
      <trkpt lat="39.15575296087669" lon="117.77658929713225">
        <ele>4.7</ele>
        <time>2025-11-21T01:22:07Z</time>
      </trkpt>
      <trkpt lat="39.15575206563516" lon="117.7765603980645">
        <ele>4.7</ele>
        <time>2025-11-21T01:22:08Z</time>
      </trkpt>
      <trkpt lat="39.155750936248275" lon="117.77653170326738">
        <ele>4.7</ele>
        <time>2025-11-21T01:22:09Z</time>
      </trkpt>
      <trkpt lat="39.155749636772434" lon="117.77650301137287">
        <ele>4.7</ele>
        <time>2025-11-21T01:22:10Z</time>
      </trkpt>
      <trkpt lat="39.155748581036896" lon="117.7764742302129">
        <ele>4.7</ele>
        <time>2025-11-21T01:22:11Z</time>
      </trkpt>
      <trkpt lat="39.155748092843375" lon="117.77644536053023">
        <ele>4.7</ele>
        <time>2025-11-21T01:22:12Z</time>
      </trkpt>
      <trkpt lat="39.15574875343507" lon="117.77641651449953">
        <ele>4.7</ele>
        <time>2025-11-21T01:22:13Z</time>
      </trkpt>
      <trkpt lat="39.15575022668143" lon="117.776388287475">
        <ele>4.7</ele>
        <time>2025-11-21T01:22:14Z</time>
      </trkpt>
      <trkpt lat="39.155753422901824" lon="117.7763570779156">
        <ele>4.7</ele>
        <time>2025-11-21T01:22:15Z</time>
      </trkpt>
      <trkpt lat="39.15575776949906" lon="117.77632824134383">
        <ele>4.7</ele>
        <time>2025-11-21T01:22:16Z</time>
      </trkpt>
      <trkpt lat="39.15576368751537" lon="117.77629797557651">
        <ele>4.7</ele>
        <time>2025-11-21T01:22:17Z</time>
      </trkpt>
      <trkpt lat="39.15577010444318" lon="117.77627042184432">
        <ele>4.7</ele>
        <time>2025-11-21T01:22:18Z</time>
      </trkpt>
      <trkpt lat="39.15577648764636" lon="117.77624304317071">
        <ele>4.7</ele>
        <time>2025-11-21T01:22:19Z</time>
      </trkpt>
      <trkpt lat="39.155781738572514" lon="117.77621692771633">
        <ele>4.7</ele>
        <time>2025-11-21T01:22:20Z</time>
      </trkpt>
      <trkpt lat="39.15578587485729" lon="117.77618879026207">
        <ele>4.7</ele>
        <time>2025-11-21T01:22:21Z</time>
      </trkpt>
      <trkpt lat="39.155789088800084" lon="117.77616122837796">
        <ele>4.7</ele>
        <time>2025-11-21T01:22:22Z</time>
      </trkpt>
      <trkpt lat="39.155792207973604" lon="117.77613363328872">
        <ele>4.7</ele>
        <time>2025-11-21T01:22:23Z</time>
      </trkpt>
      <trkpt lat="39.155795825899375" lon="117.77610634073058">
        <ele>4.7</ele>
        <time>2025-11-21T01:22:24Z</time>
      </trkpt>
      <trkpt lat="39.15579984147247" lon="117.77607898064136">
        <ele>4.7</ele>
        <time>2025-11-21T01:22:25Z</time>
      </trkpt>
      <trkpt lat="39.15580401580248" lon="117.776051823366">
        <ele>4.7</ele>
        <time>2025-11-21T01:22:26Z</time>
      </trkpt>
      <trkpt lat="39.15580785913779" lon="117.77602482000573">
        <ele>4.7</ele>
        <time>2025-11-21T01:22:27Z</time>
      </trkpt>
      <trkpt lat="39.15581151482106" lon="117.77599794272248">
        <ele>4.7</ele>
        <time>2025-11-21T01:22:28Z</time>
      </trkpt>
      <trkpt lat="39.155814860543934" lon="117.77597108800603">
        <ele>4.7</ele>
        <time>2025-11-21T01:22:29Z</time>
      </trkpt>
      <trkpt lat="39.15581793682293" lon="117.77594399199995">
        <ele>4.7</ele>
        <time>2025-11-21T01:22:30Z</time>
      </trkpt>
      <trkpt lat="39.15582071089566" lon="117.77591675322364">
        <ele>4.7</ele>
        <time>2025-11-21T01:22:31Z</time>
      </trkpt>
      <trkpt lat="39.15582350073279" lon="117.77588941322634">
        <ele>4.7</ele>
        <time>2025-11-21T01:22:32Z</time>
      </trkpt>
      <trkpt lat="39.15582626157242" lon="117.77586186772753">
        <ele>4.7</ele>
        <time>2025-11-21T01:22:33Z</time>
      </trkpt>
      <trkpt lat="39.15582899117109" lon="117.77583489125104">
        <ele>4.7</ele>
        <time>2025-11-21T01:22:34Z</time>
      </trkpt>
      <trkpt lat="39.15583238948169" lon="117.77580520926702">
        <ele>4.7</ele>
        <time>2025-11-21T01:22:35Z</time>
      </trkpt>
      <trkpt lat="39.155836490235885" lon="117.77577918182133">
        <ele>4.7</ele>
        <time>2025-11-21T01:22:36Z</time>
      </trkpt>
      <trkpt lat="39.155842844119974" lon="117.77575434854326">
        <ele>4.7</ele>
        <time>2025-11-21T01:22:37Z</time>
      </trkpt>
      <trkpt lat="39.15585397729065" lon="117.7757354251421">
        <ele>4.7</ele>
        <time>2025-11-21T01:22:38Z</time>
      </trkpt>
      <trkpt lat="39.155868673177224" lon="117.77572141712996">
        <ele>4.7</ele>
        <time>2025-11-21T01:22:39Z</time>
      </trkpt>
      <trkpt lat="39.15588599025521" lon="117.77571276446965">
        <ele>4.7</ele>
        <time>2025-11-21T01:22:40Z</time>
      </trkpt>
      <trkpt lat="39.155904838421336" lon="117.77570911434397">
        <ele>4.7</ele>
        <time>2025-11-21T01:22:41Z</time>
      </trkpt>
      <trkpt lat="39.155924408356995" lon="117.77570812847452">
        <ele>4.7</ele>
        <time>2025-11-21T01:22:42Z</time>
      </trkpt>
      <trkpt lat="39.15594438607747" lon="117.77570895959776">
        <ele>4.7</ele>
        <time>2025-11-21T01:22:43Z</time>
      </trkpt>
      <trkpt lat="39.155964685257395" lon="117.77571126098739">
        <ele>4.7</ele>
        <time>2025-11-21T01:22:44Z</time>
      </trkpt>
      <trkpt lat="39.155985166376816" lon="117.77571457386838">
        <ele>4.7</ele>
        <time>2025-11-21T01:22:45Z</time>
      </trkpt>
      <trkpt lat="39.15600551243891" lon="117.77571876708724">
        <ele>4.7</ele>
        <time>2025-11-21T01:22:46Z</time>
      </trkpt>
      <trkpt lat="39.15602553197002" lon="117.77572389554464">
        <ele>4.7</ele>
        <time>2025-11-21T01:22:47Z</time>
      </trkpt>
      <trkpt lat="39.15604471573312" lon="117.77572955115916">
        <ele>4.7</ele>
        <time>2025-11-21T01:22:48Z</time>
      </trkpt>
      <trkpt lat="39.156066164592225" lon="117.77573641168634">
        <ele>4.7</ele>
        <time>2025-11-21T01:22:49Z</time>
      </trkpt>
      <trkpt lat="39.15608563399706" lon="117.77574286759584">
        <ele>4.7</ele>
        <time>2025-11-21T01:22:50Z</time>
      </trkpt>
      <trkpt lat="39.15610804187308" lon="117.77575134259654">
        <ele>4.7</ele>
        <time>2025-11-21T01:22:51Z</time>
      </trkpt>
      <trkpt lat="39.15612857905046" lon="117.77576111583313">
        <ele>4.7</ele>
        <time>2025-11-21T01:22:52Z</time>
      </trkpt>
      <trkpt lat="39.156149404880296" lon="117.77577076478791">
        <ele>4.7</ele>
        <time>2025-11-21T01:22:53Z</time>
      </trkpt>
      <trkpt lat="39.15617099014553" lon="117.77577825902884">
        <ele>4.7</ele>
        <time>2025-11-21T01:22:54Z</time>
      </trkpt>
      <trkpt lat="39.156192515418695" lon="117.77578292096452">
        <ele>4.7</ele>
        <time>2025-11-21T01:22:55Z</time>
      </trkpt>
      <trkpt lat="39.15621409725047" lon="117.77578690159407">
        <ele>4.7</ele>
        <time>2025-11-21T01:22:56Z</time>
      </trkpt>
      <trkpt lat="39.156235583083884" lon="117.7757904153873">
        <ele>4.7</ele>
        <time>2025-11-21T01:22:57Z</time>
      </trkpt>
      <trkpt lat="39.15625700997009" lon="117.77579389384661">
        <ele>4.7</ele>
        <time>2025-11-21T01:22:58Z</time>
      </trkpt>
      <trkpt lat="39.15627836686797" lon="117.77579740170768">
        <ele>4.7</ele>
        <time>2025-11-21T01:22:59Z</time>
      </trkpt>
      <trkpt lat="39.156299659227976" lon="117.7758009558698">
        <ele>4.7</ele>
        <time>2025-11-21T01:23:00Z</time>
      </trkpt>
      <trkpt lat="39.1563208410285" lon="117.77580448747601">
        <ele>4.7</ele>
        <time>2025-11-21T01:23:01Z</time>
      </trkpt>
      <trkpt lat="39.1563418901227" lon="117.77580789347844">
        <ele>4.7</ele>
        <time>2025-11-21T01:23:02Z</time>
      </trkpt>
      <trkpt lat="39.1563627738661" lon="117.77581101858266">
        <ele>4.7</ele>
        <time>2025-11-21T01:23:03Z</time>
      </trkpt>
      <trkpt lat="39.156383471889214" lon="117.77581376718169">
        <ele>4.7</ele>
        <time>2025-11-21T01:23:04Z</time>
      </trkpt>
      <trkpt lat="39.15640719943243" lon="117.77581601365173">
        <ele>4.7</ele>
        <time>2025-11-21T01:23:05Z</time>
      </trkpt>
      <trkpt lat="39.15642811312367" lon="117.77581776457869">
        <ele>4.7</ele>
        <time>2025-11-21T01:23:06Z</time>
      </trkpt>
      <trkpt lat="39.15645249245426" lon="117.77581891121434">
        <ele>4.7</ele>
        <time>2025-11-21T01:23:07Z</time>
      </trkpt>
      <trkpt lat="39.156473929542656" lon="117.77581952244653">
        <ele>4.7</ele>
        <time>2025-11-21T01:23:08Z</time>
      </trkpt>
      <trkpt lat="39.15649560199056" lon="117.77581956835962">
        <ele>4.7</ele>
        <time>2025-11-21T01:23:09Z</time>
      </trkpt>
      <trkpt lat="39.156516820467296" lon="117.77581902652261">
        <ele>4.7</ele>
        <time>2025-11-21T01:23:10Z</time>
      </trkpt>
      <trkpt lat="39.156538029996206" lon="117.77581796820884">
        <ele>4.7</ele>
        <time>2025-11-21T01:23:11Z</time>
      </trkpt>
      <trkpt lat="39.156559138178864" lon="117.77581643288086">
        <ele>4.7</ele>
        <time>2025-11-21T01:23:12Z</time>
      </trkpt>
      <trkpt lat="39.15658018502598" lon="117.77581445950857">
        <ele>4.7</ele>
        <time>2025-11-21T01:23:13Z</time>
      </trkpt>
      <trkpt lat="39.1566011582796" lon="117.77581216840554">
        <ele>4.7</ele>
        <time>2025-11-21T01:23:14Z</time>
      </trkpt>
      <trkpt lat="39.15662207933059" lon="117.77580963223643">
        <ele>4.7</ele>
        <time>2025-11-21T01:23:15Z</time>
      </trkpt>
      <trkpt lat="39.15664296894993" lon="117.77580687537242">
        <ele>4.7</ele>
        <time>2025-11-21T01:23:16Z</time>
      </trkpt>
      <trkpt lat="39.15666383202751" lon="117.77580396719192">
        <ele>4.7</ele>
        <time>2025-11-21T01:23:17Z</time>
      </trkpt>
      <trkpt lat="39.15668467673071" lon="117.7758009393845">
        <ele>4.7</ele>
        <time>2025-11-21T01:23:18Z</time>
      </trkpt>
      <trkpt lat="39.15670552537225" lon="117.77579781027441">
        <ele>4.7</ele>
        <time>2025-11-21T01:23:19Z</time>
      </trkpt>
      <trkpt lat="39.15672642334932" lon="117.77579459572321">
        <ele>4.7</ele>
        <time>2025-11-21T01:23:20Z</time>
      </trkpt>
      <trkpt lat="39.156747426064356" lon="117.77579128566286">
        <ele>4.7</ele>
        <time>2025-11-21T01:23:21Z</time>
      </trkpt>
      <trkpt lat="39.15676518492493" lon="117.77578807928704">
        <ele>4.7</ele>
        <time>2025-11-21T01:23:22Z</time>
      </trkpt>
      <trkpt lat="39.15678554669499" lon="117.77578459230065">
        <ele>4.7</ele>
        <time>2025-11-21T01:23:23Z</time>
      </trkpt>
      <trkpt lat="39.15680578630709" lon="117.77578101473283">
        <ele>4.7</ele>
        <time>2025-11-21T01:23:24Z</time>
      </trkpt>
      <trkpt lat="39.1568265423362" lon="117.77577732121446">
        <ele>4.7</ele>
        <time>2025-11-21T01:23:25Z</time>
      </trkpt>
      <trkpt lat="39.15684756643238" lon="117.77577357214567">
        <ele>4.7</ele>
        <time>2025-11-21T01:23:26Z</time>
      </trkpt>
      <trkpt lat="39.15686878082541" lon="117.77576985282671">
        <ele>4.7</ele>
        <time>2025-11-21T01:23:27Z</time>
      </trkpt>
      <trkpt lat="39.156890112650274" lon="117.77576628401859">
        <ele>4.7</ele>
        <time>2025-11-21T01:23:28Z</time>
      </trkpt>
      <trkpt lat="39.15691153957065" lon="117.77576296279636">
        <ele>4.7</ele>
        <time>2025-11-21T01:23:29Z</time>
      </trkpt>
      <trkpt lat="39.156933013720675" lon="117.7757599981672">
        <ele>4.7</ele>
        <time>2025-11-21T01:23:30Z</time>
      </trkpt>
      <trkpt lat="39.15695431967678" lon="117.77575662706475">
        <ele>4.7</ele>
        <time>2025-11-21T01:23:31Z</time>
      </trkpt>
      <trkpt lat="39.156974538974275" lon="117.7757541900602">
        <ele>4.7</ele>
        <time>2025-11-21T01:23:32Z</time>
      </trkpt>
      <trkpt lat="39.1569937984944" lon="117.77575281849491">
        <ele>4.7</ele>
        <time>2025-11-21T01:23:33Z</time>
      </trkpt>
      <trkpt lat="39.15701276972465" lon="117.77575345550754">
        <ele>4.7</ele>
        <time>2025-11-21T01:23:34Z</time>
      </trkpt>
      <trkpt lat="39.157032414163" lon="117.77575551991819">
        <ele>4.7</ele>
        <time>2025-11-21T01:23:35Z</time>
      </trkpt>
      <trkpt lat="39.15705604461499" lon="117.77575879219616">
        <ele>4.7</ele>
        <time>2025-11-21T01:23:36Z</time>
      </trkpt>
      <trkpt lat="39.15708060013931" lon="117.77576277475994">
        <ele>4.7</ele>
        <time>2025-11-21T01:23:37Z</time>
      </trkpt>
      <trkpt lat="39.157102882998736" lon="117.77576684694229">
        <ele>4.7</ele>
        <time>2025-11-21T01:23:38Z</time>
      </trkpt>
      <trkpt lat="39.157125000132325" lon="117.77577124577085">
        <ele>4.7</ele>
        <time>2025-11-21T01:23:39Z</time>
      </trkpt>
      <trkpt lat="39.157146675530655" lon="117.77577583937256">
        <ele>4.7</ele>
        <time>2025-11-21T01:23:40Z</time>
      </trkpt>
      <trkpt lat="39.157168243573345" lon="117.77578061091181">
        <ele>4.7</ele>
        <time>2025-11-21T01:23:41Z</time>
      </trkpt>
      <trkpt lat="39.1571897072299" lon="117.77578546999658">
        <ele>4.7</ele>
        <time>2025-11-21T01:23:42Z</time>
      </trkpt>
      <trkpt lat="39.157211152548065" lon="117.77579036344122">
        <ele>4.7</ele>
        <time>2025-11-21T01:23:43Z</time>
      </trkpt>
      <trkpt lat="39.15723259915273" lon="117.77579525226751">
        <ele>4.7</ele>
        <time>2025-11-21T01:23:44Z</time>
      </trkpt>
      <trkpt lat="39.15725408429614" lon="117.77580006902336">
        <ele>4.7</ele>
        <time>2025-11-21T01:23:45Z</time>
      </trkpt>
      <trkpt lat="39.1572756195793" lon="117.77580477485594">
        <ele>4.7</ele>
        <time>2025-11-21T01:23:46Z</time>
      </trkpt>
      <trkpt lat="39.15729719417441" lon="117.77580927731773">
        <ele>4.7</ele>
        <time>2025-11-21T01:23:47Z</time>
      </trkpt>
      <trkpt lat="39.157318786869546" lon="117.77581348609932">
        <ele>4.7</ele>
        <time>2025-11-21T01:23:48Z</time>
      </trkpt>
      <trkpt lat="39.15734033860396" lon="117.77581735182908">
        <ele>4.7</ele>
        <time>2025-11-21T01:23:49Z</time>
      </trkpt>
      <trkpt lat="39.15736180582062" lon="117.77582084642124">
        <ele>4.7</ele>
        <time>2025-11-21T01:23:50Z</time>
      </trkpt>
      <trkpt lat="39.15738314548834" lon="117.77582394588225">
        <ele>4.7</ele>
        <time>2025-11-21T01:23:51Z</time>
      </trkpt>
      <trkpt lat="39.15740771697789" lon="117.77582709028943">
        <ele>4.7</ele>
        <time>2025-11-21T01:23:52Z</time>
      </trkpt>
      <trkpt lat="39.157432918792026" lon="117.77582995312353">
        <ele>4.7</ele>
        <time>2025-11-21T01:23:53Z</time>
      </trkpt>
      <trkpt lat="39.15745563787129" lon="117.77583213251557">
        <ele>4.7</ele>
        <time>2025-11-21T01:23:54Z</time>
      </trkpt>
      <trkpt lat="39.15747810945167" lon="117.77583385834001">
        <ele>4.7</ele>
        <time>2025-11-21T01:23:55Z</time>
      </trkpt>
      <trkpt lat="39.15750012550225" lon="117.77583512348131">
        <ele>4.7</ele>
        <time>2025-11-21T01:23:56Z</time>
      </trkpt>
      <trkpt lat="39.157522072260335" lon="117.77583597296908">
        <ele>4.7</ele>
        <time>2025-11-21T01:23:57Z</time>
      </trkpt>
      <trkpt lat="39.15754376499324" lon="117.77583640774355">
        <ele>4.7</ele>
        <time>2025-11-21T01:23:58Z</time>
      </trkpt>
      <trkpt lat="39.15756539520653" lon="117.77583653807831">
        <ele>4.7</ele>
        <time>2025-11-21T01:23:59Z</time>
      </trkpt>
      <trkpt lat="39.1575869404646" lon="117.77583648477342">
        <ele>4.7</ele>
        <time>2025-11-21T01:24:00Z</time>
      </trkpt>
      <trkpt lat="39.15760861613026" lon="117.77583639103709">
        <ele>4.7</ele>
        <time>2025-11-21T01:24:01Z</time>
      </trkpt>
      <trkpt lat="39.15763029948862" lon="117.77583642602936">
        <ele>4.7</ele>
        <time>2025-11-21T01:24:02Z</time>
      </trkpt>
      <trkpt lat="39.15765220436699" lon="117.77583366903377">
        <ele>4.7</ele>
        <time>2025-11-21T01:24:03Z</time>
      </trkpt>
      <trkpt lat="39.157673303209" lon="117.77582666251232">
        <ele>4.7</ele>
        <time>2025-11-21T01:24:04Z</time>
      </trkpt>
      <trkpt lat="39.15769419867859" lon="117.77581628950797">
        <ele>4.7</ele>
        <time>2025-11-21T01:24:05Z</time>
      </trkpt>
      <trkpt lat="39.15771443031045" lon="117.77580584243057">
        <ele>4.7</ele>
        <time>2025-11-21T01:24:06Z</time>
      </trkpt>
      <trkpt lat="39.1577342115668" lon="117.7757961532887">
        <ele>4.7</ele>
        <time>2025-11-21T01:24:07Z</time>
      </trkpt>
      <trkpt lat="39.15775346015964" lon="117.77578768622811">
        <ele>4.7</ele>
        <time>2025-11-21T01:24:08Z</time>
      </trkpt>
      <trkpt lat="39.15777519734358" lon="117.7757793477094">
        <ele>4.7</ele>
        <time>2025-11-21T01:24:09Z</time>
      </trkpt>
      <trkpt lat="39.15779520652076" lon="117.77577234489675">
        <ele>4.7</ele>
        <time>2025-11-21T01:24:10Z</time>
      </trkpt>
      <trkpt lat="39.157815694574204" lon="117.77576575073145">
        <ele>4.7</ele>
        <time>2025-11-21T01:24:11Z</time>
      </trkpt>
      <trkpt lat="39.157836012489945" lon="117.7757601184376">
        <ele>4.7</ele>
        <time>2025-11-21T01:24:12Z</time>
      </trkpt>
      <trkpt lat="39.1578566029928" lon="117.77575561968516">
        <ele>4.7</ele>
        <time>2025-11-21T01:24:13Z</time>
      </trkpt>
      <trkpt lat="39.15787741257078" lon="117.77575238158632">
        <ele>4.7</ele>
        <time>2025-11-21T01:24:14Z</time>
      </trkpt>
      <trkpt lat="39.157898448878704" lon="117.77575058899656">
        <ele>4.7</ele>
        <time>2025-11-21T01:24:15Z</time>
      </trkpt>
      <trkpt lat="39.15791944861729" lon="117.77574924932388">
        <ele>4.7</ele>
        <time>2025-11-21T01:24:16Z</time>
      </trkpt>
      <trkpt lat="39.15794037385486" lon="117.77574799247917">
        <ele>4.7</ele>
        <time>2025-11-21T01:24:17Z</time>
      </trkpt>
      <trkpt lat="39.1579614422067" lon="117.77574709057404">
        <ele>4.7</ele>
        <time>2025-11-21T01:24:18Z</time>
      </trkpt>
      <trkpt lat="39.157982714900484" lon="117.77574684137207">
        <ele>4.7</ele>
        <time>2025-11-21T01:24:19Z</time>
      </trkpt>
      <trkpt lat="39.158004388501304" lon="117.7757475625323">
        <ele>4.7</ele>
        <time>2025-11-21T01:24:20Z</time>
      </trkpt>
      <trkpt lat="39.15802586519251" lon="117.775749769309">
        <ele>4.7</ele>
        <time>2025-11-21T01:24:21Z</time>
      </trkpt>
      <trkpt lat="39.15804748991389" lon="117.7757529899588">
        <ele>4.7</ele>
        <time>2025-11-21T01:24:22Z</time>
      </trkpt>
      <trkpt lat="39.15806943274904" lon="117.7757571970405">
        <ele>4.7</ele>
        <time>2025-11-21T01:24:23Z</time>
      </trkpt>
      <trkpt lat="39.158089225418536" lon="117.77576178052273">
        <ele>4.7</ele>
        <time>2025-11-21T01:24:24Z</time>
      </trkpt>
      <trkpt lat="39.15811060021399" lon="117.77576806517081">
        <ele>4.7</ele>
        <time>2025-11-21T01:24:25Z</time>
      </trkpt>
      <trkpt lat="39.15813123058872" lon="117.77577492476262">
        <ele>4.7</ele>
        <time>2025-11-21T01:24:26Z</time>
      </trkpt>
      <trkpt lat="39.15815185541576" lon="117.77578231647881">
        <ele>4.7</ele>
        <time>2025-11-21T01:24:27Z</time>
      </trkpt>
      <trkpt lat="39.15817256790272" lon="117.77578951000274">
        <ele>4.7</ele>
        <time>2025-11-21T01:24:28Z</time>
      </trkpt>
      <trkpt lat="39.15819348149689" lon="117.7757963380402">
        <ele>4.7</ele>
        <time>2025-11-21T01:24:29Z</time>
      </trkpt>
      <trkpt lat="39.158214788923786" lon="117.77580230508423">
        <ele>4.7</ele>
        <time>2025-11-21T01:24:30Z</time>
      </trkpt>
      <trkpt lat="39.15823669676607" lon="117.77580654111705">
        <ele>4.7</ele>
        <time>2025-11-21T01:24:31Z</time>
      </trkpt>
      <trkpt lat="39.15825910849963" lon="117.77581006920921">
        <ele>4.7</ele>
        <time>2025-11-21T01:24:32Z</time>
      </trkpt>
      <trkpt lat="39.15828185696479" lon="117.77581334961195">
        <ele>4.7</ele>
        <time>2025-11-21T01:24:33Z</time>
      </trkpt>
      <trkpt lat="39.158304851448015" lon="117.77581711263447">
        <ele>4.7</ele>
        <time>2025-11-21T01:24:34Z</time>
      </trkpt>
      <trkpt lat="39.1583281428276" lon="117.77582076699484">
        <ele>4.7</ele>
        <time>2025-11-21T01:24:35Z</time>
      </trkpt>
      <trkpt lat="39.15835154443887" lon="117.77582420058441">
        <ele>4.7</ele>
        <time>2025-11-21T01:24:36Z</time>
      </trkpt>
      <trkpt lat="39.15837474804506" lon="117.7758270147511">
        <ele>4.7</ele>
        <time>2025-11-21T01:24:37Z</time>
      </trkpt>
      <trkpt lat="39.158397364914734" lon="117.7758293249221">
        <ele>4.7</ele>
        <time>2025-11-21T01:24:38Z</time>
      </trkpt>
      <trkpt lat="39.15842185257511" lon="117.77583124934287">
        <ele>4.7</ele>
        <time>2025-11-21T01:24:39Z</time>
      </trkpt>
      <trkpt lat="39.15844374748349" lon="117.7758326007382">
        <ele>4.7</ele>
        <time>2025-11-21T01:24:40Z</time>
      </trkpt>
      <trkpt lat="39.15846525978621" lon="117.7758338766834">
        <ele>4.7</ele>
        <time>2025-11-21T01:24:41Z</time>
      </trkpt>
      <trkpt lat="39.15848613224622" lon="117.7758347341525">
        <ele>4.7</ele>
        <time>2025-11-21T01:24:42Z</time>
      </trkpt>
      <trkpt lat="39.15850627646461" lon="117.77583504681462">
        <ele>4.7</ele>
        <time>2025-11-21T01:24:43Z</time>
      </trkpt>
      <trkpt lat="39.15852840553352" lon="117.77583359525418">
        <ele>4.7</ele>
        <time>2025-11-21T01:24:44Z</time>
      </trkpt>
      <trkpt lat="39.158547973019004" lon="117.77583070210709">
        <ele>4.7</ele>
        <time>2025-11-21T01:24:45Z</time>
      </trkpt>
      <trkpt lat="39.158567578095145" lon="117.77582632805638">
        <ele>4.7</ele>
        <time>2025-11-21T01:24:46Z</time>
      </trkpt>
      <trkpt lat="39.1585867071494" lon="117.7758203280077">
        <ele>4.7</ele>
        <time>2025-11-21T01:24:47Z</time>
      </trkpt>
      <trkpt lat="39.158605973433865" lon="117.77581323870898">
        <ele>4.7</ele>
        <time>2025-11-21T01:24:48Z</time>
      </trkpt>
      <trkpt lat="39.15862530953287" lon="117.7758052377623">
        <ele>4.7</ele>
        <time>2025-11-21T01:24:49Z</time>
      </trkpt>
      <trkpt lat="39.15864478825126" lon="117.77579655422704">
        <ele>4.7</ele>
        <time>2025-11-21T01:24:50Z</time>
      </trkpt>
      <trkpt lat="39.158664560276016" lon="117.77578754874234">
        <ele>4.7</ele>
        <time>2025-11-21T01:24:51Z</time>
      </trkpt>
      <trkpt lat="39.15868452776785" lon="117.77577876953586">
        <ele>4.7</ele>
        <time>2025-11-21T01:24:52Z</time>
      </trkpt>
      <trkpt lat="39.15870451034569" lon="117.77577134496943">
        <ele>4.7</ele>
        <time>2025-11-21T01:24:53Z</time>
      </trkpt>
      <trkpt lat="39.15872372376049" lon="117.77576532602995">
        <ele>4.7</ele>
        <time>2025-11-21T01:24:54Z</time>
      </trkpt>
      <trkpt lat="39.15874493465728" lon="117.77576005446768">
        <ele>4.7</ele>
        <time>2025-11-21T01:24:55Z</time>
      </trkpt>
      <trkpt lat="39.15876408300122" lon="117.77575616419432">
        <ele>4.7</ele>
        <time>2025-11-21T01:24:56Z</time>
      </trkpt>
      <trkpt lat="39.15878395350247" lon="117.77575283670532">
        <ele>4.7</ele>
        <time>2025-11-21T01:24:57Z</time>
      </trkpt>
      <trkpt lat="39.15880433346443" lon="117.77575062488872">
        <ele>4.7</ele>
        <time>2025-11-21T01:24:58Z</time>
      </trkpt>
      <trkpt lat="39.158825627672655" lon="117.77574876839644">
        <ele>4.7</ele>
        <time>2025-11-21T01:24:59Z</time>
      </trkpt>
      <trkpt lat="39.15884771845468" lon="117.77574727477686">
        <ele>4.7</ele>
        <time>2025-11-21T01:25:00Z</time>
      </trkpt>
      <trkpt lat="39.15887033271948" lon="117.77574623433294">
        <ele>4.7</ele>
        <time>2025-11-21T01:25:01Z</time>
      </trkpt>
      <trkpt lat="39.158892972048925" lon="117.7757460190151">
        <ele>4.7</ele>
        <time>2025-11-21T01:25:02Z</time>
      </trkpt>
      <trkpt lat="39.15891517517546" lon="117.77574651960343">
        <ele>4.7</ele>
        <time>2025-11-21T01:25:03Z</time>
      </trkpt>
      <trkpt lat="39.15893644580168" lon="117.77574826281257">
        <ele>4.7</ele>
        <time>2025-11-21T01:25:04Z</time>
      </trkpt>
      <trkpt lat="39.15895687408555" lon="117.775750911511">
        <ele>4.7</ele>
        <time>2025-11-21T01:25:05Z</time>
      </trkpt>
      <trkpt lat="39.15897665069807" lon="117.77575464384151">
        <ele>4.7</ele>
        <time>2025-11-21T01:25:06Z</time>
      </trkpt>
      <trkpt lat="39.15899630297594" lon="117.77575942281162">
        <ele>4.7</ele>
        <time>2025-11-21T01:25:07Z</time>
      </trkpt>
      <trkpt lat="39.15901571557271" lon="117.77576463739514">
        <ele>4.7</ele>
        <time>2025-11-21T01:25:08Z</time>
      </trkpt>
      <trkpt lat="39.15903728472902" lon="117.77577102326126">
        <ele>4.7</ele>
        <time>2025-11-21T01:25:09Z</time>
      </trkpt>
      <trkpt lat="39.159056505908524" lon="117.77577701687669">
        <ele>4.7</ele>
        <time>2025-11-21T01:25:10Z</time>
      </trkpt>
      <trkpt lat="39.159078791617176" lon="117.77578413006215">
        <ele>4.7</ele>
        <time>2025-11-21T01:25:11Z</time>
      </trkpt>
      <trkpt lat="39.159099722773696" lon="117.77579037808927">
        <ele>4.7</ele>
        <time>2025-11-21T01:25:12Z</time>
      </trkpt>
      <trkpt lat="39.15912179045081" lon="117.77579667912603">
        <ele>4.7</ele>
        <time>2025-11-21T01:25:13Z</time>
      </trkpt>
      <trkpt lat="39.159144025924924" lon="117.7758026692344">
        <ele>4.7</ele>
        <time>2025-11-21T01:25:14Z</time>
      </trkpt>
      <trkpt lat="39.15916644789833" lon="117.77580870010246">
        <ele>4.7</ele>
        <time>2025-11-21T01:25:15Z</time>
      </trkpt>
      <trkpt lat="39.159188894289144" lon="117.77581440898736">
        <ele>4.7</ele>
        <time>2025-11-21T01:25:16Z</time>
      </trkpt>
      <trkpt lat="39.15921113886198" lon="117.77581943702616">
        <ele>4.7</ele>
        <time>2025-11-21T01:25:17Z</time>
      </trkpt>
      <trkpt lat="39.159233182215274" lon="117.77582373263938">
        <ele>4.7</ele>
        <time>2025-11-21T01:25:18Z</time>
      </trkpt>
      <trkpt lat="39.159254939284374" lon="117.77582720307569">
        <ele>4.7</ele>
        <time>2025-11-21T01:25:19Z</time>
      </trkpt>
      <trkpt lat="39.159276618571255" lon="117.77582954707498">
        <ele>4.7</ele>
        <time>2025-11-21T01:25:20Z</time>
      </trkpt>
      <trkpt lat="39.15929808409044" lon="117.7758315404191">
        <ele>4.7</ele>
        <time>2025-11-21T01:25:21Z</time>
      </trkpt>
      <trkpt lat="39.159319170676746" lon="117.77583352345991">
        <ele>4.7</ele>
        <time>2025-11-21T01:25:22Z</time>
      </trkpt>
      <trkpt lat="39.15933975486508" lon="117.7758357646612">
        <ele>4.7</ele>
        <time>2025-11-21T01:25:23Z</time>
      </trkpt>
      <trkpt lat="39.15936000390151" lon="117.7758378686489">
        <ele>4.7</ele>
        <time>2025-11-21T01:25:24Z</time>
      </trkpt>
      <trkpt lat="39.159382996298824" lon="117.77583987254206">
        <ele>4.7</ele>
        <time>2025-11-21T01:25:25Z</time>
      </trkpt>
      <trkpt lat="39.159404339718684" lon="117.77584135933823">
        <ele>4.7</ele>
        <time>2025-11-21T01:25:26Z</time>
      </trkpt>
      <trkpt lat="39.15942582439372" lon="117.77584255507459">
        <ele>4.7</ele>
        <time>2025-11-21T01:25:27Z</time>
      </trkpt>
      <trkpt lat="39.15944663708221" lon="117.77584324904025">
        <ele>4.7</ele>
        <time>2025-11-21T01:25:28Z</time>
      </trkpt>
      <trkpt lat="39.15946691259882" lon="117.77584351550242">
        <ele>4.7</ele>
        <time>2025-11-21T01:25:29Z</time>
      </trkpt>
      <trkpt lat="39.15948701297815" lon="117.77584320132587">
        <ele>4.7</ele>
        <time>2025-11-21T01:25:30Z</time>
      </trkpt>
      <trkpt lat="39.159506971223166" lon="117.77584191670942">
        <ele>4.7</ele>
        <time>2025-11-21T01:25:31Z</time>
      </trkpt>
      <trkpt lat="39.15952714032744" lon="117.77584016540155">
        <ele>4.7</ele>
        <time>2025-11-21T01:25:32Z</time>
      </trkpt>
      <trkpt lat="39.15954726354446" lon="117.77583806668906">
        <ele>4.7</ele>
        <time>2025-11-21T01:25:33Z</time>
      </trkpt>
      <trkpt lat="39.15956717794652" lon="117.77583576912026">
        <ele>4.7</ele>
        <time>2025-11-21T01:25:34Z</time>
      </trkpt>
      <trkpt lat="39.159586544714784" lon="117.7758331095241">
        <ele>4.7</ele>
        <time>2025-11-21T01:25:35Z</time>
      </trkpt>
      <trkpt lat="39.159608300286" lon="117.77582971051508">
        <ele>4.7</ele>
        <time>2025-11-21T01:25:36Z</time>
      </trkpt>
      <trkpt lat="39.15962818464318" lon="117.77582646593291">
        <ele>4.7</ele>
        <time>2025-11-21T01:25:37Z</time>
      </trkpt>
      <trkpt lat="39.15964880065441" lon="117.77582314810617">
        <ele>4.7</ele>
        <time>2025-11-21T01:25:38Z</time>
      </trkpt>
      <trkpt lat="39.15966958491361" lon="117.77581981729931">
        <ele>4.7</ele>
        <time>2025-11-21T01:25:39Z</time>
      </trkpt>
      <trkpt lat="39.15969050854963" lon="117.77581626336143">
        <ele>4.7</ele>
        <time>2025-11-21T01:25:40Z</time>
      </trkpt>
      <trkpt lat="39.15971393368302" lon="117.77581212947425">
        <ele>4.7</ele>
        <time>2025-11-21T01:25:41Z</time>
      </trkpt>
      <trkpt lat="39.159735244079876" lon="117.77580838806605">
        <ele>4.7</ele>
        <time>2025-11-21T01:25:42Z</time>
      </trkpt>
      <trkpt lat="39.159757065213654" lon="117.77580446644481">
        <ele>4.7</ele>
        <time>2025-11-21T01:25:43Z</time>
      </trkpt>
      <trkpt lat="39.159778909143675" lon="117.77580047251739">
        <ele>4.7</ele>
        <time>2025-11-21T01:25:44Z</time>
      </trkpt>
      <trkpt lat="39.15980105906797" lon="117.77579631524199">
        <ele>4.7</ele>
        <time>2025-11-21T01:25:45Z</time>
      </trkpt>
      <trkpt lat="39.15982338684335" lon="117.77579246249367">
        <ele>4.7</ele>
        <time>2025-11-21T01:25:46Z</time>
      </trkpt>
      <trkpt lat="39.159845683234416" lon="117.77578923388427">
        <ele>4.7</ele>
        <time>2025-11-21T01:25:47Z</time>
      </trkpt>
      <trkpt lat="39.15986782383604" lon="117.77578680541113">
        <ele>4.7</ele>
        <time>2025-11-21T01:25:48Z</time>
      </trkpt>
      <trkpt lat="39.159889603401886" lon="117.77578516222471">
        <ele>4.7</ele>
        <time>2025-11-21T01:25:49Z</time>
      </trkpt>
      <trkpt lat="39.15991127465948" lon="117.77578467546887">
        <ele>4.7</ele>
        <time>2025-11-21T01:25:50Z</time>
      </trkpt>
      <trkpt lat="39.159933412824074" lon="117.77578458493294">
        <ele>4.7</ele>
        <time>2025-11-21T01:25:51Z</time>
      </trkpt>
      <trkpt lat="39.15995611450531" lon="117.77578487529057">
        <ele>4.7</ele>
        <time>2025-11-21T01:25:52Z</time>
      </trkpt>
      <trkpt lat="39.15997906961627" lon="117.7757861637197">
        <ele>4.7</ele>
        <time>2025-11-21T01:25:53Z</time>
      </trkpt>
      <trkpt lat="39.16000132510216" lon="117.77578853308535">
        <ele>4.7</ele>
        <time>2025-11-21T01:25:54Z</time>
      </trkpt>
      <trkpt lat="39.16002550439416" lon="117.77579280019273">
        <ele>4.7</ele>
        <time>2025-11-21T01:25:55Z</time>
      </trkpt>
      <trkpt lat="39.160047051959666" lon="117.77579737484628">
        <ele>4.7</ele>
        <time>2025-11-21T01:25:56Z</time>
      </trkpt>
      <trkpt lat="39.16007150933843" lon="117.77580301340303">
        <ele>4.7</ele>
        <time>2025-11-21T01:25:57Z</time>
      </trkpt>
      <trkpt lat="39.1600938978953" lon="117.77580809748537">
        <ele>4.7</ele>
        <time>2025-11-21T01:25:58Z</time>
      </trkpt>
      <trkpt lat="39.16011689175229" lon="117.77581354620024">
        <ele>4.7</ele>
        <time>2025-11-21T01:25:59Z</time>
      </trkpt>
      <trkpt lat="39.160139826820405" lon="117.77581909288605">
        <ele>4.7</ele>
        <time>2025-11-21T01:26:00Z</time>
      </trkpt>
      <trkpt lat="39.16016297657145" lon="117.77582471961165">
        <ele>4.7</ele>
        <time>2025-11-21T01:26:01Z</time>
      </trkpt>
      <trkpt lat="39.16018631160924" lon="117.77583012691366">
        <ele>4.7</ele>
        <time>2025-11-21T01:26:02Z</time>
      </trkpt>
      <trkpt lat="39.160209519070975" lon="117.77583485364052">
        <ele>4.7</ele>
        <time>2025-11-21T01:26:03Z</time>
      </trkpt>
      <trkpt lat="39.16023260799984" lon="117.77583887050571">
        <ele>4.7</ele>
        <time>2025-11-21T01:26:04Z</time>
      </trkpt>
      <trkpt lat="39.16025528226483" lon="117.7758418107434">
        <ele>4.7</ele>
        <time>2025-11-21T01:26:05Z</time>
      </trkpt>
      <trkpt lat="39.16027756143391" lon="117.77584361303181">
        <ele>4.7</ele>
        <time>2025-11-21T01:26:06Z</time>
      </trkpt>
      <trkpt lat="39.1602990166979" lon="117.77584472446176">
        <ele>4.7</ele>
        <time>2025-11-21T01:26:07Z</time>
      </trkpt>
      <trkpt lat="39.16032272663811" lon="117.7758457287693">
        <ele>4.7</ele>
        <time>2025-11-21T01:26:08Z</time>
      </trkpt>
      <trkpt lat="39.160344109912664" lon="117.77584643413229">
        <ele>4.7</ele>
        <time>2025-11-21T01:26:09Z</time>
      </trkpt>
      <trkpt lat="39.16036579836491" lon="117.77584719134009">
        <ele>4.7</ele>
        <time>2025-11-21T01:26:10Z</time>
      </trkpt>
      <trkpt lat="39.16038709475339" lon="117.77584758103804">
        <ele>4.7</ele>
        <time>2025-11-21T01:26:11Z</time>
      </trkpt>
      <trkpt lat="39.160408441583215" lon="117.77584773556399">
        <ele>4.7</ele>
        <time>2025-11-21T01:26:12Z</time>
      </trkpt>
      <trkpt lat="39.16043230740082" lon="117.77584751064757">
        <ele>4.7</ele>
        <time>2025-11-21T01:26:13Z</time>
      </trkpt>
      <trkpt lat="39.160453856152664" lon="117.77584697169311">
        <ele>4.7</ele>
        <time>2025-11-21T01:26:14Z</time>
      </trkpt>
      <trkpt lat="39.160477879880446" lon="117.77584552503104">
        <ele>4.7</ele>
        <time>2025-11-21T01:26:15Z</time>
      </trkpt>
      <trkpt lat="39.160499203924694" lon="117.7758428121069">
        <ele>4.7</ele>
        <time>2025-11-21T01:26:16Z</time>
      </trkpt>
      <trkpt lat="39.160520611688966" lon="117.77583897603671">
        <ele>4.7</ele>
        <time>2025-11-21T01:26:17Z</time>
      </trkpt>
      <trkpt lat="39.160541127473216" lon="117.77583339878281">
        <ele>4.7</ele>
        <time>2025-11-21T01:26:18Z</time>
      </trkpt>
      <trkpt lat="39.160561564193" lon="117.77582668837046">
        <ele>4.7</ele>
        <time>2025-11-21T01:26:19Z</time>
      </trkpt>
      <trkpt lat="39.16058186943604" lon="117.77581829196298">
        <ele>4.7</ele>
        <time>2025-11-21T01:26:20Z</time>
      </trkpt>
      <trkpt lat="39.160602433470594" lon="117.77580823360088">
        <ele>4.7</ele>
        <time>2025-11-21T01:26:21Z</time>
      </trkpt>
      <trkpt lat="39.1606232590126" lon="117.77579765440005">
        <ele>4.7</ele>
        <time>2025-11-21T01:26:22Z</time>
      </trkpt>
      <trkpt lat="39.16064434911033" lon="117.77578762792646">
        <ele>4.7</ele>
        <time>2025-11-21T01:26:23Z</time>
      </trkpt>
      <trkpt lat="39.16066572329495" lon="117.77577946935753">
        <ele>4.7</ele>
        <time>2025-11-21T01:26:24Z</time>
      </trkpt>
      <trkpt lat="39.1606865796724" lon="117.7757729116271">
        <ele>4.7</ele>
        <time>2025-11-21T01:26:25Z</time>
      </trkpt>
      <trkpt lat="39.16070960620016" lon="117.77576715729425">
        <ele>4.7</ele>
        <time>2025-11-21T01:26:26Z</time>
      </trkpt>
      <trkpt lat="39.16073013624648" lon="117.77576260774548">
        <ele>4.7</ele>
        <time>2025-11-21T01:26:27Z</time>
      </trkpt>
      <trkpt lat="39.16075367713642" lon="117.77575807489609">
        <ele>4.7</ele>
        <time>2025-11-21T01:26:28Z</time>
      </trkpt>
      <trkpt lat="39.160775003923106" lon="117.77575460217855">
        <ele>4.7</ele>
        <time>2025-11-21T01:26:29Z</time>
      </trkpt>
      <trkpt lat="39.16079681120551" lon="117.77575219739563">
        <ele>4.7</ele>
        <time>2025-11-21T01:26:30Z</time>
      </trkpt>
      <trkpt lat="39.16081819116642" lon="117.7757517141974">
        <ele>4.7</ele>
        <time>2025-11-21T01:26:31Z</time>
      </trkpt>
      <trkpt lat="39.16083968209013" lon="117.77575228233904">
        <ele>4.7</ele>
        <time>2025-11-21T01:26:32Z</time>
      </trkpt>
      <trkpt lat="39.16086156387326" lon="117.77575374402593">
        <ele>4.7</ele>
        <time>2025-11-21T01:26:33Z</time>
      </trkpt>
      <trkpt lat="39.16088396832526" lon="117.77575549417881">
        <ele>4.7</ele>
        <time>2025-11-21T01:26:34Z</time>
      </trkpt>
      <trkpt lat="39.160906556613234" lon="117.77575772618478">
        <ele>4.7</ele>
        <time>2025-11-21T01:26:35Z</time>
      </trkpt>
      <trkpt lat="39.160928875774225" lon="117.77576021752753">
        <ele>4.7</ele>
        <time>2025-11-21T01:26:36Z</time>
      </trkpt>
      <trkpt lat="39.16095073768086" lon="117.77576354505253">
        <ele>4.7</ele>
        <time>2025-11-21T01:26:37Z</time>
      </trkpt>
      <trkpt lat="39.16097210715414" lon="117.77576744524302">
        <ele>4.7</ele>
        <time>2025-11-21T01:26:38Z</time>
      </trkpt>
      <trkpt lat="39.16099555059027" lon="117.77577356443709">
        <ele>4.7</ele>
        <time>2025-11-21T01:26:39Z</time>
      </trkpt>
      <trkpt lat="39.16101667908893" lon="117.77578147962198">
        <ele>4.7</ele>
        <time>2025-11-21T01:26:40Z</time>
      </trkpt>
      <trkpt lat="39.16103739402575" lon="117.77579357315469">
        <ele>4.7</ele>
        <time>2025-11-21T01:26:41Z</time>
      </trkpt>
      <trkpt lat="39.16105838841279" lon="117.77580432546986">
        <ele>4.7</ele>
        <time>2025-11-21T01:26:42Z</time>
      </trkpt>
      <trkpt lat="39.16107920412219" lon="117.7758134089501">
        <ele>4.7</ele>
        <time>2025-11-21T01:26:43Z</time>
      </trkpt>
      <trkpt lat="39.16110370075245" lon="117.77581775868934">
        <ele>4.7</ele>
        <time>2025-11-21T01:26:44Z</time>
      </trkpt>
      <trkpt lat="39.16112572071803" lon="117.77582123468927">
        <ele>4.7</ele>
        <time>2025-11-21T01:26:45Z</time>
      </trkpt>
      <trkpt lat="39.16114806063793" lon="117.77582366332571">
        <ele>4.7</ele>
        <time>2025-11-21T01:26:46Z</time>
      </trkpt>
      <trkpt lat="39.16117002424034" lon="117.77582565630598">
        <ele>4.7</ele>
        <time>2025-11-21T01:26:47Z</time>
      </trkpt>
      <trkpt lat="39.161191844521575" lon="117.77582724464597">
        <ele>4.7</ele>
        <time>2025-11-21T01:26:48Z</time>
      </trkpt>
      <trkpt lat="39.16121697264655" lon="117.77582824118116">
        <ele>4.7</ele>
        <time>2025-11-21T01:26:49Z</time>
      </trkpt>
      <trkpt lat="39.16123948910931" lon="117.77582904323637">
        <ele>4.7</ele>
        <time>2025-11-21T01:26:50Z</time>
      </trkpt>
      <trkpt lat="39.16126226298273" lon="117.77582944567222">
        <ele>4.7</ele>
        <time>2025-11-21T01:26:51Z</time>
      </trkpt>
      <trkpt lat="39.16128465291097" lon="117.77582941720921">
        <ele>4.7</ele>
        <time>2025-11-21T01:26:52Z</time>
      </trkpt>
      <trkpt lat="39.161307077211774" lon="117.77582888604694">
        <ele>4.7</ele>
        <time>2025-11-21T01:26:53Z</time>
      </trkpt>
      <trkpt lat="39.16132942729096" lon="117.77582779479341">
        <ele>4.7</ele>
        <time>2025-11-21T01:26:54Z</time>
      </trkpt>
      <trkpt lat="39.161351718422566" lon="117.77582610275338">
        <ele>4.7</ele>
        <time>2025-11-21T01:26:55Z</time>
      </trkpt>
      <trkpt lat="39.16137386320936" lon="117.77582385311075">
        <ele>4.7</ele>
        <time>2025-11-21T01:26:56Z</time>
      </trkpt>
      <trkpt lat="39.161395840289074" lon="117.77582110439823">
        <ele>4.7</ele>
        <time>2025-11-21T01:26:57Z</time>
      </trkpt>
      <trkpt lat="39.16141762761509" lon="117.775817886151">
        <ele>4.7</ele>
        <time>2025-11-21T01:26:58Z</time>
      </trkpt>
      <trkpt lat="39.161439226183475" lon="117.77581428906426">
        <ele>4.7</ele>
        <time>2025-11-21T01:26:59Z</time>
      </trkpt>
      <trkpt lat="39.16146384141603" lon="117.77581005542537">
        <ele>4.7</ele>
        <time>2025-11-21T01:27:00Z</time>
      </trkpt>
      <trkpt lat="39.16148563535774" lon="117.7758058156748">
        <ele>4.7</ele>
        <time>2025-11-21T01:27:01Z</time>
      </trkpt>
      <trkpt lat="39.16150750386473" lon="117.77580138457198">
        <ele>4.7</ele>
        <time>2025-11-21T01:27:02Z</time>
      </trkpt>
      <trkpt lat="39.161528878816476" lon="117.77579692084531">
        <ele>4.7</ele>
        <time>2025-11-21T01:27:03Z</time>
      </trkpt>
      <trkpt lat="39.1615502467314" lon="117.77579252479666">
        <ele>4.7</ele>
        <time>2025-11-21T01:27:04Z</time>
      </trkpt>
      <trkpt lat="39.16157160721911" lon="117.77578828922829">
        <ele>4.7</ele>
        <time>2025-11-21T01:27:05Z</time>
      </trkpt>
      <trkpt lat="39.1615898464203" lon="117.7757846012165">
        <ele>4.7</ele>
        <time>2025-11-21T01:27:06Z</time>
      </trkpt>
      <trkpt lat="39.161610796615825" lon="117.77578089681386">
        <ele>4.7</ele>
        <time>2025-11-21T01:27:07Z</time>
      </trkpt>
      <trkpt lat="39.161631607394575" lon="117.77577748605694">
        <ele>4.7</ele>
        <time>2025-11-21T01:27:08Z</time>
      </trkpt>
      <trkpt lat="39.161652920653" lon="117.7757743132055">
        <ele>4.7</ele>
        <time>2025-11-21T01:27:09Z</time>
      </trkpt>
      <trkpt lat="39.161674344869866" lon="117.77577139379024">
        <ele>4.7</ele>
        <time>2025-11-21T01:27:10Z</time>
      </trkpt>
      <trkpt lat="39.16169628956224" lon="117.7757683356601">
        <ele>4.7</ele>
        <time>2025-11-21T01:27:11Z</time>
      </trkpt>
      <trkpt lat="39.16171875352749" lon="117.77576565648073">
        <ele>4.7</ele>
        <time>2025-11-21T01:27:12Z</time>
      </trkpt>
      <trkpt lat="39.16174087117369" lon="117.7757638225616">
        <ele>4.7</ele>
        <time>2025-11-21T01:27:13Z</time>
      </trkpt>
      <trkpt lat="39.16176295057311" lon="117.77576300242791">
        <ele>4.7</ele>
        <time>2025-11-21T01:27:14Z</time>
      </trkpt>
      <trkpt lat="39.16178475545107" lon="117.77576285779173">
        <ele>4.7</ele>
        <time>2025-11-21T01:27:15Z</time>
      </trkpt>
      <trkpt lat="39.16180668090197" lon="117.77576331743624">
        <ele>4.7</ele>
        <time>2025-11-21T01:27:16Z</time>
      </trkpt>
      <trkpt lat="39.16182888222863" lon="117.77576434478954">
        <ele>4.7</ele>
        <time>2025-11-21T01:27:17Z</time>
      </trkpt>
      <trkpt lat="39.16185170907869" lon="117.77576607636021">
        <ele>4.7</ele>
        <time>2025-11-21T01:27:18Z</time>
      </trkpt>
      <trkpt lat="39.16187492640653" lon="117.77576904657981">
        <ele>4.7</ele>
        <time>2025-11-21T01:27:19Z</time>
      </trkpt>
      <trkpt lat="39.161898298785964" lon="117.77577291487701">
        <ele>4.7</ele>
        <time>2025-11-21T01:27:20Z</time>
      </trkpt>
      <trkpt lat="39.16192180521968" lon="117.775777181537">
        <ele>4.7</ele>
        <time>2025-11-21T01:27:21Z</time>
      </trkpt>
      <trkpt lat="39.161942841332625" lon="117.7757809171494">
        <ele>4.7</ele>
        <time>2025-11-21T01:27:22Z</time>
      </trkpt>
      <trkpt lat="39.161965594136085" lon="117.77578537587941">
        <ele>4.7</ele>
        <time>2025-11-21T01:27:23Z</time>
      </trkpt>
      <trkpt lat="39.16198745373839" lon="117.77579034484332">
        <ele>4.7</ele>
        <time>2025-11-21T01:27:24Z</time>
      </trkpt>
      <trkpt lat="39.16200880961562" lon="117.775796262974">
        <ele>4.7</ele>
        <time>2025-11-21T01:27:25Z</time>
      </trkpt>
      <trkpt lat="39.16202967335027" lon="117.77580234318017">
        <ele>4.7</ele>
        <time>2025-11-21T01:27:26Z</time>
      </trkpt>
      <trkpt lat="39.16205060829069" lon="117.77580817683975">
        <ele>4.9</ele>
        <time>2025-11-21T01:27:27Z</time>
      </trkpt>
      <trkpt lat="39.16207184238141" lon="117.77581326388238">
        <ele>4.9</ele>
        <time>2025-11-21T01:27:28Z</time>
      </trkpt>
      <trkpt lat="39.16209350639201" lon="117.77581763626365">
        <ele>4.9</ele>
        <time>2025-11-21T01:27:29Z</time>
      </trkpt>
      <trkpt lat="39.162115282262" lon="117.77582156060473">
        <ele>4.9</ele>
        <time>2025-11-21T01:27:30Z</time>
      </trkpt>
      <trkpt lat="39.162136914238154" lon="117.77582534397884">
        <ele>4.9</ele>
        <time>2025-11-21T01:27:31Z</time>
      </trkpt>
      <trkpt lat="39.16215824835875" lon="117.77582924806633">
        <ele>4.9</ele>
        <time>2025-11-21T01:27:32Z</time>
      </trkpt>
      <trkpt lat="39.162179447697454" lon="117.77583335150756">
        <ele>4.9</ele>
        <time>2025-11-21T01:27:33Z</time>
      </trkpt>
      <trkpt lat="39.162200530876795" lon="117.77583718825386">
        <ele>4.9</ele>
        <time>2025-11-21T01:27:34Z</time>
      </trkpt>
      <trkpt lat="39.162221346028325" lon="117.77583973720424">
        <ele>4.9</ele>
        <time>2025-11-21T01:27:35Z</time>
      </trkpt>
      <trkpt lat="39.162241715986205" lon="117.77584111688313">
        <ele>4.9</ele>
        <time>2025-11-21T01:27:36Z</time>
      </trkpt>
      <trkpt lat="39.16226446775945" lon="117.77584115164825">
        <ele>4.9</ele>
        <time>2025-11-21T01:27:37Z</time>
      </trkpt>
      <trkpt lat="39.162285336566384" lon="117.77584017880626">
        <ele>4.9</ele>
        <time>2025-11-21T01:27:38Z</time>
      </trkpt>
      <trkpt lat="39.162306609642656" lon="117.7758383879964">
        <ele>4.9</ele>
        <time>2025-11-21T01:27:39Z</time>
      </trkpt>
      <trkpt lat="39.16232752275316" lon="117.77583591773363">
        <ele>4.9</ele>
        <time>2025-11-21T01:27:40Z</time>
      </trkpt>
      <trkpt lat="39.16234855112538" lon="117.77583320271351">
        <ele>4.9</ele>
        <time>2025-11-21T01:27:41Z</time>
      </trkpt>
      <trkpt lat="39.16236968849444" lon="117.77583006751493">
        <ele>4.9</ele>
        <time>2025-11-21T01:27:42Z</time>
      </trkpt>
      <trkpt lat="39.16239086446242" lon="117.77582591326815">
        <ele>4.9</ele>
        <time>2025-11-21T01:27:43Z</time>
      </trkpt>
      <trkpt lat="39.16241227908586" lon="117.77582067833644">
        <ele>4.9</ele>
        <time>2025-11-21T01:27:44Z</time>
      </trkpt>
      <trkpt lat="39.162433806665014" lon="117.77581431394907">
        <ele>4.9</ele>
        <time>2025-11-21T01:27:45Z</time>
      </trkpt>
      <trkpt lat="39.16245588827766" lon="117.77580697871535">
        <ele>4.9</ele>
        <time>2025-11-21T01:27:46Z</time>
      </trkpt>
      <trkpt lat="39.16247812652779" lon="117.77579935735396">
        <ele>4.9</ele>
        <time>2025-11-21T01:27:47Z</time>
      </trkpt>
      <trkpt lat="39.16250056586313" lon="117.77579171533021">
        <ele>4.9</ele>
        <time>2025-11-21T01:27:48Z</time>
      </trkpt>
      <trkpt lat="39.16252275298962" lon="117.77578419811442">
        <ele>4.9</ele>
        <time>2025-11-21T01:27:49Z</time>
      </trkpt>
      <trkpt lat="39.162544844222374" lon="117.77577647243005">
        <ele>4.9</ele>
        <time>2025-11-21T01:27:50Z</time>
      </trkpt>
      <trkpt lat="39.162567139101405" lon="117.7757684036192">
        <ele>4.9</ele>
        <time>2025-11-21T01:27:51Z</time>
      </trkpt>
      <trkpt lat="39.16258725791855" lon="117.77576108244341">
        <ele>4.9</ele>
        <time>2025-11-21T01:27:52Z</time>
      </trkpt>
      <trkpt lat="39.16260679564193" lon="117.77575424134365">
        <ele>4.9</ele>
        <time>2025-11-21T01:27:53Z</time>
      </trkpt>
      <trkpt lat="39.16262764080309" lon="117.7757479018021">
        <ele>4.9</ele>
        <time>2025-11-21T01:27:54Z</time>
      </trkpt>
      <trkpt lat="39.162648362023674" lon="117.77574217291533">
        <ele>4.9</ele>
        <time>2025-11-21T01:27:55Z</time>
      </trkpt>
      <trkpt lat="39.16266924406685" lon="117.77573686870161">
        <ele>4.9</ele>
        <time>2025-11-21T01:27:56Z</time>
      </trkpt>
      <trkpt lat="39.16269007480547" lon="117.7757315973934">
        <ele>4.9</ele>
        <time>2025-11-21T01:27:57Z</time>
      </trkpt>
      <trkpt lat="39.162710589940424" lon="117.7757266379545">
        <ele>4.9</ele>
        <time>2025-11-21T01:27:58Z</time>
      </trkpt>
      <trkpt lat="39.16273339191828" lon="117.77572171610711">
        <ele>4.9</ele>
        <time>2025-11-21T01:27:59Z</time>
      </trkpt>
      <trkpt lat="39.16275427353119" lon="117.77571798935779">
        <ele>4.9</ele>
        <time>2025-11-21T01:28:00Z</time>
      </trkpt>
      <trkpt lat="39.16277554786531" lon="117.77571481805322">
        <ele>4.9</ele>
        <time>2025-11-21T01:28:01Z</time>
      </trkpt>
      <trkpt lat="39.16279692977537" lon="117.77571264148209">
        <ele>4.9</ele>
        <time>2025-11-21T01:28:02Z</time>
      </trkpt>
      <trkpt lat="39.162818606745404" lon="117.77571122419835">
        <ele>4.9</ele>
        <time>2025-11-21T01:28:03Z</time>
      </trkpt>
      <trkpt lat="39.16284057774464" lon="117.77571072481054">
        <ele>4.9</ele>
        <time>2025-11-21T01:28:04Z</time>
      </trkpt>
      <trkpt lat="39.16286274032756" lon="117.77571097042457">
        <ele>4.9</ele>
        <time>2025-11-21T01:28:05Z</time>
      </trkpt>
      <trkpt lat="39.16288485405222" lon="117.77571172525245">
        <ele>4.9</ele>
        <time>2025-11-21T01:28:06Z</time>
      </trkpt>
      <trkpt lat="39.16290947193095" lon="117.775713230001">
        <ele>4.9</ele>
        <time>2025-11-21T01:28:07Z</time>
      </trkpt>
      <trkpt lat="39.16293206040768" lon="117.77571514389535">
        <ele>4.9</ele>
        <time>2025-11-21T01:28:08Z</time>
      </trkpt>
      <trkpt lat="39.16295477416094" lon="117.77571760494394">
        <ele>4.9</ele>
        <time>2025-11-21T01:28:09Z</time>
      </trkpt>
      <trkpt lat="39.1629768504577" lon="117.77572058533305">
        <ele>4.9</ele>
        <time>2025-11-21T01:28:10Z</time>
      </trkpt>
      <trkpt lat="39.162998488158706" lon="117.7757240545646">
        <ele>4.9</ele>
        <time>2025-11-21T01:28:11Z</time>
      </trkpt>
      <trkpt lat="39.16301971922855" lon="117.77572761225929">
        <ele>4.9</ele>
        <time>2025-11-21T01:28:12Z</time>
      </trkpt>
      <trkpt lat="39.16304075581645" lon="117.77573049146656">
        <ele>4.9</ele>
        <time>2025-11-21T01:28:13Z</time>
      </trkpt>
      <trkpt lat="39.163061715898934" lon="117.77573247086012">
        <ele>4.9</ele>
        <time>2025-11-21T01:28:14Z</time>
      </trkpt>
      <trkpt lat="39.163082610117385" lon="117.77573340009182">
        <ele>4.9</ele>
        <time>2025-11-21T01:28:15Z</time>
      </trkpt>
      <trkpt lat="39.16310367991679" lon="117.77573337060001">
        <ele>4.9</ele>
        <time>2025-11-21T01:28:16Z</time>
      </trkpt>
      <trkpt lat="39.163124741947605" lon="117.7757326039523">
        <ele>4.9</ele>
        <time>2025-11-21T01:28:17Z</time>
      </trkpt>
      <trkpt lat="39.16314609138905" lon="117.77573121448596">
        <ele>4.9</ele>
        <time>2025-11-21T01:28:18Z</time>
      </trkpt>
      <trkpt lat="39.16316716151297" lon="117.77572907303187">
        <ele>4.9</ele>
        <time>2025-11-21T01:28:19Z</time>
      </trkpt>
      <trkpt lat="39.16318815227806" lon="117.77572657583623">
        <ele>4.9</ele>
        <time>2025-11-21T01:28:20Z</time>
      </trkpt>
      <trkpt lat="39.16320876007121" lon="117.7757236950554">
        <ele>4.9</ele>
        <time>2025-11-21T01:28:21Z</time>
      </trkpt>
      <trkpt lat="39.163228878825855" lon="117.7757198990987">
        <ele>4.9</ele>
        <time>2025-11-21T01:28:22Z</time>
      </trkpt>
      <trkpt lat="39.16324822699001" lon="117.77571531035115">
        <ele>4.9</ele>
        <time>2025-11-21T01:28:23Z</time>
      </trkpt>
      <trkpt lat="39.16326903136682" lon="117.77570820792926">
        <ele>4.9</ele>
        <time>2025-11-21T01:28:24Z</time>
      </trkpt>
      <trkpt lat="39.163287466860226" lon="117.77570041257114">
        <ele>4.9</ele>
        <time>2025-11-21T01:28:25Z</time>
      </trkpt>
      <trkpt lat="39.16330849091584" lon="117.77569010679682">
        <ele>4.9</ele>
        <time>2025-11-21T01:28:26Z</time>
      </trkpt>
      <trkpt lat="39.16332809183523" lon="117.77568024594275">
        <ele>4.9</ele>
        <time>2025-11-21T01:28:27Z</time>
      </trkpt>
      <trkpt lat="39.16334857366355" lon="117.77566993768103">
        <ele>4.9</ele>
        <time>2025-11-21T01:28:28Z</time>
      </trkpt>
      <trkpt lat="39.16336953020576" lon="117.77565971774368">
        <ele>4.9</ele>
        <time>2025-11-21T01:28:29Z</time>
      </trkpt>
      <trkpt lat="39.16339100365125" lon="117.77564927025371">
        <ele>4.9</ele>
        <time>2025-11-21T01:28:30Z</time>
      </trkpt>
      <trkpt lat="39.16341283678727" lon="117.77563870638585">
        <ele>4.9</ele>
        <time>2025-11-21T01:28:31Z</time>
      </trkpt>
      <trkpt lat="39.163434759447156" lon="117.77562842608575">
        <ele>4.9</ele>
        <time>2025-11-21T01:28:32Z</time>
      </trkpt>
      <trkpt lat="39.16345652262313" lon="117.77561885343523">
        <ele>4.9</ele>
        <time>2025-11-21T01:28:33Z</time>
      </trkpt>
      <trkpt lat="39.16347801341729" lon="117.77561005895278">
        <ele>4.9</ele>
        <time>2025-11-21T01:28:34Z</time>
      </trkpt>
      <trkpt lat="39.1634995942427" lon="117.77560230839914">
        <ele>4.9</ele>
        <time>2025-11-21T01:28:35Z</time>
      </trkpt>
      <trkpt lat="39.163521322569" lon="117.77559516978482">
        <ele>4.9</ele>
        <time>2025-11-21T01:28:36Z</time>
      </trkpt>
      <trkpt lat="39.163543301373984" lon="117.77558870899601">
        <ele>4.9</ele>
        <time>2025-11-21T01:28:37Z</time>
      </trkpt>
      <trkpt lat="39.163565470532085" lon="117.77558404455782">
        <ele>4.9</ele>
        <time>2025-11-21T01:28:38Z</time>
      </trkpt>
      <trkpt lat="39.16358785262892" lon="117.77558274828257">
        <ele>4.9</ele>
        <time>2025-11-21T01:28:39Z</time>
      </trkpt>
      <trkpt lat="39.16361296190029" lon="117.77558130393246">
        <ele>4.9</ele>
        <time>2025-11-21T01:28:40Z</time>
      </trkpt>
      <trkpt lat="39.16363567006008" lon="117.77558000112892">
        <ele>4.9</ele>
        <time>2025-11-21T01:28:41Z</time>
      </trkpt>
      <trkpt lat="39.163657910938944" lon="117.7755761565863">
        <ele>4.9</ele>
        <time>2025-11-21T01:28:42Z</time>
      </trkpt>
      <trkpt lat="39.16367964469912" lon="117.77557204855464">
        <ele>4.9</ele>
        <time>2025-11-21T01:28:43Z</time>
      </trkpt>
      <trkpt lat="39.16370122940565" lon="117.77556743255104">
        <ele>4.9</ele>
        <time>2025-11-21T01:28:44Z</time>
      </trkpt>
      <trkpt lat="39.16372251995862" lon="117.7755626574798">
        <ele>4.9</ele>
        <time>2025-11-21T01:28:45Z</time>
      </trkpt>
      <trkpt lat="39.16374371301587" lon="117.77555759461852">
        <ele>4.9</ele>
        <time>2025-11-21T01:28:46Z</time>
      </trkpt>
      <trkpt lat="39.16376478372685" lon="117.77555225611381">
        <ele>4.9</ele>
        <time>2025-11-21T01:28:47Z</time>
      </trkpt>
      <trkpt lat="39.16378590073005" lon="117.77554653445154">
        <ele>4.9</ele>
        <time>2025-11-21T01:28:48Z</time>
      </trkpt>
      <trkpt lat="39.16380703624115" lon="117.77554038373746">
        <ele>4.9</ele>
        <time>2025-11-21T01:28:49Z</time>
      </trkpt>
      <trkpt lat="39.16382799305841" lon="117.77553384975438">
        <ele>4.9</ele>
        <time>2025-11-21T01:28:50Z</time>
      </trkpt>
      <trkpt lat="39.163848736311024" lon="117.77552697677476">
        <ele>4.9</ele>
        <time>2025-11-21T01:28:51Z</time>
      </trkpt>
      <trkpt lat="39.16386904192079" lon="117.77551982987532">
        <ele>4.9</ele>
        <time>2025-11-21T01:28:52Z</time>
      </trkpt>
      <trkpt lat="39.16388903356667" lon="117.77551239947904">
        <ele>4.9</ele>
        <time>2025-11-21T01:28:53Z</time>
      </trkpt>
      <trkpt lat="39.16391176156406" lon="117.77550346294943">
        <ele>4.9</ele>
        <time>2025-11-21T01:28:54Z</time>
      </trkpt>
      <trkpt lat="39.163931835300126" lon="117.77549510019632">
        <ele>4.9</ele>
        <time>2025-11-21T01:28:55Z</time>
      </trkpt>
      <trkpt lat="39.1639551631028" lon="117.77548505820339">
        <ele>4.9</ele>
        <time>2025-11-21T01:28:56Z</time>
      </trkpt>
      <trkpt lat="39.16397565589723" lon="117.77547575271966">
        <ele>4.9</ele>
        <time>2025-11-21T01:28:57Z</time>
      </trkpt>
      <trkpt lat="39.1639963797747" lon="117.77546608135175">
        <ele>4.9</ele>
        <time>2025-11-21T01:28:58Z</time>
      </trkpt>
      <trkpt lat="39.16401671837341" lon="117.77545633188522">
        <ele>4.9</ele>
        <time>2025-11-21T01:28:59Z</time>
      </trkpt>
      <trkpt lat="39.16403714379791" lon="117.77544637567956">
        <ele>4.9</ele>
        <time>2025-11-21T01:29:00Z</time>
      </trkpt>
      <trkpt lat="39.16405756505768" lon="117.77543626813696">
        <ele>4.9</ele>
        <time>2025-11-21T01:29:01Z</time>
      </trkpt>
      <trkpt lat="39.164077855441384" lon="117.77542612009331">
        <ele>4.9</ele>
        <time>2025-11-21T01:29:02Z</time>
      </trkpt>
      <trkpt lat="39.16409811985194" lon="117.77541604875002">
        <ele>4.9</ele>
        <time>2025-11-21T01:29:03Z</time>
      </trkpt>
      <trkpt lat="39.16411834891978" lon="117.77540620413548">
        <ele>4.9</ele>
        <time>2025-11-21T01:29:04Z</time>
      </trkpt>
      <trkpt lat="39.16413856578442" lon="117.7753966653769">
        <ele>4.9</ele>
        <time>2025-11-21T01:29:05Z</time>
      </trkpt>
      <trkpt lat="39.16415877670037" lon="117.77538743954833">
        <ele>4.9</ele>
        <time>2025-11-21T01:29:06Z</time>
      </trkpt>
      <trkpt lat="39.164179012203206" lon="117.77537849898451">
        <ele>4.9</ele>
        <time>2025-11-21T01:29:07Z</time>
      </trkpt>
      <trkpt lat="39.164199275619886" lon="117.77536981223048">
        <ele>4.9</ele>
        <time>2025-11-21T01:29:08Z</time>
      </trkpt>
      <trkpt lat="39.164219110268746" lon="117.77536151209479">
        <ele>4.9</ele>
        <time>2025-11-21T01:29:09Z</time>
      </trkpt>
      <trkpt lat="39.16424137865689" lon="117.77535346189043">
        <ele>4.9</ele>
        <time>2025-11-21T01:29:10Z</time>
      </trkpt>
      <trkpt lat="39.164261195957494" lon="117.77534715258278">
        <ele>4.9</ele>
        <time>2025-11-21T01:29:11Z</time>
      </trkpt>
      <trkpt lat="39.16428156915362" lon="117.77534155048734">
        <ele>4.9</ele>
        <time>2025-11-21T01:29:12Z</time>
      </trkpt>
      <trkpt lat="39.16430172389832" lon="117.77533630159672">
        <ele>4.9</ele>
        <time>2025-11-21T01:29:13Z</time>
      </trkpt>
      <trkpt lat="39.164322068257434" lon="117.77533149324626">
        <ele>4.9</ele>
        <time>2025-11-21T01:29:14Z</time>
      </trkpt>
      <trkpt lat="39.16434245776678" lon="117.77532715307824">
        <ele>4.9</ele>
        <time>2025-11-21T01:29:15Z</time>
      </trkpt>
      <trkpt lat="39.16436289860494" lon="117.77532360584969">
        <ele>4.9</ele>
        <time>2025-11-21T01:29:16Z</time>
      </trkpt>
      <trkpt lat="39.1643832840921" lon="117.77532052288423">
        <ele>4.9</ele>
        <time>2025-11-21T01:29:17Z</time>
      </trkpt>
      <trkpt lat="39.16440380747978" lon="117.77531766034586">
        <ele>4.9</ele>
        <time>2025-11-21T01:29:18Z</time>
      </trkpt>
      <trkpt lat="39.16442443889802" lon="117.77531451462052">
        <ele>4.9</ele>
        <time>2025-11-21T01:29:19Z</time>
      </trkpt>
      <trkpt lat="39.16444491950442" lon="117.7753109371163">
        <ele>4.9</ele>
        <time>2025-11-21T01:29:20Z</time>
      </trkpt>
      <trkpt lat="39.16446796263603" lon="117.77530644340436">
        <ele>4.9</ele>
        <time>2025-11-21T01:29:21Z</time>
      </trkpt>
      <trkpt lat="39.16448935824612" lon="117.77530202128844">
        <ele>4.9</ele>
        <time>2025-11-21T01:29:22Z</time>
      </trkpt>
      <trkpt lat="39.16451150164148" lon="117.77529763149262">
        <ele>4.9</ele>
        <time>2025-11-21T01:29:23Z</time>
      </trkpt>
      <trkpt lat="39.164533590308615" lon="117.7752935640568">
        <ele>4.9</ele>
        <time>2025-11-21T01:29:24Z</time>
      </trkpt>
      <trkpt lat="39.16455550857281" lon="117.77528978024972">
        <ele>4.9</ele>
        <time>2025-11-21T01:29:25Z</time>
      </trkpt>
      <trkpt lat="39.1645795971073" lon="117.77528540805542">
        <ele>4.9</ele>
        <time>2025-11-21T01:29:26Z</time>
      </trkpt>
      <trkpt lat="39.16460151498222" lon="117.77528088383158">
        <ele>4.9</ele>
        <time>2025-11-21T01:29:27Z</time>
      </trkpt>
      <trkpt lat="39.16462348273045" lon="117.77527568643633">
        <ele>4.9</ele>
        <time>2025-11-21T01:29:28Z</time>
      </trkpt>
      <trkpt lat="39.16464479472596" lon="117.77526921188581">
        <ele>4.9</ele>
        <time>2025-11-21T01:29:29Z</time>
      </trkpt>
      <trkpt lat="39.16466595256362" lon="117.77526142163464">
        <ele>4.9</ele>
        <time>2025-11-21T01:29:30Z</time>
      </trkpt>
      <trkpt lat="39.16468700018709" lon="117.77525174626108">
        <ele>4.9</ele>
        <time>2025-11-21T01:29:31Z</time>
      </trkpt>
      <trkpt lat="39.16470786114508" lon="117.77524004685402">
        <ele>4.9</ele>
        <time>2025-11-21T01:29:32Z</time>
      </trkpt>
      <trkpt lat="39.1647286498441" lon="117.7752271921882">
        <ele>4.9</ele>
        <time>2025-11-21T01:29:33Z</time>
      </trkpt>
      <trkpt lat="39.16474934334818" lon="117.77521384735167">
        <ele>4.9</ele>
        <time>2025-11-21T01:29:34Z</time>
      </trkpt>
      <trkpt lat="39.164770227472005" lon="117.77520016988349">
        <ele>4.9</ele>
        <time>2025-11-21T01:29:35Z</time>
      </trkpt>
      <trkpt lat="39.164791111285325" lon="117.77518653033968">
        <ele>4.9</ele>
        <time>2025-11-21T01:29:36Z</time>
      </trkpt>
      <trkpt lat="39.16481188187577" lon="117.77517309877089">
        <ele>4.9</ele>
        <time>2025-11-21T01:29:37Z</time>
      </trkpt>
      <trkpt lat="39.16483224894498" lon="117.77515998078832">
        <ele>4.9</ele>
        <time>2025-11-21T01:29:38Z</time>
      </trkpt>
      <trkpt lat="39.16485194094937" lon="117.77514699608415">
        <ele>4.9</ele>
        <time>2025-11-21T01:29:39Z</time>
      </trkpt>
      <trkpt lat="39.16487379641425" lon="117.77513308293256">
        <ele>4.9</ele>
        <time>2025-11-21T01:29:40Z</time>
      </trkpt>
      <trkpt lat="39.16489396091474" lon="117.77512120854762">
        <ele>4.9</ele>
        <time>2025-11-21T01:29:41Z</time>
      </trkpt>
      <trkpt lat="39.164917211976366" lon="117.77510858280667">
        <ele>4.9</ele>
        <time>2025-11-21T01:29:42Z</time>
      </trkpt>
      <trkpt lat="39.1649385022575" lon="117.77509711301349">
        <ele>4.9</ele>
        <time>2025-11-21T01:29:43Z</time>
      </trkpt>
      <trkpt lat="39.16495962374471" lon="117.77508456289526">
        <ele>4.9</ele>
        <time>2025-11-21T01:29:44Z</time>
      </trkpt>
      <trkpt lat="39.1649800575557" lon="117.77507161783241">
        <ele>4.9</ele>
        <time>2025-11-21T01:29:45Z</time>
      </trkpt>
      <trkpt lat="39.165000497712484" lon="117.77505896017875">
        <ele>4.9</ele>
        <time>2025-11-21T01:29:46Z</time>
      </trkpt>
      <trkpt lat="39.165021456568915" lon="117.77504755997658">
        <ele>4.9</ele>
        <time>2025-11-21T01:29:47Z</time>
      </trkpt>
      <trkpt lat="39.16504264139022" lon="117.77503745504845">
        <ele>4.9</ele>
        <time>2025-11-21T01:29:48Z</time>
      </trkpt>
      <trkpt lat="39.165063735383285" lon="117.77502782139968">
        <ele>4.9</ele>
        <time>2025-11-21T01:29:49Z</time>
      </trkpt>
      <trkpt lat="39.16508449374681" lon="117.7750181209192">
        <ele>4.9</ele>
        <time>2025-11-21T01:29:50Z</time>
      </trkpt>
      <trkpt lat="39.16510529683314" lon="117.77500917895638">
        <ele>4.9</ele>
        <time>2025-11-21T01:29:51Z</time>
      </trkpt>
      <trkpt lat="39.16512621698542" lon="117.77500060702191">
        <ele>4.9</ele>
        <time>2025-11-21T01:29:52Z</time>
      </trkpt>
      <trkpt lat="39.165147523043196" lon="117.77499290077053">
        <ele>4.9</ele>
        <time>2025-11-21T01:29:53Z</time>
      </trkpt>
      <trkpt lat="39.16516886060993" lon="117.77498452851194">
        <ele>4.9</ele>
        <time>2025-11-21T01:29:54Z</time>
      </trkpt>
      <trkpt lat="39.1651909064679" lon="117.77497712744868">
        <ele>4.9</ele>
        <time>2025-11-21T01:29:55Z</time>
      </trkpt>
      <trkpt lat="39.16521357661051" lon="117.77496577378018">
        <ele>4.9</ele>
        <time>2025-11-21T01:29:56Z</time>
      </trkpt>
      <trkpt lat="39.16523232419713" lon="117.77495574060409">
        <ele>4.9</ele>
        <time>2025-11-21T01:29:57Z</time>
      </trkpt>
      <trkpt lat="39.16524921974277" lon="117.7749468675575">
        <ele>4.9</ele>
        <time>2025-11-21T01:29:58Z</time>
      </trkpt>
      <trkpt lat="39.16526776833583" lon="117.7749441983052">
        <ele>4.9</ele>
        <time>2025-11-21T01:29:59Z</time>
      </trkpt>
      <trkpt lat="39.16528894234271" lon="117.77494276908138">
        <ele>4.9</ele>
        <time>2025-11-21T01:30:00Z</time>
      </trkpt>
      <trkpt lat="39.165311620711734" lon="117.77494077724033">
        <ele>4.9</ele>
        <time>2025-11-21T01:30:01Z</time>
      </trkpt>
      <trkpt lat="39.16533433164085" lon="117.7749370524466">
        <ele>4.9</ele>
        <time>2025-11-21T01:30:02Z</time>
      </trkpt>
      <trkpt lat="39.165356588526244" lon="117.77493338834367">
        <ele>4.9</ele>
        <time>2025-11-21T01:30:03Z</time>
      </trkpt>
      <trkpt lat="39.16537839871846" lon="117.77492973769982">
        <ele>4.9</ele>
        <time>2025-11-21T01:30:04Z</time>
      </trkpt>
      <trkpt lat="39.16539952214735" lon="117.77492649879365">
        <ele>4.9</ele>
        <time>2025-11-21T01:30:05Z</time>
      </trkpt>
      <trkpt lat="39.16542013286108" lon="117.77492301394349">
        <ele>4.9</ele>
        <time>2025-11-21T01:30:06Z</time>
      </trkpt>
      <trkpt lat="39.16544055885784" lon="117.77491884913377">
        <ele>4.9</ele>
        <time>2025-11-21T01:30:07Z</time>
      </trkpt>
      <trkpt lat="39.16546102299347" lon="117.77491378091393">
        <ele>4.9</ele>
        <time>2025-11-21T01:30:08Z</time>
      </trkpt>
      <trkpt lat="39.16548139618927" lon="117.77490858730566">
        <ele>4.9</ele>
        <time>2025-11-21T01:30:09Z</time>
      </trkpt>
      <trkpt lat="39.16550438151136" lon="117.77490315518939">
        <ele>4.9</ele>
        <time>2025-11-21T01:30:10Z</time>
      </trkpt>
      <trkpt lat="39.165525386212735" lon="117.77489840739749">
        <ele>4.9</ele>
        <time>2025-11-21T01:30:11Z</time>
      </trkpt>
      <trkpt lat="39.1655495502702" lon="117.77489295198116">
        <ele>4.9</ele>
        <time>2025-11-21T01:30:12Z</time>
      </trkpt>
      <trkpt lat="39.16557187921647" lon="117.77488767222724">
        <ele>4.9</ele>
        <time>2025-11-21T01:30:13Z</time>
      </trkpt>
      <trkpt lat="39.16559524070543" lon="117.77488184845042">
        <ele>4.9</ele>
        <time>2025-11-21T01:30:14Z</time>
      </trkpt>
      <trkpt lat="39.16561860743507" lon="117.77487545534667">
        <ele>4.9</ele>
        <time>2025-11-21T01:30:15Z</time>
      </trkpt>
      <trkpt lat="39.16564190438429" lon="117.77486883122356">
        <ele>4.9</ele>
        <time>2025-11-21T01:30:16Z</time>
      </trkpt>
      <trkpt lat="39.16566482674777" lon="117.7748623763798">
        <ele>4.9</ele>
        <time>2025-11-21T01:30:17Z</time>
      </trkpt>
      <trkpt lat="39.16568713507143" lon="117.7748563443252">
        <ele>4.9</ele>
        <time>2025-11-21T01:30:18Z</time>
      </trkpt>
      <trkpt lat="39.16570913750333" lon="117.77485026389395">
        <ele>4.9</ele>
        <time>2025-11-21T01:30:19Z</time>
      </trkpt>
      <trkpt lat="39.16573077935714" lon="117.77484375390046">
        <ele>4.9</ele>
        <time>2025-11-21T01:30:20Z</time>
      </trkpt>
      <trkpt lat="39.16575223883696" lon="117.77483617217165">
        <ele>4.9</ele>
        <time>2025-11-21T01:30:21Z</time>
      </trkpt>
      <trkpt lat="39.165773661193235" lon="117.77482719176864">
        <ele>4.9</ele>
        <time>2025-11-21T01:30:22Z</time>
      </trkpt>
      <trkpt lat="39.16579539453016" lon="117.77481601272395">
        <ele>4.9</ele>
        <time>2025-11-21T01:30:23Z</time>
      </trkpt>
      <trkpt lat="39.165817872250905" lon="117.77480669064194">
        <ele>4.9</ele>
        <time>2025-11-21T01:30:24Z</time>
      </trkpt>
      <trkpt lat="39.165839045397504" lon="117.77479940126041">
        <ele>4.9</ele>
        <time>2025-11-21T01:30:25Z</time>
      </trkpt>
      <trkpt lat="39.16585777358037" lon="117.77479291865028">
        <ele>4.9</ele>
        <time>2025-11-21T01:30:26Z</time>
      </trkpt>
      <trkpt lat="39.16587337066119" lon="117.77478020076246">
        <ele>4.9</ele>
        <time>2025-11-21T01:30:27Z</time>
      </trkpt>
      <trkpt lat="39.16588953411266" lon="117.77476466171474">
        <ele>4.9</ele>
        <time>2025-11-21T01:30:28Z</time>
      </trkpt>
      <trkpt lat="39.16590924027053" lon="117.77474768989784">
        <ele>4.9</ele>
        <time>2025-11-21T01:30:29Z</time>
      </trkpt>
      <trkpt lat="39.16592877816278" lon="117.77473487333388">
        <ele>4.9</ele>
        <time>2025-11-21T01:30:30Z</time>
      </trkpt>
      <trkpt lat="39.16595081349053" lon="117.77472094384389">
        <ele>4.9</ele>
        <time>2025-11-21T01:30:31Z</time>
      </trkpt>
      <trkpt lat="39.16597159177654" lon="117.77470816403887">
        <ele>4.9</ele>
        <time>2025-11-21T01:30:32Z</time>
      </trkpt>
      <trkpt lat="39.1659941861598" lon="117.7746948886">
        <ele>4.9</ele>
        <time>2025-11-21T01:30:33Z</time>
      </trkpt>
      <trkpt lat="39.1660151748788" lon="117.77467867574529">
        <ele>4.9</ele>
        <time>2025-11-21T01:30:34Z</time>
      </trkpt>
      <trkpt lat="39.16603390491513" lon="117.77466258316024">
        <ele>4.9</ele>
        <time>2025-11-21T01:30:35Z</time>
      </trkpt>
      <trkpt lat="39.166050297572596" lon="117.77464874264452">
        <ele>4.9</ele>
        <time>2025-11-21T01:30:36Z</time>
      </trkpt>
      <trkpt lat="39.16606870790891" lon="117.77464111855112">
        <ele>4.9</ele>
        <time>2025-11-21T01:30:37Z</time>
      </trkpt>
      <trkpt lat="39.166089219651084" lon="117.77463409960147">
        <ele>4.9</ele>
        <time>2025-11-21T01:30:38Z</time>
      </trkpt>
      <trkpt lat="39.166110900612" lon="117.77462571100203">
        <ele>4.9</ele>
        <time>2025-11-21T01:30:39Z</time>
      </trkpt>
      <trkpt lat="39.16613220277517" lon="117.77461525034492">
        <ele>4.9</ele>
        <time>2025-11-21T01:30:40Z</time>
      </trkpt>
      <trkpt lat="39.166153191936644" lon="117.77460495141149">
        <ele>4.9</ele>
        <time>2025-11-21T01:30:41Z</time>
      </trkpt>
      <trkpt lat="39.16617445392999" lon="117.77459467916361">
        <ele>4.9</ele>
        <time>2025-11-21T01:30:42Z</time>
      </trkpt>
      <trkpt lat="39.166193821709925" lon="117.77458556633023">
        <ele>4.9</ele>
        <time>2025-11-21T01:30:43Z</time>
      </trkpt>
      <trkpt lat="39.16621317669428" lon="117.77457687516544">
        <ele>4.9</ele>
        <time>2025-11-21T01:30:44Z</time>
      </trkpt>
      <trkpt lat="39.166234051376115" lon="117.7745682127435">
        <ele>4.9</ele>
        <time>2025-11-21T01:30:45Z</time>
      </trkpt>
      <trkpt lat="39.166254672394714" lon="117.77456035016537">
        <ele>4.9</ele>
        <time>2025-11-21T01:30:46Z</time>
      </trkpt>
      <trkpt lat="39.16627529127427" lon="117.77455307831096">
        <ele>4.9</ele>
        <time>2025-11-21T01:30:47Z</time>
      </trkpt>
      <trkpt lat="39.16629567241734" lon="117.77454675908383">
        <ele>4.9</ele>
        <time>2025-11-21T01:30:48Z</time>
      </trkpt>
      <trkpt lat="39.16631596486246" lon="117.77454132395347">
        <ele>4.9</ele>
        <time>2025-11-21T01:30:49Z</time>
      </trkpt>
      <trkpt lat="39.166336416522384" lon="117.77453669916841">
        <ele>4.9</ele>
        <time>2025-11-21T01:30:50Z</time>
      </trkpt>
      <trkpt lat="39.16635745763063" lon="117.7745324457922">
        <ele>4.9</ele>
        <time>2025-11-21T01:30:51Z</time>
      </trkpt>
      <trkpt lat="39.16637887737014" lon="117.77452808492774">
        <ele>4.9</ele>
        <time>2025-11-21T01:30:52Z</time>
      </trkpt>
      <trkpt lat="39.166400520331635" lon="117.77452346776127">
        <ele>4.9</ele>
        <time>2025-11-21T01:30:53Z</time>
      </trkpt>
      <trkpt lat="39.16642220585743" lon="117.7745190911116">
        <ele>4.9</ele>
        <time>2025-11-21T01:30:54Z</time>
      </trkpt>
      <trkpt lat="39.16644386726769" lon="117.77451491569089">
        <ele>4.9</ele>
        <time>2025-11-21T01:30:55Z</time>
      </trkpt>
      <trkpt lat="39.16646524477492" lon="117.7745108511462">
        <ele>4.9</ele>
        <time>2025-11-21T01:30:56Z</time>
      </trkpt>
      <trkpt lat="39.16648608316935" lon="117.77450670625667">
        <ele>4.9</ele>
        <time>2025-11-21T01:30:57Z</time>
      </trkpt>
      <trkpt lat="39.1665066122181" lon="117.77450255480248">
        <ele>4.9</ele>
        <time>2025-11-21T01:30:58Z</time>
      </trkpt>
      <trkpt lat="39.166529837632645" lon="117.77449822206579">
        <ele>4.9</ele>
        <time>2025-11-21T01:30:59Z</time>
      </trkpt>
      <trkpt lat="39.16655175615046" lon="117.77449491770943">
        <ele>4.9</ele>
        <time>2025-11-21T01:31:00Z</time>
      </trkpt>
      <trkpt lat="39.166577098196406" lon="117.77449166530866">
        <ele>4.9</ele>
        <time>2025-11-21T01:31:01Z</time>
      </trkpt>
      <trkpt lat="39.16660048595441" lon="117.77448884505523">
        <ele>4.9</ele>
        <time>2025-11-21T01:31:02Z</time>
      </trkpt>
      <trkpt lat="39.16662411133386" lon="117.77448521312402">
        <ele>4.9</ele>
        <time>2025-11-21T01:31:03Z</time>
      </trkpt>
      <trkpt lat="39.16664696056022" lon="117.77448029860176">
        <ele>4.9</ele>
        <time>2025-11-21T01:31:04Z</time>
      </trkpt>
      <trkpt lat="39.16666947907577" lon="117.7744747389478">
        <ele>4.9</ele>
        <time>2025-11-21T01:31:05Z</time>
      </trkpt>
      <trkpt lat="39.1666916728332" lon="117.77446874557579">
        <ele>4.9</ele>
        <time>2025-11-21T01:31:06Z</time>
      </trkpt>
      <trkpt lat="39.16671373528231" lon="117.77446317784269">
        <ele>4.9</ele>
        <time>2025-11-21T01:31:07Z</time>
      </trkpt>
      <trkpt lat="39.16673574369284" lon="117.77445808524378">
        <ele>4.9</ele>
        <time>2025-11-21T01:31:08Z</time>
      </trkpt>
      <trkpt lat="39.166757549860044" lon="117.77445383618856">
        <ele>4.9</ele>
        <time>2025-11-21T01:31:09Z</time>
      </trkpt>
      <trkpt lat="39.16677911728033" lon="117.77445133148677">
        <ele>4.9</ele>
        <time>2025-11-21T01:31:10Z</time>
      </trkpt>
      <trkpt lat="39.166800387703475" lon="117.7744504999377">
        <ele>4.9</ele>
        <time>2025-11-21T01:31:11Z</time>
      </trkpt>
      <trkpt lat="39.16682156515792" lon="117.77445212065058">
        <ele>4.9</ele>
        <time>2025-11-21T01:31:12Z</time>
      </trkpt>
      <trkpt lat="39.16684303594194" lon="117.7744581378242">
        <ele>4.9</ele>
        <time>2025-11-21T01:31:13Z</time>
      </trkpt>
      <trkpt lat="39.16686423370757" lon="117.7744635788401">
        <ele>4.9</ele>
        <time>2025-11-21T01:31:14Z</time>
      </trkpt>
      <trkpt lat="39.166888040139995" lon="117.77446558552208">
        <ele>4.9</ele>
        <time>2025-11-21T01:31:15Z</time>
      </trkpt>
      <trkpt lat="39.166909156358415" lon="117.77446180749115">
        <ele>4.9</ele>
        <time>2025-11-21T01:31:16Z</time>
      </trkpt>
      <trkpt lat="39.166930399377485" lon="117.77445615373755">
        <ele>4.9</ele>
        <time>2025-11-21T01:31:17Z</time>
      </trkpt>
      <trkpt lat="39.166951256864" lon="117.77444883570112">
        <ele>4.9</ele>
        <time>2025-11-21T01:31:18Z</time>
      </trkpt>
      <trkpt lat="39.1669721904187" lon="117.7744406770734">
        <ele>4.9</ele>
        <time>2025-11-21T01:31:19Z</time>
      </trkpt>
      <trkpt lat="39.166993173401615" lon="117.7744319100425">
        <ele>4.9</ele>
        <time>2025-11-21T01:31:20Z</time>
      </trkpt>
      <trkpt lat="39.167011286368606" lon="117.77442433340819">
        <ele>4.9</ele>
        <time>2025-11-21T01:31:21Z</time>
      </trkpt>
      <trkpt lat="39.167031929392195" lon="117.77441515979011">
        <ele>4.9</ele>
        <time>2025-11-21T01:31:22Z</time>
      </trkpt>
      <trkpt lat="39.16705244868253" lon="117.77440580585943">
        <ele>4.9</ele>
        <time>2025-11-21T01:31:23Z</time>
      </trkpt>
      <trkpt lat="39.16707325231761" lon="117.7743960333667">
        <ele>4.9</ele>
        <time>2025-11-21T01:31:24Z</time>
      </trkpt>
      <trkpt lat="39.16709406393634" lon="117.77438594728973">
        <ele>4.9</ele>
        <time>2025-11-21T01:31:25Z</time>
      </trkpt>
      <trkpt lat="39.16711489836577" lon="117.77437551866385">
        <ele>4.9</ele>
        <time>2025-11-21T01:31:26Z</time>
      </trkpt>
      <trkpt lat="39.1671388344834" lon="117.77436305792233">
        <ele>4.9</ele>
        <time>2025-11-21T01:31:27Z</time>
      </trkpt>
      <trkpt lat="39.167160487463605" lon="117.7743514562383">
        <ele>4.9</ele>
        <time>2025-11-21T01:31:28Z</time>
      </trkpt>
      <trkpt lat="39.167182396156996" lon="117.77433940894798">
        <ele>4.9</ele>
        <time>2025-11-21T01:31:29Z</time>
      </trkpt>
      <trkpt lat="39.16720102629331" lon="117.77432890852589">
        <ele>4.9</ele>
        <time>2025-11-21T01:31:30Z</time>
      </trkpt>
      <trkpt lat="39.167219044808554" lon="117.77431859662623">
        <ele>4.9</ele>
        <time>2025-11-21T01:31:31Z</time>
      </trkpt>
      <trkpt lat="39.16723913265698" lon="117.7743070435269">
        <ele>4.9</ele>
        <time>2025-11-21T01:31:32Z</time>
      </trkpt>
      <trkpt lat="39.16725941722767" lon="117.77429533503465">
        <ele>4.9</ele>
        <time>2025-11-21T01:31:33Z</time>
      </trkpt>
      <trkpt lat="39.167279917012884" lon="117.77428352608091">
        <ele>4.9</ele>
        <time>2025-11-21T01:31:34Z</time>
      </trkpt>
      <trkpt lat="39.167300406773336" lon="117.77427176876404">
        <ele>4.9</ele>
        <time>2025-11-21T01:31:35Z</time>
      </trkpt>
      <trkpt lat="39.167320826130755" lon="117.77426012974662">
        <ele>4.9</ele>
        <time>2025-11-21T01:31:36Z</time>
      </trkpt>
      <trkpt lat="39.167341257412325" lon="117.77424853719386">
        <ele>4.9</ele>
        <time>2025-11-21T01:31:37Z</time>
      </trkpt>
      <trkpt lat="39.167361711696785" lon="117.77423693199492">
        <ele>4.9</ele>
        <time>2025-11-21T01:31:38Z</time>
      </trkpt>
      <trkpt lat="39.16738205965046" lon="117.77422531776827">
        <ele>4.9</ele>
        <time>2025-11-21T01:31:39Z</time>
      </trkpt>
      <trkpt lat="39.167402289511514" lon="117.77421364178787">
        <ele>4.9</ele>
        <time>2025-11-21T01:31:40Z</time>
      </trkpt>
      <trkpt lat="39.167422372709645" lon="117.7742018797651">
        <ele>4.9</ele>
        <time>2025-11-21T01:31:41Z</time>
      </trkpt>
      <trkpt lat="39.16744211764992" lon="117.7741901416792">
        <ele>5.1</ele>
        <time>2025-11-21T01:31:42Z</time>
      </trkpt>
      <trkpt lat="39.167461604033114" lon="117.77417833835327">
        <ele>5.1</ele>
        <time>2025-11-21T01:31:43Z</time>
      </trkpt>
      <trkpt lat="39.167480789328295" lon="117.77416647862746">
        <ele>5.1</ele>
        <time>2025-11-21T01:31:44Z</time>
      </trkpt>
      <trkpt lat="39.16749987786768" lon="117.77415449061851">
        <ele>5.1</ele>
        <time>2025-11-21T01:31:45Z</time>
      </trkpt>
      <trkpt lat="39.16752173339625" lon="117.77414082428314">
        <ele>5.1</ele>
        <time>2025-11-21T01:31:46Z</time>
      </trkpt>
      <trkpt lat="39.16754105643281" lon="117.77412857841539">
        <ele>5.1</ele>
        <time>2025-11-21T01:31:47Z</time>
      </trkpt>
      <trkpt lat="39.16756048280488" lon="117.77411631464109">
        <ele>5.1</ele>
        <time>2025-11-21T01:31:48Z</time>
      </trkpt>
      <trkpt lat="39.16757963953164" lon="117.77410428998087">
        <ele>5.1</ele>
        <time>2025-11-21T01:31:49Z</time>
      </trkpt>
      <trkpt lat="39.167598828651386" lon="117.77409235707572">
        <ele>5.1</ele>
        <time>2025-11-21T01:31:50Z</time>
      </trkpt>
      <trkpt lat="39.16762099912329" lon="117.77407885026102">
        <ele>5.1</ele>
        <time>2025-11-21T01:31:51Z</time>
      </trkpt>
      <trkpt lat="39.16764087012342" lon="117.77406682418089">
        <ele>5.1</ele>
        <time>2025-11-21T01:31:52Z</time>
      </trkpt>
      <trkpt lat="39.16766105354172" lon="117.77405480541849">
        <ele>5.1</ele>
        <time>2025-11-21T01:31:53Z</time>
      </trkpt>
      <trkpt lat="39.16768110281082" lon="117.77404306773185">
        <ele>5.1</ele>
        <time>2025-11-21T01:31:54Z</time>
      </trkpt>
      <trkpt lat="39.16770196761765" lon="117.77403148730997">
        <ele>5.1</ele>
        <time>2025-11-21T01:31:55Z</time>
      </trkpt>
      <trkpt lat="39.167723469258306" lon="117.77402032111408">
        <ele>5.1</ele>
        <time>2025-11-21T01:31:56Z</time>
      </trkpt>
      <trkpt lat="39.167745254330804" lon="117.77401072582033">
        <ele>5.1</ele>
        <time>2025-11-21T01:31:57Z</time>
      </trkpt>
      <trkpt lat="39.167766988860684" lon="117.77400209887077">
        <ele>5.1</ele>
        <time>2025-11-21T01:31:58Z</time>
      </trkpt>
      <trkpt lat="39.16778889839595" lon="117.77399427566006">
        <ele>5.1</ele>
        <time>2025-11-21T01:31:59Z</time>
      </trkpt>
      <trkpt lat="39.16781057565951" lon="117.77398764802109">
        <ele>5.1</ele>
        <time>2025-11-21T01:32:00Z</time>
      </trkpt>
      <trkpt lat="39.16783205945611" lon="117.77398194558816">
        <ele>5.1</ele>
        <time>2025-11-21T01:32:01Z</time>
      </trkpt>
      <trkpt lat="39.167856006723746" lon="117.77397653020421">
        <ele>5.1</ele>
        <time>2025-11-21T01:32:02Z</time>
      </trkpt>
      <trkpt lat="39.16787851811787" lon="117.77397157879022">
        <ele>5.1</ele>
        <time>2025-11-21T01:32:03Z</time>
      </trkpt>
      <trkpt lat="39.16790181645072" lon="117.77396606847637">
        <ele>5.1</ele>
        <time>2025-11-21T01:32:04Z</time>
      </trkpt>
      <trkpt lat="39.167924903228645" lon="117.77396012969575">
        <ele>5.1</ele>
        <time>2025-11-21T01:32:05Z</time>
      </trkpt>
      <trkpt lat="39.16794778059966" lon="117.77395406248272">
        <ele>5.1</ele>
        <time>2025-11-21T01:32:06Z</time>
      </trkpt>
      <trkpt lat="39.16797027687696" lon="117.77394806249143">
        <ele>5.1</ele>
        <time>2025-11-21T01:32:07Z</time>
      </trkpt>
      <trkpt lat="39.16799278906385" lon="117.77394243368735">
        <ele>5.1</ele>
        <time>2025-11-21T01:32:08Z</time>
      </trkpt>
      <trkpt lat="39.16801553997089" lon="117.77393703161259">
        <ele>5.1</ele>
        <time>2025-11-21T01:32:09Z</time>
      </trkpt>
      <trkpt lat="39.168040841935436" lon="117.773935355957">
        <ele>5.1</ele>
        <time>2025-11-21T01:32:10Z</time>
      </trkpt>
      <trkpt lat="39.16806302300898" lon="117.77393753145846">
        <ele>5.1</ele>
        <time>2025-11-21T01:32:11Z</time>
      </trkpt>
      <trkpt lat="39.1680830776348" lon="117.77394133872558">
        <ele>5.1</ele>
        <time>2025-11-21T01:32:12Z</time>
      </trkpt>
      <trkpt lat="39.168100588640854" lon="117.77393944787745">
        <ele>5.1</ele>
        <time>2025-11-21T01:32:13Z</time>
      </trkpt>
      <trkpt lat="39.16811913412977" lon="117.77393443279398">
        <ele>5.1</ele>
        <time>2025-11-21T01:32:14Z</time>
      </trkpt>
      <trkpt lat="39.168140070019376" lon="117.77392756884224">
        <ele>5.1</ele>
        <time>2025-11-21T01:32:15Z</time>
      </trkpt>
      <trkpt lat="39.16816143162735" lon="117.77392304385583">
        <ele>5.1</ele>
        <time>2025-11-21T01:32:16Z</time>
      </trkpt>
      <trkpt lat="39.16818258322257" lon="117.7739180362215">
        <ele>5.1</ele>
        <time>2025-11-21T01:32:17Z</time>
      </trkpt>
      <trkpt lat="39.16820519246403" lon="117.77391210697625">
        <ele>5.1</ele>
        <time>2025-11-21T01:32:18Z</time>
      </trkpt>
      <trkpt lat="39.16822720015075" lon="117.77390514207232">
        <ele>5.1</ele>
        <time>2025-11-21T01:32:19Z</time>
      </trkpt>
      <trkpt lat="39.16824911268668" lon="117.7738968428727">
        <ele>5.1</ele>
        <time>2025-11-21T01:32:20Z</time>
      </trkpt>
      <trkpt lat="39.16827021201795" lon="117.77388618245351">
        <ele>5.1</ele>
        <time>2025-11-21T01:32:21Z</time>
      </trkpt>
      <trkpt lat="39.16829050980563" lon="117.77387394931468">
        <ele>5.2</ele>
        <time>2025-11-21T01:32:22Z</time>
      </trkpt>
      <trkpt lat="39.168309833563505" lon="117.77386039819471">
        <ele>5.2</ele>
        <time>2025-11-21T01:32:23Z</time>
      </trkpt>
      <trkpt lat="39.168328586639085" lon="117.7738463465521">
        <ele>5.2</ele>
        <time>2025-11-21T01:32:24Z</time>
      </trkpt>
      <trkpt lat="39.16834718336131" lon="117.7738320302668">
        <ele>5.2</ele>
        <time>2025-11-21T01:32:25Z</time>
      </trkpt>
      <trkpt lat="39.16836586134943" lon="117.77381763507823">
        <ele>5.2</ele>
        <time>2025-11-21T01:32:26Z</time>
      </trkpt>
      <trkpt lat="39.168384959716434" lon="117.77380332161209">
        <ele>5.2</ele>
        <time>2025-11-21T01:32:27Z</time>
      </trkpt>
      <trkpt lat="39.16840400598323" lon="117.7737892989342">
        <ele>5.2</ele>
        <time>2025-11-21T01:32:28Z</time>
      </trkpt>
      <trkpt lat="39.16842552509588" lon="117.77377371009872">
        <ele>5.2</ele>
        <time>2025-11-21T01:32:29Z</time>
      </trkpt>
      <trkpt lat="39.168445305658835" lon="117.77375923177492">
        <ele>5.2</ele>
        <time>2025-11-21T01:32:30Z</time>
      </trkpt>
      <trkpt lat="39.16846592438056" lon="117.77374454560345">
        <ele>5.2</ele>
        <time>2025-11-21T01:32:31Z</time>
      </trkpt>
      <trkpt lat="39.168484324964055" lon="117.77373223128049">
        <ele>5.2</ele>
        <time>2025-11-21T01:32:32Z</time>
      </trkpt>
      <trkpt lat="39.16850232417479" lon="117.77372096354735">
        <ele>5.2</ele>
        <time>2025-11-21T01:32:33Z</time>
      </trkpt>
      <trkpt lat="39.16852177041823" lon="117.77371013603091">
        <ele>5.2</ele>
        <time>2025-11-21T01:32:34Z</time>
      </trkpt>
      <trkpt lat="39.16854135032867" lon="117.77369994492567">
        <ele>5.2</ele>
        <time>2025-11-21T01:32:35Z</time>
      </trkpt>
      <trkpt lat="39.168561678653575" lon="117.77368983870494">
        <ele>5.2</ele>
        <time>2025-11-21T01:32:36Z</time>
      </trkpt>
      <trkpt lat="39.168582642361315" lon="117.77367994340023">
        <ele>5</ele>
        <time>2025-11-21T01:32:37Z</time>
      </trkpt>
      <trkpt lat="39.16860436952364" lon="117.77367059557557">
        <ele>5</ele>
        <time>2025-11-21T01:32:38Z</time>
      </trkpt>
      <trkpt lat="39.16862644319128" lon="117.7736623570505">
        <ele>5</ele>
        <time>2025-11-21T01:32:39Z</time>
      </trkpt>
      <trkpt lat="39.16864915854454" lon="117.77365576372439">
        <ele>5</ele>
        <time>2025-11-21T01:32:40Z</time>
      </trkpt>
      <trkpt lat="39.1686722534068" lon="117.77365067008567">
        <ele>5</ele>
        <time>2025-11-21T01:32:41Z</time>
      </trkpt>
      <trkpt lat="39.16869571299692" lon="117.77364692682934">
        <ele>5</ele>
        <time>2025-11-21T01:32:42Z</time>
      </trkpt>
      <trkpt lat="39.16871929148294" lon="117.77364445011331">
        <ele>5</ele>
        <time>2025-11-21T01:32:43Z</time>
      </trkpt>
      <trkpt lat="39.168742677074455" lon="117.77364222765749">
        <ele>5</ele>
        <time>2025-11-21T01:32:44Z</time>
      </trkpt>
      <trkpt lat="39.168765705315266" lon="117.77363997777216">
        <ele>5</ele>
        <time>2025-11-21T01:32:45Z</time>
      </trkpt>
      <trkpt lat="39.16878808724435" lon="117.77363749093944">
        <ele>5</ele>
        <time>2025-11-21T01:32:46Z</time>
      </trkpt>
      <trkpt lat="39.16880983204366" lon="117.77363526222946">
        <ele>5</ele>
        <time>2025-11-21T01:32:47Z</time>
      </trkpt>
      <trkpt lat="39.16883365907199" lon="117.77363402280423">
        <ele>5</ele>
        <time>2025-11-21T01:32:48Z</time>
      </trkpt>
      <trkpt lat="39.16885518475114" lon="117.7736342851869">
        <ele>5</ele>
        <time>2025-11-21T01:32:49Z</time>
      </trkpt>
      <trkpt lat="39.16887678368296" lon="117.77363586030155">
        <ele>5</ele>
        <time>2025-11-21T01:32:50Z</time>
      </trkpt>
      <trkpt lat="39.16889793736286" lon="117.77363746480576">
        <ele>5</ele>
        <time>2025-11-21T01:32:51Z</time>
      </trkpt>
      <trkpt lat="39.16891941997795" lon="117.77363824828066">
        <ele>5</ele>
        <time>2025-11-21T01:32:52Z</time>
      </trkpt>
      <trkpt lat="39.168941123990166" lon="117.77363734209726">
        <ele>5</ele>
        <time>2025-11-21T01:32:53Z</time>
      </trkpt>
      <trkpt lat="39.168962998284734" lon="117.77363449523463">
        <ele>5</ele>
        <time>2025-11-21T01:32:54Z</time>
      </trkpt>
      <trkpt lat="39.16898479031445" lon="117.77363042769628">
        <ele>5</ele>
        <time>2025-11-21T01:32:55Z</time>
      </trkpt>
      <trkpt lat="39.16900627766525" lon="117.77362520714141">
        <ele>5</ele>
        <time>2025-11-21T01:32:56Z</time>
      </trkpt>
      <trkpt lat="39.1690274404219" lon="117.77361789876183">
        <ele>5</ele>
        <time>2025-11-21T01:32:57Z</time>
      </trkpt>
      <trkpt lat="39.16904794738742" lon="117.77360880207752">
        <ele>5</ele>
        <time>2025-11-21T01:32:58Z</time>
      </trkpt>
      <trkpt lat="39.16907008604322" lon="117.77359575957533">
        <ele>5</ele>
        <time>2025-11-21T01:32:59Z</time>
      </trkpt>
      <trkpt lat="39.1690899126054" lon="117.77358151594747">
        <ele>5</ele>
        <time>2025-11-21T01:33:00Z</time>
      </trkpt>
      <trkpt lat="39.169109672782305" lon="117.77356522742828">
        <ele>5</ele>
        <time>2025-11-21T01:33:01Z</time>
      </trkpt>
      <trkpt lat="39.16912866021677" lon="117.77354760129198">
        <ele>5</ele>
        <time>2025-11-21T01:33:02Z</time>
      </trkpt>
      <trkpt lat="39.169146850309325" lon="117.77352974810286">
        <ele>5</ele>
        <time>2025-11-21T01:33:03Z</time>
      </trkpt>
      <trkpt lat="39.16916653242012" lon="117.77351011373547">
        <ele>5</ele>
        <time>2025-11-21T01:33:04Z</time>
      </trkpt>
      <trkpt lat="39.16918427631369" lon="117.77349252055048">
        <ele>5</ele>
        <time>2025-11-21T01:33:05Z</time>
      </trkpt>
      <trkpt lat="39.16920220563485" lon="117.77347471776115">
        <ele>5</ele>
        <time>2025-11-21T01:33:06Z</time>
      </trkpt>
      <trkpt lat="39.1692197099226" lon="117.7734570895565">
        <ele>5</ele>
        <time>2025-11-21T01:33:07Z</time>
      </trkpt>
      <trkpt lat="39.169237409286545" lon="117.77343923102798">
        <ele>5</ele>
        <time>2025-11-21T01:33:08Z</time>
      </trkpt>
      <trkpt lat="39.16925537320811" lon="117.77342125446671">
        <ele>5</ele>
        <time>2025-11-21T01:33:09Z</time>
      </trkpt>
      <trkpt lat="39.16927395036715" lon="117.77340395040756">
        <ele>5</ele>
        <time>2025-11-21T01:33:10Z</time>
      </trkpt>
      <trkpt lat="39.169293111321565" lon="117.77338773233407">
        <ele>5</ele>
        <time>2025-11-21T01:33:11Z</time>
      </trkpt>
      <trkpt lat="39.169312808148234" lon="117.77337315120268">
        <ele>5.2</ele>
        <time>2025-11-21T01:33:12Z</time>
      </trkpt>
      <trkpt lat="39.1693334475743" lon="117.7733605916191">
        <ele>5.2</ele>
        <time>2025-11-21T01:33:13Z</time>
      </trkpt>
      <trkpt lat="39.1693543777693" lon="117.77334895329432">
        <ele>5.2</ele>
        <time>2025-11-21T01:33:14Z</time>
      </trkpt>
      <trkpt lat="39.16937551035508" lon="117.77333750305222">
        <ele>5.2</ele>
        <time>2025-11-21T01:33:15Z</time>
      </trkpt>
      <trkpt lat="39.16939620968296" lon="117.77332512106419">
        <ele>5.2</ele>
        <time>2025-11-21T01:33:16Z</time>
      </trkpt>
      <trkpt lat="39.16941662667508" lon="117.77331205421783">
        <ele>5.2</ele>
        <time>2025-11-21T01:33:17Z</time>
      </trkpt>
      <trkpt lat="39.16943689187231" lon="117.773298352507">
        <ele>5.2</ele>
        <time>2025-11-21T01:33:18Z</time>
      </trkpt>
      <trkpt lat="39.16945479703312" lon="117.77328567435212">
        <ele>5.2</ele>
        <time>2025-11-21T01:33:19Z</time>
      </trkpt>
      <trkpt lat="39.16947431797861" lon="117.77327121174179">
        <ele>5.2</ele>
        <time>2025-11-21T01:33:20Z</time>
      </trkpt>
      <trkpt lat="39.16949313238704" lon="117.7732562125674">
        <ele>5.2</ele>
        <time>2025-11-21T01:33:21Z</time>
      </trkpt>
      <trkpt lat="39.16951172575168" lon="117.77324031367074">
        <ele>5.2</ele>
        <time>2025-11-21T01:33:22Z</time>
      </trkpt>
      <trkpt lat="39.16952953685302" lon="117.77322328215458">
        <ele>5.2</ele>
        <time>2025-11-21T01:33:23Z</time>
      </trkpt>
      <trkpt lat="39.16954714669332" lon="117.77320548013867">
        <ele>5.2</ele>
        <time>2025-11-21T01:33:24Z</time>
      </trkpt>
      <trkpt lat="39.16956467043363" lon="117.77318713371697">
        <ele>5.2</ele>
        <time>2025-11-21T01:33:25Z</time>
      </trkpt>
      <trkpt lat="39.16958217970597" lon="117.77316836254381">
        <ele>5.2</ele>
        <time>2025-11-21T01:33:26Z</time>
      </trkpt>
      <trkpt lat="39.169599644752104" lon="117.77314970185927">
        <ele>5</ele>
        <time>2025-11-21T01:33:27Z</time>
      </trkpt>
      <trkpt lat="39.16961698554286" lon="117.77313125639876">
        <ele>5</ele>
        <time>2025-11-21T01:33:28Z</time>
      </trkpt>
      <trkpt lat="39.169634701160895" lon="117.77311354470592">
        <ele>5</ele>
        <time>2025-11-21T01:33:29Z</time>
      </trkpt>
      <trkpt lat="39.169652745177615" lon="117.77309632499058">
        <ele>5</ele>
        <time>2025-11-21T01:33:30Z</time>
      </trkpt>
      <trkpt lat="39.16967140788708" lon="117.77307954395286">
        <ele>5</ele>
        <time>2025-11-21T01:33:31Z</time>
      </trkpt>
      <trkpt lat="39.16969062842262" lon="117.77306324405835">
        <ele>5</ele>
        <time>2025-11-21T01:33:32Z</time>
      </trkpt>
      <trkpt lat="39.16971056849978" lon="117.77304730630799">
        <ele>5</ele>
        <time>2025-11-21T01:33:33Z</time>
      </trkpt>
      <trkpt lat="39.16973138412517" lon="117.77303166692174">
        <ele>5</ele>
        <time>2025-11-21T01:33:34Z</time>
      </trkpt>
      <trkpt lat="39.169751421512956" lon="117.77301826164971">
        <ele>5</ele>
        <time>2025-11-21T01:33:35Z</time>
      </trkpt>
      <trkpt lat="39.16977255658777" lon="117.77300117904159">
        <ele>5</ele>
        <time>2025-11-21T01:33:36Z</time>
      </trkpt>
      <trkpt lat="39.169791786021335" lon="117.7729833044823">
        <ele>5</ele>
        <time>2025-11-21T01:33:37Z</time>
      </trkpt>
      <trkpt lat="39.16980909802532" lon="117.77296663750042">
        <ele>5</ele>
        <time>2025-11-21T01:33:38Z</time>
      </trkpt>
      <trkpt lat="39.16982786335618" lon="117.77295691825798">
        <ele>5</ele>
        <time>2025-11-21T01:33:39Z</time>
      </trkpt>
      <trkpt lat="39.1698489125085" lon="117.77294911727257">
        <ele>5</ele>
        <time>2025-11-21T01:33:40Z</time>
      </trkpt>
      <trkpt lat="39.16987196571646" lon="117.77294099683965">
        <ele>5</ele>
        <time>2025-11-21T01:33:41Z</time>
      </trkpt>
      <trkpt lat="39.1698949704178" lon="117.77292997112204">
        <ele>5</ele>
        <time>2025-11-21T01:33:42Z</time>
      </trkpt>
      <trkpt lat="39.169917601857755" lon="117.77291932287051">
        <ele>5</ele>
        <time>2025-11-21T01:33:43Z</time>
      </trkpt>
      <trkpt lat="39.16993961737576" lon="117.77290874327822">
        <ele>5</ele>
        <time>2025-11-21T01:33:44Z</time>
      </trkpt>
      <trkpt lat="39.169961321727534" lon="117.77289901392349">
        <ele>5</ele>
        <time>2025-11-21T01:33:45Z</time>
      </trkpt>
      <trkpt lat="39.169982727390085" lon="117.77288983707264">
        <ele>5</ele>
        <time>2025-11-21T01:33:46Z</time>
      </trkpt>
      <trkpt lat="39.17000404625563" lon="117.77288079416498">
        <ele>5.2</ele>
        <time>2025-11-21T01:33:47Z</time>
      </trkpt>
      <trkpt lat="39.17002543400972" lon="117.77287155080784">
        <ele>5.2</ele>
        <time>2025-11-21T01:33:48Z</time>
      </trkpt>
      <trkpt lat="39.170047357099946" lon="117.77286110920855">
        <ele>5.2</ele>
        <time>2025-11-21T01:33:49Z</time>
      </trkpt>
      <trkpt lat="39.170070979358115" lon="117.77285323789427">
        <ele>5.2</ele>
        <time>2025-11-21T01:33:50Z</time>
      </trkpt>
      <trkpt lat="39.170090479016764" lon="117.7728472599847">
        <ele>5.2</ele>
        <time>2025-11-21T01:33:51Z</time>
      </trkpt>
      <trkpt lat="39.17010729388958" lon="117.77284113533143">
        <ele>5.5</ele>
        <time>2025-11-21T01:33:52Z</time>
      </trkpt>
      <trkpt lat="39.17012240077373" lon="117.77282830540467">
        <ele>5.5</ele>
        <time>2025-11-21T01:33:53Z</time>
      </trkpt>
      <trkpt lat="39.17013914119213" lon="117.77281371265528">
        <ele>5.5</ele>
        <time>2025-11-21T01:33:54Z</time>
      </trkpt>
      <trkpt lat="39.170157463310545" lon="117.77279946049318">
        <ele>5.5</ele>
        <time>2025-11-21T01:33:55Z</time>
      </trkpt>
      <trkpt lat="39.170176929055316" lon="117.77278721479895">
        <ele>5.5</ele>
        <time>2025-11-21T01:33:56Z</time>
      </trkpt>
      <trkpt lat="39.170195932365026" lon="117.77277429605834">
        <ele>5.5</ele>
        <time>2025-11-21T01:33:57Z</time>
      </trkpt>
      <trkpt lat="39.17021453679435" lon="117.77276054983662">
        <ele>5.5</ele>
        <time>2025-11-21T01:33:58Z</time>
      </trkpt>
      <trkpt lat="39.17023191440819" lon="117.77274465215329">
        <ele>5.5</ele>
        <time>2025-11-21T01:33:59Z</time>
      </trkpt>
      <trkpt lat="39.17024861855927" lon="117.77272757702225">
        <ele>5.5</ele>
        <time>2025-11-21T01:34:00Z</time>
      </trkpt>
      <trkpt lat="39.17026461432252" lon="117.77270943605346">
        <ele>5.5</ele>
        <time>2025-11-21T01:34:01Z</time>
      </trkpt>
      <trkpt lat="39.170280113663374" lon="117.7726910547185">
        <ele>5.5</ele>
        <time>2025-11-21T01:34:02Z</time>
      </trkpt>
      <trkpt lat="39.17029484144173" lon="117.77267248031971">
        <ele>5.5</ele>
        <time>2025-11-21T01:34:03Z</time>
      </trkpt>
      <trkpt lat="39.170311000491516" lon="117.77265163061588">
        <ele>5.5</ele>
        <time>2025-11-21T01:34:04Z</time>
      </trkpt>
      <trkpt lat="39.170325674586444" lon="117.77263292402502">
        <ele>5.5</ele>
        <time>2025-11-21T01:34:05Z</time>
      </trkpt>
      <trkpt lat="39.17034260227806" lon="117.77261188093807">
        <ele>5.5</ele>
        <time>2025-11-21T01:34:06Z</time>
      </trkpt>
      <trkpt lat="39.170357896034965" lon="117.77259271194666">
        <ele>5.5</ele>
        <time>2025-11-21T01:34:07Z</time>
      </trkpt>
      <trkpt lat="39.17037360133036" lon="117.77257287485561">
        <ele>5.5</ele>
        <time>2025-11-21T01:34:08Z</time>
      </trkpt>
      <trkpt lat="39.170389077355004" lon="117.77255287812697">
        <ele>5.5</ele>
        <time>2025-11-21T01:34:09Z</time>
      </trkpt>
      <trkpt lat="39.17040468952661" lon="117.77253246720944">
        <ele>5.5</ele>
        <time>2025-11-21T01:34:10Z</time>
      </trkpt>
      <trkpt lat="39.170420258827576" lon="117.77251184076863">
        <ele>5.5</ele>
        <time>2025-11-21T01:34:11Z</time>
      </trkpt>
      <trkpt lat="39.17043595060743" lon="117.77249142112433">
        <ele>5.3</ele>
        <time>2025-11-21T01:34:12Z</time>
      </trkpt>
      <trkpt lat="39.17045212882237" lon="117.77247144448702">
        <ele>5.3</ele>
        <time>2025-11-21T01:34:13Z</time>
      </trkpt>
      <trkpt lat="39.17046917488286" lon="117.77245253365054">
        <ele>5.3</ele>
        <time>2025-11-21T01:34:14Z</time>
      </trkpt>
      <trkpt lat="39.1704873783122" lon="117.77243487930154">
        <ele>5.3</ele>
        <time>2025-11-21T01:34:15Z</time>
      </trkpt>
      <trkpt lat="39.17050632234282" lon="117.77241826288952">
        <ele>5.3</ele>
        <time>2025-11-21T01:34:16Z</time>
      </trkpt>
      <trkpt lat="39.17052593794289" lon="117.77240206997304">
        <ele>5</ele>
        <time>2025-11-21T01:34:17Z</time>
      </trkpt>
      <trkpt lat="39.17054415839542" lon="117.77238433649823">
        <ele>5</ele>
        <time>2025-11-21T01:34:18Z</time>
      </trkpt>
      <trkpt lat="39.17056109366161" lon="117.77236584468989">
        <ele>5</ele>
        <time>2025-11-21T01:34:19Z</time>
      </trkpt>
      <trkpt lat="39.1705773163864" lon="117.77234722562513">
        <ele>5</ele>
        <time>2025-11-21T01:34:20Z</time>
      </trkpt>
      <trkpt lat="39.170592598737095" lon="117.77233474059217">
        <ele>5</ele>
        <time>2025-11-21T01:34:21Z</time>
      </trkpt>
      <trkpt lat="39.170609374365704" lon="117.77232452580061">
        <ele>5</ele>
        <time>2025-11-21T01:34:22Z</time>
      </trkpt>
      <trkpt lat="39.17062873931718" lon="117.77231503889001">
        <ele>5</ele>
        <time>2025-11-21T01:34:23Z</time>
      </trkpt>
      <trkpt lat="39.17064919213655" lon="117.77230366950674">
        <ele>5</ele>
        <time>2025-11-21T01:34:24Z</time>
      </trkpt>
      <trkpt lat="39.17066994012917" lon="117.77229193998681">
        <ele>5</ele>
        <time>2025-11-21T01:34:25Z</time>
      </trkpt>
      <trkpt lat="39.170690775711726" lon="117.772279761379">
        <ele>5</ele>
        <time>2025-11-21T01:34:26Z</time>
      </trkpt>
      <trkpt lat="39.1707119141385" lon="117.77226812944404">
        <ele>5</ele>
        <time>2025-11-21T01:34:27Z</time>
      </trkpt>
      <trkpt lat="39.170733200354235" lon="117.77225700842224">
        <ele>5</ele>
        <time>2025-11-21T01:34:28Z</time>
      </trkpt>
      <trkpt lat="39.17075483486891" lon="117.77224641162547">
        <ele>5</ele>
        <time>2025-11-21T01:34:29Z</time>
      </trkpt>
      <trkpt lat="39.17077655251222" lon="117.7722358484094">
        <ele>5</ele>
        <time>2025-11-21T01:34:30Z</time>
      </trkpt>
      <trkpt lat="39.17079812563515" lon="117.77222525167818">
        <ele>5</ele>
        <time>2025-11-21T01:34:31Z</time>
      </trkpt>
      <trkpt lat="39.1708196790069" lon="117.77221417691956">
        <ele>5</ele>
        <time>2025-11-21T01:34:32Z</time>
      </trkpt>
      <trkpt lat="39.170841220404625" lon="117.7722023878224">
        <ele>5</ele>
        <time>2025-11-21T01:34:33Z</time>
      </trkpt>
      <trkpt lat="39.17086311828507" lon="117.77218893862086">
        <ele>5</ele>
        <time>2025-11-21T01:34:34Z</time>
      </trkpt>
      <trkpt lat="39.17088574050999" lon="117.77217393626101">
        <ele>5</ele>
        <time>2025-11-21T01:34:35Z</time>
      </trkpt>
      <trkpt lat="39.17090950035497" lon="117.77215931809347">
        <ele>5</ele>
        <time>2025-11-21T01:34:36Z</time>
      </trkpt>
      <trkpt lat="39.17093016236589" lon="117.77214785272002">
        <ele>5</ele>
        <time>2025-11-21T01:34:37Z</time>
      </trkpt>
      <trkpt lat="39.17094638686011" lon="117.77213673928541">
        <ele>5</ele>
        <time>2025-11-21T01:34:38Z</time>
      </trkpt>
      <trkpt lat="39.170960199328164" lon="117.77212357611548">
        <ele>5</ele>
        <time>2025-11-21T01:34:39Z</time>
      </trkpt>
      <trkpt lat="39.17097694851433" lon="117.77210415763071">
        <ele>5</ele>
        <time>2025-11-21T01:34:40Z</time>
      </trkpt>
      <trkpt lat="39.170993300671675" lon="117.77208450459993">
        <ele>5</ele>
        <time>2025-11-21T01:34:41Z</time>
      </trkpt>
      <trkpt lat="39.17100994885695" lon="117.77206134329656">
        <ele>5</ele>
        <time>2025-11-21T01:34:42Z</time>
      </trkpt>
      <trkpt lat="39.17102382280646" lon="117.77203915484407">
        <ele>5</ele>
        <time>2025-11-21T01:34:43Z</time>
      </trkpt>
      <trkpt lat="39.17103693438543" lon="117.77201583383298">
        <ele>5</ele>
        <time>2025-11-21T01:34:44Z</time>
      </trkpt>
      <trkpt lat="39.1710483939815" lon="117.77199168869556">
        <ele>5</ele>
        <time>2025-11-21T01:34:45Z</time>
      </trkpt>
      <trkpt lat="39.171058601378334" lon="117.77196691289048">
        <ele>5</ele>
        <time>2025-11-21T01:34:46Z</time>
      </trkpt>
      <trkpt lat="39.17106748852146" lon="117.77194152729672">
        <ele>5</ele>
        <time>2025-11-21T01:34:47Z</time>
      </trkpt>
      <trkpt lat="39.17107535903842" lon="117.7719158969707">
        <ele>5</ele>
        <time>2025-11-21T01:34:48Z</time>
      </trkpt>
      <trkpt lat="39.17108322101567" lon="117.7718903521869">
        <ele>5</ele>
        <time>2025-11-21T01:34:49Z</time>
      </trkpt>
      <trkpt lat="39.171092493232464" lon="117.77186528324009">
        <ele>5</ele>
        <time>2025-11-21T01:34:50Z</time>
      </trkpt>
      <trkpt lat="39.17110369618585" lon="117.7718407236844">
        <ele>5</ele>
        <time>2025-11-21T01:34:51Z</time>
      </trkpt>
      <trkpt lat="39.17111668966944" lon="117.77181617568179">
        <ele>5</ele>
        <time>2025-11-21T01:34:52Z</time>
      </trkpt>
      <trkpt lat="39.17112748246388" lon="117.77179375611145">
        <ele>5</ele>
        <time>2025-11-21T01:34:53Z</time>
      </trkpt>
      <trkpt lat="39.17113839744671" lon="117.77177784992017">
        <ele>5</ele>
        <time>2025-11-21T01:34:54Z</time>
      </trkpt>
      <trkpt lat="39.171150690945744" lon="117.77176566943155">
        <ele>5</ele>
        <time>2025-11-21T01:34:55Z</time>
      </trkpt>
      <trkpt lat="39.1711701495181" lon="117.77175432483189">
        <ele>5</ele>
        <time>2025-11-21T01:34:56Z</time>
      </trkpt>
      <trkpt lat="39.17119116877783" lon="117.7717423558148">
        <ele>5</ele>
        <time>2025-11-21T01:34:57Z</time>
      </trkpt>
      <trkpt lat="39.17121290089717" lon="117.77173062877027">
        <ele>5</ele>
        <time>2025-11-21T01:34:58Z</time>
      </trkpt>
      <trkpt lat="39.17123390450053" lon="117.77171875170004">
        <ele>5</ele>
        <time>2025-11-21T01:34:59Z</time>
      </trkpt>
      <trkpt lat="39.17125466823959" lon="117.77170733739538">
        <ele>5</ele>
        <time>2025-11-21T01:35:00Z</time>
      </trkpt>
      <trkpt lat="39.17127498431834" lon="117.77169572599249">
        <ele>5</ele>
        <time>2025-11-21T01:35:01Z</time>
      </trkpt>
      <trkpt lat="39.171294615562694" lon="117.77168237023422">
        <ele>5</ele>
        <time>2025-11-21T01:35:02Z</time>
      </trkpt>
      <trkpt lat="39.171313353531126" lon="117.77166710784472">
        <ele>5</ele>
        <time>2025-11-21T01:35:03Z</time>
      </trkpt>
      <trkpt lat="39.17133124272844" lon="117.77164972669561">
        <ele>5</ele>
        <time>2025-11-21T01:35:04Z</time>
      </trkpt>
      <trkpt lat="39.17134908528368" lon="117.7716306854721">
        <ele>5</ele>
        <time>2025-11-21T01:35:05Z</time>
      </trkpt>
      <trkpt lat="39.171367566493004" lon="117.77161045970216">
        <ele>5</ele>
        <time>2025-11-21T01:35:06Z</time>
      </trkpt>
      <trkpt lat="39.171386888992565" lon="117.77159076704616">
        <ele>5</ele>
        <time>2025-11-21T01:35:07Z</time>
      </trkpt>
      <trkpt lat="39.17139960950378" lon="117.77157386332378">
        <ele>5</ele>
        <time>2025-11-21T01:35:08Z</time>
      </trkpt>
      <trkpt lat="39.171407324884896" lon="117.77155535829823">
        <ele>5</ele>
        <time>2025-11-21T01:35:09Z</time>
      </trkpt>
      <trkpt lat="39.17140975932626" lon="117.77153365239677">
        <ele>5</ele>
        <time>2025-11-21T01:35:10Z</time>
      </trkpt>
      <trkpt lat="39.17141282111802" lon="117.77150547358306">
        <ele>5</ele>
        <time>2025-11-21T01:35:11Z</time>
      </trkpt>
      <trkpt lat="39.171415682739365" lon="117.77147608197649">
        <ele>5</ele>
        <time>2025-11-21T01:35:12Z</time>
      </trkpt>
      <trkpt lat="39.17141856167155" lon="117.77144609881074">
        <ele>5</ele>
        <time>2025-11-21T01:35:13Z</time>
      </trkpt>
      <trkpt lat="39.17142035618066" lon="117.77141610908531">
        <ele>5</ele>
        <time>2025-11-21T01:35:14Z</time>
      </trkpt>
      <trkpt lat="39.17142132038173" lon="117.77138666284974">
        <ele>5</ele>
        <time>2025-11-21T01:35:15Z</time>
      </trkpt>
      <trkpt lat="39.171421368482335" lon="117.77135757044587">
        <ele>5</ele>
        <time>2025-11-21T01:35:16Z</time>
      </trkpt>
      <trkpt lat="39.17142103922326" lon="117.77132850060723">
        <ele>5</ele>
        <time>2025-11-21T01:35:17Z</time>
      </trkpt>
      <trkpt lat="39.17142085427093" lon="117.77129970082267">
        <ele>5</ele>
        <time>2025-11-21T01:35:18Z</time>
      </trkpt>
      <trkpt lat="39.171421086268154" lon="117.771271006534">
        <ele>5</ele>
        <time>2025-11-21T01:35:19Z</time>
      </trkpt>
      <trkpt lat="39.17142193945914" lon="117.77124234119272">
        <ele>5</ele>
        <time>2025-11-21T01:35:20Z</time>
      </trkpt>
      <trkpt lat="39.17142323861813" lon="117.77121314294469">
        <ele>5</ele>
        <time>2025-11-21T01:35:21Z</time>
      </trkpt>
      <trkpt lat="39.17142497614789" lon="117.77118312754355">
        <ele>5</ele>
        <time>2025-11-21T01:35:22Z</time>
      </trkpt>
      <trkpt lat="39.171427020773635" lon="117.7711557382516">
        <ele>5</ele>
        <time>2025-11-21T01:35:23Z</time>
      </trkpt>
      <trkpt lat="39.17142856446755" lon="117.7711291929067">
        <ele>5</ele>
        <time>2025-11-21T01:35:24Z</time>
      </trkpt>
      <trkpt lat="39.171429372481214" lon="117.77110084476897">
        <ele>5</ele>
        <time>2025-11-21T01:35:25Z</time>
      </trkpt>
      <trkpt lat="39.171429546315686" lon="117.7710726280357">
        <ele>5</ele>
        <time>2025-11-21T01:35:26Z</time>
      </trkpt>
      <trkpt lat="39.171429731276554" lon="117.77104341983322">
        <ele>5.2</ele>
        <time>2025-11-21T01:35:27Z</time>
      </trkpt>
      <trkpt lat="39.171430005793844" lon="117.77101358008525">
        <ele>5.2</ele>
        <time>2025-11-21T01:35:28Z</time>
      </trkpt>
      <trkpt lat="39.1714301991691" lon="117.77098393269735">
        <ele>5.2</ele>
        <time>2025-11-21T01:35:29Z</time>
      </trkpt>
      <trkpt lat="39.1714303254506" lon="117.77095505301646">
        <ele>5.2</ele>
        <time>2025-11-21T01:35:30Z</time>
      </trkpt>
      <trkpt lat="39.17143044713597" lon="117.77092632694983">
        <ele>5.2</ele>
        <time>2025-11-21T01:35:31Z</time>
      </trkpt>
      <trkpt lat="39.17143055290563" lon="117.77089776246795">
        <ele>5.2</ele>
        <time>2025-11-21T01:35:32Z</time>
      </trkpt>
      <trkpt lat="39.171430625751775" lon="117.77086925632044">
        <ele>5.2</ele>
        <time>2025-11-21T01:35:33Z</time>
      </trkpt>
      <trkpt lat="39.171430650773125" lon="117.77084079570231">
        <ele>5.2</ele>
        <time>2025-11-21T01:35:34Z</time>
      </trkpt>
      <trkpt lat="39.171430647102824" lon="117.77081261434954">
        <ele>5.2</ele>
        <time>2025-11-21T01:35:35Z</time>
      </trkpt>
      <trkpt lat="39.17143062312756" lon="117.7707845319885">
        <ele>5.2</ele>
        <time>2025-11-21T01:35:36Z</time>
      </trkpt>
      <trkpt lat="39.171430579236855" lon="117.77075656515521">
        <ele>5.4</ele>
        <time>2025-11-21T01:35:37Z</time>
      </trkpt>
      <trkpt lat="39.171430516008364" lon="117.77072847698558">
        <ele>5.4</ele>
        <time>2025-11-21T01:35:38Z</time>
      </trkpt>
      <trkpt lat="39.17143047593911" lon="117.7706960844582">
        <ele>5.4</ele>
        <time>2025-11-21T01:35:39Z</time>
      </trkpt>
      <trkpt lat="39.17143051239924" lon="117.77066693477792">
        <ele>5.4</ele>
        <time>2025-11-21T01:35:40Z</time>
      </trkpt>
      <trkpt lat="39.17143063747022" lon="117.77063750503874">
        <ele>5.4</ele>
        <time>2025-11-21T01:35:41Z</time>
      </trkpt>
      <trkpt lat="39.17143080983401" lon="117.77060859301154">
        <ele>5.4</ele>
        <time>2025-11-21T01:35:42Z</time>
      </trkpt>
      <trkpt lat="39.17143096640503" lon="117.77057961716572">
        <ele>5.4</ele>
        <time>2025-11-21T01:35:43Z</time>
      </trkpt>
      <trkpt lat="39.1714310744508" lon="117.77055062885864">
        <ele>5.4</ele>
        <time>2025-11-21T01:35:44Z</time>
      </trkpt>
      <trkpt lat="39.17143111747257" lon="117.77052176223559">
        <ele>5.4</ele>
        <time>2025-11-21T01:35:45Z</time>
      </trkpt>
      <trkpt lat="39.1714311065208" lon="117.77049286218654">
        <ele>5.4</ele>
        <time>2025-11-21T01:35:46Z</time>
      </trkpt>
      <trkpt lat="39.17143103498415" lon="117.77046396013914">
        <ele>5.4</ele>
        <time>2025-11-21T01:35:47Z</time>
      </trkpt>
      <trkpt lat="39.171430908936884" lon="117.77043504899528">
        <ele>5.4</ele>
        <time>2025-11-21T01:35:48Z</time>
      </trkpt>
      <trkpt lat="39.17143072267029" lon="117.77040614468903">
        <ele>5.4</ele>
        <time>2025-11-21T01:35:49Z</time>
      </trkpt>
      <trkpt lat="39.17143048634108" lon="117.77037722539858">
        <ele>5.4</ele>
        <time>2025-11-21T01:35:50Z</time>
      </trkpt>
      <trkpt lat="39.17143021199169" lon="117.77034824064569">
        <ele>5.4</ele>
        <time>2025-11-21T01:35:51Z</time>
      </trkpt>
      <trkpt lat="39.171429928951206" lon="117.77031913703664">
        <ele>5.4</ele>
        <time>2025-11-21T01:35:52Z</time>
      </trkpt>
      <trkpt lat="39.17142963852619" lon="117.77028985114491">
        <ele>5.4</ele>
        <time>2025-11-21T01:35:53Z</time>
      </trkpt>
      <trkpt lat="39.17142934579455" lon="117.77026450259875">
        <ele>5.4</ele>
        <time>2025-11-21T01:35:54Z</time>
      </trkpt>
      <trkpt lat="39.17142902750464" lon="117.77023985137733">
        <ele>5.4</ele>
        <time>2025-11-21T01:35:55Z</time>
      </trkpt>
      <trkpt lat="39.171428701869566" lon="117.77021202110454">
        <ele>5.4</ele>
        <time>2025-11-21T01:35:56Z</time>
      </trkpt>
      <trkpt lat="39.17142838987621" lon="117.77018371873952">
        <ele>5.4</ele>
        <time>2025-11-21T01:35:57Z</time>
      </trkpt>
      <trkpt lat="39.17142813888663" lon="117.77015468018206">
        <ele>5.4</ele>
        <time>2025-11-21T01:35:58Z</time>
      </trkpt>
      <trkpt lat="39.17142796488001" lon="117.77012540031049">
        <ele>5.4</ele>
        <time>2025-11-21T01:35:59Z</time>
      </trkpt>
      <trkpt lat="39.17142789117549" lon="117.77009590322278">
        <ele>5.4</ele>
        <time>2025-11-21T01:36:00Z</time>
      </trkpt>
      <trkpt lat="39.17142792971382" lon="117.77006631630466">
        <ele>5.4</ele>
        <time>2025-11-21T01:36:01Z</time>
      </trkpt>
      <trkpt lat="39.17142808664022" lon="117.77003669362792">
        <ele>5.4</ele>
        <time>2025-11-21T01:36:02Z</time>
      </trkpt>
      <trkpt lat="39.17142833559382" lon="117.77000711306952">
        <ele>5.4</ele>
        <time>2025-11-21T01:36:03Z</time>
      </trkpt>
      <trkpt lat="39.17142862950418" lon="117.76997761096597">
        <ele>5.4</ele>
        <time>2025-11-21T01:36:04Z</time>
      </trkpt>
      <trkpt lat="39.171428960989545" lon="117.76994823394654">
        <ele>5.4</ele>
        <time>2025-11-21T01:36:05Z</time>
      </trkpt>
      <trkpt lat="39.17142932147914" lon="117.7699190241752">
        <ele>5.4</ele>
        <time>2025-11-21T01:36:06Z</time>
      </trkpt>
      <trkpt lat="39.17142969111589" lon="117.76989024178333">
        <ele>5.4</ele>
        <time>2025-11-21T01:36:07Z</time>
      </trkpt>
      <trkpt lat="39.17143002931447" lon="117.76986172551328">
        <ele>5.4</ele>
        <time>2025-11-21T01:36:08Z</time>
      </trkpt>
      <trkpt lat="39.171430312842645" lon="117.76983349465272">
        <ele>5.4</ele>
        <time>2025-11-21T01:36:09Z</time>
      </trkpt>
      <trkpt lat="39.17143053822789" lon="117.76980113242688">
        <ele>5.4</ele>
        <time>2025-11-21T01:36:10Z</time>
      </trkpt>
      <trkpt lat="39.1714307040838" lon="117.76977214848071">
        <ele>5.4</ele>
        <time>2025-11-21T01:36:11Z</time>
      </trkpt>
      <trkpt lat="39.171430793068176" lon="117.76974298545531">
        <ele>5.4</ele>
        <time>2025-11-21T01:36:12Z</time>
      </trkpt>
      <trkpt lat="39.17143078995531" lon="117.76971444099554">
        <ele>5.4</ele>
        <time>2025-11-21T01:36:13Z</time>
      </trkpt>
      <trkpt lat="39.17143067618482" lon="117.76968594272377">
        <ele>5.4</ele>
        <time>2025-11-21T01:36:14Z</time>
      </trkpt>
      <trkpt lat="39.17143047191574" lon="117.76965755805816">
        <ele>5.4</ele>
        <time>2025-11-21T01:36:15Z</time>
      </trkpt>
      <trkpt lat="39.17143017551214" lon="117.76962920070193">
        <ele>5.4</ele>
        <time>2025-11-21T01:36:16Z</time>
      </trkpt>
      <trkpt lat="39.17142982776623" lon="117.76960088455424">
        <ele>5.4</ele>
        <time>2025-11-21T01:36:17Z</time>
      </trkpt>
      <trkpt lat="39.171429473354195" lon="117.76957259869727">
        <ele>5.4</ele>
        <time>2025-11-21T01:36:18Z</time>
      </trkpt>
      <trkpt lat="39.17142917306227" lon="117.76954433673727">
        <ele>5.4</ele>
        <time>2025-11-21T01:36:19Z</time>
      </trkpt>
      <trkpt lat="39.171428952443094" lon="117.76951612162564">
        <ele>5.4</ele>
        <time>2025-11-21T01:36:20Z</time>
      </trkpt>
      <trkpt lat="39.17142870187286" lon="117.76948690004328">
        <ele>5.4</ele>
        <time>2025-11-21T01:36:21Z</time>
      </trkpt>
      <trkpt lat="39.17142893950207" lon="117.76945768462988">
        <ele>5.4</ele>
        <time>2025-11-21T01:36:22Z</time>
      </trkpt>
      <trkpt lat="39.17142947673114" lon="117.76942762245504">
        <ele>5.4</ele>
        <time>2025-11-21T01:36:23Z</time>
      </trkpt>
      <trkpt lat="39.171430464349385" lon="117.76939782993246">
        <ele>5.4</ele>
        <time>2025-11-21T01:36:24Z</time>
      </trkpt>
      <trkpt lat="39.171431524669444" lon="117.76936836234023">
        <ele>5.4</ele>
        <time>2025-11-21T01:36:25Z</time>
      </trkpt>
      <trkpt lat="39.17143270620414" lon="117.76933975050373">
        <ele>5.4</ele>
        <time>2025-11-21T01:36:26Z</time>
      </trkpt>
      <trkpt lat="39.17143413895413" lon="117.76930860915571">
        <ele>5.4</ele>
        <time>2025-11-21T01:36:27Z</time>
      </trkpt>
      <trkpt lat="39.17143544800587" lon="117.76928015185163">
        <ele>5.4</ele>
        <time>2025-11-21T01:36:28Z</time>
      </trkpt>
      <trkpt lat="39.171436803743624" lon="117.76925100554779">
        <ele>5.4</ele>
        <time>2025-11-21T01:36:29Z</time>
      </trkpt>
      <trkpt lat="39.17143841342854" lon="117.76922208316775">
        <ele>5.4</ele>
        <time>2025-11-21T01:36:30Z</time>
      </trkpt>
      <trkpt lat="39.17144035503535" lon="117.76919302978482">
        <ele>5.4</ele>
        <time>2025-11-21T01:36:31Z</time>
      </trkpt>
      <trkpt lat="39.17144251900881" lon="117.76916409780377">
        <ele>5.4</ele>
        <time>2025-11-21T01:36:32Z</time>
      </trkpt>
      <trkpt lat="39.17144477672118" lon="117.76913503055947">
        <ele>5.4</ele>
        <time>2025-11-21T01:36:33Z</time>
      </trkpt>
      <trkpt lat="39.171446947204515" lon="117.76910591446922">
        <ele>5.4</ele>
        <time>2025-11-21T01:36:34Z</time>
      </trkpt>
      <trkpt lat="39.171448809923824" lon="117.76907698427179">
        <ele>5.4</ele>
        <time>2025-11-21T01:36:35Z</time>
      </trkpt>
      <trkpt lat="39.17144985459405" lon="117.76904815651697">
        <ele>5.4</ele>
        <time>2025-11-21T01:36:36Z</time>
      </trkpt>
      <trkpt lat="39.17145023786663" lon="117.76901957452344">
        <ele>5.2</ele>
        <time>2025-11-21T01:36:37Z</time>
      </trkpt>
      <trkpt lat="39.17145025579339" lon="117.76899093209845">
        <ele>5.2</ele>
        <time>2025-11-21T01:36:38Z</time>
      </trkpt>
      <trkpt lat="39.17145000338382" lon="117.76896221527286">
        <ele>5.2</ele>
        <time>2025-11-21T01:36:39Z</time>
      </trkpt>
      <trkpt lat="39.17144953454146" lon="117.76893313827466">
        <ele>5.2</ele>
        <time>2025-11-21T01:36:40Z</time>
      </trkpt>
      <trkpt lat="39.17144871787483" lon="117.76890347598315">
        <ele>5.2</ele>
        <time>2025-11-21T01:36:41Z</time>
      </trkpt>
      <trkpt lat="39.171447646038274" lon="117.76887674494476">
        <ele>5.2</ele>
        <time>2025-11-21T01:36:42Z</time>
      </trkpt>
      <trkpt lat="39.17144658128476" lon="117.76884726524672">
        <ele>5.2</ele>
        <time>2025-11-21T01:36:43Z</time>
      </trkpt>
      <trkpt lat="39.171445814822015" lon="117.7688181525603">
        <ele>5.2</ele>
        <time>2025-11-21T01:36:44Z</time>
      </trkpt>
      <trkpt lat="39.171445318746756" lon="117.76878852306697">
        <ele>5.2</ele>
        <time>2025-11-21T01:36:45Z</time>
      </trkpt>
      <trkpt lat="39.17144494386197" lon="117.76875917328506">
        <ele>5.2</ele>
        <time>2025-11-21T01:36:46Z</time>
      </trkpt>
      <trkpt lat="39.171444444327" lon="117.76872972888431">
        <ele>5.2</ele>
        <time>2025-11-21T01:36:47Z</time>
      </trkpt>
      <trkpt lat="39.17144392639417" lon="117.76870042701482">
        <ele>5.2</ele>
        <time>2025-11-21T01:36:48Z</time>
      </trkpt>
      <trkpt lat="39.171443926553415" lon="117.76867111477308">
        <ele>5.2</ele>
        <time>2025-11-21T01:36:49Z</time>
      </trkpt>
      <trkpt lat="39.17144448633298" lon="117.76864188276839">
        <ele>5.2</ele>
        <time>2025-11-21T01:36:50Z</time>
      </trkpt>
      <trkpt lat="39.171445910133066" lon="117.76861271488103">
        <ele>5.2</ele>
        <time>2025-11-21T01:36:51Z</time>
      </trkpt>
      <trkpt lat="39.171447995173594" lon="117.76858343028721">
        <ele>5.2</ele>
        <time>2025-11-21T01:36:52Z</time>
      </trkpt>
      <trkpt lat="39.17145031673163" lon="117.7685543128359">
        <ele>5.2</ele>
        <time>2025-11-21T01:36:53Z</time>
      </trkpt>
      <trkpt lat="39.17145270412949" lon="117.7685252854226">
        <ele>5.2</ele>
        <time>2025-11-21T01:36:54Z</time>
      </trkpt>
      <trkpt lat="39.17145399573636" lon="117.76849683269512">
        <ele>5.2</ele>
        <time>2025-11-21T01:36:55Z</time>
      </trkpt>
      <trkpt lat="39.17145502403069" lon="117.76846911717462">
        <ele>5.2</ele>
        <time>2025-11-21T01:36:56Z</time>
      </trkpt>
      <trkpt lat="39.1714554813299" lon="117.76843842100044">
        <ele>5.2</ele>
        <time>2025-11-21T01:36:57Z</time>
      </trkpt>
      <trkpt lat="39.17145602201094" lon="117.7684100790078">
        <ele>5.2</ele>
        <time>2025-11-21T01:36:58Z</time>
      </trkpt>
      <trkpt lat="39.17145603595433" lon="117.76838070779313">
        <ele>5.2</ele>
        <time>2025-11-21T01:36:59Z</time>
      </trkpt>
      <trkpt lat="39.17145617397155" lon="117.76835159103175">
        <ele>5.2</ele>
        <time>2025-11-21T01:37:00Z</time>
      </trkpt>
      <trkpt lat="39.1714561060458" lon="117.7683220935626">
        <ele>5.2</ele>
        <time>2025-11-21T01:37:01Z</time>
      </trkpt>
      <trkpt lat="39.17145572380425" lon="117.7682924152509">
        <ele>5.2</ele>
        <time>2025-11-21T01:37:02Z</time>
      </trkpt>
      <trkpt lat="39.171454561665385" lon="117.76826234604752">
        <ele>5.2</ele>
        <time>2025-11-21T01:37:03Z</time>
      </trkpt>
      <trkpt lat="39.17145343172273" lon="117.76823207674582">
        <ele>5.2</ele>
        <time>2025-11-21T01:37:04Z</time>
      </trkpt>
      <trkpt lat="39.17145277448502" lon="117.76820191965665">
        <ele>5.2</ele>
        <time>2025-11-21T01:37:05Z</time>
      </trkpt>
      <trkpt lat="39.17145126539317" lon="117.76817225547411">
        <ele>5.2</ele>
        <time>2025-11-21T01:37:06Z</time>
      </trkpt>
      <trkpt lat="39.17144960620221" lon="117.76814271888232">
        <ele>5.2</ele>
        <time>2025-11-21T01:37:07Z</time>
      </trkpt>
      <trkpt lat="39.17144800748702" lon="117.76811317810449">
        <ele>5.2</ele>
        <time>2025-11-21T01:37:08Z</time>
      </trkpt>
      <trkpt lat="39.17144869384843" lon="117.76808327396516">
        <ele>5.2</ele>
        <time>2025-11-21T01:37:09Z</time>
      </trkpt>
      <trkpt lat="39.171450075734704" lon="117.76805310837611">
        <ele>5.2</ele>
        <time>2025-11-21T01:37:10Z</time>
      </trkpt>
      <trkpt lat="39.171451897303285" lon="117.7680222285296">
        <ele>5.2</ele>
        <time>2025-11-21T01:37:11Z</time>
      </trkpt>
      <trkpt lat="39.17145266774841" lon="117.76799374633535">
        <ele>5.2</ele>
        <time>2025-11-21T01:37:12Z</time>
      </trkpt>
      <trkpt lat="39.171453013011266" lon="117.76796576360593">
        <ele>5.2</ele>
        <time>2025-11-21T01:37:13Z</time>
      </trkpt>
      <trkpt lat="39.17145280146488" lon="117.76793634189549">
        <ele>5.2</ele>
        <time>2025-11-21T01:37:14Z</time>
      </trkpt>
      <trkpt lat="39.171452789146315" lon="117.7679082424883">
        <ele>5.2</ele>
        <time>2025-11-21T01:37:15Z</time>
      </trkpt>
      <trkpt lat="39.17145270737845" lon="117.76787753154356">
        <ele>5.2</ele>
        <time>2025-11-21T01:37:16Z</time>
      </trkpt>
      <trkpt lat="39.171452483358394" lon="117.76784946481803">
        <ele>5.2</ele>
        <time>2025-11-21T01:37:17Z</time>
      </trkpt>
      <trkpt lat="39.171451821554896" lon="117.76782050881273">
        <ele>5.2</ele>
        <time>2025-11-21T01:37:18Z</time>
      </trkpt>
      <trkpt lat="39.171450807756734" lon="117.76779156550215">
        <ele>5.2</ele>
        <time>2025-11-21T01:37:19Z</time>
      </trkpt>
      <trkpt lat="39.17144984456024" lon="117.7677623587562">
        <ele>5.2</ele>
        <time>2025-11-21T01:37:20Z</time>
      </trkpt>
      <trkpt lat="39.17144913350674" lon="117.76773330448717">
        <ele>5.2</ele>
        <time>2025-11-21T01:37:21Z</time>
      </trkpt>
      <trkpt lat="39.17144855516745" lon="117.76770415614757">
        <ele>5.2</ele>
        <time>2025-11-21T01:37:22Z</time>
      </trkpt>
      <trkpt lat="39.171447977026226" lon="117.7676749180994">
        <ele>5.2</ele>
        <time>2025-11-21T01:37:23Z</time>
      </trkpt>
      <trkpt lat="39.171447257771426" lon="117.7676453526575">
        <ele>5.2</ele>
        <time>2025-11-21T01:37:24Z</time>
      </trkpt>
      <trkpt lat="39.17144670239484" lon="117.76761552537596">
        <ele>5.2</ele>
        <time>2025-11-21T01:37:25Z</time>
      </trkpt>
      <trkpt lat="39.17144646947807" lon="117.76758540547341">
        <ele>5.2</ele>
        <time>2025-11-21T01:37:26Z</time>
      </trkpt>
      <trkpt lat="39.17144690634422" lon="117.76755456198963">
        <ele>5.2</ele>
        <time>2025-11-21T01:37:27Z</time>
      </trkpt>
      <trkpt lat="39.17144792729722" lon="117.76752627365605">
        <ele>5.2</ele>
        <time>2025-11-21T01:37:28Z</time>
      </trkpt>
      <trkpt lat="39.17144926951732" lon="117.7674983274575">
        <ele>5.2</ele>
        <time>2025-11-21T01:37:29Z</time>
      </trkpt>
      <trkpt lat="39.171450514523855" lon="117.76746826135937">
        <ele>5.2</ele>
        <time>2025-11-21T01:37:30Z</time>
      </trkpt>
      <trkpt lat="39.17145159458709" lon="117.76743832277766">
        <ele>5.2</ele>
        <time>2025-11-21T01:37:31Z</time>
      </trkpt>
      <trkpt lat="39.171452415336915" lon="117.76740779409484">
        <ele>5.2</ele>
        <time>2025-11-21T01:37:32Z</time>
      </trkpt>
      <trkpt lat="39.171452844707964" lon="117.76737928780132">
        <ele>5.2</ele>
        <time>2025-11-21T01:37:33Z</time>
      </trkpt>
      <trkpt lat="39.17145266602075" lon="117.76735116191692">
        <ele>5.2</ele>
        <time>2025-11-21T01:37:34Z</time>
      </trkpt>
      <trkpt lat="39.17145212471743" lon="117.7673242442689">
        <ele>5.2</ele>
        <time>2025-11-21T01:37:35Z</time>
      </trkpt>
      <trkpt lat="39.171451401206184" lon="117.76729654292083">
        <ele>5.2</ele>
        <time>2025-11-21T01:37:36Z</time>
      </trkpt>
      <trkpt lat="39.1714508025206" lon="117.76726920199465">
        <ele>5.4</ele>
        <time>2025-11-21T01:37:37Z</time>
      </trkpt>
      <trkpt lat="39.171450164847386" lon="117.76724203246248">
        <ele>5.4</ele>
        <time>2025-11-21T01:37:38Z</time>
      </trkpt>
      <trkpt lat="39.17144906951443" lon="117.76721474670879">
        <ele>5.4</ele>
        <time>2025-11-21T01:37:39Z</time>
      </trkpt>
      <trkpt lat="39.1714479212632" lon="117.76718754983906">
        <ele>5.4</ele>
        <time>2025-11-21T01:37:40Z</time>
      </trkpt>
      <trkpt lat="39.17144693131423" lon="117.76716041292273">
        <ele>5.4</ele>
        <time>2025-11-21T01:37:41Z</time>
      </trkpt>
      <trkpt lat="39.17144680375894" lon="117.7671330306074">
        <ele>5.4</ele>
        <time>2025-11-21T01:37:42Z</time>
      </trkpt>
      <trkpt lat="39.17144727306447" lon="117.76710537363225">
        <ele>5.4</ele>
        <time>2025-11-21T01:37:43Z</time>
      </trkpt>
      <trkpt lat="39.17144762186472" lon="117.76707701692798">
        <ele>5.4</ele>
        <time>2025-11-21T01:37:44Z</time>
      </trkpt>
      <trkpt lat="39.17144773265952" lon="117.76705152901386">
        <ele>5.4</ele>
        <time>2025-11-21T01:37:45Z</time>
      </trkpt>
      <trkpt lat="39.1714471984525" lon="117.76702766826472">
        <ele>5.4</ele>
        <time>2025-11-21T01:37:46Z</time>
      </trkpt>
      <trkpt lat="39.17144694658923" lon="117.76700578395547">
        <ele>5.4</ele>
        <time>2025-11-21T01:37:47Z</time>
      </trkpt>
      <trkpt lat="39.17144690185013" lon="117.76698527471788">
        <ele>5.4</ele>
        <time>2025-11-21T01:37:48Z</time>
      </trkpt>
      <trkpt lat="39.171447323807875" lon="117.76696414856596">
        <ele>5.4</ele>
        <time>2025-11-21T01:37:49Z</time>
      </trkpt>
      <trkpt lat="39.17144768963743" lon="117.76694160394216">
        <ele>5.4</ele>
        <time>2025-11-21T01:37:50Z</time>
      </trkpt>
      <trkpt lat="39.17144730873327" lon="117.76691578237006">
        <ele>5.4</ele>
        <time>2025-11-21T01:37:51Z</time>
      </trkpt>
      <trkpt lat="39.17144663254388" lon="117.76688862816562">
        <ele>5.4</ele>
        <time>2025-11-21T01:37:52Z</time>
      </trkpt>
      <trkpt lat="39.17144563910293" lon="117.7668611301165">
        <ele>5.4</ele>
        <time>2025-11-21T01:37:53Z</time>
      </trkpt>
      <trkpt lat="39.17144512034744" lon="117.76683246750471">
        <ele>5.4</ele>
        <time>2025-11-21T01:37:54Z</time>
      </trkpt>
      <trkpt lat="39.171444945112846" lon="117.76680402615428">
        <ele>5.4</ele>
        <time>2025-11-21T01:37:55Z</time>
      </trkpt>
      <trkpt lat="39.171445356370434" lon="117.76677540021754">
        <ele>5.4</ele>
        <time>2025-11-21T01:37:56Z</time>
      </trkpt>
      <trkpt lat="39.17144512639161" lon="117.76674688319058">
        <ele>5.4</ele>
        <time>2025-11-21T01:37:57Z</time>
      </trkpt>
      <trkpt lat="39.171444008992445" lon="117.76671816964877">
        <ele>5.4</ele>
        <time>2025-11-21T01:37:58Z</time>
      </trkpt>
      <trkpt lat="39.171441258215246" lon="117.76668925883924">
        <ele>5.4</ele>
        <time>2025-11-21T01:37:59Z</time>
      </trkpt>
      <trkpt lat="39.17143725496304" lon="117.76666328606588">
        <ele>5.4</ele>
        <time>2025-11-21T01:38:00Z</time>
      </trkpt>
      <trkpt lat="39.171431396342534" lon="117.76663974920716">
        <ele>5.4</ele>
        <time>2025-11-21T01:38:01Z</time>
      </trkpt>
      <trkpt lat="39.171424168685206" lon="117.76661438166852">
        <ele>5.4</ele>
        <time>2025-11-21T01:38:02Z</time>
      </trkpt>
      <trkpt lat="39.17141690795715" lon="117.7665887449154">
        <ele>5.4</ele>
        <time>2025-11-21T01:38:03Z</time>
      </trkpt>
      <trkpt lat="39.17141132914412" lon="117.76656055812107">
        <ele>5.4</ele>
        <time>2025-11-21T01:38:04Z</time>
      </trkpt>
      <trkpt lat="39.171408391256" lon="117.76653161738862">
        <ele>5.4</ele>
        <time>2025-11-21T01:38:05Z</time>
      </trkpt>
      <trkpt lat="39.171407774658675" lon="117.76650221333625">
        <ele>5.4</ele>
        <time>2025-11-21T01:38:06Z</time>
      </trkpt>
      <trkpt lat="39.17140920581712" lon="117.76647286459772">
        <ele>5.4</ele>
        <time>2025-11-21T01:38:07Z</time>
      </trkpt>
      <trkpt lat="39.171412925587475" lon="117.76644354856657">
        <ele>5.4</ele>
        <time>2025-11-21T01:38:08Z</time>
      </trkpt>
      <trkpt lat="39.171418480622215" lon="117.76641434391315">
        <ele>5.4</ele>
        <time>2025-11-21T01:38:09Z</time>
      </trkpt>
      <trkpt lat="39.17142513611505" lon="117.76638540648597">
        <ele>5.4</ele>
        <time>2025-11-21T01:38:10Z</time>
      </trkpt>
      <trkpt lat="39.17143313550762" lon="117.7663571280688">
        <ele>5.4</ele>
        <time>2025-11-21T01:38:11Z</time>
      </trkpt>
      <trkpt lat="39.17144196557673" lon="117.76632976723464">
        <ele>5.4</ele>
        <time>2025-11-21T01:38:12Z</time>
      </trkpt>
      <trkpt lat="39.17145326792037" lon="117.76630091991157">
        <ele>5.4</ele>
        <time>2025-11-21T01:38:13Z</time>
      </trkpt>
      <trkpt lat="39.171464677103536" lon="117.76627574660489">
        <ele>5.4</ele>
        <time>2025-11-21T01:38:14Z</time>
      </trkpt>
      <trkpt lat="39.171479115874284" lon="117.76624916041067">
        <ele>5.4</ele>
        <time>2025-11-21T01:38:15Z</time>
      </trkpt>
      <trkpt lat="39.1714936182223" lon="117.76622648223972">
        <ele>5.4</ele>
        <time>2025-11-21T01:38:16Z</time>
      </trkpt>
      <trkpt lat="39.17150936315754" lon="117.76620517053453">
        <ele>5.4</ele>
        <time>2025-11-21T01:38:17Z</time>
      </trkpt>
      <trkpt lat="39.17152627634337" lon="117.7661860746913">
        <ele>5.4</ele>
        <time>2025-11-21T01:38:18Z</time>
      </trkpt>
      <trkpt lat="39.17154401814484" lon="117.76616772375024">
        <ele>5.4</ele>
        <time>2025-11-21T01:38:19Z</time>
      </trkpt>
      <trkpt lat="39.17156268698832" lon="117.76614982862363">
        <ele>5.4</ele>
        <time>2025-11-21T01:38:20Z</time>
      </trkpt>
      <trkpt lat="39.171582094555454" lon="117.76613249868932">
        <ele>5.4</ele>
        <time>2025-11-21T01:38:21Z</time>
      </trkpt>
      <trkpt lat="39.17160215046829" lon="117.76611589327067">
        <ele>5.4</ele>
        <time>2025-11-21T01:38:22Z</time>
      </trkpt>
      <trkpt lat="39.17162269855917" lon="117.76609991075752">
        <ele>5.4</ele>
        <time>2025-11-21T01:38:23Z</time>
      </trkpt>
      <trkpt lat="39.171643463841185" lon="117.76608449966587">
        <ele>5.4</ele>
        <time>2025-11-21T01:38:24Z</time>
      </trkpt>
      <trkpt lat="39.171664124697394" lon="117.766069506122">
        <ele>5.4</ele>
        <time>2025-11-21T01:38:25Z</time>
      </trkpt>
      <trkpt lat="39.17168465075158" lon="117.76605486109746">
        <ele>5.4</ele>
        <time>2025-11-21T01:38:26Z</time>
      </trkpt>
      <trkpt lat="39.17170537100059" lon="117.76604027626523">
        <ele>5.4</ele>
        <time>2025-11-21T01:38:27Z</time>
      </trkpt>
      <trkpt lat="39.17172643175311" lon="117.76602521003295">
        <ele>5.4</ele>
        <time>2025-11-21T01:38:28Z</time>
      </trkpt>
      <trkpt lat="39.17174800464432" lon="117.766009480505">
        <ele>5.4</ele>
        <time>2025-11-21T01:38:29Z</time>
      </trkpt>
      <trkpt lat="39.17176746331199" lon="117.76599486402924">
        <ele>5.4</ele>
        <time>2025-11-21T01:38:30Z</time>
      </trkpt>
      <trkpt lat="39.17178828677519" lon="117.76597855848966">
        <ele>5.4</ele>
        <time>2025-11-21T01:38:31Z</time>
      </trkpt>
      <trkpt lat="39.17180854246113" lon="117.7659620703131">
        <ele>5.4</ele>
        <time>2025-11-21T01:38:32Z</time>
      </trkpt>
      <trkpt lat="39.171829198008325" lon="117.76594437385116">
        <ele>5.4</ele>
        <time>2025-11-21T01:38:33Z</time>
      </trkpt>
      <trkpt lat="39.17184846495004" lon="117.76592720411533">
        <ele>5.4</ele>
        <time>2025-11-21T01:38:34Z</time>
      </trkpt>
      <trkpt lat="39.17186712359928" lon="117.76590976302009">
        <ele>5.4</ele>
        <time>2025-11-21T01:38:35Z</time>
      </trkpt>
      <trkpt lat="39.17188626229882" lon="117.76589265228577">
        <ele>5.4</ele>
        <time>2025-11-21T01:38:36Z</time>
      </trkpt>
      <trkpt lat="39.17190478923629" lon="117.7658763621372">
        <ele>5.4</ele>
        <time>2025-11-21T01:38:37Z</time>
      </trkpt>
      <trkpt lat="39.1719240779101" lon="117.76586077698077">
        <ele>5.4</ele>
        <time>2025-11-21T01:38:38Z</time>
      </trkpt>
      <trkpt lat="39.17194405438308" lon="117.76584329021448">
        <ele>5.4</ele>
        <time>2025-11-21T01:38:39Z</time>
      </trkpt>
      <trkpt lat="39.1719634380573" lon="117.76582606959307">
        <ele>5.4</ele>
        <time>2025-11-21T01:38:40Z</time>
      </trkpt>
      <trkpt lat="39.17198160152648" lon="117.7658086892951">
        <ele>5.4</ele>
        <time>2025-11-21T01:38:41Z</time>
      </trkpt>
      <trkpt lat="39.171999309517766" lon="117.76579148521802">
        <ele>5.4</ele>
        <time>2025-11-21T01:38:42Z</time>
      </trkpt>
      <trkpt lat="39.17201682574778" lon="117.76577408067368">
        <ele>5.4</ele>
        <time>2025-11-21T01:38:43Z</time>
      </trkpt>
      <trkpt lat="39.17203433437985" lon="117.7657564376551">
        <ele>5.4</ele>
        <time>2025-11-21T01:38:44Z</time>
      </trkpt>
      <trkpt lat="39.17205163181912" lon="117.76573875388543">
        <ele>5.4</ele>
        <time>2025-11-21T01:38:45Z</time>
      </trkpt>
      <trkpt lat="39.172068835130624" lon="117.76572094021739">
        <ele>5.4</ele>
        <time>2025-11-21T01:38:46Z</time>
      </trkpt>
      <trkpt lat="39.172088374040364" lon="117.76570038004665">
        <ele>5.4</ele>
        <time>2025-11-21T01:38:47Z</time>
      </trkpt>
      <trkpt lat="39.17210589334633" lon="117.76568181650241">
        <ele>5.4</ele>
        <time>2025-11-21T01:38:48Z</time>
      </trkpt>
      <trkpt lat="39.172126080724816" lon="117.76566026190135">
        <ele>5.4</ele>
        <time>2025-11-21T01:38:49Z</time>
      </trkpt>
      <trkpt lat="39.17214402056476" lon="117.76564111872784">
        <ele>5.4</ele>
        <time>2025-11-21T01:38:50Z</time>
      </trkpt>
      <trkpt lat="39.172162128924334" lon="117.76562184328641">
        <ele>5.4</ele>
        <time>2025-11-21T01:38:51Z</time>
      </trkpt>
      <trkpt lat="39.17217974303395" lon="117.76560315844206">
        <ele>5.4</ele>
        <time>2025-11-21T01:38:52Z</time>
      </trkpt>
      <trkpt lat="39.172197324046735" lon="117.76558453032386">
        <ele>5.4</ele>
        <time>2025-11-21T01:38:53Z</time>
      </trkpt>
      <trkpt lat="39.17221466928916" lon="117.76556613909736">
        <ele>5.4</ele>
        <time>2025-11-21T01:38:54Z</time>
      </trkpt>
      <trkpt lat="39.17223209557571" lon="117.76554762058613">
        <ele>5.4</ele>
        <time>2025-11-21T01:38:55Z</time>
      </trkpt>
      <trkpt lat="39.17224934475014" lon="117.76552925422496">
        <ele>5.4</ele>
        <time>2025-11-21T01:38:56Z</time>
      </trkpt>
      <trkpt lat="39.17226671292785" lon="117.76551071680828">
        <ele>5.4</ele>
        <time>2025-11-21T01:38:57Z</time>
      </trkpt>
      <trkpt lat="39.17228408301415" lon="117.76549209982015">
        <ele>5.4</ele>
        <time>2025-11-21T01:38:58Z</time>
      </trkpt>
      <trkpt lat="39.17230165095274" lon="117.76547316328308">
        <ele>5.4</ele>
        <time>2025-11-21T01:38:59Z</time>
      </trkpt>
      <trkpt lat="39.1723193213181" lon="117.76545397996149">
        <ele>5.4</ele>
        <time>2025-11-21T01:39:00Z</time>
      </trkpt>
      <trkpt lat="39.17233452427359" lon="117.76543735553834">
        <ele>5.4</ele>
        <time>2025-11-21T01:39:01Z</time>
      </trkpt>
      <trkpt lat="39.17234924386728" lon="117.76542115983882">
        <ele>5.4</ele>
        <time>2025-11-21T01:39:02Z</time>
      </trkpt>
      <trkpt lat="39.17236570769729" lon="117.76540296537478">
        <ele>5.4</ele>
        <time>2025-11-21T01:39:03Z</time>
      </trkpt>
      <trkpt lat="39.17238228834395" lon="117.7653845340513">
        <ele>5.4</ele>
        <time>2025-11-21T01:39:04Z</time>
      </trkpt>
      <trkpt lat="39.1723990916174" lon="117.76536572552293">
        <ele>5.4</ele>
        <time>2025-11-21T01:39:05Z</time>
      </trkpt>
      <trkpt lat="39.17241579819384" lon="117.7653468485762">
        <ele>5.4</ele>
        <time>2025-11-21T01:39:06Z</time>
      </trkpt>
      <trkpt lat="39.17243223905995" lon="117.76532809324591">
        <ele>5.4</ele>
        <time>2025-11-21T01:39:07Z</time>
      </trkpt>
      <trkpt lat="39.17245105095894" lon="117.76530654583595">
        <ele>5.4</ele>
        <time>2025-11-21T01:39:08Z</time>
      </trkpt>
      <trkpt lat="39.172467967531055" lon="117.76528694470738">
        <ele>5.4</ele>
        <time>2025-11-21T01:39:09Z</time>
      </trkpt>
      <trkpt lat="39.172485142514475" lon="117.76526697408538">
        <ele>5.4</ele>
        <time>2025-11-21T01:39:10Z</time>
      </trkpt>
      <trkpt lat="39.17250189431258" lon="117.7652474596585">
        <ele>5.4</ele>
        <time>2025-11-21T01:39:11Z</time>
      </trkpt>
      <trkpt lat="39.1725185044415" lon="117.76522816971337">
        <ele>5.4</ele>
        <time>2025-11-21T01:39:12Z</time>
      </trkpt>
      <trkpt lat="39.172535287911344" lon="117.76520743603395">
        <ele>5.4</ele>
        <time>2025-11-21T01:39:13Z</time>
      </trkpt>
      <trkpt lat="39.17255186569402" lon="117.76518567268594">
        <ele>5.4</ele>
        <time>2025-11-21T01:39:14Z</time>
      </trkpt>
      <trkpt lat="39.17256732086042" lon="117.76516383735847">
        <ele>5.4</ele>
        <time>2025-11-21T01:39:15Z</time>
      </trkpt>
      <trkpt lat="39.17258286974433" lon="117.76514251372602">
        <ele>5.4</ele>
        <time>2025-11-21T01:39:16Z</time>
      </trkpt>
      <trkpt lat="39.17259617258559" lon="117.7651247787221">
        <ele>5.4</ele>
        <time>2025-11-21T01:39:17Z</time>
      </trkpt>
      <trkpt lat="39.17260849303749" lon="117.76510921864727">
        <ele>5.4</ele>
        <time>2025-11-21T01:39:18Z</time>
      </trkpt>
      <trkpt lat="39.17261557366184" lon="117.76509705093288">
        <ele>5.4</ele>
        <time>2025-11-21T01:39:19Z</time>
      </trkpt>
      <trkpt lat="39.17261656314453" lon="117.76509246329768">
        <ele>5.4</ele>
        <time>2025-11-21T01:39:20Z</time>
      </trkpt>
      <trkpt lat="39.17261156830109" lon="117.7650933538751">
        <ele>5.4</ele>
        <time>2025-11-21T01:39:21Z</time>
      </trkpt>
      <trkpt lat="39.17260078650281" lon="117.76510385371317">
        <ele>5.6</ele>
        <time>2025-11-21T01:39:22Z</time>
      </trkpt>
      <trkpt lat="39.17258740153367" lon="117.76511657665328">
        <ele>5.6</ele>
        <time>2025-11-21T01:39:23Z</time>
      </trkpt>
      <trkpt lat="39.1725728104607" lon="117.76513232546155">
        <ele>5.6</ele>
        <time>2025-11-21T01:39:24Z</time>
      </trkpt>
      <trkpt lat="39.1725575038827" lon="117.76514925689068">
        <ele>5.6</ele>
        <time>2025-11-21T01:39:25Z</time>
      </trkpt>
      <trkpt lat="39.17254184993262" lon="117.7651671355945">
        <ele>5.6</ele>
        <time>2025-11-21T01:39:26Z</time>
      </trkpt>
      <trkpt lat="39.17252602292272" lon="117.76518552570408">
        <ele>5.6</ele>
        <time>2025-11-21T01:39:27Z</time>
      </trkpt>
      <trkpt lat="39.172510137019835" lon="117.76520426470965">
        <ele>5.6</ele>
        <time>2025-11-21T01:39:28Z</time>
      </trkpt>
      <trkpt lat="39.17249427699852" lon="117.76522320214018">
        <ele>5.6</ele>
        <time>2025-11-21T01:39:29Z</time>
      </trkpt>
      <trkpt lat="39.172478486164344" lon="117.76524225012216">
        <ele>5.6</ele>
        <time>2025-11-21T01:39:30Z</time>
      </trkpt>
      <trkpt lat="39.172462788886655" lon="117.76526132139512">
        <ele>5.6</ele>
        <time>2025-11-21T01:39:31Z</time>
      </trkpt>
      <trkpt lat="39.172447188128345" lon="117.7652803446501">
        <ele>5.8</ele>
        <time>2025-11-21T01:39:32Z</time>
      </trkpt>
      <trkpt lat="39.17242911133473" lon="117.76530214889355">
        <ele>5.8</ele>
        <time>2025-11-21T01:39:33Z</time>
      </trkpt>
      <trkpt lat="39.172412906694355" lon="117.76532175821494">
        <ele>5.8</ele>
        <time>2025-11-21T01:39:34Z</time>
      </trkpt>
      <trkpt lat="39.17239649040449" lon="117.76534148006184">
        <ele>5.8</ele>
        <time>2025-11-21T01:39:35Z</time>
      </trkpt>
      <trkpt lat="39.17238044398957" lon="117.76536059558318">
        <ele>5.8</ele>
        <time>2025-11-21T01:39:36Z</time>
      </trkpt>
      <trkpt lat="39.1723643349158" lon="117.76537953564308">
        <ele>5.8</ele>
        <time>2025-11-21T01:39:37Z</time>
      </trkpt>
      <trkpt lat="39.17234820014839" lon="117.76539823406543">
        <ele>5.8</ele>
        <time>2025-11-21T01:39:38Z</time>
      </trkpt>
      <trkpt lat="39.172331953244544" lon="117.76541676501425">
        <ele>5.8</ele>
        <time>2025-11-21T01:39:39Z</time>
      </trkpt>
      <trkpt lat="39.172315577915036" lon="117.76543514611063">
        <ele>5.8</ele>
        <time>2025-11-21T01:39:40Z</time>
      </trkpt>
      <trkpt lat="39.172299053636934" lon="117.76545338410271">
        <ele>5.8</ele>
        <time>2025-11-21T01:39:41Z</time>
      </trkpt>
      <trkpt lat="39.172282366554256" lon="117.76547145287468">
        <ele>5.8</ele>
        <time>2025-11-21T01:39:42Z</time>
      </trkpt>
      <trkpt lat="39.17226554789305" lon="117.76548937357734">
        <ele>5.8</ele>
        <time>2025-11-21T01:39:43Z</time>
      </trkpt>
      <trkpt lat="39.17224863768772" lon="117.76550713870222">
        <ele>5.8</ele>
        <time>2025-11-21T01:39:44Z</time>
      </trkpt>
      <trkpt lat="39.17223157393245" lon="117.76552488767473">
        <ele>5.8</ele>
        <time>2025-11-21T01:39:45Z</time>
      </trkpt>
      <trkpt lat="39.17221453140336" lon="117.76554249542345">
        <ele>5.8</ele>
        <time>2025-11-21T01:39:46Z</time>
      </trkpt>
      <trkpt lat="39.172194979851426" lon="117.76556285213182">
        <ele>5.8</ele>
        <time>2025-11-21T01:39:47Z</time>
      </trkpt>
      <trkpt lat="39.172177531161374" lon="117.76558093831436">
        <ele>5.8</ele>
        <time>2025-11-21T01:39:48Z</time>
      </trkpt>
      <trkpt lat="39.1721576189319" lon="117.76560191596971">
        <ele>5.8</ele>
        <time>2025-11-21T01:39:49Z</time>
      </trkpt>
      <trkpt lat="39.17214022155775" lon="117.76562033309725">
        <ele>5.8</ele>
        <time>2025-11-21T01:39:50Z</time>
      </trkpt>
      <trkpt lat="39.17212229784949" lon="117.76563887615798">
        <ele>5.8</ele>
        <time>2025-11-21T01:39:51Z</time>
      </trkpt>
      <trkpt lat="39.17210459845496" lon="117.7656555845927">
        <ele>5.8</ele>
        <time>2025-11-21T01:39:52Z</time>
      </trkpt>
      <trkpt lat="39.17208646412307" lon="117.76567166208757">
        <ele>5.8</ele>
        <time>2025-11-21T01:39:53Z</time>
      </trkpt>
      <trkpt lat="39.17206842962182" lon="117.76568711717164">
        <ele>5.8</ele>
        <time>2025-11-21T01:39:54Z</time>
      </trkpt>
      <trkpt lat="39.1720504444852" lon="117.76570270674618">
        <ele>5.8</ele>
        <time>2025-11-21T01:39:55Z</time>
      </trkpt>
      <trkpt lat="39.17203239267836" lon="117.76571857007654">
        <ele>5.8</ele>
        <time>2025-11-21T01:39:56Z</time>
      </trkpt>
      <trkpt lat="39.172014470524125" lon="117.76573475569872">
        <ele>5.8</ele>
        <time>2025-11-21T01:39:57Z</time>
      </trkpt>
      <trkpt lat="39.171996751765526" lon="117.76575127981535">
        <ele>5.8</ele>
        <time>2025-11-21T01:39:58Z</time>
      </trkpt>
      <trkpt lat="39.17197919830893" lon="117.76576780187649">
        <ele>5.8</ele>
        <time>2025-11-21T01:39:59Z</time>
      </trkpt>
      <trkpt lat="39.17196149795493" lon="117.76578407498666">
        <ele>5.8</ele>
        <time>2025-11-21T01:40:00Z</time>
      </trkpt>
      <trkpt lat="39.1719437445997" lon="117.7657996902723">
        <ele>5.8</ele>
        <time>2025-11-21T01:40:01Z</time>
      </trkpt>
      <trkpt lat="39.171926292997604" lon="117.76581470658098">
        <ele>5.8</ele>
        <time>2025-11-21T01:40:02Z</time>
      </trkpt>
      <trkpt lat="39.17190722486213" lon="117.76583124336285">
        <ele>5.8</ele>
        <time>2025-11-21T01:40:03Z</time>
      </trkpt>
      <trkpt lat="39.17188985285067" lon="117.7658465233291">
        <ele>5.8</ele>
        <time>2025-11-21T01:40:04Z</time>
      </trkpt>
      <trkpt lat="39.17187182550366" lon="117.76586214562471">
        <ele>5.8</ele>
        <time>2025-11-21T01:40:05Z</time>
      </trkpt>
      <trkpt lat="39.171853481078344" lon="117.76587811579022">
        <ele>5.8</ele>
        <time>2025-11-21T01:40:06Z</time>
      </trkpt>
      <trkpt lat="39.171834756589334" lon="117.7658945350392">
        <ele>5.8</ele>
        <time>2025-11-21T01:40:07Z</time>
      </trkpt>
      <trkpt lat="39.17181606513274" lon="117.76591141746997">
        <ele>5.8</ele>
        <time>2025-11-21T01:40:08Z</time>
      </trkpt>
      <trkpt lat="39.17179745735967" lon="117.76592831625612">
        <ele>5.8</ele>
        <time>2025-11-21T01:40:09Z</time>
      </trkpt>
      <trkpt lat="39.171779093010194" lon="117.76594480375606">
        <ele>5.8</ele>
        <time>2025-11-21T01:40:10Z</time>
      </trkpt>
      <trkpt lat="39.17175874463776" lon="117.76596239216859">
        <ele>5.8</ele>
        <time>2025-11-21T01:40:11Z</time>
      </trkpt>
      <trkpt lat="39.171739986916805" lon="117.76597806180257">
        <ele>5.8</ele>
        <time>2025-11-21T01:40:12Z</time>
      </trkpt>
      <trkpt lat="39.17172090431839" lon="117.76599394528812">
        <ele>5.8</ele>
        <time>2025-11-21T01:40:13Z</time>
      </trkpt>
      <trkpt lat="39.171701886072064" lon="117.76600985761671">
        <ele>5.8</ele>
        <time>2025-11-21T01:40:14Z</time>
      </trkpt>
      <trkpt lat="39.171682627881296" lon="117.76602572028246">
        <ele>5.8</ele>
        <time>2025-11-21T01:40:15Z</time>
      </trkpt>
      <trkpt lat="39.171663196370915" lon="117.76604121921028">
        <ele>5.8</ele>
        <time>2025-11-21T01:40:16Z</time>
      </trkpt>
      <trkpt lat="39.17164341823943" lon="117.76605549181961">
        <ele>5.8</ele>
        <time>2025-11-21T01:40:17Z</time>
      </trkpt>
      <trkpt lat="39.1716234214876" lon="117.76606819637553">
        <ele>5.8</ele>
        <time>2025-11-21T01:40:18Z</time>
      </trkpt>
      <trkpt lat="39.171600852626916" lon="117.76608219523305">
        <ele>5.8</ele>
        <time>2025-11-21T01:40:19Z</time>
      </trkpt>
      <trkpt lat="39.17157978176674" lon="117.76609643858073">
        <ele>5.8</ele>
        <time>2025-11-21T01:40:20Z</time>
      </trkpt>
      <trkpt lat="39.171559656276415" lon="117.7661125600926">
        <ele>5.8</ele>
        <time>2025-11-21T01:40:21Z</time>
      </trkpt>
      <trkpt lat="39.17154388093536" lon="117.7661243613159">
        <ele>5.8</ele>
        <time>2025-11-21T01:40:22Z</time>
      </trkpt>
      <trkpt lat="39.17152888498653" lon="117.76612689691774">
        <ele>5.8</ele>
        <time>2025-11-21T01:40:23Z</time>
      </trkpt>
      <trkpt lat="39.171514322312596" lon="117.76612137359841">
        <ele>5.8</ele>
        <time>2025-11-21T01:40:24Z</time>
      </trkpt>
      <trkpt lat="39.17149985505929" lon="117.76610948036509">
        <ele>5.8</ele>
        <time>2025-11-21T01:40:25Z</time>
      </trkpt>
      <trkpt lat="39.171486466583694" lon="117.76609311432946">
        <ele>5.8</ele>
        <time>2025-11-21T01:40:26Z</time>
      </trkpt>
      <trkpt lat="39.17147433655446" lon="117.76607294361166">
        <ele>5.8</ele>
        <time>2025-11-21T01:40:27Z</time>
      </trkpt>
      <trkpt lat="39.1714626850207" lon="117.76605058466366">
        <ele>5.8</ele>
        <time>2025-11-21T01:40:28Z</time>
      </trkpt>
      <trkpt lat="39.17145029384753" lon="117.76602721893018">
        <ele>5.8</ele>
        <time>2025-11-21T01:40:29Z</time>
      </trkpt>
      <trkpt lat="39.17143701605146" lon="117.7660033109774">
        <ele>5.8</ele>
        <time>2025-11-21T01:40:30Z</time>
      </trkpt>
      <trkpt lat="39.171423130613206" lon="117.76597876354946">
        <ele>5.8</ele>
        <time>2025-11-21T01:40:31Z</time>
      </trkpt>
      <trkpt lat="39.1714098776283" lon="117.76595302156734">
        <ele>5.8</ele>
        <time>2025-11-21T01:40:32Z</time>
      </trkpt>
      <trkpt lat="39.17139784401796" lon="117.76592580056777">
        <ele>5.8</ele>
        <time>2025-11-21T01:40:33Z</time>
      </trkpt>
      <trkpt lat="39.17138717270877" lon="117.76589685378491">
        <ele>5.8</ele>
        <time>2025-11-21T01:40:34Z</time>
      </trkpt>
      <trkpt lat="39.17137861414117" lon="117.76586953549368">
        <ele>5.8</ele>
        <time>2025-11-21T01:40:35Z</time>
      </trkpt>
      <trkpt lat="39.17137129046568" lon="117.76584252846932">
        <ele>5.8</ele>
        <time>2025-11-21T01:40:36Z</time>
      </trkpt>
      <trkpt lat="39.17136503296624" lon="117.76581374479798">
        <ele>5.6</ele>
        <time>2025-11-21T01:40:37Z</time>
      </trkpt>
      <trkpt lat="39.17136017991941" lon="117.7657856013235">
        <ele>5.6</ele>
        <time>2025-11-21T01:40:38Z</time>
      </trkpt>
      <trkpt lat="39.171356059343154" lon="117.76575412705778">
        <ele>5.6</ele>
        <time>2025-11-21T01:40:39Z</time>
      </trkpt>
      <trkpt lat="39.17135295794103" lon="117.76572478578157">
        <ele>5.6</ele>
        <time>2025-11-21T01:40:40Z</time>
      </trkpt>
      <trkpt lat="39.17135036719516" lon="117.76569467534112">
        <ele>5.6</ele>
        <time>2025-11-21T01:40:41Z</time>
      </trkpt>
      <trkpt lat="39.171347945666" lon="117.76566491758614">
        <ele>5.6</ele>
        <time>2025-11-21T01:40:42Z</time>
      </trkpt>
      <trkpt lat="39.17134539850707" lon="117.76563515410463">
        <ele>5.6</ele>
        <time>2025-11-21T01:40:43Z</time>
      </trkpt>
      <trkpt lat="39.171342622112405" lon="117.76560562258588">
        <ele>5.6</ele>
        <time>2025-11-21T01:40:44Z</time>
      </trkpt>
      <trkpt lat="39.17134002154077" lon="117.76557616804378">
        <ele>5.6</ele>
        <time>2025-11-21T01:40:45Z</time>
      </trkpt>
      <trkpt lat="39.171337683495224" lon="117.76554698849591">
        <ele>5.6</ele>
        <time>2025-11-21T01:40:46Z</time>
      </trkpt>
      <trkpt lat="39.171335444826674" lon="117.76551802738364">
        <ele>5.5</ele>
        <time>2025-11-21T01:40:47Z</time>
      </trkpt>
      <trkpt lat="39.171332881323615" lon="117.76548919840306">
        <ele>5.5</ele>
        <time>2025-11-21T01:40:48Z</time>
      </trkpt>
      <trkpt lat="39.17132989334577" lon="117.76546076420698">
        <ele>5.5</ele>
        <time>2025-11-21T01:40:49Z</time>
      </trkpt>
      <trkpt lat="39.17132621166347" lon="117.76542900866615">
        <ele>5.5</ele>
        <time>2025-11-21T01:40:50Z</time>
      </trkpt>
      <trkpt lat="39.171322660888094" lon="117.76539967948388">
        <ele>5.5</ele>
        <time>2025-11-21T01:40:51Z</time>
      </trkpt>
      <trkpt lat="39.17131893995415" lon="117.76536943770482">
        <ele>5.5</ele>
        <time>2025-11-21T01:40:52Z</time>
      </trkpt>
      <trkpt lat="39.171314937400815" lon="117.76533934448506">
        <ele>5.5</ele>
        <time>2025-11-21T01:40:53Z</time>
      </trkpt>
      <trkpt lat="39.171310714140205" lon="117.76530910828183">
        <ele>5.5</ele>
        <time>2025-11-21T01:40:54Z</time>
      </trkpt>
      <trkpt lat="39.171306483004734" lon="117.76527929322765">
        <ele>5.5</ele>
        <time>2025-11-21T01:40:55Z</time>
      </trkpt>
      <trkpt lat="39.17130252931079" lon="117.76525002052746">
        <ele>5.5</ele>
        <time>2025-11-21T01:40:56Z</time>
      </trkpt>
      <trkpt lat="39.17129917500451" lon="117.76522109507381">
        <ele>5.5</ele>
        <time>2025-11-21T01:40:57Z</time>
      </trkpt>
      <trkpt lat="39.1712967305584" lon="117.76519239396443">
        <ele>5.5</ele>
        <time>2025-11-21T01:40:58Z</time>
      </trkpt>
      <trkpt lat="39.17129646825402" lon="117.76516355573989">
        <ele>5.5</ele>
        <time>2025-11-21T01:40:59Z</time>
      </trkpt>
      <trkpt lat="39.171297972259005" lon="117.76513451020237">
        <ele>5.5</ele>
        <time>2025-11-21T01:41:00Z</time>
      </trkpt>
      <trkpt lat="39.17130149816574" lon="117.76510532284699">
        <ele>5.5</ele>
        <time>2025-11-21T01:41:01Z</time>
      </trkpt>
      <trkpt lat="39.17130714738018" lon="117.76507621351752">
        <ele>5.5</ele>
        <time>2025-11-21T01:41:02Z</time>
      </trkpt>
      <trkpt lat="39.171313710537554" lon="117.76504742932191">
        <ele>5.5</ele>
        <time>2025-11-21T01:41:03Z</time>
      </trkpt>
      <trkpt lat="39.17132031118395" lon="117.76501889426386">
        <ele>5.5</ele>
        <time>2025-11-21T01:41:04Z</time>
      </trkpt>
      <trkpt lat="39.17132530865646" lon="117.76499084889896">
        <ele>5.5</ele>
        <time>2025-11-21T01:41:05Z</time>
      </trkpt>
      <trkpt lat="39.171329036369286" lon="117.76495940817449">
        <ele>5.5</ele>
        <time>2025-11-21T01:41:06Z</time>
      </trkpt>
      <trkpt lat="39.17133163861838" lon="117.76492602300301">
        <ele>5.5</ele>
        <time>2025-11-21T01:41:07Z</time>
      </trkpt>
      <trkpt lat="39.17133253842826" lon="117.76489479054528">
        <ele>5.5</ele>
        <time>2025-11-21T01:41:08Z</time>
      </trkpt>
      <trkpt lat="39.17133126335927" lon="117.76486346083998">
        <ele>5.5</ele>
        <time>2025-11-21T01:41:09Z</time>
      </trkpt>
      <trkpt lat="39.17132830388284" lon="117.7648340841937">
        <ele>5.5</ele>
        <time>2025-11-21T01:41:10Z</time>
      </trkpt>
      <trkpt lat="39.17132460881246" lon="117.76480485344163">
        <ele>5.5</ele>
        <time>2025-11-21T01:41:11Z</time>
      </trkpt>
      <trkpt lat="39.171320353614014" lon="117.76477561333009">
        <ele>5.5</ele>
        <time>2025-11-21T01:41:12Z</time>
      </trkpt>
      <trkpt lat="39.17131576845367" lon="117.76474621783376">
        <ele>5.5</ele>
        <time>2025-11-21T01:41:13Z</time>
      </trkpt>
      <trkpt lat="39.171310952129076" lon="117.76471665380897">
        <ele>5.5</ele>
        <time>2025-11-21T01:41:14Z</time>
      </trkpt>
      <trkpt lat="39.171306028765926" lon="117.76468712993251">
        <ele>5.5</ele>
        <time>2025-11-21T01:41:15Z</time>
      </trkpt>
      <trkpt lat="39.17130102323347" lon="117.76465747450374">
        <ele>5.5</ele>
        <time>2025-11-21T01:41:16Z</time>
      </trkpt>
      <trkpt lat="39.17129595663519" lon="117.76462769540086">
        <ele>5.5</ele>
        <time>2025-11-21T01:41:17Z</time>
      </trkpt>
      <trkpt lat="39.17129082243468" lon="117.7645977797267">
        <ele>5.5</ele>
        <time>2025-11-21T01:41:18Z</time>
      </trkpt>
      <trkpt lat="39.171285627605805" lon="117.76456774418061">
        <ele>5.5</ele>
        <time>2025-11-21T01:41:19Z</time>
      </trkpt>
      <trkpt lat="39.17128036713267" lon="117.76453760872486">
        <ele>5.5</ele>
        <time>2025-11-21T01:41:20Z</time>
      </trkpt>
      <trkpt lat="39.17127587972347" lon="117.76451141976418">
        <ele>5.5</ele>
        <time>2025-11-21T01:41:21Z</time>
      </trkpt>
      <trkpt lat="39.17127146811309" lon="117.76448607577731">
        <ele>5.5</ele>
        <time>2025-11-21T01:41:22Z</time>
      </trkpt>
      <trkpt lat="39.171266306704645" lon="117.76445784901881">
        <ele>5.5</ele>
        <time>2025-11-21T01:41:23Z</time>
      </trkpt>
      <trkpt lat="39.17126091836062" lon="117.76442927967938">
        <ele>5.5</ele>
        <time>2025-11-21T01:41:24Z</time>
      </trkpt>
      <trkpt lat="39.17125523511076" lon="117.7644000731094">
        <ele>5.5</ele>
        <time>2025-11-21T01:41:25Z</time>
      </trkpt>
      <trkpt lat="39.17124929530526" lon="117.76437065373293">
        <ele>5.5</ele>
        <time>2025-11-21T01:41:26Z</time>
      </trkpt>
      <trkpt lat="39.17124306881089" lon="117.76434102572331">
        <ele>5.5</ele>
        <time>2025-11-21T01:41:27Z</time>
      </trkpt>
      <trkpt lat="39.17123654232989" lon="117.76431129161224">
        <ele>5.5</ele>
        <time>2025-11-21T01:41:28Z</time>
      </trkpt>
      <trkpt lat="39.171229679041616" lon="117.76428147750002">
        <ele>5.5</ele>
        <time>2025-11-21T01:41:29Z</time>
      </trkpt>
      <trkpt lat="39.17122249626532" lon="117.76425165471831">
        <ele>5.5</ele>
        <time>2025-11-21T01:41:30Z</time>
      </trkpt>
      <trkpt lat="39.171214113972944" lon="117.76421787206536">
        <ele>5.5</ele>
        <time>2025-11-21T01:41:31Z</time>
      </trkpt>
      <trkpt lat="39.17120617555835" lon="117.76418722909266">
        <ele>5.5</ele>
        <time>2025-11-21T01:41:32Z</time>
      </trkpt>
      <trkpt lat="39.171198021035686" lon="117.76415634909853">
        <ele>5.5</ele>
        <time>2025-11-21T01:41:33Z</time>
      </trkpt>
      <trkpt lat="39.17118990710949" lon="117.76412599390287">
        <ele>5.5</ele>
        <time>2025-11-21T01:41:34Z</time>
      </trkpt>
      <trkpt lat="39.17118178841063" lon="117.76409566393137">
        <ele>5.5</ele>
        <time>2025-11-21T01:41:35Z</time>
      </trkpt>
      <trkpt lat="39.17117370031761" lon="117.76406542067976">
        <ele>5.5</ele>
        <time>2025-11-21T01:41:36Z</time>
      </trkpt>
      <trkpt lat="39.17116657387675" lon="117.76403918549761">
        <ele>5.5</ele>
        <time>2025-11-21T01:41:37Z</time>
      </trkpt>
      <trkpt lat="39.17115975524962" lon="117.76401391108394">
        <ele>5.5</ele>
        <time>2025-11-21T01:41:38Z</time>
      </trkpt>
      <trkpt lat="39.17115240457291" lon="117.76398593276869">
        <ele>5.5</ele>
        <time>2025-11-21T01:41:39Z</time>
      </trkpt>
      <trkpt lat="39.171145096723166" lon="117.76395787655458">
        <ele>5.5</ele>
        <time>2025-11-21T01:41:40Z</time>
      </trkpt>
      <trkpt lat="39.171137762569884" lon="117.76392952775485">
        <ele>5.5</ele>
        <time>2025-11-21T01:41:41Z</time>
      </trkpt>
      <trkpt lat="39.17113052068779" lon="117.7639013828071">
        <ele>5.5</ele>
        <time>2025-11-21T01:41:42Z</time>
      </trkpt>
      <trkpt lat="39.17112343939566" lon="117.76387369417797">
        <ele>5.5</ele>
        <time>2025-11-21T01:41:43Z</time>
      </trkpt>
      <trkpt lat="39.17111652685346" lon="117.76384657052114">
        <ele>5.5</ele>
        <time>2025-11-21T01:41:44Z</time>
      </trkpt>
      <trkpt lat="39.17111067402539" lon="117.76382401377577">
        <ele>5.5</ele>
        <time>2025-11-21T01:41:45Z</time>
      </trkpt>
      <trkpt lat="39.171104181914814" lon="117.763798704788">
        <ele>5.5</ele>
        <time>2025-11-21T01:41:46Z</time>
      </trkpt>
      <trkpt lat="39.1710969771398" lon="117.76377361134746">
        <ele>5.5</ele>
        <time>2025-11-21T01:41:47Z</time>
      </trkpt>
      <trkpt lat="39.17108978690233" lon="117.76374760561677">
        <ele>5.5</ele>
        <time>2025-11-21T01:41:48Z</time>
      </trkpt>
      <trkpt lat="39.17108593730758" lon="117.76372239635258">
        <ele>5.5</ele>
        <time>2025-11-21T01:41:49Z</time>
      </trkpt>
      <trkpt lat="39.17108701308656" lon="117.76369798083442">
        <ele>5.5</ele>
        <time>2025-11-21T01:41:50Z</time>
      </trkpt>
      <trkpt lat="39.17109406800803" lon="117.76367540818474">
        <ele>5.5</ele>
        <time>2025-11-21T01:41:51Z</time>
      </trkpt>
      <trkpt lat="39.17110578180892" lon="117.76365787101291">
        <ele>5.6</ele>
        <time>2025-11-21T01:41:52Z</time>
      </trkpt>
      <trkpt lat="39.17112201027232" lon="117.76364304210237">
        <ele>5.6</ele>
        <time>2025-11-21T01:41:53Z</time>
      </trkpt>
      <trkpt lat="39.171140767349115" lon="117.76363188909609">
        <ele>5.6</ele>
        <time>2025-11-21T01:41:54Z</time>
      </trkpt>
      <trkpt lat="39.17116279703627" lon="117.763624527686">
        <ele>5.6</ele>
        <time>2025-11-21T01:41:55Z</time>
      </trkpt>
      <trkpt lat="39.17118478139879" lon="117.76362025748035">
        <ele>5.6</ele>
        <time>2025-11-21T01:41:56Z</time>
      </trkpt>
      <trkpt lat="39.171206775203956" lon="117.7636172699708">
        <ele>5.7</ele>
        <time>2025-11-21T01:41:57Z</time>
      </trkpt>
      <trkpt lat="39.17122852181919" lon="117.76361386741326">
        <ele>5.7</ele>
        <time>2025-11-21T01:41:58Z</time>
      </trkpt>
      <trkpt lat="39.17124979915852" lon="117.763610327211">
        <ele>5.7</ele>
        <time>2025-11-21T01:41:59Z</time>
      </trkpt>
      <trkpt lat="39.171270163194436" lon="117.76360664071001">
        <ele>5.7</ele>
        <time>2025-11-21T01:42:00Z</time>
      </trkpt>
      <trkpt lat="39.171289535153186" lon="117.76360153291701">
        <ele>5.7</ele>
        <time>2025-11-21T01:42:01Z</time>
      </trkpt>
      <trkpt lat="39.17130850907877" lon="117.76359501326954">
        <ele>6</ele>
        <time>2025-11-21T01:42:02Z</time>
      </trkpt>
      <trkpt lat="39.17132776852024" lon="117.76358689179825">
        <ele>6</ele>
        <time>2025-11-21T01:42:03Z</time>
      </trkpt>
      <trkpt lat="39.17134534092023" lon="117.76357943705408">
        <ele>6</ele>
        <time>2025-11-21T01:42:04Z</time>
      </trkpt>
      <trkpt lat="39.17135426085294" lon="117.76357556688724">
        <ele>6</ele>
        <time>2025-11-21T01:42:05Z</time>
      </trkpt>
    </trkseg>
  </trk>
</gpx>