<?xml version="1.0" encoding="UTF-8"?>
<gpx xmlns="http://www.topografix.com/GPX/1/1" xmlns:gpxtpx="http://www.garmin.com/xmlschemas/TrackPointExtension/v1" xmlns:xsi="http://www.w3.org/2001/XMLSchema-instance" xsi:schemaLocation="http://www.topografix.com/GPX/1/1 http://www.topografix.com/GPX/1/1/gpx.xsd" version="1.1" creator="gpx.py -- https://github.com/tkrajina/gpxpy">
  <trk>
    <name>gpx from codoon</name>
    <type>Run</type>
    <trkseg>
      <trkpt lat="39.26597860350751" lon="118.43246143119985">
        <ele>3.2</ele>
        <time>2026-08-15T23:40:42Z</time>
      </trkpt>
      <trkpt lat="39.265978466742105" lon="118.43249870967949">
        <ele>3.2</ele>
        <time>2026-08-15T23:40:43Z</time>
      </trkpt>
      <trkpt lat="39.265977883691065" lon="118.43251113598187">
        <ele>3.2</ele>
        <time>2026-08-15T23:40:44Z</time>
      </trkpt>
      <trkpt lat="39.26597710084494" lon="118.43253572435654">
        <ele>3.2</ele>
        <time>2026-08-15T23:40:45Z</time>
      </trkpt>
      <trkpt lat="39.26597601272954" lon="118.43256234020558">
        <ele>3.2</ele>
        <time>2026-08-15T23:40:46Z</time>
      </trkpt>
      <trkpt lat="39.265975799094434" lon="118.43258854474095">
        <ele>3.2</ele>
        <time>2026-08-15T23:40:47Z</time>
      </trkpt>
      <trkpt lat="39.26597615130788" lon="118.43261444587334">
        <ele>3.2</ele>
        <time>2026-08-15T23:40:48Z</time>
      </trkpt>
      <trkpt lat="39.2659768964012" lon="118.43264089826302">
        <ele>3.2</ele>
        <time>2026-08-15T23:40:49Z</time>
      </trkpt>
      <trkpt lat="39.26597776894277" lon="118.43266691375428">
        <ele>3.2</ele>
        <time>2026-08-15T23:40:50Z</time>
      </trkpt>
      <trkpt lat="39.26597875985485" lon="118.43269562412713">
        <ele>3.2</ele>
        <time>2026-08-15T23:40:51Z</time>
      </trkpt>
      <trkpt lat="39.265979855051654" lon="118.43272131809165">
        <ele>3.2</ele>
        <time>2026-08-15T23:40:52Z</time>
      </trkpt>
      <trkpt lat="39.26598084452048" lon="118.43274736217653">
        <ele>3.2</ele>
        <time>2026-08-15T23:40:53Z</time>
      </trkpt>
      <trkpt lat="39.26598148911168" lon="118.43277317914037">
        <ele>3.2</ele>
        <time>2026-08-15T23:40:54Z</time>
      </trkpt>
      <trkpt lat="39.26598211452798" lon="118.43279910656881">
        <ele>3.2</ele>
        <time>2026-08-15T23:40:55Z</time>
      </trkpt>
      <trkpt lat="39.265982798658996" lon="118.43282516427173">
        <ele>3.2</ele>
        <time>2026-08-15T23:40:56Z</time>
      </trkpt>
      <trkpt lat="39.265983834481844" lon="118.43285232641105">
        <ele>3.2</ele>
        <time>2026-08-15T23:40:57Z</time>
      </trkpt>
      <trkpt lat="39.26598482863498" lon="118.43287949390302">
        <ele>3.2</ele>
        <time>2026-08-15T23:40:58Z</time>
      </trkpt>
      <trkpt lat="39.2659858069675" lon="118.43290661174765">
        <ele>3.2</ele>
        <time>2026-08-15T23:40:59Z</time>
      </trkpt>
      <trkpt lat="39.26598678723227" lon="118.43293442878492">
        <ele>3.2</ele>
        <time>2026-08-15T23:41:00Z</time>
      </trkpt>
      <trkpt lat="39.265987705789165" lon="118.43296184398564">
        <ele>3.2</ele>
        <time>2026-08-15T23:41:01Z</time>
      </trkpt>
      <trkpt lat="39.2659886923616" lon="118.43299254959575">
        <ele>3.3</ele>
        <time>2026-08-15T23:41:02Z</time>
      </trkpt>
      <trkpt lat="39.26598944827888" lon="118.43301882959854">
        <ele>3.3</ele>
        <time>2026-08-15T23:41:03Z</time>
      </trkpt>
      <trkpt lat="39.26599017415736" lon="118.43304502257703">
        <ele>3.3</ele>
        <time>2026-08-15T23:41:04Z</time>
      </trkpt>
      <trkpt lat="39.26599090152209" lon="118.43307145486473">
        <ele>3.3</ele>
        <time>2026-08-15T23:41:05Z</time>
      </trkpt>
      <trkpt lat="39.26599163272295" lon="118.4330975616595">
        <ele>3.3</ele>
        <time>2026-08-15T23:41:06Z</time>
      </trkpt>
      <trkpt lat="39.2659925374451" lon="118.43312686491846">
        <ele>3.4</ele>
        <time>2026-08-15T23:41:07Z</time>
      </trkpt>
      <trkpt lat="39.26599335804592" lon="118.43315207886943">
        <ele>3.4</ele>
        <time>2026-08-15T23:41:08Z</time>
      </trkpt>
      <trkpt lat="39.26599431354966" lon="118.43317738482511">
        <ele>3.4</ele>
        <time>2026-08-15T23:41:09Z</time>
      </trkpt>
      <trkpt lat="39.26599541137684" lon="118.43320298778781">
        <ele>3.4</ele>
        <time>2026-08-15T23:41:10Z</time>
      </trkpt>
      <trkpt lat="39.26599658823925" lon="118.43322865891105">
        <ele>3.4</ele>
        <time>2026-08-15T23:41:11Z</time>
      </trkpt>
      <trkpt lat="39.26599778548037" lon="118.43325439696257">
        <ele>3.4</ele>
        <time>2026-08-15T23:41:12Z</time>
      </trkpt>
      <trkpt lat="39.26599899068531" lon="118.4332802150742">
        <ele>3.4</ele>
        <time>2026-08-15T23:41:13Z</time>
      </trkpt>
      <trkpt lat="39.266000183630034" lon="118.43330613025117">
        <ele>3.4</ele>
        <time>2026-08-15T23:41:14Z</time>
      </trkpt>
      <trkpt lat="39.266001360625346" lon="118.43333222073309">
        <ele>3.4</ele>
        <time>2026-08-15T23:41:15Z</time>
      </trkpt>
      <trkpt lat="39.26600249364819" lon="118.43335833902893">
        <ele>3.4</ele>
        <time>2026-08-15T23:41:16Z</time>
      </trkpt>
      <trkpt lat="39.26600361936713" lon="118.4333847315363">
        <ele>3.4</ele>
        <time>2026-08-15T23:41:17Z</time>
      </trkpt>
      <trkpt lat="39.26600477520277" lon="118.4334112308086">
        <ele>3.4</ele>
        <time>2026-08-15T23:41:18Z</time>
      </trkpt>
      <trkpt lat="39.266005986291745" lon="118.43343790674827">
        <ele>3.4</ele>
        <time>2026-08-15T23:41:19Z</time>
      </trkpt>
      <trkpt lat="39.266007210492" lon="118.43346394753664">
        <ele>3.4</ele>
        <time>2026-08-15T23:41:20Z</time>
      </trkpt>
      <trkpt lat="39.26600840636719" lon="118.43348957512711">
        <ele>3.4</ele>
        <time>2026-08-15T23:41:21Z</time>
      </trkpt>
      <trkpt lat="39.26600943340171" lon="118.43351192611384">
        <ele>3.4</ele>
        <time>2026-08-15T23:41:22Z</time>
      </trkpt>
      <trkpt lat="39.266010464743744" lon="118.43353497193588">
        <ele>3.4</ele>
        <time>2026-08-15T23:41:23Z</time>
      </trkpt>
      <trkpt lat="39.266011685915046" lon="118.43356241875438">
        <ele>3.4</ele>
        <time>2026-08-15T23:41:24Z</time>
      </trkpt>
      <trkpt lat="39.266012886646045" lon="118.43358931714809">
        <ele>3.4</ele>
        <time>2026-08-15T23:41:25Z</time>
      </trkpt>
      <trkpt lat="39.266014265488664" lon="118.43361941227306">
        <ele>3.4</ele>
        <time>2026-08-15T23:41:26Z</time>
      </trkpt>
      <trkpt lat="39.26601548383894" lon="118.43364517672164">
        <ele>3.4</ele>
        <time>2026-08-15T23:41:27Z</time>
      </trkpt>
      <trkpt lat="39.26601674358011" lon="118.4336708472789">
        <ele>3.4</ele>
        <time>2026-08-15T23:41:28Z</time>
      </trkpt>
      <trkpt lat="39.266018051405666" lon="118.43369626100747">
        <ele>3.4</ele>
        <time>2026-08-15T23:41:29Z</time>
      </trkpt>
      <trkpt lat="39.26601943102404" lon="118.43372167016717">
        <ele>3.4</ele>
        <time>2026-08-15T23:41:30Z</time>
      </trkpt>
      <trkpt lat="39.26602088407126" lon="118.43374714492178">
        <ele>3.4</ele>
        <time>2026-08-15T23:41:31Z</time>
      </trkpt>
      <trkpt lat="39.26602237200573" lon="118.43377276419106">
        <ele>3.4</ele>
        <time>2026-08-15T23:41:32Z</time>
      </trkpt>
      <trkpt lat="39.26602384530189" lon="118.43379866191239">
        <ele>3.4</ele>
        <time>2026-08-15T23:41:33Z</time>
      </trkpt>
      <trkpt lat="39.26602528363017" lon="118.4338247327646">
        <ele>3.4</ele>
        <time>2026-08-15T23:41:34Z</time>
      </trkpt>
      <trkpt lat="39.2660267329696" lon="118.43385146237681">
        <ele>3.4</ele>
        <time>2026-08-15T23:41:35Z</time>
      </trkpt>
      <trkpt lat="39.26602819922317" lon="118.43387797992874">
        <ele>3.4</ele>
        <time>2026-08-15T23:41:36Z</time>
      </trkpt>
      <trkpt lat="39.26602988502976" lon="118.43390797319196">
        <ele>3.4</ele>
        <time>2026-08-15T23:41:37Z</time>
      </trkpt>
      <trkpt lat="39.26603144069046" lon="118.43393383560105">
        <ele>3.4</ele>
        <time>2026-08-15T23:41:38Z</time>
      </trkpt>
      <trkpt lat="39.26603306862507" lon="118.43395973609543">
        <ele>3.4</ele>
        <time>2026-08-15T23:41:39Z</time>
      </trkpt>
      <trkpt lat="39.26603476920758" lon="118.43398544349456">
        <ele>3.4</ele>
        <time>2026-08-15T23:41:40Z</time>
      </trkpt>
      <trkpt lat="39.266036563231054" lon="118.43401117720967">
        <ele>3.4</ele>
        <time>2026-08-15T23:41:41Z</time>
      </trkpt>
      <trkpt lat="39.26603843678522" lon="118.43403691298606">
        <ele>3.4</ele>
        <time>2026-08-15T23:41:42Z</time>
      </trkpt>
      <trkpt lat="39.26604035912265" lon="118.43406283333562">
        <ele>3.4</ele>
        <time>2026-08-15T23:41:43Z</time>
      </trkpt>
      <trkpt lat="39.266042261121996" lon="118.43408871023559">
        <ele>3.4</ele>
        <time>2026-08-15T23:41:44Z</time>
      </trkpt>
      <trkpt lat="39.266044088621875" lon="118.43411455543335">
        <ele>3.4</ele>
        <time>2026-08-15T23:41:45Z</time>
      </trkpt>
      <trkpt lat="39.266045790252775" lon="118.43414025225889">
        <ele>3.4</ele>
        <time>2026-08-15T23:41:46Z</time>
      </trkpt>
      <trkpt lat="39.26604730229414" lon="118.4341658596376">
        <ele>3.4</ele>
        <time>2026-08-15T23:41:47Z</time>
      </trkpt>
      <trkpt lat="39.26604859351725" lon="118.43419164972954">
        <ele>3.4</ele>
        <time>2026-08-15T23:41:48Z</time>
      </trkpt>
      <trkpt lat="39.266049622770446" lon="118.43421765066847">
        <ele>3.4</ele>
        <time>2026-08-15T23:41:49Z</time>
      </trkpt>
      <trkpt lat="39.26605042789726" lon="118.43424413132884">
        <ele>3.4</ele>
        <time>2026-08-15T23:41:50Z</time>
      </trkpt>
      <trkpt lat="39.266051083544795" lon="118.4342711811599">
        <ele>3.4</ele>
        <time>2026-08-15T23:41:51Z</time>
      </trkpt>
      <trkpt lat="39.26605169370031" lon="118.43429899866176">
        <ele>3.5</ele>
        <time>2026-08-15T23:41:52Z</time>
      </trkpt>
      <trkpt lat="39.266052457099825" lon="118.43433023732203">
        <ele>3.5</ele>
        <time>2026-08-15T23:41:53Z</time>
      </trkpt>
      <trkpt lat="39.26605322376332" lon="118.43436100422345">
        <ele>3.5</ele>
        <time>2026-08-15T23:41:54Z</time>
      </trkpt>
      <trkpt lat="39.2660538588392" lon="118.43438766525149">
        <ele>3.5</ele>
        <time>2026-08-15T23:41:55Z</time>
      </trkpt>
      <trkpt lat="39.266054605528645" lon="118.4344145049078">
        <ele>3.5</ele>
        <time>2026-08-15T23:41:56Z</time>
      </trkpt>
      <trkpt lat="39.26605550579137" lon="118.43444151818305">
        <ele>3.5</ele>
        <time>2026-08-15T23:41:57Z</time>
      </trkpt>
      <trkpt lat="39.26605655649842" lon="118.43446856625758">
        <ele>3.5</ele>
        <time>2026-08-15T23:41:58Z</time>
      </trkpt>
      <trkpt lat="39.266057762689854" lon="118.434496174423">
        <ele>3.5</ele>
        <time>2026-08-15T23:41:59Z</time>
      </trkpt>
      <trkpt lat="39.26605902334462" lon="118.43452354608331">
        <ele>3.5</ele>
        <time>2026-08-15T23:42:00Z</time>
      </trkpt>
      <trkpt lat="39.2660604498691" lon="118.43455423504682">
        <ele>3.5</ele>
        <time>2026-08-15T23:42:01Z</time>
      </trkpt>
      <trkpt lat="39.26606161716341" lon="118.43458076419175">
        <ele>3.5</ele>
        <time>2026-08-15T23:42:02Z</time>
      </trkpt>
      <trkpt lat="39.26606271866989" lon="118.43460756521249">
        <ele>3.5</ele>
        <time>2026-08-15T23:42:03Z</time>
      </trkpt>
      <trkpt lat="39.26606377627212" lon="118.43463481229017">
        <ele>3.5</ele>
        <time>2026-08-15T23:42:04Z</time>
      </trkpt>
      <trkpt lat="39.26606486593653" lon="118.43466254084872">
        <ele>3.5</ele>
        <time>2026-08-15T23:42:05Z</time>
      </trkpt>
      <trkpt lat="39.26606603275901" lon="118.43469040053465">
        <ele>3.5</ele>
        <time>2026-08-15T23:42:06Z</time>
      </trkpt>
      <trkpt lat="39.266067350392426" lon="118.43471904539057">
        <ele>3.5</ele>
        <time>2026-08-15T23:42:07Z</time>
      </trkpt>
      <trkpt lat="39.2660687685862" lon="118.43474735890612">
        <ele>3.5</ele>
        <time>2026-08-15T23:42:08Z</time>
      </trkpt>
      <trkpt lat="39.266070487284956" lon="118.43477982192127">
        <ele>3.5</ele>
        <time>2026-08-15T23:42:09Z</time>
      </trkpt>
      <trkpt lat="39.266072051391234" lon="118.4348077600605">
        <ele>3.5</ele>
        <time>2026-08-15T23:42:10Z</time>
      </trkpt>
      <trkpt lat="39.26607378981822" lon="118.43483924057666">
        <ele>3.5</ele>
        <time>2026-08-15T23:42:11Z</time>
      </trkpt>
      <trkpt lat="39.26607530556598" lon="118.43486642542901">
        <ele>3.5</ele>
        <time>2026-08-15T23:42:12Z</time>
      </trkpt>
      <trkpt lat="39.26607681171189" lon="118.4348936784392">
        <ele>3.5</ele>
        <time>2026-08-15T23:42:13Z</time>
      </trkpt>
      <trkpt lat="39.266078332833516" lon="118.43492098389392">
        <ele>3.5</ele>
        <time>2026-08-15T23:42:14Z</time>
      </trkpt>
      <trkpt lat="39.26607986951881" lon="118.43494835003641">
        <ele>3.5</ele>
        <time>2026-08-15T23:42:15Z</time>
      </trkpt>
      <trkpt lat="39.266081430407745" lon="118.43497577911745">
        <ele>3.5</ele>
        <time>2026-08-15T23:42:16Z</time>
      </trkpt>
      <trkpt lat="39.2660830198486" lon="118.43500321581783">
        <ele>3.5</ele>
        <time>2026-08-15T23:42:17Z</time>
      </trkpt>
      <trkpt lat="39.266084618588756" lon="118.43503062962671">
        <ele>3.5</ele>
        <time>2026-08-15T23:42:18Z</time>
      </trkpt>
      <trkpt lat="39.266086233173176" lon="118.43505801141659">
        <ele>3.5</ele>
        <time>2026-08-15T23:42:19Z</time>
      </trkpt>
      <trkpt lat="39.26608784880819" lon="118.43508546599173">
        <ele>3.5</ele>
        <time>2026-08-15T23:42:20Z</time>
      </trkpt>
      <trkpt lat="39.26608945219219" lon="118.4351130412026">
        <ele>3.5</ele>
        <time>2026-08-15T23:42:21Z</time>
      </trkpt>
      <trkpt lat="39.26609101592046" lon="118.43514128683896">
        <ele>3.6</ele>
        <time>2026-08-15T23:42:22Z</time>
      </trkpt>
      <trkpt lat="39.26609250119233" lon="118.43516995393047">
        <ele>3.6</ele>
        <time>2026-08-15T23:42:23Z</time>
      </trkpt>
      <trkpt lat="39.26609403915968" lon="118.43520215152894">
        <ele>3.6</ele>
        <time>2026-08-15T23:42:24Z</time>
      </trkpt>
      <trkpt lat="39.266095412763164" lon="118.43523360027079">
        <ele>3.6</ele>
        <time>2026-08-15T23:42:25Z</time>
      </trkpt>
      <trkpt lat="39.26609647754208" lon="118.43526098041926">
        <ele>3.6</ele>
        <time>2026-08-15T23:42:26Z</time>
      </trkpt>
      <trkpt lat="39.266097462901755" lon="118.43528846949701">
        <ele>3.6</ele>
        <time>2026-08-15T23:42:27Z</time>
      </trkpt>
      <trkpt lat="39.26609841173866" lon="118.43531638235659">
        <ele>3.6</ele>
        <time>2026-08-15T23:42:28Z</time>
      </trkpt>
      <trkpt lat="39.266099326632265" lon="118.43534464561847">
        <ele>3.6</ele>
        <time>2026-08-15T23:42:29Z</time>
      </trkpt>
      <trkpt lat="39.26610027166519" lon="118.43537400059455">
        <ele>3.6</ele>
        <time>2026-08-15T23:42:30Z</time>
      </trkpt>
      <trkpt lat="39.26610121718607" lon="118.43540355144587">
        <ele>3.6</ele>
        <time>2026-08-15T23:42:31Z</time>
      </trkpt>
      <trkpt lat="39.26610237670012" lon="118.43543692084222">
        <ele>3.6</ele>
        <time>2026-08-15T23:42:32Z</time>
      </trkpt>
      <trkpt lat="39.26610336659961" lon="118.43546617433692">
        <ele>3.6</ele>
        <time>2026-08-15T23:42:33Z</time>
      </trkpt>
      <trkpt lat="39.26610444348486" lon="118.43549557158586">
        <ele>3.6</ele>
        <time>2026-08-15T23:42:34Z</time>
      </trkpt>
      <trkpt lat="39.26610567933205" lon="118.43552560085283">
        <ele>3.6</ele>
        <time>2026-08-15T23:42:35Z</time>
      </trkpt>
      <trkpt lat="39.26610709451865" lon="118.43555528934381">
        <ele>3.6</ele>
        <time>2026-08-15T23:42:36Z</time>
      </trkpt>
      <trkpt lat="39.266108905078745" lon="118.43558834105963">
        <ele>3.7</ele>
        <time>2026-08-15T23:42:37Z</time>
      </trkpt>
      <trkpt lat="39.26611069116621" lon="118.4356164511638">
        <ele>3.7</ele>
        <time>2026-08-15T23:42:38Z</time>
      </trkpt>
      <trkpt lat="39.26611265530631" lon="118.43564465962996">
        <ele>3.7</ele>
        <time>2026-08-15T23:42:39Z</time>
      </trkpt>
      <trkpt lat="39.26611457796025" lon="118.43566949454062">
        <ele>3.7</ele>
        <time>2026-08-15T23:42:40Z</time>
      </trkpt>
      <trkpt lat="39.26611679405105" lon="118.43569860745897">
        <ele>3.7</ele>
        <time>2026-08-15T23:42:41Z</time>
      </trkpt>
      <trkpt lat="39.26611903642214" lon="118.4357278119748">
        <ele>3.7</ele>
        <time>2026-08-15T23:42:42Z</time>
      </trkpt>
      <trkpt lat="39.26612119697123" lon="118.43575660125914">
        <ele>3.7</ele>
        <time>2026-08-15T23:42:43Z</time>
      </trkpt>
      <trkpt lat="39.26612324071589" lon="118.43578581567076">
        <ele>3.7</ele>
        <time>2026-08-15T23:42:44Z</time>
      </trkpt>
      <trkpt lat="39.266125054856246" lon="118.4358146523595">
        <ele>3.7</ele>
        <time>2026-08-15T23:42:45Z</time>
      </trkpt>
      <trkpt lat="39.266126804830044" lon="118.43584709497331">
        <ele>3.7</ele>
        <time>2026-08-15T23:42:46Z</time>
      </trkpt>
      <trkpt lat="39.26612804565128" lon="118.43587508978958">
        <ele>3.7</ele>
        <time>2026-08-15T23:42:47Z</time>
      </trkpt>
      <trkpt lat="39.26612896582877" lon="118.43590321584486">
        <ele>3.7</ele>
        <time>2026-08-15T23:42:48Z</time>
      </trkpt>
      <trkpt lat="39.266129422009996" lon="118.43593175938032">
        <ele>3.7</ele>
        <time>2026-08-15T23:42:49Z</time>
      </trkpt>
      <trkpt lat="39.26612920882098" lon="118.43596102042649">
        <ele>3.7</ele>
        <time>2026-08-15T23:42:50Z</time>
      </trkpt>
      <trkpt lat="39.26612765490411" lon="118.43599192266485">
        <ele>3.7</ele>
        <time>2026-08-15T23:42:51Z</time>
      </trkpt>
      <trkpt lat="39.26612489022579" lon="118.43602010991532">
        <ele>3.8</ele>
        <time>2026-08-15T23:42:52Z</time>
      </trkpt>
      <trkpt lat="39.26612132492911" lon="118.43604879191608">
        <ele>3.8</ele>
        <time>2026-08-15T23:42:53Z</time>
      </trkpt>
      <trkpt lat="39.26611868454207" lon="118.43607284587124">
        <ele>3.8</ele>
        <time>2026-08-15T23:42:54Z</time>
      </trkpt>
      <trkpt lat="39.26611945867555" lon="118.43609667450254">
        <ele>3.8</ele>
        <time>2026-08-15T23:42:55Z</time>
      </trkpt>
      <trkpt lat="39.26612197415674" lon="118.43612392615366">
        <ele>3.8</ele>
        <time>2026-08-15T23:42:56Z</time>
      </trkpt>
      <trkpt lat="39.26612512147547" lon="118.43615418399106">
        <ele>3.8</ele>
        <time>2026-08-15T23:42:57Z</time>
      </trkpt>
      <trkpt lat="39.26612652787647" lon="118.43618703317334">
        <ele>3.8</ele>
        <time>2026-08-15T23:42:58Z</time>
      </trkpt>
      <trkpt lat="39.26612782360797" lon="118.43621550860978">
        <ele>3.8</ele>
        <time>2026-08-15T23:42:59Z</time>
      </trkpt>
      <trkpt lat="39.266129207919676" lon="118.43624402099623">
        <ele>3.8</ele>
        <time>2026-08-15T23:43:00Z</time>
      </trkpt>
      <trkpt lat="39.266130649000594" lon="118.43627236958017">
        <ele>3.8</ele>
        <time>2026-08-15T23:43:01Z</time>
      </trkpt>
      <trkpt lat="39.26613213083866" lon="118.43630067953339">
        <ele>3.8</ele>
        <time>2026-08-15T23:43:02Z</time>
      </trkpt>
      <trkpt lat="39.26613362327172" lon="118.43632888882637">
        <ele>3.8</ele>
        <time>2026-08-15T23:43:03Z</time>
      </trkpt>
      <trkpt lat="39.266135125073134" lon="118.43635754303074">
        <ele>3.8</ele>
        <time>2026-08-15T23:43:04Z</time>
      </trkpt>
      <trkpt lat="39.266136593262324" lon="118.43638582104965">
        <ele>3.8</ele>
        <time>2026-08-15T23:43:05Z</time>
      </trkpt>
      <trkpt lat="39.26613820198201" lon="118.4364174172905">
        <ele>3.8</ele>
        <time>2026-08-15T23:43:06Z</time>
      </trkpt>
      <trkpt lat="39.266139583904554" lon="118.43644469660543">
        <ele>3.7</ele>
        <time>2026-08-15T23:43:07Z</time>
      </trkpt>
      <trkpt lat="39.26614089661879" lon="118.43647182576998">
        <ele>3.7</ele>
        <time>2026-08-15T23:43:08Z</time>
      </trkpt>
      <trkpt lat="39.2661421356537" lon="118.43649949893684">
        <ele>3.7</ele>
        <time>2026-08-15T23:43:09Z</time>
      </trkpt>
      <trkpt lat="39.26614327389456" lon="118.43652704902966">
        <ele>3.7</ele>
        <time>2026-08-15T23:43:10Z</time>
      </trkpt>
      <trkpt lat="39.26614449954027" lon="118.43655873456586">
        <ele>3.7</ele>
        <time>2026-08-15T23:43:11Z</time>
      </trkpt>
      <trkpt lat="39.26614546354185" lon="118.43658611274375">
        <ele>3.6</ele>
        <time>2026-08-15T23:43:12Z</time>
      </trkpt>
      <trkpt lat="39.266146542767274" lon="118.43661702580789">
        <ele>3.6</ele>
        <time>2026-08-15T23:43:13Z</time>
      </trkpt>
      <trkpt lat="39.266147415031675" lon="118.43664371008943">
        <ele>3.6</ele>
        <time>2026-08-15T23:43:14Z</time>
      </trkpt>
      <trkpt lat="39.26614827274927" lon="118.43667037801032">
        <ele>3.6</ele>
        <time>2026-08-15T23:43:15Z</time>
      </trkpt>
      <trkpt lat="39.26614913155956" lon="118.43669725120108">
        <ele>3.6</ele>
        <time>2026-08-15T23:43:16Z</time>
      </trkpt>
      <trkpt lat="39.26615000076914" lon="118.43672430459719">
        <ele>3.5</ele>
        <time>2026-08-15T23:43:17Z</time>
      </trkpt>
      <trkpt lat="39.26615088623129" lon="118.43675154850482">
        <ele>3.5</ele>
        <time>2026-08-15T23:43:18Z</time>
      </trkpt>
      <trkpt lat="39.26615180079797" lon="118.43677897062497">
        <ele>3.5</ele>
        <time>2026-08-15T23:43:19Z</time>
      </trkpt>
      <trkpt lat="39.266152774604926" lon="118.4368066808891">
        <ele>3.5</ele>
        <time>2026-08-15T23:43:20Z</time>
      </trkpt>
      <trkpt lat="39.26615385909587" lon="118.43683459632535">
        <ele>3.5</ele>
        <time>2026-08-15T23:43:21Z</time>
      </trkpt>
      <trkpt lat="39.26615511542911" lon="118.43686330227219">
        <ele>3.5</ele>
        <time>2026-08-15T23:43:22Z</time>
      </trkpt>
      <trkpt lat="39.26615652912778" lon="118.43689186195728">
        <ele>3.5</ele>
        <time>2026-08-15T23:43:23Z</time>
      </trkpt>
      <trkpt lat="39.26615826347102" lon="118.43692415837015">
        <ele>3.5</ele>
        <time>2026-08-15T23:43:24Z</time>
      </trkpt>
      <trkpt lat="39.26615992039411" lon="118.43695165007536">
        <ele>3.5</ele>
        <time>2026-08-15T23:43:25Z</time>
      </trkpt>
      <trkpt lat="39.26616165794347" lon="118.43697895488187">
        <ele>3.5</ele>
        <time>2026-08-15T23:43:26Z</time>
      </trkpt>
      <trkpt lat="39.266163302873885" lon="118.43700301494462">
        <ele>3.5</ele>
        <time>2026-08-15T23:43:27Z</time>
      </trkpt>
      <trkpt lat="39.266165005525814" lon="118.43702798773">
        <ele>3.5</ele>
        <time>2026-08-15T23:43:28Z</time>
      </trkpt>
      <trkpt lat="39.26616692639395" lon="118.43705780906097">
        <ele>3.5</ele>
        <time>2026-08-15T23:43:29Z</time>
      </trkpt>
      <trkpt lat="39.266168798020765" lon="118.43708726705923">
        <ele>3.5</ele>
        <time>2026-08-15T23:43:30Z</time>
      </trkpt>
      <trkpt lat="39.26617072830504" lon="118.43712027930123">
        <ele>3.5</ele>
        <time>2026-08-15T23:43:31Z</time>
      </trkpt>
      <trkpt lat="39.266172316176394" lon="118.43714886684056">
        <ele>3.4</ele>
        <time>2026-08-15T23:43:32Z</time>
      </trkpt>
      <trkpt lat="39.26617374018128" lon="118.4371772636668">
        <ele>3.4</ele>
        <time>2026-08-15T23:43:33Z</time>
      </trkpt>
      <trkpt lat="39.26617503581826" lon="118.43720551619089">
        <ele>3.4</ele>
        <time>2026-08-15T23:43:34Z</time>
      </trkpt>
      <trkpt lat="39.26617624723564" lon="118.43723380908705">
        <ele>3.4</ele>
        <time>2026-08-15T23:43:35Z</time>
      </trkpt>
      <trkpt lat="39.26617739053481" lon="118.4372623171452">
        <ele>3.4</ele>
        <time>2026-08-15T23:43:36Z</time>
      </trkpt>
      <trkpt lat="39.26617844061853" lon="118.43729082406622">
        <ele>3.4</ele>
        <time>2026-08-15T23:43:37Z</time>
      </trkpt>
      <trkpt lat="39.266179412949114" lon="118.43731946267984">
        <ele>3.4</ele>
        <time>2026-08-15T23:43:38Z</time>
      </trkpt>
      <trkpt lat="39.266180335107535" lon="118.43734819309809">
        <ele>3.4</ele>
        <time>2026-08-15T23:43:39Z</time>
      </trkpt>
      <trkpt lat="39.26618124495205" lon="118.43737768101703">
        <ele>3.4</ele>
        <time>2026-08-15T23:43:40Z</time>
      </trkpt>
      <trkpt lat="39.26618211636887" lon="118.4374070051491">
        <ele>3.4</ele>
        <time>2026-08-15T23:43:41Z</time>
      </trkpt>
      <trkpt lat="39.266183082812574" lon="118.43744039793506">
        <ele>3.4</ele>
        <time>2026-08-15T23:43:42Z</time>
      </trkpt>
      <trkpt lat="39.266183801940706" lon="118.43746920424013">
        <ele>3.4</ele>
        <time>2026-08-15T23:43:43Z</time>
      </trkpt>
      <trkpt lat="39.26618457819031" lon="118.43750149398745">
        <ele>3.4</ele>
        <time>2026-08-15T23:43:44Z</time>
      </trkpt>
      <trkpt lat="39.266185111545084" lon="118.43752942612355">
        <ele>3.4</ele>
        <time>2026-08-15T23:43:45Z</time>
      </trkpt>
      <trkpt lat="39.26618557181108" lon="118.4375573550456">
        <ele>3.4</ele>
        <time>2026-08-15T23:43:46Z</time>
      </trkpt>
      <trkpt lat="39.26618596568768" lon="118.43758523343472">
        <ele>3.5</ele>
        <time>2026-08-15T23:43:47Z</time>
      </trkpt>
      <trkpt lat="39.266186330317254" lon="118.43761314478785">
        <ele>3.5</ele>
        <time>2026-08-15T23:43:48Z</time>
      </trkpt>
      <trkpt lat="39.2661866956406" lon="118.43764103520134">
        <ele>3.5</ele>
        <time>2026-08-15T23:43:49Z</time>
      </trkpt>
      <trkpt lat="39.26618712417074" lon="118.43766948193299">
        <ele>3.5</ele>
        <time>2026-08-15T23:43:50Z</time>
      </trkpt>
      <trkpt lat="39.266187615687784" lon="118.43769770373336">
        <ele>3.5</ele>
        <time>2026-08-15T23:43:51Z</time>
      </trkpt>
      <trkpt lat="39.26618835246922" lon="118.43772943043084">
        <ele>3.4</ele>
        <time>2026-08-15T23:43:52Z</time>
      </trkpt>
      <trkpt lat="39.26618907680936" lon="118.43775705508716">
        <ele>3.4</ele>
        <time>2026-08-15T23:43:53Z</time>
      </trkpt>
      <trkpt lat="39.26618996174857" lon="118.43778489314109">
        <ele>3.4</ele>
        <time>2026-08-15T23:43:54Z</time>
      </trkpt>
      <trkpt lat="39.26619102883897" lon="118.43781378824858">
        <ele>3.4</ele>
        <time>2026-08-15T23:43:55Z</time>
      </trkpt>
      <trkpt lat="39.266192190950754" lon="118.43784252628708">
        <ele>3.4</ele>
        <time>2026-08-15T23:43:56Z</time>
      </trkpt>
      <trkpt lat="39.26619358950752" lon="118.4378755439842">
        <ele>3.4</ele>
        <time>2026-08-15T23:43:57Z</time>
      </trkpt>
      <trkpt lat="39.26619483563027" lon="118.43790375234985">
        <ele>3.4</ele>
        <time>2026-08-15T23:43:58Z</time>
      </trkpt>
      <trkpt lat="39.26619624550268" lon="118.43793563736897">
        <ele>3.4</ele>
        <time>2026-08-15T23:43:59Z</time>
      </trkpt>
      <trkpt lat="39.26619748622564" lon="118.43796305014453">
        <ele>3.4</ele>
        <time>2026-08-15T23:44:00Z</time>
      </trkpt>
      <trkpt lat="39.266198717186406" lon="118.4379905700988">
        <ele>3.4</ele>
        <time>2026-08-15T23:44:01Z</time>
      </trkpt>
      <trkpt lat="39.26619992608367" lon="118.43801857062233">
        <ele>3.4</ele>
        <time>2026-08-15T23:44:02Z</time>
      </trkpt>
      <trkpt lat="39.26620107177944" lon="118.43804660975076">
        <ele>3.4</ele>
        <time>2026-08-15T23:44:03Z</time>
      </trkpt>
      <trkpt lat="39.26620231409456" lon="118.4380782904934">
        <ele>3.4</ele>
        <time>2026-08-15T23:44:04Z</time>
      </trkpt>
      <trkpt lat="39.266203359041015" lon="118.43810571249533">
        <ele>3.4</ele>
        <time>2026-08-15T23:44:05Z</time>
      </trkpt>
      <trkpt lat="39.26620439194041" lon="118.43813299449783">
        <ele>3.4</ele>
        <time>2026-08-15T23:44:06Z</time>
      </trkpt>
      <trkpt lat="39.26620540294018" lon="118.43815990259597">
        <ele>3.4</ele>
        <time>2026-08-15T23:44:07Z</time>
      </trkpt>
      <trkpt lat="39.26620639362923" lon="118.43818654634994">
        <ele>3.4</ele>
        <time>2026-08-15T23:44:08Z</time>
      </trkpt>
      <trkpt lat="39.26620736784438" lon="118.43821308405748">
        <ele>3.4</ele>
        <time>2026-08-15T23:44:09Z</time>
      </trkpt>
      <trkpt lat="39.26620835248682" lon="118.43824017930673">
        <ele>3.4</ele>
        <time>2026-08-15T23:44:10Z</time>
      </trkpt>
      <trkpt lat="39.26620933548945" lon="118.4382671790284">
        <ele>3.4</ele>
        <time>2026-08-15T23:44:11Z</time>
      </trkpt>
      <trkpt lat="39.26621049173987" lon="118.43829807653594">
        <ele>3.4</ele>
        <time>2026-08-15T23:44:12Z</time>
      </trkpt>
      <trkpt lat="39.266211493895284" lon="118.43832454793447">
        <ele>3.4</ele>
        <time>2026-08-15T23:44:13Z</time>
      </trkpt>
      <trkpt lat="39.26621268434962" lon="118.43835512681076">
        <ele>3.4</ele>
        <time>2026-08-15T23:44:14Z</time>
      </trkpt>
      <trkpt lat="39.26621371507713" lon="118.43838171102118">
        <ele>3.4</ele>
        <time>2026-08-15T23:44:15Z</time>
      </trkpt>
      <trkpt lat="39.266214887266784" lon="118.43841214139384">
        <ele>3.4</ele>
        <time>2026-08-15T23:44:16Z</time>
      </trkpt>
      <trkpt lat="39.26621586901183" lon="118.4384388327633">
        <ele>3.4</ele>
        <time>2026-08-15T23:44:17Z</time>
      </trkpt>
      <trkpt lat="39.26621681984448" lon="118.43846569080256">
        <ele>3.4</ele>
        <time>2026-08-15T23:44:18Z</time>
      </trkpt>
      <trkpt lat="39.26621775455823" lon="118.43849307464212">
        <ele>3.4</ele>
        <time>2026-08-15T23:44:19Z</time>
      </trkpt>
      <trkpt lat="39.26621865191679" lon="118.43852075167746">
        <ele>3.4</ele>
        <time>2026-08-15T23:44:20Z</time>
      </trkpt>
      <trkpt lat="39.266219488197855" lon="118.43854879300436">
        <ele>3.4</ele>
        <time>2026-08-15T23:44:21Z</time>
      </trkpt>
      <trkpt lat="39.26622027443652" lon="118.43857729974526">
        <ele>3.4</ele>
        <time>2026-08-15T23:44:22Z</time>
      </trkpt>
      <trkpt lat="39.26622099661641" lon="118.43860549037824">
        <ele>3.4</ele>
        <time>2026-08-15T23:44:23Z</time>
      </trkpt>
      <trkpt lat="39.26622187777978" lon="118.43863703609621">
        <ele>3.4</ele>
        <time>2026-08-15T23:44:24Z</time>
      </trkpt>
      <trkpt lat="39.26622263617085" lon="118.43866462663689">
        <ele>3.4</ele>
        <time>2026-08-15T23:44:25Z</time>
      </trkpt>
      <trkpt lat="39.26622347663827" lon="118.43869226058156">
        <ele>3.4</ele>
        <time>2026-08-15T23:44:26Z</time>
      </trkpt>
      <trkpt lat="39.266224463514725" lon="118.43872067405088">
        <ele>3.4</ele>
        <time>2026-08-15T23:44:27Z</time>
      </trkpt>
      <trkpt lat="39.266225569020484" lon="118.43874865385386">
        <ele>3.4</ele>
        <time>2026-08-15T23:44:28Z</time>
      </trkpt>
      <trkpt lat="39.26622703727124" lon="118.4387804562488">
        <ele>3.4</ele>
        <time>2026-08-15T23:44:29Z</time>
      </trkpt>
      <trkpt lat="39.266228478748154" lon="118.43880737180434">
        <ele>3.4</ele>
        <time>2026-08-15T23:44:30Z</time>
      </trkpt>
      <trkpt lat="39.26623030893021" lon="118.43883764293602">
        <ele>3.4</ele>
        <time>2026-08-15T23:44:31Z</time>
      </trkpt>
      <trkpt lat="39.266232157560765" lon="118.43886384282192">
        <ele>3.4</ele>
        <time>2026-08-15T23:44:32Z</time>
      </trkpt>
      <trkpt lat="39.2662342088719" lon="118.43889043394938">
        <ele>3.4</ele>
        <time>2026-08-15T23:44:33Z</time>
      </trkpt>
      <trkpt lat="39.26623640402469" lon="118.43891755175343">
        <ele>3.4</ele>
        <time>2026-08-15T23:44:34Z</time>
      </trkpt>
      <trkpt lat="39.26623866974966" lon="118.43894516073989">
        <ele>3.4</ele>
        <time>2026-08-15T23:44:35Z</time>
      </trkpt>
      <trkpt lat="39.26624092976806" lon="118.43897290510435">
        <ele>3.4</ele>
        <time>2026-08-15T23:44:36Z</time>
      </trkpt>
      <trkpt lat="39.26624318757402" lon="118.43900116589408">
        <ele>3.4</ele>
        <time>2026-08-15T23:44:37Z</time>
      </trkpt>
      <trkpt lat="39.266245374310245" lon="118.4390291600658">
        <ele>3.4</ele>
        <time>2026-08-15T23:44:38Z</time>
      </trkpt>
      <trkpt lat="39.26624768512232" lon="118.43906079090829">
        <ele>3.4</ele>
        <time>2026-08-15T23:44:39Z</time>
      </trkpt>
      <trkpt lat="39.26624969317747" lon="118.43908827967559">
        <ele>3.4</ele>
        <time>2026-08-15T23:44:40Z</time>
      </trkpt>
      <trkpt lat="39.266251601594064" lon="118.43911586842675">
        <ele>3.4</ele>
        <time>2026-08-15T23:44:41Z</time>
      </trkpt>
      <trkpt lat="39.266253396438294" lon="118.43914356065198">
        <ele>3.4</ele>
        <time>2026-08-15T23:44:42Z</time>
      </trkpt>
      <trkpt lat="39.26625503603319" lon="118.43917072256856">
        <ele>3.4</ele>
        <time>2026-08-15T23:44:43Z</time>
      </trkpt>
      <trkpt lat="39.266256567407105" lon="118.43919813526662">
        <ele>3.4</ele>
        <time>2026-08-15T23:44:44Z</time>
      </trkpt>
      <trkpt lat="39.266257814083154" lon="118.43922207218787">
        <ele>3.4</ele>
        <time>2026-08-15T23:44:45Z</time>
      </trkpt>
      <trkpt lat="39.266259202909104" lon="118.43925026822733">
        <ele>3.4</ele>
        <time>2026-08-15T23:44:46Z</time>
      </trkpt>
      <trkpt lat="39.266260548379115" lon="118.43927831040584">
        <ele>3.4</ele>
        <time>2026-08-15T23:44:47Z</time>
      </trkpt>
      <trkpt lat="39.266261911040914" lon="118.43930621388193">
        <ele>3.4</ele>
        <time>2026-08-15T23:44:48Z</time>
      </trkpt>
      <trkpt lat="39.26626335480997" lon="118.43933397409356">
        <ele>3.4</ele>
        <time>2026-08-15T23:44:49Z</time>
      </trkpt>
      <trkpt lat="39.266264939385735" lon="118.43936167071949">
        <ele>3.4</ele>
        <time>2026-08-15T23:44:50Z</time>
      </trkpt>
      <trkpt lat="39.26626668239735" lon="118.43938920706378">
        <ele>3.4</ele>
        <time>2026-08-15T23:44:51Z</time>
      </trkpt>
      <trkpt lat="39.266268573822046" lon="118.43941711006238">
        <ele>3.4</ele>
        <time>2026-08-15T23:44:52Z</time>
      </trkpt>
      <trkpt lat="39.26627049016523" lon="118.43944456007239">
        <ele>3.4</ele>
        <time>2026-08-15T23:44:53Z</time>
      </trkpt>
      <trkpt lat="39.26627252541861" lon="118.4394752793074">
        <ele>3.4</ele>
        <time>2026-08-15T23:44:54Z</time>
      </trkpt>
      <trkpt lat="39.26627423252013" lon="118.43950158126695">
        <ele>3.4</ele>
        <time>2026-08-15T23:44:55Z</time>
      </trkpt>
      <trkpt lat="39.26627583922095" lon="118.43952787469645">
        <ele>3.4</ele>
        <time>2026-08-15T23:44:56Z</time>
      </trkpt>
      <trkpt lat="39.266277373113205" lon="118.43955427421541">
        <ele>3.4</ele>
        <time>2026-08-15T23:44:57Z</time>
      </trkpt>
      <trkpt lat="39.26627890167386" lon="118.43958085904664">
        <ele>3.4</ele>
        <time>2026-08-15T23:44:58Z</time>
      </trkpt>
      <trkpt lat="39.266280470443725" lon="118.43960817363771">
        <ele>3.4</ele>
        <time>2026-08-15T23:44:59Z</time>
      </trkpt>
      <trkpt lat="39.266282049122864" lon="118.43963617604186">
        <ele>3.4</ele>
        <time>2026-08-15T23:45:00Z</time>
      </trkpt>
      <trkpt lat="39.266283722918295" lon="118.43966751773641">
        <ele>3.4</ele>
        <time>2026-08-15T23:45:01Z</time>
      </trkpt>
      <trkpt lat="39.26628527100871" lon="118.43969830552767">
        <ele>3.4</ele>
        <time>2026-08-15T23:45:02Z</time>
      </trkpt>
      <trkpt lat="39.26628653508201" lon="118.43972491920852">
        <ele>3.4</ele>
        <time>2026-08-15T23:45:03Z</time>
      </trkpt>
      <trkpt lat="39.26628775321383" lon="118.43975171980323">
        <ele>3.4</ele>
        <time>2026-08-15T23:45:04Z</time>
      </trkpt>
      <trkpt lat="39.26628897338025" lon="118.43977856323883">
        <ele>3.4</ele>
        <time>2026-08-15T23:45:05Z</time>
      </trkpt>
      <trkpt lat="39.266290207832306" lon="118.43980557832376">
        <ele>3.4</ele>
        <time>2026-08-15T23:45:06Z</time>
      </trkpt>
      <trkpt lat="39.26629147073625" lon="118.43983327342222">
        <ele>3.4</ele>
        <time>2026-08-15T23:45:07Z</time>
      </trkpt>
      <trkpt lat="39.26629269293022" lon="118.43986084036055">
        <ele>3.4</ele>
        <time>2026-08-15T23:45:08Z</time>
      </trkpt>
      <trkpt lat="39.266294033073336" lon="118.439891845737">
        <ele>3.4</ele>
        <time>2026-08-15T23:45:09Z</time>
      </trkpt>
      <trkpt lat="39.26629512166346" lon="118.43991871504119">
        <ele>3.4</ele>
        <time>2026-08-15T23:45:10Z</time>
      </trkpt>
      <trkpt lat="39.26629615446616" lon="118.43994616502899">
        <ele>3.4</ele>
        <time>2026-08-15T23:45:11Z</time>
      </trkpt>
      <trkpt lat="39.26629706774059" lon="118.43997371128522">
        <ele>3.4</ele>
        <time>2026-08-15T23:45:12Z</time>
      </trkpt>
      <trkpt lat="39.26629788935883" lon="118.44000153697847">
        <ele>3.4</ele>
        <time>2026-08-15T23:45:13Z</time>
      </trkpt>
      <trkpt lat="39.26629864878323" lon="118.44002980757928">
        <ele>3.4</ele>
        <time>2026-08-15T23:45:14Z</time>
      </trkpt>
      <trkpt lat="39.266299394663285" lon="118.44005858339474">
        <ele>3.4</ele>
        <time>2026-08-15T23:45:15Z</time>
      </trkpt>
      <trkpt lat="39.26630027115311" lon="118.44009086890328">
        <ele>3.4</ele>
        <time>2026-08-15T23:45:16Z</time>
      </trkpt>
      <trkpt lat="39.26630110565898" lon="118.4401224512733">
        <ele>3.4</ele>
        <time>2026-08-15T23:45:17Z</time>
      </trkpt>
      <trkpt lat="39.266301771092465" lon="118.44015023365887">
        <ele>3.4</ele>
        <time>2026-08-15T23:45:18Z</time>
      </trkpt>
      <trkpt lat="39.26630247061814" lon="118.44017864304297">
        <ele>3.4</ele>
        <time>2026-08-15T23:45:19Z</time>
      </trkpt>
      <trkpt lat="39.26630319423134" lon="118.44020694376484">
        <ele>3.4</ele>
        <time>2026-08-15T23:45:20Z</time>
      </trkpt>
      <trkpt lat="39.26630412756625" lon="118.44023872042156">
        <ele>3.4</ele>
        <time>2026-08-15T23:45:21Z</time>
      </trkpt>
      <trkpt lat="39.26630480628636" lon="118.44026590200575">
        <ele>3.3</ele>
        <time>2026-08-15T23:45:22Z</time>
      </trkpt>
      <trkpt lat="39.266305687977095" lon="118.44029378334591">
        <ele>3.3</ele>
        <time>2026-08-15T23:45:23Z</time>
      </trkpt>
      <trkpt lat="39.2663070202728" lon="118.44032181991444">
        <ele>3.3</ele>
        <time>2026-08-15T23:45:24Z</time>
      </trkpt>
      <trkpt lat="39.2663090008796" lon="118.44035128813317">
        <ele>3.3</ele>
        <time>2026-08-15T23:45:25Z</time>
      </trkpt>
      <trkpt lat="39.26631143186853" lon="118.44038093887592">
        <ele>3.3</ele>
        <time>2026-08-15T23:45:26Z</time>
      </trkpt>
      <trkpt lat="39.26631348114545" lon="118.44040918156617">
        <ele>3.4</ele>
        <time>2026-08-15T23:45:27Z</time>
      </trkpt>
      <trkpt lat="39.266314186817965" lon="118.44043638765436">
        <ele>3.4</ele>
        <time>2026-08-15T23:45:28Z</time>
      </trkpt>
      <trkpt lat="39.266313492393756" lon="118.4404624180291">
        <ele>3.4</ele>
        <time>2026-08-15T23:45:29Z</time>
      </trkpt>
      <trkpt lat="39.26631278725549" lon="118.44048967609002">
        <ele>3.4</ele>
        <time>2026-08-15T23:45:30Z</time>
      </trkpt>
      <trkpt lat="39.26631293656558" lon="118.44051667701318">
        <ele>3.4</ele>
        <time>2026-08-15T23:45:31Z</time>
      </trkpt>
      <trkpt lat="39.26631394599073" lon="118.44054422889135">
        <ele>3.4</ele>
        <time>2026-08-15T23:45:32Z</time>
      </trkpt>
      <trkpt lat="39.26631483967809" lon="118.44056811327341">
        <ele>3.4</ele>
        <time>2026-08-15T23:45:33Z</time>
      </trkpt>
      <trkpt lat="39.26631601062432" lon="118.44059647243064">
        <ele>3.4</ele>
        <time>2026-08-15T23:45:34Z</time>
      </trkpt>
      <trkpt lat="39.26631722153451" lon="118.44062428302117">
        <ele>3.4</ele>
        <time>2026-08-15T23:45:35Z</time>
      </trkpt>
      <trkpt lat="39.26631863196481" lon="118.44065528079628">
        <ele>3.4</ele>
        <time>2026-08-15T23:45:36Z</time>
      </trkpt>
      <trkpt lat="39.266319861037815" lon="118.44068149852527">
        <ele>3.5</ele>
        <time>2026-08-15T23:45:37Z</time>
      </trkpt>
      <trkpt lat="39.266321131275866" lon="118.44070773794103">
        <ele>3.5</ele>
        <time>2026-08-15T23:45:38Z</time>
      </trkpt>
      <trkpt lat="39.26632242391618" lon="118.44073372846788">
        <ele>3.5</ele>
        <time>2026-08-15T23:45:39Z</time>
      </trkpt>
      <trkpt lat="39.26632373883601" lon="118.4407595892024">
        <ele>3.5</ele>
        <time>2026-08-15T23:45:40Z</time>
      </trkpt>
      <trkpt lat="39.26632504878495" lon="118.4407851111722">
        <ele>3.5</ele>
        <time>2026-08-15T23:45:41Z</time>
      </trkpt>
      <trkpt lat="39.26632637433511" lon="118.440811145661">
        <ele>3.4</ele>
        <time>2026-08-15T23:45:42Z</time>
      </trkpt>
      <trkpt lat="39.26632765868261" lon="118.44083692975379">
        <ele>3.4</ele>
        <time>2026-08-15T23:45:43Z</time>
      </trkpt>
      <trkpt lat="39.26632907903816" lon="118.44086624126605">
        <ele>3.4</ele>
        <time>2026-08-15T23:45:44Z</time>
      </trkpt>
      <trkpt lat="39.26633031197737" lon="118.44089162633523">
        <ele>3.4</ele>
        <time>2026-08-15T23:45:45Z</time>
      </trkpt>
      <trkpt lat="39.266331613779606" lon="118.44091737439399">
        <ele>3.4</ele>
        <time>2026-08-15T23:45:46Z</time>
      </trkpt>
      <trkpt lat="39.26633304005018" lon="118.44094404051734">
        <ele>3.3</ele>
        <time>2026-08-15T23:45:47Z</time>
      </trkpt>
      <trkpt lat="39.26633452514013" lon="118.44097047400452">
        <ele>3.3</ele>
        <time>2026-08-15T23:45:48Z</time>
      </trkpt>
      <trkpt lat="39.26633622690828" lon="118.44100075398029">
        <ele>3.3</ele>
        <time>2026-08-15T23:45:49Z</time>
      </trkpt>
      <trkpt lat="39.26633770842342" lon="118.44102633717769">
        <ele>3.3</ele>
        <time>2026-08-15T23:45:50Z</time>
      </trkpt>
      <trkpt lat="39.266339357756614" lon="118.44105541714114">
        <ele>3.3</ele>
        <time>2026-08-15T23:45:51Z</time>
      </trkpt>
      <trkpt lat="39.26634081750384" lon="118.44108040041753">
        <ele>3.2</ele>
        <time>2026-08-15T23:45:52Z</time>
      </trkpt>
      <trkpt lat="39.26634231593363" lon="118.44110587930356">
        <ele>3.2</ele>
        <time>2026-08-15T23:45:53Z</time>
      </trkpt>
      <trkpt lat="39.26634384685805" lon="118.4411315723454">
        <ele>3.2</ele>
        <time>2026-08-15T23:45:54Z</time>
      </trkpt>
      <trkpt lat="39.266345457630145" lon="118.4411577985822">
        <ele>3.2</ele>
        <time>2026-08-15T23:45:55Z</time>
      </trkpt>
      <trkpt lat="39.26634714666705" lon="118.44118422035953">
        <ele>3.2</ele>
        <time>2026-08-15T23:45:56Z</time>
      </trkpt>
      <trkpt lat="39.26634894514108" lon="118.44121158569577">
        <ele>3.3</ele>
        <time>2026-08-15T23:45:57Z</time>
      </trkpt>
      <trkpt lat="39.26635073510155" lon="118.44123863669783">
        <ele>3.3</ele>
        <time>2026-08-15T23:45:58Z</time>
      </trkpt>
      <trkpt lat="39.26635264543145" lon="118.44126937574771">
        <ele>3.3</ele>
        <time>2026-08-15T23:45:59Z</time>
      </trkpt>
      <trkpt lat="39.26635423147862" lon="118.4412960257832">
        <ele>3.3</ele>
        <time>2026-08-15T23:46:00Z</time>
      </trkpt>
      <trkpt lat="39.26635567379513" lon="118.44132343555594">
        <ele>3.3</ele>
        <time>2026-08-15T23:46:01Z</time>
      </trkpt>
      <trkpt lat="39.2663569145543" lon="118.44135129494077">
        <ele>3.3</ele>
        <time>2026-08-15T23:46:02Z</time>
      </trkpt>
      <trkpt lat="39.26635809908698" lon="118.44138245758045">
        <ele>3.3</ele>
        <time>2026-08-15T23:46:03Z</time>
      </trkpt>
      <trkpt lat="39.2663590499884" lon="118.44141282524927">
        <ele>3.3</ele>
        <time>2026-08-15T23:46:04Z</time>
      </trkpt>
      <trkpt lat="39.26635965028993" lon="118.44143901520266">
        <ele>3.3</ele>
        <time>2026-08-15T23:46:05Z</time>
      </trkpt>
      <trkpt lat="39.26636013787231" lon="118.4414653714059">
        <ele>3.3</ele>
        <time>2026-08-15T23:46:06Z</time>
      </trkpt>
      <trkpt lat="39.266360610118724" lon="118.44149210296773">
        <ele>3.3</ele>
        <time>2026-08-15T23:46:07Z</time>
      </trkpt>
      <trkpt lat="39.266361132266596" lon="118.44151890595906">
        <ele>3.3</ele>
        <time>2026-08-15T23:46:08Z</time>
      </trkpt>
      <trkpt lat="39.266361786123085" lon="118.44154615902191">
        <ele>3.3</ele>
        <time>2026-08-15T23:46:09Z</time>
      </trkpt>
      <trkpt lat="39.266362588480256" lon="118.44157312218333">
        <ele>3.3</ele>
        <time>2026-08-15T23:46:10Z</time>
      </trkpt>
      <trkpt lat="39.26636370402844" lon="118.44160370113492">
        <ele>3.3</ele>
        <time>2026-08-15T23:46:11Z</time>
      </trkpt>
      <trkpt lat="39.26636476540049" lon="118.4416303726434">
        <ele>3.3</ele>
        <time>2026-08-15T23:46:12Z</time>
      </trkpt>
      <trkpt lat="39.26636589479238" lon="118.44165720044853">
        <ele>3.3</ele>
        <time>2026-08-15T23:46:13Z</time>
      </trkpt>
      <trkpt lat="39.26636710940755" lon="118.44168453986298">
        <ele>3.3</ele>
        <time>2026-08-15T23:46:14Z</time>
      </trkpt>
      <trkpt lat="39.26636838215095" lon="118.44171163352527">
        <ele>3.3</ele>
        <time>2026-08-15T23:46:15Z</time>
      </trkpt>
      <trkpt lat="39.26636990825172" lon="118.44174230982748">
        <ele>3.3</ele>
        <time>2026-08-15T23:46:16Z</time>
      </trkpt>
      <trkpt lat="39.26637131245349" lon="118.44176807170356">
        <ele>3.2</ele>
        <time>2026-08-15T23:46:17Z</time>
      </trkpt>
      <trkpt lat="39.266372803908546" lon="118.44179356331779">
        <ele>3.2</ele>
        <time>2026-08-15T23:46:18Z</time>
      </trkpt>
      <trkpt lat="39.266374218939276" lon="118.44181598514162">
        <ele>3.2</ele>
        <time>2026-08-15T23:46:19Z</time>
      </trkpt>
      <trkpt lat="39.26637566124662" lon="118.44183931409239">
        <ele>3.2</ele>
        <time>2026-08-15T23:46:20Z</time>
      </trkpt>
      <trkpt lat="39.26637721871758" lon="118.44186751527928">
        <ele>3.2</ele>
        <time>2026-08-15T23:46:21Z</time>
      </trkpt>
      <trkpt lat="39.26637861701714" lon="118.4418953641998">
        <ele>3.2</ele>
        <time>2026-08-15T23:46:22Z</time>
      </trkpt>
      <trkpt lat="39.26638002727039" lon="118.44192680758135">
        <ele>3.2</ele>
        <time>2026-08-15T23:46:23Z</time>
      </trkpt>
      <trkpt lat="39.266381110822806" lon="118.44195375819736">
        <ele>3.2</ele>
        <time>2026-08-15T23:46:24Z</time>
      </trkpt>
      <trkpt lat="39.26638208724938" lon="118.44198084991204">
        <ele>3.2</ele>
        <time>2026-08-15T23:46:25Z</time>
      </trkpt>
      <trkpt lat="39.266383007448454" lon="118.4420084453945">
        <ele>3.2</ele>
        <time>2026-08-15T23:46:26Z</time>
      </trkpt>
      <trkpt lat="39.266383876543706" lon="118.44203614535195">
        <ele>3.2</ele>
        <time>2026-08-15T23:46:27Z</time>
      </trkpt>
      <trkpt lat="39.26638487429903" lon="118.44206733382438">
        <ele>3.2</ele>
        <time>2026-08-15T23:46:28Z</time>
      </trkpt>
      <trkpt lat="39.26638568283324" lon="118.44209440430042">
        <ele>3.2</ele>
        <time>2026-08-15T23:46:29Z</time>
      </trkpt>
      <trkpt lat="39.2663864863815" lon="118.44212117497715">
        <ele>3.2</ele>
        <time>2026-08-15T23:46:30Z</time>
      </trkpt>
      <trkpt lat="39.26638729670633" lon="118.44214790667989">
        <ele>3.2</ele>
        <time>2026-08-15T23:46:31Z</time>
      </trkpt>
      <trkpt lat="39.26638809167576" lon="118.44217379412628">
        <ele>3.2</ele>
        <time>2026-08-15T23:46:32Z</time>
      </trkpt>
      <trkpt lat="39.26638894750576" lon="118.44219982473653">
        <ele>3.2</ele>
        <time>2026-08-15T23:46:33Z</time>
      </trkpt>
      <trkpt lat="39.266389705909305" lon="118.44222220252792">
        <ele>3.2</ele>
        <time>2026-08-15T23:46:34Z</time>
      </trkpt>
      <trkpt lat="39.26639070412651" lon="118.44224866526478">
        <ele>3.2</ele>
        <time>2026-08-15T23:46:35Z</time>
      </trkpt>
      <trkpt lat="39.26639174973134" lon="118.44227484050703">
        <ele>3.2</ele>
        <time>2026-08-15T23:46:36Z</time>
      </trkpt>
      <trkpt lat="39.26639289010917" lon="118.44230081749181">
        <ele>3.2</ele>
        <time>2026-08-15T23:46:37Z</time>
      </trkpt>
      <trkpt lat="39.26639413910774" lon="118.44232663033365">
        <ele>3.2</ele>
        <time>2026-08-15T23:46:38Z</time>
      </trkpt>
      <trkpt lat="39.266395518850366" lon="118.4423524131739">
        <ele>3.2</ele>
        <time>2026-08-15T23:46:39Z</time>
      </trkpt>
      <trkpt lat="39.26639699648831" lon="118.4423779149571">
        <ele>3.2</ele>
        <time>2026-08-15T23:46:40Z</time>
      </trkpt>
      <trkpt lat="39.26639858238257" lon="118.44240390220162">
        <ele>3.2</ele>
        <time>2026-08-15T23:46:41Z</time>
      </trkpt>
      <trkpt lat="39.26640019579042" lon="118.44242956950825">
        <ele>3.2</ele>
        <time>2026-08-15T23:46:42Z</time>
      </trkpt>
      <trkpt lat="39.26640197838288" lon="118.44245864349911">
        <ele>3.2</ele>
        <time>2026-08-15T23:46:43Z</time>
      </trkpt>
      <trkpt lat="39.266403577540785" lon="118.44248349459167">
        <ele>3.2</ele>
        <time>2026-08-15T23:46:44Z</time>
      </trkpt>
      <trkpt lat="39.26640516498077" lon="118.44250846637127">
        <ele>3.2</ele>
        <time>2026-08-15T23:46:45Z</time>
      </trkpt>
      <trkpt lat="39.26640673114982" lon="118.44253429831501">
        <ele>3.2</ele>
        <time>2026-08-15T23:46:46Z</time>
      </trkpt>
      <trkpt lat="39.26640821512237" lon="118.44256011396604">
        <ele>3.2</ele>
        <time>2026-08-15T23:46:47Z</time>
      </trkpt>
      <trkpt lat="39.266409812649314" lon="118.4425906016938">
        <ele>3.2</ele>
        <time>2026-08-15T23:46:48Z</time>
      </trkpt>
      <trkpt lat="39.26641112457802" lon="118.44261684962355">
        <ele>3.2</ele>
        <time>2026-08-15T23:46:49Z</time>
      </trkpt>
      <trkpt lat="39.26641250394662" lon="118.44264695392643">
        <ele>3.2</ele>
        <time>2026-08-15T23:46:50Z</time>
      </trkpt>
      <trkpt lat="39.26641359479526" lon="118.44267261912073">
        <ele>3.2</ele>
        <time>2026-08-15T23:46:51Z</time>
      </trkpt>
      <trkpt lat="39.266414615932995" lon="118.44269844654364">
        <ele>3.2</ele>
        <time>2026-08-15T23:46:52Z</time>
      </trkpt>
      <trkpt lat="39.26641558278702" lon="118.4427250040936">
        <ele>3.2</ele>
        <time>2026-08-15T23:46:53Z</time>
      </trkpt>
      <trkpt lat="39.26641646619728" lon="118.44275162153238">
        <ele>3.2</ele>
        <time>2026-08-15T23:46:54Z</time>
      </trkpt>
      <trkpt lat="39.26641742801636" lon="118.44278215224305">
        <ele>3.2</ele>
        <time>2026-08-15T23:46:55Z</time>
      </trkpt>
      <trkpt lat="39.26641815240123" lon="118.44280870823196">
        <ele>3.2</ele>
        <time>2026-08-15T23:46:56Z</time>
      </trkpt>
      <trkpt lat="39.26641881709499" lon="118.4428356384225">
        <ele>3.2</ele>
        <time>2026-08-15T23:46:57Z</time>
      </trkpt>
      <trkpt lat="39.26641939559464" lon="118.44286245367331">
        <ele>3.2</ele>
        <time>2026-08-15T23:46:58Z</time>
      </trkpt>
      <trkpt lat="39.266419894113014" lon="118.44288922575089">
        <ele>3.2</ele>
        <time>2026-08-15T23:46:59Z</time>
      </trkpt>
      <trkpt lat="39.26642032608304" lon="118.4429158248836">
        <ele>3.2</ele>
        <time>2026-08-15T23:47:00Z</time>
      </trkpt>
      <trkpt lat="39.26642073191156" lon="118.44294296521628">
        <ele>3.2</ele>
        <time>2026-08-15T23:47:01Z</time>
      </trkpt>
      <trkpt lat="39.26642109521973" lon="118.44296967105436">
        <ele>3.1</ele>
        <time>2026-08-15T23:47:02Z</time>
      </trkpt>
      <trkpt lat="39.26642160770129" lon="118.44299960429072">
        <ele>3.1</ele>
        <time>2026-08-15T23:47:03Z</time>
      </trkpt>
      <trkpt lat="39.26642200054326" lon="118.44302449792148">
        <ele>3.1</ele>
        <time>2026-08-15T23:47:04Z</time>
      </trkpt>
      <trkpt lat="39.26642250353219" lon="118.44304899836106">
        <ele>3.1</ele>
        <time>2026-08-15T23:47:05Z</time>
      </trkpt>
      <trkpt lat="39.26642302110645" lon="118.44307029629492">
        <ele>3.1</ele>
        <time>2026-08-15T23:47:06Z</time>
      </trkpt>
      <trkpt lat="39.266423721748566" lon="118.44309239611466">
        <ele>3.1</ele>
        <time>2026-08-15T23:47:07Z</time>
      </trkpt>
      <trkpt lat="39.266424782072335" lon="118.4431192892621">
        <ele>3.1</ele>
        <time>2026-08-15T23:47:08Z</time>
      </trkpt>
      <trkpt lat="39.266425968228" lon="118.44314586110876">
        <ele>3.1</ele>
        <time>2026-08-15T23:47:09Z</time>
      </trkpt>
      <trkpt lat="39.266427413735855" lon="118.44317593945667">
        <ele>3.1</ele>
        <time>2026-08-15T23:47:10Z</time>
      </trkpt>
      <trkpt lat="39.26642874379103" lon="118.44320200228037">
        <ele>3.1</ele>
        <time>2026-08-15T23:47:11Z</time>
      </trkpt>
      <trkpt lat="39.26643012296971" lon="118.44322847530879">
        <ele>3.1</ele>
        <time>2026-08-15T23:47:12Z</time>
      </trkpt>
      <trkpt lat="39.2664315022219" lon="118.44325513800194">
        <ele>3.1</ele>
        <time>2026-08-15T23:47:13Z</time>
      </trkpt>
      <trkpt lat="39.266432890293395" lon="118.44328209625809">
        <ele>3.1</ele>
        <time>2026-08-15T23:47:14Z</time>
      </trkpt>
      <trkpt lat="39.26643428261003" lon="118.44330923547042">
        <ele>3.1</ele>
        <time>2026-08-15T23:47:15Z</time>
      </trkpt>
      <trkpt lat="39.266435737149756" lon="118.44333711385808">
        <ele>3.1</ele>
        <time>2026-08-15T23:47:16Z</time>
      </trkpt>
      <trkpt lat="39.266437203551426" lon="118.44336461247937">
        <ele>3.1</ele>
        <time>2026-08-15T23:47:17Z</time>
      </trkpt>
      <trkpt lat="39.26643883573993" lon="118.44339563602605">
        <ele>3.1</ele>
        <time>2026-08-15T23:47:18Z</time>
      </trkpt>
      <trkpt lat="39.2664402025506" lon="118.44342183605951">
        <ele>3.1</ele>
        <time>2026-08-15T23:47:19Z</time>
      </trkpt>
      <trkpt lat="39.26644148558104" lon="118.44344800522846">
        <ele>3.1</ele>
        <time>2026-08-15T23:47:20Z</time>
      </trkpt>
      <trkpt lat="39.26644252399831" lon="118.4434708003569">
        <ele>3.1</ele>
        <time>2026-08-15T23:47:21Z</time>
      </trkpt>
      <trkpt lat="39.266443544423026" lon="118.44349455905115">
        <ele>3.1</ele>
        <time>2026-08-15T23:47:22Z</time>
      </trkpt>
      <trkpt lat="39.26644475145855" lon="118.4435229263356">
        <ele>3.1</ele>
        <time>2026-08-15T23:47:23Z</time>
      </trkpt>
      <trkpt lat="39.26644596649381" lon="118.44355099190402">
        <ele>3.1</ele>
        <time>2026-08-15T23:47:24Z</time>
      </trkpt>
      <trkpt lat="39.26644739526849" lon="118.4435821489292">
        <ele>3.1</ele>
        <time>2026-08-15T23:47:25Z</time>
      </trkpt>
      <trkpt lat="39.26644873953998" lon="118.44360908177657">
        <ele>3.1</ele>
        <time>2026-08-15T23:47:26Z</time>
      </trkpt>
      <trkpt lat="39.266450217753416" lon="118.44363592352526">
        <ele>3.1</ele>
        <time>2026-08-15T23:47:27Z</time>
      </trkpt>
      <trkpt lat="39.26645190166287" lon="118.44366369247918">
        <ele>3.1</ele>
        <time>2026-08-15T23:47:28Z</time>
      </trkpt>
      <trkpt lat="39.26645369879258" lon="118.4436911172283">
        <ele>3.1</ele>
        <time>2026-08-15T23:47:29Z</time>
      </trkpt>
      <trkpt lat="39.26645575111892" lon="118.44372229770293">
        <ele>3.1</ele>
        <time>2026-08-15T23:47:30Z</time>
      </trkpt>
      <trkpt lat="39.266457585116186" lon="118.44374906242496">
        <ele>3.1</ele>
        <time>2026-08-15T23:47:31Z</time>
      </trkpt>
      <trkpt lat="39.266459370673665" lon="118.44377585046882">
        <ele>3.1</ele>
        <time>2026-08-15T23:47:32Z</time>
      </trkpt>
      <trkpt lat="39.26646111935428" lon="118.44380284858075">
        <ele>3.1</ele>
        <time>2026-08-15T23:47:33Z</time>
      </trkpt>
      <trkpt lat="39.26646278676199" lon="118.44382902626803">
        <ele>3.1</ele>
        <time>2026-08-15T23:47:34Z</time>
      </trkpt>
      <trkpt lat="39.26646460620434" lon="118.44385637770982">
        <ele>3.1</ele>
        <time>2026-08-15T23:47:35Z</time>
      </trkpt>
      <trkpt lat="39.26646617619626" lon="118.44387780068277">
        <ele>3.1</ele>
        <time>2026-08-15T23:47:36Z</time>
      </trkpt>
      <trkpt lat="39.26646824960564" lon="118.44390023516964">
        <ele>3.1</ele>
        <time>2026-08-15T23:47:37Z</time>
      </trkpt>
      <trkpt lat="39.26646991267503" lon="118.44392193417927">
        <ele>3.1</ele>
        <time>2026-08-15T23:47:38Z</time>
      </trkpt>
      <trkpt lat="39.26647137128291" lon="118.44394554991266">
        <ele>3.1</ele>
        <time>2026-08-15T23:47:39Z</time>
      </trkpt>
      <trkpt lat="39.26647229533996" lon="118.44397299990476">
        <ele>3.1</ele>
        <time>2026-08-15T23:47:40Z</time>
      </trkpt>
      <trkpt lat="39.26647321471457" lon="118.44399969156747">
        <ele>3.1</ele>
        <time>2026-08-15T23:47:41Z</time>
      </trkpt>
      <trkpt lat="39.266474274986045" lon="118.44402982944594">
        <ele>3</ele>
        <time>2026-08-15T23:47:42Z</time>
      </trkpt>
      <trkpt lat="39.26647514639643" lon="118.44405548116157">
        <ele>3</ele>
        <time>2026-08-15T23:47:43Z</time>
      </trkpt>
      <trkpt lat="39.26647599627066" lon="118.44408108026883">
        <ele>3</ele>
        <time>2026-08-15T23:47:44Z</time>
      </trkpt>
      <trkpt lat="39.26647684778659" lon="118.44410664348499">
        <ele>3</ele>
        <time>2026-08-15T23:47:45Z</time>
      </trkpt>
      <trkpt lat="39.26647771359107" lon="118.44413219450134">
        <ele>3</ele>
        <time>2026-08-15T23:47:46Z</time>
      </trkpt>
      <trkpt lat="39.26647863760979" lon="118.44415782609195">
        <ele>3.1</ele>
        <time>2026-08-15T23:47:47Z</time>
      </trkpt>
      <trkpt lat="39.26647962273557" lon="118.44418341075163">
        <ele>3.1</ele>
        <time>2026-08-15T23:47:48Z</time>
      </trkpt>
      <trkpt lat="39.26648069780357" lon="118.44420919028855">
        <ele>3.1</ele>
        <time>2026-08-15T23:47:49Z</time>
      </trkpt>
      <trkpt lat="39.2664818735515" lon="118.44423509031245">
        <ele>3.1</ele>
        <time>2026-08-15T23:47:50Z</time>
      </trkpt>
      <trkpt lat="39.266483179345535" lon="118.44426118359031">
        <ele>3.1</ele>
        <time>2026-08-15T23:47:51Z</time>
      </trkpt>
      <trkpt lat="39.26648458666402" lon="118.44428694476012">
        <ele>3.1</ele>
        <time>2026-08-15T23:47:52Z</time>
      </trkpt>
      <trkpt lat="39.26648608303211" lon="118.44431316922429">
        <ele>3.1</ele>
        <time>2026-08-15T23:47:53Z</time>
      </trkpt>
      <trkpt lat="39.26648745466596" lon="118.44433611140073">
        <ele>3.1</ele>
        <time>2026-08-15T23:47:54Z</time>
      </trkpt>
      <trkpt lat="39.266488980147614" lon="118.44436349179303">
        <ele>3.1</ele>
        <time>2026-08-15T23:47:55Z</time>
      </trkpt>
      <trkpt lat="39.26649046233954" lon="118.44439098570497">
        <ele>3.1</ele>
        <time>2026-08-15T23:47:56Z</time>
      </trkpt>
      <trkpt lat="39.266491921176495" lon="118.44441855336343">
        <ele>3.1</ele>
        <time>2026-08-15T23:47:57Z</time>
      </trkpt>
      <trkpt lat="39.26649343131565" lon="118.44444676952882">
        <ele>3.1</ele>
        <time>2026-08-15T23:47:58Z</time>
      </trkpt>
      <trkpt lat="39.2664949732846" lon="118.44447477355767">
        <ele>3.1</ele>
        <time>2026-08-15T23:47:59Z</time>
      </trkpt>
      <trkpt lat="39.266496670099954" lon="118.44450622219647">
        <ele>3.1</ele>
        <time>2026-08-15T23:48:00Z</time>
      </trkpt>
      <trkpt lat="39.26649812313632" lon="118.4445332687126">
        <ele>3.1</ele>
        <time>2026-08-15T23:48:01Z</time>
      </trkpt>
      <trkpt lat="39.26649946812645" lon="118.44456025770548">
        <ele>3</ele>
        <time>2026-08-15T23:48:02Z</time>
      </trkpt>
      <trkpt lat="39.26650069530264" lon="118.44458712320862">
        <ele>3</ele>
        <time>2026-08-15T23:48:03Z</time>
      </trkpt>
      <trkpt lat="39.26650180640927" lon="118.44461391080553">
        <ele>3</ele>
        <time>2026-08-15T23:48:04Z</time>
      </trkpt>
      <trkpt lat="39.26650283502797" lon="118.44464051443947">
        <ele>3</ele>
        <time>2026-08-15T23:48:05Z</time>
      </trkpt>
      <trkpt lat="39.26650383242222" lon="118.44466755067363">
        <ele>3</ele>
        <time>2026-08-15T23:48:06Z</time>
      </trkpt>
      <trkpt lat="39.266504789875945" lon="118.44469411682019">
        <ele>2.9</ele>
        <time>2026-08-15T23:48:07Z</time>
      </trkpt>
      <trkpt lat="39.26650588222944" lon="118.44472452670884">
        <ele>2.9</ele>
        <time>2026-08-15T23:48:08Z</time>
      </trkpt>
      <trkpt lat="39.26650675101526" lon="118.44475022120706">
        <ele>2.9</ele>
        <time>2026-08-15T23:48:09Z</time>
      </trkpt>
      <trkpt lat="39.26650774291267" lon="118.44477938537321">
        <ele>2.9</ele>
        <time>2026-08-15T23:48:10Z</time>
      </trkpt>
      <trkpt lat="39.266508558875984" lon="118.44480423296146">
        <ele>2.9</ele>
        <time>2026-08-15T23:48:11Z</time>
      </trkpt>
      <trkpt lat="39.266509412970805" lon="118.44482936693265">
        <ele>2.9</ele>
        <time>2026-08-15T23:48:12Z</time>
      </trkpt>
      <trkpt lat="39.26651031667703" lon="118.44485455090872">
        <ele>2.9</ele>
        <time>2026-08-15T23:48:13Z</time>
      </trkpt>
      <trkpt lat="39.26651128613708" lon="118.44487990236524">
        <ele>2.9</ele>
        <time>2026-08-15T23:48:14Z</time>
      </trkpt>
      <trkpt lat="39.26651230927004" lon="118.44490540813467">
        <ele>2.9</ele>
        <time>2026-08-15T23:48:15Z</time>
      </trkpt>
      <trkpt lat="39.266513366914715" lon="118.44493158738648">
        <ele>2.9</ele>
        <time>2026-08-15T23:48:16Z</time>
      </trkpt>
      <trkpt lat="39.26651438790095" lon="118.44495776735772">
        <ele>3</ele>
        <time>2026-08-15T23:48:17Z</time>
      </trkpt>
      <trkpt lat="39.266515479837" lon="118.44498704253706">
        <ele>3</ele>
        <time>2026-08-15T23:48:18Z</time>
      </trkpt>
      <trkpt lat="39.266516314636554" lon="118.44501156367213">
        <ele>3</ele>
        <time>2026-08-15T23:48:19Z</time>
      </trkpt>
      <trkpt lat="39.26651697637011" lon="118.44503353160714">
        <ele>3</ele>
        <time>2026-08-15T23:48:20Z</time>
      </trkpt>
      <trkpt lat="39.266517369993196" lon="118.44505423475783">
        <ele>3</ele>
        <time>2026-08-15T23:48:21Z</time>
      </trkpt>
      <trkpt lat="39.26651781472419" lon="118.4450748105786">
        <ele>3</ele>
        <time>2026-08-15T23:48:22Z</time>
      </trkpt>
      <trkpt lat="39.2665184660014" lon="118.44509869761228">
        <ele>3</ele>
        <time>2026-08-15T23:48:23Z</time>
      </trkpt>
      <trkpt lat="39.266519274872486" lon="118.44512124486083">
        <ele>3</ele>
        <time>2026-08-15T23:48:24Z</time>
      </trkpt>
      <trkpt lat="39.26652020573982" lon="118.44514875677004">
        <ele>3</ele>
        <time>2026-08-15T23:48:25Z</time>
      </trkpt>
      <trkpt lat="39.26652104076249" lon="118.44517628903688">
        <ele>3</ele>
        <time>2026-08-15T23:48:26Z</time>
      </trkpt>
      <trkpt lat="39.266521757032784" lon="118.4452036666433">
        <ele>3</ele>
        <time>2026-08-15T23:48:27Z</time>
      </trkpt>
      <trkpt lat="39.266522368263985" lon="118.44523091977652">
        <ele>3</ele>
        <time>2026-08-15T23:48:28Z</time>
      </trkpt>
      <trkpt lat="39.26652289701925" lon="118.4452579245541">
        <ele>3</ele>
        <time>2026-08-15T23:48:29Z</time>
      </trkpt>
      <trkpt lat="39.26652338278481" lon="118.44528474022607">
        <ele>3</ele>
        <time>2026-08-15T23:48:30Z</time>
      </trkpt>
      <trkpt lat="39.266523881335026" lon="118.44531184800788">
        <ele>3</ele>
        <time>2026-08-15T23:48:31Z</time>
      </trkpt>
      <trkpt lat="39.266524415802216" lon="118.44533843053203">
        <ele>3</ele>
        <time>2026-08-15T23:48:32Z</time>
      </trkpt>
      <trkpt lat="39.26652519559318" lon="118.44536829499917">
        <ele>3</ele>
        <time>2026-08-15T23:48:33Z</time>
      </trkpt>
      <trkpt lat="39.2665259741621" lon="118.44539381676806">
        <ele>3</ele>
        <time>2026-08-15T23:48:34Z</time>
      </trkpt>
      <trkpt lat="39.266526922418244" lon="118.44541945200082">
        <ele>3</ele>
        <time>2026-08-15T23:48:35Z</time>
      </trkpt>
      <trkpt lat="39.26652801870354" lon="118.44544551333449">
        <ele>3</ele>
        <time>2026-08-15T23:48:36Z</time>
      </trkpt>
      <trkpt lat="39.26652920919602" lon="118.44547178624559">
        <ele>3</ele>
        <time>2026-08-15T23:48:37Z</time>
      </trkpt>
      <trkpt lat="39.26653046723718" lon="118.44549878428914">
        <ele>3</ele>
        <time>2026-08-15T23:48:38Z</time>
      </trkpt>
      <trkpt lat="39.26653174089624" lon="118.44552596613987">
        <ele>3</ele>
        <time>2026-08-15T23:48:39Z</time>
      </trkpt>
      <trkpt lat="39.26653312118219" lon="118.44555654988608">
        <ele>3</ele>
        <time>2026-08-15T23:48:40Z</time>
      </trkpt>
      <trkpt lat="39.266534428722494" lon="118.44558617814187">
        <ele>3</ele>
        <time>2026-08-15T23:48:41Z</time>
      </trkpt>
      <trkpt lat="39.26653552559662" lon="118.44561167085271">
        <ele>3</ele>
        <time>2026-08-15T23:48:42Z</time>
      </trkpt>
      <trkpt lat="39.2665365865252" lon="118.44563716533865">
        <ele>3</ele>
        <time>2026-08-15T23:48:43Z</time>
      </trkpt>
      <trkpt lat="39.266537621749194" lon="118.44566272123015">
        <ele>3</ele>
        <time>2026-08-15T23:48:44Z</time>
      </trkpt>
      <trkpt lat="39.26653862898456" lon="118.44568809832583">
        <ele>3</ele>
        <time>2026-08-15T23:48:45Z</time>
      </trkpt>
      <trkpt lat="39.26653964778814" lon="118.44571388225356">
        <ele>3</ele>
        <time>2026-08-15T23:48:46Z</time>
      </trkpt>
      <trkpt lat="39.26654065065189" lon="118.44573949882296">
        <ele>3</ele>
        <time>2026-08-15T23:48:47Z</time>
      </trkpt>
      <trkpt lat="39.26654180789886" lon="118.4457686162746">
        <ele>3</ele>
        <time>2026-08-15T23:48:48Z</time>
      </trkpt>
      <trkpt lat="39.26654281579687" lon="118.44579375638436">
        <ele>3</ele>
        <time>2026-08-15T23:48:49Z</time>
      </trkpt>
      <trkpt lat="39.266543840383086" lon="118.4458189914397">
        <ele>3</ele>
        <time>2026-08-15T23:48:50Z</time>
      </trkpt>
      <trkpt lat="39.266544905024354" lon="118.44584499911574">
        <ele>3</ele>
        <time>2026-08-15T23:48:51Z</time>
      </trkpt>
      <trkpt lat="39.26654596351631" lon="118.44587074709547">
        <ele>3</ele>
        <time>2026-08-15T23:48:52Z</time>
      </trkpt>
      <trkpt lat="39.266547231323905" lon="118.44590078225691">
        <ele>3</ele>
        <time>2026-08-15T23:48:53Z</time>
      </trkpt>
      <trkpt lat="39.26654836770803" lon="118.44592667915605">
        <ele>3</ele>
        <time>2026-08-15T23:48:54Z</time>
      </trkpt>
      <trkpt lat="39.266549733766695" lon="118.4459564964606">
        <ele>3</ele>
        <time>2026-08-15T23:48:55Z</time>
      </trkpt>
      <trkpt lat="39.26655098414587" lon="118.44598228212071">
        <ele>3</ele>
        <time>2026-08-15T23:48:56Z</time>
      </trkpt>
      <trkpt lat="39.26655227890415" lon="118.44600830113286">
        <ele>3</ele>
        <time>2026-08-15T23:48:57Z</time>
      </trkpt>
      <trkpt lat="39.2665536167002" lon="118.44603503117688">
        <ele>3</ele>
        <time>2026-08-15T23:48:58Z</time>
      </trkpt>
      <trkpt lat="39.26655493756079" lon="118.4460616076238">
        <ele>3</ele>
        <time>2026-08-15T23:48:59Z</time>
      </trkpt>
      <trkpt lat="39.26655639166266" lon="118.44609160542974">
        <ele>3</ele>
        <time>2026-08-15T23:49:00Z</time>
      </trkpt>
      <trkpt lat="39.26655764170796" lon="118.44611729817973">
        <ele>3</ele>
        <time>2026-08-15T23:49:01Z</time>
      </trkpt>
      <trkpt lat="39.26655889425509" lon="118.44614326970496">
        <ele>3.1</ele>
        <time>2026-08-15T23:49:02Z</time>
      </trkpt>
      <trkpt lat="39.266560148632855" lon="118.44616942102134">
        <ele>3.1</ele>
        <time>2026-08-15T23:49:03Z</time>
      </trkpt>
      <trkpt lat="39.266561378867436" lon="118.44619576171802">
        <ele>3.1</ele>
        <time>2026-08-15T23:49:04Z</time>
      </trkpt>
      <trkpt lat="39.26656256051323" lon="118.44622217316257">
        <ele>3.1</ele>
        <time>2026-08-15T23:49:05Z</time>
      </trkpt>
      <trkpt lat="39.26656371483292" lon="118.44624923267513">
        <ele>3.1</ele>
        <time>2026-08-15T23:49:06Z</time>
      </trkpt>
      <trkpt lat="39.266564825782154" lon="118.44627604178213">
        <ele>3.1</ele>
        <time>2026-08-15T23:49:07Z</time>
      </trkpt>
      <trkpt lat="39.266566101966625" lon="118.44630647418305">
        <ele>3.1</ele>
        <time>2026-08-15T23:49:08Z</time>
      </trkpt>
      <trkpt lat="39.266567210439135" lon="118.44633218231607">
        <ele>3.1</ele>
        <time>2026-08-15T23:49:09Z</time>
      </trkpt>
      <trkpt lat="39.2665683951062" lon="118.44635755919083">
        <ele>3.1</ele>
        <time>2026-08-15T23:49:10Z</time>
      </trkpt>
      <trkpt lat="39.26656956232781" lon="118.44637956102706">
        <ele>3.1</ele>
        <time>2026-08-15T23:49:11Z</time>
      </trkpt>
      <trkpt lat="39.26657091996457" lon="118.44640220302992">
        <ele>3.2</ele>
        <time>2026-08-15T23:49:12Z</time>
      </trkpt>
      <trkpt lat="39.266572629498455" lon="118.44642962035934">
        <ele>3.2</ele>
        <time>2026-08-15T23:49:13Z</time>
      </trkpt>
      <trkpt lat="39.26657441012055" lon="118.44645683958318">
        <ele>3.2</ele>
        <time>2026-08-15T23:49:14Z</time>
      </trkpt>
      <trkpt lat="39.266576361153156" lon="118.44648741643772">
        <ele>3.2</ele>
        <time>2026-08-15T23:49:15Z</time>
      </trkpt>
      <trkpt lat="39.26657810270486" lon="118.44651367124312">
        <ele>3.2</ele>
        <time>2026-08-15T23:49:16Z</time>
      </trkpt>
      <trkpt lat="39.26657981579829" lon="118.44653989149042">
        <ele>3.2</ele>
        <time>2026-08-15T23:49:17Z</time>
      </trkpt>
      <trkpt lat="39.26658149128794" lon="118.44656635127068">
        <ele>3.2</ele>
        <time>2026-08-15T23:49:18Z</time>
      </trkpt>
      <trkpt lat="39.266583103366585" lon="118.44659311140217">
        <ele>3.2</ele>
        <time>2026-08-15T23:49:19Z</time>
      </trkpt>
      <trkpt lat="39.26658460666885" lon="118.44662013740532">
        <ele>3.2</ele>
        <time>2026-08-15T23:49:20Z</time>
      </trkpt>
      <trkpt lat="39.26658599480371" lon="118.44664737441396">
        <ele>3.2</ele>
        <time>2026-08-15T23:49:21Z</time>
      </trkpt>
      <trkpt lat="39.26658725073736" lon="118.44667478353436">
        <ele>3.2</ele>
        <time>2026-08-15T23:49:22Z</time>
      </trkpt>
      <trkpt lat="39.26658838210646" lon="118.44670227033352">
        <ele>3.2</ele>
        <time>2026-08-15T23:49:23Z</time>
      </trkpt>
      <trkpt lat="39.266589407741314" lon="118.44672987817435">
        <ele>3.2</ele>
        <time>2026-08-15T23:49:24Z</time>
      </trkpt>
      <trkpt lat="39.266590359192634" lon="118.4467570031545">
        <ele>3.2</ele>
        <time>2026-08-15T23:49:25Z</time>
      </trkpt>
      <trkpt lat="39.26659132331611" lon="118.44678439723374">
        <ele>3.2</ele>
        <time>2026-08-15T23:49:26Z</time>
      </trkpt>
      <trkpt lat="39.266592144760104" lon="118.44680850746612">
        <ele>3.2</ele>
        <time>2026-08-15T23:49:27Z</time>
      </trkpt>
      <trkpt lat="39.266593147481935" lon="118.44683683401148">
        <ele>3.2</ele>
        <time>2026-08-15T23:49:28Z</time>
      </trkpt>
      <trkpt lat="39.26659412992791" lon="118.44686529999981">
        <ele>3.2</ele>
        <time>2026-08-15T23:49:29Z</time>
      </trkpt>
      <trkpt lat="39.26659507197683" lon="118.44689349448642">
        <ele>3.2</ele>
        <time>2026-08-15T23:49:30Z</time>
      </trkpt>
      <trkpt lat="39.266595999709935" lon="118.44692223289876">
        <ele>3.2</ele>
        <time>2026-08-15T23:49:31Z</time>
      </trkpt>
      <trkpt lat="39.266596861003684" lon="118.44695068549251">
        <ele>3.2</ele>
        <time>2026-08-15T23:49:32Z</time>
      </trkpt>
      <trkpt lat="39.26659780558683" lon="118.4469825565584">
        <ele>3.2</ele>
        <time>2026-08-15T23:49:33Z</time>
      </trkpt>
      <trkpt lat="39.26659849968224" lon="118.44701006137998">
        <ele>3.2</ele>
        <time>2026-08-15T23:49:34Z</time>
      </trkpt>
      <trkpt lat="39.26659915486783" lon="118.44703762832104">
        <ele>3.2</ele>
        <time>2026-08-15T23:49:35Z</time>
      </trkpt>
      <trkpt lat="39.26659978648312" lon="118.44706525706044">
        <ele>3.2</ele>
        <time>2026-08-15T23:49:36Z</time>
      </trkpt>
      <trkpt lat="39.26660040490954" lon="118.44709310040102">
        <ele>3.2</ele>
        <time>2026-08-15T23:49:37Z</time>
      </trkpt>
      <trkpt lat="39.26660102668542" lon="118.44712092471033">
        <ele>3.2</ele>
        <time>2026-08-15T23:49:38Z</time>
      </trkpt>
      <trkpt lat="39.26660171911068" lon="118.4471495839313">
        <ele>3.2</ele>
        <time>2026-08-15T23:49:39Z</time>
      </trkpt>
      <trkpt lat="39.26660249041115" lon="118.44717814334086">
        <ele>3.2</ele>
        <time>2026-08-15T23:49:40Z</time>
      </trkpt>
      <trkpt lat="39.266603576487746" lon="118.44721082844832">
        <ele>3.2</ele>
        <time>2026-08-15T23:49:41Z</time>
      </trkpt>
      <trkpt lat="39.266604631672784" lon="118.44723900099737">
        <ele>3.2</ele>
        <time>2026-08-15T23:49:42Z</time>
      </trkpt>
      <trkpt lat="39.26660602749483" lon="118.44727067463903">
        <ele>3.2</ele>
        <time>2026-08-15T23:49:43Z</time>
      </trkpt>
      <trkpt lat="39.266607418143394" lon="118.44729807443716">
        <ele>3.2</ele>
        <time>2026-08-15T23:49:44Z</time>
      </trkpt>
      <trkpt lat="39.26660898910205" lon="118.44732547128228">
        <ele>3.2</ele>
        <time>2026-08-15T23:49:45Z</time>
      </trkpt>
      <trkpt lat="39.26661074188898" lon="118.44735335678962">
        <ele>3.2</ele>
        <time>2026-08-15T23:49:46Z</time>
      </trkpt>
      <trkpt lat="39.26661258959964" lon="118.44738111435919">
        <ele>3.2</ele>
        <time>2026-08-15T23:49:47Z</time>
      </trkpt>
      <trkpt lat="39.26661465202766" lon="118.44741219966947">
        <ele>3.2</ele>
        <time>2026-08-15T23:49:48Z</time>
      </trkpt>
      <trkpt lat="39.266616542999074" lon="118.44743919833046">
        <ele>3.2</ele>
        <time>2026-08-15T23:49:49Z</time>
      </trkpt>
      <trkpt lat="39.26661841951281" lon="118.4474660227699">
        <ele>3.2</ele>
        <time>2026-08-15T23:49:50Z</time>
      </trkpt>
      <trkpt lat="39.266620336719825" lon="118.44749367320293">
        <ele>3.2</ele>
        <time>2026-08-15T23:49:51Z</time>
      </trkpt>
      <trkpt lat="39.2666222334977" lon="118.44752109512193">
        <ele>3.2</ele>
        <time>2026-08-15T23:49:52Z</time>
      </trkpt>
      <trkpt lat="39.266624311834306" lon="118.44755219478066">
        <ele>3.2</ele>
        <time>2026-08-15T23:49:53Z</time>
      </trkpt>
      <trkpt lat="39.26662616680328" lon="118.44757909874684">
        <ele>3.2</ele>
        <time>2026-08-15T23:49:54Z</time>
      </trkpt>
      <trkpt lat="39.26662801640534" lon="118.44760610760798">
        <ele>3.2</ele>
        <time>2026-08-15T23:49:55Z</time>
      </trkpt>
      <trkpt lat="39.266629883196345" lon="118.44763384735977">
        <ele>3.2</ele>
        <time>2026-08-15T23:49:56Z</time>
      </trkpt>
      <trkpt lat="39.2666317229858" lon="118.4476612073499">
        <ele>3.2</ele>
        <time>2026-08-15T23:49:57Z</time>
      </trkpt>
      <trkpt lat="39.26663372193592" lon="118.44769257959457">
        <ele>3.2</ele>
        <time>2026-08-15T23:49:58Z</time>
      </trkpt>
      <trkpt lat="39.26663545664898" lon="118.44771944169506">
        <ele>3.2</ele>
        <time>2026-08-15T23:49:59Z</time>
      </trkpt>
      <trkpt lat="39.26663730383845" lon="118.4477503250304">
        <ele>3.2</ele>
        <time>2026-08-15T23:50:00Z</time>
      </trkpt>
      <trkpt lat="39.26663886769203" lon="118.44777724371022">
        <ele>3.2</ele>
        <time>2026-08-15T23:50:01Z</time>
      </trkpt>
      <trkpt lat="39.266640343364244" lon="118.44780467142313">
        <ele>3.2</ele>
        <time>2026-08-15T23:50:02Z</time>
      </trkpt>
      <trkpt lat="39.26664173669014" lon="118.44783289704357">
        <ele>3.2</ele>
        <time>2026-08-15T23:50:03Z</time>
      </trkpt>
      <trkpt lat="39.26664303488706" lon="118.44786128751157">
        <ele>3.2</ele>
        <time>2026-08-15T23:50:04Z</time>
      </trkpt>
      <trkpt lat="39.266644426172746" lon="118.44789335445265">
        <ele>3.2</ele>
        <time>2026-08-15T23:50:05Z</time>
      </trkpt>
      <trkpt lat="39.26664558543199" lon="118.44792135887171">
        <ele>3.2</ele>
        <time>2026-08-15T23:50:06Z</time>
      </trkpt>
      <trkpt lat="39.26664674447074" lon="118.44794963927055">
        <ele>3.2</ele>
        <time>2026-08-15T23:50:07Z</time>
      </trkpt>
      <trkpt lat="39.26664792535297" lon="118.44797813281899">
        <ele>3.2</ele>
        <time>2026-08-15T23:50:08Z</time>
      </trkpt>
      <trkpt lat="39.26664913355057" lon="118.44800661678912">
        <ele>3.2</ele>
        <time>2026-08-15T23:50:09Z</time>
      </trkpt>
      <trkpt lat="39.26665034866571" lon="118.44803499608823">
        <ele>3.2</ele>
        <time>2026-08-15T23:50:10Z</time>
      </trkpt>
      <trkpt lat="39.26665151053416" lon="118.44806331371662">
        <ele>3.2</ele>
        <time>2026-08-15T23:50:11Z</time>
      </trkpt>
      <trkpt lat="39.266652535914055" lon="118.44809113537555">
        <ele>3.2</ele>
        <time>2026-08-15T23:50:12Z</time>
      </trkpt>
      <trkpt lat="39.26665342374277" lon="118.44811941255784">
        <ele>3.2</ele>
        <time>2026-08-15T23:50:13Z</time>
      </trkpt>
      <trkpt lat="39.266654026620486" lon="118.4481443006683">
        <ele>3.2</ele>
        <time>2026-08-15T23:50:14Z</time>
      </trkpt>
      <trkpt lat="39.2666547290534" lon="118.44817328366923">
        <ele>3.2</ele>
        <time>2026-08-15T23:50:15Z</time>
      </trkpt>
      <trkpt lat="39.26665539998161" lon="118.44820187429242">
        <ele>3.2</ele>
        <time>2026-08-15T23:50:16Z</time>
      </trkpt>
      <trkpt lat="39.2666560556149" lon="118.44823010702737">
        <ele>3.2</ele>
        <time>2026-08-15T23:50:17Z</time>
      </trkpt>
      <trkpt lat="39.2666567564592" lon="118.44825895886046">
        <ele>3.2</ele>
        <time>2026-08-15T23:50:18Z</time>
      </trkpt>
      <trkpt lat="39.266657462282765" lon="118.44828760347824">
        <ele>3.2</ele>
        <time>2026-08-15T23:50:19Z</time>
      </trkpt>
      <trkpt lat="39.26665834044434" lon="118.44831953900196">
        <ele>3.2</ele>
        <time>2026-08-15T23:50:20Z</time>
      </trkpt>
      <trkpt lat="39.26665905209629" lon="118.44834719464274">
        <ele>3.2</ele>
        <time>2026-08-15T23:50:21Z</time>
      </trkpt>
      <trkpt lat="39.26665977745661" lon="118.4483747035111">
        <ele>3.1</ele>
        <time>2026-08-15T23:50:22Z</time>
      </trkpt>
      <trkpt lat="39.26666055832857" lon="118.44840303750607">
        <ele>3.1</ele>
        <time>2026-08-15T23:50:23Z</time>
      </trkpt>
      <trkpt lat="39.26666131374094" lon="118.44843086457406">
        <ele>3.1</ele>
        <time>2026-08-15T23:50:24Z</time>
      </trkpt>
      <trkpt lat="39.266662231862036" lon="118.44846226668348">
        <ele>3.1</ele>
        <time>2026-08-15T23:50:25Z</time>
      </trkpt>
      <trkpt lat="39.26666296084654" lon="118.44848910852896">
        <ele>3.1</ele>
        <time>2026-08-15T23:50:26Z</time>
      </trkpt>
      <trkpt lat="39.26666374705819" lon="118.44851607209421">
        <ele>3.1</ele>
        <time>2026-08-15T23:50:27Z</time>
      </trkpt>
      <trkpt lat="39.266664624912266" lon="118.44854353529604">
        <ele>3.1</ele>
        <time>2026-08-15T23:50:28Z</time>
      </trkpt>
      <trkpt lat="39.266665571134645" lon="118.44857063451178">
        <ele>3.1</ele>
        <time>2026-08-15T23:50:29Z</time>
      </trkpt>
      <trkpt lat="39.26666680870832" lon="118.44860153411513">
        <ele>3.1</ele>
        <time>2026-08-15T23:50:30Z</time>
      </trkpt>
      <trkpt lat="39.266667979312004" lon="118.4486279448902">
        <ele>3.1</ele>
        <time>2026-08-15T23:50:31Z</time>
      </trkpt>
      <trkpt lat="39.266669468056925" lon="118.44865804130524">
        <ele>3.1</ele>
        <time>2026-08-15T23:50:32Z</time>
      </trkpt>
      <trkpt lat="39.26667090819072" lon="118.44868410859482">
        <ele>3.1</ele>
        <time>2026-08-15T23:50:33Z</time>
      </trkpt>
      <trkpt lat="39.26667250732497" lon="118.44871060318503">
        <ele>3.1</ele>
        <time>2026-08-15T23:50:34Z</time>
      </trkpt>
      <trkpt lat="39.26667428180949" lon="118.44873746961156">
        <ele>3.1</ele>
        <time>2026-08-15T23:50:35Z</time>
      </trkpt>
      <trkpt lat="39.26667624637266" lon="118.44876490832681">
        <ele>3.1</ele>
        <time>2026-08-15T23:50:36Z</time>
      </trkpt>
      <trkpt lat="39.26667838395641" lon="118.44879256840781">
        <ele>3</ele>
        <time>2026-08-15T23:50:37Z</time>
      </trkpt>
      <trkpt lat="39.26668071625995" lon="118.44882100084884">
        <ele>3</ele>
        <time>2026-08-15T23:50:38Z</time>
      </trkpt>
      <trkpt lat="39.266683178194434" lon="118.44884935953105">
        <ele>3</ele>
        <time>2026-08-15T23:50:39Z</time>
      </trkpt>
      <trkpt lat="39.266685903925705" lon="118.44888129773172">
        <ele>3</ele>
        <time>2026-08-15T23:50:40Z</time>
      </trkpt>
      <trkpt lat="39.26668842293983" lon="118.44890896205094">
        <ele>3</ele>
        <time>2026-08-15T23:50:41Z</time>
      </trkpt>
      <trkpt lat="39.26669085951959" lon="118.4489365867616">
        <ele>3.1</ele>
        <time>2026-08-15T23:50:42Z</time>
      </trkpt>
      <trkpt lat="39.26669313697434" lon="118.448964164903">
        <ele>3.1</ele>
        <time>2026-08-15T23:50:43Z</time>
      </trkpt>
      <trkpt lat="39.26669517933542" lon="118.44899113417803">
        <ele>3.1</ele>
        <time>2026-08-15T23:50:44Z</time>
      </trkpt>
      <trkpt lat="39.26669700068157" lon="118.44901814265678">
        <ele>3.1</ele>
        <time>2026-08-15T23:50:45Z</time>
      </trkpt>
      <trkpt lat="39.26669843844968" lon="118.44904152156681">
        <ele>3.1</ele>
        <time>2026-08-15T23:50:46Z</time>
      </trkpt>
      <trkpt lat="39.26669994246256" lon="118.44906921517027">
        <ele>3</ele>
        <time>2026-08-15T23:50:47Z</time>
      </trkpt>
      <trkpt lat="39.26670136808807" lon="118.44909692188449">
        <ele>3</ele>
        <time>2026-08-15T23:50:48Z</time>
      </trkpt>
      <trkpt lat="39.26670276814009" lon="118.44912458449426">
        <ele>3</ele>
        <time>2026-08-15T23:50:49Z</time>
      </trkpt>
      <trkpt lat="39.2667042086465" lon="118.44915301203982">
        <ele>3</ele>
        <time>2026-08-15T23:50:50Z</time>
      </trkpt>
      <trkpt lat="39.26670564954221" lon="118.44918120056205">
        <ele>3</ele>
        <time>2026-08-15T23:50:51Z</time>
      </trkpt>
      <trkpt lat="39.26670727568173" lon="118.44921310563923">
        <ele>3</ele>
        <time>2026-08-15T23:50:52Z</time>
      </trkpt>
      <trkpt lat="39.26670868529187" lon="118.44924086970607">
        <ele>3</ele>
        <time>2026-08-15T23:50:53Z</time>
      </trkpt>
      <trkpt lat="39.2667100601253" lon="118.4492690565748">
        <ele>3</ele>
        <time>2026-08-15T23:50:54Z</time>
      </trkpt>
      <trkpt lat="39.26671138266375" lon="118.44929804104959">
        <ele>3</ele>
        <time>2026-08-15T23:50:55Z</time>
      </trkpt>
      <trkpt lat="39.26671259986079" lon="118.44932686986884">
        <ele>3</ele>
        <time>2026-08-15T23:50:56Z</time>
      </trkpt>
      <trkpt lat="39.266713879747314" lon="118.4493592381505">
        <ele>3.1</ele>
        <time>2026-08-15T23:50:57Z</time>
      </trkpt>
      <trkpt lat="39.26671483056628" lon="118.44938677772514">
        <ele>3.1</ele>
        <time>2026-08-15T23:50:58Z</time>
      </trkpt>
      <trkpt lat="39.26671569997752" lon="118.44941449199683">
        <ele>3.1</ele>
        <time>2026-08-15T23:50:59Z</time>
      </trkpt>
      <trkpt lat="39.266716357199655" lon="118.44943886545491">
        <ele>3.1</ele>
        <time>2026-08-15T23:51:00Z</time>
      </trkpt>
      <trkpt lat="39.26671717414811" lon="118.44946759222722">
        <ele>3.1</ele>
        <time>2026-08-15T23:51:01Z</time>
      </trkpt>
      <trkpt lat="39.26671796354046" lon="118.44949642775391">
        <ele>3.1</ele>
        <time>2026-08-15T23:51:02Z</time>
      </trkpt>
      <trkpt lat="39.266718727665896" lon="118.44952505007385">
        <ele>3.1</ele>
        <time>2026-08-15T23:51:03Z</time>
      </trkpt>
      <trkpt lat="39.266719499140905" lon="118.4495534303674">
        <ele>3.1</ele>
        <time>2026-08-15T23:51:04Z</time>
      </trkpt>
      <trkpt lat="39.26672031087393" lon="118.449581452812">
        <ele>3.1</ele>
        <time>2026-08-15T23:51:05Z</time>
      </trkpt>
      <trkpt lat="39.266721170895636" lon="118.44960939679537">
        <ele>3.1</ele>
        <time>2026-08-15T23:51:06Z</time>
      </trkpt>
      <trkpt lat="39.26672210758294" lon="118.44963788575373">
        <ele>3.1</ele>
        <time>2026-08-15T23:51:07Z</time>
      </trkpt>
      <trkpt lat="39.26672311021776" lon="118.44966629858298">
        <ele>3.1</ele>
        <time>2026-08-15T23:51:08Z</time>
      </trkpt>
      <trkpt lat="39.266724345957044" lon="118.44969826520484">
        <ele>3.1</ele>
        <time>2026-08-15T23:51:09Z</time>
      </trkpt>
      <trkpt lat="39.26672548732886" lon="118.44972585322667">
        <ele>3.1</ele>
        <time>2026-08-15T23:51:10Z</time>
      </trkpt>
      <trkpt lat="39.26672675151363" lon="118.44975319994165">
        <ele>3.1</ele>
        <time>2026-08-15T23:51:11Z</time>
      </trkpt>
      <trkpt lat="39.26672829120734" lon="118.4497807606018">
        <ele>3.1</ele>
        <time>2026-08-15T23:51:12Z</time>
      </trkpt>
      <trkpt lat="39.266730102071136" lon="118.44980637094214">
        <ele>3.1</ele>
        <time>2026-08-15T23:51:13Z</time>
      </trkpt>
      <trkpt lat="39.266732937087795" lon="118.44983513953316">
        <ele>3.1</ele>
        <time>2026-08-15T23:51:14Z</time>
      </trkpt>
      <trkpt lat="39.266736653488415" lon="118.44985955972116">
        <ele>3.1</ele>
        <time>2026-08-15T23:51:15Z</time>
      </trkpt>
      <trkpt lat="39.26674047887833" lon="118.44989058240203">
        <ele>3.1</ele>
        <time>2026-08-15T23:51:16Z</time>
      </trkpt>
      <trkpt lat="39.26674340395101" lon="118.44991924677328">
        <ele>3.2</ele>
        <time>2026-08-15T23:51:17Z</time>
      </trkpt>
      <trkpt lat="39.26674544415775" lon="118.4499524733595">
        <ele>3.2</ele>
        <time>2026-08-15T23:51:18Z</time>
      </trkpt>
      <trkpt lat="39.26674734900364" lon="118.44998171945576">
        <ele>3.2</ele>
        <time>2026-08-15T23:51:19Z</time>
      </trkpt>
      <trkpt lat="39.266749310610614" lon="118.45001106848554">
        <ele>3.2</ele>
        <time>2026-08-15T23:51:20Z</time>
      </trkpt>
      <trkpt lat="39.266751334043015" lon="118.45004102962713">
        <ele>3.2</ele>
        <time>2026-08-15T23:51:21Z</time>
      </trkpt>
      <trkpt lat="39.26675333837214" lon="118.4500707653548">
        <ele>3.1</ele>
        <time>2026-08-15T23:51:22Z</time>
      </trkpt>
      <trkpt lat="39.26675548608165" lon="118.4501039148593">
        <ele>3.1</ele>
        <time>2026-08-15T23:51:23Z</time>
      </trkpt>
      <trkpt lat="39.26675736560093" lon="118.45013274630415">
        <ele>3.1</ele>
        <time>2026-08-15T23:51:24Z</time>
      </trkpt>
      <trkpt lat="39.26675918023427" lon="118.45016129548898">
        <ele>3.1</ele>
        <time>2026-08-15T23:51:25Z</time>
      </trkpt>
      <trkpt lat="39.26676094931745" lon="118.45019027306357">
        <ele>3.1</ele>
        <time>2026-08-15T23:51:26Z</time>
      </trkpt>
      <trkpt lat="39.26676262898977" lon="118.45021879389253">
        <ele>3.1</ele>
        <time>2026-08-15T23:51:27Z</time>
      </trkpt>
      <trkpt lat="39.26676436600051" lon="118.45025065392727">
        <ele>3.1</ele>
        <time>2026-08-15T23:51:28Z</time>
      </trkpt>
      <trkpt lat="39.26676576856472" lon="118.45027796477662">
        <ele>3.1</ele>
        <time>2026-08-15T23:51:29Z</time>
      </trkpt>
      <trkpt lat="39.266767070061825" lon="118.45030562957763">
        <ele>3.1</ele>
        <time>2026-08-15T23:51:30Z</time>
      </trkpt>
      <trkpt lat="39.26676828717214" lon="118.45033374190086">
        <ele>3.1</ele>
        <time>2026-08-15T23:51:31Z</time>
      </trkpt>
      <trkpt lat="39.26676957089931" lon="118.45036492240686">
        <ele>3</ele>
        <time>2026-08-15T23:51:32Z</time>
      </trkpt>
      <trkpt lat="39.266770760945825" lon="118.45039511681262">
        <ele>3</ele>
        <time>2026-08-15T23:51:33Z</time>
      </trkpt>
      <trkpt lat="39.26677173432008" lon="118.4504209090188">
        <ele>3</ele>
        <time>2026-08-15T23:51:34Z</time>
      </trkpt>
      <trkpt lat="39.26677271208082" lon="118.45044679376863">
        <ele>3</ele>
        <time>2026-08-15T23:51:35Z</time>
      </trkpt>
      <trkpt lat="39.2667737075555" lon="118.45047261101598">
        <ele>3</ele>
        <time>2026-08-15T23:51:36Z</time>
      </trkpt>
      <trkpt lat="39.26677468699857" lon="118.4504981655818">
        <ele>3</ele>
        <time>2026-08-15T23:51:37Z</time>
      </trkpt>
      <trkpt lat="39.26677566107911" lon="118.45052424094845">
        <ele>3</ele>
        <time>2026-08-15T23:51:38Z</time>
      </trkpt>
      <trkpt lat="39.26677659313134" lon="118.4505501855052">
        <ele>3</ele>
        <time>2026-08-15T23:51:39Z</time>
      </trkpt>
      <trkpt lat="39.266777632456105" lon="118.4505794577976">
        <ele>3</ele>
        <time>2026-08-15T23:51:40Z</time>
      </trkpt>
      <trkpt lat="39.26677844005986" lon="118.45060418239318">
        <ele>3</ele>
        <time>2026-08-15T23:51:41Z</time>
      </trkpt>
      <trkpt lat="39.26677921932802" lon="118.45062890949187">
        <ele>3</ele>
        <time>2026-08-15T23:51:42Z</time>
      </trkpt>
      <trkpt lat="39.26678000609336" lon="118.45065402720743">
        <ele>3</ele>
        <time>2026-08-15T23:51:43Z</time>
      </trkpt>
      <trkpt lat="39.266780833082365" lon="118.45067983281386">
        <ele>3</ele>
        <time>2026-08-15T23:51:44Z</time>
      </trkpt>
      <trkpt lat="39.26678171095088" lon="118.45070656866626">
        <ele>3</ele>
        <time>2026-08-15T23:51:45Z</time>
      </trkpt>
      <trkpt lat="39.26678261984304" lon="118.45073417525606">
        <ele>3</ele>
        <time>2026-08-15T23:51:46Z</time>
      </trkpt>
      <trkpt lat="39.26678363810707" lon="118.45076503068243">
        <ele>3</ele>
        <time>2026-08-15T23:51:47Z</time>
      </trkpt>
      <trkpt lat="39.266784608379616" lon="118.45079542889006">
        <ele>3</ele>
        <time>2026-08-15T23:51:48Z</time>
      </trkpt>
      <trkpt lat="39.26678539006126" lon="118.4508214908649">
        <ele>3</ele>
        <time>2026-08-15T23:51:49Z</time>
      </trkpt>
      <trkpt lat="39.2667862145509" lon="118.45084781361867">
        <ele>3</ele>
        <time>2026-08-15T23:51:50Z</time>
      </trkpt>
      <trkpt lat="39.26678709120965" lon="118.45087427284051">
        <ele>3</ele>
        <time>2026-08-15T23:51:51Z</time>
      </trkpt>
      <trkpt lat="39.26678802368998" lon="118.45090121507539">
        <ele>2.9</ele>
        <time>2026-08-15T23:51:52Z</time>
      </trkpt>
      <trkpt lat="39.266789000582314" lon="118.45092895862709">
        <ele>2.9</ele>
        <time>2026-08-15T23:51:53Z</time>
      </trkpt>
      <trkpt lat="39.266789983624015" lon="118.45095669861047">
        <ele>2.9</ele>
        <time>2026-08-15T23:51:54Z</time>
      </trkpt>
      <trkpt lat="39.26679112129728" lon="118.45098797924065">
        <ele>2.9</ele>
        <time>2026-08-15T23:51:55Z</time>
      </trkpt>
      <trkpt lat="39.26679210381019" lon="118.45101526297404">
        <ele>2.9</ele>
        <time>2026-08-15T23:51:56Z</time>
      </trkpt>
      <trkpt lat="39.266793119161754" lon="118.45104288537416">
        <ele>2.9</ele>
        <time>2026-08-15T23:51:57Z</time>
      </trkpt>
      <trkpt lat="39.26679417774813" lon="118.45107078625718">
        <ele>2.9</ele>
        <time>2026-08-15T23:51:58Z</time>
      </trkpt>
      <trkpt lat="39.266795376475066" lon="118.45109880594512">
        <ele>2.9</ele>
        <time>2026-08-15T23:51:59Z</time>
      </trkpt>
      <trkpt lat="39.26679666568886" lon="118.45112712076717">
        <ele>2.9</ele>
        <time>2026-08-15T23:52:00Z</time>
      </trkpt>
      <trkpt lat="39.26679842816751" lon="118.45115508607614">
        <ele>2.9</ele>
        <time>2026-08-15T23:52:01Z</time>
      </trkpt>
      <trkpt lat="39.26680018946805" lon="118.451183243144">
        <ele>2.9</ele>
        <time>2026-08-15T23:52:02Z</time>
      </trkpt>
      <trkpt lat="39.26680166667523" lon="118.45121179217722">
        <ele>2.9</ele>
        <time>2026-08-15T23:52:03Z</time>
      </trkpt>
      <trkpt lat="39.26680210190779" lon="118.45123715395916">
        <ele>2.9</ele>
        <time>2026-08-15T23:52:04Z</time>
      </trkpt>
      <trkpt lat="39.26680177583868" lon="118.45126508996599">
        <ele>2.9</ele>
        <time>2026-08-15T23:52:05Z</time>
      </trkpt>
      <trkpt lat="39.26680068704014" lon="118.45129240150719">
        <ele>2.9</ele>
        <time>2026-08-15T23:52:06Z</time>
      </trkpt>
      <trkpt lat="39.26679931414033" lon="118.45131947235646">
        <ele>3</ele>
        <time>2026-08-15T23:52:07Z</time>
      </trkpt>
      <trkpt lat="39.266798002508025" lon="118.45134689055175">
        <ele>3</ele>
        <time>2026-08-15T23:52:08Z</time>
      </trkpt>
      <trkpt lat="39.266797320431415" lon="118.45137398809275">
        <ele>3</ele>
        <time>2026-08-15T23:52:09Z</time>
      </trkpt>
      <trkpt lat="39.26679706210344" lon="118.45140377158994">
        <ele>3</ele>
        <time>2026-08-15T23:52:10Z</time>
      </trkpt>
      <trkpt lat="39.26679742638786" lon="118.4514305726953">
        <ele>3</ele>
        <time>2026-08-15T23:52:11Z</time>
      </trkpt>
      <trkpt lat="39.26679817799604" lon="118.45145772725196">
        <ele>3</ele>
        <time>2026-08-15T23:52:12Z</time>
      </trkpt>
      <trkpt lat="39.26679957861246" lon="118.45148485624807">
        <ele>3</ele>
        <time>2026-08-15T23:52:13Z</time>
      </trkpt>
      <trkpt lat="39.26680111157916" lon="118.45151164594925">
        <ele>3</ele>
        <time>2026-08-15T23:52:14Z</time>
      </trkpt>
      <trkpt lat="39.26680263879324" lon="118.45153812551334">
        <ele>3</ele>
        <time>2026-08-15T23:52:15Z</time>
      </trkpt>
      <trkpt lat="39.26680418906164" lon="118.45156524866448">
        <ele>3</ele>
        <time>2026-08-15T23:52:16Z</time>
      </trkpt>
      <trkpt lat="39.266805813300635" lon="118.4515919214953">
        <ele>3</ele>
        <time>2026-08-15T23:52:17Z</time>
      </trkpt>
      <trkpt lat="39.26680773636054" lon="118.45162139040156">
        <ele>3</ele>
        <time>2026-08-15T23:52:18Z</time>
      </trkpt>
      <trkpt lat="39.2668094629807" lon="118.4516467088465">
        <ele>3</ele>
        <time>2026-08-15T23:52:19Z</time>
      </trkpt>
      <trkpt lat="39.26681154691871" lon="118.45167491215791">
        <ele>3</ele>
        <time>2026-08-15T23:52:20Z</time>
      </trkpt>
      <trkpt lat="39.26681386849224" lon="118.45170008730142">
        <ele>3</ele>
        <time>2026-08-15T23:52:21Z</time>
      </trkpt>
      <trkpt lat="39.266816501062785" lon="118.45172568963913">
        <ele>2.9</ele>
        <time>2026-08-15T23:52:22Z</time>
      </trkpt>
      <trkpt lat="39.266819230308435" lon="118.4517513680648">
        <ele>2.9</ele>
        <time>2026-08-15T23:52:23Z</time>
      </trkpt>
      <trkpt lat="39.26682174308307" lon="118.45177722689131">
        <ele>2.9</ele>
        <time>2026-08-15T23:52:24Z</time>
      </trkpt>
      <trkpt lat="39.266823883505985" lon="118.45180324400364">
        <ele>2.9</ele>
        <time>2026-08-15T23:52:25Z</time>
      </trkpt>
      <trkpt lat="39.26682556562931" lon="118.45182923329094">
        <ele>2.9</ele>
        <time>2026-08-15T23:52:26Z</time>
      </trkpt>
      <trkpt lat="39.266826882985214" lon="118.45185509304147">
        <ele>2.9</ele>
        <time>2026-08-15T23:52:27Z</time>
      </trkpt>
      <trkpt lat="39.26682816687598" lon="118.4518807191305">
        <ele>2.9</ele>
        <time>2026-08-15T23:52:28Z</time>
      </trkpt>
      <trkpt lat="39.26682927172991" lon="118.45190661462722">
        <ele>2.9</ele>
        <time>2026-08-15T23:52:29Z</time>
      </trkpt>
      <trkpt lat="39.26683032037872" lon="118.45193191949869">
        <ele>2.9</ele>
        <time>2026-08-15T23:52:30Z</time>
      </trkpt>
      <trkpt lat="39.26683135153702" lon="118.45196122456967">
        <ele>2.9</ele>
        <time>2026-08-15T23:52:31Z</time>
      </trkpt>
      <trkpt lat="39.26683223827318" lon="118.45198725154268">
        <ele>2.9</ele>
        <time>2026-08-15T23:52:32Z</time>
      </trkpt>
      <trkpt lat="39.26683306206919" lon="118.45201378185789">
        <ele>2.9</ele>
        <time>2026-08-15T23:52:33Z</time>
      </trkpt>
      <trkpt lat="39.2668336791634" lon="118.45203721032212">
        <ele>2.9</ele>
        <time>2026-08-15T23:52:34Z</time>
      </trkpt>
      <trkpt lat="39.266834243852074" lon="118.45206153880726">
        <ele>2.9</ele>
        <time>2026-08-15T23:52:35Z</time>
      </trkpt>
      <trkpt lat="39.266834916541065" lon="118.45209067252311">
        <ele>2.9</ele>
        <time>2026-08-15T23:52:36Z</time>
      </trkpt>
      <trkpt lat="39.266835519185726" lon="118.45211937772389">
        <ele>2.9</ele>
        <time>2026-08-15T23:52:37Z</time>
      </trkpt>
      <trkpt lat="39.266836205848925" lon="118.45215137283978">
        <ele>2.9</ele>
        <time>2026-08-15T23:52:38Z</time>
      </trkpt>
      <trkpt lat="39.266836709087045" lon="118.45217888269683">
        <ele>2.9</ele>
        <time>2026-08-15T23:52:39Z</time>
      </trkpt>
      <trkpt lat="39.26683720365636" lon="118.45220627516544">
        <ele>2.9</ele>
        <time>2026-08-15T23:52:40Z</time>
      </trkpt>
      <trkpt lat="39.266837705529674" lon="118.45223350731014">
        <ele>2.9</ele>
        <time>2026-08-15T23:52:41Z</time>
      </trkpt>
      <trkpt lat="39.26683823788451" lon="118.45226055721953">
        <ele>2.9</ele>
        <time>2026-08-15T23:52:42Z</time>
      </trkpt>
      <trkpt lat="39.26683880920477" lon="118.45228743541307">
        <ele>2.9</ele>
        <time>2026-08-15T23:52:43Z</time>
      </trkpt>
      <trkpt lat="39.26683944526475" lon="118.45231416981532">
        <ele>2.9</ele>
        <time>2026-08-15T23:52:44Z</time>
      </trkpt>
      <trkpt lat="39.26684014618157" lon="118.45234089405511">
        <ele>2.9</ele>
        <time>2026-08-15T23:52:45Z</time>
      </trkpt>
      <trkpt lat="39.266840945761125" lon="118.45236756195065">
        <ele>2.9</ele>
        <time>2026-08-15T23:52:46Z</time>
      </trkpt>
      <trkpt lat="39.2668418919846" lon="118.4523948477329">
        <ele>2.8</ele>
        <time>2026-08-15T23:52:47Z</time>
      </trkpt>
      <trkpt lat="39.26684295800345" lon="118.45242190819357">
        <ele>2.8</ele>
        <time>2026-08-15T23:52:48Z</time>
      </trkpt>
      <trkpt lat="39.26684430237767" lon="118.45245309030192">
        <ele>2.8</ele>
        <time>2026-08-15T23:52:49Z</time>
      </trkpt>
      <trkpt lat="39.266845556738005" lon="118.4524798251391">
        <ele>2.8</ele>
        <time>2026-08-15T23:52:50Z</time>
      </trkpt>
      <trkpt lat="39.266847044485225" lon="118.4525102017231">
        <ele>2.8</ele>
        <time>2026-08-15T23:52:51Z</time>
      </trkpt>
      <trkpt lat="39.26684844738291" lon="118.45253644686909">
        <ele>2.8</ele>
        <time>2026-08-15T23:52:52Z</time>
      </trkpt>
      <trkpt lat="39.266849938989125" lon="118.45256287109227">
        <ele>2.8</ele>
        <time>2026-08-15T23:52:53Z</time>
      </trkpt>
      <trkpt lat="39.26685153785202" lon="118.45258995844095">
        <ele>2.8</ele>
        <time>2026-08-15T23:52:54Z</time>
      </trkpt>
      <trkpt lat="39.26685318090333" lon="118.4526170757874">
        <ele>2.8</ele>
        <time>2026-08-15T23:52:55Z</time>
      </trkpt>
      <trkpt lat="39.2668549920105" lon="118.45264764326711">
        <ele>2.8</ele>
        <time>2026-08-15T23:52:56Z</time>
      </trkpt>
      <trkpt lat="39.26685660403351" lon="118.45267408540542">
        <ele>2.8</ele>
        <time>2026-08-15T23:52:57Z</time>
      </trkpt>
      <trkpt lat="39.266858187828895" lon="118.45270035501746">
        <ele>2.8</ele>
        <time>2026-08-15T23:52:58Z</time>
      </trkpt>
      <trkpt lat="39.2668597822104" lon="118.45272668912065">
        <ele>2.8</ele>
        <time>2026-08-15T23:52:59Z</time>
      </trkpt>
      <trkpt lat="39.2668613855924" lon="118.45275296040836">
        <ele>2.8</ele>
        <time>2026-08-15T23:53:00Z</time>
      </trkpt>
      <trkpt lat="39.26686301422474" lon="118.45277953307118">
        <ele>2.8</ele>
        <time>2026-08-15T23:53:01Z</time>
      </trkpt>
      <trkpt lat="39.266864665253415" lon="118.45280679310213">
        <ele>2.8</ele>
        <time>2026-08-15T23:53:02Z</time>
      </trkpt>
      <trkpt lat="39.266866315294564" lon="118.45283406634695">
        <ele>2.8</ele>
        <time>2026-08-15T23:53:03Z</time>
      </trkpt>
      <trkpt lat="39.26686814260823" lon="118.45286537071912">
        <ele>2.8</ele>
        <time>2026-08-15T23:53:04Z</time>
      </trkpt>
      <trkpt lat="39.26686974903386" lon="118.45289231325387">
        <ele>2.8</ele>
        <time>2026-08-15T23:53:05Z</time>
      </trkpt>
      <trkpt lat="39.26687148055264" lon="118.4529225678734">
        <ele>2.8</ele>
        <time>2026-08-15T23:53:06Z</time>
      </trkpt>
      <trkpt lat="39.266872990561545" lon="118.45294852169444">
        <ele>2.8</ele>
        <time>2026-08-15T23:53:07Z</time>
      </trkpt>
      <trkpt lat="39.26687450380098" lon="118.45297450949498">
        <ele>2.8</ele>
        <time>2026-08-15T23:53:08Z</time>
      </trkpt>
      <trkpt lat="39.26687604585432" lon="118.45300147662726">
        <ele>2.8</ele>
        <time>2026-08-15T23:53:09Z</time>
      </trkpt>
      <trkpt lat="39.26687754131547" lon="118.45302835670367">
        <ele>2.8</ele>
        <time>2026-08-15T23:53:10Z</time>
      </trkpt>
      <trkpt lat="39.266879137965944" lon="118.45305888796136">
        <ele>2.8</ele>
        <time>2026-08-15T23:53:11Z</time>
      </trkpt>
      <trkpt lat="39.26688048461689" lon="118.45308530735116">
        <ele>2.8</ele>
        <time>2026-08-15T23:53:12Z</time>
      </trkpt>
      <trkpt lat="39.266881793135774" lon="118.4531119568013">
        <ele>2.8</ele>
        <time>2026-08-15T23:53:13Z</time>
      </trkpt>
      <trkpt lat="39.266883069487115" lon="118.45313881397463">
        <ele>2.8</ele>
        <time>2026-08-15T23:53:14Z</time>
      </trkpt>
      <trkpt lat="39.266884302378344" lon="118.45316572126869">
        <ele>2.8</ele>
        <time>2026-08-15T23:53:15Z</time>
      </trkpt>
      <trkpt lat="39.26688552525977" lon="118.45319299267969">
        <ele>2.8</ele>
        <time>2026-08-15T23:53:16Z</time>
      </trkpt>
      <trkpt lat="39.26688675640541" lon="118.45322096170045">
        <ele>2.8</ele>
        <time>2026-08-15T23:53:17Z</time>
      </trkpt>
      <trkpt lat="39.266887986178745" lon="118.45324867308274">
        <ele>2.8</ele>
        <time>2026-08-15T23:53:18Z</time>
      </trkpt>
      <trkpt lat="39.266889396609294" lon="118.45328017275253">
        <ele>2.8</ele>
        <time>2026-08-15T23:53:19Z</time>
      </trkpt>
      <trkpt lat="39.26689060588179" lon="118.45330704861875">
        <ele>2.8</ele>
        <time>2026-08-15T23:53:20Z</time>
      </trkpt>
      <trkpt lat="39.26689197868325" lon="118.45333755813358">
        <ele>2.8</ele>
        <time>2026-08-15T23:53:21Z</time>
      </trkpt>
      <trkpt lat="39.2668931552866" lon="118.45336372956211">
        <ele>2.8</ele>
        <time>2026-08-15T23:53:22Z</time>
      </trkpt>
      <trkpt lat="39.266894332684906" lon="118.45338988611742">
        <ele>2.8</ele>
        <time>2026-08-15T23:53:23Z</time>
      </trkpt>
      <trkpt lat="39.26689551383027" lon="118.4534163957205">
        <ele>2.8</ele>
        <time>2026-08-15T23:53:24Z</time>
      </trkpt>
      <trkpt lat="39.26689667548092" lon="118.45344269270478">
        <ele>2.8</ele>
        <time>2026-08-15T23:53:25Z</time>
      </trkpt>
      <trkpt lat="39.26689799030956" lon="118.45347245547195">
        <ele>2.8</ele>
        <time>2026-08-15T23:53:26Z</time>
      </trkpt>
      <trkpt lat="39.26689912934325" lon="118.45349816657875">
        <ele>2.8</ele>
        <time>2026-08-15T23:53:27Z</time>
      </trkpt>
      <trkpt lat="39.26690024900549" lon="118.45352387224168">
        <ele>2.8</ele>
        <time>2026-08-15T23:53:28Z</time>
      </trkpt>
      <trkpt lat="39.26690133254706" lon="118.45355013876372">
        <ele>2.8</ele>
        <time>2026-08-15T23:53:29Z</time>
      </trkpt>
      <trkpt lat="39.26690230760674" lon="118.45357597143112">
        <ele>2.8</ele>
        <time>2026-08-15T23:53:30Z</time>
      </trkpt>
      <trkpt lat="39.26690336188606" lon="118.45360532052895">
        <ele>2.8</ele>
        <time>2026-08-15T23:53:31Z</time>
      </trkpt>
      <trkpt lat="39.26690420355148" lon="118.45363043607215">
        <ele>2.7</ele>
        <time>2026-08-15T23:53:32Z</time>
      </trkpt>
      <trkpt lat="39.2669050735261" lon="118.45365563137247">
        <ele>2.7</ele>
        <time>2026-08-15T23:53:33Z</time>
      </trkpt>
      <trkpt lat="39.2669059922858" lon="118.45368087746388">
        <ele>2.7</ele>
        <time>2026-08-15T23:53:34Z</time>
      </trkpt>
      <trkpt lat="39.266906928389965" lon="118.45370564687055">
        <ele>2.7</ele>
        <time>2026-08-15T23:53:35Z</time>
      </trkpt>
      <trkpt lat="39.26690789285267" lon="118.45373019121067">
        <ele>2.7</ele>
        <time>2026-08-15T23:53:36Z</time>
      </trkpt>
      <trkpt lat="39.26690876281339" lon="118.45375162332392">
        <ele>2.7</ele>
        <time>2026-08-15T23:53:37Z</time>
      </trkpt>
      <trkpt lat="39.266909748632074" lon="118.45377399586835">
        <ele>2.7</ele>
        <time>2026-08-15T23:53:38Z</time>
      </trkpt>
      <trkpt lat="39.26691098833658" lon="118.45380062766533">
        <ele>2.7</ele>
        <time>2026-08-15T23:53:39Z</time>
      </trkpt>
      <trkpt lat="39.26691228686629" lon="118.45382717116247">
        <ele>2.7</ele>
        <time>2026-08-15T23:53:40Z</time>
      </trkpt>
      <trkpt lat="39.266913614825526" lon="118.45385358115131">
        <ele>2.7</ele>
        <time>2026-08-15T23:53:41Z</time>
      </trkpt>
      <trkpt lat="39.266915002540706" lon="118.45388046080824">
        <ele>2.7</ele>
        <time>2026-08-15T23:53:42Z</time>
      </trkpt>
      <trkpt lat="39.26691640188119" lon="118.45390723519336">
        <ele>2.7</ele>
        <time>2026-08-15T23:53:43Z</time>
      </trkpt>
      <trkpt lat="39.26691792162975" lon="118.4539373994267">
        <ele>2.7</ele>
        <time>2026-08-15T23:53:44Z</time>
      </trkpt>
      <trkpt lat="39.266919170354406" lon="118.45396319773619">
        <ele>2.7</ele>
        <time>2026-08-15T23:53:45Z</time>
      </trkpt>
      <trkpt lat="39.26692032423293" lon="118.45398880776503">
        <ele>2.7</ele>
        <time>2026-08-15T23:53:46Z</time>
      </trkpt>
      <trkpt lat="39.26692141395462" lon="118.45401440973293">
        <ele>2.7</ele>
        <time>2026-08-15T23:53:47Z</time>
      </trkpt>
      <trkpt lat="39.26692248900906" lon="118.45404001392302">
        <ele>2.7</ele>
        <time>2026-08-15T23:53:48Z</time>
      </trkpt>
      <trkpt lat="39.266923580288804" lon="118.45406552809092">
        <ele>2.7</ele>
        <time>2026-08-15T23:53:49Z</time>
      </trkpt>
      <trkpt lat="39.26692470886075" lon="118.45409102937218">
        <ele>2.7</ele>
        <time>2026-08-15T23:53:50Z</time>
      </trkpt>
      <trkpt lat="39.26692586706679" lon="118.45411595914655">
        <ele>2.7</ele>
        <time>2026-08-15T23:53:51Z</time>
      </trkpt>
      <trkpt lat="39.26692708211329" lon="118.45414118777757">
        <ele>2.7</ele>
        <time>2026-08-15T23:53:52Z</time>
      </trkpt>
      <trkpt lat="39.26692816166319" lon="118.45416312545258">
        <ele>2.7</ele>
        <time>2026-08-15T23:53:53Z</time>
      </trkpt>
      <trkpt lat="39.26692937697716" lon="118.45418959982274">
        <ele>2.7</ele>
        <time>2026-08-15T23:53:54Z</time>
      </trkpt>
      <trkpt lat="39.26693050445855" lon="118.45421657406284">
        <ele>2.7</ele>
        <time>2026-08-15T23:53:55Z</time>
      </trkpt>
      <trkpt lat="39.266931529948174" lon="118.45424374529513">
        <ele>2.7</ele>
        <time>2026-08-15T23:53:56Z</time>
      </trkpt>
      <trkpt lat="39.26693249323297" lon="118.45427184364664">
        <ele>2.7</ele>
        <time>2026-08-15T23:53:57Z</time>
      </trkpt>
      <trkpt lat="39.266933385061066" lon="118.45429971852451">
        <ele>2.7</ele>
        <time>2026-08-15T23:53:58Z</time>
      </trkpt>
      <trkpt lat="39.26693440169163" lon="118.45433114653959">
        <ele>2.7</ele>
        <time>2026-08-15T23:53:59Z</time>
      </trkpt>
      <trkpt lat="39.26693524567896" lon="118.45435798008843">
        <ele>2.7</ele>
        <time>2026-08-15T23:54:00Z</time>
      </trkpt>
      <trkpt lat="39.26693612299934" lon="118.45438454099009">
        <ele>2.7</ele>
        <time>2026-08-15T23:54:01Z</time>
      </trkpt>
      <trkpt lat="39.266937066479834" lon="118.45441167217625">
        <ele>2.7</ele>
        <time>2026-08-15T23:54:02Z</time>
      </trkpt>
      <trkpt lat="39.26693803126474" lon="118.45443856744888">
        <ele>2.7</ele>
        <time>2026-08-15T23:54:03Z</time>
      </trkpt>
      <trkpt lat="39.26693917671966" lon="118.45446926739339">
        <ele>2.7</ele>
        <time>2026-08-15T23:54:04Z</time>
      </trkpt>
      <trkpt lat="39.26694015550989" lon="118.45449579045163">
        <ele>2.7</ele>
        <time>2026-08-15T23:54:05Z</time>
      </trkpt>
      <trkpt lat="39.2669411900724" lon="118.45452324066046">
        <ele>2.7</ele>
        <time>2026-08-15T23:54:06Z</time>
      </trkpt>
      <trkpt lat="39.26694225677188" lon="118.4545511267582">
        <ele>2.8</ele>
        <time>2026-08-15T23:54:07Z</time>
      </trkpt>
      <trkpt lat="39.26694350063431" lon="118.454582378323">
        <ele>2.8</ele>
        <time>2026-08-15T23:54:08Z</time>
      </trkpt>
      <trkpt lat="39.26694473375548" lon="118.45461294135015">
        <ele>2.8</ele>
        <time>2026-08-15T23:54:09Z</time>
      </trkpt>
      <trkpt lat="39.26694581969885" lon="118.45463947706094">
        <ele>2.8</ele>
        <time>2026-08-15T23:54:10Z</time>
      </trkpt>
      <trkpt lat="39.26694691425978" lon="118.45466617787018">
        <ele>2.8</ele>
        <time>2026-08-15T23:54:11Z</time>
      </trkpt>
      <trkpt lat="39.266948031845644" lon="118.45469333028066">
        <ele>2.8</ele>
        <time>2026-08-15T23:54:12Z</time>
      </trkpt>
      <trkpt lat="39.266949150622736" lon="118.45472084078503">
        <ele>2.8</ele>
        <time>2026-08-15T23:54:13Z</time>
      </trkpt>
      <trkpt lat="39.26695031099004" lon="118.45474935614128">
        <ele>2.8</ele>
        <time>2026-08-15T23:54:14Z</time>
      </trkpt>
      <trkpt lat="39.26695144828824" lon="118.4547778090386">
        <ele>2.8</ele>
        <time>2026-08-15T23:54:15Z</time>
      </trkpt>
      <trkpt lat="39.26695273016629" lon="118.45480966347411">
        <ele>2.8</ele>
        <time>2026-08-15T23:54:16Z</time>
      </trkpt>
      <trkpt lat="39.2669538398227" lon="118.45483749219227">
        <ele>2.8</ele>
        <time>2026-08-15T23:54:17Z</time>
      </trkpt>
      <trkpt lat="39.26695499011345" lon="118.45486537191361">
        <ele>2.8</ele>
        <time>2026-08-15T23:54:18Z</time>
      </trkpt>
      <trkpt lat="39.26695622582573" lon="118.45489403891247">
        <ele>2.8</ele>
        <time>2026-08-15T23:54:19Z</time>
      </trkpt>
      <trkpt lat="39.266957505185594" lon="118.45492246293433">
        <ele>2.8</ele>
        <time>2026-08-15T23:54:20Z</time>
      </trkpt>
      <trkpt lat="39.26695900193483" lon="118.4549544385016">
        <ele>2.8</ele>
        <time>2026-08-15T23:54:21Z</time>
      </trkpt>
      <trkpt lat="39.26696032588849" lon="118.45498142411506">
        <ele>2.7</ele>
        <time>2026-08-15T23:54:22Z</time>
      </trkpt>
      <trkpt lat="39.26696168016222" lon="118.45500793426064">
        <ele>2.7</ele>
        <time>2026-08-15T23:54:23Z</time>
      </trkpt>
      <trkpt lat="39.26696294105624" lon="118.45503118006532">
        <ele>2.7</ele>
        <time>2026-08-15T23:54:24Z</time>
      </trkpt>
      <trkpt lat="39.26696430905446" lon="118.45505557213279">
        <ele>2.7</ele>
        <time>2026-08-15T23:54:25Z</time>
      </trkpt>
      <trkpt lat="39.266965927355216" lon="118.45508477485026">
        <ele>2.7</ele>
        <time>2026-08-15T23:54:26Z</time>
      </trkpt>
      <trkpt lat="39.266967526441505" lon="118.45511378500063">
        <ele>2.7</ele>
        <time>2026-08-15T23:54:27Z</time>
      </trkpt>
      <trkpt lat="39.26696919550882" lon="118.45514596272345">
        <ele>2.7</ele>
        <time>2026-08-15T23:54:28Z</time>
      </trkpt>
      <trkpt lat="39.26697050879058" lon="118.4551737451392">
        <ele>2.7</ele>
        <time>2026-08-15T23:54:29Z</time>
      </trkpt>
      <trkpt lat="39.26697158949061" lon="118.45520145153455">
        <ele>2.7</ele>
        <time>2026-08-15T23:54:30Z</time>
      </trkpt>
      <trkpt lat="39.26697226532703" lon="118.4552286947502">
        <ele>2.7</ele>
        <time>2026-08-15T23:54:31Z</time>
      </trkpt>
      <trkpt lat="39.26697231859758" lon="118.45525649805026">
        <ele>2.7</ele>
        <time>2026-08-15T23:54:32Z</time>
      </trkpt>
      <trkpt lat="39.266971798330495" lon="118.45528419314277">
        <ele>2.7</ele>
        <time>2026-08-15T23:54:33Z</time>
      </trkpt>
      <trkpt lat="39.26697037182158" lon="118.45531171022687">
        <ele>2.7</ele>
        <time>2026-08-15T23:54:34Z</time>
      </trkpt>
      <trkpt lat="39.266969301244565" lon="118.45533868052712">
        <ele>2.7</ele>
        <time>2026-08-15T23:54:35Z</time>
      </trkpt>
      <trkpt lat="39.26696852058157" lon="118.45536914833602">
        <ele>2.7</ele>
        <time>2026-08-15T23:54:36Z</time>
      </trkpt>
      <trkpt lat="39.26696897686158" lon="118.45539716873299">
        <ele>2.6</ele>
        <time>2026-08-15T23:54:37Z</time>
      </trkpt>
      <trkpt lat="39.26697002944464" lon="118.45542608888773">
        <ele>2.6</ele>
        <time>2026-08-15T23:54:38Z</time>
      </trkpt>
      <trkpt lat="39.26697187779252" lon="118.45545285232143">
        <ele>2.6</ele>
        <time>2026-08-15T23:54:39Z</time>
      </trkpt>
      <trkpt lat="39.26697404875631" lon="118.45547995587388">
        <ele>2.6</ele>
        <time>2026-08-15T23:54:40Z</time>
      </trkpt>
      <trkpt lat="39.266976445080864" lon="118.45550970381721">
        <ele>2.6</ele>
        <time>2026-08-15T23:54:41Z</time>
      </trkpt>
      <trkpt lat="39.266978175322166" lon="118.45553831060828">
        <ele>2.7</ele>
        <time>2026-08-15T23:54:42Z</time>
      </trkpt>
      <trkpt lat="39.26697914864592" lon="118.4555693401745">
        <ele>2.7</ele>
        <time>2026-08-15T23:54:43Z</time>
      </trkpt>
      <trkpt lat="39.266979521077594" lon="118.45559713500256">
        <ele>2.7</ele>
        <time>2026-08-15T23:54:44Z</time>
      </trkpt>
      <trkpt lat="39.26698007138621" lon="118.45562505071663">
        <ele>2.7</ele>
        <time>2026-08-15T23:54:45Z</time>
      </trkpt>
      <trkpt lat="39.266980963579186" lon="118.45565376800567">
        <ele>2.7</ele>
        <time>2026-08-15T23:54:46Z</time>
      </trkpt>
      <trkpt lat="39.26698185887064" lon="118.45568251992454">
        <ele>2.7</ele>
        <time>2026-08-15T23:54:47Z</time>
      </trkpt>
      <trkpt lat="39.26698279142146" lon="118.4557114153464">
        <ele>2.7</ele>
        <time>2026-08-15T23:54:48Z</time>
      </trkpt>
      <trkpt lat="39.26698379924879" lon="118.45574075984486">
        <ele>2.7</ele>
        <time>2026-08-15T23:54:49Z</time>
      </trkpt>
      <trkpt lat="39.26698487723005" lon="118.4557698763215">
        <ele>2.7</ele>
        <time>2026-08-15T23:54:50Z</time>
      </trkpt>
      <trkpt lat="39.26698617037088" lon="118.45580226795153">
        <ele>2.7</ele>
        <time>2026-08-15T23:54:51Z</time>
      </trkpt>
      <trkpt lat="39.266987378303895" lon="118.45583014498706">
        <ele>2.8</ele>
        <time>2026-08-15T23:54:52Z</time>
      </trkpt>
      <trkpt lat="39.26698862957486" lon="118.45585791614342">
        <ele>2.8</ele>
        <time>2026-08-15T23:54:53Z</time>
      </trkpt>
      <trkpt lat="39.266989892552445" lon="118.45588633841743">
        <ele>2.8</ele>
        <time>2026-08-15T23:54:54Z</time>
      </trkpt>
      <trkpt lat="39.26699106781822" lon="118.45591458702326">
        <ele>2.8</ele>
        <time>2026-08-15T23:54:55Z</time>
      </trkpt>
      <trkpt lat="39.266992272900346" lon="118.45594666829837">
        <ele>2.8</ele>
        <time>2026-08-15T23:54:56Z</time>
      </trkpt>
      <trkpt lat="39.266993193889114" lon="118.45597403672267">
        <ele>2.8</ele>
        <time>2026-08-15T23:54:57Z</time>
      </trkpt>
      <trkpt lat="39.26699418660181" lon="118.45600487481201">
        <ele>2.8</ele>
        <time>2026-08-15T23:54:58Z</time>
      </trkpt>
      <trkpt lat="39.26699500441121" lon="118.45603151574684">
        <ele>2.8</ele>
        <time>2026-08-15T23:54:59Z</time>
      </trkpt>
      <trkpt lat="39.266995822021066" lon="118.45605829734448">
        <ele>2.8</ele>
        <time>2026-08-15T23:55:00Z</time>
      </trkpt>
      <trkpt lat="39.26699667875228" lon="118.45608574018367">
        <ele>2.8</ele>
        <time>2026-08-15T23:55:01Z</time>
      </trkpt>
      <trkpt lat="39.26699751542682" lon="118.45611301391779">
        <ele>2.8</ele>
        <time>2026-08-15T23:55:02Z</time>
      </trkpt>
      <trkpt lat="39.26699847592957" lon="118.45614378400137">
        <ele>2.8</ele>
        <time>2026-08-15T23:55:03Z</time>
      </trkpt>
      <trkpt lat="39.266999220821646" lon="118.4561703082886">
        <ele>2.8</ele>
        <time>2026-08-15T23:55:04Z</time>
      </trkpt>
      <trkpt lat="39.26699996016825" lon="118.45619685160662">
        <ele>2.8</ele>
        <time>2026-08-15T23:55:05Z</time>
      </trkpt>
      <trkpt lat="39.267000719173986" lon="118.45622384996149">
        <ele>2.8</ele>
        <time>2026-08-15T23:55:06Z</time>
      </trkpt>
      <trkpt lat="39.26700151152048" lon="118.45625056663708">
        <ele>2.8</ele>
        <time>2026-08-15T23:55:07Z</time>
      </trkpt>
      <trkpt lat="39.26700251383703" lon="118.45628155044137">
        <ele>2.8</ele>
        <time>2026-08-15T23:55:08Z</time>
      </trkpt>
      <trkpt lat="39.26700338505631" lon="118.45630794150803">
        <ele>2.8</ele>
        <time>2026-08-15T23:55:09Z</time>
      </trkpt>
      <trkpt lat="39.26700446901824" lon="118.45633848645106">
        <ele>2.8</ele>
        <time>2026-08-15T23:55:10Z</time>
      </trkpt>
      <trkpt lat="39.26700541945916" lon="118.45636460036464">
        <ele>2.8</ele>
        <time>2026-08-15T23:55:11Z</time>
      </trkpt>
      <trkpt lat="39.26700659186882" lon="118.45639445814108">
        <ele>2.7</ele>
        <time>2026-08-15T23:55:12Z</time>
      </trkpt>
      <trkpt lat="39.26700766460633" lon="118.45642016690522">
        <ele>2.7</ele>
        <time>2026-08-15T23:55:13Z</time>
      </trkpt>
      <trkpt lat="39.26700882174245" lon="118.45644643725761">
        <ele>2.7</ele>
        <time>2026-08-15T23:55:14Z</time>
      </trkpt>
      <trkpt lat="39.26701006057157" lon="118.45647345673704">
        <ele>2.7</ele>
        <time>2026-08-15T23:55:15Z</time>
      </trkpt>
      <trkpt lat="39.267011386937256" lon="118.4565012991798">
        <ele>2.7</ele>
        <time>2026-08-15T23:55:16Z</time>
      </trkpt>
      <trkpt lat="39.26701281073487" lon="118.45652944064116">
        <ele>2.8</ele>
        <time>2026-08-15T23:55:17Z</time>
      </trkpt>
      <trkpt lat="39.26701442332129" lon="118.4565586586164">
        <ele>2.8</ele>
        <time>2026-08-15T23:55:18Z</time>
      </trkpt>
      <trkpt lat="39.26701621361353" lon="118.45658782242722">
        <ele>2.8</ele>
        <time>2026-08-15T23:55:19Z</time>
      </trkpt>
      <trkpt lat="39.26701836861148" lon="118.45662095778651">
        <ele>2.8</ele>
        <time>2026-08-15T23:55:20Z</time>
      </trkpt>
      <trkpt lat="39.267020446812325" lon="118.45664976893494">
        <ele>2.8</ele>
        <time>2026-08-15T23:55:21Z</time>
      </trkpt>
      <trkpt lat="39.267022537634645" lon="118.45667871516352">
        <ele>2.8</ele>
        <time>2026-08-15T23:55:22Z</time>
      </trkpt>
      <trkpt lat="39.26702451542146" lon="118.45670761107674">
        <ele>2.8</ele>
        <time>2026-08-15T23:55:23Z</time>
      </trkpt>
      <trkpt lat="39.26702630623233" lon="118.45673626208624">
        <ele>2.8</ele>
        <time>2026-08-15T23:55:24Z</time>
      </trkpt>
      <trkpt lat="39.267027935636825" lon="118.45676544874638">
        <ele>2.8</ele>
        <time>2026-08-15T23:55:25Z</time>
      </trkpt>
      <trkpt lat="39.26702924459964" lon="118.45679131748129">
        <ele>2.8</ele>
        <time>2026-08-15T23:55:26Z</time>
      </trkpt>
      <trkpt lat="39.267030590057445" lon="118.45682135326403">
        <ele>2.8</ele>
        <time>2026-08-15T23:55:27Z</time>
      </trkpt>
      <trkpt lat="39.26703180938766" lon="118.45685099139631">
        <ele>2.8</ele>
        <time>2026-08-15T23:55:28Z</time>
      </trkpt>
      <trkpt lat="39.26703295160461" lon="118.45688045082272">
        <ele>2.8</ele>
        <time>2026-08-15T23:55:29Z</time>
      </trkpt>
      <trkpt lat="39.26703413443253" lon="118.45691030158271">
        <ele>2.8</ele>
        <time>2026-08-15T23:55:30Z</time>
      </trkpt>
      <trkpt lat="39.267035368042805" lon="118.45693990944264">
        <ele>2.8</ele>
        <time>2026-08-15T23:55:31Z</time>
      </trkpt>
      <trkpt lat="39.26703685601607" lon="118.45697278548535">
        <ele>2.8</ele>
        <time>2026-08-15T23:55:32Z</time>
      </trkpt>
      <trkpt lat="39.26703819977646" lon="118.45700111253802">
        <ele>2.8</ele>
        <time>2026-08-15T23:55:33Z</time>
      </trkpt>
      <trkpt lat="39.26703956994049" lon="118.45702946378002">
        <ele>2.8</ele>
        <time>2026-08-15T23:55:34Z</time>
      </trkpt>
      <trkpt lat="39.26704096479183" lon="118.45705862760829">
        <ele>2.8</ele>
        <time>2026-08-15T23:55:35Z</time>
      </trkpt>
      <trkpt lat="39.26704233458371" lon="118.45708754142878">
        <ele>2.8</ele>
        <time>2026-08-15T23:55:36Z</time>
      </trkpt>
      <trkpt lat="39.26704384262893" lon="118.45711996198794">
        <ele>2.9</ele>
        <time>2026-08-15T23:55:37Z</time>
      </trkpt>
      <trkpt lat="39.26704508188399" lon="118.45714768080917">
        <ele>2.9</ele>
        <time>2026-08-15T23:55:38Z</time>
      </trkpt>
      <trkpt lat="39.2670462329957" lon="118.45717559275926">
        <ele>2.9</ele>
        <time>2026-08-15T23:55:39Z</time>
      </trkpt>
      <trkpt lat="39.26704726543278" lon="118.45720344255814">
        <ele>2.9</ele>
        <time>2026-08-15T23:55:40Z</time>
      </trkpt>
      <trkpt lat="39.26704818935926" lon="118.4572308393001">
        <ele>2.9</ele>
        <time>2026-08-15T23:55:41Z</time>
      </trkpt>
      <trkpt lat="39.26704905392373" lon="118.45725818704146">
        <ele>2.9</ele>
        <time>2026-08-15T23:55:42Z</time>
      </trkpt>
      <trkpt lat="39.26704974872365" lon="118.45728200077596">
        <ele>2.9</ele>
        <time>2026-08-15T23:55:43Z</time>
      </trkpt>
      <trkpt lat="39.2670506764864" lon="118.45731005159972">
        <ele>2.9</ele>
        <time>2026-08-15T23:55:44Z</time>
      </trkpt>
      <trkpt lat="39.267051691391536" lon="118.45733803096861">
        <ele>2.9</ele>
        <time>2026-08-15T23:55:45Z</time>
      </trkpt>
      <trkpt lat="39.267052811520955" lon="118.45736595098529">
        <ele>2.9</ele>
        <time>2026-08-15T23:55:46Z</time>
      </trkpt>
      <trkpt lat="39.267054076398395" lon="118.45739445391025">
        <ele>2.9</ele>
        <time>2026-08-15T23:55:47Z</time>
      </trkpt>
      <trkpt lat="39.26705546678443" lon="118.45742305744241">
        <ele>2.9</ele>
        <time>2026-08-15T23:55:48Z</time>
      </trkpt>
      <trkpt lat="39.26705715803657" lon="118.45745533716972">
        <ele>2.9</ele>
        <time>2026-08-15T23:55:49Z</time>
      </trkpt>
      <trkpt lat="39.26705878672819" lon="118.45748367586903">
        <ele>2.9</ele>
        <time>2026-08-15T23:55:50Z</time>
      </trkpt>
      <trkpt lat="39.26706055563556" lon="118.4575122961318">
        <ele>2.9</ele>
        <time>2026-08-15T23:55:51Z</time>
      </trkpt>
      <trkpt lat="39.26706248508408" lon="118.45754169051087">
        <ele>2.9</ele>
        <time>2026-08-15T23:55:52Z</time>
      </trkpt>
      <trkpt lat="39.267064491448934" lon="118.45757065486492">
        <ele>2.9</ele>
        <time>2026-08-15T23:55:53Z</time>
      </trkpt>
      <trkpt lat="39.26706674081688" lon="118.45760317260746">
        <ele>2.9</ele>
        <time>2026-08-15T23:55:54Z</time>
      </trkpt>
      <trkpt lat="39.26706878313342" lon="118.45763082924019">
        <ele>2.9</ele>
        <time>2026-08-15T23:55:55Z</time>
      </trkpt>
      <trkpt lat="39.26707084687709" lon="118.45765895880159">
        <ele>2.9</ele>
        <time>2026-08-15T23:55:56Z</time>
      </trkpt>
      <trkpt lat="39.267072674732304" lon="118.45768336896681">
        <ele>2.9</ele>
        <time>2026-08-15T23:55:57Z</time>
      </trkpt>
      <trkpt lat="39.267074626846416" lon="118.45771175288075">
        <ele>2.9</ele>
        <time>2026-08-15T23:55:58Z</time>
      </trkpt>
      <trkpt lat="39.26707647822883" lon="118.45773996053914">
        <ele>2.9</ele>
        <time>2026-08-15T23:55:59Z</time>
      </trkpt>
      <trkpt lat="39.26707823746407" lon="118.45776784963321">
        <ele>2.9</ele>
        <time>2026-08-15T23:56:00Z</time>
      </trkpt>
      <trkpt lat="39.267079960702844" lon="118.4577962296056">
        <ele>2.9</ele>
        <time>2026-08-15T23:56:01Z</time>
      </trkpt>
      <trkpt lat="39.267081632551104" lon="118.45782387569395">
        <ele>3</ele>
        <time>2026-08-15T23:56:02Z</time>
      </trkpt>
      <trkpt lat="39.267083470077836" lon="118.45785491721668">
        <ele>3</ele>
        <time>2026-08-15T23:56:03Z</time>
      </trkpt>
      <trkpt lat="39.26708507982147" lon="118.45788145690523">
        <ele>3</ele>
        <time>2026-08-15T23:56:04Z</time>
      </trkpt>
      <trkpt lat="39.267086629090386" lon="118.4579078323561">
        <ele>3</ele>
        <time>2026-08-15T23:56:05Z</time>
      </trkpt>
      <trkpt lat="39.26708811078562" lon="118.45793467303055">
        <ele>3</ele>
        <time>2026-08-15T23:56:06Z</time>
      </trkpt>
      <trkpt lat="39.267089463411175" lon="118.45796098189403">
        <ele>3.1</ele>
        <time>2026-08-15T23:56:07Z</time>
      </trkpt>
      <trkpt lat="39.26709090131947" lon="118.45799085947755">
        <ele>3.1</ele>
        <time>2026-08-15T23:56:08Z</time>
      </trkpt>
      <trkpt lat="39.26709208229935" lon="118.45801642420018">
        <ele>3.1</ele>
        <time>2026-08-15T23:56:09Z</time>
      </trkpt>
      <trkpt lat="39.26709326269576" lon="118.45804199075613">
        <ele>3.1</ele>
        <time>2026-08-15T23:56:10Z</time>
      </trkpt>
      <trkpt lat="39.26709450524129" lon="118.45806831729512">
        <ele>3.1</ele>
        <time>2026-08-15T23:56:11Z</time>
      </trkpt>
      <trkpt lat="39.26709576334794" lon="118.45809428057397">
        <ele>3.1</ele>
        <time>2026-08-15T23:56:12Z</time>
      </trkpt>
      <trkpt lat="39.267097219761986" lon="118.45812457261803">
        <ele>3.1</ele>
        <time>2026-08-15T23:56:13Z</time>
      </trkpt>
      <trkpt lat="39.26709838883904" lon="118.45815004127802">
        <ele>3.1</ele>
        <time>2026-08-15T23:56:14Z</time>
      </trkpt>
      <trkpt lat="39.26709959799845" lon="118.458179200258">
        <ele>3.1</ele>
        <time>2026-08-15T23:56:15Z</time>
      </trkpt>
      <trkpt lat="39.267100420866505" lon="118.45820390337252">
        <ele>3.1</ele>
        <time>2026-08-15T23:56:16Z</time>
      </trkpt>
      <trkpt lat="39.26710106976158" lon="118.45822899850808">
        <ele>3.1</ele>
        <time>2026-08-15T23:56:17Z</time>
      </trkpt>
      <trkpt lat="39.2671015589111" lon="118.45825463727631">
        <ele>3.1</ele>
        <time>2026-08-15T23:56:18Z</time>
      </trkpt>
      <trkpt lat="39.267101933557704" lon="118.45828047655047">
        <ele>3.1</ele>
        <time>2026-08-15T23:56:19Z</time>
      </trkpt>
      <trkpt lat="39.267102403236166" lon="118.45830982728492">
        <ele>3.1</ele>
        <time>2026-08-15T23:56:20Z</time>
      </trkpt>
      <trkpt lat="39.2671027414063" lon="118.45833531628331">
        <ele>3.1</ele>
        <time>2026-08-15T23:56:21Z</time>
      </trkpt>
      <trkpt lat="39.26710318755613" lon="118.45836111348821">
        <ele>3.1</ele>
        <time>2026-08-15T23:56:22Z</time>
      </trkpt>
      <trkpt lat="39.26710377070566" lon="118.45838715602267">
        <ele>3.1</ele>
        <time>2026-08-15T23:56:23Z</time>
      </trkpt>
      <trkpt lat="39.26710449128069" lon="118.45841355462434">
        <ele>3.1</ele>
        <time>2026-08-15T23:56:24Z</time>
      </trkpt>
      <trkpt lat="39.267105329959726" lon="118.45843992841766">
        <ele>3.1</ele>
        <time>2026-08-15T23:56:25Z</time>
      </trkpt>
      <trkpt lat="39.26710632659104" lon="118.45846726991866">
        <ele>3.1</ele>
        <time>2026-08-15T23:56:26Z</time>
      </trkpt>
      <trkpt lat="39.26710742043819" lon="118.4584943090585">
        <ele>3.1</ele>
        <time>2026-08-15T23:56:27Z</time>
      </trkpt>
      <trkpt lat="39.26710881723831" lon="118.45852564331248">
        <ele>3.1</ele>
        <time>2026-08-15T23:56:28Z</time>
      </trkpt>
      <trkpt lat="39.26711013823029" lon="118.45855224525216">
        <ele>3.1</ele>
        <time>2026-08-15T23:56:29Z</time>
      </trkpt>
      <trkpt lat="39.26711178117878" lon="118.45858314042546">
        <ele>3.1</ele>
        <time>2026-08-15T23:56:30Z</time>
      </trkpt>
      <trkpt lat="39.267113366534545" lon="118.45860972664654">
        <ele>3.1</ele>
        <time>2026-08-15T23:56:31Z</time>
      </trkpt>
      <trkpt lat="39.26711522533664" lon="118.45864028582794">
        <ele>3.1</ele>
        <time>2026-08-15T23:56:32Z</time>
      </trkpt>
      <trkpt lat="39.26711697535872" lon="118.4586668457006">
        <ele>3.1</ele>
        <time>2026-08-15T23:56:33Z</time>
      </trkpt>
      <trkpt lat="39.2671187456025" lon="118.4586936755933">
        <ele>3.1</ele>
        <time>2026-08-15T23:56:34Z</time>
      </trkpt>
      <trkpt lat="39.2671205124834" lon="118.45872124483448">
        <ele>3.1</ele>
        <time>2026-08-15T23:56:35Z</time>
      </trkpt>
      <trkpt lat="39.26712216845369" lon="118.45874845401079">
        <ele>3.1</ele>
        <time>2026-08-15T23:56:36Z</time>
      </trkpt>
      <trkpt lat="39.267123841268756" lon="118.45877921026829">
        <ele>3.1</ele>
        <time>2026-08-15T23:56:37Z</time>
      </trkpt>
      <trkpt lat="39.267125182162324" lon="118.45880555696583">
        <ele>3.1</ele>
        <time>2026-08-15T23:56:38Z</time>
      </trkpt>
      <trkpt lat="39.26712643620581" lon="118.45883231385679">
        <ele>3.1</ele>
        <time>2026-08-15T23:56:39Z</time>
      </trkpt>
      <trkpt lat="39.26712763944586" lon="118.45885930521942">
        <ele>3.1</ele>
        <time>2026-08-15T23:56:40Z</time>
      </trkpt>
      <trkpt lat="39.267128811515065" lon="118.4588867162173">
        <ele>3.1</ele>
        <time>2026-08-15T23:56:41Z</time>
      </trkpt>
      <trkpt lat="39.26712998862691" lon="118.458914773812">
        <ele>3.1</ele>
        <time>2026-08-15T23:56:42Z</time>
      </trkpt>
      <trkpt lat="39.26713117413871" lon="118.45894319750877">
        <ele>3.1</ele>
        <time>2026-08-15T23:56:43Z</time>
      </trkpt>
      <trkpt lat="39.26713252990561" lon="118.45897485049211">
        <ele>3.1</ele>
        <time>2026-08-15T23:56:44Z</time>
      </trkpt>
      <trkpt lat="39.26713390508699" lon="118.45900575743217">
        <ele>3.1</ele>
        <time>2026-08-15T23:56:45Z</time>
      </trkpt>
      <trkpt lat="39.26713515009382" lon="118.45903242296258">
        <ele>3.1</ele>
        <time>2026-08-15T23:56:46Z</time>
      </trkpt>
      <trkpt lat="39.26713642665827" lon="118.45905973506548">
        <ele>3.2</ele>
        <time>2026-08-15T23:56:47Z</time>
      </trkpt>
      <trkpt lat="39.26713766327027" lon="118.45908666280852">
        <ele>3.2</ele>
        <time>2026-08-15T23:56:48Z</time>
      </trkpt>
      <trkpt lat="39.26713896292115" lon="118.45911700487616">
        <ele>3.2</ele>
        <time>2026-08-15T23:56:49Z</time>
      </trkpt>
      <trkpt lat="39.267140009317394" lon="118.45914322818537">
        <ele>3.2</ele>
        <time>2026-08-15T23:56:50Z</time>
      </trkpt>
      <trkpt lat="39.26714095544228" lon="118.45916982295114">
        <ele>3.2</ele>
        <time>2026-08-15T23:56:51Z</time>
      </trkpt>
      <trkpt lat="39.267141797341544" lon="118.45919667784105">
        <ele>3.2</ele>
        <time>2026-08-15T23:56:52Z</time>
      </trkpt>
      <trkpt lat="39.26714252485512" lon="118.45922338692851">
        <ele>3.2</ele>
        <time>2026-08-15T23:56:53Z</time>
      </trkpt>
      <trkpt lat="39.267143171643966" lon="118.45925011218728">
        <ele>3.2</ele>
        <time>2026-08-15T23:56:54Z</time>
      </trkpt>
      <trkpt lat="39.267143759887794" lon="118.4592772092015">
        <ele>3.2</ele>
        <time>2026-08-15T23:56:55Z</time>
      </trkpt>
      <trkpt lat="39.26714428736958" lon="118.4593039767738">
        <ele>3.2</ele>
        <time>2026-08-15T23:56:56Z</time>
      </trkpt>
      <trkpt lat="39.26714489999023" lon="118.45933412576315">
        <ele>3.2</ele>
        <time>2026-08-15T23:56:57Z</time>
      </trkpt>
      <trkpt lat="39.26714531718961" lon="118.45935938942577">
        <ele>3.2</ele>
        <time>2026-08-15T23:56:58Z</time>
      </trkpt>
      <trkpt lat="39.26714573591878" lon="118.45938447336869">
        <ele>3.2</ele>
        <time>2026-08-15T23:56:59Z</time>
      </trkpt>
      <trkpt lat="39.26714607383286" lon="118.45940640832765">
        <ele>3.2</ele>
        <time>2026-08-15T23:57:00Z</time>
      </trkpt>
      <trkpt lat="39.26714651192654" lon="118.4594294109148">
        <ele>3.2</ele>
        <time>2026-08-15T23:57:01Z</time>
      </trkpt>
      <trkpt lat="39.26714722269203" lon="118.45945765777519">
        <ele>3.2</ele>
        <time>2026-08-15T23:57:02Z</time>
      </trkpt>
      <trkpt lat="39.267148010061454" lon="118.45948572415232">
        <ele>3.2</ele>
        <time>2026-08-15T23:57:03Z</time>
      </trkpt>
      <trkpt lat="39.26714902188289" lon="118.45951754357029">
        <ele>3.2</ele>
        <time>2026-08-15T23:57:04Z</time>
      </trkpt>
      <trkpt lat="39.267149949234344" lon="118.45954509238486">
        <ele>3.2</ele>
        <time>2026-08-15T23:57:05Z</time>
      </trkpt>
      <trkpt lat="39.267150937547044" lon="118.45957281884097">
        <ele>3.2</ele>
        <time>2026-08-15T23:57:06Z</time>
      </trkpt>
      <trkpt lat="39.267151989604486" lon="118.45960083142988">
        <ele>3.2</ele>
        <time>2026-08-15T23:57:07Z</time>
      </trkpt>
      <trkpt lat="39.2671530833025" lon="118.45962835762383">
        <ele>3.2</ele>
        <time>2026-08-15T23:57:08Z</time>
      </trkpt>
      <trkpt lat="39.267154379582685" lon="118.45965916929642">
        <ele>3.2</ele>
        <time>2026-08-15T23:57:09Z</time>
      </trkpt>
      <trkpt lat="39.26715559337366" lon="118.45968542284044">
        <ele>3.2</ele>
        <time>2026-08-15T23:57:10Z</time>
      </trkpt>
      <trkpt lat="39.267156901262645" lon="118.45971180795345">
        <ele>3.2</ele>
        <time>2026-08-15T23:57:11Z</time>
      </trkpt>
      <trkpt lat="39.267158308088895" lon="118.45973645980072">
        <ele>3.2</ele>
        <time>2026-08-15T23:57:12Z</time>
      </trkpt>
      <trkpt lat="39.26715991083118" lon="118.45976147356886">
        <ele>3.2</ele>
        <time>2026-08-15T23:57:13Z</time>
      </trkpt>
      <trkpt lat="39.26716187939575" lon="118.45978681838989">
        <ele>3.2</ele>
        <time>2026-08-15T23:57:14Z</time>
      </trkpt>
      <trkpt lat="39.26716453418535" lon="118.45981404674802">
        <ele>3.2</ele>
        <time>2026-08-15T23:57:15Z</time>
      </trkpt>
      <trkpt lat="39.26716758945763" lon="118.45984142702282">
        <ele>3.2</ele>
        <time>2026-08-15T23:57:16Z</time>
      </trkpt>
      <trkpt lat="39.267171192213596" lon="118.45987200884016">
        <ele>3.2</ele>
        <time>2026-08-15T23:57:17Z</time>
      </trkpt>
      <trkpt lat="39.26717422578806" lon="118.45989885708252">
        <ele>3.2</ele>
        <time>2026-08-15T23:57:18Z</time>
      </trkpt>
      <trkpt lat="39.26717712298287" lon="118.45992885323984">
        <ele>3.2</ele>
        <time>2026-08-15T23:57:19Z</time>
      </trkpt>
      <trkpt lat="39.26717900244363" lon="118.45995632252274">
        <ele>3.2</ele>
        <time>2026-08-15T23:57:20Z</time>
      </trkpt>
      <trkpt lat="39.26718034266746" lon="118.45998506932564">
        <ele>3.2</ele>
        <time>2026-08-15T23:57:21Z</time>
      </trkpt>
      <trkpt lat="39.26718090337756" lon="118.46001438379454">
        <ele>3.2</ele>
        <time>2026-08-15T23:57:22Z</time>
      </trkpt>
      <trkpt lat="39.267181740527484" lon="118.46004422177639">
        <ele>3.2</ele>
        <time>2026-08-15T23:57:23Z</time>
      </trkpt>
      <trkpt lat="39.267183158906114" lon="118.46007378541498">
        <ele>3.2</ele>
        <time>2026-08-15T23:57:24Z</time>
      </trkpt>
      <trkpt lat="39.267185917468005" lon="118.46010283232796">
        <ele>3.2</ele>
        <time>2026-08-15T23:57:25Z</time>
      </trkpt>
      <trkpt lat="39.2671885001701" lon="118.46013036813679">
        <ele>3.2</ele>
        <time>2026-08-15T23:57:26Z</time>
      </trkpt>
      <trkpt lat="39.26719067797344" lon="118.46016003909396">
        <ele>3.2</ele>
        <time>2026-08-15T23:57:27Z</time>
      </trkpt>
      <trkpt lat="39.26719128743042" lon="118.46018678245414">
        <ele>3.2</ele>
        <time>2026-08-15T23:57:28Z</time>
      </trkpt>
      <trkpt lat="39.267191685022844" lon="118.46021395030682">
        <ele>3.2</ele>
        <time>2026-08-15T23:57:29Z</time>
      </trkpt>
      <trkpt lat="39.26719206563166" lon="118.46024266496354">
        <ele>3.2</ele>
        <time>2026-08-15T23:57:30Z</time>
      </trkpt>
      <trkpt lat="39.26719280307329" lon="118.46027103967616">
        <ele>3.2</ele>
        <time>2026-08-15T23:57:31Z</time>
      </trkpt>
      <trkpt lat="39.26719364982442" lon="118.46030323269882">
        <ele>3.3</ele>
        <time>2026-08-15T23:57:32Z</time>
      </trkpt>
      <trkpt lat="39.267194335275065" lon="118.46033061785035">
        <ele>3.3</ele>
        <time>2026-08-15T23:57:33Z</time>
      </trkpt>
      <trkpt lat="39.26719510493463" lon="118.46036135883418">
        <ele>3.3</ele>
        <time>2026-08-15T23:57:34Z</time>
      </trkpt>
      <trkpt lat="39.26719576275405" lon="118.4603877507151">
        <ele>3.3</ele>
        <time>2026-08-15T23:57:35Z</time>
      </trkpt>
      <trkpt lat="39.26719647983818" lon="118.46041425861767">
        <ele>3.3</ele>
        <time>2026-08-15T23:57:36Z</time>
      </trkpt>
      <trkpt lat="39.267197252426" lon="118.46044093792646">
        <ele>3.2</ele>
        <time>2026-08-15T23:57:37Z</time>
      </trkpt>
      <trkpt lat="39.26719804847487" lon="118.46046779477116">
        <ele>3.2</ele>
        <time>2026-08-15T23:57:38Z</time>
      </trkpt>
      <trkpt lat="39.26719883102822" lon="118.46049485875037">
        <ele>3.2</ele>
        <time>2026-08-15T23:57:39Z</time>
      </trkpt>
      <trkpt lat="39.26719957902738" lon="118.46052207503578">
        <ele>3.2</ele>
        <time>2026-08-15T23:57:40Z</time>
      </trkpt>
      <trkpt lat="39.26720027341068" lon="118.46054971023243">
        <ele>3.2</ele>
        <time>2026-08-15T23:57:41Z</time>
      </trkpt>
      <trkpt lat="39.26720090624295" lon="118.46057742722432">
        <ele>3.2</ele>
        <time>2026-08-15T23:57:42Z</time>
      </trkpt>
      <trkpt lat="39.267201508657955" lon="118.46060587010643">
        <ele>3.2</ele>
        <time>2026-08-15T23:57:43Z</time>
      </trkpt>
      <trkpt lat="39.26720205892752" lon="118.46063395203834">
        <ele>3.2</ele>
        <time>2026-08-15T23:57:44Z</time>
      </trkpt>
      <trkpt lat="39.26720271654054" lon="118.46066618609005">
        <ele>3.2</ele>
        <time>2026-08-15T23:57:45Z</time>
      </trkpt>
      <trkpt lat="39.267203258014376" lon="118.46069396667424">
        <ele>3.2</ele>
        <time>2026-08-15T23:57:46Z</time>
      </trkpt>
      <trkpt lat="39.267203978901094" lon="118.46072527749993">
        <ele>3.2</ele>
        <time>2026-08-15T23:57:47Z</time>
      </trkpt>
      <trkpt lat="39.26720465266257" lon="118.46075250547771">
        <ele>3.2</ele>
        <time>2026-08-15T23:57:48Z</time>
      </trkpt>
      <trkpt lat="39.26720539052005" lon="118.4607796748015">
        <ele>3.2</ele>
        <time>2026-08-15T23:57:49Z</time>
      </trkpt>
      <trkpt lat="39.267206210411025" lon="118.46080738594861">
        <ele>3.2</ele>
        <time>2026-08-15T23:57:50Z</time>
      </trkpt>
      <trkpt lat="39.26720711825863" lon="118.46083462868559">
        <ele>3.2</ele>
        <time>2026-08-15T23:57:51Z</time>
      </trkpt>
      <trkpt lat="39.26720826955016" lon="118.46086554638607">
        <ele>3.2</ele>
        <time>2026-08-15T23:57:52Z</time>
      </trkpt>
      <trkpt lat="39.267209486098096" lon="118.4608922034858">
        <ele>3.2</ele>
        <time>2026-08-15T23:57:53Z</time>
      </trkpt>
      <trkpt lat="39.26721081703489" lon="118.46092011465127">
        <ele>3.2</ele>
        <time>2026-08-15T23:57:54Z</time>
      </trkpt>
      <trkpt lat="39.26721235140855" lon="118.46094613377437">
        <ele>3.2</ele>
        <time>2026-08-15T23:57:55Z</time>
      </trkpt>
      <trkpt lat="39.26721395052079" lon="118.46097345888309">
        <ele>3.2</ele>
        <time>2026-08-15T23:57:56Z</time>
      </trkpt>
      <trkpt lat="39.2672154991805" lon="118.4610006495922">
        <ele>3.2</ele>
        <time>2026-08-15T23:57:57Z</time>
      </trkpt>
      <trkpt lat="39.26721768609484" lon="118.46103071919435">
        <ele>3.2</ele>
        <time>2026-08-15T23:57:58Z</time>
      </trkpt>
      <trkpt lat="39.267220210592576" lon="118.46105687749652">
        <ele>3.2</ele>
        <time>2026-08-15T23:57:59Z</time>
      </trkpt>
      <trkpt lat="39.26722359679243" lon="118.46108602088768">
        <ele>3.2</ele>
        <time>2026-08-15T23:58:00Z</time>
      </trkpt>
      <trkpt lat="39.267226807575504" lon="118.46111237596031">
        <ele>3.2</ele>
        <time>2026-08-15T23:58:01Z</time>
      </trkpt>
      <trkpt lat="39.26722975380373" lon="118.46113882833295">
        <ele>3.2</ele>
        <time>2026-08-15T23:58:02Z</time>
      </trkpt>
      <trkpt lat="39.26723176029839" lon="118.46116521103235">
        <ele>3.2</ele>
        <time>2026-08-15T23:58:03Z</time>
      </trkpt>
      <trkpt lat="39.26723282925874" lon="118.46119145545508">
        <ele>3.2</ele>
        <time>2026-08-15T23:58:04Z</time>
      </trkpt>
      <trkpt lat="39.26723305809461" lon="118.46122172873172">
        <ele>3.2</ele>
        <time>2026-08-15T23:58:05Z</time>
      </trkpt>
      <trkpt lat="39.2672327569201" lon="118.46124978341992">
        <ele>3.2</ele>
        <time>2026-08-15T23:58:06Z</time>
      </trkpt>
      <trkpt lat="39.267232431174435" lon="118.46127917767654">
        <ele>3.3</ele>
        <time>2026-08-15T23:58:07Z</time>
      </trkpt>
      <trkpt lat="39.26723293342436" lon="118.46130855955008">
        <ele>3.3</ele>
        <time>2026-08-15T23:58:08Z</time>
      </trkpt>
      <trkpt lat="39.26723419952765" lon="118.46133806094115">
        <ele>3.3</ele>
        <time>2026-08-15T23:58:09Z</time>
      </trkpt>
      <trkpt lat="39.26723609827831" lon="118.4613670981607">
        <ele>3.3</ele>
        <time>2026-08-15T23:58:10Z</time>
      </trkpt>
      <trkpt lat="39.26723765977707" lon="118.4613955395042">
        <ele>3.3</ele>
        <time>2026-08-15T23:58:11Z</time>
      </trkpt>
      <trkpt lat="39.26723878708585" lon="118.46142380116606">
        <ele>3.3</ele>
        <time>2026-08-15T23:58:12Z</time>
      </trkpt>
      <trkpt lat="39.26723945630242" lon="118.46145574499863">
        <ele>3.3</ele>
        <time>2026-08-15T23:58:13Z</time>
      </trkpt>
      <trkpt lat="39.267240146432776" lon="118.4614861112751">
        <ele>3.3</ele>
        <time>2026-08-15T23:58:14Z</time>
      </trkpt>
      <trkpt lat="39.267241356307906" lon="118.46151774446187">
        <ele>3.3</ele>
        <time>2026-08-15T23:58:15Z</time>
      </trkpt>
      <trkpt lat="39.267242864781316" lon="118.46154704876625">
        <ele>3.3</ele>
        <time>2026-08-15T23:58:16Z</time>
      </trkpt>
      <trkpt lat="39.26724443487386" lon="118.4615758415196">
        <ele>3.3</ele>
        <time>2026-08-15T23:58:17Z</time>
      </trkpt>
      <trkpt lat="39.26724584568785" lon="118.46160690103758">
        <ele>3.3</ele>
        <time>2026-08-15T23:58:18Z</time>
      </trkpt>
      <trkpt lat="39.26724706196117" lon="118.46163694797613">
        <ele>3.3</ele>
        <time>2026-08-15T23:58:19Z</time>
      </trkpt>
      <trkpt lat="39.267247894610755" lon="118.46167053634574">
        <ele>3.3</ele>
        <time>2026-08-15T23:58:20Z</time>
      </trkpt>
      <trkpt lat="39.26724859512301" lon="118.4617021424605">
        <ele>3.3</ele>
        <time>2026-08-15T23:58:21Z</time>
      </trkpt>
      <trkpt lat="39.26725027742345" lon="118.46173612307285">
        <ele>3.2</ele>
        <time>2026-08-15T23:58:22Z</time>
      </trkpt>
      <trkpt lat="39.267254381403056" lon="118.46177258845">
        <ele>3.2</ele>
        <time>2026-08-15T23:58:23Z</time>
      </trkpt>
      <trkpt lat="39.26725979260319" lon="118.46181100738771">
        <ele>3.2</ele>
        <time>2026-08-15T23:58:24Z</time>
      </trkpt>
      <trkpt lat="39.267265577998096" lon="118.46185268096633">
        <ele>3.2</ele>
        <time>2026-08-15T23:58:25Z</time>
      </trkpt>
      <trkpt lat="39.267269671358804" lon="118.46188955882639">
        <ele>3.2</ele>
        <time>2026-08-15T23:58:26Z</time>
      </trkpt>
      <trkpt lat="39.26727260110076" lon="118.46192402069995">
        <ele>3.2</ele>
        <time>2026-08-15T23:58:27Z</time>
      </trkpt>
      <trkpt lat="39.26727475913702" lon="118.46195556578826">
        <ele>3.2</ele>
        <time>2026-08-15T23:58:28Z</time>
      </trkpt>
      <trkpt lat="39.267276544815836" lon="118.46198467381129">
        <ele>3.2</ele>
        <time>2026-08-15T23:58:29Z</time>
      </trkpt>
      <trkpt lat="39.267277519718405" lon="118.462010733341">
        <ele>3.2</ele>
        <time>2026-08-15T23:58:30Z</time>
      </trkpt>
      <trkpt lat="39.26727756269275" lon="118.46202927998446">
        <ele>3.2</ele>
        <time>2026-08-15T23:58:31Z</time>
      </trkpt>
      <trkpt lat="39.26727710573907" lon="118.46204100777176">
        <ele>3.4</ele>
        <time>2026-08-15T23:58:32Z</time>
      </trkpt>
      <trkpt lat="39.26727766541771" lon="118.46204163500495">
        <ele>3.4</ele>
        <time>2026-08-15T23:58:33Z</time>
      </trkpt>
      <trkpt lat="39.26727644512218" lon="118.46203551361667">
        <ele>3.4</ele>
        <time>2026-08-15T23:58:34Z</time>
      </trkpt>
      <trkpt lat="39.2672747277609" lon="118.46202278299698">
        <ele>3.4</ele>
        <time>2026-08-15T23:58:35Z</time>
      </trkpt>
      <trkpt lat="39.26727116677195" lon="118.46200483676817">
        <ele>3.4</ele>
        <time>2026-08-15T23:58:36Z</time>
      </trkpt>
      <trkpt lat="39.26726872742769" lon="118.46198261447981">
        <ele>3.4</ele>
        <time>2026-08-15T23:58:37Z</time>
      </trkpt>
      <trkpt lat="39.26726590673488" lon="118.46195458519351">
        <ele>3.4</ele>
        <time>2026-08-15T23:58:38Z</time>
      </trkpt>
      <trkpt lat="39.26726347713182" lon="118.46192913694394">
        <ele>3.4</ele>
        <time>2026-08-15T23:58:39Z</time>
      </trkpt>
      <trkpt lat="39.26726102012077" lon="118.46190251399665">
        <ele>3.4</ele>
        <time>2026-08-15T23:58:40Z</time>
      </trkpt>
      <trkpt lat="39.26725891760569" lon="118.46188115182152">
        <ele>3.4</ele>
        <time>2026-08-15T23:58:41Z</time>
      </trkpt>
      <trkpt lat="39.267256913150845" lon="118.46186109973144">
        <ele>3.3</ele>
        <time>2026-08-15T23:58:42Z</time>
      </trkpt>
      <trkpt lat="39.267254775980156" lon="118.4618388610187">
        <ele>3.3</ele>
        <time>2026-08-15T23:58:43Z</time>
      </trkpt>
      <trkpt lat="39.26725257314999" lon="118.4618157131258">
        <ele>3.3</ele>
        <time>2026-08-15T23:58:44Z</time>
      </trkpt>
      <trkpt lat="39.26725008665271" lon="118.4617872305974">
        <ele>3.3</ele>
        <time>2026-08-15T23:58:45Z</time>
      </trkpt>
      <trkpt lat="39.26724783615095" lon="118.46176205744575">
        <ele>3.3</ele>
        <time>2026-08-15T23:58:46Z</time>
      </trkpt>
      <trkpt lat="39.26724540050532" lon="118.4617319658815">
        <ele>3.2</ele>
        <time>2026-08-15T23:58:47Z</time>
      </trkpt>
      <trkpt lat="39.26724326045516" lon="118.4617054460963">
        <ele>3.2</ele>
        <time>2026-08-15T23:58:48Z</time>
      </trkpt>
      <trkpt lat="39.267241235600515" lon="118.46167809451151">
        <ele>3.2</ele>
        <time>2026-08-15T23:58:49Z</time>
      </trkpt>
      <trkpt lat="39.26723946522622" lon="118.46165117550444">
        <ele>3.2</ele>
        <time>2026-08-15T23:58:50Z</time>
      </trkpt>
      <trkpt lat="39.2672379574808" lon="118.4616250199657">
        <ele>3.2</ele>
        <time>2026-08-15T23:58:51Z</time>
      </trkpt>
      <trkpt lat="39.26723666866784" lon="118.46159935896551">
        <ele>3.2</ele>
        <time>2026-08-15T23:58:52Z</time>
      </trkpt>
      <trkpt lat="39.26723571025611" lon="118.46157804868803">
        <ele>3.2</ele>
        <time>2026-08-15T23:58:53Z</time>
      </trkpt>
      <trkpt lat="39.26723458784365" lon="118.46155231561093">
        <ele>3.2</ele>
        <time>2026-08-15T23:58:54Z</time>
      </trkpt>
      <trkpt lat="39.26723343984228" lon="118.4615263294346">
        <ele>3.2</ele>
        <time>2026-08-15T23:58:55Z</time>
      </trkpt>
      <trkpt lat="39.26723203850561" lon="118.46149520203276">
        <ele>3.2</ele>
        <time>2026-08-15T23:58:56Z</time>
      </trkpt>
      <trkpt lat="39.267230788765794" lon="118.46146712311122">
        <ele>3.2</ele>
        <time>2026-08-15T23:58:57Z</time>
      </trkpt>
      <trkpt lat="39.26722955968898" lon="118.46143847769352">
        <ele>3.2</ele>
        <time>2026-08-15T23:58:58Z</time>
      </trkpt>
      <trkpt lat="39.26722840836207" lon="118.46140991049718">
        <ele>3.2</ele>
        <time>2026-08-15T23:58:59Z</time>
      </trkpt>
      <trkpt lat="39.2672273591282" lon="118.46138098583225">
        <ele>3.2</ele>
        <time>2026-08-15T23:59:00Z</time>
      </trkpt>
      <trkpt lat="39.2672265082596" lon="118.46135306134394">
        <ele>3.2</ele>
        <time>2026-08-15T23:59:01Z</time>
      </trkpt>
      <trkpt lat="39.26722605613921" lon="118.46132999360094">
        <ele>3.2</ele>
        <time>2026-08-15T23:59:02Z</time>
      </trkpt>
      <trkpt lat="39.267225866818514" lon="118.46130867129379">
        <ele>3.2</ele>
        <time>2026-08-15T23:59:03Z</time>
      </trkpt>
      <trkpt lat="39.267225695516466" lon="118.46128256140425">
        <ele>3.2</ele>
        <time>2026-08-15T23:59:04Z</time>
      </trkpt>
      <trkpt lat="39.267225656635745" lon="118.46125579121795">
        <ele>3.2</ele>
        <time>2026-08-15T23:59:05Z</time>
      </trkpt>
      <trkpt lat="39.26722548673447" lon="118.46122322250933">
        <ele>3.2</ele>
        <time>2026-08-15T23:59:06Z</time>
      </trkpt>
      <trkpt lat="39.26722542512516" lon="118.46119390092151">
        <ele>3.2</ele>
        <time>2026-08-15T23:59:07Z</time>
      </trkpt>
      <trkpt lat="39.26722527339538" lon="118.46116388558697">
        <ele>3.2</ele>
        <time>2026-08-15T23:59:08Z</time>
      </trkpt>
      <trkpt lat="39.26722522078873" lon="118.46113898898754">
        <ele>3.2</ele>
        <time>2026-08-15T23:59:09Z</time>
      </trkpt>
      <trkpt lat="39.267225166757704" lon="118.46111633472988">
        <ele>3.2</ele>
        <time>2026-08-15T23:59:10Z</time>
      </trkpt>
      <trkpt lat="39.26722496478211" lon="118.46109101272584">
        <ele>3.2</ele>
        <time>2026-08-15T23:59:11Z</time>
      </trkpt>
      <trkpt lat="39.267224756245255" lon="118.46106530997349">
        <ele>3.2</ele>
        <time>2026-08-15T23:59:12Z</time>
      </trkpt>
      <trkpt lat="39.26722442290201" lon="118.4610340867947">
        <ele>3.2</ele>
        <time>2026-08-15T23:59:13Z</time>
      </trkpt>
      <trkpt lat="39.26722431429511" lon="118.46100629957463">
        <ele>3.2</ele>
        <time>2026-08-15T23:59:14Z</time>
      </trkpt>
      <trkpt lat="39.267224258584456" lon="118.46097826220809">
        <ele>3.2</ele>
        <time>2026-08-15T23:59:15Z</time>
      </trkpt>
      <trkpt lat="39.26722424865264" lon="118.46095076222615">
        <ele>3.2</ele>
        <time>2026-08-15T23:59:16Z</time>
      </trkpt>
      <trkpt lat="39.26722423731996" lon="118.46092338810861">
        <ele>3.2</ele>
        <time>2026-08-15T23:59:17Z</time>
      </trkpt>
      <trkpt lat="39.26722422235476" lon="118.46089634944924">
        <ele>3.2</ele>
        <time>2026-08-15T23:59:18Z</time>
      </trkpt>
      <trkpt lat="39.267224324595944" lon="118.46087368402704">
        <ele>3.2</ele>
        <time>2026-08-15T23:59:19Z</time>
      </trkpt>
      <trkpt lat="39.2672244143985" lon="118.46085195876738">
        <ele>3.2</ele>
        <time>2026-08-15T23:59:20Z</time>
      </trkpt>
      <trkpt lat="39.26722432102274" lon="118.46082704497734">
        <ele>3.2</ele>
        <time>2026-08-15T23:59:21Z</time>
      </trkpt>
      <trkpt lat="39.267224072603696" lon="118.46080181787664">
        <ele>3.2</ele>
        <time>2026-08-15T23:59:22Z</time>
      </trkpt>
      <trkpt lat="39.26722345959013" lon="118.46077156003149">
        <ele>3.2</ele>
        <time>2026-08-15T23:59:23Z</time>
      </trkpt>
      <trkpt lat="39.267222776790085" lon="118.46074447923836">
        <ele>3.2</ele>
        <time>2026-08-15T23:59:24Z</time>
      </trkpt>
      <trkpt lat="39.2672219753661" lon="118.46071685004442">
        <ele>3.2</ele>
        <time>2026-08-15T23:59:25Z</time>
      </trkpt>
      <trkpt lat="39.2672211354638" lon="118.46068960196165">
        <ele>3.2</ele>
        <time>2026-08-15T23:59:26Z</time>
      </trkpt>
      <trkpt lat="39.267220296572525" lon="118.46066220663562">
        <ele>3.2</ele>
        <time>2026-08-15T23:59:27Z</time>
      </trkpt>
      <trkpt lat="39.26721947370445" lon="118.46063477682277">
        <ele>3.2</ele>
        <time>2026-08-15T23:59:28Z</time>
      </trkpt>
      <trkpt lat="39.26721866656331" lon="118.46060701406928">
        <ele>3.2</ele>
        <time>2026-08-15T23:59:29Z</time>
      </trkpt>
      <trkpt lat="39.267217884244516" lon="118.46057915265621">
        <ele>3.2</ele>
        <time>2026-08-15T23:59:30Z</time>
      </trkpt>
      <trkpt lat="39.26721708379159" lon="118.46055119447533">
        <ele>3.2</ele>
        <time>2026-08-15T23:59:31Z</time>
      </trkpt>
      <trkpt lat="39.26721619791639" lon="118.46052337474585">
        <ele>3.2</ele>
        <time>2026-08-15T23:59:32Z</time>
      </trkpt>
      <trkpt lat="39.26721512748362" lon="118.46049515382867">
        <ele>3.2</ele>
        <time>2026-08-15T23:59:33Z</time>
      </trkpt>
      <trkpt lat="39.26721367019494" lon="118.46046221628075">
        <ele>3.2</ele>
        <time>2026-08-15T23:59:34Z</time>
      </trkpt>
      <trkpt lat="39.26721214168821" lon="118.46043224939528">
        <ele>3.2</ele>
        <time>2026-08-15T23:59:35Z</time>
      </trkpt>
      <trkpt lat="39.267210506905826" lon="118.46040302416525">
        <ele>3.2</ele>
        <time>2026-08-15T23:59:36Z</time>
      </trkpt>
      <trkpt lat="39.267208988885585" lon="118.46037881657645">
        <ele>3.2</ele>
        <time>2026-08-15T23:59:37Z</time>
      </trkpt>
      <trkpt lat="39.26720729050437" lon="118.46035154852527">
        <ele>3.2</ele>
        <time>2026-08-15T23:59:38Z</time>
      </trkpt>
      <trkpt lat="39.267205531800265" lon="118.46032380560928">
        <ele>3.2</ele>
        <time>2026-08-15T23:59:39Z</time>
      </trkpt>
      <trkpt lat="39.26720348263383" lon="118.46029124105479">
        <ele>3.2</ele>
        <time>2026-08-15T23:59:40Z</time>
      </trkpt>
      <trkpt lat="39.267201498515234" lon="118.46026209962415">
        <ele>3.2</ele>
        <time>2026-08-15T23:59:41Z</time>
      </trkpt>
      <trkpt lat="39.26719941309956" lon="118.46023296673107">
        <ele>3.2</ele>
        <time>2026-08-15T23:59:42Z</time>
      </trkpt>
      <trkpt lat="39.2671972638937" lon="118.46020455504186">
        <ele>3.2</ele>
        <time>2026-08-15T23:59:43Z</time>
      </trkpt>
      <trkpt lat="39.267195000219914" lon="118.46017607324077">
        <ele>3.2</ele>
        <time>2026-08-15T23:59:44Z</time>
      </trkpt>
      <trkpt lat="39.26719266654124" lon="118.46014753363619">
        <ele>3.2</ele>
        <time>2026-08-15T23:59:45Z</time>
      </trkpt>
      <trkpt lat="39.26719030959755" lon="118.46011905601011">
        <ele>3.2</ele>
        <time>2026-08-15T23:59:46Z</time>
      </trkpt>
      <trkpt lat="39.267188038522946" lon="118.46009116527944">
        <ele>3.2</ele>
        <time>2026-08-15T23:59:47Z</time>
      </trkpt>
      <trkpt lat="39.267185875731954" lon="118.46006349737557">
        <ele>3.2</ele>
        <time>2026-08-15T23:59:48Z</time>
      </trkpt>
      <trkpt lat="39.267183864938644" lon="118.4600360736812">
        <ele>3.2</ele>
        <time>2026-08-15T23:59:49Z</time>
      </trkpt>
      <trkpt lat="39.26718180247788" lon="118.4600041994916">
        <ele>3.2</ele>
        <time>2026-08-15T23:59:50Z</time>
      </trkpt>
      <trkpt lat="39.26717985217873" lon="118.45997142089034">
        <ele>3.2</ele>
        <time>2026-08-15T23:59:51Z</time>
      </trkpt>
      <trkpt lat="39.267178235306126" lon="118.45994264129415">
        <ele>3.2</ele>
        <time>2026-08-15T23:59:52Z</time>
      </trkpt>
      <trkpt lat="39.26717698131913" lon="118.4599192895509">
        <ele>3.2</ele>
        <time>2026-08-15T23:59:53Z</time>
      </trkpt>
      <trkpt lat="39.26717586019011" lon="118.45989773554388">
        <ele>3.2</ele>
        <time>2026-08-15T23:59:54Z</time>
      </trkpt>
      <trkpt lat="39.2671745729079" lon="118.4598726421604">
        <ele>3.2</ele>
        <time>2026-08-15T23:59:55Z</time>
      </trkpt>
      <trkpt lat="39.267173180949406" lon="118.45984684718458">
        <ele>3.2</ele>
        <time>2026-08-15T23:59:56Z</time>
      </trkpt>
      <trkpt lat="39.267171446869725" lon="118.45981492140724">
        <ele>3.2</ele>
        <time>2026-08-15T23:59:57Z</time>
      </trkpt>
      <trkpt lat="39.26716975252839" lon="118.45978534955323">
        <ele>3.2</ele>
        <time>2026-08-15T23:59:58Z</time>
      </trkpt>
      <trkpt lat="39.26716798196693" lon="118.4597545229595">
        <ele>3.2</ele>
        <time>2026-08-15T23:59:59Z</time>
      </trkpt>
      <trkpt lat="39.26716651525903" lon="118.45972990575164">
        <ele>3.2</ele>
        <time>2026-08-16T00:00:00Z</time>
      </trkpt>
      <trkpt lat="39.267165235428116" lon="118.4597074677768">
        <ele>3.2</ele>
        <time>2026-08-16T00:00:01Z</time>
      </trkpt>
      <trkpt lat="39.26716408384281" lon="118.45968401829242">
        <ele>3.2</ele>
        <time>2026-08-16T00:00:02Z</time>
      </trkpt>
      <trkpt lat="39.267163123616236" lon="118.45966032908363">
        <ele>3.2</ele>
        <time>2026-08-16T00:00:03Z</time>
      </trkpt>
      <trkpt lat="39.26716233749084" lon="118.45963593596393">
        <ele>3.2</ele>
        <time>2026-08-16T00:00:04Z</time>
      </trkpt>
      <trkpt lat="39.26716165872615" lon="118.4596099198829">
        <ele>3.2</ele>
        <time>2026-08-16T00:00:05Z</time>
      </trkpt>
      <trkpt lat="39.2671610745845" lon="118.45958331040401">
        <ele>3.2</ele>
        <time>2026-08-16T00:00:06Z</time>
      </trkpt>
      <trkpt lat="39.26716044253495" lon="118.45955257980323">
        <ele>3.2</ele>
        <time>2026-08-16T00:00:07Z</time>
      </trkpt>
      <trkpt lat="39.26716003280577" lon="118.45952478346122">
        <ele>3.2</ele>
        <time>2026-08-16T00:00:08Z</time>
      </trkpt>
      <trkpt lat="39.26715959061809" lon="118.45949276714178">
        <ele>3.2</ele>
        <time>2026-08-16T00:00:09Z</time>
      </trkpt>
      <trkpt lat="39.26715940790014" lon="118.4594642928212">
        <ele>3.2</ele>
        <time>2026-08-16T00:00:10Z</time>
      </trkpt>
      <trkpt lat="39.26715938565255" lon="118.459436725329">
        <ele>3.2</ele>
        <time>2026-08-16T00:00:11Z</time>
      </trkpt>
      <trkpt lat="39.26715950540571" lon="118.45941045345846">
        <ele>3.2</ele>
        <time>2026-08-16T00:00:12Z</time>
      </trkpt>
      <trkpt lat="39.26715969946999" lon="118.45938525272358">
        <ele>3.2</ele>
        <time>2026-08-16T00:00:13Z</time>
      </trkpt>
      <trkpt lat="39.26715972784089" lon="118.45935643817575">
        <ele>3.2</ele>
        <time>2026-08-16T00:00:14Z</time>
      </trkpt>
      <trkpt lat="39.26715982333628" lon="118.45933132365862">
        <ele>3.2</ele>
        <time>2026-08-16T00:00:15Z</time>
      </trkpt>
      <trkpt lat="39.26715978516445" lon="118.45930522408503">
        <ele>3.2</ele>
        <time>2026-08-16T00:00:16Z</time>
      </trkpt>
      <trkpt lat="39.2671596247709" lon="118.45927924633186">
        <ele>3.2</ele>
        <time>2026-08-16T00:00:17Z</time>
      </trkpt>
      <trkpt lat="39.26715926126746" lon="118.45925234913501">
        <ele>3.2</ele>
        <time>2026-08-16T00:00:18Z</time>
      </trkpt>
      <trkpt lat="39.26715870746335" lon="118.45922542869438">
        <ele>3.2</ele>
        <time>2026-08-16T00:00:19Z</time>
      </trkpt>
      <trkpt lat="39.267157911351944" lon="118.45919733880176">
        <ele>3.2</ele>
        <time>2026-08-16T00:00:20Z</time>
      </trkpt>
      <trkpt lat="39.26715697883555" lon="118.45916995738595">
        <ele>3.2</ele>
        <time>2026-08-16T00:00:21Z</time>
      </trkpt>
      <trkpt lat="39.26715588847404" lon="118.45914218371573">
        <ele>3.2</ele>
        <time>2026-08-16T00:00:22Z</time>
      </trkpt>
      <trkpt lat="39.26715467376598" lon="118.45911458647046">
        <ele>3.2</ele>
        <time>2026-08-16T00:00:23Z</time>
      </trkpt>
      <trkpt lat="39.26715332236189" lon="118.45908585948933">
        <ele>3.2</ele>
        <time>2026-08-16T00:00:24Z</time>
      </trkpt>
      <trkpt lat="39.267151744502016" lon="118.45905225636677">
        <ele>3.2</ele>
        <time>2026-08-16T00:00:25Z</time>
      </trkpt>
      <trkpt lat="39.26715038373411" lon="118.4590221064718">
        <ele>3.2</ele>
        <time>2026-08-16T00:00:26Z</time>
      </trkpt>
      <trkpt lat="39.26714917470299" lon="118.45899165903327">
        <ele>3.2</ele>
        <time>2026-08-16T00:00:27Z</time>
      </trkpt>
      <trkpt lat="39.26714818115346" lon="118.45896182207372">
        <ele>3.2</ele>
        <time>2026-08-16T00:00:28Z</time>
      </trkpt>
      <trkpt lat="39.26714735757024" lon="118.45893208278561">
        <ele>3.2</ele>
        <time>2026-08-16T00:00:29Z</time>
      </trkpt>
      <trkpt lat="39.26714662956451" lon="118.45890258857534">
        <ele>3.2</ele>
        <time>2026-08-16T00:00:30Z</time>
      </trkpt>
      <trkpt lat="39.26714594704601" lon="118.45887379963963">
        <ele>3.2</ele>
        <time>2026-08-16T00:00:31Z</time>
      </trkpt>
      <trkpt lat="39.26714523133527" lon="118.45884518653622">
        <ele>3.2</ele>
        <time>2026-08-16T00:00:32Z</time>
      </trkpt>
      <trkpt lat="39.267144252384085" lon="118.45881260027264">
        <ele>3.2</ele>
        <time>2026-08-16T00:00:33Z</time>
      </trkpt>
      <trkpt lat="39.267143305497584" lon="118.45878357514977">
        <ele>3.2</ele>
        <time>2026-08-16T00:00:34Z</time>
      </trkpt>
      <trkpt lat="39.26714223558234" lon="118.4587549263252">
        <ele>3.2</ele>
        <time>2026-08-16T00:00:35Z</time>
      </trkpt>
      <trkpt lat="39.26714109289235" lon="118.45872734885086">
        <ele>3.2</ele>
        <time>2026-08-16T00:00:36Z</time>
      </trkpt>
      <trkpt lat="39.26713988595546" lon="118.45870029756797">
        <ele>3.2</ele>
        <time>2026-08-16T00:00:37Z</time>
      </trkpt>
      <trkpt lat="39.26713839315141" lon="118.45866904801333">
        <ele>3.2</ele>
        <time>2026-08-16T00:00:38Z</time>
      </trkpt>
      <trkpt lat="39.26713697528468" lon="118.45864153831458">
        <ele>3.2</ele>
        <time>2026-08-16T00:00:39Z</time>
      </trkpt>
      <trkpt lat="39.26713518737517" lon="118.45860911413503">
        <ele>3.2</ele>
        <time>2026-08-16T00:00:40Z</time>
      </trkpt>
      <trkpt lat="39.26713347498841" lon="118.4585807595184">
        <ele>3.2</ele>
        <time>2026-08-16T00:00:41Z</time>
      </trkpt>
      <trkpt lat="39.267131615075954" lon="118.4585517466525">
        <ele>3.2</ele>
        <time>2026-08-16T00:00:42Z</time>
      </trkpt>
      <trkpt lat="39.267129670088835" lon="118.45852345523241">
        <ele>3.2</ele>
        <time>2026-08-16T00:00:43Z</time>
      </trkpt>
      <trkpt lat="39.26712762589428" lon="118.45849531705642">
        <ele>3.2</ele>
        <time>2026-08-16T00:00:44Z</time>
      </trkpt>
      <trkpt lat="39.267125465945455" lon="118.45846664271811">
        <ele>3.2</ele>
        <time>2026-08-16T00:00:45Z</time>
      </trkpt>
      <trkpt lat="39.26712348490887" lon="118.45844210039337">
        <ele>3.2</ele>
        <time>2026-08-16T00:00:46Z</time>
      </trkpt>
      <trkpt lat="39.26712133870917" lon="118.45841428849039">
        <ele>3.2</ele>
        <time>2026-08-16T00:00:47Z</time>
      </trkpt>
      <trkpt lat="39.267119295623324" lon="118.45838746000646">
        <ele>3.2</ele>
        <time>2026-08-16T00:00:48Z</time>
      </trkpt>
      <trkpt lat="39.267117296255684" lon="118.45836021771524">
        <ele>3.2</ele>
        <time>2026-08-16T00:00:49Z</time>
      </trkpt>
      <trkpt lat="39.26711533664794" lon="118.45833264434533">
        <ele>3.2</ele>
        <time>2026-08-16T00:00:50Z</time>
      </trkpt>
      <trkpt lat="39.26711340788958" lon="118.45830472683306">
        <ele>3.2</ele>
        <time>2026-08-16T00:00:51Z</time>
      </trkpt>
      <trkpt lat="39.267111510981735" lon="118.4582771666349">
        <ele>3.2</ele>
        <time>2026-08-16T00:00:52Z</time>
      </trkpt>
      <trkpt lat="39.26710960124618" lon="118.45824962301441">
        <ele>3.2</ele>
        <time>2026-08-16T00:00:53Z</time>
      </trkpt>
      <trkpt lat="39.26710768152819" lon="118.45822238699178">
        <ele>3.2</ele>
        <time>2026-08-16T00:00:54Z</time>
      </trkpt>
      <trkpt lat="39.26710554642857" lon="118.45819108895635">
        <ele>3.2</ele>
        <time>2026-08-16T00:00:55Z</time>
      </trkpt>
      <trkpt lat="39.26710321774859" lon="118.458164238371">
        <ele>3.2</ele>
        <time>2026-08-16T00:00:56Z</time>
      </trkpt>
      <trkpt lat="39.26710110301519" lon="118.45813875837167">
        <ele>3.2</ele>
        <time>2026-08-16T00:00:57Z</time>
      </trkpt>
      <trkpt lat="39.267099790062844" lon="118.45811588118134">
        <ele>3.2</ele>
        <time>2026-08-16T00:00:58Z</time>
      </trkpt>
      <trkpt lat="39.2670991797647" lon="118.4580929382325">
        <ele>3.2</ele>
        <time>2026-08-16T00:00:59Z</time>
      </trkpt>
      <trkpt lat="39.267098700902416" lon="118.45806948617474">
        <ele>3.2</ele>
        <time>2026-08-16T00:01:00Z</time>
      </trkpt>
      <trkpt lat="39.267097624602485" lon="118.45804369846707">
        <ele>3.2</ele>
        <time>2026-08-16T00:01:01Z</time>
      </trkpt>
      <trkpt lat="39.267096434177866" lon="118.45801753368372">
        <ele>3.1</ele>
        <time>2026-08-16T00:01:02Z</time>
      </trkpt>
      <trkpt lat="39.26709504043709" lon="118.45799077693407">
        <ele>3.1</ele>
        <time>2026-08-16T00:01:03Z</time>
      </trkpt>
      <trkpt lat="39.267093530371426" lon="118.4579644403402">
        <ele>3.1</ele>
        <time>2026-08-16T00:01:04Z</time>
      </trkpt>
      <trkpt lat="39.267091877613616" lon="118.45793797649105">
        <ele>3.1</ele>
        <time>2026-08-16T00:01:05Z</time>
      </trkpt>
      <trkpt lat="39.2670898929301" lon="118.45790727984883">
        <ele>3.1</ele>
        <time>2026-08-16T00:01:06Z</time>
      </trkpt>
      <trkpt lat="39.2670880292935" lon="118.45787978737134">
        <ele>3.1</ele>
        <time>2026-08-16T00:01:07Z</time>
      </trkpt>
      <trkpt lat="39.26708587290319" lon="118.45784753745845">
        <ele>3.1</ele>
        <time>2026-08-16T00:01:08Z</time>
      </trkpt>
      <trkpt lat="39.26708389792595" lon="118.45781880862046">
        <ele>3.1</ele>
        <time>2026-08-16T00:01:09Z</time>
      </trkpt>
      <trkpt lat="39.267081918062786" lon="118.45778971069215">
        <ele>3.1</ele>
        <time>2026-08-16T00:01:10Z</time>
      </trkpt>
      <trkpt lat="39.26708000323713" lon="118.45776114681324">
        <ele>3.1</ele>
        <time>2026-08-16T00:01:11Z</time>
      </trkpt>
      <trkpt lat="39.267078133252305" lon="118.45773259665546">
        <ele>3.1</ele>
        <time>2026-08-16T00:01:12Z</time>
      </trkpt>
      <trkpt lat="39.267076327034964" lon="118.45770426039">
        <ele>3.1</ele>
        <time>2026-08-16T00:01:13Z</time>
      </trkpt>
      <trkpt lat="39.26707489413728" lon="118.45768195172941">
        <ele>3.1</ele>
        <time>2026-08-16T00:01:14Z</time>
      </trkpt>
      <trkpt lat="39.26707336258054" lon="118.45765667603281">
        <ele>3.1</ele>
        <time>2026-08-16T00:01:15Z</time>
      </trkpt>
      <trkpt lat="39.2670719697964" lon="118.45763174070613">
        <ele>3.1</ele>
        <time>2026-08-16T00:01:16Z</time>
      </trkpt>
      <trkpt lat="39.26707065772782" lon="118.45760466876413">
        <ele>3.1</ele>
        <time>2026-08-16T00:01:17Z</time>
      </trkpt>
      <trkpt lat="39.26706958062397" lon="118.45757747275506">
        <ele>3.1</ele>
        <time>2026-08-16T00:01:18Z</time>
      </trkpt>
      <trkpt lat="39.26706869137968" lon="118.45754983565735">
        <ele>3.1</ele>
        <time>2026-08-16T00:01:19Z</time>
      </trkpt>
      <trkpt lat="39.267067984313606" lon="118.45752251161085">
        <ele>3.1</ele>
        <time>2026-08-16T00:01:20Z</time>
      </trkpt>
      <trkpt lat="39.26706739241471" lon="118.45749510993939">
        <ele>3.1</ele>
        <time>2026-08-16T00:01:21Z</time>
      </trkpt>
      <trkpt lat="39.26706688646099" lon="118.4574681779131">
        <ele>3.1</ele>
        <time>2026-08-16T00:01:22Z</time>
      </trkpt>
      <trkpt lat="39.26706610787163" lon="118.45743686896034">
        <ele>3.1</ele>
        <time>2026-08-16T00:01:23Z</time>
      </trkpt>
      <trkpt lat="39.267065366248474" lon="118.4574091506195">
        <ele>3.1</ele>
        <time>2026-08-16T00:01:24Z</time>
      </trkpt>
      <trkpt lat="39.26706413563421" lon="118.4573767881042">
        <ele>3.1</ele>
        <time>2026-08-16T00:01:25Z</time>
      </trkpt>
      <trkpt lat="39.26706286611023" lon="118.45734859692551">
        <ele>3.1</ele>
        <time>2026-08-16T00:01:26Z</time>
      </trkpt>
      <trkpt lat="39.26706110917886" lon="118.45731593868292">
        <ele>3.1</ele>
        <time>2026-08-16T00:01:27Z</time>
      </trkpt>
      <trkpt lat="39.26705936748303" lon="118.45728735438543">
        <ele>3.1</ele>
        <time>2026-08-16T00:01:28Z</time>
      </trkpt>
      <trkpt lat="39.26705745758576" lon="118.45725830793091">
        <ele>3.1</ele>
        <time>2026-08-16T00:01:29Z</time>
      </trkpt>
      <trkpt lat="39.267055506614895" lon="118.45723013680819">
        <ele>3.1</ele>
        <time>2026-08-16T00:01:30Z</time>
      </trkpt>
      <trkpt lat="39.26705352074724" lon="118.45720195147206">
        <ele>3.1</ele>
        <time>2026-08-16T00:01:31Z</time>
      </trkpt>
      <trkpt lat="39.26705156335967" lon="118.45717378790472">
        <ele>3</ele>
        <time>2026-08-16T00:01:32Z</time>
      </trkpt>
      <trkpt lat="39.26704948058095" lon="118.45714947958129">
        <ele>3</ele>
        <time>2026-08-16T00:01:33Z</time>
      </trkpt>
      <trkpt lat="39.26704659545073" lon="118.45712376615448">
        <ele>3</ele>
        <time>2026-08-16T00:01:34Z</time>
      </trkpt>
      <trkpt lat="39.26704380233574" lon="118.4571013119891">
        <ele>3</ele>
        <time>2026-08-16T00:01:35Z</time>
      </trkpt>
      <trkpt lat="39.267040622175266" lon="118.45707651555314">
        <ele>3</ele>
        <time>2026-08-16T00:01:36Z</time>
      </trkpt>
      <trkpt lat="39.2670385848421" lon="118.45705398816806">
        <ele>3</ele>
        <time>2026-08-16T00:01:37Z</time>
      </trkpt>
      <trkpt lat="39.26703708649047" lon="118.45702442575546">
        <ele>3</ele>
        <time>2026-08-16T00:01:38Z</time>
      </trkpt>
      <trkpt lat="39.26703685357793" lon="118.456996532359">
        <ele>3</ele>
        <time>2026-08-16T00:01:39Z</time>
      </trkpt>
      <trkpt lat="39.26703659827474" lon="118.4569668028292">
        <ele>3</ele>
        <time>2026-08-16T00:01:40Z</time>
      </trkpt>
      <trkpt lat="39.26703599058573" lon="118.45693697460979">
        <ele>3</ele>
        <time>2026-08-16T00:01:41Z</time>
      </trkpt>
      <trkpt lat="39.26703504896039" lon="118.4569087843521">
        <ele>3</ele>
        <time>2026-08-16T00:01:42Z</time>
      </trkpt>
      <trkpt lat="39.26703462575892" lon="118.45688091549525">
        <ele>3</ele>
        <time>2026-08-16T00:01:43Z</time>
      </trkpt>
      <trkpt lat="39.26703479829796" lon="118.45685640820732">
        <ele>3</ele>
        <time>2026-08-16T00:01:44Z</time>
      </trkpt>
      <trkpt lat="39.26703556639168" lon="118.45682904956104">
        <ele>3</ele>
        <time>2026-08-16T00:01:45Z</time>
      </trkpt>
      <trkpt lat="39.267036342998175" lon="118.45680217828021">
        <ele>3</ele>
        <time>2026-08-16T00:01:46Z</time>
      </trkpt>
      <trkpt lat="39.267037276787335" lon="118.45677181010377">
        <ele>3.1</ele>
        <time>2026-08-16T00:01:47Z</time>
      </trkpt>
      <trkpt lat="39.26703812152506" lon="118.45674077847792">
        <ele>3.1</ele>
        <time>2026-08-16T00:01:48Z</time>
      </trkpt>
      <trkpt lat="39.26703867728232" lon="118.45670939765822">
        <ele>3.1</ele>
        <time>2026-08-16T00:01:49Z</time>
      </trkpt>
      <trkpt lat="39.267038649029004" lon="118.45668331860108">
        <ele>3.1</ele>
        <time>2026-08-16T00:01:50Z</time>
      </trkpt>
      <trkpt lat="39.26703823477157" lon="118.45665985040075">
        <ele>3.1</ele>
        <time>2026-08-16T00:01:51Z</time>
      </trkpt>
      <trkpt lat="39.26703754491388" lon="118.45663731484072">
        <ele>3.1</ele>
        <time>2026-08-16T00:01:52Z</time>
      </trkpt>
      <trkpt lat="39.267036461424915" lon="118.45661001792116">
        <ele>3.1</ele>
        <time>2026-08-16T00:01:53Z</time>
      </trkpt>
      <trkpt lat="39.26703525004493" lon="118.45658204825706">
        <ele>3.1</ele>
        <time>2026-08-16T00:01:54Z</time>
      </trkpt>
      <trkpt lat="39.26703404204734" lon="118.45655365769636">
        <ele>3.1</ele>
        <time>2026-08-16T00:01:55Z</time>
      </trkpt>
      <trkpt lat="39.267033112983114" lon="118.45652934642689">
        <ele>3.1</ele>
        <time>2026-08-16T00:01:56Z</time>
      </trkpt>
      <trkpt lat="39.26703224199987" lon="118.45650159325433">
        <ele>3.1</ele>
        <time>2026-08-16T00:01:57Z</time>
      </trkpt>
      <trkpt lat="39.267031574314124" lon="118.45647423376772">
        <ele>3.1</ele>
        <time>2026-08-16T00:01:58Z</time>
      </trkpt>
      <trkpt lat="39.26703090393124" lon="118.45644239710009">
        <ele>3.1</ele>
        <time>2026-08-16T00:01:59Z</time>
      </trkpt>
      <trkpt lat="39.267030500456485" lon="118.45641408164674">
        <ele>3.1</ele>
        <time>2026-08-16T00:02:00Z</time>
      </trkpt>
      <trkpt lat="39.267030206573125" lon="118.45638572812716">
        <ele>3.1</ele>
        <time>2026-08-16T00:02:01Z</time>
      </trkpt>
      <trkpt lat="39.267030039580206" lon="118.4563581745737">
        <ele>3</ele>
        <time>2026-08-16T00:02:02Z</time>
      </trkpt>
      <trkpt lat="39.26702998088801" lon="118.45633084913553">
        <ele>3</ele>
        <time>2026-08-16T00:02:03Z</time>
      </trkpt>
      <trkpt lat="39.26703000149466" lon="118.45630353492142">
        <ele>3</ele>
        <time>2026-08-16T00:02:04Z</time>
      </trkpt>
      <trkpt lat="39.26703002496011" lon="118.45627583212456">
        <ele>3</ele>
        <time>2026-08-16T00:02:05Z</time>
      </trkpt>
      <trkpt lat="39.26702994719505" lon="118.45624801061071">
        <ele>3</ele>
        <time>2026-08-16T00:02:06Z</time>
      </trkpt>
      <trkpt lat="39.26702943915112" lon="118.45621582517167">
        <ele>2.9</ele>
        <time>2026-08-16T00:02:07Z</time>
      </trkpt>
      <trkpt lat="39.26702867941532" lon="118.45618707545964">
        <ele>2.9</ele>
        <time>2026-08-16T00:02:08Z</time>
      </trkpt>
      <trkpt lat="39.26702745174585" lon="118.45615830021174">
        <ele>2.9</ele>
        <time>2026-08-16T00:02:09Z</time>
      </trkpt>
      <trkpt lat="39.26702593507448" lon="118.45613405658996">
        <ele>2.9</ele>
        <time>2026-08-16T00:02:10Z</time>
      </trkpt>
      <trkpt lat="39.26702403025609" lon="118.45611072260768">
        <ele>2.9</ele>
        <time>2026-08-16T00:02:11Z</time>
      </trkpt>
      <trkpt lat="39.26702161695039" lon="118.45608349383319">
        <ele>2.9</ele>
        <time>2026-08-16T00:02:12Z</time>
      </trkpt>
      <trkpt lat="39.267019019938544" lon="118.4560557396981">
        <ele>2.9</ele>
        <time>2026-08-16T00:02:13Z</time>
      </trkpt>
      <trkpt lat="39.26701614743729" lon="118.45602234003816">
        <ele>2.9</ele>
        <time>2026-08-16T00:02:14Z</time>
      </trkpt>
      <trkpt lat="39.26701349907621" lon="118.45599183844939">
        <ele>2.9</ele>
        <time>2026-08-16T00:02:15Z</time>
      </trkpt>
      <trkpt lat="39.267010959230944" lon="118.4559606256123">
        <ele>2.9</ele>
        <time>2026-08-16T00:02:16Z</time>
      </trkpt>
      <trkpt lat="39.267008656689214" lon="118.45593024684344">
        <ele>2.9</ele>
        <time>2026-08-16T00:02:17Z</time>
      </trkpt>
      <trkpt lat="39.267006602722894" lon="118.45589969131305">
        <ele>2.9</ele>
        <time>2026-08-16T00:02:18Z</time>
      </trkpt>
      <trkpt lat="39.26700486625188" lon="118.45586928754571">
        <ele>2.9</ele>
        <time>2026-08-16T00:02:19Z</time>
      </trkpt>
      <trkpt lat="39.267003442313424" lon="118.45583844662148">
        <ele>2.9</ele>
        <time>2026-08-16T00:02:20Z</time>
      </trkpt>
      <trkpt lat="39.26700236564526" lon="118.4558080241341">
        <ele>2.9</ele>
        <time>2026-08-16T00:02:21Z</time>
      </trkpt>
      <trkpt lat="39.26700152544184" lon="118.45577735350463">
        <ele>2.9</ele>
        <time>2026-08-16T00:02:22Z</time>
      </trkpt>
      <trkpt lat="39.267001094495136" lon="118.45575265368852">
        <ele>2.9</ele>
        <time>2026-08-16T00:02:23Z</time>
      </trkpt>
      <trkpt lat="39.26700044559577" lon="118.4557247953761">
        <ele>2.9</ele>
        <time>2026-08-16T00:02:24Z</time>
      </trkpt>
      <trkpt lat="39.26699966757751" lon="118.45569880474181">
        <ele>2.9</ele>
        <time>2026-08-16T00:02:25Z</time>
      </trkpt>
      <trkpt lat="39.266998528149394" lon="118.45567168053296">
        <ele>2.9</ele>
        <time>2026-08-16T00:02:26Z</time>
      </trkpt>
      <trkpt lat="39.26699707647883" lon="118.45564434262668">
        <ele>2.9</ele>
        <time>2026-08-16T00:02:27Z</time>
      </trkpt>
      <trkpt lat="39.26699534014736" lon="118.45561638839693">
        <ele>2.9</ele>
        <time>2026-08-16T00:02:28Z</time>
      </trkpt>
      <trkpt lat="39.2669931734852" lon="118.45558393274267">
        <ele>2.9</ele>
        <time>2026-08-16T00:02:29Z</time>
      </trkpt>
      <trkpt lat="39.266991044618585" lon="118.45555520496147">
        <ele>2.9</ele>
        <time>2026-08-16T00:02:30Z</time>
      </trkpt>
      <trkpt lat="39.26698883683095" lon="118.45552642967066">
        <ele>2.9</ele>
        <time>2026-08-16T00:02:31Z</time>
      </trkpt>
      <trkpt lat="39.266986617928445" lon="118.45549801622498">
        <ele>2.8</ele>
        <time>2026-08-16T00:02:32Z</time>
      </trkpt>
      <trkpt lat="39.26698449011229" lon="118.45547065600054">
        <ele>2.8</ele>
        <time>2026-08-16T00:02:33Z</time>
      </trkpt>
      <trkpt lat="39.26698244960138" lon="118.45544276845635">
        <ele>2.8</ele>
        <time>2026-08-16T00:02:34Z</time>
      </trkpt>
      <trkpt lat="39.266980631106925" lon="118.45541516832724">
        <ele>2.8</ele>
        <time>2026-08-16T00:02:35Z</time>
      </trkpt>
      <trkpt lat="39.26697901106412" lon="118.4553872497032">
        <ele>2.8</ele>
        <time>2026-08-16T00:02:36Z</time>
      </trkpt>
      <trkpt lat="39.26697733729882" lon="118.45535551912418">
        <ele>2.8</ele>
        <time>2026-08-16T00:02:37Z</time>
      </trkpt>
      <trkpt lat="39.26697587394481" lon="118.45532766262643">
        <ele>2.8</ele>
        <time>2026-08-16T00:02:38Z</time>
      </trkpt>
      <trkpt lat="39.266974317266204" lon="118.45529931667986">
        <ele>2.8</ele>
        <time>2026-08-16T00:02:39Z</time>
      </trkpt>
      <trkpt lat="39.26697267855486" lon="118.4552715596488">
        <ele>2.8</ele>
        <time>2026-08-16T00:02:40Z</time>
      </trkpt>
      <trkpt lat="39.26697092274702" lon="118.45524354488023">
        <ele>2.8</ele>
        <time>2026-08-16T00:02:41Z</time>
      </trkpt>
      <trkpt lat="39.26696888766621" lon="118.45521147342951">
        <ele>2.7</ele>
        <time>2026-08-16T00:02:42Z</time>
      </trkpt>
      <trkpt lat="39.266967021475" lon="118.45518291896296">
        <ele>2.7</ele>
        <time>2026-08-16T00:02:43Z</time>
      </trkpt>
      <trkpt lat="39.26696495117951" lon="118.45514900550187">
        <ele>2.7</ele>
        <time>2026-08-16T00:02:44Z</time>
      </trkpt>
      <trkpt lat="39.26696318704277" lon="118.45511843426618">
        <ele>2.7</ele>
        <time>2026-08-16T00:02:45Z</time>
      </trkpt>
      <trkpt lat="39.26696155901294" lon="118.45508706690919">
        <ele>2.7</ele>
        <time>2026-08-16T00:02:46Z</time>
      </trkpt>
      <trkpt lat="39.26696016207751" lon="118.45505699600848">
        <ele>2.7</ele>
        <time>2026-08-16T00:02:47Z</time>
      </trkpt>
      <trkpt lat="39.266958846092194" lon="118.45502666876098">
        <ele>2.7</ele>
        <time>2026-08-16T00:02:48Z</time>
      </trkpt>
      <trkpt lat="39.26695764247558" lon="118.45499781702672">
        <ele>2.7</ele>
        <time>2026-08-16T00:02:49Z</time>
      </trkpt>
      <trkpt lat="39.26695662410904" lon="118.45497307481011">
        <ele>2.7</ele>
        <time>2026-08-16T00:02:50Z</time>
      </trkpt>
      <trkpt lat="39.266955433119314" lon="118.45494538428098">
        <ele>2.7</ele>
        <time>2026-08-16T00:02:51Z</time>
      </trkpt>
      <trkpt lat="39.266954125567985" lon="118.45491661655412">
        <ele>2.7</ele>
        <time>2026-08-16T00:02:52Z</time>
      </trkpt>
      <trkpt lat="39.266952674977034" lon="118.45488684273285">
        <ele>2.7</ele>
        <time>2026-08-16T00:02:53Z</time>
      </trkpt>
      <trkpt lat="39.266951402635335" lon="118.45486292770207">
        <ele>2.7</ele>
        <time>2026-08-16T00:02:54Z</time>
      </trkpt>
      <trkpt lat="39.26694994145439" lon="118.45483587463838">
        <ele>2.7</ele>
        <time>2026-08-16T00:02:55Z</time>
      </trkpt>
      <trkpt lat="39.26694860968605" lon="118.4548102115531">
        <ele>2.7</ele>
        <time>2026-08-16T00:02:56Z</time>
      </trkpt>
      <trkpt lat="39.26694715935421" lon="118.45477837795006">
        <ele>2.7</ele>
        <time>2026-08-16T00:02:57Z</time>
      </trkpt>
      <trkpt lat="39.26694608966591" lon="118.4547504337443">
        <ele>2.7</ele>
        <time>2026-08-16T00:02:58Z</time>
      </trkpt>
      <trkpt lat="39.266944983841746" lon="118.45471750113386">
        <ele>2.7</ele>
        <time>2026-08-16T00:02:59Z</time>
      </trkpt>
      <trkpt lat="39.26694419036159" lon="118.45468835208082">
        <ele>2.7</ele>
        <time>2026-08-16T00:03:00Z</time>
      </trkpt>
      <trkpt lat="39.26694344333947" lon="118.45465824009256">
        <ele>2.7</ele>
        <time>2026-08-16T00:03:01Z</time>
      </trkpt>
      <trkpt lat="39.26694297202346" lon="118.45463348263769">
        <ele>2.7</ele>
        <time>2026-08-16T00:03:02Z</time>
      </trkpt>
      <trkpt lat="39.26694237798774" lon="118.45460617273159">
        <ele>2.7</ele>
        <time>2026-08-16T00:03:03Z</time>
      </trkpt>
      <trkpt lat="39.266941739202856" lon="118.45457944673315">
        <ele>2.7</ele>
        <time>2026-08-16T00:03:04Z</time>
      </trkpt>
      <trkpt lat="39.26694095824407" lon="118.45455234983763">
        <ele>2.7</ele>
        <time>2026-08-16T00:03:05Z</time>
      </trkpt>
      <trkpt lat="39.26694018944341" lon="118.45452933185241">
        <ele>2.7</ele>
        <time>2026-08-16T00:03:06Z</time>
      </trkpt>
      <trkpt lat="39.26693915109244" lon="118.45450301478944">
        <ele>2.7</ele>
        <time>2026-08-16T00:03:07Z</time>
      </trkpt>
      <trkpt lat="39.266937941416536" lon="118.45447756925283">
        <ele>2.7</ele>
        <time>2026-08-16T00:03:08Z</time>
      </trkpt>
      <trkpt lat="39.266936699957334" lon="118.45444727236433">
        <ele>2.7</ele>
        <time>2026-08-16T00:03:09Z</time>
      </trkpt>
      <trkpt lat="39.26693570151224" lon="118.45442018379164">
        <ele>2.7</ele>
        <time>2026-08-16T00:03:10Z</time>
      </trkpt>
      <trkpt lat="39.26693483857949" lon="118.4543920355673">
        <ele>2.7</ele>
        <time>2026-08-16T00:03:11Z</time>
      </trkpt>
      <trkpt lat="39.266934059579825" lon="118.45436845226571">
        <ele>2.7</ele>
        <time>2026-08-16T00:03:12Z</time>
      </trkpt>
      <trkpt lat="39.26693336817978" lon="118.4543459861954">
        <ele>2.7</ele>
        <time>2026-08-16T00:03:13Z</time>
      </trkpt>
      <trkpt lat="39.266932686405426" lon="118.45432020181359">
        <ele>2.7</ele>
        <time>2026-08-16T00:03:14Z</time>
      </trkpt>
      <trkpt lat="39.26693216403149" lon="118.4542943555047">
        <ele>2.7</ele>
        <time>2026-08-16T00:03:15Z</time>
      </trkpt>
      <trkpt lat="39.26693170321593" lon="118.45426789453496">
        <ele>2.7</ele>
        <time>2026-08-16T00:03:16Z</time>
      </trkpt>
      <trkpt lat="39.26693124705671" lon="118.45424145737213">
        <ele>2.7</ele>
        <time>2026-08-16T00:03:17Z</time>
      </trkpt>
      <trkpt lat="39.266930707149086" lon="118.45421494441948">
        <ele>2.7</ele>
        <time>2026-08-16T00:03:18Z</time>
      </trkpt>
      <trkpt lat="39.266930021770555" lon="118.45418859542752">
        <ele>2.7</ele>
        <time>2026-08-16T00:03:19Z</time>
      </trkpt>
      <trkpt lat="39.26692918490661" lon="118.45416244945501">
        <ele>2.7</ele>
        <time>2026-08-16T00:03:20Z</time>
      </trkpt>
      <trkpt lat="39.266928225673276" lon="118.4541357370849">
        <ele>2.7</ele>
        <time>2026-08-16T00:03:21Z</time>
      </trkpt>
      <trkpt lat="39.26692703302866" lon="118.4541044248245">
        <ele>2.7</ele>
        <time>2026-08-16T00:03:22Z</time>
      </trkpt>
      <trkpt lat="39.266925990199724" lon="118.45407620039511">
        <ele>2.7</ele>
        <time>2026-08-16T00:03:23Z</time>
      </trkpt>
      <trkpt lat="39.26692491581159" lon="118.45404809705231">
        <ele>2.7</ele>
        <time>2026-08-16T00:03:24Z</time>
      </trkpt>
      <trkpt lat="39.26692378317486" lon="118.45402089858398">
        <ele>2.7</ele>
        <time>2026-08-16T00:03:25Z</time>
      </trkpt>
      <trkpt lat="39.266922522291104" lon="118.45399397115217">
        <ele>2.7</ele>
        <time>2026-08-16T00:03:26Z</time>
      </trkpt>
      <trkpt lat="39.2669211361781" lon="118.45396750545521">
        <ele>2.7</ele>
        <time>2026-08-16T00:03:27Z</time>
      </trkpt>
      <trkpt lat="39.26691960680002" lon="118.45394109980886">
        <ele>2.7</ele>
        <time>2026-08-16T00:03:28Z</time>
      </trkpt>
      <trkpt lat="39.26691771064041" lon="118.45390958990723">
        <ele>2.7</ele>
        <time>2026-08-16T00:03:29Z</time>
      </trkpt>
      <trkpt lat="39.26691572580844" lon="118.4538770550642">
        <ele>2.7</ele>
        <time>2026-08-16T00:03:30Z</time>
      </trkpt>
      <trkpt lat="39.26691389659495" lon="118.4538472896052">
        <ele>2.7</ele>
        <time>2026-08-16T00:03:31Z</time>
      </trkpt>
      <trkpt lat="39.2669121338058" lon="118.45381743849441">
        <ele>2.7</ele>
        <time>2026-08-16T00:03:32Z</time>
      </trkpt>
      <trkpt lat="39.26691043756443" lon="118.4537876029811">
        <ele>2.7</ele>
        <time>2026-08-16T00:03:33Z</time>
      </trkpt>
      <trkpt lat="39.266908783055214" lon="118.45375671725023">
        <ele>2.7</ele>
        <time>2026-08-16T00:03:34Z</time>
      </trkpt>
      <trkpt lat="39.266907235296635" lon="118.45372593047266">
        <ele>2.7</ele>
        <time>2026-08-16T00:03:35Z</time>
      </trkpt>
      <trkpt lat="39.26690584087366" lon="118.45369570634061">
        <ele>2.7</ele>
        <time>2026-08-16T00:03:36Z</time>
      </trkpt>
      <trkpt lat="39.26690478295024" lon="118.45366965285592">
        <ele>2.7</ele>
        <time>2026-08-16T00:03:37Z</time>
      </trkpt>
      <trkpt lat="39.26690411349963" lon="118.45364929825753">
        <ele>2.7</ele>
        <time>2026-08-16T00:03:38Z</time>
      </trkpt>
      <trkpt lat="39.26690355176446" lon="118.45363033730796">
        <ele>2.7</ele>
        <time>2026-08-16T00:03:39Z</time>
      </trkpt>
      <trkpt lat="39.26690259357687" lon="118.45360473909133">
        <ele>2.7</ele>
        <time>2026-08-16T00:03:40Z</time>
      </trkpt>
      <trkpt lat="39.26690148589584" lon="118.4535776984349">
        <ele>2.7</ele>
        <time>2026-08-16T00:03:41Z</time>
      </trkpt>
      <trkpt lat="39.26690017983789" lon="118.45354858340335">
        <ele>2.7</ele>
        <time>2026-08-16T00:03:42Z</time>
      </trkpt>
      <trkpt lat="39.26689874491192" lon="118.45351918587035">
        <ele>2.7</ele>
        <time>2026-08-16T00:03:43Z</time>
      </trkpt>
      <trkpt lat="39.26689689408199" lon="118.45348527006625">
        <ele>2.7</ele>
        <time>2026-08-16T00:03:44Z</time>
      </trkpt>
      <trkpt lat="39.26689479251915" lon="118.45345054736202">
        <ele>2.7</ele>
        <time>2026-08-16T00:03:45Z</time>
      </trkpt>
      <trkpt lat="39.266892678343595" lon="118.45341887350811">
        <ele>2.7</ele>
        <time>2026-08-16T00:03:46Z</time>
      </trkpt>
      <trkpt lat="39.2668904848005" lon="118.45338759515558">
        <ele>2.6</ele>
        <time>2026-08-16T00:03:47Z</time>
      </trkpt>
      <trkpt lat="39.26688833469971" lon="118.45335673044518">
        <ele>2.6</ele>
        <time>2026-08-16T00:03:48Z</time>
      </trkpt>
      <trkpt lat="39.26688627893646" lon="118.45332602186944">
        <ele>2.6</ele>
        <time>2026-08-16T00:03:49Z</time>
      </trkpt>
      <trkpt lat="39.266884312172444" lon="118.45329548934774">
        <ele>2.6</ele>
        <time>2026-08-16T00:03:50Z</time>
      </trkpt>
      <trkpt lat="39.26688241440262" lon="118.45326539445307">
        <ele>2.6</ele>
        <time>2026-08-16T00:03:51Z</time>
      </trkpt>
      <trkpt lat="39.266880279708914" lon="118.4532311941531">
        <ele>2.6</ele>
        <time>2026-08-16T00:03:52Z</time>
      </trkpt>
      <trkpt lat="39.266878345152186" lon="118.45320064782803">
        <ele>2.6</ele>
        <time>2026-08-16T00:03:53Z</time>
      </trkpt>
      <trkpt lat="39.26687637159433" lon="118.45316999147012">
        <ele>2.6</ele>
        <time>2026-08-16T00:03:54Z</time>
      </trkpt>
      <trkpt lat="39.26687438124533" lon="118.45314002279953">
        <ele>2.6</ele>
        <time>2026-08-16T00:03:55Z</time>
      </trkpt>
      <trkpt lat="39.26687230420446" lon="118.45310991426138">
        <ele>2.6</ele>
        <time>2026-08-16T00:03:56Z</time>
      </trkpt>
      <trkpt lat="39.266870113316486" lon="118.4530798635429">
        <ele>2.7</ele>
        <time>2026-08-16T00:03:57Z</time>
      </trkpt>
      <trkpt lat="39.26686778347322" lon="118.45304996003969">
        <ele>2.7</ele>
        <time>2026-08-16T00:03:58Z</time>
      </trkpt>
      <trkpt lat="39.266865331449644" lon="118.45302026234516">
        <ele>2.7</ele>
        <time>2026-08-16T00:03:59Z</time>
      </trkpt>
      <trkpt lat="39.26686276006124" lon="118.45299035374545">
        <ele>2.7</ele>
        <time>2026-08-16T00:04:00Z</time>
      </trkpt>
      <trkpt lat="39.266860395336955" lon="118.45296457173848">
        <ele>2.7</ele>
        <time>2026-08-16T00:04:01Z</time>
      </trkpt>
      <trkpt lat="39.26685779420915" lon="118.45293533690621">
        <ele>2.7</ele>
        <time>2026-08-16T00:04:02Z</time>
      </trkpt>
      <trkpt lat="39.26685524805645" lon="118.45290644755617">
        <ele>2.7</ele>
        <time>2026-08-16T00:04:03Z</time>
      </trkpt>
      <trkpt lat="39.26685248292699" lon="118.45287300995169">
        <ele>2.7</ele>
        <time>2026-08-16T00:04:04Z</time>
      </trkpt>
      <trkpt lat="39.26685002615516" lon="118.45284315997152">
        <ele>2.7</ele>
        <time>2026-08-16T00:04:05Z</time>
      </trkpt>
      <trkpt lat="39.266847636222295" lon="118.45281336972202">
        <ele>2.7</ele>
        <time>2026-08-16T00:04:06Z</time>
      </trkpt>
      <trkpt lat="39.266845352344724" lon="118.45278434939434">
        <ele>2.7</ele>
        <time>2026-08-16T00:04:07Z</time>
      </trkpt>
      <trkpt lat="39.266843148037374" lon="118.45275537442177">
        <ele>2.7</ele>
        <time>2026-08-16T00:04:08Z</time>
      </trkpt>
      <trkpt lat="39.26684106798618" lon="118.45272646709344">
        <ele>2.7</ele>
        <time>2026-08-16T00:04:09Z</time>
      </trkpt>
      <trkpt lat="39.2668391490585" lon="118.45269772277894">
        <ele>2.7</ele>
        <time>2026-08-16T00:04:10Z</time>
      </trkpt>
      <trkpt lat="39.266837406221526" lon="118.4526694157273">
        <ele>2.7</ele>
        <time>2026-08-16T00:04:11Z</time>
      </trkpt>
      <trkpt lat="39.266835543147344" lon="118.45263719888679">
        <ele>2.7</ele>
        <time>2026-08-16T00:04:12Z</time>
      </trkpt>
      <trkpt lat="39.266833991009186" lon="118.45260862414065">
        <ele>2.7</ele>
        <time>2026-08-16T00:04:13Z</time>
      </trkpt>
      <trkpt lat="39.26683251124883" lon="118.45257990030356">
        <ele>2.7</ele>
        <time>2026-08-16T00:04:14Z</time>
      </trkpt>
      <trkpt lat="39.266831147303066" lon="118.452551799552">
        <ele>2.7</ele>
        <time>2026-08-16T00:04:15Z</time>
      </trkpt>
      <trkpt lat="39.26682985043164" lon="118.45252374430109">
        <ele>2.7</ele>
        <time>2026-08-16T00:04:16Z</time>
      </trkpt>
      <trkpt lat="39.2668283363323" lon="118.45249142625742">
        <ele>2.8</ele>
        <time>2026-08-16T00:04:17Z</time>
      </trkpt>
      <trkpt lat="39.26682703998248" lon="118.4524625376322">
        <ele>2.8</ele>
        <time>2026-08-16T00:04:18Z</time>
      </trkpt>
      <trkpt lat="39.266825698326265" lon="118.45243342056422">
        <ele>2.8</ele>
        <time>2026-08-16T00:04:19Z</time>
      </trkpt>
      <trkpt lat="39.26682483358402" lon="118.45240573728903">
        <ele>2.8</ele>
        <time>2026-08-16T00:04:20Z</time>
      </trkpt>
      <trkpt lat="39.266824160612586" lon="118.45237794613405">
        <ele>2.8</ele>
        <time>2026-08-16T00:04:21Z</time>
      </trkpt>
      <trkpt lat="39.26682370158179" lon="118.45234968399042">
        <ele>2.8</ele>
        <time>2026-08-16T00:04:22Z</time>
      </trkpt>
      <trkpt lat="39.26682251632358" lon="118.45232112820483">
        <ele>2.8</ele>
        <time>2026-08-16T00:04:23Z</time>
      </trkpt>
      <trkpt lat="39.26682093657063" lon="118.4522928862647">
        <ele>2.8</ele>
        <time>2026-08-16T00:04:24Z</time>
      </trkpt>
      <trkpt lat="39.26681848596119" lon="118.45226178342445">
        <ele>2.8</ele>
        <time>2026-08-16T00:04:25Z</time>
      </trkpt>
      <trkpt lat="39.266815792363026" lon="118.45223321939847">
        <ele>2.8</ele>
        <time>2026-08-16T00:04:26Z</time>
      </trkpt>
      <trkpt lat="39.266812997464406" lon="118.45220440236048">
        <ele>2.8</ele>
        <time>2026-08-16T00:04:27Z</time>
      </trkpt>
      <trkpt lat="39.26681045165561" lon="118.45217524096647">
        <ele>2.8</ele>
        <time>2026-08-16T00:04:28Z</time>
      </trkpt>
      <trkpt lat="39.266808415703366" lon="118.45214654135765">
        <ele>2.8</ele>
        <time>2026-08-16T00:04:29Z</time>
      </trkpt>
      <trkpt lat="39.26680646047222" lon="118.45211781571122">
        <ele>2.8</ele>
        <time>2026-08-16T00:04:30Z</time>
      </trkpt>
      <trkpt lat="39.26680473809127" lon="118.45209324002282">
        <ele>2.8</ele>
        <time>2026-08-16T00:04:31Z</time>
      </trkpt>
      <trkpt lat="39.26680305062723" lon="118.45206950574442">
        <ele>2.9</ele>
        <time>2026-08-16T00:04:32Z</time>
      </trkpt>
      <trkpt lat="39.26680123744433" lon="118.45204254202858">
        <ele>2.9</ele>
        <time>2026-08-16T00:04:33Z</time>
      </trkpt>
      <trkpt lat="39.266799428460246" lon="118.45201549439223">
        <ele>2.9</ele>
        <time>2026-08-16T00:04:34Z</time>
      </trkpt>
      <trkpt lat="39.266797450629014" lon="118.45198354161744">
        <ele>2.9</ele>
        <time>2026-08-16T00:04:35Z</time>
      </trkpt>
      <trkpt lat="39.266795653139994" lon="118.45195497967443">
        <ele>2.9</ele>
        <time>2026-08-16T00:04:36Z</time>
      </trkpt>
      <trkpt lat="39.26679392047644" lon="118.45192613067461">
        <ele>2.8</ele>
        <time>2026-08-16T00:04:37Z</time>
      </trkpt>
      <trkpt lat="39.266792269157875" lon="118.45189768836028">
        <ele>2.8</ele>
        <time>2026-08-16T00:04:38Z</time>
      </trkpt>
      <trkpt lat="39.266790646625786" lon="118.45186930920379">
        <ele>2.8</ele>
        <time>2026-08-16T00:04:39Z</time>
      </trkpt>
      <trkpt lat="39.26678902244666" lon="118.45184107506634">
        <ele>2.8</ele>
        <time>2026-08-16T00:04:40Z</time>
      </trkpt>
      <trkpt lat="39.26678740937923" lon="118.45181323012365">
        <ele>2.8</ele>
        <time>2026-08-16T00:04:41Z</time>
      </trkpt>
      <trkpt lat="39.26678582476449" lon="118.45178542409194">
        <ele>2.8</ele>
        <time>2026-08-16T00:04:42Z</time>
      </trkpt>
      <trkpt lat="39.266784178571584" lon="118.45175347127172">
        <ele>2.8</ele>
        <time>2026-08-16T00:04:43Z</time>
      </trkpt>
      <trkpt lat="39.266782773583344" lon="118.45172484784025">
        <ele>2.8</ele>
        <time>2026-08-16T00:04:44Z</time>
      </trkpt>
      <trkpt lat="39.266781529169556" lon="118.45169626936955">
        <ele>2.8</ele>
        <time>2026-08-16T00:04:45Z</time>
      </trkpt>
      <trkpt lat="39.26678049964281" lon="118.45166839556927">
        <ele>2.8</ele>
        <time>2026-08-16T00:04:46Z</time>
      </trkpt>
      <trkpt lat="39.26677970612022" lon="118.45164078481847">
        <ele>2.7</ele>
        <time>2026-08-16T00:04:47Z</time>
      </trkpt>
      <trkpt lat="39.26677900915255" lon="118.45160914876679">
        <ele>2.7</ele>
        <time>2026-08-16T00:04:48Z</time>
      </trkpt>
      <trkpt lat="39.26677860698952" lon="118.45158123860915">
        <ele>2.7</ele>
        <time>2026-08-16T00:04:49Z</time>
      </trkpt>
      <trkpt lat="39.26677819128568" lon="118.45154896907748">
        <ele>2.7</ele>
        <time>2026-08-16T00:04:50Z</time>
      </trkpt>
      <trkpt lat="39.26677799205648" lon="118.45152094515451">
        <ele>2.7</ele>
        <time>2026-08-16T00:04:51Z</time>
      </trkpt>
      <trkpt lat="39.26677788438944" lon="118.45149288906093">
        <ele>2.7</ele>
        <time>2026-08-16T00:04:52Z</time>
      </trkpt>
      <trkpt lat="39.26677791430915" lon="118.45146591593591">
        <ele>2.7</ele>
        <time>2026-08-16T00:04:53Z</time>
      </trkpt>
      <trkpt lat="39.26677803708736" lon="118.45143897846104">
        <ele>2.7</ele>
        <time>2026-08-16T00:04:54Z</time>
      </trkpt>
      <trkpt lat="39.26677824745836" lon="118.45141216551582">
        <ele>2.7</ele>
        <time>2026-08-16T00:04:55Z</time>
      </trkpt>
      <trkpt lat="39.266778566377944" lon="118.4513856267056">
        <ele>2.7</ele>
        <time>2026-08-16T00:04:56Z</time>
      </trkpt>
      <trkpt lat="39.26677898860156" lon="118.45135948068815">
        <ele>2.7</ele>
        <time>2026-08-16T00:04:57Z</time>
      </trkpt>
      <trkpt lat="39.266779370024736" lon="118.45132959538726">
        <ele>2.7</ele>
        <time>2026-08-16T00:04:58Z</time>
      </trkpt>
      <trkpt lat="39.266779889406436" lon="118.45130335982789">
        <ele>2.7</ele>
        <time>2026-08-16T00:04:59Z</time>
      </trkpt>
      <trkpt lat="39.26678042820874" lon="118.45127746207116">
        <ele>2.7</ele>
        <time>2026-08-16T00:05:00Z</time>
      </trkpt>
      <trkpt lat="39.26678096231191" lon="118.45125231254652">
        <ele>2.7</ele>
        <time>2026-08-16T00:05:01Z</time>
      </trkpt>
      <trkpt lat="39.26678131219363" lon="118.4512233714206">
        <ele>2.7</ele>
        <time>2026-08-16T00:05:02Z</time>
      </trkpt>
      <trkpt lat="39.266781533915335" lon="118.45119358837711">
        <ele>2.7</ele>
        <time>2026-08-16T00:05:03Z</time>
      </trkpt>
      <trkpt lat="39.26678176682125" lon="118.45116711672048">
        <ele>2.7</ele>
        <time>2026-08-16T00:05:04Z</time>
      </trkpt>
      <trkpt lat="39.266781909678755" lon="118.45114099196698">
        <ele>2.7</ele>
        <time>2026-08-16T00:05:05Z</time>
      </trkpt>
      <trkpt lat="39.266781992222136" lon="118.45111546446115">
        <ele>2.7</ele>
        <time>2026-08-16T00:05:06Z</time>
      </trkpt>
      <trkpt lat="39.2667819737955" lon="118.45109022443849">
        <ele>2.8</ele>
        <time>2026-08-16T00:05:07Z</time>
      </trkpt>
      <trkpt lat="39.266781813523096" lon="118.45106504840257">
        <ele>2.8</ele>
        <time>2026-08-16T00:05:08Z</time>
      </trkpt>
      <trkpt lat="39.266781480382235" lon="118.45103990801918">
        <ele>2.8</ele>
        <time>2026-08-16T00:05:09Z</time>
      </trkpt>
      <trkpt lat="39.2667807809232" lon="118.45101035125391">
        <ele>2.8</ele>
        <time>2026-08-16T00:05:10Z</time>
      </trkpt>
      <trkpt lat="39.266779933033696" lon="118.45098391133672">
        <ele>2.8</ele>
        <time>2026-08-16T00:05:11Z</time>
      </trkpt>
      <trkpt lat="39.266778786140044" lon="118.45095701983706">
        <ele>2.8</ele>
        <time>2026-08-16T00:05:12Z</time>
      </trkpt>
      <trkpt lat="39.266777339325536" lon="118.45093027959317">
        <ele>2.8</ele>
        <time>2026-08-16T00:05:13Z</time>
      </trkpt>
      <trkpt lat="39.266775619606705" lon="118.45090355905263">
        <ele>2.8</ele>
        <time>2026-08-16T00:05:14Z</time>
      </trkpt>
      <trkpt lat="39.26677368528907" lon="118.45087691975418">
        <ele>2.8</ele>
        <time>2026-08-16T00:05:15Z</time>
      </trkpt>
      <trkpt lat="39.26677162082274" lon="118.45085010391149">
        <ele>2.8</ele>
        <time>2026-08-16T00:05:16Z</time>
      </trkpt>
      <trkpt lat="39.2667695300048" lon="118.45082304899603">
        <ele>2.8</ele>
        <time>2026-08-16T00:05:17Z</time>
      </trkpt>
      <trkpt lat="39.2667674472555" lon="118.45079569446614">
        <ele>2.8</ele>
        <time>2026-08-16T00:05:18Z</time>
      </trkpt>
      <trkpt lat="39.26676555616415" lon="118.45077265560549">
        <ele>2.8</ele>
        <time>2026-08-16T00:05:19Z</time>
      </trkpt>
      <trkpt lat="39.266763515413366" lon="118.45074597942474">
        <ele>2.8</ele>
        <time>2026-08-16T00:05:20Z</time>
      </trkpt>
      <trkpt lat="39.266761459743414" lon="118.45071934747466">
        <ele>2.8</ele>
        <time>2026-08-16T00:05:21Z</time>
      </trkpt>
      <trkpt lat="39.266759295570616" lon="118.45069182754224">
        <ele>2.8</ele>
        <time>2026-08-16T00:05:22Z</time>
      </trkpt>
      <trkpt lat="39.26675702292341" lon="118.45066399952779">
        <ele>2.8</ele>
        <time>2026-08-16T00:05:23Z</time>
      </trkpt>
      <trkpt lat="39.266754615451596" lon="118.45063589626447">
        <ele>2.8</ele>
        <time>2026-08-16T00:05:24Z</time>
      </trkpt>
      <trkpt lat="39.266751944448934" lon="118.45060330647736">
        <ele>2.8</ele>
        <time>2026-08-16T00:05:25Z</time>
      </trkpt>
      <trkpt lat="39.266749354662615" lon="118.45057401646581">
        <ele>2.8</ele>
        <time>2026-08-16T00:05:26Z</time>
      </trkpt>
      <trkpt lat="39.266746746024786" lon="118.45054432483644">
        <ele>2.8</ele>
        <time>2026-08-16T00:05:27Z</time>
      </trkpt>
      <trkpt lat="39.26674424901057" lon="118.45051506915418">
        <ele>2.8</ele>
        <time>2026-08-16T00:05:28Z</time>
      </trkpt>
      <trkpt lat="39.26674195733279" lon="118.45048567937751">
        <ele>2.8</ele>
        <time>2026-08-16T00:05:29Z</time>
      </trkpt>
      <trkpt lat="39.26674003021814" lon="118.4504562158663">
        <ele>2.8</ele>
        <time>2026-08-16T00:05:30Z</time>
      </trkpt>
      <trkpt lat="39.266738558194625" lon="118.45042663210177">
        <ele>2.8</ele>
        <time>2026-08-16T00:05:31Z</time>
      </trkpt>
      <trkpt lat="39.26673755563432" lon="118.4503970209147">
        <ele>2.8</ele>
        <time>2026-08-16T00:05:32Z</time>
      </trkpt>
      <trkpt lat="39.26673696535777" lon="118.45036747693635">
        <ele>2.8</ele>
        <time>2026-08-16T00:05:33Z</time>
      </trkpt>
      <trkpt lat="39.26673682559521" lon="118.45034245720238">
        <ele>2.8</ele>
        <time>2026-08-16T00:05:34Z</time>
      </trkpt>
      <trkpt lat="39.26673689628757" lon="118.45031883646138">
        <ele>2.8</ele>
        <time>2026-08-16T00:05:35Z</time>
      </trkpt>
      <trkpt lat="39.26673693049928" lon="118.45029260242465">
        <ele>2.8</ele>
        <time>2026-08-16T00:05:36Z</time>
      </trkpt>
      <trkpt lat="39.26673693983162" lon="118.45026645296778">
        <ele>2.8</ele>
        <time>2026-08-16T00:05:37Z</time>
      </trkpt>
      <trkpt lat="39.26673685826838" lon="118.4502398612571">
        <ele>2.8</ele>
        <time>2026-08-16T00:05:38Z</time>
      </trkpt>
      <trkpt lat="39.2667366952843" lon="118.45021339354336">
        <ele>2.8</ele>
        <time>2026-08-16T00:05:39Z</time>
      </trkpt>
      <trkpt lat="39.266736468894635" lon="118.4501869976119">
        <ele>2.8</ele>
        <time>2026-08-16T00:05:40Z</time>
      </trkpt>
      <trkpt lat="39.26673604561841" lon="118.45015628643169">
        <ele>2.8</ele>
        <time>2026-08-16T00:05:41Z</time>
      </trkpt>
      <trkpt lat="39.26673566894341" lon="118.45012877098455">
        <ele>2.8</ele>
        <time>2026-08-16T00:05:42Z</time>
      </trkpt>
      <trkpt lat="39.266735247031036" lon="118.45010089772329">
        <ele>2.8</ele>
        <time>2026-08-16T00:05:43Z</time>
      </trkpt>
      <trkpt lat="39.266734848894" lon="118.45007346258683">
        <ele>2.8</ele>
        <time>2026-08-16T00:05:44Z</time>
      </trkpt>
      <trkpt lat="39.26673447071725" lon="118.45004593202427">
        <ele>2.8</ele>
        <time>2026-08-16T00:05:45Z</time>
      </trkpt>
      <trkpt lat="39.26673406281929" lon="118.4500183312459">
        <ele>2.8</ele>
        <time>2026-08-16T00:05:46Z</time>
      </trkpt>
      <trkpt lat="39.26673355835556" lon="118.4499903394349">
        <ele>2.8</ele>
        <time>2026-08-16T00:05:47Z</time>
      </trkpt>
      <trkpt lat="39.266732958146186" lon="118.44996214318297">
        <ele>2.8</ele>
        <time>2026-08-16T00:05:48Z</time>
      </trkpt>
      <trkpt lat="39.26673222356267" lon="118.4499328671853">
        <ele>2.8</ele>
        <time>2026-08-16T00:05:49Z</time>
      </trkpt>
      <trkpt lat="39.26673060080041" lon="118.44990716488712">
        <ele>2.8</ele>
        <time>2026-08-16T00:05:50Z</time>
      </trkpt>
      <trkpt lat="39.26672719434037" lon="118.44987814834526">
        <ele>2.8</ele>
        <time>2026-08-16T00:05:51Z</time>
      </trkpt>
      <trkpt lat="39.26672266386399" lon="118.44984934848556">
        <ele>2.8</ele>
        <time>2026-08-16T00:05:52Z</time>
      </trkpt>
      <trkpt lat="39.266717916165845" lon="118.44981978887098">
        <ele>2.8</ele>
        <time>2026-08-16T00:05:53Z</time>
      </trkpt>
      <trkpt lat="39.26671343443742" lon="118.44978951059096">
        <ele>2.8</ele>
        <time>2026-08-16T00:05:54Z</time>
      </trkpt>
      <trkpt lat="39.26670931225743" lon="118.44975953905008">
        <ele>2.8</ele>
        <time>2026-08-16T00:05:55Z</time>
      </trkpt>
      <trkpt lat="39.26670553140698" lon="118.44972729138671">
        <ele>2.8</ele>
        <time>2026-08-16T00:05:56Z</time>
      </trkpt>
      <trkpt lat="39.26670250470164" lon="118.4496988185387">
        <ele>2.8</ele>
        <time>2026-08-16T00:05:57Z</time>
      </trkpt>
      <trkpt lat="39.26669945467509" lon="118.44967032076413">
        <ele>2.8</ele>
        <time>2026-08-16T00:05:58Z</time>
      </trkpt>
      <trkpt lat="39.26669641431774" lon="118.44964156148981">
        <ele>2.8</ele>
        <time>2026-08-16T00:05:59Z</time>
      </trkpt>
      <trkpt lat="39.26669377909537" lon="118.44961255600262">
        <ele>2.8</ele>
        <time>2026-08-16T00:06:00Z</time>
      </trkpt>
      <trkpt lat="39.26669172466598" lon="118.4495835503921">
        <ele>2.8</ele>
        <time>2026-08-16T00:06:01Z</time>
      </trkpt>
      <trkpt lat="39.266690031437484" lon="118.44955530848857">
        <ele>2.8</ele>
        <time>2026-08-16T00:06:02Z</time>
      </trkpt>
      <trkpt lat="39.26668847398941" lon="118.44952812131073">
        <ele>2.8</ele>
        <time>2026-08-16T00:06:03Z</time>
      </trkpt>
      <trkpt lat="39.26668729463815" lon="118.44949862195809">
        <ele>2.8</ele>
        <time>2026-08-16T00:06:04Z</time>
      </trkpt>
      <trkpt lat="39.266686894445016" lon="118.44947238124145">
        <ele>2.8</ele>
        <time>2026-08-16T00:06:05Z</time>
      </trkpt>
      <trkpt lat="39.26668741234621" lon="118.44944216095813">
        <ele>2.8</ele>
        <time>2026-08-16T00:06:06Z</time>
      </trkpt>
      <trkpt lat="39.26668854967507" lon="118.44941407118975">
        <ele>2.8</ele>
        <time>2026-08-16T00:06:07Z</time>
      </trkpt>
      <trkpt lat="39.266690076492225" lon="118.4493845938565">
        <ele>2.8</ele>
        <time>2026-08-16T00:06:08Z</time>
      </trkpt>
      <trkpt lat="39.26669079703924" lon="118.44935489673938">
        <ele>2.8</ele>
        <time>2026-08-16T00:06:09Z</time>
      </trkpt>
      <trkpt lat="39.26669095424697" lon="118.44932552384518">
        <ele>2.8</ele>
        <time>2026-08-16T00:06:10Z</time>
      </trkpt>
      <trkpt lat="39.26669017890087" lon="118.4492930452657">
        <ele>2.8</ele>
        <time>2026-08-16T00:06:11Z</time>
      </trkpt>
      <trkpt lat="39.26668940056774" lon="118.44926321794865">
        <ele>2.9</ele>
        <time>2026-08-16T00:06:12Z</time>
      </trkpt>
      <trkpt lat="39.26668834492264" lon="118.44923334595175">
        <ele>2.9</ele>
        <time>2026-08-16T00:06:13Z</time>
      </trkpt>
      <trkpt lat="39.266687282414395" lon="118.4492034868039">
        <ele>2.9</ele>
        <time>2026-08-16T00:06:14Z</time>
      </trkpt>
      <trkpt lat="39.266686234999575" lon="118.44917446350122">
        <ele>2.9</ele>
        <time>2026-08-16T00:06:15Z</time>
      </trkpt>
      <trkpt lat="39.266685257711806" lon="118.44914575352318">
        <ele>2.9</ele>
        <time>2026-08-16T00:06:16Z</time>
      </trkpt>
      <trkpt lat="39.26668437940897" lon="118.44911730506048">
        <ele>3</ele>
        <time>2026-08-16T00:06:17Z</time>
      </trkpt>
      <trkpt lat="39.26668363004772" lon="118.44908929380424">
        <ele>3</ele>
        <time>2026-08-16T00:06:18Z</time>
      </trkpt>
      <trkpt lat="39.26668281293666" lon="118.44905735169965">
        <ele>3</ele>
        <time>2026-08-16T00:06:19Z</time>
      </trkpt>
      <trkpt lat="39.266682240959966" lon="118.44902949156095">
        <ele>3</ele>
        <time>2026-08-16T00:06:20Z</time>
      </trkpt>
      <trkpt lat="39.266681543166825" lon="118.44899744489024">
        <ele>3</ele>
        <time>2026-08-16T00:06:21Z</time>
      </trkpt>
      <trkpt lat="39.266681027123006" lon="118.4489697921213">
        <ele>3</ele>
        <time>2026-08-16T00:06:22Z</time>
      </trkpt>
      <trkpt lat="39.26668046064263" lon="118.44894195176806">
        <ele>3</ele>
        <time>2026-08-16T00:06:23Z</time>
      </trkpt>
      <trkpt lat="39.266679836256436" lon="118.44891492036315">
        <ele>3</ele>
        <time>2026-08-16T00:06:24Z</time>
      </trkpt>
      <trkpt lat="39.266679139570016" lon="118.44888797884013">
        <ele>3</ele>
        <time>2026-08-16T00:06:25Z</time>
      </trkpt>
      <trkpt lat="39.26667817403081" lon="118.44885699567132">
        <ele>3</ele>
        <time>2026-08-16T00:06:26Z</time>
      </trkpt>
      <trkpt lat="39.26667727212839" lon="118.44882939101095">
        <ele>2.9</ele>
        <time>2026-08-16T00:06:27Z</time>
      </trkpt>
      <trkpt lat="39.266676267519706" lon="118.44880120846372">
        <ele>2.9</ele>
        <time>2026-08-16T00:06:28Z</time>
      </trkpt>
      <trkpt lat="39.26667522307192" lon="118.44877339201321">
        <ele>2.9</ele>
        <time>2026-08-16T00:06:29Z</time>
      </trkpt>
      <trkpt lat="39.26667416768923" lon="118.44874535995231">
        <ele>2.9</ele>
        <time>2026-08-16T00:06:30Z</time>
      </trkpt>
      <trkpt lat="39.26667313638011" lon="118.4487173972612">
        <ele>2.9</ele>
        <time>2026-08-16T00:06:31Z</time>
      </trkpt>
      <trkpt lat="39.266672069208596" lon="118.44868901493733">
        <ele>2.9</ele>
        <time>2026-08-16T00:06:32Z</time>
      </trkpt>
      <trkpt lat="39.266670878362596" lon="118.4486604723905">
        <ele>2.9</ele>
        <time>2026-08-16T00:06:33Z</time>
      </trkpt>
      <trkpt lat="39.26666918132812" lon="118.4486271735659">
        <ele>2.9</ele>
        <time>2026-08-16T00:06:34Z</time>
      </trkpt>
      <trkpt lat="39.26666728000916" lon="118.44859716206223">
        <ele>2.9</ele>
        <time>2026-08-16T00:06:35Z</time>
      </trkpt>
      <trkpt lat="39.26666478725809" lon="118.44856214187278">
        <ele>2.9</ele>
        <time>2026-08-16T00:06:36Z</time>
      </trkpt>
      <trkpt lat="39.266662257864496" lon="118.44853116622491">
        <ele>2.9</ele>
        <time>2026-08-16T00:06:37Z</time>
      </trkpt>
      <trkpt lat="39.26665960989716" lon="118.44850003729654">
        <ele>2.9</ele>
        <time>2026-08-16T00:06:38Z</time>
      </trkpt>
      <trkpt lat="39.266656980686506" lon="118.4484698214472">
        <ele>2.9</ele>
        <time>2026-08-16T00:06:39Z</time>
      </trkpt>
      <trkpt lat="39.26665441953705" lon="118.44843979880069">
        <ele>2.9</ele>
        <time>2026-08-16T00:06:40Z</time>
      </trkpt>
      <trkpt lat="39.266651743567195" lon="118.44840573700456">
        <ele>2.9</ele>
        <time>2026-08-16T00:06:41Z</time>
      </trkpt>
      <trkpt lat="39.26664939589197" lon="118.44837534395299">
        <ele>2.9</ele>
        <time>2026-08-16T00:06:42Z</time>
      </trkpt>
      <trkpt lat="39.26664722993509" lon="118.44834478152345">
        <ele>2.9</ele>
        <time>2026-08-16T00:06:43Z</time>
      </trkpt>
      <trkpt lat="39.26664533577708" lon="118.44831491991485">
        <ele>2.9</ele>
        <time>2026-08-16T00:06:44Z</time>
      </trkpt>
      <trkpt lat="39.26664369999381" lon="118.44828544668627">
        <ele>2.9</ele>
        <time>2026-08-16T00:06:45Z</time>
      </trkpt>
      <trkpt lat="39.266642084641106" lon="118.44825206888835">
        <ele>2.9</ele>
        <time>2026-08-16T00:06:46Z</time>
      </trkpt>
      <trkpt lat="39.266640870874156" lon="118.44822272731774">
        <ele>2.9</ele>
        <time>2026-08-16T00:06:47Z</time>
      </trkpt>
      <trkpt lat="39.26663979216058" lon="118.44819351660406">
        <ele>2.9</ele>
        <time>2026-08-16T00:06:48Z</time>
      </trkpt>
      <trkpt lat="39.26663882528569" lon="118.44816545757244">
        <ele>2.9</ele>
        <time>2026-08-16T00:06:49Z</time>
      </trkpt>
      <trkpt lat="39.26663783632504" lon="118.44813746644644">
        <ele>2.9</ele>
        <time>2026-08-16T00:06:50Z</time>
      </trkpt>
      <trkpt lat="39.26663679478131" lon="118.448109661206">
        <ele>2.9</ele>
        <time>2026-08-16T00:06:51Z</time>
      </trkpt>
      <trkpt lat="39.26663589584647" lon="118.44808619969173">
        <ele>2.9</ele>
        <time>2026-08-16T00:06:52Z</time>
      </trkpt>
      <trkpt lat="39.266634998890886" lon="118.44806394356807">
        <ele>2.9</ele>
        <time>2026-08-16T00:06:53Z</time>
      </trkpt>
      <trkpt lat="39.2666338967978" lon="118.4480387109029">
        <ele>2.9</ele>
        <time>2026-08-16T00:06:54Z</time>
      </trkpt>
      <trkpt lat="39.266632718175664" lon="118.44801320115717">
        <ele>2.9</ele>
        <time>2026-08-16T00:06:55Z</time>
      </trkpt>
      <trkpt lat="39.26663117990483" lon="118.44798289387327">
        <ele>2.9</ele>
        <time>2026-08-16T00:06:56Z</time>
      </trkpt>
      <trkpt lat="39.26662964523335" lon="118.44795598276396">
        <ele>2.9</ele>
        <time>2026-08-16T00:06:57Z</time>
      </trkpt>
      <trkpt lat="39.26662787860363" lon="118.44792875462991">
        <ele>2.9</ele>
        <time>2026-08-16T00:06:58Z</time>
      </trkpt>
      <trkpt lat="39.26662592391745" lon="118.44790205895141">
        <ele>2.9</ele>
        <time>2026-08-16T00:06:59Z</time>
      </trkpt>
      <trkpt lat="39.26662378340457" lon="118.4478750407983">
        <ele>2.9</ele>
        <time>2026-08-16T00:07:00Z</time>
      </trkpt>
      <trkpt lat="39.26662131569769" lon="118.44784373469658">
        <ele>2.9</ele>
        <time>2026-08-16T00:07:01Z</time>
      </trkpt>
      <trkpt lat="39.26661896818355" lon="118.44781557107781">
        <ele>2.9</ele>
        <time>2026-08-16T00:07:02Z</time>
      </trkpt>
      <trkpt lat="39.266616617059796" lon="118.44778708544311">
        <ele>2.9</ele>
        <time>2026-08-16T00:07:03Z</time>
      </trkpt>
      <trkpt lat="39.26661435174" lon="118.44775860506896">
        <ele>2.9</ele>
        <time>2026-08-16T00:07:04Z</time>
      </trkpt>
      <trkpt lat="39.2666122147668" lon="118.44772972133066">
        <ele>2.9</ele>
        <time>2026-08-16T00:07:05Z</time>
      </trkpt>
      <trkpt lat="39.266610265920725" lon="118.44770041975886">
        <ele>2.9</ele>
        <time>2026-08-16T00:07:06Z</time>
      </trkpt>
      <trkpt lat="39.26660876056773" lon="118.4476752813713">
        <ele>2.9</ele>
        <time>2026-08-16T00:07:07Z</time>
      </trkpt>
      <trkpt lat="39.266607297968264" lon="118.44764639806478">
        <ele>2.9</ele>
        <time>2026-08-16T00:07:08Z</time>
      </trkpt>
      <trkpt lat="39.26660601884946" lon="118.44761756384335">
        <ele>2.9</ele>
        <time>2026-08-16T00:07:09Z</time>
      </trkpt>
      <trkpt lat="39.26660479032889" lon="118.44758777295553">
        <ele>2.9</ele>
        <time>2026-08-16T00:07:10Z</time>
      </trkpt>
      <trkpt lat="39.26660354393702" lon="118.44755789080344">
        <ele>2.9</ele>
        <time>2026-08-16T00:07:11Z</time>
      </trkpt>
      <trkpt lat="39.266602156080296" lon="118.44752788613764">
        <ele>2.9</ele>
        <time>2026-08-16T00:07:12Z</time>
      </trkpt>
      <trkpt lat="39.26660055365281" lon="118.44749816939462">
        <ele>2.9</ele>
        <time>2026-08-16T00:07:13Z</time>
      </trkpt>
      <trkpt lat="39.26659866703532" lon="118.44746853585512">
        <ele>2.9</ele>
        <time>2026-08-16T00:07:14Z</time>
      </trkpt>
      <trkpt lat="39.26659649648909" lon="118.44743898740956">
        <ele>2.9</ele>
        <time>2026-08-16T00:07:15Z</time>
      </trkpt>
      <trkpt lat="39.26659410246984" lon="118.44740945255705">
        <ele>2.9</ele>
        <time>2026-08-16T00:07:16Z</time>
      </trkpt>
      <trkpt lat="39.26659163567642" lon="118.44737995233459">
        <ele>2.9</ele>
        <time>2026-08-16T00:07:17Z</time>
      </trkpt>
      <trkpt lat="39.266589264190316" lon="118.44735054845611">
        <ele>2.9</ele>
        <time>2026-08-16T00:07:18Z</time>
      </trkpt>
      <trkpt lat="39.26658712971657" lon="118.44732133537133">
        <ele>2.9</ele>
        <time>2026-08-16T00:07:19Z</time>
      </trkpt>
      <trkpt lat="39.26658530126758" lon="118.44729241222969">
        <ele>2.9</ele>
        <time>2026-08-16T00:07:20Z</time>
      </trkpt>
      <trkpt lat="39.26658377728203" lon="118.44726388379527">
        <ele>2.9</ele>
        <time>2026-08-16T00:07:21Z</time>
      </trkpt>
      <trkpt lat="39.26658236020962" lon="118.44723143694135">
        <ele>2.9</ele>
        <time>2026-08-16T00:07:22Z</time>
      </trkpt>
      <trkpt lat="39.26658136629956" lon="118.44720290297145">
        <ele>2.9</ele>
        <time>2026-08-16T00:07:23Z</time>
      </trkpt>
      <trkpt lat="39.26658041691775" lon="118.447170237355">
        <ele>2.9</ele>
        <time>2026-08-16T00:07:24Z</time>
      </trkpt>
      <trkpt lat="39.26657983652809" lon="118.44714206664463">
        <ele>2.9</ele>
        <time>2026-08-16T00:07:25Z</time>
      </trkpt>
      <trkpt lat="39.26657940536552" lon="118.4471138914282">
        <ele>2.9</ele>
        <time>2026-08-16T00:07:26Z</time>
      </trkpt>
      <trkpt lat="39.26657913267214" lon="118.4470867671776">
        <ele>2.9</ele>
        <time>2026-08-16T00:07:27Z</time>
      </trkpt>
      <trkpt lat="39.266578939172526" lon="118.44705997288294">
        <ele>2.9</ele>
        <time>2026-08-16T00:07:28Z</time>
      </trkpt>
      <trkpt lat="39.266578639894355" lon="118.4470293658159">
        <ele>2.9</ele>
        <time>2026-08-16T00:07:29Z</time>
      </trkpt>
      <trkpt lat="39.26657848822171" lon="118.4470022937237">
        <ele>2.9</ele>
        <time>2026-08-16T00:07:30Z</time>
      </trkpt>
      <trkpt lat="39.26657831100951" lon="118.44697498260447">
        <ele>2.9</ele>
        <time>2026-08-16T00:07:31Z</time>
      </trkpt>
      <trkpt lat="39.26657809845205" lon="118.44694815672301">
        <ele>2.8</ele>
        <time>2026-08-16T00:07:32Z</time>
      </trkpt>
      <trkpt lat="39.26657779348383" lon="118.44692128868977">
        <ele>2.8</ele>
        <time>2026-08-16T00:07:33Z</time>
      </trkpt>
      <trkpt lat="39.26657738091879" lon="118.44689449106988">
        <ele>2.8</ele>
        <time>2026-08-16T00:07:34Z</time>
      </trkpt>
      <trkpt lat="39.26657688627304" lon="118.44686801707039">
        <ele>2.8</ele>
        <time>2026-08-16T00:07:35Z</time>
      </trkpt>
      <trkpt lat="39.266576358071234" lon="118.44684176175595">
        <ele>2.8</ele>
        <time>2026-08-16T00:07:36Z</time>
      </trkpt>
      <trkpt lat="39.26657584189121" lon="118.44681576495967">
        <ele>2.8</ele>
        <time>2026-08-16T00:07:37Z</time>
      </trkpt>
      <trkpt lat="39.26657533798537" lon="118.44678975815273">
        <ele>2.8</ele>
        <time>2026-08-16T00:07:38Z</time>
      </trkpt>
      <trkpt lat="39.26657467155405" lon="118.44675950639962">
        <ele>2.8</ele>
        <time>2026-08-16T00:07:39Z</time>
      </trkpt>
      <trkpt lat="39.26657392909604" lon="118.44672831986341">
        <ele>2.8</ele>
        <time>2026-08-16T00:07:40Z</time>
      </trkpt>
      <trkpt lat="39.26657320808306" lon="118.44670018303731">
        <ele>2.8</ele>
        <time>2026-08-16T00:07:41Z</time>
      </trkpt>
      <trkpt lat="39.26657237272706" lon="118.44667212332358">
        <ele>2.8</ele>
        <time>2026-08-16T00:07:42Z</time>
      </trkpt>
      <trkpt lat="39.266571422863244" lon="118.44664435133654">
        <ele>2.8</ele>
        <time>2026-08-16T00:07:43Z</time>
      </trkpt>
      <trkpt lat="39.26657035792201" lon="118.44661636669346">
        <ele>2.8</ele>
        <time>2026-08-16T00:07:44Z</time>
      </trkpt>
      <trkpt lat="39.26656917982731" lon="118.44658819124918">
        <ele>2.8</ele>
        <time>2026-08-16T00:07:45Z</time>
      </trkpt>
      <trkpt lat="39.26656789837072" lon="118.44655986710333">
        <ele>2.8</ele>
        <time>2026-08-16T00:07:46Z</time>
      </trkpt>
      <trkpt lat="39.26656655143673" lon="118.44653153929742">
        <ele>2.8</ele>
        <time>2026-08-16T00:07:47Z</time>
      </trkpt>
      <trkpt lat="39.26656516445411" lon="118.44650336338266">
        <ele>2.8</ele>
        <time>2026-08-16T00:07:48Z</time>
      </trkpt>
      <trkpt lat="39.26656375614994" lon="118.44647545200965">
        <ele>2.8</ele>
        <time>2026-08-16T00:07:49Z</time>
      </trkpt>
      <trkpt lat="39.26656213729513" lon="118.44644322808948">
        <ele>2.8</ele>
        <time>2026-08-16T00:07:50Z</time>
      </trkpt>
      <trkpt lat="39.26656064710632" lon="118.44641443012208">
        <ele>2.8</ele>
        <time>2026-08-16T00:07:51Z</time>
      </trkpt>
      <trkpt lat="39.26655920855208" lon="118.44638550259968">
        <ele>2.8</ele>
        <time>2026-08-16T00:07:52Z</time>
      </trkpt>
      <trkpt lat="39.266557921421295" lon="118.44635753843671">
        <ele>2.8</ele>
        <time>2026-08-16T00:07:53Z</time>
      </trkpt>
      <trkpt lat="39.26655679112231" lon="118.44632982843203">
        <ele>2.8</ele>
        <time>2026-08-16T00:07:54Z</time>
      </trkpt>
      <trkpt lat="39.26655566172416" lon="118.44629809067644">
        <ele>2.8</ele>
        <time>2026-08-16T00:07:55Z</time>
      </trkpt>
      <trkpt lat="39.266554847989504" lon="118.44627003203951">
        <ele>2.8</ele>
        <time>2026-08-16T00:07:56Z</time>
      </trkpt>
      <trkpt lat="39.26655402441307" lon="118.44623784071986">
        <ele>2.8</ele>
        <time>2026-08-16T00:07:57Z</time>
      </trkpt>
      <trkpt lat="39.26655348951154" lon="118.44620972061351">
        <ele>2.8</ele>
        <time>2026-08-16T00:07:58Z</time>
      </trkpt>
      <trkpt lat="39.26655305332384" lon="118.44618156377959">
        <ele>2.8</ele>
        <time>2026-08-16T00:07:59Z</time>
      </trkpt>
      <trkpt lat="39.26655272217935" lon="118.44615415185822">
        <ele>2.8</ele>
        <time>2026-08-16T00:08:00Z</time>
      </trkpt>
      <trkpt lat="39.26655243078982" lon="118.44612703663246">
        <ele>2.8</ele>
        <time>2026-08-16T00:08:01Z</time>
      </trkpt>
      <trkpt lat="39.26655208274987" lon="118.4460998286567">
        <ele>2.7</ele>
        <time>2026-08-16T00:08:02Z</time>
      </trkpt>
      <trkpt lat="39.26655161749511" lon="118.44607262423132">
        <ele>2.7</ele>
        <time>2026-08-16T00:08:03Z</time>
      </trkpt>
      <trkpt lat="39.26655099093835" lon="118.44604518427737">
        <ele>2.7</ele>
        <time>2026-08-16T00:08:04Z</time>
      </trkpt>
      <trkpt lat="39.266550020649774" lon="118.44601352500402">
        <ele>2.7</ele>
        <time>2026-08-16T00:08:05Z</time>
      </trkpt>
      <trkpt lat="39.26654902569595" lon="118.44598520820968">
        <ele>2.7</ele>
        <time>2026-08-16T00:08:06Z</time>
      </trkpt>
      <trkpt lat="39.2665478669388" lon="118.44595670163153">
        <ele>2.7</ele>
        <time>2026-08-16T00:08:07Z</time>
      </trkpt>
      <trkpt lat="39.2665465618896" lon="118.44592834285847">
        <ele>2.7</ele>
        <time>2026-08-16T00:08:08Z</time>
      </trkpt>
      <trkpt lat="39.26654509534824" lon="118.4458996862826">
        <ele>2.7</ele>
        <time>2026-08-16T00:08:09Z</time>
      </trkpt>
      <trkpt lat="39.26654347922101" lon="118.44587049932171">
        <ele>2.7</ele>
        <time>2026-08-16T00:08:10Z</time>
      </trkpt>
      <trkpt lat="39.26654194720609" lon="118.44584553136092">
        <ele>2.7</ele>
        <time>2026-08-16T00:08:11Z</time>
      </trkpt>
      <trkpt lat="39.26654013088446" lon="118.44581664647865">
        <ele>2.7</ele>
        <time>2026-08-16T00:08:12Z</time>
      </trkpt>
      <trkpt lat="39.26653820901777" lon="118.44578788273411">
        <ele>2.7</ele>
        <time>2026-08-16T00:08:13Z</time>
      </trkpt>
      <trkpt lat="39.26653613656779" lon="118.44575827530706">
        <ele>2.7</ele>
        <time>2026-08-16T00:08:14Z</time>
      </trkpt>
      <trkpt lat="39.26653401346446" lon="118.44572892385148">
        <ele>2.7</ele>
        <time>2026-08-16T00:08:15Z</time>
      </trkpt>
      <trkpt lat="39.266531914530724" lon="118.44569961742162">
        <ele>2.7</ele>
        <time>2026-08-16T00:08:16Z</time>
      </trkpt>
      <trkpt lat="39.26652974304652" lon="118.44566635989722">
        <ele>2.7</ele>
        <time>2026-08-16T00:08:17Z</time>
      </trkpt>
      <trkpt lat="39.26652750349922" lon="118.44563650965888">
        <ele>2.7</ele>
        <time>2026-08-16T00:08:18Z</time>
      </trkpt>
      <trkpt lat="39.266525124232665" lon="118.44560607760516">
        <ele>2.7</ele>
        <time>2026-08-16T00:08:19Z</time>
      </trkpt>
      <trkpt lat="39.26652222791774" lon="118.44557721945665">
        <ele>2.7</ele>
        <time>2026-08-16T00:08:20Z</time>
      </trkpt>
      <trkpt lat="39.26651952073929" lon="118.4455490020947">
        <ele>2.7</ele>
        <time>2026-08-16T00:08:21Z</time>
      </trkpt>
      <trkpt lat="39.26651745125658" lon="118.44552223794625">
        <ele>2.7</ele>
        <time>2026-08-16T00:08:22Z</time>
      </trkpt>
      <trkpt lat="39.26651685894018" lon="118.44549592315514">
        <ele>2.7</ele>
        <time>2026-08-16T00:08:23Z</time>
      </trkpt>
      <trkpt lat="39.266517106662725" lon="118.44546955505398">
        <ele>2.7</ele>
        <time>2026-08-16T00:08:24Z</time>
      </trkpt>
      <trkpt lat="39.26651732042028" lon="118.44543943950657">
        <ele>2.7</ele>
        <time>2026-08-16T00:08:25Z</time>
      </trkpt>
      <trkpt lat="39.26651702041907" lon="118.44541167340124">
        <ele>2.7</ele>
        <time>2026-08-16T00:08:26Z</time>
      </trkpt>
      <trkpt lat="39.266516554837004" lon="118.44538004537723">
        <ele>2.7</ele>
        <time>2026-08-16T00:08:27Z</time>
      </trkpt>
      <trkpt lat="39.26651628654026" lon="118.44535112710203">
        <ele>2.7</ele>
        <time>2026-08-16T00:08:28Z</time>
      </trkpt>
      <trkpt lat="39.26651631659439" lon="118.44532161653952">
        <ele>2.7</ele>
        <time>2026-08-16T00:08:29Z</time>
      </trkpt>
      <trkpt lat="39.26651565048545" lon="118.44529255764922">
        <ele>2.7</ele>
        <time>2026-08-16T00:08:30Z</time>
      </trkpt>
      <trkpt lat="39.26651439739817" lon="118.44526325424314">
        <ele>2.7</ele>
        <time>2026-08-16T00:08:31Z</time>
      </trkpt>
      <trkpt lat="39.26651274719328" lon="118.44523383955817">
        <ele>2.8</ele>
        <time>2026-08-16T00:08:32Z</time>
      </trkpt>
      <trkpt lat="39.26651145330949" lon="118.44520369419656">
        <ele>2.8</ele>
        <time>2026-08-16T00:08:33Z</time>
      </trkpt>
      <trkpt lat="39.266510527660415" lon="118.44517345255036">
        <ele>2.8</ele>
        <time>2026-08-16T00:08:34Z</time>
      </trkpt>
      <trkpt lat="39.26650964178664" lon="118.44514354984263">
        <ele>2.8</ele>
        <time>2026-08-16T00:08:35Z</time>
      </trkpt>
      <trkpt lat="39.26650779080841" lon="118.44511458149127">
        <ele>2.8</ele>
        <time>2026-08-16T00:08:36Z</time>
      </trkpt>
      <trkpt lat="39.266505480361914" lon="118.44508648674102">
        <ele>2.9</ele>
        <time>2026-08-16T00:08:37Z</time>
      </trkpt>
      <trkpt lat="39.26650255305958" lon="118.44505428071392">
        <ele>2.9</ele>
        <time>2026-08-16T00:08:38Z</time>
      </trkpt>
      <trkpt lat="39.26650021514924" lon="118.44502478615061">
        <ele>2.9</ele>
        <time>2026-08-16T00:08:39Z</time>
      </trkpt>
      <trkpt lat="39.26649773990506" lon="118.44499459110882">
        <ele>2.9</ele>
        <time>2026-08-16T00:08:40Z</time>
      </trkpt>
      <trkpt lat="39.266495546000975" lon="118.4449690686969">
        <ele>2.9</ele>
        <time>2026-08-16T00:08:41Z</time>
      </trkpt>
      <trkpt lat="39.266493294983704" lon="118.44493981594023">
        <ele>2.9</ele>
        <time>2026-08-16T00:08:42Z</time>
      </trkpt>
      <trkpt lat="39.26649127187448" lon="118.44491112743779">
        <ele>2.9</ele>
        <time>2026-08-16T00:08:43Z</time>
      </trkpt>
      <trkpt lat="39.26648951347028" lon="118.44488221993332">
        <ele>2.9</ele>
        <time>2026-08-16T00:08:44Z</time>
      </trkpt>
      <trkpt lat="39.26648808599546" lon="118.444853849764">
        <ele>2.9</ele>
        <time>2026-08-16T00:08:45Z</time>
      </trkpt>
      <trkpt lat="39.26648696600193" lon="118.44482560641723">
        <ele>2.9</ele>
        <time>2026-08-16T00:08:46Z</time>
      </trkpt>
      <trkpt lat="39.26648613037911" lon="118.44479779699728">
        <ele>2.7</ele>
        <time>2026-08-16T00:08:47Z</time>
      </trkpt>
      <trkpt lat="39.26648555522196" lon="118.4447703744795">
        <ele>2.7</ele>
        <time>2026-08-16T00:08:48Z</time>
      </trkpt>
      <trkpt lat="39.26648520606798" lon="118.44474338012868">
        <ele>2.7</ele>
        <time>2026-08-16T00:08:49Z</time>
      </trkpt>
      <trkpt lat="39.26648488165631" lon="118.44471238399684">
        <ele>2.7</ele>
        <time>2026-08-16T00:08:50Z</time>
      </trkpt>
      <trkpt lat="39.266484825514624" lon="118.4446851430612">
        <ele>2.7</ele>
        <time>2026-08-16T00:08:51Z</time>
      </trkpt>
      <trkpt lat="39.26648480530018" lon="118.44465789882899">
        <ele>2.6</ele>
        <time>2026-08-16T00:08:52Z</time>
      </trkpt>
      <trkpt lat="39.26648476603884" lon="118.44463145676384">
        <ele>2.6</ele>
        <time>2026-08-16T00:08:53Z</time>
      </trkpt>
      <trkpt lat="39.266484610529055" lon="118.44460518448568">
        <ele>2.6</ele>
        <time>2026-08-16T00:08:54Z</time>
      </trkpt>
      <trkpt lat="39.26648429369666" lon="118.44457908700649">
        <ele>2.6</ele>
        <time>2026-08-16T00:08:55Z</time>
      </trkpt>
      <trkpt lat="39.26648381131936" lon="118.4445530235675">
        <ele>2.6</ele>
        <time>2026-08-16T00:08:56Z</time>
      </trkpt>
      <trkpt lat="39.26648300518725" lon="118.44452260046249">
        <ele>2.6</ele>
        <time>2026-08-16T00:08:57Z</time>
      </trkpt>
      <trkpt lat="39.26648204822381" lon="118.44449146685382">
        <ele>2.6</ele>
        <time>2026-08-16T00:08:58Z</time>
      </trkpt>
      <trkpt lat="39.266481108696865" lon="118.44446335892539">
        <ele>2.6</ele>
        <time>2026-08-16T00:08:59Z</time>
      </trkpt>
      <trkpt lat="39.266480140122205" lon="118.44443573416639">
        <ele>2.6</ele>
        <time>2026-08-16T00:09:00Z</time>
      </trkpt>
      <trkpt lat="39.26647920215139" lon="118.4444087046418">
        <ele>2.6</ele>
        <time>2026-08-16T00:09:01Z</time>
      </trkpt>
      <trkpt lat="39.266478114271855" lon="118.44437787210462">
        <ele>2.6</ele>
        <time>2026-08-16T00:09:02Z</time>
      </trkpt>
      <trkpt lat="39.26647713166249" lon="118.44435050351133">
        <ele>2.6</ele>
        <time>2026-08-16T00:09:03Z</time>
      </trkpt>
      <trkpt lat="39.266476042006055" lon="118.44432293787956">
        <ele>2.6</ele>
        <time>2026-08-16T00:09:04Z</time>
      </trkpt>
      <trkpt lat="39.26647482209892" lon="118.44429587779237">
        <ele>2.6</ele>
        <time>2026-08-16T00:09:05Z</time>
      </trkpt>
      <trkpt lat="39.266473449893915" lon="118.4442689652253">
        <ele>2.6</ele>
        <time>2026-08-16T00:09:06Z</time>
      </trkpt>
      <trkpt lat="39.266471939837636" lon="118.44424227028047">
        <ele>2.6</ele>
        <time>2026-08-16T00:09:07Z</time>
      </trkpt>
      <trkpt lat="39.26647032781348" lon="118.44421554599906">
        <ele>2.6</ele>
        <time>2026-08-16T00:09:08Z</time>
      </trkpt>
      <trkpt lat="39.26646865839193" lon="118.44418882348423">
        <ele>2.6</ele>
        <time>2026-08-16T00:09:09Z</time>
      </trkpt>
      <trkpt lat="39.266466796472855" lon="118.44415768706696">
        <ele>2.6</ele>
        <time>2026-08-16T00:09:10Z</time>
      </trkpt>
      <trkpt lat="39.26646515088391" lon="118.44412989322991">
        <ele>2.6</ele>
        <time>2026-08-16T00:09:11Z</time>
      </trkpt>
      <trkpt lat="39.266463414533746" lon="118.44409731183198">
        <ele>2.5</ele>
        <time>2026-08-16T00:09:12Z</time>
      </trkpt>
      <trkpt lat="39.26646199839537" lon="118.44406858590399">
        <ele>2.5</ele>
        <time>2026-08-16T00:09:13Z</time>
      </trkpt>
      <trkpt lat="39.266460701751924" lon="118.44403952423941">
        <ele>2.5</ele>
        <time>2026-08-16T00:09:14Z</time>
      </trkpt>
      <trkpt lat="39.266459547194586" lon="118.44401108749629">
        <ele>2.5</ele>
        <time>2026-08-16T00:09:15Z</time>
      </trkpt>
      <trkpt lat="39.266458449701524" lon="118.44398267236043">
        <ele>2.5</ele>
        <time>2026-08-16T00:09:16Z</time>
      </trkpt>
      <trkpt lat="39.26645734302455" lon="118.44395440812515">
        <ele>2.5</ele>
        <time>2026-08-16T00:09:17Z</time>
      </trkpt>
      <trkpt lat="39.26645617539173" lon="118.44392627240218">
        <ele>2.5</ele>
        <time>2026-08-16T00:09:18Z</time>
      </trkpt>
      <trkpt lat="39.26645492859649" lon="118.44389815941148">
        <ele>2.5</ele>
        <time>2026-08-16T00:09:19Z</time>
      </trkpt>
      <trkpt lat="39.26645342641674" lon="118.4438659028946">
        <ele>2.5</ele>
        <time>2026-08-16T00:09:20Z</time>
      </trkpt>
      <trkpt lat="39.266452024307725" lon="118.44383708091046">
        <ele>2.5</ele>
        <time>2026-08-16T00:09:21Z</time>
      </trkpt>
      <trkpt lat="39.2664505831469" lon="118.44380840664233">
        <ele>2.4</ele>
        <time>2026-08-16T00:09:22Z</time>
      </trkpt>
      <trkpt lat="39.266449144966174" lon="118.44378050337505">
        <ele>2.4</ele>
        <time>2026-08-16T00:09:23Z</time>
      </trkpt>
      <trkpt lat="39.2664476736454" lon="118.44375282495022">
        <ele>2.4</ele>
        <time>2026-08-16T00:09:24Z</time>
      </trkpt>
      <trkpt lat="39.26644617609492" lon="118.44372536047251">
        <ele>2.4</ele>
        <time>2026-08-16T00:09:25Z</time>
      </trkpt>
      <trkpt lat="39.26644464050772" lon="118.44369796136617">
        <ele>2.4</ele>
        <time>2026-08-16T00:09:26Z</time>
      </trkpt>
      <trkpt lat="39.26644310225208" lon="118.44367075304795">
        <ele>2.4</ele>
        <time>2026-08-16T00:09:27Z</time>
      </trkpt>
      <trkpt lat="39.266441562686566" lon="118.44364345367353">
        <ele>2.4</ele>
        <time>2026-08-16T00:09:28Z</time>
      </trkpt>
      <trkpt lat="39.26644025217988" lon="118.44362039292294">
        <ele>2.4</ele>
        <time>2026-08-16T00:09:29Z</time>
      </trkpt>
      <trkpt lat="39.266438839168785" lon="118.44359372142495">
        <ele>2.4</ele>
        <time>2026-08-16T00:09:30Z</time>
      </trkpt>
      <trkpt lat="39.26643749073326" lon="118.44356687111423">
        <ele>2.4</ele>
        <time>2026-08-16T00:09:31Z</time>
      </trkpt>
      <trkpt lat="39.26643617794059" lon="118.44353916253039">
        <ele>2.3</ele>
        <time>2026-08-16T00:09:32Z</time>
      </trkpt>
      <trkpt lat="39.266434859111484" lon="118.4435109288221">
        <ele>2.3</ele>
        <time>2026-08-16T00:09:33Z</time>
      </trkpt>
      <trkpt lat="39.26643347086578" lon="118.44348240562326">
        <ele>2.3</ele>
        <time>2026-08-16T00:09:34Z</time>
      </trkpt>
      <trkpt lat="39.26643174226176" lon="118.44344919641017">
        <ele>2.3</ele>
        <time>2026-08-16T00:09:35Z</time>
      </trkpt>
      <trkpt lat="39.26643006275604" lon="118.44341969062249">
        <ele>2.3</ele>
        <time>2026-08-16T00:09:36Z</time>
      </trkpt>
      <trkpt lat="39.266428304547134" lon="118.44339012539638">
        <ele>2.4</ele>
        <time>2026-08-16T00:09:37Z</time>
      </trkpt>
      <trkpt lat="39.26642659314232" lon="118.44336164893673">
        <ele>2.4</ele>
        <time>2026-08-16T00:09:38Z</time>
      </trkpt>
      <trkpt lat="39.26642491449646" lon="118.44333343154604">
        <ele>2.4</ele>
        <time>2026-08-16T00:09:39Z</time>
      </trkpt>
      <trkpt lat="39.26642332936532" lon="118.44330567397189">
        <ele>2.4</ele>
        <time>2026-08-16T00:09:40Z</time>
      </trkpt>
      <trkpt lat="39.2664218387211" lon="118.44327770136195">
        <ele>2.4</ele>
        <time>2026-08-16T00:09:41Z</time>
      </trkpt>
      <trkpt lat="39.26642047972881" lon="118.44324960449043">
        <ele>2.4</ele>
        <time>2026-08-16T00:09:42Z</time>
      </trkpt>
      <trkpt lat="39.26641926967456" lon="118.4432212424842">
        <ele>2.4</ele>
        <time>2026-08-16T00:09:43Z</time>
      </trkpt>
      <trkpt lat="39.266418402974836" lon="118.4431972357588">
        <ele>2.4</ele>
        <time>2026-08-16T00:09:44Z</time>
      </trkpt>
      <trkpt lat="39.26641747002095" lon="118.44316936919898">
        <ele>2.4</ele>
        <time>2026-08-16T00:09:45Z</time>
      </trkpt>
      <trkpt lat="39.26641655390993" lon="118.44314132180182">
        <ele>2.4</ele>
        <time>2026-08-16T00:09:46Z</time>
      </trkpt>
      <trkpt lat="39.26641554310042" lon="118.4431121996447">
        <ele>2.5</ele>
        <time>2026-08-16T00:09:47Z</time>
      </trkpt>
      <trkpt lat="39.26641445869994" lon="118.44308307435863">
        <ele>2.5</ele>
        <time>2026-08-16T00:09:48Z</time>
      </trkpt>
      <trkpt lat="39.26641331033574" lon="118.44305401725241">
        <ele>2.5</ele>
        <time>2026-08-16T00:09:49Z</time>
      </trkpt>
      <trkpt lat="39.26641194172351" lon="118.4430206836448">
        <ele>2.5</ele>
        <time>2026-08-16T00:09:50Z</time>
      </trkpt>
      <trkpt lat="39.266410716982065" lon="118.44299091578236">
        <ele>2.5</ele>
        <time>2026-08-16T00:09:51Z</time>
      </trkpt>
      <trkpt lat="39.26640949380373" lon="118.44296109333176">
        <ele>2.5</ele>
        <time>2026-08-16T00:09:52Z</time>
      </trkpt>
      <trkpt lat="39.266408351963285" lon="118.442932344722">
        <ele>2.5</ele>
        <time>2026-08-16T00:09:53Z</time>
      </trkpt>
      <trkpt lat="39.26640727599822" lon="118.44290396141336">
        <ele>2.5</ele>
        <time>2026-08-16T00:09:54Z</time>
      </trkpt>
      <trkpt lat="39.26640624413285" lon="118.44287578510307">
        <ele>2.5</ele>
        <time>2026-08-16T00:09:55Z</time>
      </trkpt>
      <trkpt lat="39.26640520263047" lon="118.44284783568796">
        <ele>2.5</ele>
        <time>2026-08-16T00:09:56Z</time>
      </trkpt>
      <trkpt lat="39.26640412857916" lon="118.44282007896258">
        <ele>2.5</ele>
        <time>2026-08-16T00:09:57Z</time>
      </trkpt>
      <trkpt lat="39.26640285423738" lon="118.44278837030862">
        <ele>2.5</ele>
        <time>2026-08-16T00:09:58Z</time>
      </trkpt>
      <trkpt lat="39.26640171751518" lon="118.44276033892938">
        <ele>2.5</ele>
        <time>2026-08-16T00:09:59Z</time>
      </trkpt>
      <trkpt lat="39.26640038440299" lon="118.44272794289184">
        <ele>2.5</ele>
        <time>2026-08-16T00:10:00Z</time>
      </trkpt>
      <trkpt lat="39.26639917874203" lon="118.442699778127">
        <ele>2.5</ele>
        <time>2026-08-16T00:10:01Z</time>
      </trkpt>
      <trkpt lat="39.26639791978758" lon="118.44267138655975">
        <ele>2.4</ele>
        <time>2026-08-16T00:10:02Z</time>
      </trkpt>
      <trkpt lat="39.2663966921242" lon="118.44264388256204">
        <ele>2.4</ele>
        <time>2026-08-16T00:10:03Z</time>
      </trkpt>
      <trkpt lat="39.26639553535656" lon="118.44261644232098">
        <ele>2.4</ele>
        <time>2026-08-16T00:10:04Z</time>
      </trkpt>
      <trkpt lat="39.26639434185888" lon="118.4425849637734">
        <ele>2.4</ele>
        <time>2026-08-16T00:10:05Z</time>
      </trkpt>
      <trkpt lat="39.266393433367064" lon="118.44255705851525">
        <ele>2.4</ele>
        <time>2026-08-16T00:10:06Z</time>
      </trkpt>
      <trkpt lat="39.26639267585749" lon="118.44252922710167">
        <ele>2.4</ele>
        <time>2026-08-16T00:10:07Z</time>
      </trkpt>
      <trkpt lat="39.266392105954544" lon="118.44250227446966">
        <ele>2.4</ele>
        <time>2026-08-16T00:10:08Z</time>
      </trkpt>
      <trkpt lat="39.26639169137711" lon="118.44247545107439">
        <ele>2.4</ele>
        <time>2026-08-16T00:10:09Z</time>
      </trkpt>
      <trkpt lat="39.26639141655764" lon="118.44244876327225">
        <ele>2.4</ele>
        <time>2026-08-16T00:10:10Z</time>
      </trkpt>
      <trkpt lat="39.26639124429841" lon="118.44242205274838">
        <ele>2.4</ele>
        <time>2026-08-16T00:10:11Z</time>
      </trkpt>
      <trkpt lat="39.26639113688449" lon="118.44239503979841">
        <ele>2.4</ele>
        <time>2026-08-16T00:10:12Z</time>
      </trkpt>
      <trkpt lat="39.266390892146504" lon="118.44236324266407">
        <ele>2.4</ele>
        <time>2026-08-16T00:10:13Z</time>
      </trkpt>
      <trkpt lat="39.26639078674893" lon="118.44233459669299">
        <ele>2.4</ele>
        <time>2026-08-16T00:10:14Z</time>
      </trkpt>
      <trkpt lat="39.26639044968941" lon="118.44230123736668">
        <ele>2.4</ele>
        <time>2026-08-16T00:10:15Z</time>
      </trkpt>
      <trkpt lat="39.26639015638796" lon="118.44227187765038">
        <ele>2.4</ele>
        <time>2026-08-16T00:10:16Z</time>
      </trkpt>
      <trkpt lat="39.26638965557602" lon="118.44224215946386">
        <ele>2.4</ele>
        <time>2026-08-16T00:10:17Z</time>
      </trkpt>
      <trkpt lat="39.26638892182579" lon="118.44221311607681">
        <ele>2.4</ele>
        <time>2026-08-16T00:10:18Z</time>
      </trkpt>
      <trkpt lat="39.26638791548093" lon="118.44218417080214">
        <ele>2.4</ele>
        <time>2026-08-16T00:10:19Z</time>
      </trkpt>
      <trkpt lat="39.266386433350526" lon="118.44215109087143">
        <ele>2.4</ele>
        <time>2026-08-16T00:10:20Z</time>
      </trkpt>
      <trkpt lat="39.26638481881691" lon="118.4421213713188">
        <ele>2.4</ele>
        <time>2026-08-16T00:10:21Z</time>
      </trkpt>
      <trkpt lat="39.266382971034766" lon="118.44209161792917">
        <ele>2.4</ele>
        <time>2026-08-16T00:10:22Z</time>
      </trkpt>
      <trkpt lat="39.26638101205889" lon="118.44206275195876">
        <ele>2.4</ele>
        <time>2026-08-16T00:10:23Z</time>
      </trkpt>
      <trkpt lat="39.266379012085594" lon="118.44203455218538">
        <ele>2.4</ele>
        <time>2026-08-16T00:10:24Z</time>
      </trkpt>
      <trkpt lat="39.266377012120955" lon="118.44200663199949">
        <ele>2.4</ele>
        <time>2026-08-16T00:10:25Z</time>
      </trkpt>
      <trkpt lat="39.26637504418775" lon="118.4419790572785">
        <ele>2.4</ele>
        <time>2026-08-16T00:10:26Z</time>
      </trkpt>
      <trkpt lat="39.26637312376771" lon="118.4419517445539">
        <ele>2.4</ele>
        <time>2026-08-16T00:10:27Z</time>
      </trkpt>
      <trkpt lat="39.266371035084966" lon="118.44192055691005">
        <ele>2.4</ele>
        <time>2026-08-16T00:10:28Z</time>
      </trkpt>
      <trkpt lat="39.26636913008115" lon="118.44189300154859">
        <ele>2.4</ele>
        <time>2026-08-16T00:10:29Z</time>
      </trkpt>
      <trkpt lat="39.26636721974813" lon="118.44186523608897">
        <ele>2.4</ele>
        <time>2026-08-16T00:10:30Z</time>
      </trkpt>
      <trkpt lat="39.26636555923671" lon="118.44184224804874">
        <ele>2.4</ele>
        <time>2026-08-16T00:10:31Z</time>
      </trkpt>
      <trkpt lat="39.266363985089484" lon="118.44181996027662">
        <ele>2.4</ele>
        <time>2026-08-16T00:10:32Z</time>
      </trkpt>
      <trkpt lat="39.266362330378044" lon="118.44179430486041">
        <ele>2.4</ele>
        <time>2026-08-16T00:10:33Z</time>
      </trkpt>
      <trkpt lat="39.26636059242594" lon="118.44176837432295">
        <ele>2.4</ele>
        <time>2026-08-16T00:10:34Z</time>
      </trkpt>
      <trkpt lat="39.26635895941236" lon="118.44173799549857">
        <ele>2.4</ele>
        <time>2026-08-16T00:10:35Z</time>
      </trkpt>
      <trkpt lat="39.26635746516697" lon="118.44171070618992">
        <ele>2.4</ele>
        <time>2026-08-16T00:10:36Z</time>
      </trkpt>
      <trkpt lat="39.26635615392638" lon="118.44168279466362">
        <ele>2.4</ele>
        <time>2026-08-16T00:10:37Z</time>
      </trkpt>
      <trkpt lat="39.266354563606896" lon="118.4416544862426">
        <ele>2.4</ele>
        <time>2026-08-16T00:10:38Z</time>
      </trkpt>
      <trkpt lat="39.26635305889511" lon="118.44162629783908">
        <ele>2.4</ele>
        <time>2026-08-16T00:10:39Z</time>
      </trkpt>
      <trkpt lat="39.26635154384597" lon="118.44159811645953">
        <ele>2.4</ele>
        <time>2026-08-16T00:10:40Z</time>
      </trkpt>
      <trkpt lat="39.26635003616111" lon="118.44156999067239">
        <ele>2.4</ele>
        <time>2026-08-16T00:10:41Z</time>
      </trkpt>
      <trkpt lat="39.2663484600427" lon="118.44154188355513">
        <ele>2.4</ele>
        <time>2026-08-16T00:10:42Z</time>
      </trkpt>
      <trkpt lat="39.26634653049771" lon="118.44150918295449">
        <ele>2.4</ele>
        <time>2026-08-16T00:10:43Z</time>
      </trkpt>
      <trkpt lat="39.26634466098563" lon="118.44148003473127">
        <ele>2.4</ele>
        <time>2026-08-16T00:10:44Z</time>
      </trkpt>
      <trkpt lat="39.2663426652159" lon="118.44145027185492">
        <ele>2.4</ele>
        <time>2026-08-16T00:10:45Z</time>
      </trkpt>
      <trkpt lat="39.26634088483291" lon="118.44142553349211">
        <ele>2.4</ele>
        <time>2026-08-16T00:10:46Z</time>
      </trkpt>
      <trkpt lat="39.26633914103442" lon="118.44140163574941">
        <ele>2.4</ele>
        <time>2026-08-16T00:10:47Z</time>
      </trkpt>
      <trkpt lat="39.266337322450916" lon="118.44137484663193">
        <ele>2.4</ele>
        <time>2026-08-16T00:10:48Z</time>
      </trkpt>
      <trkpt lat="39.26633562270019" lon="118.44134773351428">
        <ele>2.4</ele>
        <time>2026-08-16T00:10:49Z</time>
      </trkpt>
      <trkpt lat="39.26633383421312" lon="118.44131543857866">
        <ele>2.4</ele>
        <time>2026-08-16T00:10:50Z</time>
      </trkpt>
      <trkpt lat="39.26633235907169" lon="118.44128640185234">
        <ele>2.4</ele>
        <time>2026-08-16T00:10:51Z</time>
      </trkpt>
      <trkpt lat="39.266331015112634" lon="118.441257003407">
        <ele>2.4</ele>
        <time>2026-08-16T00:10:52Z</time>
      </trkpt>
      <trkpt lat="39.266329876423306" lon="118.44122848787411">
        <ele>2.4</ele>
        <time>2026-08-16T00:10:53Z</time>
      </trkpt>
      <trkpt lat="39.26632893090818" lon="118.4412001871229">
        <ele>2.4</ele>
        <time>2026-08-16T00:10:54Z</time>
      </trkpt>
      <trkpt lat="39.26632814134644" lon="118.44117218587525">
        <ele>2.4</ele>
        <time>2026-08-16T00:10:55Z</time>
      </trkpt>
      <trkpt lat="39.266327442759696" lon="118.44114431917237">
        <ele>2.4</ele>
        <time>2026-08-16T00:10:56Z</time>
      </trkpt>
      <trkpt lat="39.266326740702674" lon="118.44111650264814">
        <ele>2.4</ele>
        <time>2026-08-16T00:10:57Z</time>
      </trkpt>
      <trkpt lat="39.26632599084628" lon="118.44108871452808">
        <ele>2.4</ele>
        <time>2026-08-16T00:10:58Z</time>
      </trkpt>
      <trkpt lat="39.266325141528334" lon="118.44106103315588">
        <ele>2.4</ele>
        <time>2026-08-16T00:10:59Z</time>
      </trkpt>
      <trkpt lat="39.266324185228235" lon="118.44103332306474">
        <ele>2.4</ele>
        <time>2026-08-16T00:11:00Z</time>
      </trkpt>
      <trkpt lat="39.26632292871351" lon="118.44100142719212">
        <ele>2.4</ele>
        <time>2026-08-16T00:11:01Z</time>
      </trkpt>
      <trkpt lat="39.26632178398734" lon="118.44097285737304">
        <ele>2.4</ele>
        <time>2026-08-16T00:11:02Z</time>
      </trkpt>
      <trkpt lat="39.26632035210747" lon="118.44093991042395">
        <ele>2.4</ele>
        <time>2026-08-16T00:11:03Z</time>
      </trkpt>
      <trkpt lat="39.2663190242184" lon="118.44091094799883">
        <ele>2.4</ele>
        <time>2026-08-16T00:11:04Z</time>
      </trkpt>
      <trkpt lat="39.26631756228016" lon="118.44088198400627">
        <ele>2.4</ele>
        <time>2026-08-16T00:11:05Z</time>
      </trkpt>
      <trkpt lat="39.26631599472873" lon="118.44085372617383">
        <ele>2.4</ele>
        <time>2026-08-16T00:11:06Z</time>
      </trkpt>
      <trkpt lat="39.26631434473041" lon="118.44082557180496">
        <ele>2.4</ele>
        <time>2026-08-16T00:11:07Z</time>
      </trkpt>
      <trkpt lat="39.266312459142334" lon="118.44079316492733">
        <ele>2.4</ele>
        <time>2026-08-16T00:11:08Z</time>
      </trkpt>
      <trkpt lat="39.266310823946796" lon="118.44076417469495">
        <ele>2.4</ele>
        <time>2026-08-16T00:11:09Z</time>
      </trkpt>
      <trkpt lat="39.26630925052721" lon="118.44073462930545">
        <ele>2.4</ele>
        <time>2026-08-16T00:11:10Z</time>
      </trkpt>
      <trkpt lat="39.266307773270924" lon="118.44070550749193">
        <ele>2.4</ele>
        <time>2026-08-16T00:11:11Z</time>
      </trkpt>
      <trkpt lat="39.266306309641834" lon="118.4406760110923">
        <ele>2.4</ele>
        <time>2026-08-16T00:11:12Z</time>
      </trkpt>
      <trkpt lat="39.26630486037843" lon="118.44064670603683">
        <ele>2.4</ele>
        <time>2026-08-16T00:11:13Z</time>
      </trkpt>
      <trkpt lat="39.266303394318946" lon="118.4406174252328">
        <ele>2.4</ele>
        <time>2026-08-16T00:11:14Z</time>
      </trkpt>
      <trkpt lat="39.26630191329046" lon="118.44058860307787">
        <ele>2.4</ele>
        <time>2026-08-16T00:11:15Z</time>
      </trkpt>
      <trkpt lat="39.2663001160012" lon="118.440555537749">
        <ele>2.4</ele>
        <time>2026-08-16T00:11:16Z</time>
      </trkpt>
      <trkpt lat="39.266298401953954" lon="118.44052608097687">
        <ele>2.4</ele>
        <time>2026-08-16T00:11:17Z</time>
      </trkpt>
      <trkpt lat="39.26629636820605" lon="118.44049234899732">
        <ele>2.4</ele>
        <time>2026-08-16T00:11:18Z</time>
      </trkpt>
      <trkpt lat="39.26629453610536" lon="118.44046299781111">
        <ele>2.4</ele>
        <time>2026-08-16T00:11:19Z</time>
      </trkpt>
      <trkpt lat="39.26629274603357" lon="118.44043400426622">
        <ele>2.4</ele>
        <time>2026-08-16T00:11:20Z</time>
      </trkpt>
      <trkpt lat="39.26629104287457" lon="118.44040584889198">
        <ele>2.4</ele>
        <time>2026-08-16T00:11:21Z</time>
      </trkpt>
      <trkpt lat="39.266289448864455" lon="118.44037835487525">
        <ele>2.4</ele>
        <time>2026-08-16T00:11:22Z</time>
      </trkpt>
      <trkpt lat="39.266287725158996" lon="118.44034703726986">
        <ele>2.4</ele>
        <time>2026-08-16T00:11:23Z</time>
      </trkpt>
      <trkpt lat="39.26628632046757" lon="118.44031985468573">
        <ele>2.4</ele>
        <time>2026-08-16T00:11:24Z</time>
      </trkpt>
      <trkpt lat="39.26628500335933" lon="118.44029262445834">
        <ele>2.4</ele>
        <time>2026-08-16T00:11:25Z</time>
      </trkpt>
      <trkpt lat="39.266283833366266" lon="118.44026628103956">
        <ele>2.4</ele>
        <time>2026-08-16T00:11:26Z</time>
      </trkpt>
      <trkpt lat="39.26628277168756" lon="118.44024013677875">
        <ele>2.4</ele>
        <time>2026-08-16T00:11:27Z</time>
      </trkpt>
      <trkpt lat="39.26628180041896" lon="118.4402142381988">
        <ele>2.4</ele>
        <time>2026-08-16T00:11:28Z</time>
      </trkpt>
      <trkpt lat="39.26628085653632" lon="118.44018825889147">
        <ele>2.4</ele>
        <time>2026-08-16T00:11:29Z</time>
      </trkpt>
      <trkpt lat="39.266279890259476" lon="118.44016215928112">
        <ele>2.4</ele>
        <time>2026-08-16T00:11:30Z</time>
      </trkpt>
      <trkpt lat="39.266278614578574" lon="118.4401318847304">
        <ele>2.4</ele>
        <time>2026-08-16T00:11:31Z</time>
      </trkpt>
      <trkpt lat="39.26627739581383" lon="118.44010493145164">
        <ele>2.4</ele>
        <time>2026-08-16T00:11:32Z</time>
      </trkpt>
      <trkpt lat="39.26627576211273" lon="118.44007348020632">
        <ele>2.4</ele>
        <time>2026-08-16T00:11:33Z</time>
      </trkpt>
      <trkpt lat="39.266274188548635" lon="118.44004574123373">
        <ele>2.4</ele>
        <time>2026-08-16T00:11:34Z</time>
      </trkpt>
      <trkpt lat="39.26627250684537" lon="118.4400179944398">
        <ele>2.4</ele>
        <time>2026-08-16T00:11:35Z</time>
      </trkpt>
      <trkpt lat="39.266270799437535" lon="118.4399909478185">
        <ele>2.4</ele>
        <time>2026-08-16T00:11:36Z</time>
      </trkpt>
      <trkpt lat="39.26626909421236" lon="118.43996424157052">
        <ele>2.5</ele>
        <time>2026-08-16T00:11:37Z</time>
      </trkpt>
      <trkpt lat="39.26626709559964" lon="118.43993312578809">
        <ele>2.5</ele>
        <time>2026-08-16T00:11:38Z</time>
      </trkpt>
      <trkpt lat="39.266265233314975" lon="118.43990545131989">
        <ele>2.5</ele>
        <time>2026-08-16T00:11:39Z</time>
      </trkpt>
      <trkpt lat="39.266263207151006" lon="118.43987725067849">
        <ele>2.5</ele>
        <time>2026-08-16T00:11:40Z</time>
      </trkpt>
      <trkpt lat="39.266261049802786" lon="118.43984975965182">
        <ele>2.5</ele>
        <time>2026-08-16T00:11:41Z</time>
      </trkpt>
      <trkpt lat="39.26625871240174" lon="118.43982196516644">
        <ele>2.5</ele>
        <time>2026-08-16T00:11:42Z</time>
      </trkpt>
      <trkpt lat="39.26625601234223" lon="118.43978973987095">
        <ele>2.5</ele>
        <time>2026-08-16T00:11:43Z</time>
      </trkpt>
      <trkpt lat="39.266253519151334" lon="118.43976069319855">
        <ele>2.5</ele>
        <time>2026-08-16T00:11:44Z</time>
      </trkpt>
      <trkpt lat="39.26625112294522" lon="118.43973140023557">
        <ele>2.5</ele>
        <time>2026-08-16T00:11:45Z</time>
      </trkpt>
      <trkpt lat="39.266248943748714" lon="118.43970273612048">
        <ele>2.5</ele>
        <time>2026-08-16T00:11:46Z</time>
      </trkpt>
      <trkpt lat="39.266247183081475" lon="118.4396723093154">
        <ele>2.4</ele>
        <time>2026-08-16T00:11:47Z</time>
      </trkpt>
      <trkpt lat="39.26624575339987" lon="118.43963930643028">
        <ele>2.4</ele>
        <time>2026-08-16T00:11:48Z</time>
      </trkpt>
      <trkpt lat="39.26624422377179" lon="118.43960732995829">
        <ele>2.4</ele>
        <time>2026-08-16T00:11:49Z</time>
      </trkpt>
      <trkpt lat="39.266242034281824" lon="118.4395754483705">
        <ele>2.4</ele>
        <time>2026-08-16T00:11:50Z</time>
      </trkpt>
      <trkpt lat="39.26623991306093" lon="118.4395417695787">
        <ele>2.4</ele>
        <time>2026-08-16T00:11:51Z</time>
      </trkpt>
      <trkpt lat="39.266238607285345" lon="118.43950950224774">
        <ele>2.5</ele>
        <time>2026-08-16T00:11:52Z</time>
      </trkpt>
      <trkpt lat="39.26623837294324" lon="118.43947739658566">
        <ele>2.5</ele>
        <time>2026-08-16T00:11:53Z</time>
      </trkpt>
      <trkpt lat="39.266238398682994" lon="118.43944816647449">
        <ele>2.5</ele>
        <time>2026-08-16T00:11:54Z</time>
      </trkpt>
      <trkpt lat="39.2662387349965" lon="118.4394204510993">
        <ele>2.5</ele>
        <time>2026-08-16T00:11:55Z</time>
      </trkpt>
      <trkpt lat="39.266239138237054" lon="118.4393950747706">
        <ele>2.5</ele>
        <time>2026-08-16T00:11:56Z</time>
      </trkpt>
      <trkpt lat="39.266239494185136" lon="118.43936953772865">
        <ele>2.5</ele>
        <time>2026-08-16T00:11:57Z</time>
      </trkpt>
      <trkpt lat="39.26623944691047" lon="118.43934443005533">
        <ele>2.5</ele>
        <time>2026-08-16T00:11:58Z</time>
      </trkpt>
      <trkpt lat="39.266238791270275" lon="118.43931486431102">
        <ele>2.5</ele>
        <time>2026-08-16T00:11:59Z</time>
      </trkpt>
      <trkpt lat="39.26623784148627" lon="118.43928740438768">
        <ele>2.5</ele>
        <time>2026-08-16T00:12:00Z</time>
      </trkpt>
      <trkpt lat="39.26623667683255" lon="118.43925949353994">
        <ele>2.5</ele>
        <time>2026-08-16T00:12:01Z</time>
      </trkpt>
      <trkpt lat="39.266235364653184" lon="118.43923196807707">
        <ele>2.7</ele>
        <time>2026-08-16T00:12:02Z</time>
      </trkpt>
      <trkpt lat="39.266233957013114" lon="118.43920429418594">
        <ele>2.7</ele>
        <time>2026-08-16T00:12:03Z</time>
      </trkpt>
      <trkpt lat="39.26623236766037" lon="118.43917242554592">
        <ele>2.7</ele>
        <time>2026-08-16T00:12:04Z</time>
      </trkpt>
      <trkpt lat="39.26623100243391" lon="118.43914391757681">
        <ele>2.7</ele>
        <time>2026-08-16T00:12:05Z</time>
      </trkpt>
      <trkpt lat="39.26622961555254" lon="118.43911119033983">
        <ele>2.7</ele>
        <time>2026-08-16T00:12:06Z</time>
      </trkpt>
      <trkpt lat="39.2662285451415" lon="118.43908243872797">
        <ele>2.7</ele>
        <time>2026-08-16T00:12:07Z</time>
      </trkpt>
      <trkpt lat="39.26622753958598" lon="118.43905382553719">
        <ele>2.7</ele>
        <time>2026-08-16T00:12:08Z</time>
      </trkpt>
      <trkpt lat="39.26622654008594" lon="118.4390259825724">
        <ele>2.7</ele>
        <time>2026-08-16T00:12:09Z</time>
      </trkpt>
      <trkpt lat="39.266225517345724" lon="118.43899852789319">
        <ele>2.7</ele>
        <time>2026-08-16T00:12:10Z</time>
      </trkpt>
      <trkpt lat="39.26622449659909" lon="118.4389713278676">
        <ele>2.7</ele>
        <time>2026-08-16T00:12:11Z</time>
      </trkpt>
      <trkpt lat="39.26622353212058" lon="118.43894432424611">
        <ele>2.6</ele>
        <time>2026-08-16T00:12:12Z</time>
      </trkpt>
      <trkpt lat="39.26622264125111" lon="118.43891745035862">
        <ele>2.6</ele>
        <time>2026-08-16T00:12:13Z</time>
      </trkpt>
      <trkpt lat="39.26622165839365" lon="118.43888621953685">
        <ele>2.6</ele>
        <time>2026-08-16T00:12:14Z</time>
      </trkpt>
      <trkpt lat="39.26622083995911" lon="118.43885828065925">
        <ele>2.6</ele>
        <time>2026-08-16T00:12:15Z</time>
      </trkpt>
      <trkpt lat="39.26621994539802" lon="118.43882962790818">
        <ele>2.6</ele>
        <time>2026-08-16T00:12:16Z</time>
      </trkpt>
      <trkpt lat="39.26621893002673" lon="118.43880100772962">
        <ele>2.5</ele>
        <time>2026-08-16T00:12:17Z</time>
      </trkpt>
      <trkpt lat="39.26621778393651" lon="118.43877205243507">
        <ele>2.5</ele>
        <time>2026-08-16T00:12:18Z</time>
      </trkpt>
      <trkpt lat="39.26621652995088" lon="118.43874287306902">
        <ele>2.5</ele>
        <time>2026-08-16T00:12:19Z</time>
      </trkpt>
      <trkpt lat="39.26621543733613" lon="118.43871811775443">
        <ele>2.5</ele>
        <time>2026-08-16T00:12:20Z</time>
      </trkpt>
      <trkpt lat="39.2662142115349" lon="118.43868993473565">
        <ele>2.5</ele>
        <time>2026-08-16T00:12:21Z</time>
      </trkpt>
      <trkpt lat="39.26621306150877" lon="118.43866238446938">
        <ele>2.5</ele>
        <time>2026-08-16T00:12:22Z</time>
      </trkpt>
      <trkpt lat="39.266211954794954" lon="118.43863455178793">
        <ele>2.5</ele>
        <time>2026-08-16T00:12:23Z</time>
      </trkpt>
      <trkpt lat="39.26621093457343" lon="118.43860708504171">
        <ele>2.5</ele>
        <time>2026-08-16T00:12:24Z</time>
      </trkpt>
      <trkpt lat="39.26620998518991" lon="118.43857986321242">
        <ele>2.5</ele>
        <time>2026-08-16T00:12:25Z</time>
      </trkpt>
      <trkpt lat="39.26620908085804" lon="118.43855288891798">
        <ele>2.5</ele>
        <time>2026-08-16T00:12:26Z</time>
      </trkpt>
      <trkpt lat="39.266208166516485" lon="118.43852583627839">
        <ele>2.5</ele>
        <time>2026-08-16T00:12:27Z</time>
      </trkpt>
      <trkpt lat="39.26620726328168" lon="118.43849888915251">
        <ele>2.5</ele>
        <time>2026-08-16T00:12:28Z</time>
      </trkpt>
      <trkpt lat="39.26620621689308" lon="118.4384676059603">
        <ele>2.5</ele>
        <time>2026-08-16T00:12:29Z</time>
      </trkpt>
      <trkpt lat="39.26620534733612" lon="118.4384399632286">
        <ele>2.5</ele>
        <time>2026-08-16T00:12:30Z</time>
      </trkpt>
      <trkpt lat="39.266204436469785" lon="118.43841197781938">
        <ele>2.5</ele>
        <time>2026-08-16T00:12:31Z</time>
      </trkpt>
      <trkpt lat="39.26620346010706" lon="118.43838444878816">
        <ele>2.5</ele>
        <time>2026-08-16T00:12:32Z</time>
      </trkpt>
      <trkpt lat="39.266202393605724" lon="118.43835652689322">
        <ele>2.5</ele>
        <time>2026-08-16T00:12:33Z</time>
      </trkpt>
      <trkpt lat="39.26620125956171" lon="118.43832850543232">
        <ele>2.5</ele>
        <time>2026-08-16T00:12:34Z</time>
      </trkpt>
      <trkpt lat="39.26620005986303" lon="118.43830014150458">
        <ele>2.5</ele>
        <time>2026-08-16T00:12:35Z</time>
      </trkpt>
      <trkpt lat="39.26619863223672" lon="118.43826758851687">
        <ele>2.5</ele>
        <time>2026-08-16T00:12:36Z</time>
      </trkpt>
      <trkpt lat="39.266197119476075" lon="118.43823386464852">
        <ele>2.6</ele>
        <time>2026-08-16T00:12:37Z</time>
      </trkpt>
      <trkpt lat="39.26619571230071" lon="118.43820348801943">
        <ele>2.6</ele>
        <time>2026-08-16T00:12:38Z</time>
      </trkpt>
      <trkpt lat="39.26619425544832" lon="118.43817338874089">
        <ele>2.6</ele>
        <time>2026-08-16T00:12:39Z</time>
      </trkpt>
      <trkpt lat="39.26619273221132" lon="118.43814392923927">
        <ele>2.6</ele>
        <time>2026-08-16T00:12:40Z</time>
      </trkpt>
      <trkpt lat="39.266190905708314" lon="118.43811006232993">
        <ele>2.6</ele>
        <time>2026-08-16T00:12:41Z</time>
      </trkpt>
      <trkpt lat="39.26618914540403" lon="118.43807957968454">
        <ele>2.7</ele>
        <time>2026-08-16T00:12:42Z</time>
      </trkpt>
      <trkpt lat="39.26618734919041" lon="118.43804913688585">
        <ele>2.7</ele>
        <time>2026-08-16T00:12:43Z</time>
      </trkpt>
      <trkpt lat="39.26618491444991" lon="118.43801969138053">
        <ele>2.7</ele>
        <time>2026-08-16T00:12:44Z</time>
      </trkpt>
      <trkpt lat="39.2661817692836" lon="118.43798963399821">
        <ele>2.7</ele>
        <time>2026-08-16T00:12:45Z</time>
      </trkpt>
      <trkpt lat="39.26617774662502" lon="118.43795827670864">
        <ele>2.7</ele>
        <time>2026-08-16T00:12:46Z</time>
      </trkpt>
      <trkpt lat="39.26617367292844" lon="118.43792855677">
        <ele>2.7</ele>
        <time>2026-08-16T00:12:47Z</time>
      </trkpt>
      <trkpt lat="39.266170326686854" lon="118.43790018876265">
        <ele>2.7</ele>
        <time>2026-08-16T00:12:48Z</time>
      </trkpt>
      <trkpt lat="39.26616778887753" lon="118.4378705058242">
        <ele>2.7</ele>
        <time>2026-08-16T00:12:49Z</time>
      </trkpt>
      <trkpt lat="39.26616644135288" lon="118.43784346545773">
        <ele>2.7</ele>
        <time>2026-08-16T00:12:50Z</time>
      </trkpt>
      <trkpt lat="39.2661650677969" lon="118.43781196689862">
        <ele>2.7</ele>
        <time>2026-08-16T00:12:51Z</time>
      </trkpt>
      <trkpt lat="39.26616400907743" lon="118.43778346266159">
        <ele>2.7</ele>
        <time>2026-08-16T00:12:52Z</time>
      </trkpt>
      <trkpt lat="39.26616268075585" lon="118.43774970690461">
        <ele>2.7</ele>
        <time>2026-08-16T00:12:53Z</time>
      </trkpt>
      <trkpt lat="39.2661616365393" lon="118.4377196931578">
        <ele>2.7</ele>
        <time>2026-08-16T00:12:54Z</time>
      </trkpt>
      <trkpt lat="39.26616059283616" lon="118.4376891900591">
        <ele>2.7</ele>
        <time>2026-08-16T00:12:55Z</time>
      </trkpt>
      <trkpt lat="39.266159554710576" lon="118.43765922481948">
        <ele>2.7</ele>
        <time>2026-08-16T00:12:56Z</time>
      </trkpt>
      <trkpt lat="39.26615846809714" lon="118.43762945922872">
        <ele>2.7</ele>
        <time>2026-08-16T00:12:57Z</time>
      </trkpt>
      <trkpt lat="39.26615734275142" lon="118.43759964654755">
        <ele>2.7</ele>
        <time>2026-08-16T00:12:58Z</time>
      </trkpt>
      <trkpt lat="39.26615620788004" lon="118.43756996088379">
        <ele>2.7</ele>
        <time>2026-08-16T00:12:59Z</time>
      </trkpt>
      <trkpt lat="39.26615507451193" lon="118.43754042266973">
        <ele>2.7</ele>
        <time>2026-08-16T00:13:00Z</time>
      </trkpt>
      <trkpt lat="39.266153731388826" lon="118.43750692565844">
        <ele>2.7</ele>
        <time>2026-08-16T00:13:01Z</time>
      </trkpt>
      <trkpt lat="39.266152526026346" lon="118.43747706839376">
        <ele>2.6</ele>
        <time>2026-08-16T00:13:02Z</time>
      </trkpt>
      <trkpt lat="39.26615128187913" lon="118.4374469721618">
        <ele>2.6</ele>
        <time>2026-08-16T00:13:03Z</time>
      </trkpt>
      <trkpt lat="39.26615006362511" lon="118.4374176807657">
        <ele>2.6</ele>
        <time>2026-08-16T00:13:04Z</time>
      </trkpt>
      <trkpt lat="39.26614883791133" lon="118.43738889438627">
        <ele>2.6</ele>
        <time>2026-08-16T00:13:05Z</time>
      </trkpt>
      <trkpt lat="39.26614733092545" lon="118.4373563480946">
        <ele>2.6</ele>
        <time>2026-08-16T00:13:06Z</time>
      </trkpt>
      <trkpt lat="39.26614584131953" lon="118.43732748288713">
        <ele>2.6</ele>
        <time>2026-08-16T00:13:07Z</time>
      </trkpt>
      <trkpt lat="39.266143948909495" lon="118.43729389485756">
        <ele>2.6</ele>
        <time>2026-08-16T00:13:08Z</time>
      </trkpt>
      <trkpt lat="39.26614212532978" lon="118.43726427211975">
        <ele>2.6</ele>
        <time>2026-08-16T00:13:09Z</time>
      </trkpt>
      <trkpt lat="39.26614021907948" lon="118.43723430158771">
        <ele>2.6</ele>
        <time>2026-08-16T00:13:10Z</time>
      </trkpt>
      <trkpt lat="39.266138320422634" lon="118.43720488067389">
        <ele>2.6</ele>
        <time>2026-08-16T00:13:11Z</time>
      </trkpt>
      <trkpt lat="39.266136409565476" lon="118.43717515394681">
        <ele>2.6</ele>
        <time>2026-08-16T00:13:12Z</time>
      </trkpt>
      <trkpt lat="39.266134282066645" lon="118.43714101849866">
        <ele>2.6</ele>
        <time>2026-08-16T00:13:13Z</time>
      </trkpt>
      <trkpt lat="39.26613235156987" lon="118.43711019371514">
        <ele>2.6</ele>
        <time>2026-08-16T00:13:14Z</time>
      </trkpt>
      <trkpt lat="39.26613048388249" lon="118.4370793279288">
        <ele>2.6</ele>
        <time>2026-08-16T00:13:15Z</time>
      </trkpt>
      <trkpt lat="39.266128727956804" lon="118.43704894697777">
        <ele>2.6</ele>
        <time>2026-08-16T00:13:16Z</time>
      </trkpt>
      <trkpt lat="39.26612704831115" lon="118.43701877756654">
        <ele>2.6</ele>
        <time>2026-08-16T00:13:17Z</time>
      </trkpt>
      <trkpt lat="39.266125416858" lon="118.43698888456551">
        <ele>2.6</ele>
        <time>2026-08-16T00:13:18Z</time>
      </trkpt>
      <trkpt lat="39.26612378997539" lon="118.43695923581947">
        <ele>2.6</ele>
        <time>2026-08-16T00:13:19Z</time>
      </trkpt>
      <trkpt lat="39.26612215802347" lon="118.4369300917867">
        <ele>2.6</ele>
        <time>2026-08-16T00:13:20Z</time>
      </trkpt>
      <trkpt lat="39.266120224325284" lon="118.43689665948867">
        <ele>2.6</ele>
        <time>2026-08-16T00:13:21Z</time>
      </trkpt>
      <trkpt lat="39.26611838442811" lon="118.43686689676231">
        <ele>2.6</ele>
        <time>2026-08-16T00:13:22Z</time>
      </trkpt>
      <trkpt lat="39.26611621638305" lon="118.43683267710598">
        <ele>2.6</ele>
        <time>2026-08-16T00:13:23Z</time>
      </trkpt>
      <trkpt lat="39.2661142433223" lon="118.43680288902631">
        <ele>2.6</ele>
        <time>2026-08-16T00:13:24Z</time>
      </trkpt>
      <trkpt lat="39.266112074644006" lon="118.43676897490762">
        <ele>2.6</ele>
        <time>2026-08-16T00:13:25Z</time>
      </trkpt>
      <trkpt lat="39.26611017253107" lon="118.4367392269597">
        <ele>2.6</ele>
        <time>2026-08-16T00:13:26Z</time>
      </trkpt>
      <trkpt lat="39.266108303932974" lon="118.43670947971219">
        <ele>2.6</ele>
        <time>2026-08-16T00:13:27Z</time>
      </trkpt>
      <trkpt lat="39.26610647561893" lon="118.43668060435037">
        <ele>2.6</ele>
        <time>2026-08-16T00:13:28Z</time>
      </trkpt>
      <trkpt lat="39.26610464966662" lon="118.43665222095241">
        <ele>2.6</ele>
        <time>2026-08-16T00:13:29Z</time>
      </trkpt>
      <trkpt lat="39.26610283263593" lon="118.43662419956635">
        <ele>2.6</ele>
        <time>2026-08-16T00:13:30Z</time>
      </trkpt>
      <trkpt lat="39.26610109239172" lon="118.43659641964291">
        <ele>2.6</ele>
        <time>2026-08-16T00:13:31Z</time>
      </trkpt>
      <trkpt lat="39.266099475908" lon="118.43656879840324">
        <ele>2.6</ele>
        <time>2026-08-16T00:13:32Z</time>
      </trkpt>
      <trkpt lat="39.26609802791647" lon="118.43654126393615">
        <ele>2.6</ele>
        <time>2026-08-16T00:13:33Z</time>
      </trkpt>
      <trkpt lat="39.2660967280401" lon="118.43651377240464">
        <ele>2.6</ele>
        <time>2026-08-16T00:13:34Z</time>
      </trkpt>
      <trkpt lat="39.26609551569698" lon="118.4364860610253">
        <ele>2.6</ele>
        <time>2026-08-16T00:13:35Z</time>
      </trkpt>
      <trkpt lat="39.26609412337549" lon="118.43645389493845">
        <ele>2.6</ele>
        <time>2026-08-16T00:13:36Z</time>
      </trkpt>
      <trkpt lat="39.266092913979996" lon="118.43642502161511">
        <ele>2.6</ele>
        <time>2026-08-16T00:13:37Z</time>
      </trkpt>
      <trkpt lat="39.26609152282064" lon="118.43639164970396">
        <ele>2.6</ele>
        <time>2026-08-16T00:13:38Z</time>
      </trkpt>
      <trkpt lat="39.266090374161756" lon="118.43636227368579">
        <ele>2.6</ele>
        <time>2026-08-16T00:13:39Z</time>
      </trkpt>
      <trkpt lat="39.26608927414001" lon="118.43633271578858">
        <ele>2.6</ele>
        <time>2026-08-16T00:13:40Z</time>
      </trkpt>
      <trkpt lat="39.26608829034054" lon="118.43630389407996">
        <ele>2.6</ele>
        <time>2026-08-16T00:13:41Z</time>
      </trkpt>
      <trkpt lat="39.26608738430817" lon="118.43627517871845">
        <ele>2.5</ele>
        <time>2026-08-16T00:13:42Z</time>
      </trkpt>
      <trkpt lat="39.26608651873743" lon="118.43624664063121">
        <ele>2.5</ele>
        <time>2026-08-16T00:13:43Z</time>
      </trkpt>
      <trkpt lat="39.266086759827125" lon="118.43621871296588">
        <ele>2.5</ele>
        <time>2026-08-16T00:13:44Z</time>
      </trkpt>
      <trkpt lat="39.26608833844234" lon="118.43619113305606">
        <ele>2.5</ele>
        <time>2026-08-16T00:13:45Z</time>
      </trkpt>
      <trkpt lat="39.266090691119274" lon="118.43616067161402">
        <ele>2.5</ele>
        <time>2026-08-16T00:13:46Z</time>
      </trkpt>
      <trkpt lat="39.26609250746848" lon="118.43613361593688">
        <ele>2.5</ele>
        <time>2026-08-16T00:13:47Z</time>
      </trkpt>
      <trkpt lat="39.26609315887728" lon="118.43610641718249">
        <ele>2.5</ele>
        <time>2026-08-16T00:13:48Z</time>
      </trkpt>
      <trkpt lat="39.266092910359994" lon="118.43607884933617">
        <ele>2.5</ele>
        <time>2026-08-16T00:13:49Z</time>
      </trkpt>
      <trkpt lat="39.26609221851231" lon="118.43605133930765">
        <ele>2.5</ele>
        <time>2026-08-16T00:13:50Z</time>
      </trkpt>
      <trkpt lat="39.26609125518165" lon="118.436024120217">
        <ele>2.5</ele>
        <time>2026-08-16T00:13:51Z</time>
      </trkpt>
      <trkpt lat="39.26609013770483" lon="118.43599703859053">
        <ele>2.6</ele>
        <time>2026-08-16T00:13:52Z</time>
      </trkpt>
      <trkpt lat="39.26608894363722" lon="118.43597010544022">
        <ele>2.6</ele>
        <time>2026-08-16T00:13:53Z</time>
      </trkpt>
      <trkpt lat="39.26608749395284" lon="118.43593892311037">
        <ele>2.6</ele>
        <time>2026-08-16T00:13:54Z</time>
      </trkpt>
      <trkpt lat="39.26608614940089" lon="118.43591126213839">
        <ele>2.6</ele>
        <time>2026-08-16T00:13:55Z</time>
      </trkpt>
      <trkpt lat="39.266084467250444" lon="118.43587902050751">
        <ele>2.6</ele>
        <time>2026-08-16T00:13:56Z</time>
      </trkpt>
      <trkpt lat="39.26608280598534" lon="118.43585077502799">
        <ele>2.6</ele>
        <time>2026-08-16T00:13:57Z</time>
      </trkpt>
      <trkpt lat="39.266080941335254" lon="118.43582201625809">
        <ele>2.6</ele>
        <time>2026-08-16T00:13:58Z</time>
      </trkpt>
      <trkpt lat="39.26607897856522" lon="118.43579381359658">
        <ele>2.6</ele>
        <time>2026-08-16T00:13:59Z</time>
      </trkpt>
      <trkpt lat="39.26607695902094" lon="118.43576552928447">
        <ele>2.6</ele>
        <time>2026-08-16T00:14:00Z</time>
      </trkpt>
      <trkpt lat="39.26607497468467" lon="118.4357375591574">
        <ele>2.6</ele>
        <time>2026-08-16T00:14:01Z</time>
      </trkpt>
      <trkpt lat="39.266073078331324" lon="118.43570969729392">
        <ele>2.6</ele>
        <time>2026-08-16T00:14:02Z</time>
      </trkpt>
      <trkpt lat="39.26607131868229" lon="118.43568178104333">
        <ele>2.6</ele>
        <time>2026-08-16T00:14:03Z</time>
      </trkpt>
      <trkpt lat="39.26606953723126" lon="118.43564956207618">
        <ele>2.6</ele>
        <time>2026-08-16T00:14:04Z</time>
      </trkpt>
      <trkpt lat="39.26606810453528" lon="118.43562056882546">
        <ele>2.6</ele>
        <time>2026-08-16T00:14:05Z</time>
      </trkpt>
      <trkpt lat="39.266066875509914" lon="118.43559156444711">
        <ele>2.6</ele>
        <time>2026-08-16T00:14:06Z</time>
      </trkpt>
      <trkpt lat="39.26606589990537" lon="118.4355632435176">
        <ele>2.4</ele>
        <time>2026-08-16T00:14:07Z</time>
      </trkpt>
      <trkpt lat="39.26606517028754" lon="118.43553537272034">
        <ele>2.4</ele>
        <time>2026-08-16T00:14:08Z</time>
      </trkpt>
      <trkpt lat="39.266064480217274" lon="118.43550344528364">
        <ele>2.4</ele>
        <time>2026-08-16T00:14:09Z</time>
      </trkpt>
      <trkpt lat="39.266064130753946" lon="118.43547517589526">
        <ele>2.4</ele>
        <time>2026-08-16T00:14:10Z</time>
      </trkpt>
      <trkpt lat="39.26606370234431" lon="118.43544221199893">
        <ele>2.4</ele>
        <time>2026-08-16T00:14:11Z</time>
      </trkpt>
      <trkpt lat="39.26606352474663" lon="118.43541332261248">
        <ele>2.4</ele>
        <time>2026-08-16T00:14:12Z</time>
      </trkpt>
      <trkpt lat="39.26606335343383" lon="118.43538423073157">
        <ele>2.4</ele>
        <time>2026-08-16T00:14:13Z</time>
      </trkpt>
      <trkpt lat="39.266063178548265" lon="118.43535610487756">
        <ele>2.4</ele>
        <time>2026-08-16T00:14:14Z</time>
      </trkpt>
      <trkpt lat="39.26606291481353" lon="118.43532811969774">
        <ele>2.4</ele>
        <time>2026-08-16T00:14:15Z</time>
      </trkpt>
      <trkpt lat="39.26606252439447" lon="118.43530035546686">
        <ele>2.4</ele>
        <time>2026-08-16T00:14:16Z</time>
      </trkpt>
      <trkpt lat="39.26606196361907" lon="118.43527267189845">
        <ele>2.4</ele>
        <time>2026-08-16T00:14:17Z</time>
      </trkpt>
      <trkpt lat="39.26606122435398" lon="118.43524511514677">
        <ele>2.4</ele>
        <time>2026-08-16T00:14:18Z</time>
      </trkpt>
      <trkpt lat="39.26606010207122" lon="118.43521330948161">
        <ele>2.4</ele>
        <time>2026-08-16T00:14:19Z</time>
      </trkpt>
      <trkpt lat="39.26605899402842" lon="118.43518505802163">
        <ele>2.4</ele>
        <time>2026-08-16T00:14:20Z</time>
      </trkpt>
      <trkpt lat="39.266057759091694" lon="118.4351566349342">
        <ele>2.4</ele>
        <time>2026-08-16T00:14:21Z</time>
      </trkpt>
      <trkpt lat="39.26605642965436" lon="118.43512885423533">
        <ele>2.4</ele>
        <time>2026-08-16T00:14:22Z</time>
      </trkpt>
      <trkpt lat="39.26605497093546" lon="118.43510091699122">
        <ele>2.4</ele>
        <time>2026-08-16T00:14:23Z</time>
      </trkpt>
      <trkpt lat="39.266053392201" lon="118.43507306219611">
        <ele>2.4</ele>
        <time>2026-08-16T00:14:24Z</time>
      </trkpt>
      <trkpt lat="39.266051905596555" lon="118.43504955410114">
        <ele>2.4</ele>
        <time>2026-08-16T00:14:25Z</time>
      </trkpt>
      <trkpt lat="39.26605037243955" lon="118.43502725504506">
        <ele>2.4</ele>
        <time>2026-08-16T00:14:26Z</time>
      </trkpt>
      <trkpt lat="39.266048567964624" lon="118.43500187303414">
        <ele>2.4</ele>
        <time>2026-08-16T00:14:27Z</time>
      </trkpt>
      <trkpt lat="39.266046647729546" lon="118.43497624367309">
        <ele>2.4</ele>
        <time>2026-08-16T00:14:28Z</time>
      </trkpt>
      <trkpt lat="39.266044562287156" lon="118.43494979907234">
        <ele>2.4</ele>
        <time>2026-08-16T00:14:29Z</time>
      </trkpt>
      <trkpt lat="39.26604237997997" lon="118.43492321167653">
        <ele>2.4</ele>
        <time>2026-08-16T00:14:30Z</time>
      </trkpt>
      <trkpt lat="39.266040177431755" lon="118.43489652856519">
        <ele>2.4</ele>
        <time>2026-08-16T00:14:31Z</time>
      </trkpt>
      <trkpt lat="39.26603780523401" lon="118.43486567028555">
        <ele>2.4</ele>
        <time>2026-08-16T00:14:32Z</time>
      </trkpt>
      <trkpt lat="39.26603570707976" lon="118.43483817021102">
        <ele>2.4</ele>
        <time>2026-08-16T00:14:33Z</time>
      </trkpt>
      <trkpt lat="39.266033716923424" lon="118.4348102628249">
        <ele>2.4</ele>
        <time>2026-08-16T00:14:34Z</time>
      </trkpt>
      <trkpt lat="39.266031743727865" lon="118.43478451515348">
        <ele>2.4</ele>
        <time>2026-08-16T00:14:35Z</time>
      </trkpt>
      <trkpt lat="39.26602991265069" lon="118.43475869447325">
        <ele>2.4</ele>
        <time>2026-08-16T00:14:36Z</time>
      </trkpt>
      <trkpt lat="39.26602805808958" lon="118.43473246989693">
        <ele>2.4</ele>
        <time>2026-08-16T00:14:37Z</time>
      </trkpt>
      <trkpt lat="39.26602595864389" lon="118.43470589056695">
        <ele>2.4</ele>
        <time>2026-08-16T00:14:38Z</time>
      </trkpt>
      <trkpt lat="39.26602348678431" lon="118.43467838787598">
        <ele>2.4</ele>
        <time>2026-08-16T00:14:39Z</time>
      </trkpt>
      <trkpt lat="39.26602101731586" lon="118.4346511969233">
        <ele>2.4</ele>
        <time>2026-08-16T00:14:40Z</time>
      </trkpt>
      <trkpt lat="39.26601937064748" lon="118.4346263909646">
        <ele>2.4</ele>
        <time>2026-08-16T00:14:41Z</time>
      </trkpt>
      <trkpt lat="39.266018428681576" lon="118.43459988933263">
        <ele>2.5</ele>
        <time>2026-08-16T00:14:42Z</time>
      </trkpt>
      <trkpt lat="39.26601792326497" lon="118.4345739948147">
        <ele>2.5</ele>
        <time>2026-08-16T00:14:43Z</time>
      </trkpt>
      <trkpt lat="39.26601760930457" lon="118.43454487217036">
        <ele>2.5</ele>
        <time>2026-08-16T00:14:44Z</time>
      </trkpt>
      <trkpt lat="39.26601729342535" lon="118.43451741702972">
        <ele>2.5</ele>
        <time>2026-08-16T00:14:45Z</time>
      </trkpt>
      <trkpt lat="39.266016997481636" lon="118.43448843775127">
        <ele>2.5</ele>
        <time>2026-08-16T00:14:46Z</time>
      </trkpt>
      <trkpt lat="39.26601660831378" lon="118.43446277964344">
        <ele>2.5</ele>
        <time>2026-08-16T00:14:47Z</time>
      </trkpt>
      <trkpt lat="39.266016176476256" lon="118.43443476887998">
        <ele>2.5</ele>
        <time>2026-08-16T00:14:48Z</time>
      </trkpt>
      <trkpt lat="39.266015676006326" lon="118.4344082164868">
        <ele>2.5</ele>
        <time>2026-08-16T00:14:49Z</time>
      </trkpt>
      <trkpt lat="39.26601498917353" lon="118.43438044267658">
        <ele>2.5</ele>
        <time>2026-08-16T00:14:50Z</time>
      </trkpt>
      <trkpt lat="39.26601401475722" lon="118.43435231835426">
        <ele>2.5</ele>
        <time>2026-08-16T00:14:51Z</time>
      </trkpt>
      <trkpt lat="39.266013051110015" lon="118.4343227838553">
        <ele>2.4</ele>
        <time>2026-08-16T00:14:52Z</time>
      </trkpt>
      <trkpt lat="39.26601243739016" lon="118.43429308221778">
        <ele>2.4</ele>
        <time>2026-08-16T00:14:53Z</time>
      </trkpt>
      <trkpt lat="39.26601229863839" lon="118.43426372639335">
        <ele>2.4</ele>
        <time>2026-08-16T00:14:54Z</time>
      </trkpt>
      <trkpt lat="39.26601237383272" lon="118.43423482188322">
        <ele>2.4</ele>
        <time>2026-08-16T00:14:55Z</time>
      </trkpt>
      <trkpt lat="39.2660126876573" lon="118.43420349973863">
        <ele>2.4</ele>
        <time>2026-08-16T00:14:56Z</time>
      </trkpt>
      <trkpt lat="39.26601296554657" lon="118.43417466164601">
        <ele>2.4</ele>
        <time>2026-08-16T00:14:57Z</time>
      </trkpt>
      <trkpt lat="39.26601248244223" lon="118.4341421039304">
        <ele>2.4</ele>
        <time>2026-08-16T00:14:58Z</time>
      </trkpt>
      <trkpt lat="39.26601110110816" lon="118.43411156589279">
        <ele>2.4</ele>
        <time>2026-08-16T00:14:59Z</time>
      </trkpt>
      <trkpt lat="39.26600889342069" lon="118.43408149582238">
        <ele>2.4</ele>
        <time>2026-08-16T00:15:00Z</time>
      </trkpt>
      <trkpt lat="39.26600707930379" lon="118.43405604580681">
        <ele>2.4</ele>
        <time>2026-08-16T00:15:01Z</time>
      </trkpt>
      <trkpt lat="39.266006083533824" lon="118.43404391294274">
        <ele>0</ele>
        <time>2026-08-16T00:15:02Z</time>
      </trkpt>
    </trkseg>
  </trk>
</gpx>